Set parameter Username
Set parameter LicenseID to value 2826524
Academic license - for non-commercial use only - expires 2027-05-22
Set parameter Username
Set parameter LicenseID to value 2826524
Academic license - for non-commercial use only - expires 2027-05-22
Set parameter Username
Set parameter LicenseID to value 2826524
Academic license - for non-commercial use only - expires 2027-05-22
Set parameter Username
Set parameter LicenseID to value 2826524
Academic license - for non-commercial use only - expires 2027-05-22
Set parameter Username
Set parameter LicenseID to value 2826524
Academic license - for non-commercial use only - expires 2027-05-22
Set parameter Username
Set parameter LicenseID to value 2826524
Academic license - for non-commercial use only - expires 2027-05-22
Set parameter Username
Set parameter LicenseID to value 2826524
Academic license - for non-commercial use only - expires 2027-05-22
Set parameter Username
Set parameter LicenseID to value 2826524
Academic license - for non-commercial use only - expires 2027-05-22
Set parameter Username
Set parameter LicenseID to value 2826524
Academic license - for non-commercial use only - expires 2027-05-22
Set parameter Username
Set parameter LicenseID to value 2826524
Academic license - for non-commercial use only - expires 2027-05-22
Set parameter Username
Set parameter LicenseID to value 2826524
Academic license - for non-commercial use only - expires 2027-05-22
Set parameter Username
Set parameter LicenseID to value 2826524
Academic license - for non-commercial use only - expires 2027-05-22
Set parameter Username
Set parameter LicenseID to value 2826524
Academic license - for non-commercial use only - expires 2027-05-22
Set parameter Username
Set parameter LicenseID to value 2826524
Academic license - for non-commercial use only - expires 2027-05-22
Set parameter Username
Set parameter LicenseID to value 2826524
Academic license - for non-commercial use only - expires 2027-05-22
Set parameter Username
Set parameter LicenseID to value 2826524
Academic license - for non-commercial use only - expires 2027-05-22
Set parameter Username
Set parameter LicenseID to value 2826524
Academic license - for non-commercial use only - expires 2027-05-22
Set parameter Username
Set parameter LicenseID to value 2826524
Academic license - for non-commercial use only - expires 2027-05-22
Set parameter Username
Set parameter LicenseID to value 2826524
Academic license - for non-commercial use only - expires 2027-05-22
Set parameter Username
Set parameter LicenseID to value 2826524
Academic license - for non-commercial use only - expires 2027-05-22
Set parameter Username
Set parameter LicenseID to value 2826524
Academic license - for non-commercial use only - expires 2027-05-22
Set parameter Username
Set parameter LicenseID to value 2826524
Academic license - for non-commercial use only - expires 2027-05-22
Set parameter Username
Set parameter LicenseID to value 2826524
Academic license - for non-commercial use only - expires 2027-05-22
Set parameter Username
Set parameter LicenseID to value 2826524
Academic license - for non-commercial use only - expires 2027-05-22
Set parameter Username
Set parameter LicenseID to value 2826524
Academic license - for non-commercial use only - expires 2027-05-22
Set parameter Username
Set parameter LicenseID to value 2826524
Academic license - for non-commercial use only - expires 2027-05-22
Set parameter Username
Set parameter LicenseID to value 2826524
Academic license - for non-commercial use only - expires 2027-05-22
Set parameter Username
Set parameter LicenseID to value 2826524
Academic license - for non-commercial use only - expires 2027-05-22
Set parameter Username
Set parameter LicenseID to value 2826524
Academic license - for non-commercial use only - expires 2027-05-22
Set parameter Username
Set parameter LicenseID to value 2826524
Academic license - for non-commercial use only - expires 2027-05-22
Set parameter Username
Set parameter LicenseID to value 2826524
Academic license - for non-commercial use only - expires 2027-05-22
Set parameter Username
Set parameter LicenseID to value 2826524
Academic license - for non-commercial use only - expires 2027-05-22
Set parameter Username
Set parameter LicenseID to value 2826524
Academic license - for non-commercial use only - expires 2027-05-22
Set parameter Username
Set parameter LicenseID to value 2826524
Academic license - for non-commercial use only - expires 2027-05-22
Set parameter Username
Set parameter LicenseID to value 2826524
Academic license - for non-commercial use only - expires 2027-05-22
Set parameter Username
Set parameter LicenseID to value 2826524
Academic license - for non-commercial use only - expires 2027-05-22
Set parameter Username
Set parameter LicenseID to value 2826524
Academic license - for non-commercial use only - expires 2027-05-22
Set parameter Username
Set parameter LicenseID to value 2826524
Academic license - for non-commercial use only - expires 2027-05-22
Set parameter Username
Set parameter LicenseID to value 2826524
Academic license - for non-commercial use only - expires 2027-05-22
Set parameter Username
Set parameter LicenseID to value 2826524
Academic license - for non-commercial use only - expires 2027-05-22
Set parameter Username
Set parameter LicenseID to value 2826524
Academic license - for non-commercial use only - expires 2027-05-22
Set parameter Username
Set parameter LicenseID to value 2826524
Academic license - for non-commercial use only - expires 2027-05-22
Set parameter Username
Set parameter LicenseID to value 2826524
Academic license - for non-commercial use only - expires 2027-05-22
Set parameter Username
Set parameter LicenseID to value 2826524
Academic license - for non-commercial use only - expires 2027-05-22
Set parameter Username
Set parameter LicenseID to value 2826524
Academic license - for non-commercial use only - expires 2027-05-22
Set parameter Username
Set parameter LicenseID to value 2826524
Academic license - for non-commercial use only - expires 2027-05-22
Set parameter Username
Set parameter LicenseID to value 2826524
Academic license - for non-commercial use only - expires 2027-05-22
Set parameter Username
Set parameter LicenseID to value 2826524
Academic license - for non-commercial use only - expires 2027-05-22
Set parameter Username
Set parameter LicenseID to value 2826524
Academic license - for non-commercial use only - expires 2027-05-22
Set parameter Username
Set parameter LicenseID to value 2826524
Academic license - for non-commercial use only - expires 2027-05-22
Set parameter Username
Set parameter LicenseID to value 2826524
Academic license - for non-commercial use only - expires 2027-05-22
Set parameter Username
Set parameter LicenseID to value 2826524
Academic license - for non-commercial use only - expires 2027-05-22
Set parameter Username
Set parameter LicenseID to value 2826524
Academic license - for non-commercial use only - expires 2027-05-22
Set parameter Username
Set parameter LicenseID to value 2826524
Academic license - for non-commercial use only - expires 2027-05-22
Set parameter Username
Set parameter LicenseID to value 2826524
Academic license - for non-commercial use only - expires 2027-05-22
Set parameter Username
Set parameter LicenseID to value 2826524
Academic license - for non-commercial use only - expires 2027-05-22
Set parameter Username
Set parameter LicenseID to value 2826524
Academic license - for non-commercial use only - expires 2027-05-22
Set parameter Username
Set parameter LicenseID to value 2826524
Academic license - for non-commercial use only - expires 2027-05-22
Set parameter Username
Set parameter LicenseID to value 2826524
Academic license - for non-commercial use only - expires 2027-05-22
Set parameter Username
Set parameter LicenseID to value 2826524
Academic license - for non-commercial use only - expires 2027-05-22
Set parameter Username
Set parameter LicenseID to value 2826524
Academic license - for non-commercial use only - expires 2027-05-22
Set parameter Username
Set parameter LicenseID to value 2826524
Academic license - for non-commercial use only - expires 2027-05-22
Set parameter Username
Set parameter LicenseID to value 2826524
Academic license - for non-commercial use only - expires 2027-05-22
Set parameter Username
Set parameter LicenseID to value 2826524
Academic license - for non-commercial use only - expires 2027-05-22
Set parameter Username
Set parameter LicenseID to value 2826524
Academic license - for non-commercial use only - expires 2027-05-22
Set parameter Username
Set parameter LicenseID to value 2826524
Academic license - for non-commercial use only - expires 2027-05-22
Set parameter Username
Set parameter LicenseID to value 2826524
Academic license - for non-commercial use only - expires 2027-05-22
Set parameter Username
Set parameter LicenseID to value 2826524
Academic license - for non-commercial use only - expires 2027-05-22
Set parameter Username
Set parameter LicenseID to value 2826524
Academic license - for non-commercial use only - expires 2027-05-22
Set parameter Username
Set parameter LicenseID to value 2826524
Academic license - for non-commercial use only - expires 2027-05-22
Set parameter Username
Set parameter LicenseID to value 2826524
Academic license - for non-commercial use only - expires 2027-05-22
Set parameter Username
Set parameter LicenseID to value 2826524
Academic license - for non-commercial use only - expires 2027-05-22
Set parameter Username
Set parameter LicenseID to value 2826524
Academic license - for non-commercial use only - expires 2027-05-22
Set parameter Username
Set parameter LicenseID to value 2826524
Academic license - for non-commercial use only - expires 2027-05-22
Set parameter Username
Set parameter LicenseID to value 2826524
Academic license - for non-commercial use only - expires 2027-05-22
Set parameter Username
Set parameter LicenseID to value 2826524
Academic license - for non-commercial use only - expires 2027-05-22
Set parameter Username
Set parameter LicenseID to value 2826524
Academic license - for non-commercial use only - expires 2027-05-22
Set parameter Username
Set parameter LicenseID to value 2826524
Academic license - for non-commercial use only - expires 2027-05-22
Set parameter Username
Set parameter LicenseID to value 2826524
Academic license - for non-commercial use only - expires 2027-05-22
Set parameter Username
Set parameter LicenseID to value 2826524
Academic license - for non-commercial use only - expires 2027-05-22
Set parameter Username
Set parameter LicenseID to value 2826524
Academic license - for non-commercial use only - expires 2027-05-22
Set parameter Username
Set parameter LicenseID to value 2826524
Academic license - for non-commercial use only - expires 2027-05-22
Set parameter Username
Set parameter LicenseID to value 2826524
Academic license - for non-commercial use only - expires 2027-05-22
Set parameter Username
Set parameter LicenseID to value 2826524
Academic license - for non-commercial use only - expires 2027-05-22
Set parameter Username
Set parameter LicenseID to value 2826524
Academic license - for non-commercial use only - expires 2027-05-22
Set parameter Username
Set parameter LicenseID to value 2826524
Academic license - for non-commercial use only - expires 2027-05-22
Set parameter Username
Set parameter LicenseID to value 2826524
Academic license - for non-commercial use only - expires 2027-05-22
Set parameter Username
Set parameter LicenseID to value 2826524
Academic license - for non-commercial use only - expires 2027-05-22
Set parameter Username
Set parameter LicenseID to value 2826524
Academic license - for non-commercial use only - expires 2027-05-22
Set parameter Username
Set parameter LicenseID to value 2826524
Academic license - for non-commercial use only - expires 2027-05-22
Set parameter Username
Set parameter LicenseID to value 2826524
Academic license - for non-commercial use only - expires 2027-05-22
Set parameter Username
Set parameter LicenseID to value 2826524
Academic license - for non-commercial use only - expires 2027-05-22
Set parameter Username
Set parameter LicenseID to value 2826524
Academic license - for non-commercial use only - expires 2027-05-22
Set parameter Username
Set parameter LicenseID to value 2826524
Academic license - for non-commercial use only - expires 2027-05-22
Set parameter Username
Set parameter LicenseID to value 2826524
Academic license - for non-commercial use only - expires 2027-05-22
Set parameter Username
Set parameter LicenseID to value 2826524
Academic license - for non-commercial use only - expires 2027-05-22
Set parameter Username
Set parameter LicenseID to value 2826524
Academic license - for non-commercial use only - expires 2027-05-22
Set parameter Username
Set parameter LicenseID to value 2826524
Academic license - for non-commercial use only - expires 2027-05-22
Set parameter Username
Set parameter LicenseID to value 2826524
Academic license - for non-commercial use only - expires 2027-05-22
Set parameter Username
Set parameter LicenseID to value 2826524
Academic license - for non-commercial use only - expires 2027-05-22
Set parameter Username
Set parameter LicenseID to value 2826524
Academic license - for non-commercial use only - expires 2027-05-22
Set parameter Username
Set parameter LicenseID to value 2826524
Academic license - for non-commercial use only - expires 2027-05-22
Set parameter Username
Set parameter LicenseID to value 2826524
Academic license - for non-commercial use only - expires 2027-05-22
Set parameter Username
Set parameter LicenseID to value 2826524
Academic license - for non-commercial use only - expires 2027-05-22
Set parameter Username
Set parameter LicenseID to value 2826524
Academic license - for non-commercial use only - expires 2027-05-22
Set parameter Username
Set parameter LicenseID to value 2826524
Academic license - for non-commercial use only - expires 2027-05-22
Set parameter Username
Set parameter LicenseID to value 2826524
Academic license - for non-commercial use only - expires 2027-05-22
Set parameter Username
Set parameter LicenseID to value 2826524
Academic license - for non-commercial use only - expires 2027-05-22
Set parameter Username
Set parameter LicenseID to value 2826524
Academic license - for non-commercial use only - expires 2027-05-22
Set parameter Username
Set parameter LicenseID to value 2826524
Academic license - for non-commercial use only - expires 2027-05-22
Set parameter Username
Set parameter LicenseID to value 2826524
Academic license - for non-commercial use only - expires 2027-05-22
Set parameter Username
Set parameter LicenseID to value 2826524
Academic license - for non-commercial use only - expires 2027-05-22
Set parameter Username
Set parameter LicenseID to value 2826524
Academic license - for non-commercial use only - expires 2027-05-22
Set parameter Username
Set parameter LicenseID to value 2826524
Academic license - for non-commercial use only - expires 2027-05-22
Set parameter Username
Set parameter LicenseID to value 2826524
Academic license - for non-commercial use only - expires 2027-05-22
Set parameter Username
Set parameter LicenseID to value 2826524
Academic license - for non-commercial use only - expires 2027-05-22
Set parameter Username
Set parameter LicenseID to value 2826524
Academic license - for non-commercial use only - expires 2027-05-22
Set parameter Username
Set parameter LicenseID to value 2826524
Academic license - for non-commercial use only - expires 2027-05-22
Set parameter Username
Set parameter LicenseID to value 2826524
Academic license - for non-commercial use only - expires 2027-05-22
Set parameter Username
Set parameter LicenseID to value 2826524
Academic license - for non-commercial use only - expires 2027-05-22
Set parameter Username
Set parameter LicenseID to value 2826524
Academic license - for non-commercial use only - expires 2027-05-22
Set parameter Username
Set parameter LicenseID to value 2826524
Academic license - for non-commercial use only - expires 2027-05-22
Set parameter Username
Set parameter LicenseID to value 2826524
Academic license - for non-commercial use only - expires 2027-05-22
Set parameter Username
Set parameter LicenseID to value 2826524
Academic license - for non-commercial use only - expires 2027-05-22
Set parameter Username
Set parameter LicenseID to value 2826524
Academic license - for non-commercial use only - expires 2027-05-22
Set parameter Username
Set parameter LicenseID to value 2826524
Academic license - for non-commercial use only - expires 2027-05-22
Set parameter Username
Set parameter LicenseID to value 2826524
Academic license - for non-commercial use only - expires 2027-05-22
Set parameter Username
Set parameter LicenseID to value 2826524
Academic license - for non-commercial use only - expires 2027-05-22
Set parameter Username
Set parameter LicenseID to value 2826524
Academic license - for non-commercial use only - expires 2027-05-22
Set parameter Username
Set parameter LicenseID to value 2826524
Academic license - for non-commercial use only - expires 2027-05-22
Set parameter Username
Set parameter LicenseID to value 2826524
Academic license - for non-commercial use only - expires 2027-05-22
Set parameter Username
Set parameter LicenseID to value 2826524
Academic license - for non-commercial use only - expires 2027-05-22
Set parameter Username
Set parameter LicenseID to value 2826524
Academic license - for non-commercial use only - expires 2027-05-22
Set parameter Username
Set parameter LicenseID to value 2826524
Academic license - for non-commercial use only - expires 2027-05-22
Set parameter Username
Set parameter LicenseID to value 2826524
Academic license - for non-commercial use only - expires 2027-05-22
Set parameter Username
Set parameter LicenseID to value 2826524
Academic license - for non-commercial use only - expires 2027-05-22
Set parameter Username
Set parameter LicenseID to value 2826524
Academic license - for non-commercial use only - expires 2027-05-22
Set parameter Username
Set parameter LicenseID to value 2826524
Academic license - for non-commercial use only - expires 2027-05-22
Set parameter Username
Set parameter LicenseID to value 2826524
Academic license - for non-commercial use only - expires 2027-05-22
Set parameter Username
Set parameter LicenseID to value 2826524
Academic license - for non-commercial use only - expires 2027-05-22
Set parameter Username
Set parameter LicenseID to value 2826524
Academic license - for non-commercial use only - expires 2027-05-22
Set parameter Username
Set parameter LicenseID to value 2826524
Academic license - for non-commercial use only - expires 2027-05-22
Set parameter Username
Set parameter LicenseID to value 2826524
Academic license - for non-commercial use only - expires 2027-05-22
Set parameter Username
Set parameter LicenseID to value 2826524
Academic license - for non-commercial use only - expires 2027-05-22
Set parameter Username
Set parameter LicenseID to value 2826524
Academic license - for non-commercial use only - expires 2027-05-22
Set parameter Username
Set parameter LicenseID to value 2826524
Academic license - for non-commercial use only - expires 2027-05-22
Set parameter Username
Set parameter LicenseID to value 2826524
Academic license - for non-commercial use only - expires 2027-05-22
Set parameter Username
Set parameter LicenseID to value 2826524
Academic license - for non-commercial use only - expires 2027-05-22
Set parameter Username
Set parameter LicenseID to value 2826524
Academic license - for non-commercial use only - expires 2027-05-22
Set parameter Username
Set parameter LicenseID to value 2826524
Academic license - for non-commercial use only - expires 2027-05-22
Set parameter Username
Set parameter LicenseID to value 2826524
Academic license - for non-commercial use only - expires 2027-05-22
Set parameter Username
Set parameter LicenseID to value 2826524
Academic license - for non-commercial use only - expires 2027-05-22
Set parameter Username
Set parameter LicenseID to value 2826524
Academic license - for non-commercial use only - expires 2027-05-22
Set parameter Username
Set parameter LicenseID to value 2826524
Academic license - for non-commercial use only - expires 2027-05-22
Set parameter Username
Set parameter LicenseID to value 2826524
Academic license - for non-commercial use only - expires 2027-05-22
Set parameter Username
Set parameter LicenseID to value 2826524
Academic license - for non-commercial use only - expires 2027-05-22
Set parameter Username
Set parameter LicenseID to value 2826524
Academic license - for non-commercial use only - expires 2027-05-22
Set parameter Username
Set parameter LicenseID to value 2826524
Academic license - for non-commercial use only - expires 2027-05-22
Set parameter Username
Set parameter LicenseID to value 2826524
Academic license - for non-commercial use only - expires 2027-05-22
Set parameter Username
Set parameter LicenseID to value 2826524
Academic license - for non-commercial use only - expires 2027-05-22
Set parameter Username
Set parameter LicenseID to value 2826524
Academic license - for non-commercial use only - expires 2027-05-22
Set parameter Username
Set parameter LicenseID to value 2826524
Academic license - for non-commercial use only - expires 2027-05-22
Set parameter Username
Set parameter LicenseID to value 2826524
Academic license - for non-commercial use only - expires 2027-05-22
Set parameter Username
Set parameter LicenseID to value 2826524
Academic license - for non-commercial use only - expires 2027-05-22
Set parameter Username
Set parameter LicenseID to value 2826524
Academic license - for non-commercial use only - expires 2027-05-22
Set parameter Username
Set parameter LicenseID to value 2826524
Academic license - for non-commercial use only - expires 2027-05-22
Set parameter Username
Set parameter LicenseID to value 2826524
Academic license - for non-commercial use only - expires 2027-05-22
Set parameter Username
Set parameter LicenseID to value 2826524
Academic license - for non-commercial use only - expires 2027-05-22
Set parameter Username
Set parameter LicenseID to value 2826524
Academic license - for non-commercial use only - expires 2027-05-22
Set parameter Username
Set parameter LicenseID to value 2826524
Academic license - for non-commercial use only - expires 2027-05-22
Set parameter Username
Set parameter LicenseID to value 2826524
Academic license - for non-commercial use only - expires 2027-05-22
Set parameter Username
Set parameter LicenseID to value 2826524
Academic license - for non-commercial use only - expires 2027-05-22
Set parameter Username
Set parameter LicenseID to value 2826524
Academic license - for non-commercial use only - expires 2027-05-22
Set parameter Username
Set parameter LicenseID to value 2826524
Academic license - for non-commercial use only - expires 2027-05-22
Set parameter Username
Set parameter LicenseID to value 2826524
Academic license - for non-commercial use only - expires 2027-05-22
Set parameter Username
Set parameter LicenseID to value 2826524
Academic license - for non-commercial use only - expires 2027-05-22
Set parameter Username
Set parameter LicenseID to value 2826524
Academic license - for non-commercial use only - expires 2027-05-22
Set parameter Username
Set parameter LicenseID to value 2826524
Academic license - for non-commercial use only - expires 2027-05-22
Set parameter Username
Set parameter LicenseID to value 2826524
Academic license - for non-commercial use only - expires 2027-05-22
Set parameter Username
Set parameter LicenseID to value 2826524
Academic license - for non-commercial use only - expires 2027-05-22
Set parameter Username
Set parameter LicenseID to value 2826524
Academic license - for non-commercial use only - expires 2027-05-22
	→ The renewable energy scenarios module loaded.
	→ Input data module loaded and ready for UC modeling.
	→ The [JULIA] environment_config has been loaded.
	→ Constraint modules included and functions exported.
	→ Objective functions module loaded and exported.
	→ Utility functions module loaded and exported.
	→ all boundary conditions validated.

================================================================================
RUNNING CLUSTERED ADAPTIVE OVERLAP WINDOW PCM SIMULATION
================================================================================

Reading project input data...
Step-1: Loading packages and functions...
  Reading data from: D:\GithubClonefiles\module_unitcommitment\.worktrees\108_168h\data\data_118_clustered_pcm.xlsx
  Reading frequency parameters...
  Reading energy storage system data...
  Reading generator, network, and load data...
  Reading data center data...
  Reading hydroelectric power data...
  ✓ All data successfully loaded from Excel file.
Step-2: imput data are loaded
  PCM load profile: smooth
  PCM random seed: 20260809
  Training case signature: 7b98bbc62ad076eb0d7cf75a09f3649cb18ea5b2d6128947a28e3a1048db8ab5
  Training cache: MISS (insufficient data -> sampling training will be conducted)
  Load curve horizon used: 180 h
  Wind scenario horizon used: 180 h
  Steady-state overlap mode: ml_prediction
  ML cache miss: sampling and training clustered steady-state overlap model before PCM simulation...

================================================================================
SAMPLING AND CALIBRATING ACCURACY LOSS MAPPING MODEL...
================================================================================
Step-3: Creating dispatching model (Refactored & Modularized)
  Clustered PCM: 108 physical units -> 31 equivalent units (71.3% state reduction; 108 units in non-singleton clusters)
  ✓ True clustered UC completed (31 virtual units)
Step-3: Creating dispatching model (Refactored & Modularized)
  Clustered PCM: 108 physical units -> 31 equivalent units (71.3% state reduction; 108 units in non-singleton clusters)
  ✓ True clustered UC completed (31 virtual units)
PART1: [unit-commitment] calculation result has been saved to: D:\GithubClonefiles\module_unitcommitment\.worktrees\108_168h\output\pcm_com4_loadall_h168_20260823_210543\smooth\clu_ovl\r01\output/details_schedule_results/pcm_simulation_results/intervels_[1]/res_schedule_commitment_result.txt
Step-3: Creating dispatching model (Refactored & Modularized)
  Clustered PCM: 108 physical units -> 31 equivalent units (71.3% state reduction; 108 units in non-singleton clusters)
  ✓ True clustered UC completed (31 virtual units)
PART1: [unit-commitment] calculation result has been saved to: D:\GithubClonefiles\module_unitcommitment\.worktrees\108_168h\output\pcm_com4_loadall_h168_20260823_210543\smooth\clu_ovl\r01\output/details_schedule_results/pcm_simulation_results/intervels_[1]/res_schedule_commitment_result.txt
Step-3: Creating dispatching model (Refactored & Modularized)
  Clustered PCM: 108 physical units -> 31 equivalent units (71.3% state reduction; 108 units in non-singleton clusters)
  ✓ True clustered UC completed (31 virtual units)
PART1: [unit-commitment] calculation result has been saved to: D:\GithubClonefiles\module_unitcommitment\.worktrees\108_168h\output\pcm_com4_loadall_h168_20260823_210543\smooth\clu_ovl\r01\output/details_schedule_results/pcm_simulation_results/intervels_[1]/res_schedule_commitment_result.txt
PART1: [unit-commitment] calculation result has been saved to: D:\GithubClonefiles\module_unitcommitment\.worktrees\108_168h\output\pcm_com4_loadall_h168_20260823_210543\smooth\clu_ovl\r01\output/details_schedule_results/pcm_simulation_results/intervels_[1]/res_schedule_commitment_result.txt
Step-3: Creating dispatching model (Refactored & Modularized)
  Clustered PCM: 108 physical units -> 31 equivalent units (71.3% state reduction; 108 units in non-singleton clusters)
  ✓ True clustered UC completed (31 virtual units)
Step-3: Creating dispatching model (Refactored & Modularized)
  Clustered PCM: 108 physical units -> 31 equivalent units (71.3% state reduction; 108 units in non-singleton clusters)
  ✓ True clustered UC completed (31 virtual units)
PART1: [unit-commitment] calculation result has been saved to: D:\GithubClonefiles\module_unitcommitment\.worktrees\108_168h\output\pcm_com4_loadall_h168_20260823_210543\smooth\clu_ovl\r01\output/details_schedule_results/pcm_simulation_results/intervels_[1]/res_schedule_commitment_result.txt
Step-3: Creating dispatching model (Refactored & Modularized)
  Clustered PCM: 108 physical units -> 31 equivalent units (71.3% state reduction; 108 units in non-singleton clusters)
  ✓ True clustered UC completed (31 virtual units)
PART1: [unit-commitment] calculation result has been saved to: D:\GithubClonefiles\module_unitcommitment\.worktrees\108_168h\output\pcm_com4_loadall_h168_20260823_210543\smooth\clu_ovl\r01\output/details_schedule_results/pcm_simulation_results/intervels_[1]/res_schedule_commitment_result.txt
Step-3: Creating dispatching model (Refactored & Modularized)
  Clustered PCM: 108 physical units -> 31 equivalent units (71.3% state reduction; 108 units in non-singleton clusters)
  ✓ True clustered UC completed (31 virtual units)
PART1: [unit-commitment] calculation result has been saved to: D:\GithubClonefiles\module_unitcommitment\.worktrees\108_168h\output\pcm_com4_loadall_h168_20260823_210543\smooth\clu_ovl\r01\output/details_schedule_results/pcm_simulation_results/intervels_[1]/res_schedule_commitment_result.txt
PART1: [unit-commitment] calculation result has been saved to: D:\GithubClonefiles\module_unitcommitment\.worktrees\108_168h\output\pcm_com4_loadall_h168_20260823_210543\smooth\clu_ovl\r01\output/details_schedule_results/pcm_simulation_results/intervels_[1]/res_schedule_commitment_result.txt
Step-3: Creating dispatching model (Refactored & Modularized)
  Clustered PCM: 108 physical units -> 31 equivalent units (71.3% state reduction; 108 units in non-singleton clusters)
  ✓ True clustered UC completed (31 virtual units)
Step-3: Creating dispatching model (Refactored & Modularized)
  Clustered PCM: 108 physical units -> 31 equivalent units (71.3% state reduction; 108 units in non-singleton clusters)
  ✓ True clustered UC completed (31 virtual units)
PART1: [unit-commitment] calculation result has been saved to: D:\GithubClonefiles\module_unitcommitment\.worktrees\108_168h\output\pcm_com4_loadall_h168_20260823_210543\smooth\clu_ovl\r01\output/details_schedule_results/pcm_simulation_results/intervels_[1]/res_schedule_commitment_result.txt
Step-3: Creating dispatching model (Refactored & Modularized)
  Clustered PCM: 108 physical units -> 31 equivalent units (71.3% state reduction; 108 units in non-singleton clusters)
  ✓ True clustered UC completed (31 virtual units)
PART1: [unit-commitment] calculation result has been saved to: D:\GithubClonefiles\module_unitcommitment\.worktrees\108_168h\output\pcm_com4_loadall_h168_20260823_210543\smooth\clu_ovl\r01\output/details_schedule_results/pcm_simulation_results/intervels_[1]/res_schedule_commitment_result.txt
Step-3: Creating dispatching model (Refactored & Modularized)
  Clustered PCM: 108 physical units -> 31 equivalent units (71.3% state reduction; 108 units in non-singleton clusters)
  ✓ True clustered UC completed (31 virtual units)
PART1: [unit-commitment] calculation result has been saved to: D:\GithubClonefiles\module_unitcommitment\.worktrees\108_168h\output\pcm_com4_loadall_h168_20260823_210543\smooth\clu_ovl\r01\output/details_schedule_results/pcm_simulation_results/intervels_[1]/res_schedule_commitment_result.txt
PART1: [unit-commitment] calculation result has been saved to: D:\GithubClonefiles\module_unitcommitment\.worktrees\108_168h\output\pcm_com4_loadall_h168_20260823_210543\smooth\clu_ovl\r01\output/details_schedule_results/pcm_simulation_results/intervels_[1]/res_schedule_commitment_result.txt
Step-3: Creating dispatching model (Refactored & Modularized)
  Clustered PCM: 108 physical units -> 31 equivalent units (71.3% state reduction; 108 units in non-singleton clusters)
  ✓ True clustered UC completed (31 virtual units)
Step-3: Creating dispatching model (Refactored & Modularized)
  Clustered PCM: 108 physical units -> 31 equivalent units (71.3% state reduction; 108 units in non-singleton clusters)
  ✓ True clustered UC completed (31 virtual units)
PART1: [unit-commitment] calculation result has been saved to: D:\GithubClonefiles\module_unitcommitment\.worktrees\108_168h\output\pcm_com4_loadall_h168_20260823_210543\smooth\clu_ovl\r01\output/details_schedule_results/pcm_simulation_results/intervels_[1]/res_schedule_commitment_result.txt
Step-3: Creating dispatching model (Refactored & Modularized)
  Clustered PCM: 108 physical units -> 31 equivalent units (71.3% state reduction; 108 units in non-singleton clusters)
  ✓ True clustered UC completed (31 virtual units)
PART1: [unit-commitment] calculation result has been saved to: D:\GithubClonefiles\module_unitcommitment\.worktrees\108_168h\output\pcm_com4_loadall_h168_20260823_210543\smooth\clu_ovl\r01\output/details_schedule_results/pcm_simulation_results/intervels_[1]/res_schedule_commitment_result.txt
Step-3: Creating dispatching model (Refactored & Modularized)
  Clustered PCM: 108 physical units -> 31 equivalent units (71.3% state reduction; 108 units in non-singleton clusters)
  ✓ True clustered UC completed (31 virtual units)
PART1: [unit-commitment] calculation result has been saved to: D:\GithubClonefiles\module_unitcommitment\.worktrees\108_168h\output\pcm_com4_loadall_h168_20260823_210543\smooth\clu_ovl\r01\output/details_schedule_results/pcm_simulation_results/intervels_[1]/res_schedule_commitment_result.txt
PART1: [unit-commitment] calculation result has been saved to: D:\GithubClonefiles\module_unitcommitment\.worktrees\108_168h\output\pcm_com4_loadall_h168_20260823_210543\smooth\clu_ovl\r01\output/details_schedule_results/pcm_simulation_results/intervels_[1]/res_schedule_commitment_result.txt
Step-3: Creating dispatching model (Refactored & Modularized)
  Clustered PCM: 108 physical units -> 31 equivalent units (71.3% state reduction; 108 units in non-singleton clusters)
  ✓ True clustered UC completed (31 virtual units)
Step-3: Creating dispatching model (Refactored & Modularized)
  Clustered PCM: 108 physical units -> 31 equivalent units (71.3% state reduction; 108 units in non-singleton clusters)
  ✓ True clustered UC completed (31 virtual units)
PART1: [unit-commitment] calculation result has been saved to: D:\GithubClonefiles\module_unitcommitment\.worktrees\108_168h\output\pcm_com4_loadall_h168_20260823_210543\smooth\clu_ovl\r01\output/details_schedule_results/pcm_simulation_results/intervels_[1]/res_schedule_commitment_result.txt
Step-3: Creating dispatching model (Refactored & Modularized)
  Clustered PCM: 108 physical units -> 31 equivalent units (71.3% state reduction; 108 units in non-singleton clusters)
  ✓ True clustered UC completed (31 virtual units)
PART1: [unit-commitment] calculation result has been saved to: D:\GithubClonefiles\module_unitcommitment\.worktrees\108_168h\output\pcm_com4_loadall_h168_20260823_210543\smooth\clu_ovl\r01\output/details_schedule_results/pcm_simulation_results/intervels_[1]/res_schedule_commitment_result.txt
Step-3: Creating dispatching model (Refactored & Modularized)
  Clustered PCM: 108 physical units -> 31 equivalent units (71.3% state reduction; 108 units in non-singleton clusters)
  ✓ True clustered UC completed (31 virtual units)
PART1: [unit-commitment] calculation result has been saved to: D:\GithubClonefiles\module_unitcommitment\.worktrees\108_168h\output\pcm_com4_loadall_h168_20260823_210543\smooth\clu_ovl\r01\output/details_schedule_results/pcm_simulation_results/intervels_[1]/res_schedule_commitment_result.txt
PART1: [unit-commitment] calculation result has been saved to: D:\GithubClonefiles\module_unitcommitment\.worktrees\108_168h\output\pcm_com4_loadall_h168_20260823_210543\smooth\clu_ovl\r01\output/details_schedule_results/pcm_simulation_results/intervels_[1]/res_schedule_commitment_result.txt
Step-3: Creating dispatching model (Refactored & Modularized)
  Clustered PCM: 108 physical units -> 31 equivalent units (71.3% state reduction; 108 units in non-singleton clusters)
  ✓ True clustered UC completed (31 virtual units)
Step-3: Creating dispatching model (Refactored & Modularized)
  Clustered PCM: 108 physical units -> 31 equivalent units (71.3% state reduction; 108 units in non-singleton clusters)
  ✓ True clustered UC completed (31 virtual units)
PART1: [unit-commitment] calculation result has been saved to: D:\GithubClonefiles\module_unitcommitment\.worktrees\108_168h\output\pcm_com4_loadall_h168_20260823_210543\smooth\clu_ovl\r01\output/details_schedule_results/pcm_simulation_results/intervels_[1]/res_schedule_commitment_result.txt
Step-3: Creating dispatching model (Refactored & Modularized)
  Clustered PCM: 108 physical units -> 31 equivalent units (71.3% state reduction; 108 units in non-singleton clusters)
  ✓ True clustered UC completed (31 virtual units)
PART1: [unit-commitment] calculation result has been saved to: D:\GithubClonefiles\module_unitcommitment\.worktrees\108_168h\output\pcm_com4_loadall_h168_20260823_210543\smooth\clu_ovl\r01\output/details_schedule_results/pcm_simulation_results/intervels_[1]/res_schedule_commitment_result.txt
Step-3: Creating dispatching model (Refactored & Modularized)
  Clustered PCM: 108 physical units -> 31 equivalent units (71.3% state reduction; 108 units in non-singleton clusters)
  ✓ True clustered UC completed (31 virtual units)
PART1: [unit-commitment] calculation result has been saved to: D:\GithubClonefiles\module_unitcommitment\.worktrees\108_168h\output\pcm_com4_loadall_h168_20260823_210543\smooth\clu_ovl\r01\output/details_schedule_results/pcm_simulation_results/intervels_[1]/res_schedule_commitment_result.txt
PART1: [unit-commitment] calculation result has been saved to: D:\GithubClonefiles\module_unitcommitment\.worktrees\108_168h\output\pcm_com4_loadall_h168_20260823_210543\smooth\clu_ovl\r01\output/details_schedule_results/pcm_simulation_results/intervels_[1]/res_schedule_commitment_result.txt
Step-3: Creating dispatching model (Refactored & Modularized)
  Clustered PCM: 108 physical units -> 31 equivalent units (71.3% state reduction; 108 units in non-singleton clusters)
  ✓ True clustered UC completed (31 virtual units)
Step-3: Creating dispatching model (Refactored & Modularized)
  Clustered PCM: 108 physical units -> 31 equivalent units (71.3% state reduction; 108 units in non-singleton clusters)
  ✓ True clustered UC completed (31 virtual units)
PART1: [unit-commitment] calculation result has been saved to: D:\GithubClonefiles\module_unitcommitment\.worktrees\108_168h\output\pcm_com4_loadall_h168_20260823_210543\smooth\clu_ovl\r01\output/details_schedule_results/pcm_simulation_results/intervels_[1]/res_schedule_commitment_result.txt
Step-3: Creating dispatching model (Refactored & Modularized)
  Clustered PCM: 108 physical units -> 31 equivalent units (71.3% state reduction; 108 units in non-singleton clusters)
  ✓ True clustered UC completed (31 virtual units)
PART1: [unit-commitment] calculation result has been saved to: D:\GithubClonefiles\module_unitcommitment\.worktrees\108_168h\output\pcm_com4_loadall_h168_20260823_210543\smooth\clu_ovl\r01\output/details_schedule_results/pcm_simulation_results/intervels_[1]/res_schedule_commitment_result.txt
Step-3: Creating dispatching model (Refactored & Modularized)
  Clustered PCM: 108 physical units -> 31 equivalent units (71.3% state reduction; 108 units in non-singleton clusters)
  ✓ True clustered UC completed (31 virtual units)
PART1: [unit-commitment] calculation result has been saved to: D:\GithubClonefiles\module_unitcommitment\.worktrees\108_168h\output\pcm_com4_loadall_h168_20260823_210543\smooth\clu_ovl\r01\output/details_schedule_results/pcm_simulation_results/intervels_[1]/res_schedule_commitment_result.txt
PART1: [unit-commitment] calculation result has been saved to: D:\GithubClonefiles\module_unitcommitment\.worktrees\108_168h\output\pcm_com4_loadall_h168_20260823_210543\smooth\clu_ovl\r01\output/details_schedule_results/pcm_simulation_results/intervels_[1]/res_schedule_commitment_result.txt
Step-3: Creating dispatching model (Refactored & Modularized)
  Clustered PCM: 108 physical units -> 31 equivalent units (71.3% state reduction; 108 units in non-singleton clusters)
  ✓ True clustered UC completed (31 virtual units)
Step-3: Creating dispatching model (Refactored & Modularized)
  Clustered PCM: 108 physical units -> 31 equivalent units (71.3% state reduction; 108 units in non-singleton clusters)
  ✓ True clustered UC completed (31 virtual units)
PART1: [unit-commitment] calculation result has been saved to: D:\GithubClonefiles\module_unitcommitment\.worktrees\108_168h\output\pcm_com4_loadall_h168_20260823_210543\smooth\clu_ovl\r01\output/details_schedule_results/pcm_simulation_results/intervels_[1]/res_schedule_commitment_result.txt
Step-3: Creating dispatching model (Refactored & Modularized)
  Clustered PCM: 108 physical units -> 31 equivalent units (71.3% state reduction; 108 units in non-singleton clusters)
  ✓ True clustered UC completed (31 virtual units)
PART1: [unit-commitment] calculation result has been saved to: D:\GithubClonefiles\module_unitcommitment\.worktrees\108_168h\output\pcm_com4_loadall_h168_20260823_210543\smooth\clu_ovl\r01\output/details_schedule_results/pcm_simulation_results/intervels_[1]/res_schedule_commitment_result.txt
Step-3: Creating dispatching model (Refactored & Modularized)
  Clustered PCM: 108 physical units -> 31 equivalent units (71.3% state reduction; 108 units in non-singleton clusters)
  ✓ True clustered UC completed (31 virtual units)
PART1: [unit-commitment] calculation result has been saved to: D:\GithubClonefiles\module_unitcommitment\.worktrees\108_168h\output\pcm_com4_loadall_h168_20260823_210543\smooth\clu_ovl\r01\output/details_schedule_results/pcm_simulation_results/intervels_[1]/res_schedule_commitment_result.txt
PART1: [unit-commitment] calculation result has been saved to: D:\GithubClonefiles\module_unitcommitment\.worktrees\108_168h\output\pcm_com4_loadall_h168_20260823_210543\smooth\clu_ovl\r01\output/details_schedule_results/pcm_simulation_results/intervels_[1]/res_schedule_commitment_result.txt
Step-3: Creating dispatching model (Refactored & Modularized)
  Clustered PCM: 108 physical units -> 31 equivalent units (71.3% state reduction; 108 units in non-singleton clusters)
  ✓ True clustered UC completed (31 virtual units)
Step-3: Creating dispatching model (Refactored & Modularized)
  Clustered PCM: 108 physical units -> 31 equivalent units (71.3% state reduction; 108 units in non-singleton clusters)
  ✓ True clustered UC completed (31 virtual units)
PART1: [unit-commitment] calculation result has been saved to: D:\GithubClonefiles\module_unitcommitment\.worktrees\108_168h\output\pcm_com4_loadall_h168_20260823_210543\smooth\clu_ovl\r01\output/details_schedule_results/pcm_simulation_results/intervels_[1]/res_schedule_commitment_result.txt
Step-3: Creating dispatching model (Refactored & Modularized)
  Clustered PCM: 108 physical units -> 31 equivalent units (71.3% state reduction; 108 units in non-singleton clusters)
  ✓ True clustered UC completed (31 virtual units)
PART1: [unit-commitment] calculation result has been saved to: D:\GithubClonefiles\module_unitcommitment\.worktrees\108_168h\output\pcm_com4_loadall_h168_20260823_210543\smooth\clu_ovl\r01\output/details_schedule_results/pcm_simulation_results/intervels_[1]/res_schedule_commitment_result.txt
Step-3: Creating dispatching model (Refactored & Modularized)
  Clustered PCM: 108 physical units -> 31 equivalent units (71.3% state reduction; 108 units in non-singleton clusters)
  ✓ True clustered UC completed (31 virtual units)
PART1: [unit-commitment] calculation result has been saved to: D:\GithubClonefiles\module_unitcommitment\.worktrees\108_168h\output\pcm_com4_loadall_h168_20260823_210543\smooth\clu_ovl\r01\output/details_schedule_results/pcm_simulation_results/intervels_[1]/res_schedule_commitment_result.txt
PART1: [unit-commitment] calculation result has been saved to: D:\GithubClonefiles\module_unitcommitment\.worktrees\108_168h\output\pcm_com4_loadall_h168_20260823_210543\smooth\clu_ovl\r01\output/details_schedule_results/pcm_simulation_results/intervels_[1]/res_schedule_commitment_result.txt
Step-3: Creating dispatching model (Refactored & Modularized)
  Clustered PCM: 108 physical units -> 31 equivalent units (71.3% state reduction; 108 units in non-singleton clusters)
  ✓ True clustered UC completed (31 virtual units)
Step-3: Creating dispatching model (Refactored & Modularized)
  Clustered PCM: 108 physical units -> 31 equivalent units (71.3% state reduction; 108 units in non-singleton clusters)
  ✓ True clustered UC completed (31 virtual units)
PART1: [unit-commitment] calculation result has been saved to: D:\GithubClonefiles\module_unitcommitment\.worktrees\108_168h\output\pcm_com4_loadall_h168_20260823_210543\smooth\clu_ovl\r01\output/details_schedule_results/pcm_simulation_results/intervels_[1]/res_schedule_commitment_result.txt
Step-3: Creating dispatching model (Refactored & Modularized)
  Clustered PCM: 108 physical units -> 31 equivalent units (71.3% state reduction; 108 units in non-singleton clusters)
  ✓ True clustered UC completed (31 virtual units)
PART1: [unit-commitment] calculation result has been saved to: D:\GithubClonefiles\module_unitcommitment\.worktrees\108_168h\output\pcm_com4_loadall_h168_20260823_210543\smooth\clu_ovl\r01\output/details_schedule_results/pcm_simulation_results/intervels_[1]/res_schedule_commitment_result.txt
Step-3: Creating dispatching model (Refactored & Modularized)
  Clustered PCM: 108 physical units -> 31 equivalent units (71.3% state reduction; 108 units in non-singleton clusters)
  ✓ True clustered UC completed (31 virtual units)
PART1: [unit-commitment] calculation result has been saved to: D:\GithubClonefiles\module_unitcommitment\.worktrees\108_168h\output\pcm_com4_loadall_h168_20260823_210543\smooth\clu_ovl\r01\output/details_schedule_results/pcm_simulation_results/intervels_[1]/res_schedule_commitment_result.txt
PART1: [unit-commitment] calculation result has been saved to: D:\GithubClonefiles\module_unitcommitment\.worktrees\108_168h\output\pcm_com4_loadall_h168_20260823_210543\smooth\clu_ovl\r01\output/details_schedule_results/pcm_simulation_results/intervels_[1]/res_schedule_commitment_result.txt
Step-3: Creating dispatching model (Refactored & Modularized)
  Clustered PCM: 108 physical units -> 31 equivalent units (71.3% state reduction; 108 units in non-singleton clusters)
  ✓ True clustered UC completed (31 virtual units)
Step-3: Creating dispatching model (Refactored & Modularized)
  Clustered PCM: 108 physical units -> 31 equivalent units (71.3% state reduction; 108 units in non-singleton clusters)
  ✓ True clustered UC completed (31 virtual units)
PART1: [unit-commitment] calculation result has been saved to: D:\GithubClonefiles\module_unitcommitment\.worktrees\108_168h\output\pcm_com4_loadall_h168_20260823_210543\smooth\clu_ovl\r01\output/details_schedule_results/pcm_simulation_results/intervels_[1]/res_schedule_commitment_result.txt
Step-3: Creating dispatching model (Refactored & Modularized)
  Clustered PCM: 108 physical units -> 31 equivalent units (71.3% state reduction; 108 units in non-singleton clusters)
  ✓ True clustered UC completed (31 virtual units)
PART1: [unit-commitment] calculation result has been saved to: D:\GithubClonefiles\module_unitcommitment\.worktrees\108_168h\output\pcm_com4_loadall_h168_20260823_210543\smooth\clu_ovl\r01\output/details_schedule_results/pcm_simulation_results/intervels_[1]/res_schedule_commitment_result.txt
Step-3: Creating dispatching model (Refactored & Modularized)
  Clustered PCM: 108 physical units -> 31 equivalent units (71.3% state reduction; 108 units in non-singleton clusters)
  ✓ True clustered UC completed (31 virtual units)
PART1: [unit-commitment] calculation result has been saved to: D:\GithubClonefiles\module_unitcommitment\.worktrees\108_168h\output\pcm_com4_loadall_h168_20260823_210543\smooth\clu_ovl\r01\output/details_schedule_results/pcm_simulation_results/intervels_[1]/res_schedule_commitment_result.txt
PART1: [unit-commitment] calculation result has been saved to: D:\GithubClonefiles\module_unitcommitment\.worktrees\108_168h\output\pcm_com4_loadall_h168_20260823_210543\smooth\clu_ovl\r01\output/details_schedule_results/pcm_simulation_results/intervels_[1]/res_schedule_commitment_result.txt
Step-3: Creating dispatching model (Refactored & Modularized)
  Clustered PCM: 108 physical units -> 31 equivalent units (71.3% state reduction; 108 units in non-singleton clusters)
  ✓ True clustered UC completed (31 virtual units)
Step-3: Creating dispatching model (Refactored & Modularized)
  Clustered PCM: 108 physical units -> 31 equivalent units (71.3% state reduction; 108 units in non-singleton clusters)
  ✓ True clustered UC completed (31 virtual units)
PART1: [unit-commitment] calculation result has been saved to: D:\GithubClonefiles\module_unitcommitment\.worktrees\108_168h\output\pcm_com4_loadall_h168_20260823_210543\smooth\clu_ovl\r01\output/details_schedule_results/pcm_simulation_results/intervels_[1]/res_schedule_commitment_result.txt
Step-3: Creating dispatching model (Refactored & Modularized)
  Clustered PCM: 108 physical units -> 31 equivalent units (71.3% state reduction; 108 units in non-singleton clusters)
  ✓ True clustered UC completed (31 virtual units)
PART1: [unit-commitment] calculation result has been saved to: D:\GithubClonefiles\module_unitcommitment\.worktrees\108_168h\output\pcm_com4_loadall_h168_20260823_210543\smooth\clu_ovl\r01\output/details_schedule_results/pcm_simulation_results/intervels_[1]/res_schedule_commitment_result.txt
Step-3: Creating dispatching model (Refactored & Modularized)
  Clustered PCM: 108 physical units -> 31 equivalent units (71.3% state reduction; 108 units in non-singleton clusters)
  ✓ True clustered UC completed (31 virtual units)
PART1: [unit-commitment] calculation result has been saved to: D:\GithubClonefiles\module_unitcommitment\.worktrees\108_168h\output\pcm_com4_loadall_h168_20260823_210543\smooth\clu_ovl\r01\output/details_schedule_results/pcm_simulation_results/intervels_[1]/res_schedule_commitment_result.txt
PART1: [unit-commitment] calculation result has been saved to: D:\GithubClonefiles\module_unitcommitment\.worktrees\108_168h\output\pcm_com4_loadall_h168_20260823_210543\smooth\clu_ovl\r01\output/details_schedule_results/pcm_simulation_results/intervels_[1]/res_schedule_commitment_result.txt
Step-3: Creating dispatching model (Refactored & Modularized)
  Clustered PCM: 108 physical units -> 31 equivalent units (71.3% state reduction; 108 units in non-singleton clusters)
  ✓ True clustered UC completed (31 virtual units)
Step-3: Creating dispatching model (Refactored & Modularized)
  Clustered PCM: 108 physical units -> 31 equivalent units (71.3% state reduction; 108 units in non-singleton clusters)
  ✓ True clustered UC completed (31 virtual units)
PART1: [unit-commitment] calculation result has been saved to: D:\GithubClonefiles\module_unitcommitment\.worktrees\108_168h\output\pcm_com4_loadall_h168_20260823_210543\smooth\clu_ovl\r01\output/details_schedule_results/pcm_simulation_results/intervels_[1]/res_schedule_commitment_result.txt
Step-3: Creating dispatching model (Refactored & Modularized)
  Clustered PCM: 108 physical units -> 31 equivalent units (71.3% state reduction; 108 units in non-singleton clusters)
  ✓ True clustered UC completed (31 virtual units)
PART1: [unit-commitment] calculation result has been saved to: D:\GithubClonefiles\module_unitcommitment\.worktrees\108_168h\output\pcm_com4_loadall_h168_20260823_210543\smooth\clu_ovl\r01\output/details_schedule_results/pcm_simulation_results/intervels_[1]/res_schedule_commitment_result.txt
Step-3: Creating dispatching model (Refactored & Modularized)
  Clustered PCM: 108 physical units -> 31 equivalent units (71.3% state reduction; 108 units in non-singleton clusters)
  ✓ True clustered UC completed (31 virtual units)
PART1: [unit-commitment] calculation result has been saved to: D:\GithubClonefiles\module_unitcommitment\.worktrees\108_168h\output\pcm_com4_loadall_h168_20260823_210543\smooth\clu_ovl\r01\output/details_schedule_results/pcm_simulation_results/intervels_[1]/res_schedule_commitment_result.txt
PART1: [unit-commitment] calculation result has been saved to: D:\GithubClonefiles\module_unitcommitment\.worktrees\108_168h\output\pcm_com4_loadall_h168_20260823_210543\smooth\clu_ovl\r01\output/details_schedule_results/pcm_simulation_results/intervels_[1]/res_schedule_commitment_result.txt
Step-3: Creating dispatching model (Refactored & Modularized)
  Clustered PCM: 108 physical units -> 31 equivalent units (71.3% state reduction; 108 units in non-singleton clusters)
  ✓ True clustered UC completed (31 virtual units)
Step-3: Creating dispatching model (Refactored & Modularized)
  Clustered PCM: 108 physical units -> 31 equivalent units (71.3% state reduction; 108 units in non-singleton clusters)
  ✓ True clustered UC completed (31 virtual units)
PART1: [unit-commitment] calculation result has been saved to: D:\GithubClonefiles\module_unitcommitment\.worktrees\108_168h\output\pcm_com4_loadall_h168_20260823_210543\smooth\clu_ovl\r01\output/details_schedule_results/pcm_simulation_results/intervels_[1]/res_schedule_commitment_result.txt
Step-3: Creating dispatching model (Refactored & Modularized)
  Clustered PCM: 108 physical units -> 31 equivalent units (71.3% state reduction; 108 units in non-singleton clusters)
  ✓ True clustered UC completed (31 virtual units)
PART1: [unit-commitment] calculation result has been saved to: D:\GithubClonefiles\module_unitcommitment\.worktrees\108_168h\output\pcm_com4_loadall_h168_20260823_210543\smooth\clu_ovl\r01\output/details_schedule_results/pcm_simulation_results/intervels_[1]/res_schedule_commitment_result.txt
Step-3: Creating dispatching model (Refactored & Modularized)
  Clustered PCM: 108 physical units -> 31 equivalent units (71.3% state reduction; 108 units in non-singleton clusters)
  ✓ True clustered UC completed (31 virtual units)
PART1: [unit-commitment] calculation result has been saved to: D:\GithubClonefiles\module_unitcommitment\.worktrees\108_168h\output\pcm_com4_loadall_h168_20260823_210543\smooth\clu_ovl\r01\output/details_schedule_results/pcm_simulation_results/intervels_[1]/res_schedule_commitment_result.txt
PART1: [unit-commitment] calculation result has been saved to: D:\GithubClonefiles\module_unitcommitment\.worktrees\108_168h\output\pcm_com4_loadall_h168_20260823_210543\smooth\clu_ovl\r01\output/details_schedule_results/pcm_simulation_results/intervels_[1]/res_schedule_commitment_result.txt
Step-3: Creating dispatching model (Refactored & Modularized)
  Clustered PCM: 108 physical units -> 31 equivalent units (71.3% state reduction; 108 units in non-singleton clusters)
  ✓ True clustered UC completed (31 virtual units)
Step-3: Creating dispatching model (Refactored & Modularized)
  Clustered PCM: 108 physical units -> 31 equivalent units (71.3% state reduction; 108 units in non-singleton clusters)
  ✓ True clustered UC completed (31 virtual units)
PART1: [unit-commitment] calculation result has been saved to: D:\GithubClonefiles\module_unitcommitment\.worktrees\108_168h\output\pcm_com4_loadall_h168_20260823_210543\smooth\clu_ovl\r01\output/details_schedule_results/pcm_simulation_results/intervels_[1]/res_schedule_commitment_result.txt
Step-3: Creating dispatching model (Refactored & Modularized)
  Clustered PCM: 108 physical units -> 31 equivalent units (71.3% state reduction; 108 units in non-singleton clusters)
  ✓ True clustered UC completed (31 virtual units)
PART1: [unit-commitment] calculation result has been saved to: D:\GithubClonefiles\module_unitcommitment\.worktrees\108_168h\output\pcm_com4_loadall_h168_20260823_210543\smooth\clu_ovl\r01\output/details_schedule_results/pcm_simulation_results/intervels_[1]/res_schedule_commitment_result.txt
Step-3: Creating dispatching model (Refactored & Modularized)
  Clustered PCM: 108 physical units -> 31 equivalent units (71.3% state reduction; 108 units in non-singleton clusters)
Set parameter Username
Set parameter LicenseID to value 2826524
Academic license - for non-commercial use only - expires 2027-05-22
Set parameter Username
Set parameter LicenseID to value 2826524
Academic license - for non-commercial use only - expires 2027-05-22
Set parameter Username
Set parameter LicenseID to value 2826524
Academic license - for non-commercial use only - expires 2027-05-22
Set parameter Username
Set parameter LicenseID to value 2826524
Academic license - for non-commercial use only - expires 2027-05-22
Set parameter Username
Set parameter LicenseID to value 2826524
Academic license - for non-commercial use only - expires 2027-05-22
Set parameter Username
Set parameter LicenseID to value 2826524
Academic license - for non-commercial use only - expires 2027-05-22
Set parameter Username
Set parameter LicenseID to value 2826524
Academic license - for non-commercial use only - expires 2027-05-22
Set parameter Username
Set parameter LicenseID to value 2826524
Academic license - for non-commercial use only - expires 2027-05-22
Set parameter Username
Set parameter LicenseID to value 2826524
Academic license - for non-commercial use only - expires 2027-05-22
Set parameter Username
Set parameter LicenseID to value 2826524
Academic license - for non-commercial use only - expires 2027-05-22
Set parameter Username
Set parameter LicenseID to value 2826524
Academic license - for non-commercial use only - expires 2027-05-22
Set parameter Username
Set parameter LicenseID to value 2826524
Academic license - for non-commercial use only - expires 2027-05-22
Set parameter Username
Set parameter LicenseID to value 2826524
Academic license - for non-commercial use only - expires 2027-05-22
Set parameter Username
Set parameter LicenseID to value 2826524
Academic license - for non-commercial use only - expires 2027-05-22
Set parameter Username
Set parameter LicenseID to value 2826524
Academic license - for non-commercial use only - expires 2027-05-22
Set parameter Username
Set parameter LicenseID to value 2826524
Academic license - for non-commercial use only - expires 2027-05-22
Set parameter Username
Set parameter LicenseID to value 2826524
Academic license - for non-commercial use only - expires 2027-05-22
Set parameter Username
Set parameter LicenseID to value 2826524
Academic license - for non-commercial use only - expires 2027-05-22
Set parameter Username
Set parameter LicenseID to value 2826524
Academic license - for non-commercial use only - expires 2027-05-22
Set parameter Username
Set parameter LicenseID to value 2826524
Academic license - for non-commercial use only - expires 2027-05-22
Set parameter Username
Set parameter LicenseID to value 2826524
Academic license - for non-commercial use only - expires 2027-05-22
Set parameter Username
Set parameter LicenseID to value 2826524
Academic license - for non-commercial use only - expires 2027-05-22
Set parameter Username
Set parameter LicenseID to value 2826524
Academic license - for non-commercial use only - expires 2027-05-22
Set parameter Username
Set parameter LicenseID to value 2826524
Academic license - for non-commercial use only - expires 2027-05-22
Set parameter Username
Set parameter LicenseID to value 2826524
Academic license - for non-commercial use only - expires 2027-05-22
Set parameter Username
Set parameter LicenseID to value 2826524
Academic license - for non-commercial use only - expires 2027-05-22
Set parameter Username
Set parameter LicenseID to value 2826524
Academic license - for non-commercial use only - expires 2027-05-22
Set parameter Username
Set parameter LicenseID to value 2826524
Academic license - for non-commercial use only - expires 2027-05-22
Set parameter Username
Set parameter LicenseID to value 2826524
Academic license - for non-commercial use only - expires 2027-05-22
Set parameter Username
Set parameter LicenseID to value 2826524
Academic license - for non-commercial use only - expires 2027-05-22
Set parameter Username
Set parameter LicenseID to value 2826524
Academic license - for non-commercial use only - expires 2027-05-22
Set parameter Username
Set parameter LicenseID to value 2826524
Academic license - for non-commercial use only - expires 2027-05-22
Set parameter Username
Set parameter LicenseID to value 2826524
Academic license - for non-commercial use only - expires 2027-05-22
Set parameter Username
Set parameter LicenseID to value 2826524
Academic license - for non-commercial use only - expires 2027-05-22
Set parameter Username
Set parameter LicenseID to value 2826524
Academic license - for non-commercial use only - expires 2027-05-22
Set parameter Username
Set parameter LicenseID to value 2826524
Academic license - for non-commercial use only - expires 2027-05-22
Set parameter Username
Set parameter LicenseID to value 2826524
Academic license - for non-commercial use only - expires 2027-05-22
Set parameter Username
Set parameter LicenseID to value 2826524
Academic license - for non-commercial use only - expires 2027-05-22
Set parameter Username
Set parameter LicenseID to value 2826524
Academic license - for non-commercial use only - expires 2027-05-22
Set parameter Username
Set parameter LicenseID to value 2826524
Academic license - for non-commercial use only - expires 2027-05-22
Set parameter Username
Set parameter LicenseID to value 2826524
Academic license - for non-commercial use only - expires 2027-05-22
Set parameter Username
Set parameter LicenseID to value 2826524
Academic license - for non-commercial use only - expires 2027-05-22
Set parameter Username
Set parameter LicenseID to value 2826524
Academic license - for non-commercial use only - expires 2027-05-22
Set parameter Username
Set parameter LicenseID to value 2826524
Academic license - for non-commercial use only - expires 2027-05-22
Set parameter Username
Set parameter LicenseID to value 2826524
Academic license - for non-commercial use only - expires 2027-05-22
Set parameter Username
Set parameter LicenseID to value 2826524
Academic license - for non-commercial use only - expires 2027-05-22
Set parameter Username
Set parameter LicenseID to value 2826524
Academic license - for non-commercial use only - expires 2027-05-22
Set parameter Username
Set parameter LicenseID to value 2826524
Academic license - for non-commercial use only - expires 2027-05-22
Set parameter Username
Set parameter LicenseID to value 2826524
Academic license - for non-commercial use only - expires 2027-05-22
Set parameter Username
Set parameter LicenseID to value 2826524
Academic license - for non-commercial use only - expires 2027-05-22
Set parameter Username
Set parameter LicenseID to value 2826524
Academic license - for non-commercial use only - expires 2027-05-22
Set parameter Username
Set parameter LicenseID to value 2826524
Academic license - for non-commercial use only - expires 2027-05-22
Set parameter Username
Set parameter LicenseID to value 2826524
Academic license - for non-commercial use only - expires 2027-05-22
Set parameter Username
Set parameter LicenseID to value 2826524
Academic license - for non-commercial use only - expires 2027-05-22
Set parameter Username
Set parameter LicenseID to value 2826524
Academic license - for non-commercial use only - expires 2027-05-22
Set parameter Username
Set parameter LicenseID to value 2826524
Academic license - for non-commercial use only - expires 2027-05-22
Set parameter Username
Set parameter LicenseID to value 2826524
Academic license - for non-commercial use only - expires 2027-05-22
Set parameter Username
Set parameter LicenseID to value 2826524
Academic license - for non-commercial use only - expires 2027-05-22
Set parameter Username
Set parameter LicenseID to value 2826524
Academic license - for non-commercial use only - expires 2027-05-22
Set parameter Username
Set parameter LicenseID to value 2826524
Academic license - for non-commercial use only - expires 2027-05-22
Set parameter Username
Set parameter LicenseID to value 2826524
Academic license - for non-commercial use only - expires 2027-05-22
Set parameter Username
Set parameter LicenseID to value 2826524
Academic license - for non-commercial use only - expires 2027-05-22
Set parameter Username
Set parameter LicenseID to value 2826524
Academic license - for non-commercial use only - expires 2027-05-22
Set parameter Username
Set parameter LicenseID to value 2826524
Academic license - for non-commercial use only - expires 2027-05-22
Set parameter Username
Set parameter LicenseID to value 2826524
Academic license - for non-commercial use only - expires 2027-05-22
Set parameter Username
Set parameter LicenseID to value 2826524
Academic license - for non-commercial use only - expires 2027-05-22
Set parameter Username
Set parameter LicenseID to value 2826524
Academic license - for non-commercial use only - expires 2027-05-22
Set parameter Username
Set parameter LicenseID to value 2826524
Academic license - for non-commercial use only - expires 2027-05-22
Set parameter Username
Set parameter LicenseID to value 2826524
Academic license - for non-commercial use only - expires 2027-05-22
Set parameter Username
Set parameter LicenseID to value 2826524
Academic license - for non-commercial use only - expires 2027-05-22
Set parameter Username
Set parameter LicenseID to value 2826524
Academic license - for non-commercial use only - expires 2027-05-22
Set parameter Username
Set parameter LicenseID to value 2826524
Academic license - for non-commercial use only - expires 2027-05-22
Set parameter Username
Set parameter LicenseID to value 2826524
Academic license - for non-commercial use only - expires 2027-05-22
Set parameter Username
Set parameter LicenseID to value 2826524
Academic license - for non-commercial use only - expires 2027-05-22
Set parameter Username
Set parameter LicenseID to value 2826524
Academic license - for non-commercial use only - expires 2027-05-22
Set parameter Username
Set parameter LicenseID to value 2826524
Academic license - for non-commercial use only - expires 2027-05-22
Set parameter Username
Set parameter LicenseID to value 2826524
Academic license - for non-commercial use only - expires 2027-05-22
Set parameter Username
Set parameter LicenseID to value 2826524
Academic license - for non-commercial use only - expires 2027-05-22
Set parameter Username
Set parameter LicenseID to value 2826524
Academic license - for non-commercial use only - expires 2027-05-22
Set parameter Username
Set parameter LicenseID to value 2826524
Academic license - for non-commercial use only - expires 2027-05-22
Set parameter Username
Set parameter LicenseID to value 2826524
Academic license - for non-commercial use only - expires 2027-05-22
Set parameter Username
Set parameter LicenseID to value 2826524
Academic license - for non-commercial use only - expires 2027-05-22
Set parameter Username
Set parameter LicenseID to value 2826524
Academic license - for non-commercial use only - expires 2027-05-22
Set parameter Username
Set parameter LicenseID to value 2826524
Academic license - for non-commercial use only - expires 2027-05-22
Set parameter Username
Set parameter LicenseID to value 2826524
Academic license - for non-commercial use only - expires 2027-05-22
Set parameter Username
Set parameter LicenseID to value 2826524
Academic license - for non-commercial use only - expires 2027-05-22
Set parameter Username
Set parameter LicenseID to value 2826524
Academic license - for non-commercial use only - expires 2027-05-22
Set parameter Username
Set parameter LicenseID to value 2826524
Academic license - for non-commercial use only - expires 2027-05-22
Set parameter Username
Set parameter LicenseID to value 2826524
Academic license - for non-commercial use only - expires 2027-05-22
Set parameter Username
Set parameter LicenseID to value 2826524
Academic license - for non-commercial use only - expires 2027-05-22
Set parameter Username
Set parameter LicenseID to value 2826524
Academic license - for non-commercial use only - expires 2027-05-22
Set parameter Username
Set parameter LicenseID to value 2826524
Academic license - for non-commercial use only - expires 2027-05-22
Set parameter Username
Set parameter LicenseID to value 2826524
Academic license - for non-commercial use only - expires 2027-05-22
Set parameter Username
Set parameter LicenseID to value 2826524
Academic license - for non-commercial use only - expires 2027-05-22
Set parameter Username
Set parameter LicenseID to value 2826524
Academic license - for non-commercial use only - expires 2027-05-22
Set parameter Username
Set parameter LicenseID to value 2826524
Academic license - for non-commercial use only - expires 2027-05-22
Set parameter Username
Set parameter LicenseID to value 2826524
Academic license - for non-commercial use only - expires 2027-05-22
Set parameter Username
Set parameter LicenseID to value 2826524
Academic license - for non-commercial use only - expires 2027-05-22
Set parameter Username
Set parameter LicenseID to value 2826524
Academic license - for non-commercial use only - expires 2027-05-22
Set parameter Username
Set parameter LicenseID to value 2826524
Academic license - for non-commercial use only - expires 2027-05-22
Set parameter Username
Set parameter LicenseID to value 2826524
Academic license - for non-commercial use only - expires 2027-05-22
Set parameter Username
Set parameter LicenseID to value 2826524
Academic license - for non-commercial use only - expires 2027-05-22
Set parameter Username
Set parameter LicenseID to value 2826524
Academic license - for non-commercial use only - expires 2027-05-22
Set parameter Username
Set parameter LicenseID to value 2826524
Academic license - for non-commercial use only - expires 2027-05-22
Set parameter Username
Set parameter LicenseID to value 2826524
Academic license - for non-commercial use only - expires 2027-05-22
Set parameter Username
Set parameter LicenseID to value 2826524
Academic license - for non-commercial use only - expires 2027-05-22
Set parameter Username
Set parameter LicenseID to value 2826524
Academic license - for non-commercial use only - expires 2027-05-22
Set parameter Username
Set parameter LicenseID to value 2826524
Academic license - for non-commercial use only - expires 2027-05-22
Set parameter Username
Set parameter LicenseID to value 2826524
Academic license - for non-commercial use only - expires 2027-05-22
Set parameter Username
Set parameter LicenseID to value 2826524
Academic license - for non-commercial use only - expires 2027-05-22
Set parameter Username
Set parameter LicenseID to value 2826524
Academic license - for non-commercial use only - expires 2027-05-22
Set parameter Username
Set parameter LicenseID to value 2826524
Academic license - for non-commercial use only - expires 2027-05-22
Set parameter Username
Set parameter LicenseID to value 2826524
Academic license - for non-commercial use only - expires 2027-05-22
Set parameter Username
Set parameter LicenseID to value 2826524
Academic license - for non-commercial use only - expires 2027-05-22
Set parameter Username
Set parameter LicenseID to value 2826524
Academic license - for non-commercial use only - expires 2027-05-22
Set parameter Username
Set parameter LicenseID to value 2826524
Academic license - for non-commercial use only - expires 2027-05-22
Set parameter Username
Set parameter LicenseID to value 2826524
Academic license - for non-commercial use only - expires 2027-05-22
Set parameter Username
Set parameter LicenseID to value 2826524
Academic license - for non-commercial use only - expires 2027-05-22
Set parameter Username
Set parameter LicenseID to value 2826524
Academic license - for non-commercial use only - expires 2027-05-22
Set parameter Username
Set parameter LicenseID to value 2826524
Academic license - for non-commercial use only - expires 2027-05-22
Set parameter Username
Set parameter LicenseID to value 2826524
Academic license - for non-commercial use only - expires 2027-05-22
Set parameter Username
Set parameter LicenseID to value 2826524
Academic license - for non-commercial use only - expires 2027-05-22
Set parameter Username
Set parameter LicenseID to value 2826524
Academic license - for non-commercial use only - expires 2027-05-22
Set parameter Username
Set parameter LicenseID to value 2826524
Academic license - for non-commercial use only - expires 2027-05-22
Set parameter Username
Set parameter LicenseID to value 2826524
Academic license - for non-commercial use only - expires 2027-05-22
Set parameter Username
Set parameter LicenseID to value 2826524
Academic license - for non-commercial use only - expires 2027-05-22
Set parameter Username
Set parameter LicenseID to value 2826524
Academic license - for non-commercial use only - expires 2027-05-22
Set parameter Username
Set parameter LicenseID to value 2826524
Academic license - for non-commercial use only - expires 2027-05-22
Set parameter Username
Set parameter LicenseID to value 2826524
Academic license - for non-commercial use only - expires 2027-05-22
Set parameter Username
Set parameter LicenseID to value 2826524
Academic license - for non-commercial use only - expires 2027-05-22
Set parameter Username
Set parameter LicenseID to value 2826524
Academic license - for non-commercial use only - expires 2027-05-22
Set parameter Username
Set parameter LicenseID to value 2826524
Academic license - for non-commercial use only - expires 2027-05-22
Set parameter Username
Set parameter LicenseID to value 2826524
Academic license - for non-commercial use only - expires 2027-05-22
Set parameter Username
Set parameter LicenseID to value 2826524
Academic license - for non-commercial use only - expires 2027-05-22
Set parameter Username
Set parameter LicenseID to value 2826524
Academic license - for non-commercial use only - expires 2027-05-22
Set parameter Username
Set parameter LicenseID to value 2826524
Academic license - for non-commercial use only - expires 2027-05-22
Set parameter Username
Set parameter LicenseID to value 2826524
Academic license - for non-commercial use only - expires 2027-05-22
Set parameter Username
Set parameter LicenseID to value 2826524
Academic license - for non-commercial use only - expires 2027-05-22
Set parameter Username
Set parameter LicenseID to value 2826524
Academic license - for non-commercial use only - expires 2027-05-22
Set parameter Username
Set parameter LicenseID to value 2826524
Academic license - for non-commercial use only - expires 2027-05-22
Set parameter Username
Set parameter LicenseID to value 2826524
Academic license - for non-commercial use only - expires 2027-05-22
Set parameter Username
Set parameter LicenseID to value 2826524
Academic license - for non-commercial use only - expires 2027-05-22
Set parameter Username
Set parameter LicenseID to value 2826524
Academic license - for non-commercial use only - expires 2027-05-22
Set parameter Username
Set parameter LicenseID to value 2826524
Academic license - for non-commercial use only - expires 2027-05-22
Set parameter Username
Set parameter LicenseID to value 2826524
Academic license - for non-commercial use only - expires 2027-05-22
Set parameter Username
Set parameter LicenseID to value 2826524
Academic license - for non-commercial use only - expires 2027-05-22
Set parameter Username
Set parameter LicenseID to value 2826524
Academic license - for non-commercial use only - expires 2027-05-22
Set parameter Username
Set parameter LicenseID to value 2826524
Academic license - for non-commercial use only - expires 2027-05-22
Set parameter Username
Set parameter LicenseID to value 2826524
Academic license - for non-commercial use only - expires 2027-05-22
Set parameter Username
Set parameter LicenseID to value 2826524
Academic license - for non-commercial use only - expires 2027-05-22
Set parameter Username
Set parameter LicenseID to value 2826524
Academic license - for non-commercial use only - expires 2027-05-22
Set parameter Username
Set parameter LicenseID to value 2826524
Academic license - for non-commercial use only - expires 2027-05-22
Set parameter Username
Set parameter LicenseID to value 2826524
Academic license - for non-commercial use only - expires 2027-05-22
Set parameter Username
Set parameter LicenseID to value 2826524
Academic license - for non-commercial use only - expires 2027-05-22
Set parameter Username
Set parameter LicenseID to value 2826524
Academic license - for non-commercial use only - expires 2027-05-22
Set parameter Username
Set parameter LicenseID to value 2826524
Academic license - for non-commercial use only - expires 2027-05-22
Set parameter Username
Set parameter LicenseID to value 2826524
Academic license - for non-commercial use only - expires 2027-05-22
Set parameter Username
Set parameter LicenseID to value 2826524
Academic license - for non-commercial use only - expires 2027-05-22
Set parameter Username
Set parameter LicenseID to value 2826524
Academic license - for non-commercial use only - expires 2027-05-22
Set parameter Username
Set parameter LicenseID to value 2826524
Academic license - for non-commercial use only - expires 2027-05-22
Set parameter Username
Set parameter LicenseID to value 2826524
Academic license - for non-commercial use only - expires 2027-05-22
Set parameter Username
Set parameter LicenseID to value 2826524
Academic license - for non-commercial use only - expires 2027-05-22
Set parameter Username
Set parameter LicenseID to value 2826524
Academic license - for non-commercial use only - expires 2027-05-22
Set parameter Username
Set parameter LicenseID to value 2826524
Academic license - for non-commercial use only - expires 2027-05-22
Set parameter Username
Set parameter LicenseID to value 2826524
Academic license - for non-commercial use only - expires 2027-05-22
Set parameter Username
Set parameter LicenseID to value 2826524
Academic license - for non-commercial use only - expires 2027-05-22
Set parameter Username
Set parameter LicenseID to value 2826524
Academic license - for non-commercial use only - expires 2027-05-22
Set parameter Username
Set parameter LicenseID to value 2826524
Academic license - for non-commercial use only - expires 2027-05-22
Set parameter Username
Set parameter LicenseID to value 2826524
Academic license - for non-commercial use only - expires 2027-05-22
Set parameter Username
Set parameter LicenseID to value 2826524
Academic license - for non-commercial use only - expires 2027-05-22
Set parameter Username
Set parameter LicenseID to value 2826524
Academic license - for non-commercial use only - expires 2027-05-22
Set parameter Username
Set parameter LicenseID to value 2826524
Academic license - for non-commercial use only - expires 2027-05-22
Set parameter Username
Set parameter LicenseID to value 2826524
Academic license - for non-commercial use only - expires 2027-05-22
Set parameter Username
Set parameter LicenseID to value 2826524
Academic license - for non-commercial use only - expires 2027-05-22
Set parameter Username
Set parameter LicenseID to value 2826524
Academic license - for non-commercial use only - expires 2027-05-22
Set parameter Username
Set parameter LicenseID to value 2826524
Academic license - for non-commercial use only - expires 2027-05-22
Set parameter Username
Set parameter LicenseID to value 2826524
Academic license - for non-commercial use only - expires 2027-05-22
Set parameter Username
Set parameter LicenseID to value 2826524
Academic license - for non-commercial use only - expires 2027-05-22
Set parameter Username
Set parameter LicenseID to value 2826524
Academic license - for non-commercial use only - expires 2027-05-22
Set parameter Username
Set parameter LicenseID to value 2826524
Academic license - for non-commercial use only - expires 2027-05-22
Set parameter Username
Set parameter LicenseID to value 2826524
Academic license - for non-commercial use only - expires 2027-05-22
Set parameter Username
Set parameter LicenseID to value 2826524
Academic license - for non-commercial use only - expires 2027-05-22
Set parameter Username
Set parameter LicenseID to value 2826524
Academic license - for non-commercial use only - expires 2027-05-22
Set parameter Username
Set parameter LicenseID to value 2826524
Academic license - for non-commercial use only - expires 2027-05-22
Set parameter Username
Set parameter LicenseID to value 2826524
Academic license - for non-commercial use only - expires 2027-05-22
Set parameter Username
Set parameter LicenseID to value 2826524
Academic license - for non-commercial use only - expires 2027-05-22
  ✓ True clustered UC completed (31 virtual units)
PART1: [unit-commitment] calculation result has been saved to: D:\GithubClonefiles\module_unitcommitment\.worktrees\108_168h\output\pcm_com4_loadall_h168_20260823_210543\smooth\clu_ovl\r01\output/details_schedule_results/pcm_simulation_results/intervels_[1]/res_schedule_commitment_result.txt
PART1: [unit-commitment] calculation result has been saved to: D:\GithubClonefiles\module_unitcommitment\.worktrees\108_168h\output\pcm_com4_loadall_h168_20260823_210543\smooth\clu_ovl\r01\output/details_schedule_results/pcm_simulation_results/intervels_[1]/res_schedule_commitment_result.txt
Step-3: Creating dispatching model (Refactored & Modularized)
  Clustered PCM: 108 physical units -> 31 equivalent units (71.3% state reduction; 108 units in non-singleton clusters)
  ✓ True clustered UC completed (31 virtual units)
Step-3: Creating dispatching model (Refactored & Modularized)
  Clustered PCM: 108 physical units -> 31 equivalent units (71.3% state reduction; 108 units in non-singleton clusters)
  ✓ True clustered UC completed (31 virtual units)
PART1: [unit-commitment] calculation result has been saved to: D:\GithubClonefiles\module_unitcommitment\.worktrees\108_168h\output\pcm_com4_loadall_h168_20260823_210543\smooth\clu_ovl\r01\output/details_schedule_results/pcm_simulation_results/intervels_[1]/res_schedule_commitment_result.txt
Step-3: Creating dispatching model (Refactored & Modularized)
  Clustered PCM: 108 physical units -> 31 equivalent units (71.3% state reduction; 108 units in non-singleton clusters)
  ✓ True clustered UC completed (31 virtual units)
PART1: [unit-commitment] calculation result has been saved to: D:\GithubClonefiles\module_unitcommitment\.worktrees\108_168h\output\pcm_com4_loadall_h168_20260823_210543\smooth\clu_ovl\r01\output/details_schedule_results/pcm_simulation_results/intervels_[1]/res_schedule_commitment_result.txt
Step-3: Creating dispatching model (Refactored & Modularized)
  Clustered PCM: 108 physical units -> 31 equivalent units (71.3% state reduction; 108 units in non-singleton clusters)
  ✓ True clustered UC completed (31 virtual units)
PART1: [unit-commitment] calculation result has been saved to: D:\GithubClonefiles\module_unitcommitment\.worktrees\108_168h\output\pcm_com4_loadall_h168_20260823_210543\smooth\clu_ovl\r01\output/details_schedule_results/pcm_simulation_results/intervels_[1]/res_schedule_commitment_result.txt
PART1: [unit-commitment] calculation result has been saved to: D:\GithubClonefiles\module_unitcommitment\.worktrees\108_168h\output\pcm_com4_loadall_h168_20260823_210543\smooth\clu_ovl\r01\output/details_schedule_results/pcm_simulation_results/intervels_[1]/res_schedule_commitment_result.txt
Step-3: Creating dispatching model (Refactored & Modularized)
  Clustered PCM: 108 physical units -> 31 equivalent units (71.3% state reduction; 108 units in non-singleton clusters)
  ✓ True clustered UC completed (31 virtual units)
Step-3: Creating dispatching model (Refactored & Modularized)
  Clustered PCM: 108 physical units -> 31 equivalent units (71.3% state reduction; 108 units in non-singleton clusters)
  ✓ True clustered UC completed (31 virtual units)
PART1: [unit-commitment] calculation result has been saved to: D:\GithubClonefiles\module_unitcommitment\.worktrees\108_168h\output\pcm_com4_loadall_h168_20260823_210543\smooth\clu_ovl\r01\output/details_schedule_results/pcm_simulation_results/intervels_[1]/res_schedule_commitment_result.txt
Step-3: Creating dispatching model (Refactored & Modularized)
  Clustered PCM: 108 physical units -> 31 equivalent units (71.3% state reduction; 108 units in non-singleton clusters)
  ✓ True clustered UC completed (31 virtual units)
PART1: [unit-commitment] calculation result has been saved to: D:\GithubClonefiles\module_unitcommitment\.worktrees\108_168h\output\pcm_com4_loadall_h168_20260823_210543\smooth\clu_ovl\r01\output/details_schedule_results/pcm_simulation_results/intervels_[1]/res_schedule_commitment_result.txt
Step-3: Creating dispatching model (Refactored & Modularized)
  Clustered PCM: 108 physical units -> 31 equivalent units (71.3% state reduction; 108 units in non-singleton clusters)
  ✓ True clustered UC completed (31 virtual units)
PART1: [unit-commitment] calculation result has been saved to: D:\GithubClonefiles\module_unitcommitment\.worktrees\108_168h\output\pcm_com4_loadall_h168_20260823_210543\smooth\clu_ovl\r01\output/details_schedule_results/pcm_simulation_results/intervels_[1]/res_schedule_commitment_result.txt
PART1: [unit-commitment] calculation result has been saved to: D:\GithubClonefiles\module_unitcommitment\.worktrees\108_168h\output\pcm_com4_loadall_h168_20260823_210543\smooth\clu_ovl\r01\output/details_schedule_results/pcm_simulation_results/intervels_[1]/res_schedule_commitment_result.txt
Step-3: Creating dispatching model (Refactored & Modularized)
  Clustered PCM: 108 physical units -> 31 equivalent units (71.3% state reduction; 108 units in non-singleton clusters)
  ✓ True clustered UC completed (31 virtual units)
Step-3: Creating dispatching model (Refactored & Modularized)
  Clustered PCM: 108 physical units -> 31 equivalent units (71.3% state reduction; 108 units in non-singleton clusters)
  ✓ True clustered UC completed (31 virtual units)
PART1: [unit-commitment] calculation result has been saved to: D:\GithubClonefiles\module_unitcommitment\.worktrees\108_168h\output\pcm_com4_loadall_h168_20260823_210543\smooth\clu_ovl\r01\output/details_schedule_results/pcm_simulation_results/intervels_[1]/res_schedule_commitment_result.txt
Step-3: Creating dispatching model (Refactored & Modularized)
  Clustered PCM: 108 physical units -> 31 equivalent units (71.3% state reduction; 108 units in non-singleton clusters)
  ✓ True clustered UC completed (31 virtual units)
PART1: [unit-commitment] calculation result has been saved to: D:\GithubClonefiles\module_unitcommitment\.worktrees\108_168h\output\pcm_com4_loadall_h168_20260823_210543\smooth\clu_ovl\r01\output/details_schedule_results/pcm_simulation_results/intervels_[1]/res_schedule_commitment_result.txt
Step-3: Creating dispatching model (Refactored & Modularized)
  Clustered PCM: 108 physical units -> 31 equivalent units (71.3% state reduction; 108 units in non-singleton clusters)
  ✓ True clustered UC completed (31 virtual units)
PART1: [unit-commitment] calculation result has been saved to: D:\GithubClonefiles\module_unitcommitment\.worktrees\108_168h\output\pcm_com4_loadall_h168_20260823_210543\smooth\clu_ovl\r01\output/details_schedule_results/pcm_simulation_results/intervels_[1]/res_schedule_commitment_result.txt
PART1: [unit-commitment] calculation result has been saved to: D:\GithubClonefiles\module_unitcommitment\.worktrees\108_168h\output\pcm_com4_loadall_h168_20260823_210543\smooth\clu_ovl\r01\output/details_schedule_results/pcm_simulation_results/intervels_[1]/res_schedule_commitment_result.txt
Step-3: Creating dispatching model (Refactored & Modularized)
  Clustered PCM: 108 physical units -> 31 equivalent units (71.3% state reduction; 108 units in non-singleton clusters)
  ✓ True clustered UC completed (31 virtual units)
Step-3: Creating dispatching model (Refactored & Modularized)
  Clustered PCM: 108 physical units -> 31 equivalent units (71.3% state reduction; 108 units in non-singleton clusters)
  ✓ True clustered UC completed (31 virtual units)
PART1: [unit-commitment] calculation result has been saved to: D:\GithubClonefiles\module_unitcommitment\.worktrees\108_168h\output\pcm_com4_loadall_h168_20260823_210543\smooth\clu_ovl\r01\output/details_schedule_results/pcm_simulation_results/intervels_[1]/res_schedule_commitment_result.txt
Step-3: Creating dispatching model (Refactored & Modularized)
  Clustered PCM: 108 physical units -> 31 equivalent units (71.3% state reduction; 108 units in non-singleton clusters)
  ✓ True clustered UC completed (31 virtual units)
PART1: [unit-commitment] calculation result has been saved to: D:\GithubClonefiles\module_unitcommitment\.worktrees\108_168h\output\pcm_com4_loadall_h168_20260823_210543\smooth\clu_ovl\r01\output/details_schedule_results/pcm_simulation_results/intervels_[1]/res_schedule_commitment_result.txt
Step-3: Creating dispatching model (Refactored & Modularized)
  Clustered PCM: 108 physical units -> 31 equivalent units (71.3% state reduction; 108 units in non-singleton clusters)
  ✓ True clustered UC completed (31 virtual units)
PART1: [unit-commitment] calculation result has been saved to: D:\GithubClonefiles\module_unitcommitment\.worktrees\108_168h\output\pcm_com4_loadall_h168_20260823_210543\smooth\clu_ovl\r01\output/details_schedule_results/pcm_simulation_results/intervels_[1]/res_schedule_commitment_result.txt
PART1: [unit-commitment] calculation result has been saved to: D:\GithubClonefiles\module_unitcommitment\.worktrees\108_168h\output\pcm_com4_loadall_h168_20260823_210543\smooth\clu_ovl\r01\output/details_schedule_results/pcm_simulation_results/intervels_[1]/res_schedule_commitment_result.txt
Step-3: Creating dispatching model (Refactored & Modularized)
  Clustered PCM: 108 physical units -> 31 equivalent units (71.3% state reduction; 108 units in non-singleton clusters)
  ✓ True clustered UC completed (31 virtual units)
Step-3: Creating dispatching model (Refactored & Modularized)
  Clustered PCM: 108 physical units -> 31 equivalent units (71.3% state reduction; 108 units in non-singleton clusters)
  ✓ True clustered UC completed (31 virtual units)
PART1: [unit-commitment] calculation result has been saved to: D:\GithubClonefiles\module_unitcommitment\.worktrees\108_168h\output\pcm_com4_loadall_h168_20260823_210543\smooth\clu_ovl\r01\output/details_schedule_results/pcm_simulation_results/intervels_[1]/res_schedule_commitment_result.txt
Step-3: Creating dispatching model (Refactored & Modularized)
  Clustered PCM: 108 physical units -> 31 equivalent units (71.3% state reduction; 108 units in non-singleton clusters)
  ✓ True clustered UC completed (31 virtual units)
PART1: [unit-commitment] calculation result has been saved to: D:\GithubClonefiles\module_unitcommitment\.worktrees\108_168h\output\pcm_com4_loadall_h168_20260823_210543\smooth\clu_ovl\r01\output/details_schedule_results/pcm_simulation_results/intervels_[1]/res_schedule_commitment_result.txt
Step-3: Creating dispatching model (Refactored & Modularized)
  Clustered PCM: 108 physical units -> 31 equivalent units (71.3% state reduction; 108 units in non-singleton clusters)
  ✓ True clustered UC completed (31 virtual units)
PART1: [unit-commitment] calculation result has been saved to: D:\GithubClonefiles\module_unitcommitment\.worktrees\108_168h\output\pcm_com4_loadall_h168_20260823_210543\smooth\clu_ovl\r01\output/details_schedule_results/pcm_simulation_results/intervels_[1]/res_schedule_commitment_result.txt
PART1: [unit-commitment] calculation result has been saved to: D:\GithubClonefiles\module_unitcommitment\.worktrees\108_168h\output\pcm_com4_loadall_h168_20260823_210543\smooth\clu_ovl\r01\output/details_schedule_results/pcm_simulation_results/intervels_[1]/res_schedule_commitment_result.txt
Step-3: Creating dispatching model (Refactored & Modularized)
  Clustered PCM: 108 physical units -> 31 equivalent units (71.3% state reduction; 108 units in non-singleton clusters)
  ✓ True clustered UC completed (31 virtual units)
Step-3: Creating dispatching model (Refactored & Modularized)
  Clustered PCM: 108 physical units -> 31 equivalent units (71.3% state reduction; 108 units in non-singleton clusters)
  ✓ True clustered UC completed (31 virtual units)
PART1: [unit-commitment] calculation result has been saved to: D:\GithubClonefiles\module_unitcommitment\.worktrees\108_168h\output\pcm_com4_loadall_h168_20260823_210543\smooth\clu_ovl\r01\output/details_schedule_results/pcm_simulation_results/intervels_[1]/res_schedule_commitment_result.txt
Step-3: Creating dispatching model (Refactored & Modularized)
  Clustered PCM: 108 physical units -> 31 equivalent units (71.3% state reduction; 108 units in non-singleton clusters)
  ✓ True clustered UC completed (31 virtual units)
PART1: [unit-commitment] calculation result has been saved to: D:\GithubClonefiles\module_unitcommitment\.worktrees\108_168h\output\pcm_com4_loadall_h168_20260823_210543\smooth\clu_ovl\r01\output/details_schedule_results/pcm_simulation_results/intervels_[1]/res_schedule_commitment_result.txt
Step-3: Creating dispatching model (Refactored & Modularized)
  Clustered PCM: 108 physical units -> 31 equivalent units (71.3% state reduction; 108 units in non-singleton clusters)
  ✓ True clustered UC completed (31 virtual units)
PART1: [unit-commitment] calculation result has been saved to: D:\GithubClonefiles\module_unitcommitment\.worktrees\108_168h\output\pcm_com4_loadall_h168_20260823_210543\smooth\clu_ovl\r01\output/details_schedule_results/pcm_simulation_results/intervels_[1]/res_schedule_commitment_result.txt
PART1: [unit-commitment] calculation result has been saved to: D:\GithubClonefiles\module_unitcommitment\.worktrees\108_168h\output\pcm_com4_loadall_h168_20260823_210543\smooth\clu_ovl\r01\output/details_schedule_results/pcm_simulation_results/intervels_[1]/res_schedule_commitment_result.txt
Step-3: Creating dispatching model (Refactored & Modularized)
  Clustered PCM: 108 physical units -> 31 equivalent units (71.3% state reduction; 108 units in non-singleton clusters)
  ✓ True clustered UC completed (31 virtual units)
Step-3: Creating dispatching model (Refactored & Modularized)
  Clustered PCM: 108 physical units -> 31 equivalent units (71.3% state reduction; 108 units in non-singleton clusters)
  ✓ True clustered UC completed (31 virtual units)
PART1: [unit-commitment] calculation result has been saved to: D:\GithubClonefiles\module_unitcommitment\.worktrees\108_168h\output\pcm_com4_loadall_h168_20260823_210543\smooth\clu_ovl\r01\output/details_schedule_results/pcm_simulation_results/intervels_[1]/res_schedule_commitment_result.txt
Step-3: Creating dispatching model (Refactored & Modularized)
  Clustered PCM: 108 physical units -> 31 equivalent units (71.3% state reduction; 108 units in non-singleton clusters)
  ✓ True clustered UC completed (31 virtual units)
PART1: [unit-commitment] calculation result has been saved to: D:\GithubClonefiles\module_unitcommitment\.worktrees\108_168h\output\pcm_com4_loadall_h168_20260823_210543\smooth\clu_ovl\r01\output/details_schedule_results/pcm_simulation_results/intervels_[1]/res_schedule_commitment_result.txt
Step-3: Creating dispatching model (Refactored & Modularized)
  Clustered PCM: 108 physical units -> 31 equivalent units (71.3% state reduction; 108 units in non-singleton clusters)
  ✓ True clustered UC completed (31 virtual units)
PART1: [unit-commitment] calculation result has been saved to: D:\GithubClonefiles\module_unitcommitment\.worktrees\108_168h\output\pcm_com4_loadall_h168_20260823_210543\smooth\clu_ovl\r01\output/details_schedule_results/pcm_simulation_results/intervels_[1]/res_schedule_commitment_result.txt
PART1: [unit-commitment] calculation result has been saved to: D:\GithubClonefiles\module_unitcommitment\.worktrees\108_168h\output\pcm_com4_loadall_h168_20260823_210543\smooth\clu_ovl\r01\output/details_schedule_results/pcm_simulation_results/intervels_[1]/res_schedule_commitment_result.txt
Step-3: Creating dispatching model (Refactored & Modularized)
  Clustered PCM: 108 physical units -> 31 equivalent units (71.3% state reduction; 108 units in non-singleton clusters)
  ✓ True clustered UC completed (31 virtual units)
Step-3: Creating dispatching model (Refactored & Modularized)
  Clustered PCM: 108 physical units -> 31 equivalent units (71.3% state reduction; 108 units in non-singleton clusters)
  ✓ True clustered UC completed (31 virtual units)
PART1: [unit-commitment] calculation result has been saved to: D:\GithubClonefiles\module_unitcommitment\.worktrees\108_168h\output\pcm_com4_loadall_h168_20260823_210543\smooth\clu_ovl\r01\output/details_schedule_results/pcm_simulation_results/intervels_[1]/res_schedule_commitment_result.txt
Step-3: Creating dispatching model (Refactored & Modularized)
  Clustered PCM: 108 physical units -> 31 equivalent units (71.3% state reduction; 108 units in non-singleton clusters)
  ✓ True clustered UC completed (31 virtual units)
PART1: [unit-commitment] calculation result has been saved to: D:\GithubClonefiles\module_unitcommitment\.worktrees\108_168h\output\pcm_com4_loadall_h168_20260823_210543\smooth\clu_ovl\r01\output/details_schedule_results/pcm_simulation_results/intervels_[1]/res_schedule_commitment_result.txt
Step-3: Creating dispatching model (Refactored & Modularized)
  Clustered PCM: 108 physical units -> 31 equivalent units (71.3% state reduction; 108 units in non-singleton clusters)
  ✓ True clustered UC completed (31 virtual units)
PART1: [unit-commitment] calculation result has been saved to: D:\GithubClonefiles\module_unitcommitment\.worktrees\108_168h\output\pcm_com4_loadall_h168_20260823_210543\smooth\clu_ovl\r01\output/details_schedule_results/pcm_simulation_results/intervels_[1]/res_schedule_commitment_result.txt
PART1: [unit-commitment] calculation result has been saved to: D:\GithubClonefiles\module_unitcommitment\.worktrees\108_168h\output\pcm_com4_loadall_h168_20260823_210543\smooth\clu_ovl\r01\output/details_schedule_results/pcm_simulation_results/intervels_[1]/res_schedule_commitment_result.txt
Step-3: Creating dispatching model (Refactored & Modularized)
  Clustered PCM: 108 physical units -> 31 equivalent units (71.3% state reduction; 108 units in non-singleton clusters)
  ✓ True clustered UC completed (31 virtual units)
Step-3: Creating dispatching model (Refactored & Modularized)
  Clustered PCM: 108 physical units -> 31 equivalent units (71.3% state reduction; 108 units in non-singleton clusters)
  ✓ True clustered UC completed (31 virtual units)
PART1: [unit-commitment] calculation result has been saved to: D:\GithubClonefiles\module_unitcommitment\.worktrees\108_168h\output\pcm_com4_loadall_h168_20260823_210543\smooth\clu_ovl\r01\output/details_schedule_results/pcm_simulation_results/intervels_[1]/res_schedule_commitment_result.txt
Step-3: Creating dispatching model (Refactored & Modularized)
  Clustered PCM: 108 physical units -> 31 equivalent units (71.3% state reduction; 108 units in non-singleton clusters)
  ✓ True clustered UC completed (31 virtual units)
PART1: [unit-commitment] calculation result has been saved to: D:\GithubClonefiles\module_unitcommitment\.worktrees\108_168h\output\pcm_com4_loadall_h168_20260823_210543\smooth\clu_ovl\r01\output/details_schedule_results/pcm_simulation_results/intervels_[1]/res_schedule_commitment_result.txt
Step-3: Creating dispatching model (Refactored & Modularized)
  Clustered PCM: 108 physical units -> 31 equivalent units (71.3% state reduction; 108 units in non-singleton clusters)
  ✓ True clustered UC completed (31 virtual units)
PART1: [unit-commitment] calculation result has been saved to: D:\GithubClonefiles\module_unitcommitment\.worktrees\108_168h\output\pcm_com4_loadall_h168_20260823_210543\smooth\clu_ovl\r01\output/details_schedule_results/pcm_simulation_results/intervels_[1]/res_schedule_commitment_result.txt
PART1: [unit-commitment] calculation result has been saved to: D:\GithubClonefiles\module_unitcommitment\.worktrees\108_168h\output\pcm_com4_loadall_h168_20260823_210543\smooth\clu_ovl\r01\output/details_schedule_results/pcm_simulation_results/intervels_[1]/res_schedule_commitment_result.txt
Step-3: Creating dispatching model (Refactored & Modularized)
  Clustered PCM: 108 physical units -> 31 equivalent units (71.3% state reduction; 108 units in non-singleton clusters)
  ✓ True clustered UC completed (31 virtual units)
Step-3: Creating dispatching model (Refactored & Modularized)
  Clustered PCM: 108 physical units -> 31 equivalent units (71.3% state reduction; 108 units in non-singleton clusters)
  ✓ True clustered UC completed (31 virtual units)
PART1: [unit-commitment] calculation result has been saved to: D:\GithubClonefiles\module_unitcommitment\.worktrees\108_168h\output\pcm_com4_loadall_h168_20260823_210543\smooth\clu_ovl\r01\output/details_schedule_results/pcm_simulation_results/intervels_[1]/res_schedule_commitment_result.txt
Step-3: Creating dispatching model (Refactored & Modularized)
  Clustered PCM: 108 physical units -> 31 equivalent units (71.3% state reduction; 108 units in non-singleton clusters)
  ✓ True clustered UC completed (31 virtual units)
PART1: [unit-commitment] calculation result has been saved to: D:\GithubClonefiles\module_unitcommitment\.worktrees\108_168h\output\pcm_com4_loadall_h168_20260823_210543\smooth\clu_ovl\r01\output/details_schedule_results/pcm_simulation_results/intervels_[1]/res_schedule_commitment_result.txt
Step-3: Creating dispatching model (Refactored & Modularized)
  Clustered PCM: 108 physical units -> 31 equivalent units (71.3% state reduction; 108 units in non-singleton clusters)
  ✓ True clustered UC completed (31 virtual units)
PART1: [unit-commitment] calculation result has been saved to: D:\GithubClonefiles\module_unitcommitment\.worktrees\108_168h\output\pcm_com4_loadall_h168_20260823_210543\smooth\clu_ovl\r01\output/details_schedule_results/pcm_simulation_results/intervels_[1]/res_schedule_commitment_result.txt
PART1: [unit-commitment] calculation result has been saved to: D:\GithubClonefiles\module_unitcommitment\.worktrees\108_168h\output\pcm_com4_loadall_h168_20260823_210543\smooth\clu_ovl\r01\output/details_schedule_results/pcm_simulation_results/intervels_[1]/res_schedule_commitment_result.txt
Step-3: Creating dispatching model (Refactored & Modularized)
  Clustered PCM: 108 physical units -> 31 equivalent units (71.3% state reduction; 108 units in non-singleton clusters)
  ✓ True clustered UC completed (31 virtual units)
Step-3: Creating dispatching model (Refactored & Modularized)
  Clustered PCM: 108 physical units -> 31 equivalent units (71.3% state reduction; 108 units in non-singleton clusters)
  ✓ True clustered UC completed (31 virtual units)
PART1: [unit-commitment] calculation result has been saved to: D:\GithubClonefiles\module_unitcommitment\.worktrees\108_168h\output\pcm_com4_loadall_h168_20260823_210543\smooth\clu_ovl\r01\output/details_schedule_results/pcm_simulation_results/intervels_[1]/res_schedule_commitment_result.txt
Step-3: Creating dispatching model (Refactored & Modularized)
  Clustered PCM: 108 physical units -> 31 equivalent units (71.3% state reduction; 108 units in non-singleton clusters)
  ✓ True clustered UC completed (31 virtual units)
PART1: [unit-commitment] calculation result has been saved to: D:\GithubClonefiles\module_unitcommitment\.worktrees\108_168h\output\pcm_com4_loadall_h168_20260823_210543\smooth\clu_ovl\r01\output/details_schedule_results/pcm_simulation_results/intervels_[1]/res_schedule_commitment_result.txt
Step-3: Creating dispatching model (Refactored & Modularized)
  Clustered PCM: 108 physical units -> 31 equivalent units (71.3% state reduction; 108 units in non-singleton clusters)
  ✓ True clustered UC completed (31 virtual units)
PART1: [unit-commitment] calculation result has been saved to: D:\GithubClonefiles\module_unitcommitment\.worktrees\108_168h\output\pcm_com4_loadall_h168_20260823_210543\smooth\clu_ovl\r01\output/details_schedule_results/pcm_simulation_results/intervels_[1]/res_schedule_commitment_result.txt
PART1: [unit-commitment] calculation result has been saved to: D:\GithubClonefiles\module_unitcommitment\.worktrees\108_168h\output\pcm_com4_loadall_h168_20260823_210543\smooth\clu_ovl\r01\output/details_schedule_results/pcm_simulation_results/intervels_[1]/res_schedule_commitment_result.txt
Step-3: Creating dispatching model (Refactored & Modularized)
  Clustered PCM: 108 physical units -> 31 equivalent units (71.3% state reduction; 108 units in non-singleton clusters)
  ✓ True clustered UC completed (31 virtual units)
Step-3: Creating dispatching model (Refactored & Modularized)
  Clustered PCM: 108 physical units -> 31 equivalent units (71.3% state reduction; 108 units in non-singleton clusters)
  ✓ True clustered UC completed (31 virtual units)
PART1: [unit-commitment] calculation result has been saved to: D:\GithubClonefiles\module_unitcommitment\.worktrees\108_168h\output\pcm_com4_loadall_h168_20260823_210543\smooth\clu_ovl\r01\output/details_schedule_results/pcm_simulation_results/intervels_[1]/res_schedule_commitment_result.txt
Step-3: Creating dispatching model (Refactored & Modularized)
  Clustered PCM: 108 physical units -> 31 equivalent units (71.3% state reduction; 108 units in non-singleton clusters)
  ✓ True clustered UC completed (31 virtual units)
PART1: [unit-commitment] calculation result has been saved to: D:\GithubClonefiles\module_unitcommitment\.worktrees\108_168h\output\pcm_com4_loadall_h168_20260823_210543\smooth\clu_ovl\r01\output/details_schedule_results/pcm_simulation_results/intervels_[1]/res_schedule_commitment_result.txt
Step-3: Creating dispatching model (Refactored & Modularized)
  Clustered PCM: 108 physical units -> 31 equivalent units (71.3% state reduction; 108 units in non-singleton clusters)
  ✓ True clustered UC completed (31 virtual units)
PART1: [unit-commitment] calculation result has been saved to: D:\GithubClonefiles\module_unitcommitment\.worktrees\108_168h\output\pcm_com4_loadall_h168_20260823_210543\smooth\clu_ovl\r01\output/details_schedule_results/pcm_simulation_results/intervels_[1]/res_schedule_commitment_result.txt
PART1: [unit-commitment] calculation result has been saved to: D:\GithubClonefiles\module_unitcommitment\.worktrees\108_168h\output\pcm_com4_loadall_h168_20260823_210543\smooth\clu_ovl\r01\output/details_schedule_results/pcm_simulation_results/intervels_[1]/res_schedule_commitment_result.txt
Step-3: Creating dispatching model (Refactored & Modularized)
  Clustered PCM: 108 physical units -> 31 equivalent units (71.3% state reduction; 108 units in non-singleton clusters)
  ✓ True clustered UC completed (31 virtual units)
Step-3: Creating dispatching model (Refactored & Modularized)
  Clustered PCM: 108 physical units -> 31 equivalent units (71.3% state reduction; 108 units in non-singleton clusters)
  ✓ True clustered UC completed (31 virtual units)
PART1: [unit-commitment] calculation result has been saved to: D:\GithubClonefiles\module_unitcommitment\.worktrees\108_168h\output\pcm_com4_loadall_h168_20260823_210543\smooth\clu_ovl\r01\output/details_schedule_results/pcm_simulation_results/intervels_[1]/res_schedule_commitment_result.txt
Step-3: Creating dispatching model (Refactored & Modularized)
  Clustered PCM: 108 physical units -> 31 equivalent units (71.3% state reduction; 108 units in non-singleton clusters)
  ✓ True clustered UC completed (31 virtual units)
PART1: [unit-commitment] calculation result has been saved to: D:\GithubClonefiles\module_unitcommitment\.worktrees\108_168h\output\pcm_com4_loadall_h168_20260823_210543\smooth\clu_ovl\r01\output/details_schedule_results/pcm_simulation_results/intervels_[1]/res_schedule_commitment_result.txt
Step-3: Creating dispatching model (Refactored & Modularized)
  Clustered PCM: 108 physical units -> 31 equivalent units (71.3% state reduction; 108 units in non-singleton clusters)
  ✓ True clustered UC completed (31 virtual units)
PART1: [unit-commitment] calculation result has been saved to: D:\GithubClonefiles\module_unitcommitment\.worktrees\108_168h\output\pcm_com4_loadall_h168_20260823_210543\smooth\clu_ovl\r01\output/details_schedule_results/pcm_simulation_results/intervels_[1]/res_schedule_commitment_result.txt
PART1: [unit-commitment] calculation result has been saved to: D:\GithubClonefiles\module_unitcommitment\.worktrees\108_168h\output\pcm_com4_loadall_h168_20260823_210543\smooth\clu_ovl\r01\output/details_schedule_results/pcm_simulation_results/intervels_[1]/res_schedule_commitment_result.txt
Step-3: Creating dispatching model (Refactored & Modularized)
  Clustered PCM: 108 physical units -> 31 equivalent units (71.3% state reduction; 108 units in non-singleton clusters)
  ✓ True clustered UC completed (31 virtual units)
Step-3: Creating dispatching model (Refactored & Modularized)
  Clustered PCM: 108 physical units -> 31 equivalent units (71.3% state reduction; 108 units in non-singleton clusters)
  ✓ True clustered UC completed (31 virtual units)
PART1: [unit-commitment] calculation result has been saved to: D:\GithubClonefiles\module_unitcommitment\.worktrees\108_168h\output\pcm_com4_loadall_h168_20260823_210543\smooth\clu_ovl\r01\output/details_schedule_results/pcm_simulation_results/intervels_[1]/res_schedule_commitment_result.txt
Step-3: Creating dispatching model (Refactored & Modularized)
  Clustered PCM: 108 physical units -> 31 equivalent units (71.3% state reduction; 108 units in non-singleton clusters)
  ✓ True clustered UC completed (31 virtual units)
PART1: [unit-commitment] calculation result has been saved to: D:\GithubClonefiles\module_unitcommitment\.worktrees\108_168h\output\pcm_com4_loadall_h168_20260823_210543\smooth\clu_ovl\r01\output/details_schedule_results/pcm_simulation_results/intervels_[1]/res_schedule_commitment_result.txt
Step-3: Creating dispatching model (Refactored & Modularized)
  Clustered PCM: 108 physical units -> 31 equivalent units (71.3% state reduction; 108 units in non-singleton clusters)
  ✓ True clustered UC completed (31 virtual units)
PART1: [unit-commitment] calculation result has been saved to: D:\GithubClonefiles\module_unitcommitment\.worktrees\108_168h\output\pcm_com4_loadall_h168_20260823_210543\smooth\clu_ovl\r01\output/details_schedule_results/pcm_simulation_results/intervels_[1]/res_schedule_commitment_result.txt
PART1: [unit-commitment] calculation result has been saved to: D:\GithubClonefiles\module_unitcommitment\.worktrees\108_168h\output\pcm_com4_loadall_h168_20260823_210543\smooth\clu_ovl\r01\output/details_schedule_results/pcm_simulation_results/intervels_[1]/res_schedule_commitment_result.txt
Step-3: Creating dispatching model (Refactored & Modularized)
  Clustered PCM: 108 physical units -> 31 equivalent units (71.3% state reduction; 108 units in non-singleton clusters)
  ✓ True clustered UC completed (31 virtual units)
Step-3: Creating dispatching model (Refactored & Modularized)
  Clustered PCM: 108 physical units -> 31 equivalent units (71.3% state reduction; 108 units in non-singleton clusters)
  ✓ True clustered UC completed (31 virtual units)
PART1: [unit-commitment] calculation result has been saved to: D:\GithubClonefiles\module_unitcommitment\.worktrees\108_168h\output\pcm_com4_loadall_h168_20260823_210543\smooth\clu_ovl\r01\output/details_schedule_results/pcm_simulation_results/intervels_[1]/res_schedule_commitment_result.txt
Step-3: Creating dispatching model (Refactored & Modularized)
  Clustered PCM: 108 physical units -> 31 equivalent units (71.3% state reduction; 108 units in non-singleton clusters)
  ✓ True clustered UC completed (31 virtual units)
PART1: [unit-commitment] calculation result has been saved to: D:\GithubClonefiles\module_unitcommitment\.worktrees\108_168h\output\pcm_com4_loadall_h168_20260823_210543\smooth\clu_ovl\r01\output/details_schedule_results/pcm_simulation_results/intervels_[1]/res_schedule_commitment_result.txt
Step-3: Creating dispatching model (Refactored & Modularized)
  Clustered PCM: 108 physical units -> 31 equivalent units (71.3% state reduction; 108 units in non-singleton clusters)
  ✓ True clustered UC completed (31 virtual units)
PART1: [unit-commitment] calculation result has been saved to: D:\GithubClonefiles\module_unitcommitment\.worktrees\108_168h\output\pcm_com4_loadall_h168_20260823_210543\smooth\clu_ovl\r01\output/details_schedule_results/pcm_simulation_results/intervels_[1]/res_schedule_commitment_result.txt
PART1: [unit-commitment] calculation result has been saved to: D:\GithubClonefiles\module_unitcommitment\.worktrees\108_168h\output\pcm_com4_loadall_h168_20260823_210543\smooth\clu_ovl\r01\output/details_schedule_results/pcm_simulation_results/intervels_[1]/res_schedule_commitment_result.txt
Step-3: Creating dispatching model (Refactored & Modularized)
  Clustered PCM: 108 physical units -> 31 equivalent units (71.3% state reduction; 108 units in non-singleton clusters)
  ✓ True clustered UC completed (31 virtual units)
Step-3: Creating dispatching model (Refactored & Modularized)
  Clustered PCM: 108 physical units -> 31 equivalent units (71.3% state reduction; 108 units in non-singleton clusters)
Set parameter Username
Set parameter LicenseID to value 2826524
Academic license - for non-commercial use only - expires 2027-05-22
Set parameter Username
Set parameter LicenseID to value 2826524
Academic license - for non-commercial use only - expires 2027-05-22
Set parameter Username
Set parameter LicenseID to value 2826524
Academic license - for non-commercial use only - expires 2027-05-22
Set parameter Username
Set parameter LicenseID to value 2826524
Academic license - for non-commercial use only - expires 2027-05-22
Set parameter Username
Set parameter LicenseID to value 2826524
Academic license - for non-commercial use only - expires 2027-05-22
Set parameter Username
Set parameter LicenseID to value 2826524
Academic license - for non-commercial use only - expires 2027-05-22
Set parameter Username
Set parameter LicenseID to value 2826524
Academic license - for non-commercial use only - expires 2027-05-22
Set parameter Username
Set parameter LicenseID to value 2826524
Academic license - for non-commercial use only - expires 2027-05-22
Set parameter Username
Set parameter LicenseID to value 2826524
Academic license - for non-commercial use only - expires 2027-05-22
Set parameter Username
Set parameter LicenseID to value 2826524
Academic license - for non-commercial use only - expires 2027-05-22
Set parameter Username
Set parameter LicenseID to value 2826524
Academic license - for non-commercial use only - expires 2027-05-22
Set parameter Username
Set parameter LicenseID to value 2826524
Academic license - for non-commercial use only - expires 2027-05-22
Set parameter Username
Set parameter LicenseID to value 2826524
Academic license - for non-commercial use only - expires 2027-05-22
Set parameter Username
Set parameter LicenseID to value 2826524
Academic license - for non-commercial use only - expires 2027-05-22
Set parameter Username
Set parameter LicenseID to value 2826524
Academic license - for non-commercial use only - expires 2027-05-22
Set parameter Username
Set parameter LicenseID to value 2826524
Academic license - for non-commercial use only - expires 2027-05-22
Set parameter Username
Set parameter LicenseID to value 2826524
Academic license - for non-commercial use only - expires 2027-05-22
Set parameter Username
Set parameter LicenseID to value 2826524
Academic license - for non-commercial use only - expires 2027-05-22
Set parameter Username
Set parameter LicenseID to value 2826524
Academic license - for non-commercial use only - expires 2027-05-22
Set parameter Username
Set parameter LicenseID to value 2826524
Academic license - for non-commercial use only - expires 2027-05-22
Set parameter Username
Set parameter LicenseID to value 2826524
Academic license - for non-commercial use only - expires 2027-05-22
Set parameter Username
Set parameter LicenseID to value 2826524
Academic license - for non-commercial use only - expires 2027-05-22
Set parameter Username
Set parameter LicenseID to value 2826524
Academic license - for non-commercial use only - expires 2027-05-22
Set parameter Username
Set parameter LicenseID to value 2826524
Academic license - for non-commercial use only - expires 2027-05-22
Set parameter Username
Set parameter LicenseID to value 2826524
Academic license - for non-commercial use only - expires 2027-05-22
Set parameter Username
Set parameter LicenseID to value 2826524
Academic license - for non-commercial use only - expires 2027-05-22
Set parameter Username
Set parameter LicenseID to value 2826524
Academic license - for non-commercial use only - expires 2027-05-22
Set parameter Username
Set parameter LicenseID to value 2826524
Academic license - for non-commercial use only - expires 2027-05-22
Set parameter Username
Set parameter LicenseID to value 2826524
Academic license - for non-commercial use only - expires 2027-05-22
Set parameter Username
Set parameter LicenseID to value 2826524
Academic license - for non-commercial use only - expires 2027-05-22
Set parameter Username
Set parameter LicenseID to value 2826524
Academic license - for non-commercial use only - expires 2027-05-22
Set parameter Username
Set parameter LicenseID to value 2826524
Academic license - for non-commercial use only - expires 2027-05-22
Set parameter Username
Set parameter LicenseID to value 2826524
Academic license - for non-commercial use only - expires 2027-05-22
Set parameter Username
Set parameter LicenseID to value 2826524
Academic license - for non-commercial use only - expires 2027-05-22
Set parameter Username
Set parameter LicenseID to value 2826524
Academic license - for non-commercial use only - expires 2027-05-22
Set parameter Username
Set parameter LicenseID to value 2826524
Academic license - for non-commercial use only - expires 2027-05-22
Set parameter Username
Set parameter LicenseID to value 2826524
Academic license - for non-commercial use only - expires 2027-05-22
Set parameter Username
Set parameter LicenseID to value 2826524
Academic license - for non-commercial use only - expires 2027-05-22
Set parameter Username
Set parameter LicenseID to value 2826524
Academic license - for non-commercial use only - expires 2027-05-22
Set parameter Username
Set parameter LicenseID to value 2826524
Academic license - for non-commercial use only - expires 2027-05-22
Set parameter Username
Set parameter LicenseID to value 2826524
Academic license - for non-commercial use only - expires 2027-05-22
Set parameter Username
Set parameter LicenseID to value 2826524
Academic license - for non-commercial use only - expires 2027-05-22
Set parameter Username
Set parameter LicenseID to value 2826524
Academic license - for non-commercial use only - expires 2027-05-22
Set parameter Username
Set parameter LicenseID to value 2826524
Academic license - for non-commercial use only - expires 2027-05-22
Set parameter Username
Set parameter LicenseID to value 2826524
Academic license - for non-commercial use only - expires 2027-05-22
Set parameter Username
Set parameter LicenseID to value 2826524
Academic license - for non-commercial use only - expires 2027-05-22
Set parameter Username
Set parameter LicenseID to value 2826524
Academic license - for non-commercial use only - expires 2027-05-22
Set parameter Username
Set parameter LicenseID to value 2826524
Academic license - for non-commercial use only - expires 2027-05-22
Set parameter Username
Set parameter LicenseID to value 2826524
Academic license - for non-commercial use only - expires 2027-05-22
Set parameter Username
Set parameter LicenseID to value 2826524
Academic license - for non-commercial use only - expires 2027-05-22
Set parameter Username
Set parameter LicenseID to value 2826524
Academic license - for non-commercial use only - expires 2027-05-22
Set parameter Username
Set parameter LicenseID to value 2826524
Academic license - for non-commercial use only - expires 2027-05-22
Set parameter Username
Set parameter LicenseID to value 2826524
Academic license - for non-commercial use only - expires 2027-05-22
Set parameter Username
Set parameter LicenseID to value 2826524
Academic license - for non-commercial use only - expires 2027-05-22
Set parameter Username
Set parameter LicenseID to value 2826524
Academic license - for non-commercial use only - expires 2027-05-22
Set parameter Username
Set parameter LicenseID to value 2826524
Academic license - for non-commercial use only - expires 2027-05-22
Set parameter Username
Set parameter LicenseID to value 2826524
Academic license - for non-commercial use only - expires 2027-05-22
Set parameter Username
Set parameter LicenseID to value 2826524
Academic license - for non-commercial use only - expires 2027-05-22
Set parameter Username
Set parameter LicenseID to value 2826524
Academic license - for non-commercial use only - expires 2027-05-22
Set parameter Username
Set parameter LicenseID to value 2826524
Academic license - for non-commercial use only - expires 2027-05-22
Set parameter Username
Set parameter LicenseID to value 2826524
Academic license - for non-commercial use only - expires 2027-05-22
Set parameter Username
Set parameter LicenseID to value 2826524
Academic license - for non-commercial use only - expires 2027-05-22
Set parameter Username
Set parameter LicenseID to value 2826524
Academic license - for non-commercial use only - expires 2027-05-22
Set parameter Username
Set parameter LicenseID to value 2826524
Academic license - for non-commercial use only - expires 2027-05-22
Set parameter Username
Set parameter LicenseID to value 2826524
Academic license - for non-commercial use only - expires 2027-05-22
Set parameter Username
Set parameter LicenseID to value 2826524
Academic license - for non-commercial use only - expires 2027-05-22
Set parameter Username
Set parameter LicenseID to value 2826524
Academic license - for non-commercial use only - expires 2027-05-22
Set parameter Username
Set parameter LicenseID to value 2826524
Academic license - for non-commercial use only - expires 2027-05-22
Set parameter Username
Set parameter LicenseID to value 2826524
Academic license - for non-commercial use only - expires 2027-05-22
Set parameter Username
Set parameter LicenseID to value 2826524
Academic license - for non-commercial use only - expires 2027-05-22
Set parameter Username
Set parameter LicenseID to value 2826524
Academic license - for non-commercial use only - expires 2027-05-22
Set parameter Username
Set parameter LicenseID to value 2826524
Academic license - for non-commercial use only - expires 2027-05-22
Set parameter Username
Set parameter LicenseID to value 2826524
Academic license - for non-commercial use only - expires 2027-05-22
Set parameter Username
Set parameter LicenseID to value 2826524
Academic license - for non-commercial use only - expires 2027-05-22
Set parameter Username
Set parameter LicenseID to value 2826524
Academic license - for non-commercial use only - expires 2027-05-22
Set parameter Username
Set parameter LicenseID to value 2826524
Academic license - for non-commercial use only - expires 2027-05-22
Set parameter Username
Set parameter LicenseID to value 2826524
Academic license - for non-commercial use only - expires 2027-05-22
Set parameter Username
Set parameter LicenseID to value 2826524
Academic license - for non-commercial use only - expires 2027-05-22
Set parameter Username
Set parameter LicenseID to value 2826524
Academic license - for non-commercial use only - expires 2027-05-22
Set parameter Username
Set parameter LicenseID to value 2826524
Academic license - for non-commercial use only - expires 2027-05-22
Set parameter Username
Set parameter LicenseID to value 2826524
Academic license - for non-commercial use only - expires 2027-05-22
Set parameter Username
Set parameter LicenseID to value 2826524
Academic license - for non-commercial use only - expires 2027-05-22
Set parameter Username
Set parameter LicenseID to value 2826524
Academic license - for non-commercial use only - expires 2027-05-22
Set parameter Username
Set parameter LicenseID to value 2826524
Academic license - for non-commercial use only - expires 2027-05-22
Set parameter Username
Set parameter LicenseID to value 2826524
Academic license - for non-commercial use only - expires 2027-05-22
Set parameter Username
Set parameter LicenseID to value 2826524
Academic license - for non-commercial use only - expires 2027-05-22
Set parameter Username
Set parameter LicenseID to value 2826524
Academic license - for non-commercial use only - expires 2027-05-22
Set parameter Username
Set parameter LicenseID to value 2826524
Academic license - for non-commercial use only - expires 2027-05-22
Set parameter Username
Set parameter LicenseID to value 2826524
Academic license - for non-commercial use only - expires 2027-05-22
Set parameter Username
Set parameter LicenseID to value 2826524
Academic license - for non-commercial use only - expires 2027-05-22
Set parameter Username
Set parameter LicenseID to value 2826524
Academic license - for non-commercial use only - expires 2027-05-22
Set parameter Username
Set parameter LicenseID to value 2826524
Academic license - for non-commercial use only - expires 2027-05-22
Set parameter Username
Set parameter LicenseID to value 2826524
Academic license - for non-commercial use only - expires 2027-05-22
Set parameter Username
Set parameter LicenseID to value 2826524
Academic license - for non-commercial use only - expires 2027-05-22
Set parameter Username
Set parameter LicenseID to value 2826524
Academic license - for non-commercial use only - expires 2027-05-22
Set parameter Username
Set parameter LicenseID to value 2826524
Academic license - for non-commercial use only - expires 2027-05-22
Set parameter Username
Set parameter LicenseID to value 2826524
Academic license - for non-commercial use only - expires 2027-05-22
Set parameter Username
Set parameter LicenseID to value 2826524
Academic license - for non-commercial use only - expires 2027-05-22
Set parameter Username
Set parameter LicenseID to value 2826524
Academic license - for non-commercial use only - expires 2027-05-22
Set parameter Username
Set parameter LicenseID to value 2826524
Academic license - for non-commercial use only - expires 2027-05-22
Set parameter Username
Set parameter LicenseID to value 2826524
Academic license - for non-commercial use only - expires 2027-05-22
Set parameter Username
Set parameter LicenseID to value 2826524
Academic license - for non-commercial use only - expires 2027-05-22
Set parameter Username
Set parameter LicenseID to value 2826524
Academic license - for non-commercial use only - expires 2027-05-22
Set parameter Username
Set parameter LicenseID to value 2826524
Academic license - for non-commercial use only - expires 2027-05-22
Set parameter Username
Set parameter LicenseID to value 2826524
Academic license - for non-commercial use only - expires 2027-05-22
Set parameter Username
Set parameter LicenseID to value 2826524
Academic license - for non-commercial use only - expires 2027-05-22
Set parameter Username
Set parameter LicenseID to value 2826524
Academic license - for non-commercial use only - expires 2027-05-22
Set parameter Username
Set parameter LicenseID to value 2826524
Academic license - for non-commercial use only - expires 2027-05-22
Set parameter Username
Set parameter LicenseID to value 2826524
Academic license - for non-commercial use only - expires 2027-05-22
Set parameter Username
Set parameter LicenseID to value 2826524
Academic license - for non-commercial use only - expires 2027-05-22
Set parameter Username
Set parameter LicenseID to value 2826524
Academic license - for non-commercial use only - expires 2027-05-22
Set parameter Username
Set parameter LicenseID to value 2826524
Academic license - for non-commercial use only - expires 2027-05-22
Set parameter Username
Set parameter LicenseID to value 2826524
Academic license - for non-commercial use only - expires 2027-05-22
Set parameter Username
Set parameter LicenseID to value 2826524
Academic license - for non-commercial use only - expires 2027-05-22
Set parameter Username
Set parameter LicenseID to value 2826524
Academic license - for non-commercial use only - expires 2027-05-22
Set parameter Username
Set parameter LicenseID to value 2826524
Academic license - for non-commercial use only - expires 2027-05-22
Set parameter Username
Set parameter LicenseID to value 2826524
Academic license - for non-commercial use only - expires 2027-05-22
Set parameter Username
Set parameter LicenseID to value 2826524
Academic license - for non-commercial use only - expires 2027-05-22
Set parameter Username
Set parameter LicenseID to value 2826524
Academic license - for non-commercial use only - expires 2027-05-22
Set parameter Username
Set parameter LicenseID to value 2826524
Academic license - for non-commercial use only - expires 2027-05-22
Set parameter Username
Set parameter LicenseID to value 2826524
Academic license - for non-commercial use only - expires 2027-05-22
Set parameter Username
Set parameter LicenseID to value 2826524
Academic license - for non-commercial use only - expires 2027-05-22
Set parameter Username
Set parameter LicenseID to value 2826524
Academic license - for non-commercial use only - expires 2027-05-22
Set parameter Username
Set parameter LicenseID to value 2826524
Academic license - for non-commercial use only - expires 2027-05-22
Set parameter Username
Set parameter LicenseID to value 2826524
Academic license - for non-commercial use only - expires 2027-05-22
Set parameter Username
Set parameter LicenseID to value 2826524
Academic license - for non-commercial use only - expires 2027-05-22
Set parameter Username
Set parameter LicenseID to value 2826524
Academic license - for non-commercial use only - expires 2027-05-22
Set parameter Username
Set parameter LicenseID to value 2826524
Academic license - for non-commercial use only - expires 2027-05-22
Set parameter Username
Set parameter LicenseID to value 2826524
Academic license - for non-commercial use only - expires 2027-05-22
Set parameter Username
Set parameter LicenseID to value 2826524
Academic license - for non-commercial use only - expires 2027-05-22
  ✓ True clustered UC completed (31 virtual units)
PART1: [unit-commitment] calculation result has been saved to: D:\GithubClonefiles\module_unitcommitment\.worktrees\108_168h\output\pcm_com4_loadall_h168_20260823_210543\smooth\clu_ovl\r01\output/details_schedule_results/pcm_simulation_results/intervels_[1]/res_schedule_commitment_result.txt
Step-3: Creating dispatching model (Refactored & Modularized)
  Clustered PCM: 108 physical units -> 31 equivalent units (71.3% state reduction; 108 units in non-singleton clusters)
  ✓ True clustered UC completed (31 virtual units)
PART1: [unit-commitment] calculation result has been saved to: D:\GithubClonefiles\module_unitcommitment\.worktrees\108_168h\output\pcm_com4_loadall_h168_20260823_210543\smooth\clu_ovl\r01\output/details_schedule_results/pcm_simulation_results/intervels_[1]/res_schedule_commitment_result.txt
Step-3: Creating dispatching model (Refactored & Modularized)
  Clustered PCM: 108 physical units -> 31 equivalent units (71.3% state reduction; 108 units in non-singleton clusters)
  ✓ True clustered UC completed (31 virtual units)
PART1: [unit-commitment] calculation result has been saved to: D:\GithubClonefiles\module_unitcommitment\.worktrees\108_168h\output\pcm_com4_loadall_h168_20260823_210543\smooth\clu_ovl\r01\output/details_schedule_results/pcm_simulation_results/intervels_[1]/res_schedule_commitment_result.txt
PART1: [unit-commitment] calculation result has been saved to: D:\GithubClonefiles\module_unitcommitment\.worktrees\108_168h\output\pcm_com4_loadall_h168_20260823_210543\smooth\clu_ovl\r01\output/details_schedule_results/pcm_simulation_results/intervels_[1]/res_schedule_commitment_result.txt
Step-3: Creating dispatching model (Refactored & Modularized)
  Clustered PCM: 108 physical units -> 31 equivalent units (71.3% state reduction; 108 units in non-singleton clusters)
  ✓ True clustered UC completed (31 virtual units)
Step-3: Creating dispatching model (Refactored & Modularized)
  Clustered PCM: 108 physical units -> 31 equivalent units (71.3% state reduction; 108 units in non-singleton clusters)
  ✓ True clustered UC completed (31 virtual units)
PART1: [unit-commitment] calculation result has been saved to: D:\GithubClonefiles\module_unitcommitment\.worktrees\108_168h\output\pcm_com4_loadall_h168_20260823_210543\smooth\clu_ovl\r01\output/details_schedule_results/pcm_simulation_results/intervels_[1]/res_schedule_commitment_result.txt
Step-3: Creating dispatching model (Refactored & Modularized)
  Clustered PCM: 108 physical units -> 31 equivalent units (71.3% state reduction; 108 units in non-singleton clusters)
  ✓ True clustered UC completed (31 virtual units)
PART1: [unit-commitment] calculation result has been saved to: D:\GithubClonefiles\module_unitcommitment\.worktrees\108_168h\output\pcm_com4_loadall_h168_20260823_210543\smooth\clu_ovl\r01\output/details_schedule_results/pcm_simulation_results/intervels_[1]/res_schedule_commitment_result.txt
Step-3: Creating dispatching model (Refactored & Modularized)
  Clustered PCM: 108 physical units -> 31 equivalent units (71.3% state reduction; 108 units in non-singleton clusters)
  ✓ True clustered UC completed (31 virtual units)
PART1: [unit-commitment] calculation result has been saved to: D:\GithubClonefiles\module_unitcommitment\.worktrees\108_168h\output\pcm_com4_loadall_h168_20260823_210543\smooth\clu_ovl\r01\output/details_schedule_results/pcm_simulation_results/intervels_[1]/res_schedule_commitment_result.txt
PART1: [unit-commitment] calculation result has been saved to: D:\GithubClonefiles\module_unitcommitment\.worktrees\108_168h\output\pcm_com4_loadall_h168_20260823_210543\smooth\clu_ovl\r01\output/details_schedule_results/pcm_simulation_results/intervels_[1]/res_schedule_commitment_result.txt
Step-3: Creating dispatching model (Refactored & Modularized)
  Clustered PCM: 108 physical units -> 31 equivalent units (71.3% state reduction; 108 units in non-singleton clusters)
  ✓ True clustered UC completed (31 virtual units)
Step-3: Creating dispatching model (Refactored & Modularized)
  Clustered PCM: 108 physical units -> 31 equivalent units (71.3% state reduction; 108 units in non-singleton clusters)
  ✓ True clustered UC completed (31 virtual units)
PART1: [unit-commitment] calculation result has been saved to: D:\GithubClonefiles\module_unitcommitment\.worktrees\108_168h\output\pcm_com4_loadall_h168_20260823_210543\smooth\clu_ovl\r01\output/details_schedule_results/pcm_simulation_results/intervels_[1]/res_schedule_commitment_result.txt
Step-3: Creating dispatching model (Refactored & Modularized)
  Clustered PCM: 108 physical units -> 31 equivalent units (71.3% state reduction; 108 units in non-singleton clusters)
  ✓ True clustered UC completed (31 virtual units)
PART1: [unit-commitment] calculation result has been saved to: D:\GithubClonefiles\module_unitcommitment\.worktrees\108_168h\output\pcm_com4_loadall_h168_20260823_210543\smooth\clu_ovl\r01\output/details_schedule_results/pcm_simulation_results/intervels_[1]/res_schedule_commitment_result.txt
Step-3: Creating dispatching model (Refactored & Modularized)
  Clustered PCM: 108 physical units -> 31 equivalent units (71.3% state reduction; 108 units in non-singleton clusters)
  ✓ True clustered UC completed (31 virtual units)
PART1: [unit-commitment] calculation result has been saved to: D:\GithubClonefiles\module_unitcommitment\.worktrees\108_168h\output\pcm_com4_loadall_h168_20260823_210543\smooth\clu_ovl\r01\output/details_schedule_results/pcm_simulation_results/intervels_[1]/res_schedule_commitment_result.txt
PART1: [unit-commitment] calculation result has been saved to: D:\GithubClonefiles\module_unitcommitment\.worktrees\108_168h\output\pcm_com4_loadall_h168_20260823_210543\smooth\clu_ovl\r01\output/details_schedule_results/pcm_simulation_results/intervels_[1]/res_schedule_commitment_result.txt
Step-3: Creating dispatching model (Refactored & Modularized)
  Clustered PCM: 108 physical units -> 31 equivalent units (71.3% state reduction; 108 units in non-singleton clusters)
  ✓ True clustered UC completed (31 virtual units)
Step-3: Creating dispatching model (Refactored & Modularized)
  Clustered PCM: 108 physical units -> 31 equivalent units (71.3% state reduction; 108 units in non-singleton clusters)
  ✓ True clustered UC completed (31 virtual units)
PART1: [unit-commitment] calculation result has been saved to: D:\GithubClonefiles\module_unitcommitment\.worktrees\108_168h\output\pcm_com4_loadall_h168_20260823_210543\smooth\clu_ovl\r01\output/details_schedule_results/pcm_simulation_results/intervels_[1]/res_schedule_commitment_result.txt
Step-3: Creating dispatching model (Refactored & Modularized)
  Clustered PCM: 108 physical units -> 31 equivalent units (71.3% state reduction; 108 units in non-singleton clusters)
  ✓ True clustered UC completed (31 virtual units)
PART1: [unit-commitment] calculation result has been saved to: D:\GithubClonefiles\module_unitcommitment\.worktrees\108_168h\output\pcm_com4_loadall_h168_20260823_210543\smooth\clu_ovl\r01\output/details_schedule_results/pcm_simulation_results/intervels_[1]/res_schedule_commitment_result.txt
Step-3: Creating dispatching model (Refactored & Modularized)
  Clustered PCM: 108 physical units -> 31 equivalent units (71.3% state reduction; 108 units in non-singleton clusters)
  ✓ True clustered UC completed (31 virtual units)
PART1: [unit-commitment] calculation result has been saved to: D:\GithubClonefiles\module_unitcommitment\.worktrees\108_168h\output\pcm_com4_loadall_h168_20260823_210543\smooth\clu_ovl\r01\output/details_schedule_results/pcm_simulation_results/intervels_[1]/res_schedule_commitment_result.txt
PART1: [unit-commitment] calculation result has been saved to: D:\GithubClonefiles\module_unitcommitment\.worktrees\108_168h\output\pcm_com4_loadall_h168_20260823_210543\smooth\clu_ovl\r01\output/details_schedule_results/pcm_simulation_results/intervels_[1]/res_schedule_commitment_result.txt
Step-3: Creating dispatching model (Refactored & Modularized)
  Clustered PCM: 108 physical units -> 31 equivalent units (71.3% state reduction; 108 units in non-singleton clusters)
  ✓ True clustered UC completed (31 virtual units)
Step-3: Creating dispatching model (Refactored & Modularized)
  Clustered PCM: 108 physical units -> 31 equivalent units (71.3% state reduction; 108 units in non-singleton clusters)
  ✓ True clustered UC completed (31 virtual units)
PART1: [unit-commitment] calculation result has been saved to: D:\GithubClonefiles\module_unitcommitment\.worktrees\108_168h\output\pcm_com4_loadall_h168_20260823_210543\smooth\clu_ovl\r01\output/details_schedule_results/pcm_simulation_results/intervels_[1]/res_schedule_commitment_result.txt
Step-3: Creating dispatching model (Refactored & Modularized)
  Clustered PCM: 108 physical units -> 31 equivalent units (71.3% state reduction; 108 units in non-singleton clusters)
  ✓ True clustered UC completed (31 virtual units)
PART1: [unit-commitment] calculation result has been saved to: D:\GithubClonefiles\module_unitcommitment\.worktrees\108_168h\output\pcm_com4_loadall_h168_20260823_210543\smooth\clu_ovl\r01\output/details_schedule_results/pcm_simulation_results/intervels_[1]/res_schedule_commitment_result.txt
Step-3: Creating dispatching model (Refactored & Modularized)
  Clustered PCM: 108 physical units -> 31 equivalent units (71.3% state reduction; 108 units in non-singleton clusters)
  ✓ True clustered UC completed (31 virtual units)
PART1: [unit-commitment] calculation result has been saved to: D:\GithubClonefiles\module_unitcommitment\.worktrees\108_168h\output\pcm_com4_loadall_h168_20260823_210543\smooth\clu_ovl\r01\output/details_schedule_results/pcm_simulation_results/intervels_[1]/res_schedule_commitment_result.txt
PART1: [unit-commitment] calculation result has been saved to: D:\GithubClonefiles\module_unitcommitment\.worktrees\108_168h\output\pcm_com4_loadall_h168_20260823_210543\smooth\clu_ovl\r01\output/details_schedule_results/pcm_simulation_results/intervels_[1]/res_schedule_commitment_result.txt
Step-3: Creating dispatching model (Refactored & Modularized)
  Clustered PCM: 108 physical units -> 31 equivalent units (71.3% state reduction; 108 units in non-singleton clusters)
  ✓ True clustered UC completed (31 virtual units)
Step-3: Creating dispatching model (Refactored & Modularized)
  Clustered PCM: 108 physical units -> 31 equivalent units (71.3% state reduction; 108 units in non-singleton clusters)
  ✓ True clustered UC completed (31 virtual units)
PART1: [unit-commitment] calculation result has been saved to: D:\GithubClonefiles\module_unitcommitment\.worktrees\108_168h\output\pcm_com4_loadall_h168_20260823_210543\smooth\clu_ovl\r01\output/details_schedule_results/pcm_simulation_results/intervels_[1]/res_schedule_commitment_result.txt
Step-3: Creating dispatching model (Refactored & Modularized)
  Clustered PCM: 108 physical units -> 31 equivalent units (71.3% state reduction; 108 units in non-singleton clusters)
  ✓ True clustered UC completed (31 virtual units)
PART1: [unit-commitment] calculation result has been saved to: D:\GithubClonefiles\module_unitcommitment\.worktrees\108_168h\output\pcm_com4_loadall_h168_20260823_210543\smooth\clu_ovl\r01\output/details_schedule_results/pcm_simulation_results/intervels_[1]/res_schedule_commitment_result.txt
Step-3: Creating dispatching model (Refactored & Modularized)
  Clustered PCM: 108 physical units -> 31 equivalent units (71.3% state reduction; 108 units in non-singleton clusters)
  ✓ True clustered UC completed (31 virtual units)
PART1: [unit-commitment] calculation result has been saved to: D:\GithubClonefiles\module_unitcommitment\.worktrees\108_168h\output\pcm_com4_loadall_h168_20260823_210543\smooth\clu_ovl\r01\output/details_schedule_results/pcm_simulation_results/intervels_[1]/res_schedule_commitment_result.txt
PART1: [unit-commitment] calculation result has been saved to: D:\GithubClonefiles\module_unitcommitment\.worktrees\108_168h\output\pcm_com4_loadall_h168_20260823_210543\smooth\clu_ovl\r01\output/details_schedule_results/pcm_simulation_results/intervels_[1]/res_schedule_commitment_result.txt
Step-3: Creating dispatching model (Refactored & Modularized)
  Clustered PCM: 108 physical units -> 31 equivalent units (71.3% state reduction; 108 units in non-singleton clusters)
  ✓ True clustered UC completed (31 virtual units)
Step-3: Creating dispatching model (Refactored & Modularized)
  Clustered PCM: 108 physical units -> 31 equivalent units (71.3% state reduction; 108 units in non-singleton clusters)
  ✓ True clustered UC completed (31 virtual units)
PART1: [unit-commitment] calculation result has been saved to: D:\GithubClonefiles\module_unitcommitment\.worktrees\108_168h\output\pcm_com4_loadall_h168_20260823_210543\smooth\clu_ovl\r01\output/details_schedule_results/pcm_simulation_results/intervels_[1]/res_schedule_commitment_result.txt
Step-3: Creating dispatching model (Refactored & Modularized)
  Clustered PCM: 108 physical units -> 31 equivalent units (71.3% state reduction; 108 units in non-singleton clusters)
  ✓ True clustered UC completed (31 virtual units)
PART1: [unit-commitment] calculation result has been saved to: D:\GithubClonefiles\module_unitcommitment\.worktrees\108_168h\output\pcm_com4_loadall_h168_20260823_210543\smooth\clu_ovl\r01\output/details_schedule_results/pcm_simulation_results/intervels_[1]/res_schedule_commitment_result.txt
Step-3: Creating dispatching model (Refactored & Modularized)
  Clustered PCM: 108 physical units -> 31 equivalent units (71.3% state reduction; 108 units in non-singleton clusters)
  ✓ True clustered UC completed (31 virtual units)
PART1: [unit-commitment] calculation result has been saved to: D:\GithubClonefiles\module_unitcommitment\.worktrees\108_168h\output\pcm_com4_loadall_h168_20260823_210543\smooth\clu_ovl\r01\output/details_schedule_results/pcm_simulation_results/intervels_[1]/res_schedule_commitment_result.txt
PART1: [unit-commitment] calculation result has been saved to: D:\GithubClonefiles\module_unitcommitment\.worktrees\108_168h\output\pcm_com4_loadall_h168_20260823_210543\smooth\clu_ovl\r01\output/details_schedule_results/pcm_simulation_results/intervels_[1]/res_schedule_commitment_result.txt
Step-3: Creating dispatching model (Refactored & Modularized)
  Clustered PCM: 108 physical units -> 31 equivalent units (71.3% state reduction; 108 units in non-singleton clusters)
  ✓ True clustered UC completed (31 virtual units)
Step-3: Creating dispatching model (Refactored & Modularized)
  Clustered PCM: 108 physical units -> 31 equivalent units (71.3% state reduction; 108 units in non-singleton clusters)
  ✓ True clustered UC completed (31 virtual units)
PART1: [unit-commitment] calculation result has been saved to: D:\GithubClonefiles\module_unitcommitment\.worktrees\108_168h\output\pcm_com4_loadall_h168_20260823_210543\smooth\clu_ovl\r01\output/details_schedule_results/pcm_simulation_results/intervels_[1]/res_schedule_commitment_result.txt
Step-3: Creating dispatching model (Refactored & Modularized)
  Clustered PCM: 108 physical units -> 31 equivalent units (71.3% state reduction; 108 units in non-singleton clusters)
  ✓ True clustered UC completed (31 virtual units)
PART1: [unit-commitment] calculation result has been saved to: D:\GithubClonefiles\module_unitcommitment\.worktrees\108_168h\output\pcm_com4_loadall_h168_20260823_210543\smooth\clu_ovl\r01\output/details_schedule_results/pcm_simulation_results/intervels_[1]/res_schedule_commitment_result.txt
Step-3: Creating dispatching model (Refactored & Modularized)
  Clustered PCM: 108 physical units -> 31 equivalent units (71.3% state reduction; 108 units in non-singleton clusters)
  ✓ True clustered UC completed (31 virtual units)
PART1: [unit-commitment] calculation result has been saved to: D:\GithubClonefiles\module_unitcommitment\.worktrees\108_168h\output\pcm_com4_loadall_h168_20260823_210543\smooth\clu_ovl\r01\output/details_schedule_results/pcm_simulation_results/intervels_[1]/res_schedule_commitment_result.txt
PART1: [unit-commitment] calculation result has been saved to: D:\GithubClonefiles\module_unitcommitment\.worktrees\108_168h\output\pcm_com4_loadall_h168_20260823_210543\smooth\clu_ovl\r01\output/details_schedule_results/pcm_simulation_results/intervels_[1]/res_schedule_commitment_result.txt
Step-3: Creating dispatching model (Refactored & Modularized)
  Clustered PCM: 108 physical units -> 31 equivalent units (71.3% state reduction; 108 units in non-singleton clusters)
  ✓ True clustered UC completed (31 virtual units)
Step-3: Creating dispatching model (Refactored & Modularized)
  Clustered PCM: 108 physical units -> 31 equivalent units (71.3% state reduction; 108 units in non-singleton clusters)
  ✓ True clustered UC completed (31 virtual units)
PART1: [unit-commitment] calculation result has been saved to: D:\GithubClonefiles\module_unitcommitment\.worktrees\108_168h\output\pcm_com4_loadall_h168_20260823_210543\smooth\clu_ovl\r01\output/details_schedule_results/pcm_simulation_results/intervels_[1]/res_schedule_commitment_result.txt
Step-3: Creating dispatching model (Refactored & Modularized)
  Clustered PCM: 108 physical units -> 31 equivalent units (71.3% state reduction; 108 units in non-singleton clusters)
  ✓ True clustered UC completed (31 virtual units)
PART1: [unit-commitment] calculation result has been saved to: D:\GithubClonefiles\module_unitcommitment\.worktrees\108_168h\output\pcm_com4_loadall_h168_20260823_210543\smooth\clu_ovl\r01\output/details_schedule_results/pcm_simulation_results/intervels_[1]/res_schedule_commitment_result.txt
Step-3: Creating dispatching model (Refactored & Modularized)
  Clustered PCM: 108 physical units -> 31 equivalent units (71.3% state reduction; 108 units in non-singleton clusters)
  ✓ True clustered UC completed (31 virtual units)
PART1: [unit-commitment] calculation result has been saved to: D:\GithubClonefiles\module_unitcommitment\.worktrees\108_168h\output\pcm_com4_loadall_h168_20260823_210543\smooth\clu_ovl\r01\output/details_schedule_results/pcm_simulation_results/intervels_[1]/res_schedule_commitment_result.txt
PART1: [unit-commitment] calculation result has been saved to: D:\GithubClonefiles\module_unitcommitment\.worktrees\108_168h\output\pcm_com4_loadall_h168_20260823_210543\smooth\clu_ovl\r01\output/details_schedule_results/pcm_simulation_results/intervels_[1]/res_schedule_commitment_result.txt
Step-3: Creating dispatching model (Refactored & Modularized)
  Clustered PCM: 108 physical units -> 31 equivalent units (71.3% state reduction; 108 units in non-singleton clusters)
  ✓ True clustered UC completed (31 virtual units)
Step-3: Creating dispatching model (Refactored & Modularized)
  Clustered PCM: 108 physical units -> 31 equivalent units (71.3% state reduction; 108 units in non-singleton clusters)
  ✓ True clustered UC completed (31 virtual units)
PART1: [unit-commitment] calculation result has been saved to: D:\GithubClonefiles\module_unitcommitment\.worktrees\108_168h\output\pcm_com4_loadall_h168_20260823_210543\smooth\clu_ovl\r01\output/details_schedule_results/pcm_simulation_results/intervels_[1]/res_schedule_commitment_result.txt
Step-3: Creating dispatching model (Refactored & Modularized)
  Clustered PCM: 108 physical units -> 31 equivalent units (71.3% state reduction; 108 units in non-singleton clusters)
  ✓ True clustered UC completed (31 virtual units)
PART1: [unit-commitment] calculation result has been saved to: D:\GithubClonefiles\module_unitcommitment\.worktrees\108_168h\output\pcm_com4_loadall_h168_20260823_210543\smooth\clu_ovl\r01\output/details_schedule_results/pcm_simulation_results/intervels_[1]/res_schedule_commitment_result.txt
Step-3: Creating dispatching model (Refactored & Modularized)
  Clustered PCM: 108 physical units -> 31 equivalent units (71.3% state reduction; 108 units in non-singleton clusters)
  ✓ True clustered UC completed (31 virtual units)
PART1: [unit-commitment] calculation result has been saved to: D:\GithubClonefiles\module_unitcommitment\.worktrees\108_168h\output\pcm_com4_loadall_h168_20260823_210543\smooth\clu_ovl\r01\output/details_schedule_results/pcm_simulation_results/intervels_[1]/res_schedule_commitment_result.txt
PART1: [unit-commitment] calculation result has been saved to: D:\GithubClonefiles\module_unitcommitment\.worktrees\108_168h\output\pcm_com4_loadall_h168_20260823_210543\smooth\clu_ovl\r01\output/details_schedule_results/pcm_simulation_results/intervels_[1]/res_schedule_commitment_result.txt
Step-3: Creating dispatching model (Refactored & Modularized)
  Clustered PCM: 108 physical units -> 31 equivalent units (71.3% state reduction; 108 units in non-singleton clusters)
    5-point output grid is infeasible; retrying this window with 17 points
  Clustered PCM: 108 physical units -> 31 equivalent units (71.3% state reduction; 108 units in non-singleton clusters)
    Refined output grid is infeasible; entering continuous residence-power diagnosis
  Clustered PCM: 108 physical units -> 31 equivalent units (71.3% state reduction; 108 units in non-singleton clusters)
  ⚠ True clustered UC failed at cluster_master: INFEASIBLE; falling back to full unit-network SCUC
	 Variables defined.
DEBUG set_objective_economic!: NT=36, NG=108, ND=91, NW=20, NS=1, K=3, size(refcost)=(108,), size(eachslope)=(3, 108)
objective_function
	MILP economic objective set
subject to.
	 constraints: 1) minimum shutup/shutdown time limits			 done
	 constraints: 2) binary variable logic					 done
	 constraints: 3) shutup/shutdown cost					 done
	 constraints: 4) loadcurtailments and spoliedwinds			 done
	 constraints: 5) generatos power limits					 done
	 constraints: 6) system reserves limits					 done
	 constraints: 7) power balance constraints				 done
	 constraints: 8) ramp-up/ramp-down constraints				 done
	 constraints: 9) piece linearization constraints			 done
	 constraints: 10) transmissionline limits skipped (is_NetWorkCon != 1 or Gsdf missing or NL=0)
	 constraints: 11) stroges system constraints skipped (NC=0 or variables not defined)
	 constraints: 12) data centra constraints skipped (is_ConsiderDataCentra != 1)
	 constraints: 13) frequency control constraints skipped (is_ConsiderFrequencyControl != 1)
	 constraints: 14) hydro power limits					 done
+++++++++++++++++++++++++++++++++++++++++++++++++++++++++++++++++++++++++++++++++++++++++++
Step-4: starting Gurobi solver
Step-5: Gurobi solver finished
+++++++++++++++++++++++++++++++++++++++++++++++++++++++++++++++++++++++++++++++++++++++++++

solution_summary(scuc) = solution_summary(; result = 1, verbose = false)
├ solver_name          : Gurobi
├ Termination
│ ├ termination_status : OPTIMAL
│ ├ result_count       : 1
│ ├ raw_status         : Model was solved to optimality (subject to tolerances), and an optimal solution is available.
│ └ objective_bound    : 2.50354e+14
├ Solution (result = 1)
│ ├ primal_status        : FEASIBLE_POINT
│ ├ dual_status          : NO_SOLUTION
│ ├ objective_value      : 2.50354e+14
│ └ relative_gap         : 1.18882e-07
└ Work counters
  ├ solve_time (sec)   : 5.81000e-01
  ├ simplex_iterations : 0
  ├ barrier_iterations : 0
  └ node_count         : 0


Termination Status: OPTIMAL
Acceptable solution found (Status: OPTIMAL).
Step-6: record datas
PART1: [unit-commitment] calculation result has been saved to: D:\GithubClonefiles\module_unitcommitment\.worktrees\108_168h\output\pcm_com4_loadall_h168_20260823_210543\smooth\clu_ovl\r01\output/details_schedule_results/pcm_simulation_results/intervels_[1]/res_schedule_commitment_result.txt
Step-3: Creating dispatching model (Refactored & Modularized)
  Clustered PCM: 108 physical units -> 31 equivalent units (71.3% state reduction; 108 units in non-singleton clusters)
    5-point output grid is infeasible; retrying this window with 17 points
  Clustered PCM: 108 physical units -> 31 equivalent units (71.3% state reduction; 108 units in non-singleton clusters)
    Refined output grid is infeasible; entering continuous residence-power diagnosis
  Clustered PCM: 108 physical units -> 31 equivalent units (71.3% state reduction; 108 units in non-singleton clusters)
  ⚠ True clustered UC failed at cluster_master: INFEASIBLE; falling back to full unit-network SCUC
	 Variables defined.
DEBUG set_objective_economic!: NT=36, NG=108, ND=91, NW=20, NS=1, K=3, size(refcost)=(108,), size(eachslope)=(3, 108)
objective_function
	MILP economic objective set
subject to.
	 constraints: 1) minimum shutup/shutdown time limits			 done
	 constraints: 2) binary variable logic					 done
	 constraints: 3) shutup/shutdown cost					 done
	 constraints: 4) loadcurtailments and spoliedwinds			 done
	 constraints: 5) generatos power limits					 done
	 constraints: 6) system reserves limits					 done
	 constraints: 7) power balance constraints				 done
	 constraints: 8) ramp-up/ramp-down constraints				 done
	 constraints: 9) piece linearization constraints			 done
	 constraints: 10) transmissionline limits skipped (is_NetWorkCon != 1 or Gsdf missing or NL=0)
	 constraints: 11) stroges system constraints skipped (NC=0 or variables not defined)
	 constraints: 12) data centra constraints skipped (is_ConsiderDataCentra != 1)
	 constraints: 13) frequency control constraints skipped (is_ConsiderFrequencyControl != 1)
	 constraints: 14) hydro power limits					 done
+++++++++++++++++++++++++++++++++++++++++++++++++++++++++++++++++++++++++++++++++++++++++++
Step-4: starting Gurobi solver
Step-5: Gurobi solver finished
+++++++++++++++++++++++++++++++++++++++++++++++++++++++++++++++++++++++++++++++++++++++++++

solution_summary(scuc) = solution_summary(; result = 1, verbose = false)
├ solver_name          : Gurobi
├ Termination
│ ├ termination_status : OPTIMAL
│ ├ result_count       : 1
│ ├ raw_status         : Model was solved to optimality (subject to tolerances), and an optimal solution is available.
│ └ objective_bound    : 2.50354e+14
├ Solution (result = 1)
│ ├ primal_status        : FEASIBLE_POINT
│ ├ dual_status          : NO_SOLUTION
│ ├ objective_value      : 2.50354e+14
│ └ relative_gap         : 1.18882e-07
└ Work counters
  ├ solve_time (sec)   : 5.82000e-01
  ├ simplex_iterations : 0
  ├ barrier_iterations : 0
  └ node_count         : 0


Termination Status: OPTIMAL
Acceptable solution found (Status: OPTIMAL).
Step-6: record datas
PART1: [unit-commitment] calculation result has been saved to: D:\GithubClonefiles\module_unitcommitment\.worktrees\108_168h\output\pcm_com4_loadall_h168_20260823_210543\smooth\clu_ovl\r01\output/details_schedule_results/pcm_simulation_results/intervels_[1]/res_schedule_commitment_result.txt
PART1: [unit-commitment] calculation result has been saved to: D:\GithubClonefiles\module_unitcommitment\.worktrees\108_168h\output\pcm_com4_loadall_h168_20260823_210543\smooth\clu_ovl\r01\output/details_schedule_results/pcm_simulation_results/intervels_[1]/res_schedule_commitment_result.txt
Step-3: Creating dispatching model (Refactored & Modularized)
  Clustered PCM: 108 physical units -> 31 equivalent units (71.3% state reduction; 108 units in non-singleton clusters)
    5-point output grid is infeasible; retrying this window with 17 points
  Clustered PCM: 108 physical units -> 31 equivalent units (71.3% state reduction; 108 units in non-singleton clusters)
    Refined output grid is infeasible; entering continuous residence-power diagnosis
  Clustered PCM: 108 physical units -> 31 equivalent units (71.3% state reduction; 108 units in non-singleton clusters)
  ⚠ True clustered UC failed at cluster_master: INFEASIBLE; falling back to full unit-network SCUC
	 Variables defined.
DEBUG set_objective_economic!: NT=26, NG=108, ND=91, NW=20, NS=1, K=3, size(refcost)=(108,), size(eachslope)=(3, 108)
objective_function
	MILP economic objective set
subject to.
	 constraints: 1) minimum shutup/shutdown time limits			 done
	 constraints: 2) binary variable logic					 done
	 constraints: 3) shutup/shutdown cost					 done
	 constraints: 4) loadcurtailments and spoliedwinds			 done
	 constraints: 5) generatos power limits					 done
	 constraints: 6) system reserves limits					 done
	 constraints: 7) power balance constraints				 done
	 constraints: 8) ramp-up/ramp-down constraints				 done
	 constraints: 9) piece linearization constraints			 done
	 constraints: 10) transmissionline limits skipped (is_NetWorkCon != 1 or Gsdf missing or NL=0)
	 constraints: 11) stroges system constraints skipped (NC=0 or variables not defined)
	 constraints: 12) data centra constraints skipped (is_ConsiderDataCentra != 1)
	 constraints: 13) frequency control constraints skipped (is_ConsiderFrequencyControl != 1)
	 constraints: 14) hydro power limits					 done
+++++++++++++++++++++++++++++++++++++++++++++++++++++++++++++++++++++++++++++++++++++++++++
Step-4: starting Gurobi solver
Step-5: Gurobi solver finished
+++++++++++++++++++++++++++++++++++++++++++++++++++++++++++++++++++++++++++++++++++++++++++

solution_summary(scuc) = solution_summary(; result = 1, verbose = false)
├ solver_name          : Gurobi
├ Termination
│ ├ termination_status : OPTIMAL
│ ├ result_count       : 1
│ ├ raw_status         : Model was solved to optimality (subject to tolerances), and an optimal solution is available.
│ └ objective_bound    : 2.50354e+14
├ Solution (result = 1)
│ ├ primal_status        : FEASIBLE_POINT
│ ├ dual_status          : NO_SOLUTION
│ ├ objective_value      : 2.50354e+14
│ └ relative_gap         : 6.97581e-08
└ Work counters
  ├ solve_time (sec)   : 4.71000e-01
  ├ simplex_iterations : 0
  ├ barrier_iterations : 0
  └ node_count         : 0


Termination Status: OPTIMAL
Acceptable solution found (Status: OPTIMAL).
Step-6: record datas
PART1: [unit-commitment] calculation result has been saved to: D:\GithubClonefiles\module_unitcommitment\.worktrees\108_168h\output\pcm_com4_loadall_h168_20260823_210543\smooth\clu_ovl\r01\output/details_schedule_results/pcm_simulation_results/intervels_[1]/res_schedule_commitment_result.txt
PART1: [unit-commitment] calculation result has been saved to: D:\GithubClonefiles\module_unitcommitment\.worktrees\108_168h\output\pcm_com4_loadall_h168_20260823_210543\smooth\clu_ovl\r01\output/details_schedule_results/pcm_simulation_results/intervels_[1]/res_schedule_commitment_result.txt
Step-3: Creating dispatching model (Refactored & Modularized)
  Clustered PCM: 108 physical units -> 31 equivalent units (71.3% state reduction; 108 units in non-singleton clusters)
    5-point output grid is infeasible; retrying this window with 17 points
  Clustered PCM: 108 physical units -> 31 equivalent units (71.3% state reduction; 108 units in non-singleton clusters)
    Refined output grid is infeasible; entering continuous residence-power diagnosis
  Clustered PCM: 108 physical units -> 31 equivalent units (71.3% state reduction; 108 units in non-singleton clusters)
  ⚠ True clustered UC failed at cluster_master: INFEASIBLE; falling back to full unit-network SCUC
	 Variables defined.
DEBUG set_objective_economic!: NT=31, NG=108, ND=91, NW=20, NS=1, K=3, size(refcost)=(108,), size(eachslope)=(3, 108)
objective_function
	MILP economic objective set
subject to.
	 constraints: 1) minimum shutup/shutdown time limits			 done
	 constraints: 2) binary variable logic					 done
	 constraints: 3) shutup/shutdown cost					 done
	 constraints: 4) loadcurtailments and spoliedwinds			 done
	 constraints: 5) generatos power limits					 done
	 constraints: 6) system reserves limits					 done
	 constraints: 7) power balance constraints				 done
	 constraints: 8) ramp-up/ramp-down constraints				 done
	 constraints: 9) piece linearization constraints			 done
	 constraints: 10) transmissionline limits skipped (is_NetWorkCon != 1 or Gsdf missing or NL=0)
	 constraints: 11) stroges system constraints skipped (NC=0 or variables not defined)
	 constraints: 12) data centra constraints skipped (is_ConsiderDataCentra != 1)
	 constraints: 13) frequency control constraints skipped (is_ConsiderFrequencyControl != 1)
	 constraints: 14) hydro power limits					 done
+++++++++++++++++++++++++++++++++++++++++++++++++++++++++++++++++++++++++++++++++++++++++++
Step-4: starting Gurobi solver
Step-5: Gurobi solver finished
+++++++++++++++++++++++++++++++++++++++++++++++++++++++++++++++++++++++++++++++++++++++++++

solution_summary(scuc) = Set parameter Username
Set parameter LicenseID to value 2826524
Academic license - for non-commercial use only - expires 2027-05-22
Set parameter Username
Set parameter LicenseID to value 2826524
Academic license - for non-commercial use only - expires 2027-05-22
Set parameter Username
Set parameter LicenseID to value 2826524
Academic license - for non-commercial use only - expires 2027-05-22
Set parameter Username
Set parameter LicenseID to value 2826524
Academic license - for non-commercial use only - expires 2027-05-22
Set parameter Username
Set parameter LicenseID to value 2826524
Academic license - for non-commercial use only - expires 2027-05-22
Set parameter Username
Set parameter LicenseID to value 2826524
Academic license - for non-commercial use only - expires 2027-05-22
Set parameter Username
Set parameter LicenseID to value 2826524
Academic license - for non-commercial use only - expires 2027-05-22
Set parameter Username
Set parameter LicenseID to value 2826524
Academic license - for non-commercial use only - expires 2027-05-22
Set parameter Username
Set parameter LicenseID to value 2826524
Academic license - for non-commercial use only - expires 2027-05-22
Set parameter Username
Set parameter LicenseID to value 2826524
Academic license - for non-commercial use only - expires 2027-05-22
Set parameter Username
Set parameter LicenseID to value 2826524
Academic license - for non-commercial use only - expires 2027-05-22
Set parameter Username
Set parameter LicenseID to value 2826524
Academic license - for non-commercial use only - expires 2027-05-22
Set parameter Username
Set parameter LicenseID to value 2826524
Academic license - for non-commercial use only - expires 2027-05-22
Set parameter Username
Set parameter LicenseID to value 2826524
Academic license - for non-commercial use only - expires 2027-05-22
Set parameter Username
Set parameter LicenseID to value 2826524
Academic license - for non-commercial use only - expires 2027-05-22
Set parameter Username
Set parameter LicenseID to value 2826524
Academic license - for non-commercial use only - expires 2027-05-22
Set parameter Username
Set parameter LicenseID to value 2826524
Academic license - for non-commercial use only - expires 2027-05-22
Set parameter Username
Set parameter LicenseID to value 2826524
Academic license - for non-commercial use only - expires 2027-05-22
Set parameter Username
Set parameter LicenseID to value 2826524
Academic license - for non-commercial use only - expires 2027-05-22
Set parameter Username
Set parameter LicenseID to value 2826524
Academic license - for non-commercial use only - expires 2027-05-22
Set parameter Username
Set parameter LicenseID to value 2826524
Academic license - for non-commercial use only - expires 2027-05-22
Set parameter Username
Set parameter LicenseID to value 2826524
Academic license - for non-commercial use only - expires 2027-05-22
Set parameter Username
Set parameter LicenseID to value 2826524
Academic license - for non-commercial use only - expires 2027-05-22
Set parameter Username
Set parameter LicenseID to value 2826524
Academic license - for non-commercial use only - expires 2027-05-22
Set parameter Username
Set parameter LicenseID to value 2826524
Academic license - for non-commercial use only - expires 2027-05-22
Set parameter Username
Set parameter LicenseID to value 2826524
Academic license - for non-commercial use only - expires 2027-05-22
Set parameter Username
Set parameter LicenseID to value 2826524
Academic license - for non-commercial use only - expires 2027-05-22
Set parameter Username
Set parameter LicenseID to value 2826524
Academic license - for non-commercial use only - expires 2027-05-22
Set parameter Username
Set parameter LicenseID to value 2826524
Academic license - for non-commercial use only - expires 2027-05-22
Set parameter Username
Set parameter LicenseID to value 2826524
Academic license - for non-commercial use only - expires 2027-05-22
Set parameter Username
Set parameter LicenseID to value 2826524
Academic license - for non-commercial use only - expires 2027-05-22
Set parameter Username
Set parameter LicenseID to value 2826524
Academic license - for non-commercial use only - expires 2027-05-22
Set parameter Username
Set parameter LicenseID to value 2826524
Academic license - for non-commercial use only - expires 2027-05-22
Set parameter Username
Set parameter LicenseID to value 2826524
Academic license - for non-commercial use only - expires 2027-05-22
Set parameter Username
Set parameter LicenseID to value 2826524
Academic license - for non-commercial use only - expires 2027-05-22
Set parameter Username
Set parameter LicenseID to value 2826524
Academic license - for non-commercial use only - expires 2027-05-22
Set parameter Username
Set parameter LicenseID to value 2826524
Academic license - for non-commercial use only - expires 2027-05-22
Set parameter Username
Set parameter LicenseID to value 2826524
Academic license - for non-commercial use only - expires 2027-05-22
Set parameter Username
Set parameter LicenseID to value 2826524
Academic license - for non-commercial use only - expires 2027-05-22
Set parameter Username
Set parameter LicenseID to value 2826524
Academic license - for non-commercial use only - expires 2027-05-22
solution_summary(; result = 1, verbose = false)
├ solver_name          : Gurobi
├ Termination
│ ├ termination_status : OPTIMAL
│ ├ result_count       : 1
│ ├ raw_status         : Model was solved to optimality (subject to tolerances), and an optimal solution is available.
│ └ objective_bound    : 2.50354e+14
├ Solution (result = 1)
│ ├ primal_status        : FEASIBLE_POINT
│ ├ dual_status          : NO_SOLUTION
│ ├ objective_value      : 2.50354e+14
│ └ relative_gap         : 7.26057e-08
└ Work counters
  ├ solve_time (sec)   : 5.03000e-01
  ├ simplex_iterations : 0
  ├ barrier_iterations : 0
  └ node_count         : 0


Termination Status: OPTIMAL
Acceptable solution found (Status: OPTIMAL).
Step-6: record datas
PART1: [unit-commitment] calculation result has been saved to: D:\GithubClonefiles\module_unitcommitment\.worktrees\108_168h\output\pcm_com4_loadall_h168_20260823_210543\smooth\clu_ovl\r01\output/details_schedule_results/pcm_simulation_results/intervels_[1]/res_schedule_commitment_result.txt
PART1: [unit-commitment] calculation result has been saved to: D:\GithubClonefiles\module_unitcommitment\.worktrees\108_168h\output\pcm_com4_loadall_h168_20260823_210543\smooth\clu_ovl\r01\output/details_schedule_results/pcm_simulation_results/intervels_[1]/res_schedule_commitment_result.txt
PART1: [unit-commitment] calculation result has been saved to: D:\GithubClonefiles\module_unitcommitment\.worktrees\108_168h\output\pcm_com4_loadall_h168_20260823_210543\smooth\clu_ovl\r01\output/details_schedule_results/pcm_simulation_results/intervels_[1]/res_schedule_commitment_result.txt
Step-3: Creating dispatching model (Refactored & Modularized)
  Clustered PCM: 108 physical units -> 31 equivalent units (71.3% state reduction; 108 units in non-singleton clusters)
    5-point output grid is infeasible; retrying this window with 17 points
  Clustered PCM: 108 physical units -> 31 equivalent units (71.3% state reduction; 108 units in non-singleton clusters)
    Refined output grid is infeasible; entering continuous residence-power diagnosis
  Clustered PCM: 108 physical units -> 31 equivalent units (71.3% state reduction; 108 units in non-singleton clusters)
  ⚠ True clustered UC failed at cluster_master: INFEASIBLE; falling back to full unit-network SCUC
	 Variables defined.
DEBUG set_objective_economic!: NT=36, NG=108, ND=91, NW=20, NS=1, K=3, size(refcost)=(108,), size(eachslope)=(3, 108)
objective_function
	MILP economic objective set
subject to.
	 constraints: 1) minimum shutup/shutdown time limits			 done
	 constraints: 2) binary variable logic					 done
	 constraints: 3) shutup/shutdown cost					 done
	 constraints: 4) loadcurtailments and spoliedwinds			 done
	 constraints: 5) generatos power limits					 done
	 constraints: 6) system reserves limits					 done
	 constraints: 7) power balance constraints				 done
	 constraints: 8) ramp-up/ramp-down constraints				 done
	 constraints: 9) piece linearization constraints			 done
	 constraints: 10) transmissionline limits skipped (is_NetWorkCon != 1 or Gsdf missing or NL=0)
	 constraints: 11) stroges system constraints skipped (NC=0 or variables not defined)
	 constraints: 12) data centra constraints skipped (is_ConsiderDataCentra != 1)
	 constraints: 13) frequency control constraints skipped (is_ConsiderFrequencyControl != 1)
	 constraints: 14) hydro power limits					 done
+++++++++++++++++++++++++++++++++++++++++++++++++++++++++++++++++++++++++++++++++++++++++++
Step-4: starting Gurobi solver
Step-5: Gurobi solver finished
+++++++++++++++++++++++++++++++++++++++++++++++++++++++++++++++++++++++++++++++++++++++++++

solution_summary(scuc) = solution_summary(; result = 1, verbose = false)
├ solver_name          : Gurobi
├ Termination
│ ├ termination_status : OPTIMAL
│ ├ result_count       : 1
│ ├ raw_status         : Model was solved to optimality (subject to tolerances), and an optimal solution is available.
│ └ objective_bound    : 1.04756e+16
├ Solution (result = 1)
│ ├ primal_status        : FEASIBLE_POINT
│ ├ dual_status          : NO_SOLUTION
│ ├ objective_value      : 1.04756e+16
│ └ relative_gap         : 3.27048e-09
└ Work counters
  ├ solve_time (sec)   : 5.71000e-01
  ├ simplex_iterations : 0
  ├ barrier_iterations : 0
  └ node_count         : 0


Termination Status: OPTIMAL
Acceptable solution found (Status: OPTIMAL).
Step-6: record datas
PART1: [unit-commitment] calculation result has been saved to: D:\GithubClonefiles\module_unitcommitment\.worktrees\108_168h\output\pcm_com4_loadall_h168_20260823_210543\smooth\clu_ovl\r01\output/details_schedule_results/pcm_simulation_results/intervels_[1]/res_schedule_commitment_result.txt
Step-3: Creating dispatching model (Refactored & Modularized)
  Clustered PCM: 108 physical units -> 31 equivalent units (71.3% state reduction; 108 units in non-singleton clusters)
    5-point output grid is infeasible; retrying this window with 17 points
  Clustered PCM: 108 physical units -> 31 equivalent units (71.3% state reduction; 108 units in non-singleton clusters)
    Refined output grid is infeasible; entering continuous residence-power diagnosis
  Clustered PCM: 108 physical units -> 31 equivalent units (71.3% state reduction; 108 units in non-singleton clusters)
  ⚠ True clustered UC failed at cluster_master: INFEASIBLE; falling back to full unit-network SCUC
	 Variables defined.
DEBUG set_objective_economic!: NT=36, NG=108, ND=91, NW=20, NS=1, K=3, size(refcost)=(108,), size(eachslope)=(3, 108)
objective_function
	MILP economic objective set
subject to.
	 constraints: 1) minimum shutup/shutdown time limits			 done
	 constraints: 2) binary variable logic					 done
	 constraints: 3) shutup/shutdown cost					 done
	 constraints: 4) loadcurtailments and spoliedwinds			 done
	 constraints: 5) generatos power limits					 done
	 constraints: 6) system reserves limits					 done
	 constraints: 7) power balance constraints				 done
	 constraints: 8) ramp-up/ramp-down constraints				 done
	 constraints: 9) piece linearization constraints			 done
	 constraints: 10) transmissionline limits skipped (is_NetWorkCon != 1 or Gsdf missing or NL=0)
	 constraints: 11) stroges system constraints skipped (NC=0 or variables not defined)
	 constraints: 12) data centra constraints skipped (is_ConsiderDataCentra != 1)
	 constraints: 13) frequency control constraints skipped (is_ConsiderFrequencyControl != 1)
	 constraints: 14) hydro power limits					 done
+++++++++++++++++++++++++++++++++++++++++++++++++++++++++++++++++++++++++++++++++++++++++++
Step-4: starting Gurobi solver
Step-5: Gurobi solver finished
+++++++++++++++++++++++++++++++++++++++++++++++++++++++++++++++++++++++++++++++++++++++++++

solution_summary(scuc) = solution_summary(; result = 1, verbose = false)
├ solver_name          : Gurobi
├ Termination
│ ├ termination_status : OPTIMAL
│ ├ result_count       : 1
│ ├ raw_status         : Model was solved to optimality (subject to tolerances), and an optimal solution is available.
│ └ objective_bound    : 1.04756e+16
├ Solution (result = 1)
│ ├ primal_status        : FEASIBLE_POINT
│ ├ dual_status          : NO_SOLUTION
│ ├ objective_value      : 1.04756e+16
│ └ relative_gap         : 3.27048e-09
└ Work counters
  ├ solve_time (sec)   : 6.37000e-01
  ├ simplex_iterations : 0
  ├ barrier_iterations : 0
  └ node_count         : 0


Termination Status: OPTIMAL
Acceptable solution found (Status: OPTIMAL).
Step-6: record datas
PART1: [unit-commitment] calculation result has been saved to: D:\GithubClonefiles\module_unitcommitment\.worktrees\108_168h\output\pcm_com4_loadall_h168_20260823_210543\smooth\clu_ovl\r01\output/details_schedule_results/pcm_simulation_results/intervels_[1]/res_schedule_commitment_result.txt
PART1: [unit-commitment] calculation result has been saved to: D:\GithubClonefiles\module_unitcommitment\.worktrees\108_168h\output\pcm_com4_loadall_h168_20260823_210543\smooth\clu_ovl\r01\output/details_schedule_results/pcm_simulation_results/intervels_[1]/res_schedule_commitment_result.txt
Step-3: Creating dispatching model (Refactored & Modularized)
  Clustered PCM: 108 physical units -> 31 equivalent units (71.3% state reduction; 108 units in non-singleton clusters)
    5-point output grid is infeasible; retrying this window with 17 points
  Clustered PCM: 108 physical units -> 31 equivalent units (71.3% state reduction; 108 units in non-singleton clusters)
    Refined output grid is infeasible; entering continuous residence-power diagnosis
  Clustered PCM: 108 physical units -> 31 equivalent units (71.3% state reduction; 108 units in non-singleton clusters)
  ⚠ True clustered UC failed at cluster_master: INFEASIBLE; falling back to full unit-network SCUC
	 Variables defined.
DEBUG set_objective_economic!: NT=26, NG=108, ND=91, NW=20, NS=1, K=3, size(refcost)=(108,), size(eachslope)=(3, 108)
objective_function
	MILP economic objective set
subject to.
	 constraints: 1) minimum shutup/shutdown time limits			 done
	 constraints: 2) binary variable logic					 done
	 constraints: 3) shutup/shutdown cost					 done
	 constraints: 4) loadcurtailments and spoliedwinds			 done
	 constraints: 5) generatos power limits					 done
	 constraints: 6) system reserves limits					 done
	 constraints: 7) power balance constraints				 done
	 constraints: 8) ramp-up/ramp-down constraints				 done
	 constraints: 9) piece linearization constraints			 done
	 constraints: 10) transmissionline limits skipped (is_NetWorkCon != 1 or Gsdf missing or NL=0)
	 constraints: 11) stroges system constraints skipped (NC=0 or variables not defined)
	 constraints: 12) data centra constraints skipped (is_ConsiderDataCentra != 1)
	 constraints: 13) frequency control constraints skipped (is_ConsiderFrequencyControl != 1)
	 constraints: 14) hydro power limits					 done
+++++++++++++++++++++++++++++++++++++++++++++++++++++++++++++++++++++++++++++++++++++++++++
Step-4: starting Gurobi solver
Step-5: Gurobi solver finished
+++++++++++++++++++++++++++++++++++++++++++++++++++++++++++++++++++++++++++++++++++++++++++

solution_summary(scuc) = solution_summary(; result = 1, verbose = false)
├ solver_name          : Gurobi
├ Termination
│ ├ termination_status : OPTIMAL
│ ├ result_count       : 1
│ ├ raw_status         : Model was solved to optimality (subject to tolerances), and an optimal solution is available.
│ └ objective_bound    : 1.04756e+16
├ Solution (result = 1)
│ ├ primal_status        : FEASIBLE_POINT
│ ├ dual_status          : NO_SOLUTION
│ ├ objective_value      : 1.04756e+16
│ └ relative_gap         : 1.66157e-09
└ Work counters
  ├ solve_time (sec)   : 4.95000e-01
  ├ simplex_iterations : 0
  ├ barrier_iterations : 0
  └ node_count         : 0


Termination Status: OPTIMAL
Acceptable solution found (Status: OPTIMAL).
Step-6: record datas
PART1: [unit-commitment] calculation result has been saved to: D:\GithubClonefiles\module_unitcommitment\.worktrees\108_168h\output\pcm_com4_loadall_h168_20260823_210543\smooth\clu_ovl\r01\output/details_schedule_results/pcm_simulation_results/intervels_[1]/res_schedule_commitment_result.txt
PART1: [unit-commitment] calculation result has been saved to: D:\GithubClonefiles\module_unitcommitment\.worktrees\108_168h\output\pcm_com4_loadall_h168_20260823_210543\smooth\clu_ovl\r01\output/details_schedule_results/pcm_simulation_results/intervels_[1]/res_schedule_commitment_result.txt
Step-3: Creating dispatching model (Refactored & Modularized)
  Clustered PCM: 108 physical units -> 31 equivalent units (71.3% state reduction; 108 units in non-singleton clusters)
    5-point output grid is infeasible; retrying this window with 17 points
  Clustered PCM: 108 physical units -> 31 equivalent units (71.3% state reduction; 108 units in non-singleton clusters)
    Refined output grid is infeasible; entering continuous residence-power diagnosis
  Clustered PCM: 108 physical units -> 31 equivalent units (71.3% state reduction; 108 units in non-singleton clusters)
  ⚠ True clustered UC failed at cluster_master: INFEASIBLE; falling back to full unit-network SCUC
	 Variables defined.
DEBUG set_objective_economic!: NT=31, NG=108, ND=91, NW=20, NS=1, K=3, size(refcost)=(108,), size(eachslope)=(3, 108)
objective_function
	MILP economic objective set
subject to.
	 constraints: 1) minimum shutup/shutdown time limits			 done
	 constraints: 2) binary variable logic					 done
	 constraints: 3) shutup/shutdown cost					 done
	 constraints: 4) loadcurtailments and spoliedwinds			 done
	 constraints: 5) generatos power limits					 done
	 constraints: 6) system reserves limits					 done
	 constraints: 7) power balance constraints				 done
	 constraints: 8) ramp-up/ramp-down constraints				 done
	 constraints: 9) piece linearization constraints			 done
	 constraints: 10) transmissionline limits skipped (is_NetWorkCon != 1 or Gsdf missing or NL=0)
	 constraints: 11) stroges system constraints skipped (NC=0 or variables not defined)
	 constraints: 12) data centra constraints skipped (is_ConsiderDataCentra != 1)
	 constraints: 13) frequency control constraints skipped (is_ConsiderFrequencyControl != 1)
	 constraints: 14) hydro power limits					 done
+++++++++++++++++++++++++++++++++++++++++++++++++++++++++++++++++++++++++++++++++++++++++++
Step-4: starting Gurobi solver
Step-5: Gurobi solver finished
+++++++++++++++++++++++++++++++++++++++++++++++++++++++++++++++++++++++++++++++++++++++++++

solution_summary(scuc) = solution_summary(; result = 1, verbose = false)
├ solver_name          : Gurobi
├ Termination
│ ├ termination_status : OPTIMAL
│ ├ result_count       : 1
│ ├ raw_status         : Model was solved to optimality (subject to tolerances), and an optimal solution is available.
│ └ objective_bound    : 1.04756e+16
├ Solution (result = 1)
│ ├ primal_status        : FEASIBLE_POINT
│ ├ dual_status          : NO_SOLUTION
│ ├ objective_value      : 1.04756e+16
│ └ relative_gap         : 1.72973e-09
└ Work counters
  ├ solve_time (sec)   : 5.17000e-01
  ├ simplex_iterations : 0
  ├ barrier_iterations : 0
  └ node_count         : 0


Termination Status: OPTIMAL
Acceptable solution found (Status: OPTIMAL).
Step-6: record datas
PART1: [unit-commitment] calculation result has been saved to: D:\GithubClonefiles\module_unitcommitment\.worktrees\108_168h\output\pcm_com4_loadall_h168_20260823_210543\smooth\clu_ovl\r01\output/details_schedule_results/pcm_simulation_results/intervels_[1]/res_schedule_commitment_result.txt
PART1: [unit-commitment] calculation result has been saved to: D:\GithubClonefiles\module_unitcommitment\.worktrees\108_168h\output\pcm_com4_loadall_h168_20260823_210543\smooth\clu_ovl\r01\output/details_schedule_results/pcm_simulation_results/intervels_[1]/res_schedule_commitment_result.txt
PART1: [unit-commitment] calculation result has been saved to: D:\GithubClonefiles\module_unitcommitment\.worktrees\108_168h\output\pcm_com4_loadall_h168_20260823_210543\smooth\clu_ovl\r01\output/details_schedule_results/pcm_simulation_results/intervels_[1]/res_schedule_commitment_result.txt
Step-3: Creating dispatching model (Refactored & Modularized)
  Clustered PCM: 108 physical units -> 31 equivalent units (71.3% state reduction; 108 units in non-singleton clusters)
    5-point output grid is infeasible; retrying this window with 17 points
  Clustered PCM: 108 physical units -> 31 equivalent units (71.3% state reduction; 108 units in non-singleton clusters)
    Refined output grid is infeasible; entering continuous residence-power diagnosis
  Clustered PCM: 108 physical units -> 31 equivalent units (71.3% state reduction; 108 units in non-singleton clusters)
  ⚠ True clustered UC failed at cluster_master: INFEASIBLE; falling back to full unit-network SCUC
	 Variables defined.
DEBUG set_objective_economic!: NT=36, NG=108, ND=91, NW=20, NS=1, K=3, size(refcost)=(108,), size(eachslope)=(3, 108)
objective_function
	MILP economic objective set
subject to.
	 constraints: 1) minimum shutup/shutdown time limits			 done
	 constraints: 2) binary variable logic					 done
	 constraints: 3) shutup/shutdown cost					 done
	 constraints: 4) loadcurtailments and spoliedwinds			 done
	 constraints: 5) generatos power limits					 done
	 constraints: 6) system reserves limits					 done
	 constraints: 7) power balance constraints				 done
	 constraints: 8) ramp-up/ramp-down constraints				 done
	 constraints: 9) piece linearization constraints			 done
	 constraints: 10) transmissionline limits skipped (is_NetWorkCon != 1 or Gsdf missing or NL=0)
	 constraints: 11) stroges system constraints skipped (NC=0 or variables not defined)
	 constraints: 12) data centra constraints skipped (is_ConsiderDataCentra != 1)
	 constraints: 13) frequency control constraints skipped (is_ConsiderFrequencyControl != 1)
	 constraints: 14) hydro power limits					 done
+++++++++++++++++++++++++++++++++++++++++++++++++++++++++++++++++++++++++++++++++++++++++++
Step-4: starting Gurobi solver
Step-5: Gurobi solver finished
+++++++++++++++++++++++++++++++++++++++++++++++++++++++++++++++++++++++++++++++++++++++++++

solution_summary(scuc) = solution_summary(; result = 1, verbose = false)
├ solver_name          : Gurobi
├ Termination
│ ├ termination_status : OPTIMAL
│ ├ result_count       : 1
│ ├ raw_status         : Model was solved to optimality (subject to tolerances), and an optimal solution is available.
│ └ objective_bound    : 1.29643e+16
├ Solution (result = 1)
│ ├ primal_status        : FEASIBLE_POINT
│ ├ dual_status          : NO_SOLUTION
│ ├ objective_value      : 1.29643e+16
│ └ relative_gap         : 2.96648e-09
└ Work counters
  ├ solve_time (sec)   : 6.40000e-01
  ├ simplex_iterations : 0
  ├ barrier_iterations : 0
  └ node_count         : 0


Termination Status: OPTIMAL
Acceptable solution found (Status: OPTIMAL).
Step-6: record datas
PART1: [unit-commitment] calculation result has been saved to: D:\GithubClonefiles\module_unitcommitment\.worktrees\108_168h\output\pcm_com4_loadall_h168_20260823_210543\smooth\clu_ovl\r01\output/details_schedule_results/pcm_simulation_results/intervels_[1]/res_schedule_commitment_result.txt
Step-3: Creating dispatching model (Refactored & Modularized)
  Clustered PCM: 108 physical units -> 31 equivalent units (71.3% state reduction; 108 units in non-singleton clusters)
    5-point output grid is infeasible; retrying this window with 17 points
  Clustered PCM: 108 physical units -> 31 equivalent units (71.3% state reduction; 108 units in non-singleton clusters)
    Refined output grid is infeasible; entering continuous residence-power diagnosis
  Clustered PCM: 108 physical units -> 31 equivalent units (71.3% state reduction; 108 units in non-singleton clusters)
  ⚠ True clustered UC failed at cluster_master: INFEASIBLE; falling back to full unit-network SCUC
	 Variables defined.
DEBUG set_objective_economic!: NT=36, NG=108, ND=91, NW=20, NS=1, K=3, size(refcost)=(108,), size(eachslope)=(3, 108)
objective_function
	MILP economic objective set
subject to.
	 constraints: 1) minimum shutup/shutdown time limits			 done
	 constraints: 2) binary variable logic					 done
	 constraints: 3) shutup/shutdown cost					 done
	 constraints: 4) loadcurtailments and spoliedwinds			 done
	 constraints: 5) generatos power limits					 done
	 constraints: 6) system reserves limits					 done
	 constraints: 7) power balance constraints				 done
	 constraints: 8) ramp-up/ramp-down constraints				 done
	 constraints: 9) piece linearization constraints			 done
	 constraints: 10) transmissionline limits skipped (is_NetWorkCon != 1 or Gsdf missing or NL=0)
	 constraints: 11) stroges system constraints skipped (NC=0 or variables not defined)
	 constraints: 12) data centra constraints skipped (is_ConsiderDataCentra != 1)
	 constraints: 13) frequency control constraints skipped (is_ConsiderFrequencyControl != 1)
	 constraints: 14) hydro power limits					 done
+++++++++++++++++++++++++++++++++++++++++++++++++++++++++++++++++++++++++++++++++++++++++++
Step-4: starting Gurobi solver
Step-5: Gurobi solver finished
+++++++++++++++++++++++++++++++++++++++++++++++++++++++++++++++++++++++++++++++++++++++++++

solution_summary(scuc) = solution_summary(; result = 1, verbose = false)
├ solver_name          : Gurobi
├ Termination
│ ├ termination_status : OPTIMAL
│ ├ result_count       : 1
│ ├ raw_status         : Model was solved to optimality (subject to tolerances), and an optimal solution is available.
│ └ objective_bound    : 1.29643e+16
├ Solution (result = 1)
│ ├ primal_status        : FEASIBLE_POINT
│ ├ dual_status          : NO_SOLUTION
│ ├ objective_value      : 1.29643e+16
│ └ relative_gap         : 2.96648e-09
└ Work counters
  ├ solve_time (sec)   : 6.08000e-01
  ├ simplex_iterations : 0
  ├ barrier_iterations : 0
  └ node_count         : 0


Termination Status: OPTIMAL
Acceptable solution found (Status: OPTIMAL).
Step-6: record datas
PART1: [unit-commitment] calculation result has been saved to: D:\GithubClonefiles\module_unitcommitment\.worktrees\108_168h\output\pcm_com4_loadall_h168_20260823_210543\smooth\clu_ovl\r01\output/details_schedule_results/pcm_simulation_results/intervels_[1]/res_schedule_commitment_result.txt
PART1: [unit-commitment] calculation result has been saved to: D:\GithubClonefiles\module_unitcommitment\.worktrees\108_168h\output\pcm_com4_loadall_h168_20260823_210543\smooth\clu_ovl\r01\output/details_schedule_results/pcm_simulation_results/intervels_[1]/res_schedule_commitment_result.txt
Step-3: Creating dispatching model (Refactored & Modularized)
  Clustered PCM: 108 physical units -> 31 equivalent units (71.3% state reduction; 108 units in non-singleton clusters)
    5-point output grid is infeasible; retrying this window with 17 points
  Clustered PCM: 108 physical units -> 31 equivalent units (71.3% state reduction; 108 units in non-singleton clusters)
    Refined output grid is infeasible; entering continuous residence-power diagnosis
  Clustered PCM: 108 physical units -> 31 equivalent units (71.3% state reduction; 108 units in non-singleton clusters)
  ⚠ True clustered UC failed at cluster_master: INFEASIBLE; falling back to full unit-network SCUC
	 Variables defined.
DEBUG set_objective_economic!: NT=26, NG=108, ND=91, NW=20, NS=1, K=3, size(refcost)=(108,), size(eachslope)=(3, 108)
objective_function
	MILP economic objective set
subject to.
	 constraints: 1) minimum shutup/shutdown time limits			 done
	 constraints: 2) binary variable logic					 done
	 constraints: 3) shutup/shutdown cost					 done
	 constraints: 4) loadcurtailments and spoliedwinds			 done
	 constraints: 5) generatos power limits					 done
	 constraints: 6) system reserves limits					 done
	 constraints: 7) power balance constraints				 done
	 constraints: 8) ramp-up/ramp-down constraints				 done
	 constraints: 9) piece linearization constraints			 done
	 constraints: 10) transmissionline limits skipped (is_NetWorkCon != 1 or Gsdf missing or NL=0)
	 constraints: 11) stroges system constraints skipped (NC=0 or variables not defined)
	 constraints: 12) data centra constraints skipped (is_ConsiderDataCentra != 1)
	 constraints: 13) frequency control constraints skipped (is_ConsiderFrequencyControl != 1)
	 constraints: 14) hydro power limits					 done
+++++++++++++++++++++++++++++++++++++++++++++++++++++++++++++++++++++++++++++++++++++++++++
Step-4: starting Gurobi solver
Step-5: Gurobi solver finished
+++++++++++++++++++++++++++++++++++++++++++++++++++++++++++++++++++++++++++++++++++++++++++

solution_summary(scuc) = solution_summary(; result = 1, verbose = false)
├ solver_name          : Gurobi
├ Termination
│ ├ termination_status : OPTIMAL
│ ├ result_count       : 1
│ ├ raw_status         : Model was solved to optimality (subject to tolerances), and an optimal solution is available.
│ └ objective_bound    : 1.29643e+16
├ Solution (result = 1)
│ ├ primal_status        : FEASIBLE_POINT
│ ├ dual_status          : NO_SOLUTION
│ ├ objective_value      : 1.29643e+16
│ └ relative_gap         : 1.33754e-09
└ Work counters
  ├ solve_time (sec)   : 4.74000e-01
  ├ simplex_iterations : 0
  ├ barrier_iterations : 0
  └ node_count         : 0


Termination Status: OPTIMAL
Acceptable solution found (Status: OPTIMAL).
Step-6: record datas
PART1: [unit-commitment] calculation result has been saved to: D:\GithubClonefiles\module_unitcommitment\.worktrees\108_168h\output\pcm_com4_loadall_h168_20260823_210543\smooth\clu_ovl\r01\output/details_schedule_results/pcm_simulation_results/intervels_[1]/res_schedule_commitment_result.txt
PART1: [unit-commitment] calculation result has been saved to: D:\GithubClonefiles\module_unitcommitment\.worktrees\108_168h\output\pcm_com4_loadall_h168_20260823_210543\smooth\clu_ovl\r01\output/details_schedule_results/pcm_simulation_results/intervels_[1]/res_schedule_commitment_result.txt
Step-3: Creating dispatching model (Refactored & Modularized)
  Clustered PCM: 108 physical units -> 31 equivalent units (71.3% state reduction; 108 units in non-singleton clusters)
    5-point output grid is infeasible; retrying this window with 17 points
  Clustered PCM: 108 physical units -> 31 equivalent units (71.3% state reduction; 108 units in non-singleton clusters)
    Refined output grid is infeasible; entering continuous residence-power diagnosis
  Clustered PCM: 108 physical units -> 31 equivalent units (71.3% state reduction; 108 units in non-singleton clusters)
  ⚠ True clustered UC failed at cluster_master: INFEASIBLE; falling back to full unit-network SCUC
	 Variables defined.
DEBUG set_objective_economic!: NT=31, NG=108, ND=91, NW=20, NS=1, K=3, size(refcost)=(108,), size(eachslope)=(3, 108)
objective_function
	MILP economic objective set
subject to.
	 constraints: 1) minimum shutup/shutdown time limits			 done
	 constraints: 2) binary variable logic					 done
	 constraints: 3) shutup/shutdown cost					 done
	 constraints: 4) loadcurtailments and spoliedwinds			 done
	 constraints: 5) generatos power limits					 done
	 constraints: 6) system reserves limits					 done
	 constraints: 7) power balance constraints				 done
	 constraints: 8) ramp-up/ramp-down constraints				 done
	 constraints: 9) piece linearization constraints			 done
	 constraints: 10) transmissionline limits skipped (is_NetWorkCon != 1 or Gsdf missing or NL=0)
	 constraints: 11) stroges system constraints skipped (NC=0 or variables not defined)
	 constraints: 12) data centra constraints skipped (is_ConsiderDataCentra != 1)
	 constraints: 13) frequency control constraints skipped (is_ConsiderFrequencyControl != 1)
	 constraints: 14) hydro power limits					 done
+++++++++++++++++++++++++++++++++++++++++++++++++++++++++++++++++++++++++++++++++++++++++++
Step-4: starting Gurobi solver
Step-5: Gurobi solver finished
+++++++++++++++++++++++++++++++++++++++++++++++++++++++++++++++++++++++++++++++++++++++++++

solution_summary(scuc) = solution_summary(; result = 1, verbose = false)
├ solver_name          : Gurobi
├ Termination
│ ├ termination_status : OPTIMAL
│ ├ result_count       : 1
│ ├ raw_status         : Model was solved to optimality (subject to tolerances), and an optimal solution is available.
│ └ objective_bound    : 1.29643e+16
├ Solution (result = 1)
│ ├ primal_status        : FEASIBLE_POINT
│ ├ dual_status          : NO_SOLUTION
│ ├ objective_value      : 1.29643e+16
│ └ relative_gap         : 1.43917e-09
└ Work counters
  ├ solve_time (sec)   : 5.56000e-01
  ├ simplex_iterations : 0
  ├ barrier_iterations : 0
  └ node_count         : 0


Termination Status: OPTIMAL
Acceptable solution found (Status: OPTIMAL).
Step-6: record datas
PART1: [unit-commitment] calculation result has been saved to: D:\GithubClonefiles\module_unitcommitment\.worktrees\108_168h\output\pcm_com4_loadall_h168_20260823_210543\smooth\clu_ovl\r01\output/details_schedule_results/pcm_simulation_results/intervels_[1]/res_schedule_commitment_result.txt
PART1: [unit-commitment] calculation result has been saved to: D:\GithubClonefiles\module_unitcommitment\.worktrees\108_168h\output\pcm_com4_loadall_h168_20260823_210543\smooth\clu_ovl\r01\output/details_schedule_results/pcm_simulation_results/intervels_[1]/res_schedule_commitment_result.txt
PART1: [unit-commitment] calculation result has been saved to: D:\GithubClonefiles\module_unitcommitment\.worktrees\108_168h\output\pcm_com4_loadall_h168_20260823_210543\smooth\clu_ovl\r01\output/details_schedule_results/pcm_simulation_results/intervels_[1]/res_schedule_commitment_result.txt
Step-3: Creating dispatching model (Refactored & Modularized)
  Clustered PCM: 108 physical units -> 31 equivalent units (71.3% state reduction; 108 units in non-singleton clusters)
    5-point output grid is infeasible; retrying this window with 17 points
  Clustered PCM: 108 physical units -> 31 equivalent units (71.3% state reduction; 108 units in non-singleton clusters)
    Refined output grid is infeasible; entering continuous residence-power diagnosis
  Clustered PCM: 108 physical units -> 31 equivalent units (71.3% state reduction; 108 units in non-singleton clusters)
  ⚠ True clustered UC failed at cluster_master: INFEASIBLE; falling back to full unit-network SCUC
	 Variables defined.
DEBUG set_objective_economic!: NT=36, NG=108, ND=91, NW=20, NS=1, K=3, size(refcost)=(108,), size(eachslope)=(3, 108)
objective_function
	MILP economic objective set
subject to.
	 constraints: 1) minimum shutup/shutdown time limits			 done
	 constraints: 2) binary variable logic					 done
	 constraints: 3) shutup/shutdown cost					 done
	 constraints: 4) loadcurtailments and spoliedwinds			 done
	 constraints: 5) generatos power limits					 done
	 constraints: 6) system reserves limits					 done
	 constraints: 7) power balance constraints				 done
	 constraints: 8) ramp-up/ramp-down constraints				 done
	 constraints: 9) piece linearization constraints			 done
	 constraints: 10) transmissionline limits skipped (is_NetWorkCon != 1 or Gsdf missing or NL=0)
	 constraints: 11) stroges system constraints skipped (NC=0 or variables not defined)
	 constraints: 12) data centra constraints skipped (is_ConsiderDataCentra != 1)
	 constraints: 13) frequency control constraints skipped (is_ConsiderFrequencyControl != 1)
	 constraints: 14) hydro power limits					 done
+++++++++++++++++++++++++++++++++++++++++++++++++++++++++++++++++++++++++++++++++++++++++++
Step-4: starting Gurobi solver
Step-5: Gurobi solver finished
+++++++++++++++++++++++++++++++++++++++++++++++++++++++++++++++++++++++++++++++++++++++++++

solution_summary(scuc) = solution_summary(; result = 1, verbose = false)
├ solver_name          : Gurobi
├ Termination
│ ├ termination_status : OPTIMAL
│ ├ result_count       : 1
│ ├ raw_status         : Model was solved to optimality (subject to tolerances), and an optimal solution is available.
│ └ objective_bound    : 1.48835e+16
├ Solution (result = 1)
│ ├ primal_status        : FEASIBLE_POINT
│ ├ dual_status          : NO_SOLUTION
│ ├ objective_value      : 1.48835e+16
│ └ relative_gap         : 2.76623e-09
└ Work counters
  ├ solve_time (sec)   : 5.74000e-01
  ├ simplex_iterations : 0
  ├ barrier_iterations : 0
  └ node_count         : 0


Termination Status: OPTIMAL
Acceptable solution found (Status: OPTIMAL).
Step-6: record datas
PART1: [unit-commitment] calculation result has been saved to: D:\GithubClonefiles\module_unitcommitment\.worktrees\108_168h\output\pcm_com4_loadall_h168_20260823_210543\smooth\clu_ovl\r01\output/details_schedule_results/pcm_simulation_results/intervels_[1]/res_schedule_commitment_result.txt
Step-3: Creating dispatching model (Refactored & Modularized)
  Clustered PCM: 108 physical units -> 31 equivalent units (71.3% state reduction; 108 units in non-singleton clusters)
    5-point output grid is infeasible; retrying this window with 17 points
  Clustered PCM: 108 physical units -> 31 equivalent units (71.3% state reduction; 108 units in non-singleton clusters)
    Refined output grid is infeasible; entering continuous residence-power diagnosis
  Clustered PCM: 108 physical units -> 31 equivalent units (71.3% state reduction; 108 units in non-singleton clusters)
  ⚠ True clustered UC failed at cluster_master: INFEASIBLE; falling back to full unit-network SCUC
	 Variables defined.
Set parameter Username
Set parameter LicenseID to value 2826524
Academic license - for non-commercial use only - expires 2027-05-22
Set parameter Username
Set parameter LicenseID to value 2826524
Academic license - for non-commercial use only - expires 2027-05-22
Set parameter Username
Set parameter LicenseID to value 2826524
Academic license - for non-commercial use only - expires 2027-05-22
Set parameter Username
Set parameter LicenseID to value 2826524
Academic license - for non-commercial use only - expires 2027-05-22
Set parameter Username
Set parameter LicenseID to value 2826524
Academic license - for non-commercial use only - expires 2027-05-22
Set parameter Username
Set parameter LicenseID to value 2826524
Academic license - for non-commercial use only - expires 2027-05-22
Set parameter Username
Set parameter LicenseID to value 2826524
Academic license - for non-commercial use only - expires 2027-05-22
Set parameter Username
Set parameter LicenseID to value 2826524
Academic license - for non-commercial use only - expires 2027-05-22
Set parameter Username
Set parameter LicenseID to value 2826524
Academic license - for non-commercial use only - expires 2027-05-22
Set parameter Username
Set parameter LicenseID to value 2826524
Academic license - for non-commercial use only - expires 2027-05-22
Set parameter Username
Set parameter LicenseID to value 2826524
Academic license - for non-commercial use only - expires 2027-05-22
Set parameter Username
Set parameter LicenseID to value 2826524
Academic license - for non-commercial use only - expires 2027-05-22
Set parameter Username
Set parameter LicenseID to value 2826524
Academic license - for non-commercial use only - expires 2027-05-22
Set parameter Username
Set parameter LicenseID to value 2826524
Academic license - for non-commercial use only - expires 2027-05-22
Set parameter Username
Set parameter LicenseID to value 2826524
Academic license - for non-commercial use only - expires 2027-05-22
Set parameter Username
Set parameter LicenseID to value 2826524
Academic license - for non-commercial use only - expires 2027-05-22
Set parameter Username
Set parameter LicenseID to value 2826524
Academic license - for non-commercial use only - expires 2027-05-22
Set parameter Username
Set parameter LicenseID to value 2826524
Academic license - for non-commercial use only - expires 2027-05-22
Set parameter Username
Set parameter LicenseID to value 2826524
Academic license - for non-commercial use only - expires 2027-05-22
Set parameter Username
Set parameter LicenseID to value 2826524
Academic license - for non-commercial use only - expires 2027-05-22
Set parameter Username
Set parameter LicenseID to value 2826524
Academic license - for non-commercial use only - expires 2027-05-22
Set parameter Username
Set parameter LicenseID to value 2826524
Academic license - for non-commercial use only - expires 2027-05-22
Set parameter Username
Set parameter LicenseID to value 2826524
Academic license - for non-commercial use only - expires 2027-05-22
Set parameter Username
Set parameter LicenseID to value 2826524
Academic license - for non-commercial use only - expires 2027-05-22
Set parameter Username
Set parameter LicenseID to value 2826524
Academic license - for non-commercial use only - expires 2027-05-22
Set parameter Username
Set parameter LicenseID to value 2826524
Academic license - for non-commercial use only - expires 2027-05-22
Set parameter Username
Set parameter LicenseID to value 2826524
Academic license - for non-commercial use only - expires 2027-05-22
Set parameter Username
Set parameter LicenseID to value 2826524
Academic license - for non-commercial use only - expires 2027-05-22
Set parameter Username
Set parameter LicenseID to value 2826524
Academic license - for non-commercial use only - expires 2027-05-22
Set parameter Username
Set parameter LicenseID to value 2826524
Academic license - for non-commercial use only - expires 2027-05-22
Set parameter Username
Set parameter LicenseID to value 2826524
Academic license - for non-commercial use only - expires 2027-05-22
Set parameter Username
Set parameter LicenseID to value 2826524
Academic license - for non-commercial use only - expires 2027-05-22
Set parameter Username
Set parameter LicenseID to value 2826524
Academic license - for non-commercial use only - expires 2027-05-22
Set parameter Username
Set parameter LicenseID to value 2826524
Academic license - for non-commercial use only - expires 2027-05-22
Set parameter Username
Set parameter LicenseID to value 2826524
Academic license - for non-commercial use only - expires 2027-05-22
Set parameter Username
Set parameter LicenseID to value 2826524
Academic license - for non-commercial use only - expires 2027-05-22
DEBUG set_objective_economic!: NT=36, NG=108, ND=91, NW=20, NS=1, K=3, size(refcost)=(108,), size(eachslope)=(3, 108)
objective_function
	MILP economic objective set
subject to.
	 constraints: 1) minimum shutup/shutdown time limits			 done
	 constraints: 2) binary variable logic					 done
	 constraints: 3) shutup/shutdown cost					 done
	 constraints: 4) loadcurtailments and spoliedwinds			 done
	 constraints: 5) generatos power limits					 done
	 constraints: 6) system reserves limits					 done
	 constraints: 7) power balance constraints				 done
	 constraints: 8) ramp-up/ramp-down constraints				 done
	 constraints: 9) piece linearization constraints			 done
	 constraints: 10) transmissionline limits skipped (is_NetWorkCon != 1 or Gsdf missing or NL=0)
	 constraints: 11) stroges system constraints skipped (NC=0 or variables not defined)
	 constraints: 12) data centra constraints skipped (is_ConsiderDataCentra != 1)
	 constraints: 13) frequency control constraints skipped (is_ConsiderFrequencyControl != 1)
	 constraints: 14) hydro power limits					 done
+++++++++++++++++++++++++++++++++++++++++++++++++++++++++++++++++++++++++++++++++++++++++++
Step-4: starting Gurobi solver
Step-5: Gurobi solver finished
+++++++++++++++++++++++++++++++++++++++++++++++++++++++++++++++++++++++++++++++++++++++++++

solution_summary(scuc) = solution_summary(; result = 1, verbose = false)
├ solver_name          : Gurobi
├ Termination
│ ├ termination_status : OPTIMAL
│ ├ result_count       : 1
│ ├ raw_status         : Model was solved to optimality (subject to tolerances), and an optimal solution is available.
│ └ objective_bound    : 1.48835e+16
├ Solution (result = 1)
│ ├ primal_status        : FEASIBLE_POINT
│ ├ dual_status          : NO_SOLUTION
│ ├ objective_value      : 1.48835e+16
│ └ relative_gap         : 2.76623e-09
└ Work counters
  ├ solve_time (sec)   : 5.68000e-01
  ├ simplex_iterations : 0
  ├ barrier_iterations : 0
  └ node_count         : 0


Termination Status: OPTIMAL
Acceptable solution found (Status: OPTIMAL).
Step-6: record datas
PART1: [unit-commitment] calculation result has been saved to: D:\GithubClonefiles\module_unitcommitment\.worktrees\108_168h\output\pcm_com4_loadall_h168_20260823_210543\smooth\clu_ovl\r01\output/details_schedule_results/pcm_simulation_results/intervels_[1]/res_schedule_commitment_result.txt
PART1: [unit-commitment] calculation result has been saved to: D:\GithubClonefiles\module_unitcommitment\.worktrees\108_168h\output\pcm_com4_loadall_h168_20260823_210543\smooth\clu_ovl\r01\output/details_schedule_results/pcm_simulation_results/intervels_[1]/res_schedule_commitment_result.txt
Step-3: Creating dispatching model (Refactored & Modularized)
  Clustered PCM: 108 physical units -> 31 equivalent units (71.3% state reduction; 108 units in non-singleton clusters)
    5-point output grid is infeasible; retrying this window with 17 points
  Clustered PCM: 108 physical units -> 31 equivalent units (71.3% state reduction; 108 units in non-singleton clusters)
    Refined output grid is infeasible; entering continuous residence-power diagnosis
  Clustered PCM: 108 physical units -> 31 equivalent units (71.3% state reduction; 108 units in non-singleton clusters)
  ⚠ True clustered UC failed at cluster_master: INFEASIBLE; falling back to full unit-network SCUC
	 Variables defined.
DEBUG set_objective_economic!: NT=26, NG=108, ND=91, NW=20, NS=1, K=3, size(refcost)=(108,), size(eachslope)=(3, 108)
objective_function
	MILP economic objective set
subject to.
	 constraints: 1) minimum shutup/shutdown time limits			 done
	 constraints: 2) binary variable logic					 done
	 constraints: 3) shutup/shutdown cost					 done
	 constraints: 4) loadcurtailments and spoliedwinds			 done
	 constraints: 5) generatos power limits					 done
	 constraints: 6) system reserves limits					 done
	 constraints: 7) power balance constraints				 done
	 constraints: 8) ramp-up/ramp-down constraints				 done
	 constraints: 9) piece linearization constraints			 done
	 constraints: 10) transmissionline limits skipped (is_NetWorkCon != 1 or Gsdf missing or NL=0)
	 constraints: 11) stroges system constraints skipped (NC=0 or variables not defined)
	 constraints: 12) data centra constraints skipped (is_ConsiderDataCentra != 1)
	 constraints: 13) frequency control constraints skipped (is_ConsiderFrequencyControl != 1)
	 constraints: 14) hydro power limits					 done
+++++++++++++++++++++++++++++++++++++++++++++++++++++++++++++++++++++++++++++++++++++++++++
Step-4: starting Gurobi solver
Step-5: Gurobi solver finished
+++++++++++++++++++++++++++++++++++++++++++++++++++++++++++++++++++++++++++++++++++++++++++

solution_summary(scuc) = solution_summary(; result = 1, verbose = false)
├ solver_name          : Gurobi
├ Termination
│ ├ termination_status : OPTIMAL
│ ├ result_count       : 1
│ ├ raw_status         : Model was solved to optimality (subject to tolerances), and an optimal solution is available.
│ └ objective_bound    : 1.48835e+16
├ Solution (result = 1)
│ ├ primal_status        : FEASIBLE_POINT
│ ├ dual_status          : NO_SOLUTION
│ ├ objective_value      : 1.48835e+16
│ └ relative_gap         : 1.16016e-09
└ Work counters
  ├ solve_time (sec)   : 5.10000e-01
  ├ simplex_iterations : 0
  ├ barrier_iterations : 0
  └ node_count         : 0


Termination Status: OPTIMAL
Acceptable solution found (Status: OPTIMAL).
Step-6: record datas
PART1: [unit-commitment] calculation result has been saved to: D:\GithubClonefiles\module_unitcommitment\.worktrees\108_168h\output\pcm_com4_loadall_h168_20260823_210543\smooth\clu_ovl\r01\output/details_schedule_results/pcm_simulation_results/intervels_[1]/res_schedule_commitment_result.txt
PART1: [unit-commitment] calculation result has been saved to: D:\GithubClonefiles\module_unitcommitment\.worktrees\108_168h\output\pcm_com4_loadall_h168_20260823_210543\smooth\clu_ovl\r01\output/details_schedule_results/pcm_simulation_results/intervels_[1]/res_schedule_commitment_result.txt
Step-3: Creating dispatching model (Refactored & Modularized)
  Clustered PCM: 108 physical units -> 31 equivalent units (71.3% state reduction; 108 units in non-singleton clusters)
    5-point output grid is infeasible; retrying this window with 17 points
  Clustered PCM: 108 physical units -> 31 equivalent units (71.3% state reduction; 108 units in non-singleton clusters)
    Refined output grid is infeasible; entering continuous residence-power diagnosis
  Clustered PCM: 108 physical units -> 31 equivalent units (71.3% state reduction; 108 units in non-singleton clusters)
  ⚠ True clustered UC failed at cluster_master: INFEASIBLE; falling back to full unit-network SCUC
	 Variables defined.
DEBUG set_objective_economic!: NT=31, NG=108, ND=91, NW=20, NS=1, K=3, size(refcost)=(108,), size(eachslope)=(3, 108)
objective_function
	MILP economic objective set
subject to.
	 constraints: 1) minimum shutup/shutdown time limits			 done
	 constraints: 2) binary variable logic					 done
	 constraints: 3) shutup/shutdown cost					 done
	 constraints: 4) loadcurtailments and spoliedwinds			 done
	 constraints: 5) generatos power limits					 done
	 constraints: 6) system reserves limits					 done
	 constraints: 7) power balance constraints				 done
	 constraints: 8) ramp-up/ramp-down constraints				 done
	 constraints: 9) piece linearization constraints			 done
	 constraints: 10) transmissionline limits skipped (is_NetWorkCon != 1 or Gsdf missing or NL=0)
	 constraints: 11) stroges system constraints skipped (NC=0 or variables not defined)
	 constraints: 12) data centra constraints skipped (is_ConsiderDataCentra != 1)
	 constraints: 13) frequency control constraints skipped (is_ConsiderFrequencyControl != 1)
	 constraints: 14) hydro power limits					 done
+++++++++++++++++++++++++++++++++++++++++++++++++++++++++++++++++++++++++++++++++++++++++++
Step-4: starting Gurobi solver
Step-5: Gurobi solver finished
+++++++++++++++++++++++++++++++++++++++++++++++++++++++++++++++++++++++++++++++++++++++++++

solution_summary(scuc) = solution_summary(; result = 1, verbose = false)
├ solver_name          : Gurobi
├ Termination
│ ├ termination_status : OPTIMAL
│ ├ result_count       : 1
│ ├ raw_status         : Model was solved to optimality (subject to tolerances), and an optimal solution is available.
│ └ objective_bound    : 1.48835e+16
├ Solution (result = 1)
│ ├ primal_status        : FEASIBLE_POINT
│ ├ dual_status          : NO_SOLUTION
│ ├ objective_value      : 1.48835e+16
│ └ relative_gap         : 1.36721e-09
└ Work counters
  ├ solve_time (sec)   : 4.96000e-01
  ├ simplex_iterations : 0
  ├ barrier_iterations : 0
  └ node_count         : 0


Termination Status: OPTIMAL
Acceptable solution found (Status: OPTIMAL).
Step-6: record datas
PART1: [unit-commitment] calculation result has been saved to: D:\GithubClonefiles\module_unitcommitment\.worktrees\108_168h\output\pcm_com4_loadall_h168_20260823_210543\smooth\clu_ovl\r01\output/details_schedule_results/pcm_simulation_results/intervels_[1]/res_schedule_commitment_result.txt
PART1: [unit-commitment] calculation result has been saved to: D:\GithubClonefiles\module_unitcommitment\.worktrees\108_168h\output\pcm_com4_loadall_h168_20260823_210543\smooth\clu_ovl\r01\output/details_schedule_results/pcm_simulation_results/intervels_[1]/res_schedule_commitment_result.txt
PART1: [unit-commitment] calculation result has been saved to: D:\GithubClonefiles\module_unitcommitment\.worktrees\108_168h\output\pcm_com4_loadall_h168_20260823_210543\smooth\clu_ovl\r01\output/details_schedule_results/pcm_simulation_results/intervels_[1]/res_schedule_commitment_result.txt
Step-3: Creating dispatching model (Refactored & Modularized)
  Clustered PCM: 108 physical units -> 31 equivalent units (71.3% state reduction; 108 units in non-singleton clusters)
    5-point output grid is infeasible; retrying this window with 17 points
  Clustered PCM: 108 physical units -> 31 equivalent units (71.3% state reduction; 108 units in non-singleton clusters)
    Refined output grid is infeasible; entering continuous residence-power diagnosis
  Clustered PCM: 108 physical units -> 31 equivalent units (71.3% state reduction; 108 units in non-singleton clusters)
  ⚠ True clustered UC failed at cluster_master: INFEASIBLE; falling back to full unit-network SCUC
	 Variables defined.
DEBUG set_objective_economic!: NT=36, NG=108, ND=91, NW=20, NS=1, K=3, size(refcost)=(108,), size(eachslope)=(3, 108)
objective_function
	MILP economic objective set
subject to.
	 constraints: 1) minimum shutup/shutdown time limits			 done
	 constraints: 2) binary variable logic					 done
	 constraints: 3) shutup/shutdown cost					 done
	 constraints: 4) loadcurtailments and spoliedwinds			 done
	 constraints: 5) generatos power limits					 done
	 constraints: 6) system reserves limits					 done
	 constraints: 7) power balance constraints				 done
	 constraints: 8) ramp-up/ramp-down constraints				 done
	 constraints: 9) piece linearization constraints			 done
	 constraints: 10) transmissionline limits skipped (is_NetWorkCon != 1 or Gsdf missing or NL=0)
	 constraints: 11) stroges system constraints skipped (NC=0 or variables not defined)
	 constraints: 12) data centra constraints skipped (is_ConsiderDataCentra != 1)
	 constraints: 13) frequency control constraints skipped (is_ConsiderFrequencyControl != 1)
	 constraints: 14) hydro power limits					 done
+++++++++++++++++++++++++++++++++++++++++++++++++++++++++++++++++++++++++++++++++++++++++++
Step-4: starting Gurobi solver
Step-5: Gurobi solver finished
+++++++++++++++++++++++++++++++++++++++++++++++++++++++++++++++++++++++++++++++++++++++++++

solution_summary(scuc) = solution_summary(; result = 1, verbose = false)
├ solver_name          : Gurobi
├ Termination
│ ├ termination_status : OPTIMAL
│ ├ result_count       : 1
│ ├ raw_status         : Model was solved to optimality (subject to tolerances), and an optimal solution is available.
│ └ objective_bound    : 1.37966e+16
├ Solution (result = 1)
│ ├ primal_status        : FEASIBLE_POINT
│ ├ dual_status          : NO_SOLUTION
│ ├ objective_value      : 1.37966e+16
│ └ relative_gap         : 3.06662e-09
└ Work counters
  ├ solve_time (sec)   : 5.63000e-01
  ├ simplex_iterations : 0
  ├ barrier_iterations : 0
  └ node_count         : 0


Termination Status: OPTIMAL
Acceptable solution found (Status: OPTIMAL).
Step-6: record datas
PART1: [unit-commitment] calculation result has been saved to: D:\GithubClonefiles\module_unitcommitment\.worktrees\108_168h\output\pcm_com4_loadall_h168_20260823_210543\smooth\clu_ovl\r01\output/details_schedule_results/pcm_simulation_results/intervels_[1]/res_schedule_commitment_result.txt
Step-3: Creating dispatching model (Refactored & Modularized)
  Clustered PCM: 108 physical units -> 31 equivalent units (71.3% state reduction; 108 units in non-singleton clusters)
    5-point output grid is infeasible; retrying this window with 17 points
  Clustered PCM: 108 physical units -> 31 equivalent units (71.3% state reduction; 108 units in non-singleton clusters)
    Refined output grid is infeasible; entering continuous residence-power diagnosis
  Clustered PCM: 108 physical units -> 31 equivalent units (71.3% state reduction; 108 units in non-singleton clusters)
  ⚠ True clustered UC failed at cluster_master: INFEASIBLE; falling back to full unit-network SCUC
	 Variables defined.
DEBUG set_objective_economic!: NT=36, NG=108, ND=91, NW=20, NS=1, K=3, size(refcost)=(108,), size(eachslope)=(3, 108)
objective_function
	MILP economic objective set
subject to.
	 constraints: 1) minimum shutup/shutdown time limits			 done
	 constraints: 2) binary variable logic					 done
	 constraints: 3) shutup/shutdown cost					 done
	 constraints: 4) loadcurtailments and spoliedwinds			 done
	 constraints: 5) generatos power limits					 done
	 constraints: 6) system reserves limits					 done
	 constraints: 7) power balance constraints				 done
	 constraints: 8) ramp-up/ramp-down constraints				 done
	 constraints: 9) piece linearization constraints			 done
	 constraints: 10) transmissionline limits skipped (is_NetWorkCon != 1 or Gsdf missing or NL=0)
	 constraints: 11) stroges system constraints skipped (NC=0 or variables not defined)
	 constraints: 12) data centra constraints skipped (is_ConsiderDataCentra != 1)
	 constraints: 13) frequency control constraints skipped (is_ConsiderFrequencyControl != 1)
	 constraints: 14) hydro power limits					 done
+++++++++++++++++++++++++++++++++++++++++++++++++++++++++++++++++++++++++++++++++++++++++++
Step-4: starting Gurobi solver
Step-5: Gurobi solver finished
+++++++++++++++++++++++++++++++++++++++++++++++++++++++++++++++++++++++++++++++++++++++++++

solution_summary(scuc) = solution_summary(; result = 1, verbose = false)
├ solver_name          : Gurobi
├ Termination
│ ├ termination_status : OPTIMAL
│ ├ result_count       : 1
│ ├ raw_status         : Model was solved to optimality (subject to tolerances), and an optimal solution is available.
│ └ objective_bound    : 1.37966e+16
├ Solution (result = 1)
│ ├ primal_status        : FEASIBLE_POINT
│ ├ dual_status          : NO_SOLUTION
│ ├ objective_value      : 1.37966e+16
│ └ relative_gap         : 3.06662e-09
└ Work counters
  ├ solve_time (sec)   : 6.44000e-01
  ├ simplex_iterations : 0
  ├ barrier_iterations : 0
  └ node_count         : 0


Termination Status: OPTIMAL
Acceptable solution found (Status: OPTIMAL).
Step-6: record datas
PART1: [unit-commitment] calculation result has been saved to: D:\GithubClonefiles\module_unitcommitment\.worktrees\108_168h\output\pcm_com4_loadall_h168_20260823_210543\smooth\clu_ovl\r01\output/details_schedule_results/pcm_simulation_results/intervels_[1]/res_schedule_commitment_result.txt
PART1: [unit-commitment] calculation result has been saved to: D:\GithubClonefiles\module_unitcommitment\.worktrees\108_168h\output\pcm_com4_loadall_h168_20260823_210543\smooth\clu_ovl\r01\output/details_schedule_results/pcm_simulation_results/intervels_[1]/res_schedule_commitment_result.txt
Step-3: Creating dispatching model (Refactored & Modularized)
  Clustered PCM: 108 physical units -> 31 equivalent units (71.3% state reduction; 108 units in non-singleton clusters)
    5-point output grid is infeasible; retrying this window with 17 points
  Clustered PCM: 108 physical units -> 31 equivalent units (71.3% state reduction; 108 units in non-singleton clusters)
    Refined output grid is infeasible; entering continuous residence-power diagnosis
  Clustered PCM: 108 physical units -> 31 equivalent units (71.3% state reduction; 108 units in non-singleton clusters)
  ⚠ True clustered UC failed at cluster_master: INFEASIBLE; falling back to full unit-network SCUC
	 Variables defined.
DEBUG set_objective_economic!: NT=26, NG=108, ND=91, NW=20, NS=1, K=3, size(refcost)=(108,), size(eachslope)=(3, 108)
objective_function
	MILP economic objective set
subject to.
	 constraints: 1) minimum shutup/shutdown time limits			 done
	 constraints: 2) binary variable logic					 done
	 constraints: 3) shutup/shutdown cost					 done
	 constraints: 4) loadcurtailments and spoliedwinds			 done
	 constraints: 5) generatos power limits					 done
	 constraints: 6) system reserves limits					 done
	 constraints: 7) power balance constraints				 done
	 constraints: 8) ramp-up/ramp-down constraints				 done
	 constraints: 9) piece linearization constraints			 done
	 constraints: 10) transmissionline limits skipped (is_NetWorkCon != 1 or Gsdf missing or NL=0)
	 constraints: 11) stroges system constraints skipped (NC=0 or variables not defined)
	 constraints: 12) data centra constraints skipped (is_ConsiderDataCentra != 1)
	 constraints: 13) frequency control constraints skipped (is_ConsiderFrequencyControl != 1)
	 constraints: 14) hydro power limits					 done
+++++++++++++++++++++++++++++++++++++++++++++++++++++++++++++++++++++++++++++++++++++++++++
Step-4: starting Gurobi solver
Step-5: Gurobi solver finished
+++++++++++++++++++++++++++++++++++++++++++++++++++++++++++++++++++++++++++++++++++++++++++

solution_summary(scuc) = solution_summary(; result = 1, verbose = false)
├ solver_name          : Gurobi
├ Termination
│ ├ termination_status : OPTIMAL
│ ├ result_count       : 1
│ ├ raw_status         : Model was solved to optimality (subject to tolerances), and an optimal solution is available.
│ └ objective_bound    : 1.37966e+16
├ Solution (result = 1)
│ ├ primal_status        : FEASIBLE_POINT
│ ├ dual_status          : NO_SOLUTION
│ ├ objective_value      : 1.37966e+16
│ └ relative_gap         : 1.24634e-09
└ Work counters
  ├ solve_time (sec)   : 4.95000e-01
  ├ simplex_iterations : 0
  ├ barrier_iterations : 0
  └ node_count         : 0


Termination Status: OPTIMAL
Acceptable solution found (Status: OPTIMAL).
Step-6: record datas
PART1: [unit-commitment] calculation result has been saved to: D:\GithubClonefiles\module_unitcommitment\.worktrees\108_168h\output\pcm_com4_loadall_h168_20260823_210543\smooth\clu_ovl\r01\output/details_schedule_results/pcm_simulation_results/intervels_[1]/res_schedule_commitment_result.txt
PART1: [unit-commitment] calculation result has been saved to: D:\GithubClonefiles\module_unitcommitment\.worktrees\108_168h\output\pcm_com4_loadall_h168_20260823_210543\smooth\clu_ovl\r01\output/details_schedule_results/pcm_simulation_results/intervels_[1]/res_schedule_commitment_result.txt
Step-3: Creating dispatching model (Refactored & Modularized)
  Clustered PCM: 108 physical units -> 31 equivalent units (71.3% state reduction; 108 units in non-singleton clusters)
    5-point output grid is infeasible; retrying this window with 17 points
  Clustered PCM: 108 physical units -> 31 equivalent units (71.3% state reduction; 108 units in non-singleton clusters)
    Refined output grid is infeasible; entering continuous residence-power diagnosis
  Clustered PCM: 108 physical units -> 31 equivalent units (71.3% state reduction; 108 units in non-singleton clusters)
  ⚠ True clustered UC failed at cluster_master: INFEASIBLE; falling back to full unit-network SCUC
	 Variables defined.
DEBUG set_objective_economic!: NT=31, NG=108, ND=91, NW=20, NS=1, K=3, size(refcost)=(108,), size(eachslope)=(3, 108)
objective_function
	MILP economic objective set
subject to.
	 constraints: 1) minimum shutup/shutdown time limits			 done
	 constraints: 2) binary variable logic					 done
	 constraints: 3) shutup/shutdown cost					 done
	 constraints: 4) loadcurtailments and spoliedwinds			 done
	 constraints: 5) generatos power limits					 done
	 constraints: 6) system reserves limits					 done
	 constraints: 7) power balance constraints				 done
	 constraints: 8) ramp-up/ramp-down constraints				 done
	 constraints: 9) piece linearization constraints			 done
	 constraints: 10) transmissionline limits skipped (is_NetWorkCon != 1 or Gsdf missing or NL=0)
	 constraints: 11) stroges system constraints skipped (NC=0 or variables not defined)
	 constraints: 12) data centra constraints skipped (is_ConsiderDataCentra != 1)
	 constraints: 13) frequency control constraints skipped (is_ConsiderFrequencyControl != 1)
	 constraints: 14) hydro power limits					 done
+++++++++++++++++++++++++++++++++++++++++++++++++++++++++++++++++++++++++++++++++++++++++++
Step-4: starting Gurobi solver
Step-5: Gurobi solver finished
+++++++++++++++++++++++++++++++++++++++++++++++++++++++++++++++++++++++++++++++++++++++++++

solution_summary(scuc) = solution_summary(; result = 1, verbose = false)
├ solver_name          : Gurobi
├ Termination
│ ├ termination_status : OPTIMAL
│ ├ result_count       : 1
│ ├ raw_status         : Model was solved to optimality (subject to tolerances), and an optimal solution is available.
│ └ objective_bound    : 1.37966e+16
├ Solution (result = 1)
│ ├ primal_status        : FEASIBLE_POINT
│ ├ dual_status          : NO_SOLUTION
│ ├ objective_value      : 1.37966e+16
│ └ relative_gap         : 1.67006e-09
└ Work counters
  ├ solve_time (sec)   : 5.07000e-01
  ├ simplex_iterations : 0
  ├ barrier_iterations : 0
  └ node_count         : 0


Termination Status: OPTIMAL
Acceptable solution found (Status: OPTIMAL).
Step-6: record datas
PART1: [unit-commitment] calculation result has been saved to: D:\GithubClonefiles\module_unitcommitment\.worktrees\108_168h\output\pcm_com4_loadall_h168_20260823_210543\smooth\clu_ovl\r01\output/details_schedule_results/pcm_simulation_results/intervels_[1]/res_schedule_commitment_result.txt
PART1: [unit-commitment] calculation result has been saved to: D:\GithubClonefiles\module_unitcommitment\.worktrees\108_168h\output\pcm_com4_loadall_h168_20260823_210543\smooth\clu_ovl\r01\output/details_schedule_results/pcm_simulation_results/intervels_[1]/res_schedule_commitment_result.txt
PART1: [unit-commitment] calculation result has been saved to: D:\GithubClonefiles\module_unitcommitment\.worktrees\108_168h\output\pcm_com4_loadall_h168_20260823_210543\smooth\clu_ovl\r01\output/details_schedule_results/pcm_simulation_results/intervels_[1]/res_schedule_commitment_result.txt
Step-3: Creating dispatching model (Refactored & Modularized)
  Clustered PCM: 108 physical units -> 31 equivalent units (71.3% state reduction; 108 units in non-singleton clusters)
    5-point output grid is infeasible; retrying this window with 17 points
  Clustered PCM: 108 physical units -> 31 equivalent units (71.3% state reduction; 108 units in non-singleton clusters)
    Refined output grid is infeasible; entering continuous residence-power diagnosis
  Clustered PCM: 108 physical units -> 31 equivalent units (71.3% state reduction; 108 units in non-singleton clusters)
  ⚠ True clustered UC failed at cluster_master: INFEASIBLE; falling back to full unit-network SCUC
	 Variables defined.
DEBUG set_objective_economic!: NT=36, NG=108, ND=91, NW=20, NS=1, K=3, size(refcost)=(108,), size(eachslope)=(3, 108)
objective_function
	MILP economic objective set
subject to.
	 constraints: 1) minimum shutup/shutdown time limits			 done
	 constraints: 2) binary variable logic					 done
	 constraints: 3) shutup/shutdown cost					 done
	 constraints: 4) loadcurtailments and spoliedwinds			 done
	 constraints: 5) generatos power limits					 done
	 constraints: 6) system reserves limits					 done
	 constraints: 7) power balance constraints				 done
	 constraints: 8) ramp-up/ramp-down constraints				 done
	 constraints: 9) piece linearization constraints			 done
	 constraints: 10) transmissionline limits skipped (is_NetWorkCon != 1 or Gsdf missing or NL=0)
	 constraints: 11) stroges system constraints skipped (NC=0 or variables not defined)
	 constraints: 12) data centra constraints skipped (is_ConsiderDataCentra != 1)
	 constraints: 13) frequency control constraints skipped (is_ConsiderFrequencyControl != 1)
	 constraints: 14) hydro power limits					 done
+++++++++++++++++++++++++++++++++++++++++++++++++++++++++++++++++++++++++++++++++++++++++++
Step-4: starting Gurobi solver
Step-5: Gurobi solver finished
+++++++++++++++++++++++++++++++++++++++++++++++++++++++++++++++++++++++++++++++++++++++++++

solution_summary(scuc) = solution_summary(; result = 1, verbose = false)
├ solver_name          : Gurobi
├ Termination
│ ├ termination_status : OPTIMAL
│ ├ result_count       : 1
│ ├ raw_status         : Model was solved to optimality (subject to tolerances), and an optimal solution is available.
│ └ objective_bound    : 6.90521e+15
├ Solution (result = 1)
│ ├ primal_status        : FEASIBLE_POINT
│ ├ dual_status          : NO_SOLUTION
│ ├ objective_value      : 6.90521e+15
│ └ relative_gap         : 6.00896e-09
└ Work counters
  ├ solve_time (sec)   : 6.44000e-01
  ├ simplex_iterations : 0
  ├ barrier_iterations : 0
  └ node_count         : 0


Termination Status: OPTIMAL
Acceptable solution found (Status: OPTIMAL).
Step-6: record datas
PART1: [unit-commitment] calculation result has been saved to: D:\GithubClonefiles\module_unitcommitment\.worktrees\108_168h\output\pcm_com4_loadall_h168_20260823_210543\smooth\clu_ovl\r01\output/details_schedule_results/pcm_simulation_results/intervels_[1]/res_schedule_commitment_result.txt
Step-3: Creating dispatching model (Refactored & Modularized)
  Clustered PCM: 108 physical units -> 31 equivalent units (71.3% state reduction; 108 units in non-singleton clusters)
    5-point output grid is infeasible; retrying this window with 17 points
  Clustered PCM: 108 physical units -> 31 equivalent units (71.3% state reduction; 108 units in non-singleton clusters)
    Refined output grid is infeasible; entering continuous residence-power diagnosis
  Clustered PCM: 108 physical units -> 31 equivalent units (71.3% state reduction; 108 units in non-singleton clusters)
  ⚠ True clustered UC failed at cluster_master: INFEASIBLE; falling back to full unit-network SCUC
	 Variables defined.
DEBUG set_objective_economic!: NT=36, NG=108, ND=91, NW=20, NS=1, K=3, size(refcost)=(108,), size(eachslope)=(3, 108)
objective_function
	MILP economic objective set
subject to.
	 constraints: 1) minimum shutup/shutdown time limits			 done
	 constraints: 2) binary variable logic					 done
	 constraints: 3) shutup/shutdown cost					 done
	 constraints: 4) loadcurtailments and spoliedwinds			 done
	 constraints: 5) generatos power limits					 done
	 constraints: 6) system reserves limits					 done
	 constraints: 7) power balance constraints				 done
	 constraints: 8) ramp-up/ramp-down constraints				 done
	 constraints: 9) piece linearization constraints			 done
	 constraints: 10) transmissionline limits skipped (is_NetWorkCon != 1 or Gsdf missing or NL=0)
	 constraints: 11) stroges system constraints skipped (NC=0 or variables not defined)
	 constraints: 12) data centra constraints skipped (is_ConsiderDataCentra != 1)
	 constraints: 13) frequency control constraints skipped (is_ConsiderFrequencyControl != 1)
	 constraints: 14) hydro power limits					 done
+++++++++++++++++++++++++++++++++++++++++++++++++++++++++++++++++++++++++++++++++++++++++++
Step-4: starting Gurobi solver
Step-5: Gurobi solver finished
+++++++++++++++++++++++++++++++++++++++++++++++++++++++++++++++++++++++++++++++++++++++++++

solution_summary(scuc) = solution_summary(; result = 1, verbose = false)
├ solver_name          : Gurobi
├ Termination
│ ├ termination_status : OPTIMAL
│ ├ result_count       : 1
│ ├ raw_status         : Model was solved to optimality (subject to tolerances), and an optimal solution is available.
│ └ objective_bound    : 6.90521e+15
├ Solution (result = 1)
│ ├ primal_status        : FEASIBLE_POINT
│ ├ dual_status          : NO_SOLUTION
│ ├ objective_value      : 6.90521e+15
│ └ relative_gap         : 6.00896e-09
└ Work counters
  ├ solve_time (sec)   : 5.94000e-01
  ├ simplex_iterations : 0
  ├ barrier_iterations : 0
  └ node_count         : 0


Termination Status: OPTIMAL
Acceptable solution found (Status: OPTIMAL).
Step-6: record datas
PART1: [unit-commitment] calculation result has been saved to: D:\GithubClonefiles\module_unitcommitment\.worktrees\108_168h\output\pcm_com4_loadall_h168_20260823_210543\smooth\clu_ovl\r01\output/details_schedule_results/pcm_simulation_results/intervels_[1]/res_schedule_commitment_result.txt
PART1: [unit-commitment] calculation result has been saved to: D:\GithubClonefiles\module_unitcommitment\.worktrees\108_168h\output\pcm_com4_loadall_h168_20260823_210543\smooth\clu_ovl\r01\output/details_schedule_results/pcm_simulation_results/intervels_[1]/res_schedule_commitment_result.txt
Step-3: Creating dispatching model (Refactored & Modularized)
  Clustered PCM: 108 physical units -> 31 equivalent units (71.3% state reduction; 108 units in non-singleton clusters)
    5-point output grid is infeasible; retrying this window with 17 points
  Clustered PCM: 108 physical units -> 31 equivalent units (71.3% state reduction; 108 units in non-singleton clusters)
    Refined output grid is infeasible; entering continuous residence-power diagnosis
  Clustered PCM: 108 physical units -> 31 equivalent units (71.3% state reduction; 108 units in non-singleton clusters)
  ⚠ True clustered UC failed at cluster_master: INFEASIBLE; falling back to full unit-network SCUC
	 Variables defined.
DEBUG set_objective_economic!: NT=26, NG=108, ND=91, NW=20, NS=1, K=3, size(refcost)=(108,), size(eachslope)=(3, 108)
objective_function
	MILP economic objective set
subject to.
	 constraints: 1) minimum shutup/shutdown time limits			 done
	 constraints: 2) binary variable logic					 done
	 constraints: 3) shutup/shutdown cost					 done
	 constraints: 4) loadcurtailments and spoliedwinds			 done
	 constraints: 5) generatos power limits					 done
	 constraints: 6) system reserves limits					 done
	 constraints: 7) power balance constraints				 done
	 constraints: 8) ramp-up/ramp-down constraints				 done
	 constraints: 9) piece linearization constraints			 done
	 constraints: 10) transmissionline limits skipped (is_NetWorkCon != 1 or Gsdf missing or NL=0)
	 constraints: 11) stroges system constraints skipped (NC=0 or variables not defined)
	 constraints: 12) data centra constraints skipped (is_ConsiderDataCentra != 1)
	 constraints: 13) frequency control constraints skipped (is_ConsiderFrequencyControl != 1)
	 constraints: 14) hydro power limits					 done
+++++++++++++++++++++++++++++++++++++++++++++++++++++++++++++++++++++++++++++++++++++++++++
Step-4: starting Gurobi solver
Step-5: Gurobi solver finished
+++++++++++++++++++++++++++++++++++++++++++++++++++++++++++++++++++++++++++++++++++++++++++

solution_summary(scuc) = solution_summary(; result = 1, verbose = false)
├ solver_name          : Gurobi
├ Termination
│ ├ termination_status : OPTIMAL
│ ├ result_count       : 1
│ ├ raw_status         : Model was solved to optimality (subject to tolerances), and an optimal solution is available.
│ └ objective_bound    : 6.90521e+15
├ Solution (result = 1)
│ ├ primal_status        : FEASIBLE_POINT
│ ├ dual_status          : NO_SOLUTION
│ ├ objective_value      : 6.90521e+15
│ └ relative_gap         : 2.46915e-09
└ Work counters
  ├ solve_time (sec)   : 4.75000e-01
  ├ simplex_iterations : 0
  ├ barrier_iterations : 0
  └ node_count         : 0


Termination Status: OPTIMAL
Acceptable solution found (Status: OPTIMAL).
Step-6: record datas
Set parameter Username
Set parameter LicenseID to value 2826524
Academic license - for non-commercial use only - expires 2027-05-22
Set parameter Username
Set parameter LicenseID to value 2826524
Academic license - for non-commercial use only - expires 2027-05-22
Set parameter Username
Set parameter LicenseID to value 2826524
Academic license - for non-commercial use only - expires 2027-05-22
Set parameter Username
Set parameter LicenseID to value 2826524
Academic license - for non-commercial use only - expires 2027-05-22
Set parameter Username
Set parameter LicenseID to value 2826524
Academic license - for non-commercial use only - expires 2027-05-22
Set parameter Username
Set parameter LicenseID to value 2826524
Academic license - for non-commercial use only - expires 2027-05-22
Set parameter Username
Set parameter LicenseID to value 2826524
Academic license - for non-commercial use only - expires 2027-05-22
Set parameter Username
Set parameter LicenseID to value 2826524
Academic license - for non-commercial use only - expires 2027-05-22
Set parameter Username
Set parameter LicenseID to value 2826524
Academic license - for non-commercial use only - expires 2027-05-22
Set parameter Username
Set parameter LicenseID to value 2826524
Academic license - for non-commercial use only - expires 2027-05-22
Set parameter Username
Set parameter LicenseID to value 2826524
Academic license - for non-commercial use only - expires 2027-05-22
Set parameter Username
Set parameter LicenseID to value 2826524
Academic license - for non-commercial use only - expires 2027-05-22
Set parameter Username
Set parameter LicenseID to value 2826524
Academic license - for non-commercial use only - expires 2027-05-22
Set parameter Username
Set parameter LicenseID to value 2826524
Academic license - for non-commercial use only - expires 2027-05-22
Set parameter Username
Set parameter LicenseID to value 2826524
Academic license - for non-commercial use only - expires 2027-05-22
Set parameter Username
Set parameter LicenseID to value 2826524
Academic license - for non-commercial use only - expires 2027-05-22
Set parameter Username
Set parameter LicenseID to value 2826524
Academic license - for non-commercial use only - expires 2027-05-22
Set parameter Username
Set parameter LicenseID to value 2826524
Academic license - for non-commercial use only - expires 2027-05-22
Set parameter Username
Set parameter LicenseID to value 2826524
Academic license - for non-commercial use only - expires 2027-05-22
Set parameter Username
Set parameter LicenseID to value 2826524
Academic license - for non-commercial use only - expires 2027-05-22
Set parameter Username
Set parameter LicenseID to value 2826524
Academic license - for non-commercial use only - expires 2027-05-22
Set parameter Username
Set parameter LicenseID to value 2826524
Academic license - for non-commercial use only - expires 2027-05-22
Set parameter Username
Set parameter LicenseID to value 2826524
Academic license - for non-commercial use only - expires 2027-05-22
Set parameter Username
Set parameter LicenseID to value 2826524
Academic license - for non-commercial use only - expires 2027-05-22
Set parameter Username
Set parameter LicenseID to value 2826524
Academic license - for non-commercial use only - expires 2027-05-22
Set parameter Username
Set parameter LicenseID to value 2826524
Academic license - for non-commercial use only - expires 2027-05-22
Set parameter Username
Set parameter LicenseID to value 2826524
Academic license - for non-commercial use only - expires 2027-05-22
Set parameter Username
Set parameter LicenseID to value 2826524
Academic license - for non-commercial use only - expires 2027-05-22
Set parameter Username
Set parameter LicenseID to value 2826524
Academic license - for non-commercial use only - expires 2027-05-22
Set parameter Username
Set parameter LicenseID to value 2826524
Academic license - for non-commercial use only - expires 2027-05-22
Set parameter Username
Set parameter LicenseID to value 2826524
Academic license - for non-commercial use only - expires 2027-05-22
Set parameter Username
Set parameter LicenseID to value 2826524
Academic license - for non-commercial use only - expires 2027-05-22
Set parameter Username
Set parameter LicenseID to value 2826524
Academic license - for non-commercial use only - expires 2027-05-22
Set parameter Username
Set parameter LicenseID to value 2826524
Academic license - for non-commercial use only - expires 2027-05-22
Set parameter Username
Set parameter LicenseID to value 2826524
Academic license - for non-commercial use only - expires 2027-05-22
Set parameter Username
Set parameter LicenseID to value 2826524
Academic license - for non-commercial use only - expires 2027-05-22
Set parameter Username
Set parameter LicenseID to value 2826524
Academic license - for non-commercial use only - expires 2027-05-22
Set parameter Username
Set parameter LicenseID to value 2826524
Academic license - for non-commercial use only - expires 2027-05-22
Set parameter Username
Set parameter LicenseID to value 2826524
Academic license - for non-commercial use only - expires 2027-05-22
Set parameter Username
Set parameter LicenseID to value 2826524
Academic license - for non-commercial use only - expires 2027-05-22
Set parameter Username
Set parameter LicenseID to value 2826524
Academic license - for non-commercial use only - expires 2027-05-22
Set parameter Username
Set parameter LicenseID to value 2826524
Academic license - for non-commercial use only - expires 2027-05-22
Set parameter Username
Set parameter LicenseID to value 2826524
Academic license - for non-commercial use only - expires 2027-05-22
Set parameter Username
Set parameter LicenseID to value 2826524
Academic license - for non-commercial use only - expires 2027-05-22
Set parameter Username
Set parameter LicenseID to value 2826524
Academic license - for non-commercial use only - expires 2027-05-22
Set parameter Username
Set parameter LicenseID to value 2826524
Academic license - for non-commercial use only - expires 2027-05-22
Set parameter Username
Set parameter LicenseID to value 2826524
Academic license - for non-commercial use only - expires 2027-05-22
Set parameter Username
Set parameter LicenseID to value 2826524
Academic license - for non-commercial use only - expires 2027-05-22
Set parameter Username
Set parameter LicenseID to value 2826524
Academic license - for non-commercial use only - expires 2027-05-22
Set parameter Username
Set parameter LicenseID to value 2826524
Academic license - for non-commercial use only - expires 2027-05-22
Set parameter Username
Set parameter LicenseID to value 2826524
Academic license - for non-commercial use only - expires 2027-05-22
Set parameter Username
Set parameter LicenseID to value 2826524
Academic license - for non-commercial use only - expires 2027-05-22
Set parameter Username
Set parameter LicenseID to value 2826524
Academic license - for non-commercial use only - expires 2027-05-22
Set parameter Username
Set parameter LicenseID to value 2826524
Academic license - for non-commercial use only - expires 2027-05-22
Set parameter Username
Set parameter LicenseID to value 2826524
Academic license - for non-commercial use only - expires 2027-05-22
Set parameter Username
Set parameter LicenseID to value 2826524
Academic license - for non-commercial use only - expires 2027-05-22
Set parameter Username
Set parameter LicenseID to value 2826524
Academic license - for non-commercial use only - expires 2027-05-22
Set parameter Username
Set parameter LicenseID to value 2826524
Academic license - for non-commercial use only - expires 2027-05-22
Set parameter Username
Set parameter LicenseID to value 2826524
Academic license - for non-commercial use only - expires 2027-05-22
Set parameter Username
Set parameter LicenseID to value 2826524
Academic license - for non-commercial use only - expires 2027-05-22
Set parameter Username
Set parameter LicenseID to value 2826524
Academic license - for non-commercial use only - expires 2027-05-22
Set parameter Username
Set parameter LicenseID to value 2826524
Academic license - for non-commercial use only - expires 2027-05-22
Set parameter Username
Set parameter LicenseID to value 2826524
Academic license - for non-commercial use only - expires 2027-05-22
Set parameter Username
Set parameter LicenseID to value 2826524
Academic license - for non-commercial use only - expires 2027-05-22
Set parameter Username
Set parameter LicenseID to value 2826524
Academic license - for non-commercial use only - expires 2027-05-22
Set parameter Username
Set parameter LicenseID to value 2826524
Academic license - for non-commercial use only - expires 2027-05-22
Set parameter Username
Set parameter LicenseID to value 2826524
Academic license - for non-commercial use only - expires 2027-05-22
Set parameter Username
Set parameter LicenseID to value 2826524
Academic license - for non-commercial use only - expires 2027-05-22
Set parameter Username
Set parameter LicenseID to value 2826524
Academic license - for non-commercial use only - expires 2027-05-22
Set parameter Username
Set parameter LicenseID to value 2826524
Academic license - for non-commercial use only - expires 2027-05-22
Set parameter Username
Set parameter LicenseID to value 2826524
Academic license - for non-commercial use only - expires 2027-05-22
Set parameter Username
Set parameter LicenseID to value 2826524
Academic license - for non-commercial use only - expires 2027-05-22
Set parameter Username
Set parameter LicenseID to value 2826524
Academic license - for non-commercial use only - expires 2027-05-22
Set parameter Username
Set parameter LicenseID to value 2826524
Academic license - for non-commercial use only - expires 2027-05-22
Set parameter Username
Set parameter LicenseID to value 2826524
Academic license - for non-commercial use only - expires 2027-05-22
Set parameter Username
Set parameter LicenseID to value 2826524
Academic license - for non-commercial use only - expires 2027-05-22
Set parameter Username
Set parameter LicenseID to value 2826524
Academic license - for non-commercial use only - expires 2027-05-22
Set parameter Username
Set parameter LicenseID to value 2826524
Academic license - for non-commercial use only - expires 2027-05-22
Set parameter Username
Set parameter LicenseID to value 2826524
Academic license - for non-commercial use only - expires 2027-05-22
Set parameter Username
Set parameter LicenseID to value 2826524
Academic license - for non-commercial use only - expires 2027-05-22
Set parameter Username
Set parameter LicenseID to value 2826524
Academic license - for non-commercial use only - expires 2027-05-22
Set parameter Username
Set parameter LicenseID to value 2826524
Academic license - for non-commercial use only - expires 2027-05-22
Set parameter Username
Set parameter LicenseID to value 2826524
Academic license - for non-commercial use only - expires 2027-05-22
Set parameter Username
Set parameter LicenseID to value 2826524
Academic license - for non-commercial use only - expires 2027-05-22
Set parameter Username
Set parameter LicenseID to value 2826524
Academic license - for non-commercial use only - expires 2027-05-22
Set parameter Username
Set parameter LicenseID to value 2826524
Academic license - for non-commercial use only - expires 2027-05-22
Set parameter Username
Set parameter LicenseID to value 2826524
Academic license - for non-commercial use only - expires 2027-05-22
Set parameter Username
Set parameter LicenseID to value 2826524
Academic license - for non-commercial use only - expires 2027-05-22
Set parameter Username
Set parameter LicenseID to value 2826524
Academic license - for non-commercial use only - expires 2027-05-22
Set parameter Username
Set parameter LicenseID to value 2826524
Academic license - for non-commercial use only - expires 2027-05-22
Set parameter Username
Set parameter LicenseID to value 2826524
Academic license - for non-commercial use only - expires 2027-05-22
Set parameter Username
Set parameter LicenseID to value 2826524
Academic license - for non-commercial use only - expires 2027-05-22
Set parameter Username
Set parameter LicenseID to value 2826524
Academic license - for non-commercial use only - expires 2027-05-22
Set parameter Username
Set parameter LicenseID to value 2826524
Academic license - for non-commercial use only - expires 2027-05-22
Set parameter Username
Set parameter LicenseID to value 2826524
Academic license - for non-commercial use only - expires 2027-05-22
Set parameter Username
Set parameter LicenseID to value 2826524
Academic license - for non-commercial use only - expires 2027-05-22
Set parameter Username
Set parameter LicenseID to value 2826524
Academic license - for non-commercial use only - expires 2027-05-22
Set parameter Username
Set parameter LicenseID to value 2826524
Academic license - for non-commercial use only - expires 2027-05-22
Set parameter Username
Set parameter LicenseID to value 2826524
Academic license - for non-commercial use only - expires 2027-05-22
Set parameter Username
Set parameter LicenseID to value 2826524
Academic license - for non-commercial use only - expires 2027-05-22
Set parameter Username
Set parameter LicenseID to value 2826524
Academic license - for non-commercial use only - expires 2027-05-22
Set parameter Username
Set parameter LicenseID to value 2826524
Academic license - for non-commercial use only - expires 2027-05-22
Set parameter Username
Set parameter LicenseID to value 2826524
Academic license - for non-commercial use only - expires 2027-05-22
Set parameter Username
Set parameter LicenseID to value 2826524
Academic license - for non-commercial use only - expires 2027-05-22
Set parameter Username
Set parameter LicenseID to value 2826524
Academic license - for non-commercial use only - expires 2027-05-22
Set parameter Username
Set parameter LicenseID to value 2826524
Academic license - for non-commercial use only - expires 2027-05-22
Set parameter Username
Set parameter LicenseID to value 2826524
Academic license - for non-commercial use only - expires 2027-05-22
Set parameter Username
Set parameter LicenseID to value 2826524
Academic license - for non-commercial use only - expires 2027-05-22
Set parameter Username
Set parameter LicenseID to value 2826524
Academic license - for non-commercial use only - expires 2027-05-22
Set parameter Username
Set parameter LicenseID to value 2826524
Academic license - for non-commercial use only - expires 2027-05-22
Set parameter Username
Set parameter LicenseID to value 2826524
Academic license - for non-commercial use only - expires 2027-05-22
Set parameter Username
Set parameter LicenseID to value 2826524
Academic license - for non-commercial use only - expires 2027-05-22
Set parameter Username
Set parameter LicenseID to value 2826524
Academic license - for non-commercial use only - expires 2027-05-22
Set parameter Username
Set parameter LicenseID to value 2826524
Academic license - for non-commercial use only - expires 2027-05-22
Set parameter Username
Set parameter LicenseID to value 2826524
Academic license - for non-commercial use only - expires 2027-05-22
Set parameter Username
Set parameter LicenseID to value 2826524
Academic license - for non-commercial use only - expires 2027-05-22
Set parameter Username
Set parameter LicenseID to value 2826524
Academic license - for non-commercial use only - expires 2027-05-22
Set parameter Username
Set parameter LicenseID to value 2826524
Academic license - for non-commercial use only - expires 2027-05-22
Set parameter Username
Set parameter LicenseID to value 2826524
Academic license - for non-commercial use only - expires 2027-05-22
Set parameter Username
Set parameter LicenseID to value 2826524
Academic license - for non-commercial use only - expires 2027-05-22
Set parameter Username
Set parameter LicenseID to value 2826524
Academic license - for non-commercial use only - expires 2027-05-22
Set parameter Username
Set parameter LicenseID to value 2826524
Academic license - for non-commercial use only - expires 2027-05-22
Set parameter Username
Set parameter LicenseID to value 2826524
Academic license - for non-commercial use only - expires 2027-05-22
Set parameter Username
Set parameter LicenseID to value 2826524
Academic license - for non-commercial use only - expires 2027-05-22
Set parameter Username
Set parameter LicenseID to value 2826524
Academic license - for non-commercial use only - expires 2027-05-22
Set parameter Username
Set parameter LicenseID to value 2826524
Academic license - for non-commercial use only - expires 2027-05-22
Set parameter Username
Set parameter LicenseID to value 2826524
Academic license - for non-commercial use only - expires 2027-05-22
Set parameter Username
Set parameter LicenseID to value 2826524
Academic license - for non-commercial use only - expires 2027-05-22
Set parameter Username
Set parameter LicenseID to value 2826524
Academic license - for non-commercial use only - expires 2027-05-22
Set parameter Username
Set parameter LicenseID to value 2826524
Academic license - for non-commercial use only - expires 2027-05-22
Set parameter Username
Set parameter LicenseID to value 2826524
Academic license - for non-commercial use only - expires 2027-05-22
Set parameter Username
Set parameter LicenseID to value 2826524
Academic license - for non-commercial use only - expires 2027-05-22
Set parameter Username
Set parameter LicenseID to value 2826524
Academic license - for non-commercial use only - expires 2027-05-22
Set parameter Username
Set parameter LicenseID to value 2826524
Academic license - for non-commercial use only - expires 2027-05-22
Set parameter Username
Set parameter LicenseID to value 2826524
Academic license - for non-commercial use only - expires 2027-05-22
Set parameter Username
Set parameter LicenseID to value 2826524
Academic license - for non-commercial use only - expires 2027-05-22
Set parameter Username
Set parameter LicenseID to value 2826524
Academic license - for non-commercial use only - expires 2027-05-22
Set parameter Username
Set parameter LicenseID to value 2826524
Academic license - for non-commercial use only - expires 2027-05-22
Set parameter Username
Set parameter LicenseID to value 2826524
Academic license - for non-commercial use only - expires 2027-05-22
Set parameter Username
Set parameter LicenseID to value 2826524
Academic license - for non-commercial use only - expires 2027-05-22
Set parameter Username
Set parameter LicenseID to value 2826524
Academic license - for non-commercial use only - expires 2027-05-22
Set parameter Username
Set parameter LicenseID to value 2826524
Academic license - for non-commercial use only - expires 2027-05-22
Set parameter Username
Set parameter LicenseID to value 2826524
Academic license - for non-commercial use only - expires 2027-05-22
Set parameter Username
Set parameter LicenseID to value 2826524
Academic license - for non-commercial use only - expires 2027-05-22
Set parameter Username
Set parameter LicenseID to value 2826524
Academic license - for non-commercial use only - expires 2027-05-22
Set parameter Username
Set parameter LicenseID to value 2826524
Academic license - for non-commercial use only - expires 2027-05-22
Set parameter Username
Set parameter LicenseID to value 2826524
Academic license - for non-commercial use only - expires 2027-05-22
Set parameter Username
Set parameter LicenseID to value 2826524
Academic license - for non-commercial use only - expires 2027-05-22
Set parameter Username
Set parameter LicenseID to value 2826524
Academic license - for non-commercial use only - expires 2027-05-22
Set parameter Username
Set parameter LicenseID to value 2826524
Academic license - for non-commercial use only - expires 2027-05-22
Set parameter Username
Set parameter LicenseID to value 2826524
Academic license - for non-commercial use only - expires 2027-05-22
Set parameter Username
Set parameter LicenseID to value 2826524
Academic license - for non-commercial use only - expires 2027-05-22
Set parameter Username
Set parameter LicenseID to value 2826524
Academic license - for non-commercial use only - expires 2027-05-22
Set parameter Username
Set parameter LicenseID to value 2826524
Academic license - for non-commercial use only - expires 2027-05-22
Set parameter Username
Set parameter LicenseID to value 2826524
Academic license - for non-commercial use only - expires 2027-05-22
Set parameter Username
Set parameter LicenseID to value 2826524
Academic license - for non-commercial use only - expires 2027-05-22
Set parameter Username
Set parameter LicenseID to value 2826524
Academic license - for non-commercial use only - expires 2027-05-22
Set parameter Username
Set parameter LicenseID to value 2826524
Academic license - for non-commercial use only - expires 2027-05-22
Set parameter Username
Set parameter LicenseID to value 2826524
Academic license - for non-commercial use only - expires 2027-05-22
Set parameter Username
Set parameter LicenseID to value 2826524
Academic license - for non-commercial use only - expires 2027-05-22
Set parameter Username
Set parameter LicenseID to value 2826524
Academic license - for non-commercial use only - expires 2027-05-22
Set parameter Username
Set parameter LicenseID to value 2826524
Academic license - for non-commercial use only - expires 2027-05-22
Set parameter Username
Set parameter LicenseID to value 2826524
Academic license - for non-commercial use only - expires 2027-05-22
Set parameter Username
Set parameter LicenseID to value 2826524
Academic license - for non-commercial use only - expires 2027-05-22
Set parameter Username
Set parameter LicenseID to value 2826524
Academic license - for non-commercial use only - expires 2027-05-22
Set parameter Username
Set parameter LicenseID to value 2826524
Academic license - for non-commercial use only - expires 2027-05-22
Set parameter Username
Set parameter LicenseID to value 2826524
Academic license - for non-commercial use only - expires 2027-05-22
Set parameter Username
Set parameter LicenseID to value 2826524
Academic license - for non-commercial use only - expires 2027-05-22
Set parameter Username
Set parameter LicenseID to value 2826524
Academic license - for non-commercial use only - expires 2027-05-22
PART1: [unit-commitment] calculation result has been saved to: D:\GithubClonefiles\module_unitcommitment\.worktrees\108_168h\output\pcm_com4_loadall_h168_20260823_210543\smooth\clu_ovl\r01\output/details_schedule_results/pcm_simulation_results/intervels_[1]/res_schedule_commitment_result.txt
PART1: [unit-commitment] calculation result has been saved to: D:\GithubClonefiles\module_unitcommitment\.worktrees\108_168h\output\pcm_com4_loadall_h168_20260823_210543\smooth\clu_ovl\r01\output/details_schedule_results/pcm_simulation_results/intervels_[1]/res_schedule_commitment_result.txt
Step-3: Creating dispatching model (Refactored & Modularized)
  Clustered PCM: 108 physical units -> 31 equivalent units (71.3% state reduction; 108 units in non-singleton clusters)
    5-point output grid is infeasible; retrying this window with 17 points
  Clustered PCM: 108 physical units -> 31 equivalent units (71.3% state reduction; 108 units in non-singleton clusters)
    Refined output grid is infeasible; entering continuous residence-power diagnosis
  Clustered PCM: 108 physical units -> 31 equivalent units (71.3% state reduction; 108 units in non-singleton clusters)
  ⚠ True clustered UC failed at cluster_master: INFEASIBLE; falling back to full unit-network SCUC
	 Variables defined.
DEBUG set_objective_economic!: NT=31, NG=108, ND=91, NW=20, NS=1, K=3, size(refcost)=(108,), size(eachslope)=(3, 108)
objective_function
	MILP economic objective set
subject to.
	 constraints: 1) minimum shutup/shutdown time limits			 done
	 constraints: 2) binary variable logic					 done
	 constraints: 3) shutup/shutdown cost					 done
	 constraints: 4) loadcurtailments and spoliedwinds			 done
	 constraints: 5) generatos power limits					 done
	 constraints: 6) system reserves limits					 done
	 constraints: 7) power balance constraints				 done
	 constraints: 8) ramp-up/ramp-down constraints				 done
	 constraints: 9) piece linearization constraints			 done
	 constraints: 10) transmissionline limits skipped (is_NetWorkCon != 1 or Gsdf missing or NL=0)
	 constraints: 11) stroges system constraints skipped (NC=0 or variables not defined)
	 constraints: 12) data centra constraints skipped (is_ConsiderDataCentra != 1)
	 constraints: 13) frequency control constraints skipped (is_ConsiderFrequencyControl != 1)
	 constraints: 14) hydro power limits					 done
+++++++++++++++++++++++++++++++++++++++++++++++++++++++++++++++++++++++++++++++++++++++++++
Step-4: starting Gurobi solver
Step-5: Gurobi solver finished
+++++++++++++++++++++++++++++++++++++++++++++++++++++++++++++++++++++++++++++++++++++++++++

solution_summary(scuc) = solution_summary(; result = 1, verbose = false)
├ solver_name          : Gurobi
├ Termination
│ ├ termination_status : OPTIMAL
│ ├ result_count       : 1
│ ├ raw_status         : Model was solved to optimality (subject to tolerances), and an optimal solution is available.
│ └ objective_bound    : 6.90521e+15
├ Solution (result = 1)
│ ├ primal_status        : FEASIBLE_POINT
│ ├ dual_status          : NO_SOLUTION
│ ├ objective_value      : 6.90521e+15
│ └ relative_gap         : 3.86725e-09
└ Work counters
  ├ solve_time (sec)   : 5.72000e-01
  ├ simplex_iterations : 0
  ├ barrier_iterations : 0
  └ node_count         : 0


Termination Status: OPTIMAL
Acceptable solution found (Status: OPTIMAL).
Step-6: record datas
PART1: [unit-commitment] calculation result has been saved to: D:\GithubClonefiles\module_unitcommitment\.worktrees\108_168h\output\pcm_com4_loadall_h168_20260823_210543\smooth\clu_ovl\r01\output/details_schedule_results/pcm_simulation_results/intervels_[1]/res_schedule_commitment_result.txt
PART1: [unit-commitment] calculation result has been saved to: D:\GithubClonefiles\module_unitcommitment\.worktrees\108_168h\output\pcm_com4_loadall_h168_20260823_210543\smooth\clu_ovl\r01\output/details_schedule_results/pcm_simulation_results/intervels_[1]/res_schedule_commitment_result.txt
PART1: [unit-commitment] calculation result has been saved to: D:\GithubClonefiles\module_unitcommitment\.worktrees\108_168h\output\pcm_com4_loadall_h168_20260823_210543\smooth\clu_ovl\r01\output/details_schedule_results/pcm_simulation_results/intervels_[1]/res_schedule_commitment_result.txt
Step-3: Creating dispatching model (Refactored & Modularized)
  Clustered PCM: 108 physical units -> 31 equivalent units (71.3% state reduction; 108 units in non-singleton clusters)
  ✓ True clustered UC completed (31 virtual units)
Step-3: Creating dispatching model (Refactored & Modularized)
  Clustered PCM: 108 physical units -> 31 equivalent units (71.3% state reduction; 108 units in non-singleton clusters)
  ✓ True clustered UC completed (31 virtual units)
PART1: [unit-commitment] calculation result has been saved to: D:\GithubClonefiles\module_unitcommitment\.worktrees\108_168h\output\pcm_com4_loadall_h168_20260823_210543\smooth\clu_ovl\r01\output/details_schedule_results/pcm_simulation_results/intervels_[1]/res_schedule_commitment_result.txt
Step-3: Creating dispatching model (Refactored & Modularized)
  Clustered PCM: 108 physical units -> 31 equivalent units (71.3% state reduction; 108 units in non-singleton clusters)
  ✓ True clustered UC completed (31 virtual units)
PART1: [unit-commitment] calculation result has been saved to: D:\GithubClonefiles\module_unitcommitment\.worktrees\108_168h\output\pcm_com4_loadall_h168_20260823_210543\smooth\clu_ovl\r01\output/details_schedule_results/pcm_simulation_results/intervels_[1]/res_schedule_commitment_result.txt
Step-3: Creating dispatching model (Refactored & Modularized)
  Clustered PCM: 108 physical units -> 31 equivalent units (71.3% state reduction; 108 units in non-singleton clusters)
  ✓ True clustered UC completed (31 virtual units)
PART1: [unit-commitment] calculation result has been saved to: D:\GithubClonefiles\module_unitcommitment\.worktrees\108_168h\output\pcm_com4_loadall_h168_20260823_210543\smooth\clu_ovl\r01\output/details_schedule_results/pcm_simulation_results/intervels_[1]/res_schedule_commitment_result.txt
PART1: [unit-commitment] calculation result has been saved to: D:\GithubClonefiles\module_unitcommitment\.worktrees\108_168h\output\pcm_com4_loadall_h168_20260823_210543\smooth\clu_ovl\r01\output/details_schedule_results/pcm_simulation_results/intervels_[1]/res_schedule_commitment_result.txt
Step-3: Creating dispatching model (Refactored & Modularized)
  Clustered PCM: 108 physical units -> 31 equivalent units (71.3% state reduction; 108 units in non-singleton clusters)
  ✓ True clustered UC completed (31 virtual units)
Step-3: Creating dispatching model (Refactored & Modularized)
  Clustered PCM: 108 physical units -> 31 equivalent units (71.3% state reduction; 108 units in non-singleton clusters)
  ✓ True clustered UC completed (31 virtual units)
PART1: [unit-commitment] calculation result has been saved to: D:\GithubClonefiles\module_unitcommitment\.worktrees\108_168h\output\pcm_com4_loadall_h168_20260823_210543\smooth\clu_ovl\r01\output/details_schedule_results/pcm_simulation_results/intervels_[1]/res_schedule_commitment_result.txt
Step-3: Creating dispatching model (Refactored & Modularized)
  Clustered PCM: 108 physical units -> 31 equivalent units (71.3% state reduction; 108 units in non-singleton clusters)
  ✓ True clustered UC completed (31 virtual units)
PART1: [unit-commitment] calculation result has been saved to: D:\GithubClonefiles\module_unitcommitment\.worktrees\108_168h\output\pcm_com4_loadall_h168_20260823_210543\smooth\clu_ovl\r01\output/details_schedule_results/pcm_simulation_results/intervels_[1]/res_schedule_commitment_result.txt
Step-3: Creating dispatching model (Refactored & Modularized)
  Clustered PCM: 108 physical units -> 31 equivalent units (71.3% state reduction; 108 units in non-singleton clusters)
  ✓ True clustered UC completed (31 virtual units)
PART1: [unit-commitment] calculation result has been saved to: D:\GithubClonefiles\module_unitcommitment\.worktrees\108_168h\output\pcm_com4_loadall_h168_20260823_210543\smooth\clu_ovl\r01\output/details_schedule_results/pcm_simulation_results/intervels_[1]/res_schedule_commitment_result.txt
PART1: [unit-commitment] calculation result has been saved to: D:\GithubClonefiles\module_unitcommitment\.worktrees\108_168h\output\pcm_com4_loadall_h168_20260823_210543\smooth\clu_ovl\r01\output/details_schedule_results/pcm_simulation_results/intervels_[1]/res_schedule_commitment_result.txt
Step-3: Creating dispatching model (Refactored & Modularized)
  Clustered PCM: 108 physical units -> 31 equivalent units (71.3% state reduction; 108 units in non-singleton clusters)
  ✓ True clustered UC completed (31 virtual units)
Step-3: Creating dispatching model (Refactored & Modularized)
  Clustered PCM: 108 physical units -> 31 equivalent units (71.3% state reduction; 108 units in non-singleton clusters)
  ✓ True clustered UC completed (31 virtual units)
PART1: [unit-commitment] calculation result has been saved to: D:\GithubClonefiles\module_unitcommitment\.worktrees\108_168h\output\pcm_com4_loadall_h168_20260823_210543\smooth\clu_ovl\r01\output/details_schedule_results/pcm_simulation_results/intervels_[1]/res_schedule_commitment_result.txt
Step-3: Creating dispatching model (Refactored & Modularized)
  Clustered PCM: 108 physical units -> 31 equivalent units (71.3% state reduction; 108 units in non-singleton clusters)
  ✓ True clustered UC completed (31 virtual units)
PART1: [unit-commitment] calculation result has been saved to: D:\GithubClonefiles\module_unitcommitment\.worktrees\108_168h\output\pcm_com4_loadall_h168_20260823_210543\smooth\clu_ovl\r01\output/details_schedule_results/pcm_simulation_results/intervels_[1]/res_schedule_commitment_result.txt
Step-3: Creating dispatching model (Refactored & Modularized)
  Clustered PCM: 108 physical units -> 31 equivalent units (71.3% state reduction; 108 units in non-singleton clusters)
  ✓ True clustered UC completed (31 virtual units)
PART1: [unit-commitment] calculation result has been saved to: D:\GithubClonefiles\module_unitcommitment\.worktrees\108_168h\output\pcm_com4_loadall_h168_20260823_210543\smooth\clu_ovl\r01\output/details_schedule_results/pcm_simulation_results/intervels_[1]/res_schedule_commitment_result.txt
PART1: [unit-commitment] calculation result has been saved to: D:\GithubClonefiles\module_unitcommitment\.worktrees\108_168h\output\pcm_com4_loadall_h168_20260823_210543\smooth\clu_ovl\r01\output/details_schedule_results/pcm_simulation_results/intervels_[1]/res_schedule_commitment_result.txt
Step-3: Creating dispatching model (Refactored & Modularized)
  Clustered PCM: 108 physical units -> 31 equivalent units (71.3% state reduction; 108 units in non-singleton clusters)
  ✓ True clustered UC completed (31 virtual units)
Step-3: Creating dispatching model (Refactored & Modularized)
  Clustered PCM: 108 physical units -> 31 equivalent units (71.3% state reduction; 108 units in non-singleton clusters)
  ✓ True clustered UC completed (31 virtual units)
PART1: [unit-commitment] calculation result has been saved to: D:\GithubClonefiles\module_unitcommitment\.worktrees\108_168h\output\pcm_com4_loadall_h168_20260823_210543\smooth\clu_ovl\r01\output/details_schedule_results/pcm_simulation_results/intervels_[1]/res_schedule_commitment_result.txt
Step-3: Creating dispatching model (Refactored & Modularized)
  Clustered PCM: 108 physical units -> 31 equivalent units (71.3% state reduction; 108 units in non-singleton clusters)
  ✓ True clustered UC completed (31 virtual units)
PART1: [unit-commitment] calculation result has been saved to: D:\GithubClonefiles\module_unitcommitment\.worktrees\108_168h\output\pcm_com4_loadall_h168_20260823_210543\smooth\clu_ovl\r01\output/details_schedule_results/pcm_simulation_results/intervels_[1]/res_schedule_commitment_result.txt
Step-3: Creating dispatching model (Refactored & Modularized)
  Clustered PCM: 108 physical units -> 31 equivalent units (71.3% state reduction; 108 units in non-singleton clusters)
  ✓ True clustered UC completed (31 virtual units)
PART1: [unit-commitment] calculation result has been saved to: D:\GithubClonefiles\module_unitcommitment\.worktrees\108_168h\output\pcm_com4_loadall_h168_20260823_210543\smooth\clu_ovl\r01\output/details_schedule_results/pcm_simulation_results/intervels_[1]/res_schedule_commitment_result.txt
PART1: [unit-commitment] calculation result has been saved to: D:\GithubClonefiles\module_unitcommitment\.worktrees\108_168h\output\pcm_com4_loadall_h168_20260823_210543\smooth\clu_ovl\r01\output/details_schedule_results/pcm_simulation_results/intervels_[1]/res_schedule_commitment_result.txt
Step-3: Creating dispatching model (Refactored & Modularized)
  Clustered PCM: 108 physical units -> 31 equivalent units (71.3% state reduction; 108 units in non-singleton clusters)
  ✓ True clustered UC completed (31 virtual units)
Step-3: Creating dispatching model (Refactored & Modularized)
  Clustered PCM: 108 physical units -> 31 equivalent units (71.3% state reduction; 108 units in non-singleton clusters)
  ✓ True clustered UC completed (31 virtual units)
PART1: [unit-commitment] calculation result has been saved to: D:\GithubClonefiles\module_unitcommitment\.worktrees\108_168h\output\pcm_com4_loadall_h168_20260823_210543\smooth\clu_ovl\r01\output/details_schedule_results/pcm_simulation_results/intervels_[1]/res_schedule_commitment_result.txt
Step-3: Creating dispatching model (Refactored & Modularized)
  Clustered PCM: 108 physical units -> 31 equivalent units (71.3% state reduction; 108 units in non-singleton clusters)
  ✓ True clustered UC completed (31 virtual units)
PART1: [unit-commitment] calculation result has been saved to: D:\GithubClonefiles\module_unitcommitment\.worktrees\108_168h\output\pcm_com4_loadall_h168_20260823_210543\smooth\clu_ovl\r01\output/details_schedule_results/pcm_simulation_results/intervels_[1]/res_schedule_commitment_result.txt
Step-3: Creating dispatching model (Refactored & Modularized)
  Clustered PCM: 108 physical units -> 31 equivalent units (71.3% state reduction; 108 units in non-singleton clusters)
  ✓ True clustered UC completed (31 virtual units)
PART1: [unit-commitment] calculation result has been saved to: D:\GithubClonefiles\module_unitcommitment\.worktrees\108_168h\output\pcm_com4_loadall_h168_20260823_210543\smooth\clu_ovl\r01\output/details_schedule_results/pcm_simulation_results/intervels_[1]/res_schedule_commitment_result.txt
PART1: [unit-commitment] calculation result has been saved to: D:\GithubClonefiles\module_unitcommitment\.worktrees\108_168h\output\pcm_com4_loadall_h168_20260823_210543\smooth\clu_ovl\r01\output/details_schedule_results/pcm_simulation_results/intervels_[1]/res_schedule_commitment_result.txt
Step-3: Creating dispatching model (Refactored & Modularized)
  Clustered PCM: 108 physical units -> 31 equivalent units (71.3% state reduction; 108 units in non-singleton clusters)
  ✓ True clustered UC completed (31 virtual units)
Step-3: Creating dispatching model (Refactored & Modularized)
  Clustered PCM: 108 physical units -> 31 equivalent units (71.3% state reduction; 108 units in non-singleton clusters)
  ✓ True clustered UC completed (31 virtual units)
PART1: [unit-commitment] calculation result has been saved to: D:\GithubClonefiles\module_unitcommitment\.worktrees\108_168h\output\pcm_com4_loadall_h168_20260823_210543\smooth\clu_ovl\r01\output/details_schedule_results/pcm_simulation_results/intervels_[1]/res_schedule_commitment_result.txt
Step-3: Creating dispatching model (Refactored & Modularized)
  Clustered PCM: 108 physical units -> 31 equivalent units (71.3% state reduction; 108 units in non-singleton clusters)
  ✓ True clustered UC completed (31 virtual units)
PART1: [unit-commitment] calculation result has been saved to: D:\GithubClonefiles\module_unitcommitment\.worktrees\108_168h\output\pcm_com4_loadall_h168_20260823_210543\smooth\clu_ovl\r01\output/details_schedule_results/pcm_simulation_results/intervels_[1]/res_schedule_commitment_result.txt
Step-3: Creating dispatching model (Refactored & Modularized)
  Clustered PCM: 108 physical units -> 31 equivalent units (71.3% state reduction; 108 units in non-singleton clusters)
  ✓ True clustered UC completed (31 virtual units)
PART1: [unit-commitment] calculation result has been saved to: D:\GithubClonefiles\module_unitcommitment\.worktrees\108_168h\output\pcm_com4_loadall_h168_20260823_210543\smooth\clu_ovl\r01\output/details_schedule_results/pcm_simulation_results/intervels_[1]/res_schedule_commitment_result.txt
PART1: [unit-commitment] calculation result has been saved to: D:\GithubClonefiles\module_unitcommitment\.worktrees\108_168h\output\pcm_com4_loadall_h168_20260823_210543\smooth\clu_ovl\r01\output/details_schedule_results/pcm_simulation_results/intervels_[1]/res_schedule_commitment_result.txt
Step-3: Creating dispatching model (Refactored & Modularized)
  Clustered PCM: 108 physical units -> 31 equivalent units (71.3% state reduction; 108 units in non-singleton clusters)
  ✓ True clustered UC completed (31 virtual units)
Step-3: Creating dispatching model (Refactored & Modularized)
  Clustered PCM: 108 physical units -> 31 equivalent units (71.3% state reduction; 108 units in non-singleton clusters)
  ✓ True clustered UC completed (31 virtual units)
PART1: [unit-commitment] calculation result has been saved to: D:\GithubClonefiles\module_unitcommitment\.worktrees\108_168h\output\pcm_com4_loadall_h168_20260823_210543\smooth\clu_ovl\r01\output/details_schedule_results/pcm_simulation_results/intervels_[1]/res_schedule_commitment_result.txt
Step-3: Creating dispatching model (Refactored & Modularized)
  Clustered PCM: 108 physical units -> 31 equivalent units (71.3% state reduction; 108 units in non-singleton clusters)
  ✓ True clustered UC completed (31 virtual units)
PART1: [unit-commitment] calculation result has been saved to: D:\GithubClonefiles\module_unitcommitment\.worktrees\108_168h\output\pcm_com4_loadall_h168_20260823_210543\smooth\clu_ovl\r01\output/details_schedule_results/pcm_simulation_results/intervels_[1]/res_schedule_commitment_result.txt
Step-3: Creating dispatching model (Refactored & Modularized)
  Clustered PCM: 108 physical units -> 31 equivalent units (71.3% state reduction; 108 units in non-singleton clusters)
  ✓ True clustered UC completed (31 virtual units)
PART1: [unit-commitment] calculation result has been saved to: D:\GithubClonefiles\module_unitcommitment\.worktrees\108_168h\output\pcm_com4_loadall_h168_20260823_210543\smooth\clu_ovl\r01\output/details_schedule_results/pcm_simulation_results/intervels_[1]/res_schedule_commitment_result.txt
PART1: [unit-commitment] calculation result has been saved to: D:\GithubClonefiles\module_unitcommitment\.worktrees\108_168h\output\pcm_com4_loadall_h168_20260823_210543\smooth\clu_ovl\r01\output/details_schedule_results/pcm_simulation_results/intervels_[1]/res_schedule_commitment_result.txt
Step-3: Creating dispatching model (Refactored & Modularized)
  Clustered PCM: 108 physical units -> 31 equivalent units (71.3% state reduction; 108 units in non-singleton clusters)
  ✓ True clustered UC completed (31 virtual units)
Step-3: Creating dispatching model (Refactored & Modularized)
  Clustered PCM: 108 physical units -> 31 equivalent units (71.3% state reduction; 108 units in non-singleton clusters)
  ✓ True clustered UC completed (31 virtual units)
PART1: [unit-commitment] calculation result has been saved to: D:\GithubClonefiles\module_unitcommitment\.worktrees\108_168h\output\pcm_com4_loadall_h168_20260823_210543\smooth\clu_ovl\r01\output/details_schedule_results/pcm_simulation_results/intervels_[1]/res_schedule_commitment_result.txt
Step-3: Creating dispatching model (Refactored & Modularized)
  Clustered PCM: 108 physical units -> 31 equivalent units (71.3% state reduction; 108 units in non-singleton clusters)
  ✓ True clustered UC completed (31 virtual units)
PART1: [unit-commitment] calculation result has been saved to: D:\GithubClonefiles\module_unitcommitment\.worktrees\108_168h\output\pcm_com4_loadall_h168_20260823_210543\smooth\clu_ovl\r01\output/details_schedule_results/pcm_simulation_results/intervels_[1]/res_schedule_commitment_result.txt
Step-3: Creating dispatching model (Refactored & Modularized)
  Clustered PCM: 108 physical units -> 31 equivalent units (71.3% state reduction; 108 units in non-singleton clusters)
  ✓ True clustered UC completed (31 virtual units)
PART1: [unit-commitment] calculation result has been saved to: D:\GithubClonefiles\module_unitcommitment\.worktrees\108_168h\output\pcm_com4_loadall_h168_20260823_210543\smooth\clu_ovl\r01\output/details_schedule_results/pcm_simulation_results/intervels_[1]/res_schedule_commitment_result.txt
PART1: [unit-commitment] calculation result has been saved to: D:\GithubClonefiles\module_unitcommitment\.worktrees\108_168h\output\pcm_com4_loadall_h168_20260823_210543\smooth\clu_ovl\r01\output/details_schedule_results/pcm_simulation_results/intervels_[1]/res_schedule_commitment_result.txt
Step-3: Creating dispatching model (Refactored & Modularized)
  Clustered PCM: 108 physical units -> 31 equivalent units (71.3% state reduction; 108 units in non-singleton clusters)
  ✓ True clustered UC completed (31 virtual units)
Step-3: Creating dispatching model (Refactored & Modularized)
  Clustered PCM: 108 physical units -> 31 equivalent units (71.3% state reduction; 108 units in non-singleton clusters)
  ✓ True clustered UC completed (31 virtual units)
PART1: [unit-commitment] calculation result has been saved to: D:\GithubClonefiles\module_unitcommitment\.worktrees\108_168h\output\pcm_com4_loadall_h168_20260823_210543\smooth\clu_ovl\r01\output/details_schedule_results/pcm_simulation_results/intervels_[1]/res_schedule_commitment_result.txt
Step-3: Creating dispatching model (Refactored & Modularized)
  Clustered PCM: 108 physical units -> 31 equivalent units (71.3% state reduction; 108 units in non-singleton clusters)
  ✓ True clustered UC completed (31 virtual units)
PART1: [unit-commitment] calculation result has been saved to: D:\GithubClonefiles\module_unitcommitment\.worktrees\108_168h\output\pcm_com4_loadall_h168_20260823_210543\smooth\clu_ovl\r01\output/details_schedule_results/pcm_simulation_results/intervels_[1]/res_schedule_commitment_result.txt
Step-3: Creating dispatching model (Refactored & Modularized)
  Clustered PCM: 108 physical units -> 31 equivalent units (71.3% state reduction; 108 units in non-singleton clusters)
  ✓ True clustered UC completed (31 virtual units)
PART1: [unit-commitment] calculation result has been saved to: D:\GithubClonefiles\module_unitcommitment\.worktrees\108_168h\output\pcm_com4_loadall_h168_20260823_210543\smooth\clu_ovl\r01\output/details_schedule_results/pcm_simulation_results/intervels_[1]/res_schedule_commitment_result.txt
PART1: [unit-commitment] calculation result has been saved to: D:\GithubClonefiles\module_unitcommitment\.worktrees\108_168h\output\pcm_com4_loadall_h168_20260823_210543\smooth\clu_ovl\r01\output/details_schedule_results/pcm_simulation_results/intervels_[1]/res_schedule_commitment_result.txt
Step-3: Creating dispatching model (Refactored & Modularized)
  Clustered PCM: 108 physical units -> 31 equivalent units (71.3% state reduction; 108 units in non-singleton clusters)
  ✓ True clustered UC completed (31 virtual units)
Step-3: Creating dispatching model (Refactored & Modularized)
  Clustered PCM: 108 physical units -> 31 equivalent units (71.3% state reduction; 108 units in non-singleton clusters)
  ✓ True clustered UC completed (31 virtual units)
PART1: [unit-commitment] calculation result has been saved to: D:\GithubClonefiles\module_unitcommitment\.worktrees\108_168h\output\pcm_com4_loadall_h168_20260823_210543\smooth\clu_ovl\r01\output/details_schedule_results/pcm_simulation_results/intervels_[1]/res_schedule_commitment_result.txt
Step-3: Creating dispatching model (Refactored & Modularized)
  Clustered PCM: 108 physical units -> 31 equivalent units (71.3% state reduction; 108 units in non-singleton clusters)
  ✓ True clustered UC completed (31 virtual units)
PART1: [unit-commitment] calculation result has been saved to: D:\GithubClonefiles\module_unitcommitment\.worktrees\108_168h\output\pcm_com4_loadall_h168_20260823_210543\smooth\clu_ovl\r01\output/details_schedule_results/pcm_simulation_results/intervels_[1]/res_schedule_commitment_result.txt
Step-3: Creating dispatching model (Refactored & Modularized)
  Clustered PCM: 108 physical units -> 31 equivalent units (71.3% state reduction; 108 units in non-singleton clusters)
  ✓ True clustered UC completed (31 virtual units)
PART1: [unit-commitment] calculation result has been saved to: D:\GithubClonefiles\module_unitcommitment\.worktrees\108_168h\output\pcm_com4_loadall_h168_20260823_210543\smooth\clu_ovl\r01\output/details_schedule_results/pcm_simulation_results/intervels_[1]/res_schedule_commitment_result.txt
PART1: [unit-commitment] calculation result has been saved to: D:\GithubClonefiles\module_unitcommitment\.worktrees\108_168h\output\pcm_com4_loadall_h168_20260823_210543\smooth\clu_ovl\r01\output/details_schedule_results/pcm_simulation_results/intervels_[1]/res_schedule_commitment_result.txt
Step-3: Creating dispatching model (Refactored & Modularized)
  Clustered PCM: 108 physical units -> 31 equivalent units (71.3% state reduction; 108 units in non-singleton clusters)
  ✓ True clustered UC completed (31 virtual units)
Step-3: Creating dispatching model (Refactored & Modularized)
  Clustered PCM: 108 physical units -> 31 equivalent units (71.3% state reduction; 108 units in non-singleton clusters)
  ✓ True clustered UC completed (31 virtual units)
PART1: [unit-commitment] calculation result has been saved to: D:\GithubClonefiles\module_unitcommitment\.worktrees\108_168h\output\pcm_com4_loadall_h168_20260823_210543\smooth\clu_ovl\r01\output/details_schedule_results/pcm_simulation_results/intervels_[1]/res_schedule_commitment_result.txt
Step-3: Creating dispatching model (Refactored & Modularized)
  Clustered PCM: 108 physical units -> 31 equivalent units (71.3% state reduction; 108 units in non-singleton clusters)
  ✓ True clustered UC completed (31 virtual units)
PART1: [unit-commitment] calculation result has been saved to: D:\GithubClonefiles\module_unitcommitment\.worktrees\108_168h\output\pcm_com4_loadall_h168_20260823_210543\smooth\clu_ovl\r01\output/details_schedule_results/pcm_simulation_results/intervels_[1]/res_schedule_commitment_result.txt
Step-3: Creating dispatching model (Refactored & Modularized)
  Clustered PCM: 108 physical units -> 31 equivalent units (71.3% state reduction; 108 units in non-singleton clusters)
  ✓ True clustered UC completed (31 virtual units)
PART1: [unit-commitment] calculation result has been saved to: D:\GithubClonefiles\module_unitcommitment\.worktrees\108_168h\output\pcm_com4_loadall_h168_20260823_210543\smooth\clu_ovl\r01\output/details_schedule_results/pcm_simulation_results/intervels_[1]/res_schedule_commitment_result.txt
PART1: [unit-commitment] calculation result has been saved to: D:\GithubClonefiles\module_unitcommitment\.worktrees\108_168h\output\pcm_com4_loadall_h168_20260823_210543\smooth\clu_ovl\r01\output/details_schedule_results/pcm_simulation_results/intervels_[1]/res_schedule_commitment_result.txt
Step-3: Creating dispatching model (Refactored & Modularized)
  Clustered PCM: 108 physical units -> 31 equivalent units (71.3% state reduction; 108 units in non-singleton clusters)
  ✓ True clustered UC completed (31 virtual units)
Step-3: Creating dispatching model (Refactored & Modularized)
  Clustered PCM: 108 physical units -> 31 equivalent units (71.3% state reduction; 108 units in non-singleton clusters)
  ✓ True clustered UC completed (31 virtual units)
PART1: [unit-commitment] calculation result has been saved to: D:\GithubClonefiles\module_unitcommitment\.worktrees\108_168h\output\pcm_com4_loadall_h168_20260823_210543\smooth\clu_ovl\r01\output/details_schedule_results/pcm_simulation_results/intervels_[1]/res_schedule_commitment_result.txt
Step-3: Creating dispatching model (Refactored & Modularized)
  Clustered PCM: 108 physical units -> 31 equivalent units (71.3% state reduction; 108 units in non-singleton clusters)
  ✓ True clustered UC completed (31 virtual units)
PART1: [unit-commitment] calculation result has been saved to: D:\GithubClonefiles\module_unitcommitment\.worktrees\108_168h\output\pcm_com4_loadall_h168_20260823_210543\smooth\clu_ovl\r01\output/details_schedule_results/pcm_simulation_results/intervels_[1]/res_schedule_commitment_result.txt
Step-3: Creating dispatching model (Refactored & Modularized)
  Clustered PCM: 108 physical units -> 31 equivalent units (71.3% state reduction; 108 units in non-singleton clusters)
  ✓ True clustered UC completed (31 virtual units)
PART1: [unit-commitment] calculation result has been saved to: D:\GithubClonefiles\module_unitcommitment\.worktrees\108_168h\output\pcm_com4_loadall_h168_20260823_210543\smooth\clu_ovl\r01\output/details_schedule_results/pcm_simulation_results/intervels_[1]/res_schedule_commitment_result.txt
PART1: [unit-commitment] calculation result has been saved to: D:\GithubClonefiles\module_unitcommitment\.worktrees\108_168h\output\pcm_com4_loadall_h168_20260823_210543\smooth\clu_ovl\r01\output/details_schedule_results/pcm_simulation_results/intervels_[1]/res_schedule_commitment_result.txt
Step-3: Creating dispatching model (Refactored & Modularized)
  Clustered PCM: 108 physical units -> 31 equivalent units (71.3% state reduction; 108 units in non-singleton clusters)
  ✓ True clustered UC completed (31 virtual units)
Step-3: Creating dispatching model (Refactored & Modularized)
  Clustered PCM: 108 physical units -> 31 equivalent units (71.3% state reduction; 108 units in non-singleton clusters)
  ✓ True clustered UC completed (31 virtual units)
PART1: [unit-commitment] calculation result has been saved to: D:\GithubClonefiles\module_unitcommitment\.worktrees\108_168h\output\pcm_com4_loadall_h168_20260823_210543\smooth\clu_ovl\r01\output/details_schedule_results/pcm_simulation_results/intervels_[1]/res_schedule_commitment_result.txt
Step-3: Creating dispatching model (Refactored & Modularized)
  Clustered PCM: 108 physical units -> 31 equivalent units (71.3% state reduction; 108 units in non-singleton clusters)
  ✓ True clustered UC completed (31 virtual units)
PART1: [unit-commitment] calculation result has been saved to: D:\GithubClonefiles\module_unitcommitment\.worktrees\108_168h\output\pcm_com4_loadall_h168_20260823_210543\smooth\clu_ovl\r01\output/details_schedule_results/pcm_simulation_results/intervels_[1]/res_schedule_commitment_result.txt
Step-3: Creating dispatching model (Refactored & Modularized)
  Clustered PCM: 108 physical units -> 31 equivalent units (71.3% state reduction; 108 units in non-singleton clusters)
  ✓ True clustered UC completed (31 virtual units)
PART1: [unit-commitment] calculation result has been saved to: D:\GithubClonefiles\module_unitcommitment\.worktrees\108_168h\output\pcm_com4_loadall_h168_20260823_210543\smooth\clu_ovl\r01\output/details_schedule_results/pcm_simulation_results/intervels_[1]/res_schedule_commitment_result.txt
PART1: [unit-commitment] calculation result has been saved to: D:\GithubClonefiles\module_unitcommitment\.worktrees\108_168h\output\pcm_com4_loadall_h168_20260823_210543\smooth\clu_ovl\r01\output/details_schedule_results/pcm_simulation_results/intervels_[1]/res_schedule_commitment_result.txt
Step-3: Creating dispatching model (Refactored & Modularized)
  Clustered PCM: 108 physical units -> 31 equivalent units (71.3% state reduction; 108 units in non-singleton clusters)
  ✓ True clustered UC completed (31 virtual units)
Step-3: Creating dispatching model (Refactored & Modularized)
  Clustered PCM: 108 physical units -> 31 equivalent units (71.3% state reduction; 108 units in non-singleton clusters)
  ✓ True clustered UC completed (31 virtual units)
PART1: [unit-commitment] calculation result has been saved to: D:\GithubClonefiles\module_unitcommitment\.worktrees\108_168h\output\pcm_com4_loadall_h168_20260823_210543\smooth\clu_ovl\r01\output/details_schedule_results/pcm_simulation_results/intervels_[1]/res_schedule_commitment_result.txt
Step-3: Creating dispatching model (Refactored & Modularized)
  Clustered PCM: 108 physical units -> 31 equivalent units (71.3% state reduction; 108 units in non-singleton clusters)
  ✓ True clustered UC completed (31 virtual units)
Set parameter Username
Set parameter LicenseID to value 2826524
Academic license - for non-commercial use only - expires 2027-05-22
Set parameter Username
Set parameter LicenseID to value 2826524
Academic license - for non-commercial use only - expires 2027-05-22
Set parameter Username
Set parameter LicenseID to value 2826524
Academic license - for non-commercial use only - expires 2027-05-22
Set parameter Username
Set parameter LicenseID to value 2826524
Academic license - for non-commercial use only - expires 2027-05-22
Set parameter Username
Set parameter LicenseID to value 2826524
Academic license - for non-commercial use only - expires 2027-05-22
Set parameter Username
Set parameter LicenseID to value 2826524
Academic license - for non-commercial use only - expires 2027-05-22
Set parameter Username
Set parameter LicenseID to value 2826524
Academic license - for non-commercial use only - expires 2027-05-22
Set parameter Username
Set parameter LicenseID to value 2826524
Academic license - for non-commercial use only - expires 2027-05-22
Set parameter Username
Set parameter LicenseID to value 2826524
Academic license - for non-commercial use only - expires 2027-05-22
Set parameter Username
Set parameter LicenseID to value 2826524
Academic license - for non-commercial use only - expires 2027-05-22
Set parameter Username
Set parameter LicenseID to value 2826524
Academic license - for non-commercial use only - expires 2027-05-22
Set parameter Username
Set parameter LicenseID to value 2826524
Academic license - for non-commercial use only - expires 2027-05-22
Set parameter Username
Set parameter LicenseID to value 2826524
Academic license - for non-commercial use only - expires 2027-05-22
Set parameter Username
Set parameter LicenseID to value 2826524
Academic license - for non-commercial use only - expires 2027-05-22
Set parameter Username
Set parameter LicenseID to value 2826524
Academic license - for non-commercial use only - expires 2027-05-22
Set parameter Username
Set parameter LicenseID to value 2826524
Academic license - for non-commercial use only - expires 2027-05-22
Set parameter Username
Set parameter LicenseID to value 2826524
Academic license - for non-commercial use only - expires 2027-05-22
Set parameter Username
Set parameter LicenseID to value 2826524
Academic license - for non-commercial use only - expires 2027-05-22
Set parameter Username
Set parameter LicenseID to value 2826524
Academic license - for non-commercial use only - expires 2027-05-22
Set parameter Username
Set parameter LicenseID to value 2826524
Academic license - for non-commercial use only - expires 2027-05-22
Set parameter Username
Set parameter LicenseID to value 2826524
Academic license - for non-commercial use only - expires 2027-05-22
Set parameter Username
Set parameter LicenseID to value 2826524
Academic license - for non-commercial use only - expires 2027-05-22
Set parameter Username
Set parameter LicenseID to value 2826524
Academic license - for non-commercial use only - expires 2027-05-22
Set parameter Username
Set parameter LicenseID to value 2826524
Academic license - for non-commercial use only - expires 2027-05-22
Set parameter Username
Set parameter LicenseID to value 2826524
Academic license - for non-commercial use only - expires 2027-05-22
Set parameter Username
Set parameter LicenseID to value 2826524
Academic license - for non-commercial use only - expires 2027-05-22
Set parameter Username
Set parameter LicenseID to value 2826524
Academic license - for non-commercial use only - expires 2027-05-22
Set parameter Username
Set parameter LicenseID to value 2826524
Academic license - for non-commercial use only - expires 2027-05-22
Set parameter Username
Set parameter LicenseID to value 2826524
Academic license - for non-commercial use only - expires 2027-05-22
Set parameter Username
Set parameter LicenseID to value 2826524
Academic license - for non-commercial use only - expires 2027-05-22
Set parameter Username
Set parameter LicenseID to value 2826524
Academic license - for non-commercial use only - expires 2027-05-22
Set parameter Username
Set parameter LicenseID to value 2826524
Academic license - for non-commercial use only - expires 2027-05-22
Set parameter Username
Set parameter LicenseID to value 2826524
Academic license - for non-commercial use only - expires 2027-05-22
Set parameter Username
Set parameter LicenseID to value 2826524
Academic license - for non-commercial use only - expires 2027-05-22
Set parameter Username
Set parameter LicenseID to value 2826524
Academic license - for non-commercial use only - expires 2027-05-22
Set parameter Username
Set parameter LicenseID to value 2826524
Academic license - for non-commercial use only - expires 2027-05-22
Set parameter Username
Set parameter LicenseID to value 2826524
Academic license - for non-commercial use only - expires 2027-05-22
Set parameter Username
Set parameter LicenseID to value 2826524
Academic license - for non-commercial use only - expires 2027-05-22
Set parameter Username
Set parameter LicenseID to value 2826524
Academic license - for non-commercial use only - expires 2027-05-22
Set parameter Username
Set parameter LicenseID to value 2826524
Academic license - for non-commercial use only - expires 2027-05-22
Set parameter Username
Set parameter LicenseID to value 2826524
Academic license - for non-commercial use only - expires 2027-05-22
Set parameter Username
Set parameter LicenseID to value 2826524
Academic license - for non-commercial use only - expires 2027-05-22
Set parameter Username
Set parameter LicenseID to value 2826524
Academic license - for non-commercial use only - expires 2027-05-22
Set parameter Username
Set parameter LicenseID to value 2826524
Academic license - for non-commercial use only - expires 2027-05-22
Set parameter Username
Set parameter LicenseID to value 2826524
Academic license - for non-commercial use only - expires 2027-05-22
Set parameter Username
Set parameter LicenseID to value 2826524
Academic license - for non-commercial use only - expires 2027-05-22
Set parameter Username
Set parameter LicenseID to value 2826524
Academic license - for non-commercial use only - expires 2027-05-22
Set parameter Username
Set parameter LicenseID to value 2826524
Academic license - for non-commercial use only - expires 2027-05-22
Set parameter Username
Set parameter LicenseID to value 2826524
Academic license - for non-commercial use only - expires 2027-05-22
Set parameter Username
Set parameter LicenseID to value 2826524
Academic license - for non-commercial use only - expires 2027-05-22
Set parameter Username
Set parameter LicenseID to value 2826524
Academic license - for non-commercial use only - expires 2027-05-22
Set parameter Username
Set parameter LicenseID to value 2826524
Academic license - for non-commercial use only - expires 2027-05-22
Set parameter Username
Set parameter LicenseID to value 2826524
Academic license - for non-commercial use only - expires 2027-05-22
Set parameter Username
Set parameter LicenseID to value 2826524
Academic license - for non-commercial use only - expires 2027-05-22
Set parameter Username
Set parameter LicenseID to value 2826524
Academic license - for non-commercial use only - expires 2027-05-22
Set parameter Username
Set parameter LicenseID to value 2826524
Academic license - for non-commercial use only - expires 2027-05-22
Set parameter Username
Set parameter LicenseID to value 2826524
Academic license - for non-commercial use only - expires 2027-05-22
Set parameter Username
Set parameter LicenseID to value 2826524
Academic license - for non-commercial use only - expires 2027-05-22
Set parameter Username
Set parameter LicenseID to value 2826524
Academic license - for non-commercial use only - expires 2027-05-22
Set parameter Username
Set parameter LicenseID to value 2826524
Academic license - for non-commercial use only - expires 2027-05-22
Set parameter Username
Set parameter LicenseID to value 2826524
Academic license - for non-commercial use only - expires 2027-05-22
Set parameter Username
Set parameter LicenseID to value 2826524
Academic license - for non-commercial use only - expires 2027-05-22
Set parameter Username
Set parameter LicenseID to value 2826524
Academic license - for non-commercial use only - expires 2027-05-22
Set parameter Username
Set parameter LicenseID to value 2826524
Academic license - for non-commercial use only - expires 2027-05-22
Set parameter Username
Set parameter LicenseID to value 2826524
Academic license - for non-commercial use only - expires 2027-05-22
Set parameter Username
Set parameter LicenseID to value 2826524
Academic license - for non-commercial use only - expires 2027-05-22
Set parameter Username
Set parameter LicenseID to value 2826524
Academic license - for non-commercial use only - expires 2027-05-22
Set parameter Username
Set parameter LicenseID to value 2826524
Academic license - for non-commercial use only - expires 2027-05-22
Set parameter Username
Set parameter LicenseID to value 2826524
Academic license - for non-commercial use only - expires 2027-05-22
Set parameter Username
Set parameter LicenseID to value 2826524
Academic license - for non-commercial use only - expires 2027-05-22
Set parameter Username
Set parameter LicenseID to value 2826524
Academic license - for non-commercial use only - expires 2027-05-22
Set parameter Username
Set parameter LicenseID to value 2826524
Academic license - for non-commercial use only - expires 2027-05-22
Set parameter Username
Set parameter LicenseID to value 2826524
Academic license - for non-commercial use only - expires 2027-05-22
Set parameter Username
Set parameter LicenseID to value 2826524
Academic license - for non-commercial use only - expires 2027-05-22
Set parameter Username
Set parameter LicenseID to value 2826524
Academic license - for non-commercial use only - expires 2027-05-22
Set parameter Username
Set parameter LicenseID to value 2826524
Academic license - for non-commercial use only - expires 2027-05-22
Set parameter Username
Set parameter LicenseID to value 2826524
Academic license - for non-commercial use only - expires 2027-05-22
Set parameter Username
Set parameter LicenseID to value 2826524
Academic license - for non-commercial use only - expires 2027-05-22
Set parameter Username
Set parameter LicenseID to value 2826524
Academic license - for non-commercial use only - expires 2027-05-22
Set parameter Username
Set parameter LicenseID to value 2826524
Academic license - for non-commercial use only - expires 2027-05-22
Set parameter Username
Set parameter LicenseID to value 2826524
Academic license - for non-commercial use only - expires 2027-05-22
Set parameter Username
Set parameter LicenseID to value 2826524
Academic license - for non-commercial use only - expires 2027-05-22
Set parameter Username
Set parameter LicenseID to value 2826524
Academic license - for non-commercial use only - expires 2027-05-22
Set parameter Username
Set parameter LicenseID to value 2826524
Academic license - for non-commercial use only - expires 2027-05-22
Set parameter Username
Set parameter LicenseID to value 2826524
Academic license - for non-commercial use only - expires 2027-05-22
Set parameter Username
Set parameter LicenseID to value 2826524
Academic license - for non-commercial use only - expires 2027-05-22
Set parameter Username
Set parameter LicenseID to value 2826524
Academic license - for non-commercial use only - expires 2027-05-22
Set parameter Username
Set parameter LicenseID to value 2826524
Academic license - for non-commercial use only - expires 2027-05-22
Set parameter Username
Set parameter LicenseID to value 2826524
Academic license - for non-commercial use only - expires 2027-05-22
Set parameter Username
Set parameter LicenseID to value 2826524
Academic license - for non-commercial use only - expires 2027-05-22
Set parameter Username
Set parameter LicenseID to value 2826524
Academic license - for non-commercial use only - expires 2027-05-22
Set parameter Username
Set parameter LicenseID to value 2826524
Academic license - for non-commercial use only - expires 2027-05-22
Set parameter Username
Set parameter LicenseID to value 2826524
Academic license - for non-commercial use only - expires 2027-05-22
Set parameter Username
Set parameter LicenseID to value 2826524
Academic license - for non-commercial use only - expires 2027-05-22
Set parameter Username
Set parameter LicenseID to value 2826524
Academic license - for non-commercial use only - expires 2027-05-22
Set parameter Username
Set parameter LicenseID to value 2826524
Academic license - for non-commercial use only - expires 2027-05-22
Set parameter Username
Set parameter LicenseID to value 2826524
Academic license - for non-commercial use only - expires 2027-05-22
Set parameter Username
Set parameter LicenseID to value 2826524
Academic license - for non-commercial use only - expires 2027-05-22
Set parameter Username
Set parameter LicenseID to value 2826524
Academic license - for non-commercial use only - expires 2027-05-22
Set parameter Username
Set parameter LicenseID to value 2826524
Academic license - for non-commercial use only - expires 2027-05-22
Set parameter Username
Set parameter LicenseID to value 2826524
Academic license - for non-commercial use only - expires 2027-05-22
Set parameter Username
Set parameter LicenseID to value 2826524
Academic license - for non-commercial use only - expires 2027-05-22
Set parameter Username
Set parameter LicenseID to value 2826524
Academic license - for non-commercial use only - expires 2027-05-22
Set parameter Username
Set parameter LicenseID to value 2826524
Academic license - for non-commercial use only - expires 2027-05-22
Set parameter Username
Set parameter LicenseID to value 2826524
Academic license - for non-commercial use only - expires 2027-05-22
Set parameter Username
Set parameter LicenseID to value 2826524
Academic license - for non-commercial use only - expires 2027-05-22
Set parameter Username
Set parameter LicenseID to value 2826524
Academic license - for non-commercial use only - expires 2027-05-22
Set parameter Username
Set parameter LicenseID to value 2826524
Academic license - for non-commercial use only - expires 2027-05-22
Set parameter Username
Set parameter LicenseID to value 2826524
Academic license - for non-commercial use only - expires 2027-05-22
Set parameter Username
Set parameter LicenseID to value 2826524
Academic license - for non-commercial use only - expires 2027-05-22
Set parameter Username
Set parameter LicenseID to value 2826524
Academic license - for non-commercial use only - expires 2027-05-22
Set parameter Username
Set parameter LicenseID to value 2826524
Academic license - for non-commercial use only - expires 2027-05-22
Set parameter Username
Set parameter LicenseID to value 2826524
Academic license - for non-commercial use only - expires 2027-05-22
Set parameter Username
Set parameter LicenseID to value 2826524
Academic license - for non-commercial use only - expires 2027-05-22
Set parameter Username
Set parameter LicenseID to value 2826524
Academic license - for non-commercial use only - expires 2027-05-22
Set parameter Username
Set parameter LicenseID to value 2826524
Academic license - for non-commercial use only - expires 2027-05-22
Set parameter Username
Set parameter LicenseID to value 2826524
Academic license - for non-commercial use only - expires 2027-05-22
Set parameter Username
Set parameter LicenseID to value 2826524
Academic license - for non-commercial use only - expires 2027-05-22
Set parameter Username
Set parameter LicenseID to value 2826524
Academic license - for non-commercial use only - expires 2027-05-22
Set parameter Username
Set parameter LicenseID to value 2826524
Academic license - for non-commercial use only - expires 2027-05-22
Set parameter Username
Set parameter LicenseID to value 2826524
Academic license - for non-commercial use only - expires 2027-05-22
Set parameter Username
Set parameter LicenseID to value 2826524
Academic license - for non-commercial use only - expires 2027-05-22
Set parameter Username
Set parameter LicenseID to value 2826524
Academic license - for non-commercial use only - expires 2027-05-22
Set parameter Username
Set parameter LicenseID to value 2826524
Academic license - for non-commercial use only - expires 2027-05-22
Set parameter Username
Set parameter LicenseID to value 2826524
Academic license - for non-commercial use only - expires 2027-05-22
Set parameter Username
Set parameter LicenseID to value 2826524
Academic license - for non-commercial use only - expires 2027-05-22
Set parameter Username
Set parameter LicenseID to value 2826524
Academic license - for non-commercial use only - expires 2027-05-22
Set parameter Username
Set parameter LicenseID to value 2826524
Academic license - for non-commercial use only - expires 2027-05-22
Set parameter Username
Set parameter LicenseID to value 2826524
Academic license - for non-commercial use only - expires 2027-05-22
Set parameter Username
Set parameter LicenseID to value 2826524
Academic license - for non-commercial use only - expires 2027-05-22
Set parameter Username
Set parameter LicenseID to value 2826524
Academic license - for non-commercial use only - expires 2027-05-22
Set parameter Username
Set parameter LicenseID to value 2826524
Academic license - for non-commercial use only - expires 2027-05-22
Set parameter Username
Set parameter LicenseID to value 2826524
Academic license - for non-commercial use only - expires 2027-05-22
Set parameter Username
Set parameter LicenseID to value 2826524
Academic license - for non-commercial use only - expires 2027-05-22
Set parameter Username
Set parameter LicenseID to value 2826524
Academic license - for non-commercial use only - expires 2027-05-22
Set parameter Username
Set parameter LicenseID to value 2826524
Academic license - for non-commercial use only - expires 2027-05-22
Set parameter Username
Set parameter LicenseID to value 2826524
Academic license - for non-commercial use only - expires 2027-05-22
Set parameter Username
Set parameter LicenseID to value 2826524
Academic license - for non-commercial use only - expires 2027-05-22
Set parameter Username
Set parameter LicenseID to value 2826524
Academic license - for non-commercial use only - expires 2027-05-22
Set parameter Username
Set parameter LicenseID to value 2826524
Academic license - for non-commercial use only - expires 2027-05-22
Set parameter Username
Set parameter LicenseID to value 2826524
Academic license - for non-commercial use only - expires 2027-05-22
Set parameter Username
Set parameter LicenseID to value 2826524
Academic license - for non-commercial use only - expires 2027-05-22
Set parameter Username
Set parameter LicenseID to value 2826524
Academic license - for non-commercial use only - expires 2027-05-22
Set parameter Username
Set parameter LicenseID to value 2826524
Academic license - for non-commercial use only - expires 2027-05-22
Set parameter Username
Set parameter LicenseID to value 2826524
Academic license - for non-commercial use only - expires 2027-05-22
Set parameter Username
Set parameter LicenseID to value 2826524
Academic license - for non-commercial use only - expires 2027-05-22
Set parameter Username
Set parameter LicenseID to value 2826524
Academic license - for non-commercial use only - expires 2027-05-22
Set parameter Username
Set parameter LicenseID to value 2826524
Academic license - for non-commercial use only - expires 2027-05-22
Set parameter Username
Set parameter LicenseID to value 2826524
Academic license - for non-commercial use only - expires 2027-05-22
Set parameter Username
Set parameter LicenseID to value 2826524
Academic license - for non-commercial use only - expires 2027-05-22
Set parameter Username
Set parameter LicenseID to value 2826524
Academic license - for non-commercial use only - expires 2027-05-22
Set parameter Username
Set parameter LicenseID to value 2826524
Academic license - for non-commercial use only - expires 2027-05-22
Set parameter Username
Set parameter LicenseID to value 2826524
Academic license - for non-commercial use only - expires 2027-05-22
Set parameter Username
Set parameter LicenseID to value 2826524
Academic license - for non-commercial use only - expires 2027-05-22
Set parameter Username
Set parameter LicenseID to value 2826524
Academic license - for non-commercial use only - expires 2027-05-22
Set parameter Username
Set parameter LicenseID to value 2826524
Academic license - for non-commercial use only - expires 2027-05-22
Set parameter Username
Set parameter LicenseID to value 2826524
Academic license - for non-commercial use only - expires 2027-05-22
Set parameter Username
Set parameter LicenseID to value 2826524
Academic license - for non-commercial use only - expires 2027-05-22
Set parameter Username
Set parameter LicenseID to value 2826524
Academic license - for non-commercial use only - expires 2027-05-22
Set parameter Username
Set parameter LicenseID to value 2826524
Academic license - for non-commercial use only - expires 2027-05-22
Set parameter Username
Set parameter LicenseID to value 2826524
Academic license - for non-commercial use only - expires 2027-05-22
Set parameter Username
Set parameter LicenseID to value 2826524
Academic license - for non-commercial use only - expires 2027-05-22
Set parameter Username
Set parameter LicenseID to value 2826524
Academic license - for non-commercial use only - expires 2027-05-22
Set parameter Username
Set parameter LicenseID to value 2826524
Academic license - for non-commercial use only - expires 2027-05-22
Set parameter Username
Set parameter LicenseID to value 2826524
Academic license - for non-commercial use only - expires 2027-05-22
Set parameter Username
Set parameter LicenseID to value 2826524
Academic license - for non-commercial use only - expires 2027-05-22
Set parameter Username
Set parameter LicenseID to value 2826524
Academic license - for non-commercial use only - expires 2027-05-22
Set parameter Username
Set parameter LicenseID to value 2826524
Academic license - for non-commercial use only - expires 2027-05-22
Set parameter Username
Set parameter LicenseID to value 2826524
Academic license - for non-commercial use only - expires 2027-05-22
Set parameter Username
Set parameter LicenseID to value 2826524
Academic license - for non-commercial use only - expires 2027-05-22
Set parameter Username
Set parameter LicenseID to value 2826524
Academic license - for non-commercial use only - expires 2027-05-22
Set parameter Username
Set parameter LicenseID to value 2826524
Academic license - for non-commercial use only - expires 2027-05-22
Set parameter Username
Set parameter LicenseID to value 2826524
Academic license - for non-commercial use only - expires 2027-05-22
Set parameter Username
Set parameter LicenseID to value 2826524
Academic license - for non-commercial use only - expires 2027-05-22
Set parameter Username
Set parameter LicenseID to value 2826524
Academic license - for non-commercial use only - expires 2027-05-22
Set parameter Username
Set parameter LicenseID to value 2826524
Academic license - for non-commercial use only - expires 2027-05-22
Set parameter Username
Set parameter LicenseID to value 2826524
Academic license - for non-commercial use only - expires 2027-05-22
Set parameter Username
Set parameter LicenseID to value 2826524
Academic license - for non-commercial use only - expires 2027-05-22
Set parameter Username
Set parameter LicenseID to value 2826524
Academic license - for non-commercial use only - expires 2027-05-22
Set parameter Username
Set parameter LicenseID to value 2826524
Academic license - for non-commercial use only - expires 2027-05-22
Set parameter Username
Set parameter LicenseID to value 2826524
Academic license - for non-commercial use only - expires 2027-05-22
Set parameter Username
Set parameter LicenseID to value 2826524
Academic license - for non-commercial use only - expires 2027-05-22
Set parameter Username
Set parameter LicenseID to value 2826524
Academic license - for non-commercial use only - expires 2027-05-22
Set parameter Username
Set parameter LicenseID to value 2826524
Academic license - for non-commercial use only - expires 2027-05-22
PART1: [unit-commitment] calculation result has been saved to: D:\GithubClonefiles\module_unitcommitment\.worktrees\108_168h\output\pcm_com4_loadall_h168_20260823_210543\smooth\clu_ovl\r01\output/details_schedule_results/pcm_simulation_results/intervels_[1]/res_schedule_commitment_result.txt
Step-3: Creating dispatching model (Refactored & Modularized)
  Clustered PCM: 108 physical units -> 31 equivalent units (71.3% state reduction; 108 units in non-singleton clusters)
  ✓ True clustered UC completed (31 virtual units)
PART1: [unit-commitment] calculation result has been saved to: D:\GithubClonefiles\module_unitcommitment\.worktrees\108_168h\output\pcm_com4_loadall_h168_20260823_210543\smooth\clu_ovl\r01\output/details_schedule_results/pcm_simulation_results/intervels_[1]/res_schedule_commitment_result.txt
PART1: [unit-commitment] calculation result has been saved to: D:\GithubClonefiles\module_unitcommitment\.worktrees\108_168h\output\pcm_com4_loadall_h168_20260823_210543\smooth\clu_ovl\r01\output/details_schedule_results/pcm_simulation_results/intervels_[1]/res_schedule_commitment_result.txt
Step-3: Creating dispatching model (Refactored & Modularized)
  Clustered PCM: 108 physical units -> 31 equivalent units (71.3% state reduction; 108 units in non-singleton clusters)
  ✓ True clustered UC completed (31 virtual units)
Step-3: Creating dispatching model (Refactored & Modularized)
  Clustered PCM: 108 physical units -> 31 equivalent units (71.3% state reduction; 108 units in non-singleton clusters)
  ✓ True clustered UC completed (31 virtual units)
PART1: [unit-commitment] calculation result has been saved to: D:\GithubClonefiles\module_unitcommitment\.worktrees\108_168h\output\pcm_com4_loadall_h168_20260823_210543\smooth\clu_ovl\r01\output/details_schedule_results/pcm_simulation_results/intervels_[1]/res_schedule_commitment_result.txt
Step-3: Creating dispatching model (Refactored & Modularized)
  Clustered PCM: 108 physical units -> 31 equivalent units (71.3% state reduction; 108 units in non-singleton clusters)
  ✓ True clustered UC completed (31 virtual units)
PART1: [unit-commitment] calculation result has been saved to: D:\GithubClonefiles\module_unitcommitment\.worktrees\108_168h\output\pcm_com4_loadall_h168_20260823_210543\smooth\clu_ovl\r01\output/details_schedule_results/pcm_simulation_results/intervels_[1]/res_schedule_commitment_result.txt
Step-3: Creating dispatching model (Refactored & Modularized)
  Clustered PCM: 108 physical units -> 31 equivalent units (71.3% state reduction; 108 units in non-singleton clusters)
  ✓ True clustered UC completed (31 virtual units)
PART1: [unit-commitment] calculation result has been saved to: D:\GithubClonefiles\module_unitcommitment\.worktrees\108_168h\output\pcm_com4_loadall_h168_20260823_210543\smooth\clu_ovl\r01\output/details_schedule_results/pcm_simulation_results/intervels_[1]/res_schedule_commitment_result.txt
PART1: [unit-commitment] calculation result has been saved to: D:\GithubClonefiles\module_unitcommitment\.worktrees\108_168h\output\pcm_com4_loadall_h168_20260823_210543\smooth\clu_ovl\r01\output/details_schedule_results/pcm_simulation_results/intervels_[1]/res_schedule_commitment_result.txt
Step-3: Creating dispatching model (Refactored & Modularized)
  Clustered PCM: 108 physical units -> 31 equivalent units (71.3% state reduction; 108 units in non-singleton clusters)
  ✓ True clustered UC completed (31 virtual units)
Step-3: Creating dispatching model (Refactored & Modularized)
  Clustered PCM: 108 physical units -> 31 equivalent units (71.3% state reduction; 108 units in non-singleton clusters)
  ✓ True clustered UC completed (31 virtual units)
PART1: [unit-commitment] calculation result has been saved to: D:\GithubClonefiles\module_unitcommitment\.worktrees\108_168h\output\pcm_com4_loadall_h168_20260823_210543\smooth\clu_ovl\r01\output/details_schedule_results/pcm_simulation_results/intervels_[1]/res_schedule_commitment_result.txt
Step-3: Creating dispatching model (Refactored & Modularized)
  Clustered PCM: 108 physical units -> 31 equivalent units (71.3% state reduction; 108 units in non-singleton clusters)
  ✓ True clustered UC completed (31 virtual units)
PART1: [unit-commitment] calculation result has been saved to: D:\GithubClonefiles\module_unitcommitment\.worktrees\108_168h\output\pcm_com4_loadall_h168_20260823_210543\smooth\clu_ovl\r01\output/details_schedule_results/pcm_simulation_results/intervels_[1]/res_schedule_commitment_result.txt
Step-3: Creating dispatching model (Refactored & Modularized)
  Clustered PCM: 108 physical units -> 31 equivalent units (71.3% state reduction; 108 units in non-singleton clusters)
  ✓ True clustered UC completed (31 virtual units)
PART1: [unit-commitment] calculation result has been saved to: D:\GithubClonefiles\module_unitcommitment\.worktrees\108_168h\output\pcm_com4_loadall_h168_20260823_210543\smooth\clu_ovl\r01\output/details_schedule_results/pcm_simulation_results/intervels_[1]/res_schedule_commitment_result.txt
PART1: [unit-commitment] calculation result has been saved to: D:\GithubClonefiles\module_unitcommitment\.worktrees\108_168h\output\pcm_com4_loadall_h168_20260823_210543\smooth\clu_ovl\r01\output/details_schedule_results/pcm_simulation_results/intervels_[1]/res_schedule_commitment_result.txt
Step-3: Creating dispatching model (Refactored & Modularized)
  Clustered PCM: 108 physical units -> 31 equivalent units (71.3% state reduction; 108 units in non-singleton clusters)
  ✓ True clustered UC completed (31 virtual units)
Step-3: Creating dispatching model (Refactored & Modularized)
  Clustered PCM: 108 physical units -> 31 equivalent units (71.3% state reduction; 108 units in non-singleton clusters)
  ✓ True clustered UC completed (31 virtual units)
PART1: [unit-commitment] calculation result has been saved to: D:\GithubClonefiles\module_unitcommitment\.worktrees\108_168h\output\pcm_com4_loadall_h168_20260823_210543\smooth\clu_ovl\r01\output/details_schedule_results/pcm_simulation_results/intervels_[1]/res_schedule_commitment_result.txt
Step-3: Creating dispatching model (Refactored & Modularized)
  Clustered PCM: 108 physical units -> 31 equivalent units (71.3% state reduction; 108 units in non-singleton clusters)
  ✓ True clustered UC completed (31 virtual units)
PART1: [unit-commitment] calculation result has been saved to: D:\GithubClonefiles\module_unitcommitment\.worktrees\108_168h\output\pcm_com4_loadall_h168_20260823_210543\smooth\clu_ovl\r01\output/details_schedule_results/pcm_simulation_results/intervels_[1]/res_schedule_commitment_result.txt
Step-3: Creating dispatching model (Refactored & Modularized)
  Clustered PCM: 108 physical units -> 31 equivalent units (71.3% state reduction; 108 units in non-singleton clusters)
  ✓ True clustered UC completed (31 virtual units)
PART1: [unit-commitment] calculation result has been saved to: D:\GithubClonefiles\module_unitcommitment\.worktrees\108_168h\output\pcm_com4_loadall_h168_20260823_210543\smooth\clu_ovl\r01\output/details_schedule_results/pcm_simulation_results/intervels_[1]/res_schedule_commitment_result.txt
PART1: [unit-commitment] calculation result has been saved to: D:\GithubClonefiles\module_unitcommitment\.worktrees\108_168h\output\pcm_com4_loadall_h168_20260823_210543\smooth\clu_ovl\r01\output/details_schedule_results/pcm_simulation_results/intervels_[1]/res_schedule_commitment_result.txt
Step-3: Creating dispatching model (Refactored & Modularized)
  Clustered PCM: 108 physical units -> 31 equivalent units (71.3% state reduction; 108 units in non-singleton clusters)
  ✓ True clustered UC completed (31 virtual units)
Step-3: Creating dispatching model (Refactored & Modularized)
  Clustered PCM: 108 physical units -> 31 equivalent units (71.3% state reduction; 108 units in non-singleton clusters)
  ✓ True clustered UC completed (31 virtual units)
PART1: [unit-commitment] calculation result has been saved to: D:\GithubClonefiles\module_unitcommitment\.worktrees\108_168h\output\pcm_com4_loadall_h168_20260823_210543\smooth\clu_ovl\r01\output/details_schedule_results/pcm_simulation_results/intervels_[1]/res_schedule_commitment_result.txt
Step-3: Creating dispatching model (Refactored & Modularized)
  Clustered PCM: 108 physical units -> 31 equivalent units (71.3% state reduction; 108 units in non-singleton clusters)
  ✓ True clustered UC completed (31 virtual units)
PART1: [unit-commitment] calculation result has been saved to: D:\GithubClonefiles\module_unitcommitment\.worktrees\108_168h\output\pcm_com4_loadall_h168_20260823_210543\smooth\clu_ovl\r01\output/details_schedule_results/pcm_simulation_results/intervels_[1]/res_schedule_commitment_result.txt
Step-3: Creating dispatching model (Refactored & Modularized)
  Clustered PCM: 108 physical units -> 31 equivalent units (71.3% state reduction; 108 units in non-singleton clusters)
  ✓ True clustered UC completed (31 virtual units)
PART1: [unit-commitment] calculation result has been saved to: D:\GithubClonefiles\module_unitcommitment\.worktrees\108_168h\output\pcm_com4_loadall_h168_20260823_210543\smooth\clu_ovl\r01\output/details_schedule_results/pcm_simulation_results/intervels_[1]/res_schedule_commitment_result.txt
PART1: [unit-commitment] calculation result has been saved to: D:\GithubClonefiles\module_unitcommitment\.worktrees\108_168h\output\pcm_com4_loadall_h168_20260823_210543\smooth\clu_ovl\r01\output/details_schedule_results/pcm_simulation_results/intervels_[1]/res_schedule_commitment_result.txt
Step-3: Creating dispatching model (Refactored & Modularized)
  Clustered PCM: 108 physical units -> 31 equivalent units (71.3% state reduction; 108 units in non-singleton clusters)
  ✓ True clustered UC completed (31 virtual units)
Step-3: Creating dispatching model (Refactored & Modularized)
  Clustered PCM: 108 physical units -> 31 equivalent units (71.3% state reduction; 108 units in non-singleton clusters)
  ✓ True clustered UC completed (31 virtual units)
PART1: [unit-commitment] calculation result has been saved to: D:\GithubClonefiles\module_unitcommitment\.worktrees\108_168h\output\pcm_com4_loadall_h168_20260823_210543\smooth\clu_ovl\r01\output/details_schedule_results/pcm_simulation_results/intervels_[1]/res_schedule_commitment_result.txt
Step-3: Creating dispatching model (Refactored & Modularized)
  Clustered PCM: 108 physical units -> 31 equivalent units (71.3% state reduction; 108 units in non-singleton clusters)
  ✓ True clustered UC completed (31 virtual units)
PART1: [unit-commitment] calculation result has been saved to: D:\GithubClonefiles\module_unitcommitment\.worktrees\108_168h\output\pcm_com4_loadall_h168_20260823_210543\smooth\clu_ovl\r01\output/details_schedule_results/pcm_simulation_results/intervels_[1]/res_schedule_commitment_result.txt
Step-3: Creating dispatching model (Refactored & Modularized)
  Clustered PCM: 108 physical units -> 31 equivalent units (71.3% state reduction; 108 units in non-singleton clusters)
  ✓ True clustered UC completed (31 virtual units)
PART1: [unit-commitment] calculation result has been saved to: D:\GithubClonefiles\module_unitcommitment\.worktrees\108_168h\output\pcm_com4_loadall_h168_20260823_210543\smooth\clu_ovl\r01\output/details_schedule_results/pcm_simulation_results/intervels_[1]/res_schedule_commitment_result.txt
PART1: [unit-commitment] calculation result has been saved to: D:\GithubClonefiles\module_unitcommitment\.worktrees\108_168h\output\pcm_com4_loadall_h168_20260823_210543\smooth\clu_ovl\r01\output/details_schedule_results/pcm_simulation_results/intervels_[1]/res_schedule_commitment_result.txt
Step-3: Creating dispatching model (Refactored & Modularized)
  Clustered PCM: 108 physical units -> 31 equivalent units (71.3% state reduction; 108 units in non-singleton clusters)
  ✓ True clustered UC completed (31 virtual units)
Step-3: Creating dispatching model (Refactored & Modularized)
  Clustered PCM: 108 physical units -> 31 equivalent units (71.3% state reduction; 108 units in non-singleton clusters)
  ✓ True clustered UC completed (31 virtual units)
PART1: [unit-commitment] calculation result has been saved to: D:\GithubClonefiles\module_unitcommitment\.worktrees\108_168h\output\pcm_com4_loadall_h168_20260823_210543\smooth\clu_ovl\r01\output/details_schedule_results/pcm_simulation_results/intervels_[1]/res_schedule_commitment_result.txt
Step-3: Creating dispatching model (Refactored & Modularized)
  Clustered PCM: 108 physical units -> 31 equivalent units (71.3% state reduction; 108 units in non-singleton clusters)
  ✓ True clustered UC completed (31 virtual units)
PART1: [unit-commitment] calculation result has been saved to: D:\GithubClonefiles\module_unitcommitment\.worktrees\108_168h\output\pcm_com4_loadall_h168_20260823_210543\smooth\clu_ovl\r01\output/details_schedule_results/pcm_simulation_results/intervels_[1]/res_schedule_commitment_result.txt
Step-3: Creating dispatching model (Refactored & Modularized)
  Clustered PCM: 108 physical units -> 31 equivalent units (71.3% state reduction; 108 units in non-singleton clusters)
  ✓ True clustered UC completed (31 virtual units)
PART1: [unit-commitment] calculation result has been saved to: D:\GithubClonefiles\module_unitcommitment\.worktrees\108_168h\output\pcm_com4_loadall_h168_20260823_210543\smooth\clu_ovl\r01\output/details_schedule_results/pcm_simulation_results/intervels_[1]/res_schedule_commitment_result.txt
PART1: [unit-commitment] calculation result has been saved to: D:\GithubClonefiles\module_unitcommitment\.worktrees\108_168h\output\pcm_com4_loadall_h168_20260823_210543\smooth\clu_ovl\r01\output/details_schedule_results/pcm_simulation_results/intervels_[1]/res_schedule_commitment_result.txt
Step-3: Creating dispatching model (Refactored & Modularized)
  Clustered PCM: 108 physical units -> 31 equivalent units (71.3% state reduction; 108 units in non-singleton clusters)
  ✓ True clustered UC completed (31 virtual units)
Step-3: Creating dispatching model (Refactored & Modularized)
  Clustered PCM: 108 physical units -> 31 equivalent units (71.3% state reduction; 108 units in non-singleton clusters)
  ✓ True clustered UC completed (31 virtual units)
PART1: [unit-commitment] calculation result has been saved to: D:\GithubClonefiles\module_unitcommitment\.worktrees\108_168h\output\pcm_com4_loadall_h168_20260823_210543\smooth\clu_ovl\r01\output/details_schedule_results/pcm_simulation_results/intervels_[1]/res_schedule_commitment_result.txt
Step-3: Creating dispatching model (Refactored & Modularized)
  Clustered PCM: 108 physical units -> 31 equivalent units (71.3% state reduction; 108 units in non-singleton clusters)
  ✓ True clustered UC completed (31 virtual units)
PART1: [unit-commitment] calculation result has been saved to: D:\GithubClonefiles\module_unitcommitment\.worktrees\108_168h\output\pcm_com4_loadall_h168_20260823_210543\smooth\clu_ovl\r01\output/details_schedule_results/pcm_simulation_results/intervels_[1]/res_schedule_commitment_result.txt
Step-3: Creating dispatching model (Refactored & Modularized)
  Clustered PCM: 108 physical units -> 31 equivalent units (71.3% state reduction; 108 units in non-singleton clusters)
  ✓ True clustered UC completed (31 virtual units)
PART1: [unit-commitment] calculation result has been saved to: D:\GithubClonefiles\module_unitcommitment\.worktrees\108_168h\output\pcm_com4_loadall_h168_20260823_210543\smooth\clu_ovl\r01\output/details_schedule_results/pcm_simulation_results/intervels_[1]/res_schedule_commitment_result.txt
PART1: [unit-commitment] calculation result has been saved to: D:\GithubClonefiles\module_unitcommitment\.worktrees\108_168h\output\pcm_com4_loadall_h168_20260823_210543\smooth\clu_ovl\r01\output/details_schedule_results/pcm_simulation_results/intervels_[1]/res_schedule_commitment_result.txt
Step-3: Creating dispatching model (Refactored & Modularized)
  Clustered PCM: 108 physical units -> 31 equivalent units (71.3% state reduction; 108 units in non-singleton clusters)
  ✓ True clustered UC completed (31 virtual units)
Step-3: Creating dispatching model (Refactored & Modularized)
  Clustered PCM: 108 physical units -> 31 equivalent units (71.3% state reduction; 108 units in non-singleton clusters)
  ✓ True clustered UC completed (31 virtual units)
PART1: [unit-commitment] calculation result has been saved to: D:\GithubClonefiles\module_unitcommitment\.worktrees\108_168h\output\pcm_com4_loadall_h168_20260823_210543\smooth\clu_ovl\r01\output/details_schedule_results/pcm_simulation_results/intervels_[1]/res_schedule_commitment_result.txt
Step-3: Creating dispatching model (Refactored & Modularized)
  Clustered PCM: 108 physical units -> 31 equivalent units (71.3% state reduction; 108 units in non-singleton clusters)
  ✓ True clustered UC completed (31 virtual units)
PART1: [unit-commitment] calculation result has been saved to: D:\GithubClonefiles\module_unitcommitment\.worktrees\108_168h\output\pcm_com4_loadall_h168_20260823_210543\smooth\clu_ovl\r01\output/details_schedule_results/pcm_simulation_results/intervels_[1]/res_schedule_commitment_result.txt
Step-3: Creating dispatching model (Refactored & Modularized)
  Clustered PCM: 108 physical units -> 31 equivalent units (71.3% state reduction; 108 units in non-singleton clusters)
  ✓ True clustered UC completed (31 virtual units)
PART1: [unit-commitment] calculation result has been saved to: D:\GithubClonefiles\module_unitcommitment\.worktrees\108_168h\output\pcm_com4_loadall_h168_20260823_210543\smooth\clu_ovl\r01\output/details_schedule_results/pcm_simulation_results/intervels_[1]/res_schedule_commitment_result.txt
PART1: [unit-commitment] calculation result has been saved to: D:\GithubClonefiles\module_unitcommitment\.worktrees\108_168h\output\pcm_com4_loadall_h168_20260823_210543\smooth\clu_ovl\r01\output/details_schedule_results/pcm_simulation_results/intervels_[1]/res_schedule_commitment_result.txt
Step-3: Creating dispatching model (Refactored & Modularized)
  Clustered PCM: 108 physical units -> 31 equivalent units (71.3% state reduction; 108 units in non-singleton clusters)
  ✓ True clustered UC completed (31 virtual units)
Step-3: Creating dispatching model (Refactored & Modularized)
  Clustered PCM: 108 physical units -> 31 equivalent units (71.3% state reduction; 108 units in non-singleton clusters)
  ✓ True clustered UC completed (31 virtual units)
PART1: [unit-commitment] calculation result has been saved to: D:\GithubClonefiles\module_unitcommitment\.worktrees\108_168h\output\pcm_com4_loadall_h168_20260823_210543\smooth\clu_ovl\r01\output/details_schedule_results/pcm_simulation_results/intervels_[1]/res_schedule_commitment_result.txt
Step-3: Creating dispatching model (Refactored & Modularized)
  Clustered PCM: 108 physical units -> 31 equivalent units (71.3% state reduction; 108 units in non-singleton clusters)
  ✓ True clustered UC completed (31 virtual units)
PART1: [unit-commitment] calculation result has been saved to: D:\GithubClonefiles\module_unitcommitment\.worktrees\108_168h\output\pcm_com4_loadall_h168_20260823_210543\smooth\clu_ovl\r01\output/details_schedule_results/pcm_simulation_results/intervels_[1]/res_schedule_commitment_result.txt
Step-3: Creating dispatching model (Refactored & Modularized)
  Clustered PCM: 108 physical units -> 31 equivalent units (71.3% state reduction; 108 units in non-singleton clusters)
  ✓ True clustered UC completed (31 virtual units)
PART1: [unit-commitment] calculation result has been saved to: D:\GithubClonefiles\module_unitcommitment\.worktrees\108_168h\output\pcm_com4_loadall_h168_20260823_210543\smooth\clu_ovl\r01\output/details_schedule_results/pcm_simulation_results/intervels_[1]/res_schedule_commitment_result.txt
PART1: [unit-commitment] calculation result has been saved to: D:\GithubClonefiles\module_unitcommitment\.worktrees\108_168h\output\pcm_com4_loadall_h168_20260823_210543\smooth\clu_ovl\r01\output/details_schedule_results/pcm_simulation_results/intervels_[1]/res_schedule_commitment_result.txt
Step-3: Creating dispatching model (Refactored & Modularized)
  Clustered PCM: 108 physical units -> 31 equivalent units (71.3% state reduction; 108 units in non-singleton clusters)
  ✓ True clustered UC completed (31 virtual units)
Step-3: Creating dispatching model (Refactored & Modularized)
  Clustered PCM: 108 physical units -> 31 equivalent units (71.3% state reduction; 108 units in non-singleton clusters)
  ✓ True clustered UC completed (31 virtual units)
PART1: [unit-commitment] calculation result has been saved to: D:\GithubClonefiles\module_unitcommitment\.worktrees\108_168h\output\pcm_com4_loadall_h168_20260823_210543\smooth\clu_ovl\r01\output/details_schedule_results/pcm_simulation_results/intervels_[1]/res_schedule_commitment_result.txt
Step-3: Creating dispatching model (Refactored & Modularized)
  Clustered PCM: 108 physical units -> 31 equivalent units (71.3% state reduction; 108 units in non-singleton clusters)
  ✓ True clustered UC completed (31 virtual units)
PART1: [unit-commitment] calculation result has been saved to: D:\GithubClonefiles\module_unitcommitment\.worktrees\108_168h\output\pcm_com4_loadall_h168_20260823_210543\smooth\clu_ovl\r01\output/details_schedule_results/pcm_simulation_results/intervels_[1]/res_schedule_commitment_result.txt
Step-3: Creating dispatching model (Refactored & Modularized)
  Clustered PCM: 108 physical units -> 31 equivalent units (71.3% state reduction; 108 units in non-singleton clusters)
  ✓ True clustered UC completed (31 virtual units)
PART1: [unit-commitment] calculation result has been saved to: D:\GithubClonefiles\module_unitcommitment\.worktrees\108_168h\output\pcm_com4_loadall_h168_20260823_210543\smooth\clu_ovl\r01\output/details_schedule_results/pcm_simulation_results/intervels_[1]/res_schedule_commitment_result.txt
PART1: [unit-commitment] calculation result has been saved to: D:\GithubClonefiles\module_unitcommitment\.worktrees\108_168h\output\pcm_com4_loadall_h168_20260823_210543\smooth\clu_ovl\r01\output/details_schedule_results/pcm_simulation_results/intervels_[1]/res_schedule_commitment_result.txt
Step-3: Creating dispatching model (Refactored & Modularized)
  Clustered PCM: 108 physical units -> 31 equivalent units (71.3% state reduction; 108 units in non-singleton clusters)
  ✓ True clustered UC completed (31 virtual units)
Step-3: Creating dispatching model (Refactored & Modularized)
  Clustered PCM: 108 physical units -> 31 equivalent units (71.3% state reduction; 108 units in non-singleton clusters)
  ✓ True clustered UC completed (31 virtual units)
PART1: [unit-commitment] calculation result has been saved to: D:\GithubClonefiles\module_unitcommitment\.worktrees\108_168h\output\pcm_com4_loadall_h168_20260823_210543\smooth\clu_ovl\r01\output/details_schedule_results/pcm_simulation_results/intervels_[1]/res_schedule_commitment_result.txt
Step-3: Creating dispatching model (Refactored & Modularized)
  Clustered PCM: 108 physical units -> 31 equivalent units (71.3% state reduction; 108 units in non-singleton clusters)
  ✓ True clustered UC completed (31 virtual units)
PART1: [unit-commitment] calculation result has been saved to: D:\GithubClonefiles\module_unitcommitment\.worktrees\108_168h\output\pcm_com4_loadall_h168_20260823_210543\smooth\clu_ovl\r01\output/details_schedule_results/pcm_simulation_results/intervels_[1]/res_schedule_commitment_result.txt
Step-3: Creating dispatching model (Refactored & Modularized)
  Clustered PCM: 108 physical units -> 31 equivalent units (71.3% state reduction; 108 units in non-singleton clusters)
  ✓ True clustered UC completed (31 virtual units)
PART1: [unit-commitment] calculation result has been saved to: D:\GithubClonefiles\module_unitcommitment\.worktrees\108_168h\output\pcm_com4_loadall_h168_20260823_210543\smooth\clu_ovl\r01\output/details_schedule_results/pcm_simulation_results/intervels_[1]/res_schedule_commitment_result.txt
PART1: [unit-commitment] calculation result has been saved to: D:\GithubClonefiles\module_unitcommitment\.worktrees\108_168h\output\pcm_com4_loadall_h168_20260823_210543\smooth\clu_ovl\r01\output/details_schedule_results/pcm_simulation_results/intervels_[1]/res_schedule_commitment_result.txt
Step-3: Creating dispatching model (Refactored & Modularized)
  Clustered PCM: 108 physical units -> 31 equivalent units (71.3% state reduction; 108 units in non-singleton clusters)
  ✓ True clustered UC completed (31 virtual units)
Step-3: Creating dispatching model (Refactored & Modularized)
  Clustered PCM: 108 physical units -> 31 equivalent units (71.3% state reduction; 108 units in non-singleton clusters)
  ✓ True clustered UC completed (31 virtual units)
PART1: [unit-commitment] calculation result has been saved to: D:\GithubClonefiles\module_unitcommitment\.worktrees\108_168h\output\pcm_com4_loadall_h168_20260823_210543\smooth\clu_ovl\r01\output/details_schedule_results/pcm_simulation_results/intervels_[1]/res_schedule_commitment_result.txt
Step-3: Creating dispatching model (Refactored & Modularized)
  Clustered PCM: 108 physical units -> 31 equivalent units (71.3% state reduction; 108 units in non-singleton clusters)
  ✓ True clustered UC completed (31 virtual units)
PART1: [unit-commitment] calculation result has been saved to: D:\GithubClonefiles\module_unitcommitment\.worktrees\108_168h\output\pcm_com4_loadall_h168_20260823_210543\smooth\clu_ovl\r01\output/details_schedule_results/pcm_simulation_results/intervels_[1]/res_schedule_commitment_result.txt
Step-3: Creating dispatching model (Refactored & Modularized)
  Clustered PCM: 108 physical units -> 31 equivalent units (71.3% state reduction; 108 units in non-singleton clusters)
  ✓ True clustered UC completed (31 virtual units)
PART1: [unit-commitment] calculation result has been saved to: D:\GithubClonefiles\module_unitcommitment\.worktrees\108_168h\output\pcm_com4_loadall_h168_20260823_210543\smooth\clu_ovl\r01\output/details_schedule_results/pcm_simulation_results/intervels_[1]/res_schedule_commitment_result.txt
PART1: [unit-commitment] calculation result has been saved to: D:\GithubClonefiles\module_unitcommitment\.worktrees\108_168h\output\pcm_com4_loadall_h168_20260823_210543\smooth\clu_ovl\r01\output/details_schedule_results/pcm_simulation_results/intervels_[1]/res_schedule_commitment_result.txt
Step-3: Creating dispatching model (Refactored & Modularized)
  Clustered PCM: 108 physical units -> 31 equivalent units (71.3% state reduction; 108 units in non-singleton clusters)
  ✓ True clustered UC completed (31 virtual units)
Step-3: Creating dispatching model (Refactored & Modularized)
  Clustered PCM: 108 physical units -> 31 equivalent units (71.3% state reduction; 108 units in non-singleton clusters)
  ✓ True clustered UC completed (31 virtual units)
PART1: [unit-commitment] calculation result has been saved to: D:\GithubClonefiles\module_unitcommitment\.worktrees\108_168h\output\pcm_com4_loadall_h168_20260823_210543\smooth\clu_ovl\r01\output/details_schedule_results/pcm_simulation_results/intervels_[1]/res_schedule_commitment_result.txt
Step-3: Creating dispatching model (Refactored & Modularized)
  Clustered PCM: 108 physical units -> 31 equivalent units (71.3% state reduction; 108 units in non-singleton clusters)
  ✓ True clustered UC completed (31 virtual units)
PART1: [unit-commitment] calculation result has been saved to: D:\GithubClonefiles\module_unitcommitment\.worktrees\108_168h\output\pcm_com4_loadall_h168_20260823_210543\smooth\clu_ovl\r01\output/details_schedule_results/pcm_simulation_results/intervels_[1]/res_schedule_commitment_result.txt
Step-3: Creating dispatching model (Refactored & Modularized)
  Clustered PCM: 108 physical units -> 31 equivalent units (71.3% state reduction; 108 units in non-singleton clusters)
  ✓ True clustered UC completed (31 virtual units)
PART1: [unit-commitment] calculation result has been saved to: D:\GithubClonefiles\module_unitcommitment\.worktrees\108_168h\output\pcm_com4_loadall_h168_20260823_210543\smooth\clu_ovl\r01\output/details_schedule_results/pcm_simulation_results/intervels_[1]/res_schedule_commitment_result.txt
PART1: [unit-commitment] calculation result has been saved to: D:\GithubClonefiles\module_unitcommitment\.worktrees\108_168h\output\pcm_com4_loadall_h168_20260823_210543\smooth\clu_ovl\r01\output/details_schedule_results/pcm_simulation_results/intervels_[1]/res_schedule_commitment_result.txt
Step-3: Creating dispatching model (Refactored & Modularized)
  Clustered PCM: 108 physical units -> 31 equivalent units (71.3% state reduction; 108 units in non-singleton clusters)
  ✓ True clustered UC completed (31 virtual units)
Step-3: Creating dispatching model (Refactored & Modularized)
  Clustered PCM: 108 physical units -> 31 equivalent units (71.3% state reduction; 108 units in non-singleton clusters)
  ✓ True clustered UC completed (31 virtual units)
PART1: [unit-commitment] calculation result has been saved to: D:\GithubClonefiles\module_unitcommitment\.worktrees\108_168h\output\pcm_com4_loadall_h168_20260823_210543\smooth\clu_ovl\r01\output/details_schedule_results/pcm_simulation_results/intervels_[1]/res_schedule_commitment_result.txt
Step-3: Creating dispatching model (Refactored & Modularized)
  Clustered PCM: 108 physical units -> 31 equivalent units (71.3% state reduction; 108 units in non-singleton clusters)
  ✓ True clustered UC completed (31 virtual units)
PART1: [unit-commitment] calculation result has been saved to: D:\GithubClonefiles\module_unitcommitment\.worktrees\108_168h\output\pcm_com4_loadall_h168_20260823_210543\smooth\clu_ovl\r01\output/details_schedule_results/pcm_simulation_results/intervels_[1]/res_schedule_commitment_result.txt
Step-3: Creating dispatching model (Refactored & Modularized)
  Clustered PCM: 108 physical units -> 31 equivalent units (71.3% state reduction; 108 units in non-singleton clusters)
  ✓ True clustered UC completed (31 virtual units)
PART1: [unit-commitment] calculation result has been saved to: D:\GithubClonefiles\module_unitcommitment\.worktrees\108_168h\output\pcm_com4_loadall_h168_20260823_210543\smooth\clu_ovl\r01\output/details_schedule_results/pcm_simulation_results/intervels_[1]/res_schedule_commitment_result.txt
PART1: [unit-commitment] calculation result has been saved to: D:\GithubClonefiles\module_unitcommitment\.worktrees\108_168h\output\pcm_com4_loadall_h168_20260823_210543\smooth\clu_ovl\r01\output/details_schedule_results/pcm_simulation_results/intervels_[1]/res_schedule_commitment_result.txt
Step-3: Creating dispatching model (Refactored & Modularized)
  Clustered PCM: 108 physical units -> 31 equivalent units (71.3% state reduction; 108 units in non-singleton clusters)
  ✓ True clustered UC completed (31 virtual units)
Step-3: Creating dispatching model (Refactored & Modularized)
  Clustered PCM: 108 physical units -> 31 equivalent units (71.3% state reduction; 108 units in non-singleton clusters)
  ✓ True clustered UC completed (31 virtual units)
PART1: [unit-commitment] calculation result has been saved to: D:\GithubClonefiles\module_unitcommitment\.worktrees\108_168h\output\pcm_com4_loadall_h168_20260823_210543\smooth\clu_ovl\r01\output/details_schedule_results/pcm_simulation_results/intervels_[1]/res_schedule_commitment_result.txt
Step-3: Creating dispatching model (Refactored & Modularized)
  Clustered PCM: 108 physical units -> 31 equivalent units (71.3% state reduction; 108 units in non-singleton clusters)
  ✓ True clustered UC completed (31 virtual units)
PART1: [unit-commitment] calculation result has been saved to: D:\GithubClonefiles\module_unitcommitment\.worktrees\108_168h\output\pcm_com4_loadall_h168_20260823_210543\smooth\clu_ovl\r01\output/details_schedule_results/pcm_simulation_results/intervels_[1]/res_schedule_commitment_result.txt
Step-3: Creating dispatching model (Refactored & Modularized)
  Clustered PCM: 108 physical units -> 31 equivalent units (71.3% state reduction; 108 units in non-singleton clusters)
  ✓ True clustered UC completed (31 virtual units)
PART1: [unit-commitment] calculation result has been saved to: D:\GithubClonefiles\module_unitcommitment\.worktrees\108_168h\output\pcm_com4_loadall_h168_20260823_210543\smooth\clu_ovl\r01\output/details_schedule_results/pcm_simulation_results/intervels_[1]/res_schedule_commitment_result.txt
Set parameter Username
Set parameter LicenseID to value 2826524
Academic license - for non-commercial use only - expires 2027-05-22
Set parameter Username
Set parameter LicenseID to value 2826524
Academic license - for non-commercial use only - expires 2027-05-22
Set parameter Username
Set parameter LicenseID to value 2826524
Academic license - for non-commercial use only - expires 2027-05-22
Set parameter Username
Set parameter LicenseID to value 2826524
Academic license - for non-commercial use only - expires 2027-05-22
Set parameter Username
Set parameter LicenseID to value 2826524
Academic license - for non-commercial use only - expires 2027-05-22
Set parameter Username
Set parameter LicenseID to value 2826524
Academic license - for non-commercial use only - expires 2027-05-22
Set parameter Username
Set parameter LicenseID to value 2826524
Academic license - for non-commercial use only - expires 2027-05-22
Set parameter Username
Set parameter LicenseID to value 2826524
Academic license - for non-commercial use only - expires 2027-05-22
Set parameter Username
Set parameter LicenseID to value 2826524
Academic license - for non-commercial use only - expires 2027-05-22
Set parameter Username
Set parameter LicenseID to value 2826524
Academic license - for non-commercial use only - expires 2027-05-22
Set parameter Username
Set parameter LicenseID to value 2826524
Academic license - for non-commercial use only - expires 2027-05-22
Set parameter Username
Set parameter LicenseID to value 2826524
Academic license - for non-commercial use only - expires 2027-05-22
Set parameter Username
Set parameter LicenseID to value 2826524
Academic license - for non-commercial use only - expires 2027-05-22
Set parameter Username
Set parameter LicenseID to value 2826524
Academic license - for non-commercial use only - expires 2027-05-22
Set parameter Username
Set parameter LicenseID to value 2826524
Academic license - for non-commercial use only - expires 2027-05-22
Set parameter Username
Set parameter LicenseID to value 2826524
Academic license - for non-commercial use only - expires 2027-05-22
Set parameter Username
Set parameter LicenseID to value 2826524
Academic license - for non-commercial use only - expires 2027-05-22
Set parameter Username
Set parameter LicenseID to value 2826524
Academic license - for non-commercial use only - expires 2027-05-22
Set parameter Username
Set parameter LicenseID to value 2826524
Academic license - for non-commercial use only - expires 2027-05-22
Set parameter Username
Set parameter LicenseID to value 2826524
Academic license - for non-commercial use only - expires 2027-05-22
Set parameter Username
Set parameter LicenseID to value 2826524
Academic license - for non-commercial use only - expires 2027-05-22
Set parameter Username
Set parameter LicenseID to value 2826524
Academic license - for non-commercial use only - expires 2027-05-22
Set parameter Username
Set parameter LicenseID to value 2826524
Academic license - for non-commercial use only - expires 2027-05-22
Set parameter Username
Set parameter LicenseID to value 2826524
Academic license - for non-commercial use only - expires 2027-05-22
Set parameter Username
Set parameter LicenseID to value 2826524
Academic license - for non-commercial use only - expires 2027-05-22
Set parameter Username
Set parameter LicenseID to value 2826524
Academic license - for non-commercial use only - expires 2027-05-22
Set parameter Username
Set parameter LicenseID to value 2826524
Academic license - for non-commercial use only - expires 2027-05-22
Set parameter Username
Set parameter LicenseID to value 2826524
Academic license - for non-commercial use only - expires 2027-05-22
Set parameter Username
Set parameter LicenseID to value 2826524
Academic license - for non-commercial use only - expires 2027-05-22
Set parameter Username
Set parameter LicenseID to value 2826524
Academic license - for non-commercial use only - expires 2027-05-22
Set parameter Username
Set parameter LicenseID to value 2826524
Academic license - for non-commercial use only - expires 2027-05-22
Set parameter Username
Set parameter LicenseID to value 2826524
Academic license - for non-commercial use only - expires 2027-05-22
Set parameter Username
Set parameter LicenseID to value 2826524
Academic license - for non-commercial use only - expires 2027-05-22
Set parameter Username
Set parameter LicenseID to value 2826524
Academic license - for non-commercial use only - expires 2027-05-22
Set parameter Username
Set parameter LicenseID to value 2826524
Academic license - for non-commercial use only - expires 2027-05-22
Set parameter Username
Set parameter LicenseID to value 2826524
Academic license - for non-commercial use only - expires 2027-05-22
Set parameter Username
Set parameter LicenseID to value 2826524
Academic license - for non-commercial use only - expires 2027-05-22
Set parameter Username
Set parameter LicenseID to value 2826524
Academic license - for non-commercial use only - expires 2027-05-22
Set parameter Username
Set parameter LicenseID to value 2826524
Academic license - for non-commercial use only - expires 2027-05-22
Set parameter Username
Set parameter LicenseID to value 2826524
Academic license - for non-commercial use only - expires 2027-05-22
Set parameter Username
Set parameter LicenseID to value 2826524
Academic license - for non-commercial use only - expires 2027-05-22
Set parameter Username
Set parameter LicenseID to value 2826524
Academic license - for non-commercial use only - expires 2027-05-22
Set parameter Username
Set parameter LicenseID to value 2826524
Academic license - for non-commercial use only - expires 2027-05-22
Set parameter Username
Set parameter LicenseID to value 2826524
Academic license - for non-commercial use only - expires 2027-05-22
Set parameter Username
Set parameter LicenseID to value 2826524
Academic license - for non-commercial use only - expires 2027-05-22
Set parameter Username
Set parameter LicenseID to value 2826524
Academic license - for non-commercial use only - expires 2027-05-22
Set parameter Username
Set parameter LicenseID to value 2826524
Academic license - for non-commercial use only - expires 2027-05-22
Set parameter Username
Set parameter LicenseID to value 2826524
Academic license - for non-commercial use only - expires 2027-05-22
Set parameter Username
Set parameter LicenseID to value 2826524
Academic license - for non-commercial use only - expires 2027-05-22
Set parameter Username
Set parameter LicenseID to value 2826524
Academic license - for non-commercial use only - expires 2027-05-22
Set parameter Username
Set parameter LicenseID to value 2826524
Academic license - for non-commercial use only - expires 2027-05-22
Set parameter Username
Set parameter LicenseID to value 2826524
Academic license - for non-commercial use only - expires 2027-05-22
Set parameter Username
Set parameter LicenseID to value 2826524
Academic license - for non-commercial use only - expires 2027-05-22
Set parameter Username
Set parameter LicenseID to value 2826524
Academic license - for non-commercial use only - expires 2027-05-22
Set parameter Username
Set parameter LicenseID to value 2826524
Academic license - for non-commercial use only - expires 2027-05-22
Set parameter Username
Set parameter LicenseID to value 2826524
Academic license - for non-commercial use only - expires 2027-05-22
Set parameter Username
Set parameter LicenseID to value 2826524
Academic license - for non-commercial use only - expires 2027-05-22
Set parameter Username
Set parameter LicenseID to value 2826524
Academic license - for non-commercial use only - expires 2027-05-22
Set parameter Username
Set parameter LicenseID to value 2826524
Academic license - for non-commercial use only - expires 2027-05-22
Set parameter Username
Set parameter LicenseID to value 2826524
Academic license - for non-commercial use only - expires 2027-05-22
Set parameter Username
Set parameter LicenseID to value 2826524
Academic license - for non-commercial use only - expires 2027-05-22
Set parameter Username
Set parameter LicenseID to value 2826524
Academic license - for non-commercial use only - expires 2027-05-22
Set parameter Username
Set parameter LicenseID to value 2826524
Academic license - for non-commercial use only - expires 2027-05-22
Set parameter Username
Set parameter LicenseID to value 2826524
Academic license - for non-commercial use only - expires 2027-05-22
Set parameter Username
Set parameter LicenseID to value 2826524
Academic license - for non-commercial use only - expires 2027-05-22
Set parameter Username
Set parameter LicenseID to value 2826524
Academic license - for non-commercial use only - expires 2027-05-22
Set parameter Username
Set parameter LicenseID to value 2826524
Academic license - for non-commercial use only - expires 2027-05-22
Set parameter Username
Set parameter LicenseID to value 2826524
Academic license - for non-commercial use only - expires 2027-05-22
Set parameter Username
Set parameter LicenseID to value 2826524
Academic license - for non-commercial use only - expires 2027-05-22
Set parameter Username
Set parameter LicenseID to value 2826524
Academic license - for non-commercial use only - expires 2027-05-22
Set parameter Username
Set parameter LicenseID to value 2826524
Academic license - for non-commercial use only - expires 2027-05-22
Set parameter Username
Set parameter LicenseID to value 2826524
Academic license - for non-commercial use only - expires 2027-05-22
Set parameter Username
Set parameter LicenseID to value 2826524
Academic license - for non-commercial use only - expires 2027-05-22
Set parameter Username
Set parameter LicenseID to value 2826524
Academic license - for non-commercial use only - expires 2027-05-22
Set parameter Username
Set parameter LicenseID to value 2826524
Academic license - for non-commercial use only - expires 2027-05-22
Set parameter Username
Set parameter LicenseID to value 2826524
Academic license - for non-commercial use only - expires 2027-05-22
Set parameter Username
Set parameter LicenseID to value 2826524
Academic license - for non-commercial use only - expires 2027-05-22
Set parameter Username
Set parameter LicenseID to value 2826524
Academic license - for non-commercial use only - expires 2027-05-22
Set parameter Username
Set parameter LicenseID to value 2826524
Academic license - for non-commercial use only - expires 2027-05-22
Set parameter Username
Set parameter LicenseID to value 2826524
Academic license - for non-commercial use only - expires 2027-05-22
Set parameter Username
Set parameter LicenseID to value 2826524
Academic license - for non-commercial use only - expires 2027-05-22
Set parameter Username
Set parameter LicenseID to value 2826524
Academic license - for non-commercial use only - expires 2027-05-22
Set parameter Username
Set parameter LicenseID to value 2826524
Academic license - for non-commercial use only - expires 2027-05-22
Set parameter Username
Set parameter LicenseID to value 2826524
Academic license - for non-commercial use only - expires 2027-05-22
Set parameter Username
Set parameter LicenseID to value 2826524
Academic license - for non-commercial use only - expires 2027-05-22
Set parameter Username
Set parameter LicenseID to value 2826524
Academic license - for non-commercial use only - expires 2027-05-22
Set parameter Username
Set parameter LicenseID to value 2826524
Academic license - for non-commercial use only - expires 2027-05-22
Set parameter Username
Set parameter LicenseID to value 2826524
Academic license - for non-commercial use only - expires 2027-05-22
Set parameter Username
Set parameter LicenseID to value 2826524
Academic license - for non-commercial use only - expires 2027-05-22
Set parameter Username
Set parameter LicenseID to value 2826524
Academic license - for non-commercial use only - expires 2027-05-22
Set parameter Username
Set parameter LicenseID to value 2826524
Academic license - for non-commercial use only - expires 2027-05-22
Set parameter Username
Set parameter LicenseID to value 2826524
Academic license - for non-commercial use only - expires 2027-05-22
Set parameter Username
Set parameter LicenseID to value 2826524
Academic license - for non-commercial use only - expires 2027-05-22
Set parameter Username
Set parameter LicenseID to value 2826524
Academic license - for non-commercial use only - expires 2027-05-22
Set parameter Username
Set parameter LicenseID to value 2826524
Academic license - for non-commercial use only - expires 2027-05-22
Set parameter Username
Set parameter LicenseID to value 2826524
Academic license - for non-commercial use only - expires 2027-05-22
Set parameter Username
Set parameter LicenseID to value 2826524
Academic license - for non-commercial use only - expires 2027-05-22
Set parameter Username
Set parameter LicenseID to value 2826524
Academic license - for non-commercial use only - expires 2027-05-22
Set parameter Username
Set parameter LicenseID to value 2826524
Academic license - for non-commercial use only - expires 2027-05-22
Set parameter Username
Set parameter LicenseID to value 2826524
Academic license - for non-commercial use only - expires 2027-05-22
Set parameter Username
Set parameter LicenseID to value 2826524
Academic license - for non-commercial use only - expires 2027-05-22
Set parameter Username
Set parameter LicenseID to value 2826524
Academic license - for non-commercial use only - expires 2027-05-22
Set parameter Username
Set parameter LicenseID to value 2826524
Academic license - for non-commercial use only - expires 2027-05-22
Set parameter Username
Set parameter LicenseID to value 2826524
Academic license - for non-commercial use only - expires 2027-05-22
Set parameter Username
Set parameter LicenseID to value 2826524
Academic license - for non-commercial use only - expires 2027-05-22
Set parameter Username
Set parameter LicenseID to value 2826524
Academic license - for non-commercial use only - expires 2027-05-22
Set parameter Username
Set parameter LicenseID to value 2826524
Academic license - for non-commercial use only - expires 2027-05-22
Set parameter Username
Set parameter LicenseID to value 2826524
Academic license - for non-commercial use only - expires 2027-05-22
Set parameter Username
Set parameter LicenseID to value 2826524
Academic license - for non-commercial use only - expires 2027-05-22
PART1: [unit-commitment] calculation result has been saved to: D:\GithubClonefiles\module_unitcommitment\.worktrees\108_168h\output\pcm_com4_loadall_h168_20260823_210543\smooth\clu_ovl\r01\output/details_schedule_results/pcm_simulation_results/intervels_[1]/res_schedule_commitment_result.txt
Step-3: Creating dispatching model (Refactored & Modularized)
  Clustered PCM: 108 physical units -> 31 equivalent units (71.3% state reduction; 108 units in non-singleton clusters)
  ✓ True clustered UC completed (31 virtual units)
Step-3: Creating dispatching model (Refactored & Modularized)
  Clustered PCM: 108 physical units -> 31 equivalent units (71.3% state reduction; 108 units in non-singleton clusters)
  ✓ True clustered UC completed (31 virtual units)
PART1: [unit-commitment] calculation result has been saved to: D:\GithubClonefiles\module_unitcommitment\.worktrees\108_168h\output\pcm_com4_loadall_h168_20260823_210543\smooth\clu_ovl\r01\output/details_schedule_results/pcm_simulation_results/intervels_[1]/res_schedule_commitment_result.txt
Step-3: Creating dispatching model (Refactored & Modularized)
  Clustered PCM: 108 physical units -> 31 equivalent units (71.3% state reduction; 108 units in non-singleton clusters)
  ✓ True clustered UC completed (31 virtual units)
PART1: [unit-commitment] calculation result has been saved to: D:\GithubClonefiles\module_unitcommitment\.worktrees\108_168h\output\pcm_com4_loadall_h168_20260823_210543\smooth\clu_ovl\r01\output/details_schedule_results/pcm_simulation_results/intervels_[1]/res_schedule_commitment_result.txt
Step-3: Creating dispatching model (Refactored & Modularized)
  Clustered PCM: 108 physical units -> 31 equivalent units (71.3% state reduction; 108 units in non-singleton clusters)
  ✓ True clustered UC completed (31 virtual units)
PART1: [unit-commitment] calculation result has been saved to: D:\GithubClonefiles\module_unitcommitment\.worktrees\108_168h\output\pcm_com4_loadall_h168_20260823_210543\smooth\clu_ovl\r01\output/details_schedule_results/pcm_simulation_results/intervels_[1]/res_schedule_commitment_result.txt
PART1: [unit-commitment] calculation result has been saved to: D:\GithubClonefiles\module_unitcommitment\.worktrees\108_168h\output\pcm_com4_loadall_h168_20260823_210543\smooth\clu_ovl\r01\output/details_schedule_results/pcm_simulation_results/intervels_[1]/res_schedule_commitment_result.txt
Step-3: Creating dispatching model (Refactored & Modularized)
  Clustered PCM: 108 physical units -> 31 equivalent units (71.3% state reduction; 108 units in non-singleton clusters)
  ✓ True clustered UC completed (31 virtual units)
Step-3: Creating dispatching model (Refactored & Modularized)
  Clustered PCM: 108 physical units -> 31 equivalent units (71.3% state reduction; 108 units in non-singleton clusters)
  ✓ True clustered UC completed (31 virtual units)
PART1: [unit-commitment] calculation result has been saved to: D:\GithubClonefiles\module_unitcommitment\.worktrees\108_168h\output\pcm_com4_loadall_h168_20260823_210543\smooth\clu_ovl\r01\output/details_schedule_results/pcm_simulation_results/intervels_[1]/res_schedule_commitment_result.txt
Step-3: Creating dispatching model (Refactored & Modularized)
  Clustered PCM: 108 physical units -> 31 equivalent units (71.3% state reduction; 108 units in non-singleton clusters)
  ✓ True clustered UC completed (31 virtual units)
PART1: [unit-commitment] calculation result has been saved to: D:\GithubClonefiles\module_unitcommitment\.worktrees\108_168h\output\pcm_com4_loadall_h168_20260823_210543\smooth\clu_ovl\r01\output/details_schedule_results/pcm_simulation_results/intervels_[1]/res_schedule_commitment_result.txt
Step-3: Creating dispatching model (Refactored & Modularized)
  Clustered PCM: 108 physical units -> 31 equivalent units (71.3% state reduction; 108 units in non-singleton clusters)
  ✓ True clustered UC completed (31 virtual units)
PART1: [unit-commitment] calculation result has been saved to: D:\GithubClonefiles\module_unitcommitment\.worktrees\108_168h\output\pcm_com4_loadall_h168_20260823_210543\smooth\clu_ovl\r01\output/details_schedule_results/pcm_simulation_results/intervels_[1]/res_schedule_commitment_result.txt
PART1: [unit-commitment] calculation result has been saved to: D:\GithubClonefiles\module_unitcommitment\.worktrees\108_168h\output\pcm_com4_loadall_h168_20260823_210543\smooth\clu_ovl\r01\output/details_schedule_results/pcm_simulation_results/intervels_[1]/res_schedule_commitment_result.txt
Step-3: Creating dispatching model (Refactored & Modularized)
  Clustered PCM: 108 physical units -> 31 equivalent units (71.3% state reduction; 108 units in non-singleton clusters)
  ✓ True clustered UC completed (31 virtual units)
Step-3: Creating dispatching model (Refactored & Modularized)
  Clustered PCM: 108 physical units -> 31 equivalent units (71.3% state reduction; 108 units in non-singleton clusters)
  ✓ True clustered UC completed (31 virtual units)
PART1: [unit-commitment] calculation result has been saved to: D:\GithubClonefiles\module_unitcommitment\.worktrees\108_168h\output\pcm_com4_loadall_h168_20260823_210543\smooth\clu_ovl\r01\output/details_schedule_results/pcm_simulation_results/intervels_[1]/res_schedule_commitment_result.txt
Step-3: Creating dispatching model (Refactored & Modularized)
  Clustered PCM: 108 physical units -> 31 equivalent units (71.3% state reduction; 108 units in non-singleton clusters)
  ✓ True clustered UC completed (31 virtual units)
PART1: [unit-commitment] calculation result has been saved to: D:\GithubClonefiles\module_unitcommitment\.worktrees\108_168h\output\pcm_com4_loadall_h168_20260823_210543\smooth\clu_ovl\r01\output/details_schedule_results/pcm_simulation_results/intervels_[1]/res_schedule_commitment_result.txt
Step-3: Creating dispatching model (Refactored & Modularized)
  Clustered PCM: 108 physical units -> 31 equivalent units (71.3% state reduction; 108 units in non-singleton clusters)
  ✓ True clustered UC completed (31 virtual units)
PART1: [unit-commitment] calculation result has been saved to: D:\GithubClonefiles\module_unitcommitment\.worktrees\108_168h\output\pcm_com4_loadall_h168_20260823_210543\smooth\clu_ovl\r01\output/details_schedule_results/pcm_simulation_results/intervels_[1]/res_schedule_commitment_result.txt
PART1: [unit-commitment] calculation result has been saved to: D:\GithubClonefiles\module_unitcommitment\.worktrees\108_168h\output\pcm_com4_loadall_h168_20260823_210543\smooth\clu_ovl\r01\output/details_schedule_results/pcm_simulation_results/intervels_[1]/res_schedule_commitment_result.txt
Step-3: Creating dispatching model (Refactored & Modularized)
  Clustered PCM: 108 physical units -> 31 equivalent units (71.3% state reduction; 108 units in non-singleton clusters)
  ✓ True clustered UC completed (31 virtual units)
Step-3: Creating dispatching model (Refactored & Modularized)
  Clustered PCM: 108 physical units -> 31 equivalent units (71.3% state reduction; 108 units in non-singleton clusters)
  ✓ True clustered UC completed (31 virtual units)
PART1: [unit-commitment] calculation result has been saved to: D:\GithubClonefiles\module_unitcommitment\.worktrees\108_168h\output\pcm_com4_loadall_h168_20260823_210543\smooth\clu_ovl\r01\output/details_schedule_results/pcm_simulation_results/intervels_[1]/res_schedule_commitment_result.txt
Step-3: Creating dispatching model (Refactored & Modularized)
  Clustered PCM: 108 physical units -> 31 equivalent units (71.3% state reduction; 108 units in non-singleton clusters)
  ✓ True clustered UC completed (31 virtual units)
PART1: [unit-commitment] calculation result has been saved to: D:\GithubClonefiles\module_unitcommitment\.worktrees\108_168h\output\pcm_com4_loadall_h168_20260823_210543\smooth\clu_ovl\r01\output/details_schedule_results/pcm_simulation_results/intervels_[1]/res_schedule_commitment_result.txt
Step-3: Creating dispatching model (Refactored & Modularized)
  Clustered PCM: 108 physical units -> 31 equivalent units (71.3% state reduction; 108 units in non-singleton clusters)
  ✓ True clustered UC completed (31 virtual units)
PART1: [unit-commitment] calculation result has been saved to: D:\GithubClonefiles\module_unitcommitment\.worktrees\108_168h\output\pcm_com4_loadall_h168_20260823_210543\smooth\clu_ovl\r01\output/details_schedule_results/pcm_simulation_results/intervels_[1]/res_schedule_commitment_result.txt
PART1: [unit-commitment] calculation result has been saved to: D:\GithubClonefiles\module_unitcommitment\.worktrees\108_168h\output\pcm_com4_loadall_h168_20260823_210543\smooth\clu_ovl\r01\output/details_schedule_results/pcm_simulation_results/intervels_[1]/res_schedule_commitment_result.txt
Step-3: Creating dispatching model (Refactored & Modularized)
  Clustered PCM: 108 physical units -> 31 equivalent units (71.3% state reduction; 108 units in non-singleton clusters)
  ✓ True clustered UC completed (31 virtual units)
Step-3: Creating dispatching model (Refactored & Modularized)
  Clustered PCM: 108 physical units -> 31 equivalent units (71.3% state reduction; 108 units in non-singleton clusters)
  ✓ True clustered UC completed (31 virtual units)
PART1: [unit-commitment] calculation result has been saved to: D:\GithubClonefiles\module_unitcommitment\.worktrees\108_168h\output\pcm_com4_loadall_h168_20260823_210543\smooth\clu_ovl\r01\output/details_schedule_results/pcm_simulation_results/intervels_[1]/res_schedule_commitment_result.txt
Step-3: Creating dispatching model (Refactored & Modularized)
  Clustered PCM: 108 physical units -> 31 equivalent units (71.3% state reduction; 108 units in non-singleton clusters)
  ✓ True clustered UC completed (31 virtual units)
PART1: [unit-commitment] calculation result has been saved to: D:\GithubClonefiles\module_unitcommitment\.worktrees\108_168h\output\pcm_com4_loadall_h168_20260823_210543\smooth\clu_ovl\r01\output/details_schedule_results/pcm_simulation_results/intervels_[1]/res_schedule_commitment_result.txt
Step-3: Creating dispatching model (Refactored & Modularized)
  Clustered PCM: 108 physical units -> 31 equivalent units (71.3% state reduction; 108 units in non-singleton clusters)
  ✓ True clustered UC completed (31 virtual units)
PART1: [unit-commitment] calculation result has been saved to: D:\GithubClonefiles\module_unitcommitment\.worktrees\108_168h\output\pcm_com4_loadall_h168_20260823_210543\smooth\clu_ovl\r01\output/details_schedule_results/pcm_simulation_results/intervels_[1]/res_schedule_commitment_result.txt
PART1: [unit-commitment] calculation result has been saved to: D:\GithubClonefiles\module_unitcommitment\.worktrees\108_168h\output\pcm_com4_loadall_h168_20260823_210543\smooth\clu_ovl\r01\output/details_schedule_results/pcm_simulation_results/intervels_[1]/res_schedule_commitment_result.txt
Step-3: Creating dispatching model (Refactored & Modularized)
  Clustered PCM: 108 physical units -> 31 equivalent units (71.3% state reduction; 108 units in non-singleton clusters)
  ✓ True clustered UC completed (31 virtual units)
Step-3: Creating dispatching model (Refactored & Modularized)
  Clustered PCM: 108 physical units -> 31 equivalent units (71.3% state reduction; 108 units in non-singleton clusters)
  ✓ True clustered UC completed (31 virtual units)
PART1: [unit-commitment] calculation result has been saved to: D:\GithubClonefiles\module_unitcommitment\.worktrees\108_168h\output\pcm_com4_loadall_h168_20260823_210543\smooth\clu_ovl\r01\output/details_schedule_results/pcm_simulation_results/intervels_[1]/res_schedule_commitment_result.txt
Step-3: Creating dispatching model (Refactored & Modularized)
  Clustered PCM: 108 physical units -> 31 equivalent units (71.3% state reduction; 108 units in non-singleton clusters)
  ✓ True clustered UC completed (31 virtual units)
PART1: [unit-commitment] calculation result has been saved to: D:\GithubClonefiles\module_unitcommitment\.worktrees\108_168h\output\pcm_com4_loadall_h168_20260823_210543\smooth\clu_ovl\r01\output/details_schedule_results/pcm_simulation_results/intervels_[1]/res_schedule_commitment_result.txt
Step-3: Creating dispatching model (Refactored & Modularized)
  Clustered PCM: 108 physical units -> 31 equivalent units (71.3% state reduction; 108 units in non-singleton clusters)
  ✓ True clustered UC completed (31 virtual units)
PART1: [unit-commitment] calculation result has been saved to: D:\GithubClonefiles\module_unitcommitment\.worktrees\108_168h\output\pcm_com4_loadall_h168_20260823_210543\smooth\clu_ovl\r01\output/details_schedule_results/pcm_simulation_results/intervels_[1]/res_schedule_commitment_result.txt
PART1: [unit-commitment] calculation result has been saved to: D:\GithubClonefiles\module_unitcommitment\.worktrees\108_168h\output\pcm_com4_loadall_h168_20260823_210543\smooth\clu_ovl\r01\output/details_schedule_results/pcm_simulation_results/intervels_[1]/res_schedule_commitment_result.txt
Step-3: Creating dispatching model (Refactored & Modularized)
  Clustered PCM: 108 physical units -> 31 equivalent units (71.3% state reduction; 108 units in non-singleton clusters)
    5-point output grid is infeasible; retrying this window with 17 points
  Clustered PCM: 108 physical units -> 31 equivalent units (71.3% state reduction; 108 units in non-singleton clusters)
  ✓ True clustered UC completed (31 virtual units)
Step-3: Creating dispatching model (Refactored & Modularized)
  Clustered PCM: 108 physical units -> 31 equivalent units (71.3% state reduction; 108 units in non-singleton clusters)
    5-point output grid is infeasible; retrying this window with 17 points
  Clustered PCM: 108 physical units -> 31 equivalent units (71.3% state reduction; 108 units in non-singleton clusters)
  ✓ True clustered UC completed (31 virtual units)
PART1: [unit-commitment] calculation result has been saved to: D:\GithubClonefiles\module_unitcommitment\.worktrees\108_168h\output\pcm_com4_loadall_h168_20260823_210543\smooth\clu_ovl\r01\output/details_schedule_results/pcm_simulation_results/intervels_[1]/res_schedule_commitment_result.txt
Step-3: Creating dispatching model (Refactored & Modularized)
  Clustered PCM: 108 physical units -> 31 equivalent units (71.3% state reduction; 108 units in non-singleton clusters)
    5-point output grid is infeasible; retrying this window with 17 points
  Clustered PCM: 108 physical units -> 31 equivalent units (71.3% state reduction; 108 units in non-singleton clusters)
  ✓ True clustered UC completed (31 virtual units)
PART1: [unit-commitment] calculation result has been saved to: D:\GithubClonefiles\module_unitcommitment\.worktrees\108_168h\output\pcm_com4_loadall_h168_20260823_210543\smooth\clu_ovl\r01\output/details_schedule_results/pcm_simulation_results/intervels_[1]/res_schedule_commitment_result.txt
Step-3: Creating dispatching model (Refactored & Modularized)
  Clustered PCM: 108 physical units -> 31 equivalent units (71.3% state reduction; 108 units in non-singleton clusters)
    5-point output grid is infeasible; retrying this window with 17 points
  Clustered PCM: 108 physical units -> 31 equivalent units (71.3% state reduction; 108 units in non-singleton clusters)
  ✓ True clustered UC completed (31 virtual units)
PART1: [unit-commitment] calculation result has been saved to: D:\GithubClonefiles\module_unitcommitment\.worktrees\108_168h\output\pcm_com4_loadall_h168_20260823_210543\smooth\clu_ovl\r01\output/details_schedule_results/pcm_simulation_results/intervels_[1]/res_schedule_commitment_result.txt
PART1: [unit-commitment] calculation result has been saved to: D:\GithubClonefiles\module_unitcommitment\.worktrees\108_168h\output\pcm_com4_loadall_h168_20260823_210543\smooth\clu_ovl\r01\output/details_schedule_results/pcm_simulation_results/intervels_[1]/res_schedule_commitment_result.txt
Step-3: Creating dispatching model (Refactored & Modularized)
  Clustered PCM: 108 physical units -> 31 equivalent units (71.3% state reduction; 108 units in non-singleton clusters)
    5-point output grid is infeasible; retrying this window with 17 points
  Clustered PCM: 108 physical units -> 31 equivalent units (71.3% state reduction; 108 units in non-singleton clusters)
    Refined output grid is infeasible; entering continuous residence-power diagnosis
  Clustered PCM: 108 physical units -> 31 equivalent units (71.3% state reduction; 108 units in non-singleton clusters)
  ⚠ True clustered UC failed at cluster_master: INFEASIBLE; falling back to full unit-network SCUC
	 Variables defined.
DEBUG set_objective_economic!: NT=36, NG=108, ND=91, NW=20, NS=1, K=3, size(refcost)=(108,), size(eachslope)=(3, 108)
objective_function
	MILP economic objective set
subject to.
	 constraints: 1) minimum shutup/shutdown time limits			 done
	 constraints: 2) binary variable logic					 done
	 constraints: 3) shutup/shutdown cost					 done
	 constraints: 4) loadcurtailments and spoliedwinds			 done
	 constraints: 5) generatos power limits					 done
	 constraints: 6) system reserves limits					 done
	 constraints: 7) power balance constraints				 done
	 constraints: 8) ramp-up/ramp-down constraints				 done
	 constraints: 9) piece linearization constraints			 done
	 constraints: 10) transmissionline limits skipped (is_NetWorkCon != 1 or Gsdf missing or NL=0)
	 constraints: 11) stroges system constraints skipped (NC=0 or variables not defined)
	 constraints: 12) data centra constraints skipped (is_ConsiderDataCentra != 1)
	 constraints: 13) frequency control constraints skipped (is_ConsiderFrequencyControl != 1)
	 constraints: 14) hydro power limits					 done
+++++++++++++++++++++++++++++++++++++++++++++++++++++++++++++++++++++++++++++++++++++++++++
Step-4: starting Gurobi solver
Step-5: Gurobi solver finished
+++++++++++++++++++++++++++++++++++++++++++++++++++++++++++++++++++++++++++++++++++++++++++

solution_summary(scuc) = solution_summary(; result = 1, verbose = false)
├ solver_name          : Gurobi
├ Termination
│ ├ termination_status : OPTIMAL
│ ├ result_count       : 1
│ ├ raw_status         : Model was solved to optimality (subject to tolerances), and an optimal solution is available.
│ └ objective_bound    : 1.26653e+16
├ Solution (result = 1)
│ ├ primal_status        : FEASIBLE_POINT
│ ├ dual_status          : NO_SOLUTION
│ ├ objective_value      : 1.26653e+16
│ └ relative_gap         : 1.11511e-09
└ Work counters
  ├ solve_time (sec)   : 7.18000e-01
  ├ simplex_iterations : 0
  ├ barrier_iterations : 0
  └ node_count         : 0


Termination Status: OPTIMAL
Acceptable solution found (Status: OPTIMAL).
Step-6: record datas
PART1: [unit-commitment] calculation result has been saved to: D:\GithubClonefiles\module_unitcommitment\.worktrees\108_168h\output\pcm_com4_loadall_h168_20260823_210543\smooth\clu_ovl\r01\output/details_schedule_results/pcm_simulation_results/intervels_[1]/res_schedule_commitment_result.txt
Step-3: Creating dispatching model (Refactored & Modularized)
  Clustered PCM: 108 physical units -> 31 equivalent units (71.3% state reduction; 108 units in non-singleton clusters)
    5-point output grid is infeasible; retrying this window with 17 points
  Clustered PCM: 108 physical units -> 31 equivalent units (71.3% state reduction; 108 units in non-singleton clusters)
    Refined output grid is infeasible; entering continuous residence-power diagnosis
  Clustered PCM: 108 physical units -> 31 equivalent units (71.3% state reduction; 108 units in non-singleton clusters)
  ⚠ True clustered UC failed at cluster_master: INFEASIBLE; falling back to full unit-network SCUC
	 Variables defined.
DEBUG set_objective_economic!: NT=36, NG=108, ND=91, NW=20, NS=1, K=3, size(refcost)=(108,), size(eachslope)=(3, 108)
objective_function
	MILP economic objective set
subject to.
	 constraints: 1) minimum shutup/shutdown time limits			 done
	 constraints: 2) binary variable logic					 done
	 constraints: 3) shutup/shutdown cost					 done
	 constraints: 4) loadcurtailments and spoliedwinds			 done
	 constraints: 5) generatos power limits					 done
	 constraints: 6) system reserves limits					 done
	 constraints: 7) power balance constraints				 done
	 constraints: 8) ramp-up/ramp-down constraints				 done
	 constraints: 9) piece linearization constraints			 done
	 constraints: 10) transmissionline limits skipped (is_NetWorkCon != 1 or Gsdf missing or NL=0)
	 constraints: 11) stroges system constraints skipped (NC=0 or variables not defined)
	 constraints: 12) data centra constraints skipped (is_ConsiderDataCentra != 1)
	 constraints: 13) frequency control constraints skipped (is_ConsiderFrequencyControl != 1)
	 constraints: 14) hydro power limits					 done
+++++++++++++++++++++++++++++++++++++++++++++++++++++++++++++++++++++++++++++++++++++++++++
Step-4: starting Gurobi solver
Step-5: Gurobi solver finished
+++++++++++++++++++++++++++++++++++++++++++++++++++++++++++++++++++++++++++++++++++++++++++

solution_summary(scuc) = solution_summary(; result = 1, verbose = false)
├ solver_name          : Gurobi
├ Termination
│ ├ termination_status : OPTIMAL
│ ├ result_count       : 1
│ ├ raw_status         : Model was solved to optimality (subject to tolerances), and an optimal solution is available.
│ └ objective_bound    : 1.26653e+16
├ Solution (result = 1)
│ ├ primal_status        : FEASIBLE_POINT
│ ├ dual_status          : NO_SOLUTION
│ ├ objective_value      : 1.26653e+16
│ └ relative_gap         : 1.11511e-09
└ Work counters
  ├ solve_time (sec)   : 5.93000e-01
  ├ simplex_iterations : 0
  ├ barrier_iterations : 0
  └ node_count         : 0


Termination Status: OPTIMAL
Acceptable solution found (Status: OPTIMAL).
Step-6: record datas
PART1: [unit-commitment] calculation result has been saved to: D:\GithubClonefiles\module_unitcommitment\.worktrees\108_168h\output\pcm_com4_loadall_h168_20260823_210543\smooth\clu_ovl\r01\output/details_schedule_results/pcm_simulation_results/intervels_[1]/res_schedule_commitment_result.txt
PART1: [unit-commitment] calculation result has been saved to: D:\GithubClonefiles\module_unitcommitment\.worktrees\108_168h\output\pcm_com4_loadall_h168_20260823_210543\smooth\clu_ovl\r01\output/details_schedule_results/pcm_simulation_results/intervels_[1]/res_schedule_commitment_result.txt
Step-3: Creating dispatching model (Refactored & Modularized)
  Clustered PCM: 108 physical units -> 31 equivalent units (71.3% state reduction; 108 units in non-singleton clusters)
    5-point output grid is infeasible; retrying this window with 17 points
  Clustered PCM: 108 physical units -> 31 equivalent units (71.3% state reduction; 108 units in non-singleton clusters)
    Refined output grid is infeasible; entering continuous residence-power diagnosis
  Clustered PCM: 108 physical units -> 31 equivalent units (71.3% state reduction; 108 units in non-singleton clusters)
  ⚠ True clustered UC failed at cluster_master: INFEASIBLE; falling back to full unit-network SCUC
	 Variables defined.
DEBUG set_objective_economic!: NT=26, NG=108, ND=91, NW=20, NS=1, K=3, size(refcost)=(108,), size(eachslope)=(3, 108)
objective_function
	MILP economic objective set
subject to.
	 constraints: 1) minimum shutup/shutdown time limits			 done
	 constraints: 2) binary variable logic					 done
	 constraints: 3) shutup/shutdown cost					 done
	 constraints: 4) loadcurtailments and spoliedwinds			 done
	 constraints: 5) generatos power limits					 done
	 constraints: 6) system reserves limits					 done
	 constraints: 7) power balance constraints				 done
	 constraints: 8) ramp-up/ramp-down constraints				 done
	 constraints: 9) piece linearization constraints			 done
	 constraints: 10) transmissionline limits skipped (is_NetWorkCon != 1 or Gsdf missing or NL=0)
	 constraints: 11) stroges system constraints skipped (NC=0 or variables not defined)
	 constraints: 12) data centra constraints skipped (is_ConsiderDataCentra != 1)
	 constraints: 13) frequency control constraints skipped (is_ConsiderFrequencyControl != 1)
	 constraints: 14) hydro power limits					 done
+++++++++++++++++++++++++++++++++++++++++++++++++++++++++++++++++++++++++++++++++++++++++++
Step-4: starting Gurobi solver
Step-5: Gurobi solver finished
+++++++++++++++++++++++++++++++++++++++++++++++++++++++++++++++++++++++++++++++++++++++++++

solution_summary(scuc) = solution_summary(; result = 1, verbose = false)
├ solver_name          : Gurobi
├ Termination
│ ├ termination_status : OPTIMAL
│ ├ result_count       : 1
│ ├ raw_status         : Model was solved to optimality (subject to tolerances), and an optimal solution is available.
│ └ objective_bound    : 1.26653e+16
├ Solution (result = 1)
│ ├ primal_status        : FEASIBLE_POINT
│ ├ dual_status          : NO_SOLUTION
│ ├ objective_value      : 1.26653e+16
│ └ relative_gap         : 9.12778e-10
└ Work counters
  ├ solve_time (sec)   : 4.91000e-01
  ├ simplex_iterations : 0
  ├ barrier_iterations : 0
  └ node_count         : 0


Termination Status: OPTIMAL
Acceptable solution found (Status: OPTIMAL).
Step-6: record datas
PART1: [unit-commitment] calculation result has been saved to: D:\GithubClonefiles\module_unitcommitment\.worktrees\108_168h\output\pcm_com4_loadall_h168_20260823_210543\smooth\clu_ovl\r01\output/details_schedule_results/pcm_simulation_results/intervels_[1]/res_schedule_commitment_result.txt
PART1: [unit-commitment] calculation result has been saved to: D:\GithubClonefiles\module_unitcommitment\.worktrees\108_168h\output\pcm_com4_loadall_h168_20260823_210543\smooth\clu_ovl\r01\output/details_schedule_results/pcm_simulation_results/intervels_[1]/res_schedule_commitment_result.txt
Step-3: Creating dispatching model (Refactored & Modularized)
  Clustered PCM: 108 physical units -> 31 equivalent units (71.3% state reduction; 108 units in non-singleton clusters)
    5-point output grid is infeasible; retrying this window with 17 points
  Clustered PCM: 108 physical units -> 31 equivalent units (71.3% state reduction; 108 units in non-singleton clusters)
    Refined output grid is infeasible; entering continuous residence-power diagnosis
  Clustered PCM: 108 physical units -> 31 equivalent units (71.3% state reduction; 108 units in non-singleton clusters)
  ⚠ True clustered UC failed at cluster_master: INFEASIBLE; falling back to full unit-network SCUC
	 Variables defined.
DEBUG set_objective_economic!: NT=31, NG=108, ND=91, NW=20, NS=1, K=3, size(refcost)=(108,), size(eachslope)=(3, 108)
objective_function
	MILP economic objective set
subject to.
	 constraints: 1) minimum shutup/shutdown time limits			 done
	 constraints: 2) binary variable logic					 done
	 constraints: 3) shutup/shutdown cost					 done
	 constraints: 4) loadcurtailments and spoliedwinds			 done
	 constraints: 5) generatos power limits					 done
	 constraints: 6) system reserves limits					 done
	 constraints: 7) power balance constraints				 done
	 constraints: 8) ramp-up/ramp-down constraints				 done
	 constraints: 9) piece linearization constraints			 done
	 constraints: 10) transmissionline limits skipped (is_NetWorkCon != 1 or Gsdf missing or NL=0)
	 constraints: 11) stroges system constraints skipped (NC=0 or variables not defined)
	 constraints: 12) data centra constraints skipped (is_ConsiderDataCentra != 1)
	 constraints: 13) frequency control constraints skipped (is_ConsiderFrequencyControl != 1)
	 constraints: 14) hydro power limits					 done
+++++++++++++++++++++++++++++++++++++++++++++++++++++++++++++++++++++++++++++++++++++++++++
Step-4: starting Gurobi solver
Step-5: Gurobi solver finished
+++++++++++++++++++++++++++++++++++++++++++++++++++++++++++++++++++++++++++++++++++++++++++

solution_summary(scuc) = solution_summary(; result = 1, verbose = false)
├ solver_name          : Gurobi
├ Termination
│ ├ termination_status : OPTIMAL
│ ├ result_count       : 1
│ ├ raw_status         : Model was solved to optimality (subject to tolerances), and an optimal solution is available.
│ └ objective_bound    : 1.26653e+16
├ Solution (result = 1)
│ ├ primal_status        : FEASIBLE_POINT
│ ├ dual_status          : NO_SOLUTION
│ ├ objective_value      : 1.26653e+16
│ └ relative_gap         : 1.05370e-09
└ Work counters
  ├ solve_time (sec)   : 6.27000e-01
  ├ simplex_iterations : 0
  ├ barrier_iterations : 0
  └ node_count         : 0


Termination Status: OPTIMAL
Acceptable solution found (Status: OPTIMAL).
Step-6: record datas
PART1: [unit-commitment] calculation result has been saved to: D:\GithubClonefiles\module_unitcommitment\.worktrees\108_168h\output\pcm_com4_loadall_h168_20260823_210543\smooth\clu_ovl\r01\output/details_schedule_results/pcm_simulation_results/intervels_[1]/res_schedule_commitment_result.txt
PART1: [unit-commitment] calculation result has been saved to: D:\GithubClonefiles\module_unitcommitment\.worktrees\108_168h\output\pcm_com4_loadall_h168_20260823_210543\smooth\clu_ovl\r01\output/details_schedule_results/pcm_simulation_results/intervels_[1]/res_schedule_commitment_result.txt
PART1: [unit-commitment] calculation result has been saved to: D:\GithubClonefiles\module_unitcommitment\.worktrees\108_168h\output\pcm_com4_loadall_h168_20260823_210543\smooth\clu_ovl\r01\output/details_schedule_results/pcm_simulation_results/intervels_[1]/res_schedule_commitment_result.txt
Step-3: Creating dispatching model (Refactored & Modularized)
  Clustered PCM: 108 physical units -> 31 equivalent units (71.3% state reduction; 108 units in non-singleton clusters)
    5-point output grid is infeasible; retrying this window with 17 points
  Clustered PCM: 108 physical units -> 31 equivalent units (71.3% state reduction; 108 units in non-singleton clusters)
    Refined output grid is infeasible; entering continuous residence-power diagnosis
  Clustered PCM: 108 physical units -> 31 equivalent units (71.3% state reduction; 108 units in non-singleton clusters)
  ⚠ True clustered UC failed at cluster_master: INFEASIBLE; falling back to full unit-network SCUC
	 Variables defined.
DEBUG set_objective_economic!: NT=36, NG=108, ND=91, NW=20, NS=1, K=3, size(refcost)=(108,), size(eachslope)=(3, 108)
objective_function
	MILP economic objective set
subject to.
	 constraints: 1) minimum shutup/shutdown time limits			 done
	 constraints: 2) binary variable logic					 done
	 constraints: 3) shutup/shutdown cost					 done
	 constraints: 4) loadcurtailments and spoliedwinds			 done
	 constraints: 5) generatos power limits					 done
	 constraints: 6) system reserves limits					 done
	 constraints: 7) power balance constraints				 done
	 constraints: 8) ramp-up/ramp-down constraints				 done
	 constraints: 9) piece linearization constraints			 done
	 constraints: 10) transmissionline limits skipped (is_NetWorkCon != 1 or Gsdf missing or NL=0)
	 constraints: 11) stroges system constraints skipped (NC=0 or variables not defined)
	 constraints: 12) data centra constraints skipped (is_ConsiderDataCentra != 1)
	 constraints: 13) frequency control constraints skipped (is_ConsiderFrequencyControl != 1)
	 constraints: 14) hydro power limits					 done
+++++++++++++++++++++++++++++++++++++++++++++++++++++++++++++++++++++++++++++++++++++++++++
Step-4: starting Gurobi solver
Step-5: Gurobi solver finished
+++++++++++++++++++++++++++++++++++++++++++++++++++++++++++++++++++++++++++++++++++++++++++

solution_summary(scuc) = solution_summary(; result = 1, verbose = false)
├ solver_name          : Gurobi
├ Termination
│ ├ termination_status : OPTIMAL
│ ├ result_count       : 1
│ ├ raw_status         : Model was solved to optimality (subject to tolerances), and an optimal solution is available.
│ └ objective_bound    : 2.13113e+16
├ Solution (result = 1)
│ ├ primal_status        : FEASIBLE_POINT
│ ├ dual_status          : NO_SOLUTION
│ ├ objective_value      : 2.13113e+16
│ └ relative_gap         : 6.59410e-10
└ Work counters
  ├ solve_time (sec)   : 5.79000e-01
  ├ simplex_iterations : 0
  ├ barrier_iterations : 0
  └ node_count         : 0


Termination Status: OPTIMAL
Acceptable solution found (Status: OPTIMAL).
Step-6: record datas
PART1: [unit-commitment] calculation result has been saved to: D:\GithubClonefiles\module_unitcommitment\.worktrees\108_168h\output\pcm_com4_loadall_h168_20260823_210543\smooth\clu_ovl\r01\output/details_schedule_results/pcm_simulation_results/intervels_[1]/res_schedule_commitment_result.txt
Step-3: Creating dispatching model (Refactored & Modularized)
  Clustered PCM: 108 physical units -> 31 equivalent units (71.3% state reduction; 108 units in non-singleton clusters)
Set parameter Username
Set parameter LicenseID to value 2826524
Academic license - for non-commercial use only - expires 2027-05-22
Set parameter Username
Set parameter LicenseID to value 2826524
Academic license - for non-commercial use only - expires 2027-05-22
Set parameter Username
Set parameter LicenseID to value 2826524
Academic license - for non-commercial use only - expires 2027-05-22
Set parameter Username
Set parameter LicenseID to value 2826524
Academic license - for non-commercial use only - expires 2027-05-22
Set parameter Username
Set parameter LicenseID to value 2826524
Academic license - for non-commercial use only - expires 2027-05-22
Set parameter Username
Set parameter LicenseID to value 2826524
Academic license - for non-commercial use only - expires 2027-05-22
Set parameter Username
Set parameter LicenseID to value 2826524
Academic license - for non-commercial use only - expires 2027-05-22
Set parameter Username
Set parameter LicenseID to value 2826524
Academic license - for non-commercial use only - expires 2027-05-22
Set parameter Username
Set parameter LicenseID to value 2826524
Academic license - for non-commercial use only - expires 2027-05-22
Set parameter Username
Set parameter LicenseID to value 2826524
Academic license - for non-commercial use only - expires 2027-05-22
Set parameter Username
Set parameter LicenseID to value 2826524
Academic license - for non-commercial use only - expires 2027-05-22
Set parameter Username
Set parameter LicenseID to value 2826524
Academic license - for non-commercial use only - expires 2027-05-22
Set parameter Username
Set parameter LicenseID to value 2826524
Academic license - for non-commercial use only - expires 2027-05-22
Set parameter Username
Set parameter LicenseID to value 2826524
Academic license - for non-commercial use only - expires 2027-05-22
Set parameter Username
Set parameter LicenseID to value 2826524
Academic license - for non-commercial use only - expires 2027-05-22
Set parameter Username
Set parameter LicenseID to value 2826524
Academic license - for non-commercial use only - expires 2027-05-22
Set parameter Username
Set parameter LicenseID to value 2826524
Academic license - for non-commercial use only - expires 2027-05-22
Set parameter Username
Set parameter LicenseID to value 2826524
Academic license - for non-commercial use only - expires 2027-05-22
Set parameter Username
Set parameter LicenseID to value 2826524
Academic license - for non-commercial use only - expires 2027-05-22
Set parameter Username
Set parameter LicenseID to value 2826524
Academic license - for non-commercial use only - expires 2027-05-22
Set parameter Username
Set parameter LicenseID to value 2826524
Academic license - for non-commercial use only - expires 2027-05-22
Set parameter Username
Set parameter LicenseID to value 2826524
Academic license - for non-commercial use only - expires 2027-05-22
Set parameter Username
Set parameter LicenseID to value 2826524
Academic license - for non-commercial use only - expires 2027-05-22
Set parameter Username
Set parameter LicenseID to value 2826524
Academic license - for non-commercial use only - expires 2027-05-22
Set parameter Username
Set parameter LicenseID to value 2826524
Academic license - for non-commercial use only - expires 2027-05-22
Set parameter Username
Set parameter LicenseID to value 2826524
Academic license - for non-commercial use only - expires 2027-05-22
Set parameter Username
Set parameter LicenseID to value 2826524
Academic license - for non-commercial use only - expires 2027-05-22
Set parameter Username
Set parameter LicenseID to value 2826524
Academic license - for non-commercial use only - expires 2027-05-22
Set parameter Username
Set parameter LicenseID to value 2826524
Academic license - for non-commercial use only - expires 2027-05-22
Set parameter Username
Set parameter LicenseID to value 2826524
Academic license - for non-commercial use only - expires 2027-05-22
Set parameter Username
Set parameter LicenseID to value 2826524
Academic license - for non-commercial use only - expires 2027-05-22
Set parameter Username
Set parameter LicenseID to value 2826524
Academic license - for non-commercial use only - expires 2027-05-22
Set parameter Username
Set parameter LicenseID to value 2826524
Academic license - for non-commercial use only - expires 2027-05-22
Set parameter Username
Set parameter LicenseID to value 2826524
Academic license - for non-commercial use only - expires 2027-05-22
Set parameter Username
Set parameter LicenseID to value 2826524
Academic license - for non-commercial use only - expires 2027-05-22
Set parameter Username
Set parameter LicenseID to value 2826524
Academic license - for non-commercial use only - expires 2027-05-22
Set parameter Username
Set parameter LicenseID to value 2826524
Academic license - for non-commercial use only - expires 2027-05-22
Set parameter Username
Set parameter LicenseID to value 2826524
Academic license - for non-commercial use only - expires 2027-05-22
Set parameter Username
Set parameter LicenseID to value 2826524
Academic license - for non-commercial use only - expires 2027-05-22
    5-point output grid is infeasible; retrying this window with 17 points
  Clustered PCM: 108 physical units -> 31 equivalent units (71.3% state reduction; 108 units in non-singleton clusters)
    Refined output grid is infeasible; entering continuous residence-power diagnosis
  Clustered PCM: 108 physical units -> 31 equivalent units (71.3% state reduction; 108 units in non-singleton clusters)
  ⚠ True clustered UC failed at cluster_master: INFEASIBLE; falling back to full unit-network SCUC
	 Variables defined.
DEBUG set_objective_economic!: NT=36, NG=108, ND=91, NW=20, NS=1, K=3, size(refcost)=(108,), size(eachslope)=(3, 108)
objective_function
	MILP economic objective set
subject to.
	 constraints: 1) minimum shutup/shutdown time limits			 done
	 constraints: 2) binary variable logic					 done
	 constraints: 3) shutup/shutdown cost					 done
	 constraints: 4) loadcurtailments and spoliedwinds			 done
	 constraints: 5) generatos power limits					 done
	 constraints: 6) system reserves limits					 done
	 constraints: 7) power balance constraints				 done
	 constraints: 8) ramp-up/ramp-down constraints				 done
	 constraints: 9) piece linearization constraints			 done
	 constraints: 10) transmissionline limits skipped (is_NetWorkCon != 1 or Gsdf missing or NL=0)
	 constraints: 11) stroges system constraints skipped (NC=0 or variables not defined)
	 constraints: 12) data centra constraints skipped (is_ConsiderDataCentra != 1)
	 constraints: 13) frequency control constraints skipped (is_ConsiderFrequencyControl != 1)
	 constraints: 14) hydro power limits					 done
+++++++++++++++++++++++++++++++++++++++++++++++++++++++++++++++++++++++++++++++++++++++++++
Step-4: starting Gurobi solver
Step-5: Gurobi solver finished
+++++++++++++++++++++++++++++++++++++++++++++++++++++++++++++++++++++++++++++++++++++++++++

solution_summary(scuc) = solution_summary(; result = 1, verbose = false)
├ solver_name          : Gurobi
├ Termination
│ ├ termination_status : OPTIMAL
│ ├ result_count       : 1
│ ├ raw_status         : Model was solved to optimality (subject to tolerances), and an optimal solution is available.
│ └ objective_bound    : 2.13113e+16
├ Solution (result = 1)
│ ├ primal_status        : FEASIBLE_POINT
│ ├ dual_status          : NO_SOLUTION
│ ├ objective_value      : 2.13113e+16
│ └ relative_gap         : 6.59410e-10
└ Work counters
  ├ solve_time (sec)   : 5.61000e-01
  ├ simplex_iterations : 0
  ├ barrier_iterations : 0
  └ node_count         : 0


Termination Status: OPTIMAL
Acceptable solution found (Status: OPTIMAL).
Step-6: record datas
PART1: [unit-commitment] calculation result has been saved to: D:\GithubClonefiles\module_unitcommitment\.worktrees\108_168h\output\pcm_com4_loadall_h168_20260823_210543\smooth\clu_ovl\r01\output/details_schedule_results/pcm_simulation_results/intervels_[1]/res_schedule_commitment_result.txt
PART1: [unit-commitment] calculation result has been saved to: D:\GithubClonefiles\module_unitcommitment\.worktrees\108_168h\output\pcm_com4_loadall_h168_20260823_210543\smooth\clu_ovl\r01\output/details_schedule_results/pcm_simulation_results/intervels_[1]/res_schedule_commitment_result.txt
Step-3: Creating dispatching model (Refactored & Modularized)
  Clustered PCM: 108 physical units -> 31 equivalent units (71.3% state reduction; 108 units in non-singleton clusters)
    5-point output grid is infeasible; retrying this window with 17 points
  Clustered PCM: 108 physical units -> 31 equivalent units (71.3% state reduction; 108 units in non-singleton clusters)
    Refined output grid is infeasible; entering continuous residence-power diagnosis
  Clustered PCM: 108 physical units -> 31 equivalent units (71.3% state reduction; 108 units in non-singleton clusters)
  ⚠ True clustered UC failed at cluster_master: INFEASIBLE; falling back to full unit-network SCUC
	 Variables defined.
DEBUG set_objective_economic!: NT=26, NG=108, ND=91, NW=20, NS=1, K=3, size(refcost)=(108,), size(eachslope)=(3, 108)
objective_function
	MILP economic objective set
subject to.
	 constraints: 1) minimum shutup/shutdown time limits			 done
	 constraints: 2) binary variable logic					 done
	 constraints: 3) shutup/shutdown cost					 done
	 constraints: 4) loadcurtailments and spoliedwinds			 done
	 constraints: 5) generatos power limits					 done
	 constraints: 6) system reserves limits					 done
	 constraints: 7) power balance constraints				 done
	 constraints: 8) ramp-up/ramp-down constraints				 done
	 constraints: 9) piece linearization constraints			 done
	 constraints: 10) transmissionline limits skipped (is_NetWorkCon != 1 or Gsdf missing or NL=0)
	 constraints: 11) stroges system constraints skipped (NC=0 or variables not defined)
	 constraints: 12) data centra constraints skipped (is_ConsiderDataCentra != 1)
	 constraints: 13) frequency control constraints skipped (is_ConsiderFrequencyControl != 1)
	 constraints: 14) hydro power limits					 done
+++++++++++++++++++++++++++++++++++++++++++++++++++++++++++++++++++++++++++++++++++++++++++
Step-4: starting Gurobi solver
Step-5: Gurobi solver finished
+++++++++++++++++++++++++++++++++++++++++++++++++++++++++++++++++++++++++++++++++++++++++++

solution_summary(scuc) = solution_summary(; result = 1, verbose = false)
├ solver_name          : Gurobi
├ Termination
│ ├ termination_status : OPTIMAL
│ ├ result_count       : 1
│ ├ raw_status         : Model was solved to optimality (subject to tolerances), and an optimal solution is available.
│ └ objective_bound    : 2.13113e+16
├ Solution (result = 1)
│ ├ primal_status        : FEASIBLE_POINT
│ ├ dual_status          : NO_SOLUTION
│ ├ objective_value      : 2.13113e+16
│ └ relative_gap         : 5.59915e-10
└ Work counters
  ├ solve_time (sec)   : 5.51000e-01
  ├ simplex_iterations : 0
  ├ barrier_iterations : 0
  └ node_count         : 0


Termination Status: OPTIMAL
Acceptable solution found (Status: OPTIMAL).
Step-6: record datas
PART1: [unit-commitment] calculation result has been saved to: D:\GithubClonefiles\module_unitcommitment\.worktrees\108_168h\output\pcm_com4_loadall_h168_20260823_210543\smooth\clu_ovl\r01\output/details_schedule_results/pcm_simulation_results/intervels_[1]/res_schedule_commitment_result.txt
PART1: [unit-commitment] calculation result has been saved to: D:\GithubClonefiles\module_unitcommitment\.worktrees\108_168h\output\pcm_com4_loadall_h168_20260823_210543\smooth\clu_ovl\r01\output/details_schedule_results/pcm_simulation_results/intervels_[1]/res_schedule_commitment_result.txt
Step-3: Creating dispatching model (Refactored & Modularized)
  Clustered PCM: 108 physical units -> 31 equivalent units (71.3% state reduction; 108 units in non-singleton clusters)
    5-point output grid is infeasible; retrying this window with 17 points
  Clustered PCM: 108 physical units -> 31 equivalent units (71.3% state reduction; 108 units in non-singleton clusters)
    Refined output grid is infeasible; entering continuous residence-power diagnosis
  Clustered PCM: 108 physical units -> 31 equivalent units (71.3% state reduction; 108 units in non-singleton clusters)
  ⚠ True clustered UC failed at cluster_master: INFEASIBLE; falling back to full unit-network SCUC
	 Variables defined.
DEBUG set_objective_economic!: NT=31, NG=108, ND=91, NW=20, NS=1, K=3, size(refcost)=(108,), size(eachslope)=(3, 108)
objective_function
	MILP economic objective set
subject to.
	 constraints: 1) minimum shutup/shutdown time limits			 done
	 constraints: 2) binary variable logic					 done
	 constraints: 3) shutup/shutdown cost					 done
	 constraints: 4) loadcurtailments and spoliedwinds			 done
	 constraints: 5) generatos power limits					 done
	 constraints: 6) system reserves limits					 done
	 constraints: 7) power balance constraints				 done
	 constraints: 8) ramp-up/ramp-down constraints				 done
	 constraints: 9) piece linearization constraints			 done
	 constraints: 10) transmissionline limits skipped (is_NetWorkCon != 1 or Gsdf missing or NL=0)
	 constraints: 11) stroges system constraints skipped (NC=0 or variables not defined)
	 constraints: 12) data centra constraints skipped (is_ConsiderDataCentra != 1)
	 constraints: 13) frequency control constraints skipped (is_ConsiderFrequencyControl != 1)
	 constraints: 14) hydro power limits					 done
+++++++++++++++++++++++++++++++++++++++++++++++++++++++++++++++++++++++++++++++++++++++++++
Step-4: starting Gurobi solver
Step-5: Gurobi solver finished
+++++++++++++++++++++++++++++++++++++++++++++++++++++++++++++++++++++++++++++++++++++++++++

solution_summary(scuc) = solution_summary(; result = 1, verbose = false)
├ solver_name          : Gurobi
├ Termination
│ ├ termination_status : OPTIMAL
│ ├ result_count       : 1
│ ├ raw_status         : Model was solved to optimality (subject to tolerances), and an optimal solution is available.
│ └ objective_bound    : 2.13113e+16
├ Solution (result = 1)
│ ├ primal_status        : FEASIBLE_POINT
│ ├ dual_status          : NO_SOLUTION
│ ├ objective_value      : 2.13113e+16
│ └ relative_gap         : 6.22881e-10
└ Work counters
  ├ solve_time (sec)   : 4.98000e-01
  ├ simplex_iterations : 0
  ├ barrier_iterations : 0
  └ node_count         : 0


Termination Status: OPTIMAL
Acceptable solution found (Status: OPTIMAL).
Step-6: record datas
PART1: [unit-commitment] calculation result has been saved to: D:\GithubClonefiles\module_unitcommitment\.worktrees\108_168h\output\pcm_com4_loadall_h168_20260823_210543\smooth\clu_ovl\r01\output/details_schedule_results/pcm_simulation_results/intervels_[1]/res_schedule_commitment_result.txt
PART1: [unit-commitment] calculation result has been saved to: D:\GithubClonefiles\module_unitcommitment\.worktrees\108_168h\output\pcm_com4_loadall_h168_20260823_210543\smooth\clu_ovl\r01\output/details_schedule_results/pcm_simulation_results/intervels_[1]/res_schedule_commitment_result.txt
PART1: [unit-commitment] calculation result has been saved to: D:\GithubClonefiles\module_unitcommitment\.worktrees\108_168h\output\pcm_com4_loadall_h168_20260823_210543\smooth\clu_ovl\r01\output/details_schedule_results/pcm_simulation_results/intervels_[1]/res_schedule_commitment_result.txt
Step-3: Creating dispatching model (Refactored & Modularized)
  Clustered PCM: 108 physical units -> 31 equivalent units (71.3% state reduction; 108 units in non-singleton clusters)
    5-point output grid is infeasible; retrying this window with 17 points
  Clustered PCM: 108 physical units -> 31 equivalent units (71.3% state reduction; 108 units in non-singleton clusters)
    Refined output grid is infeasible; entering continuous residence-power diagnosis
  Clustered PCM: 108 physical units -> 31 equivalent units (71.3% state reduction; 108 units in non-singleton clusters)
  ⚠ True clustered UC failed at cluster_master: INFEASIBLE; falling back to full unit-network SCUC
	 Variables defined.
DEBUG set_objective_economic!: NT=36, NG=108, ND=91, NW=20, NS=1, K=3, size(refcost)=(108,), size(eachslope)=(3, 108)
objective_function
	MILP economic objective set
subject to.
	 constraints: 1) minimum shutup/shutdown time limits			 done
	 constraints: 2) binary variable logic					 done
	 constraints: 3) shutup/shutdown cost					 done
	 constraints: 4) loadcurtailments and spoliedwinds			 done
	 constraints: 5) generatos power limits					 done
	 constraints: 6) system reserves limits					 done
	 constraints: 7) power balance constraints				 done
	 constraints: 8) ramp-up/ramp-down constraints				 done
	 constraints: 9) piece linearization constraints			 done
	 constraints: 10) transmissionline limits skipped (is_NetWorkCon != 1 or Gsdf missing or NL=0)
	 constraints: 11) stroges system constraints skipped (NC=0 or variables not defined)
	 constraints: 12) data centra constraints skipped (is_ConsiderDataCentra != 1)
	 constraints: 13) frequency control constraints skipped (is_ConsiderFrequencyControl != 1)
	 constraints: 14) hydro power limits					 done
+++++++++++++++++++++++++++++++++++++++++++++++++++++++++++++++++++++++++++++++++++++++++++
Step-4: starting Gurobi solver
Step-5: Gurobi solver finished
+++++++++++++++++++++++++++++++++++++++++++++++++++++++++++++++++++++++++++++++++++++++++++

solution_summary(scuc) = solution_summary(; result = 1, verbose = false)
├ solver_name          : Gurobi
├ Termination
│ ├ termination_status : OPTIMAL
│ ├ result_count       : 1
│ ├ raw_status         : Model was solved to optimality (subject to tolerances), and an optimal solution is available.
│ └ objective_bound    : 2.29198e+16
├ Solution (result = 1)
│ ├ primal_status        : FEASIBLE_POINT
│ ├ dual_status          : NO_SOLUTION
│ ├ objective_value      : 2.29198e+16
│ └ relative_gap         : 6.09884e-10
└ Work counters
  ├ solve_time (sec)   : 5.69000e-01
  ├ simplex_iterations : 0
  ├ barrier_iterations : 0
  └ node_count         : 0


Termination Status: OPTIMAL
Acceptable solution found (Status: OPTIMAL).
Step-6: record datas
PART1: [unit-commitment] calculation result has been saved to: D:\GithubClonefiles\module_unitcommitment\.worktrees\108_168h\output\pcm_com4_loadall_h168_20260823_210543\smooth\clu_ovl\r01\output/details_schedule_results/pcm_simulation_results/intervels_[1]/res_schedule_commitment_result.txt
Step-3: Creating dispatching model (Refactored & Modularized)
  Clustered PCM: 108 physical units -> 31 equivalent units (71.3% state reduction; 108 units in non-singleton clusters)
    5-point output grid is infeasible; retrying this window with 17 points
  Clustered PCM: 108 physical units -> 31 equivalent units (71.3% state reduction; 108 units in non-singleton clusters)
    Refined output grid is infeasible; entering continuous residence-power diagnosis
  Clustered PCM: 108 physical units -> 31 equivalent units (71.3% state reduction; 108 units in non-singleton clusters)
  ⚠ True clustered UC failed at cluster_master: INFEASIBLE; falling back to full unit-network SCUC
	 Variables defined.
DEBUG set_objective_economic!: NT=36, NG=108, ND=91, NW=20, NS=1, K=3, size(refcost)=(108,), size(eachslope)=(3, 108)
objective_function
	MILP economic objective set
subject to.
	 constraints: 1) minimum shutup/shutdown time limits			 done
	 constraints: 2) binary variable logic					 done
	 constraints: 3) shutup/shutdown cost					 done
	 constraints: 4) loadcurtailments and spoliedwinds			 done
	 constraints: 5) generatos power limits					 done
	 constraints: 6) system reserves limits					 done
	 constraints: 7) power balance constraints				 done
	 constraints: 8) ramp-up/ramp-down constraints				 done
	 constraints: 9) piece linearization constraints			 done
	 constraints: 10) transmissionline limits skipped (is_NetWorkCon != 1 or Gsdf missing or NL=0)
	 constraints: 11) stroges system constraints skipped (NC=0 or variables not defined)
	 constraints: 12) data centra constraints skipped (is_ConsiderDataCentra != 1)
	 constraints: 13) frequency control constraints skipped (is_ConsiderFrequencyControl != 1)
	 constraints: 14) hydro power limits					 done
+++++++++++++++++++++++++++++++++++++++++++++++++++++++++++++++++++++++++++++++++++++++++++
Step-4: starting Gurobi solver
Step-5: Gurobi solver finished
+++++++++++++++++++++++++++++++++++++++++++++++++++++++++++++++++++++++++++++++++++++++++++

solution_summary(scuc) = solution_summary(; result = 1, verbose = false)
├ solver_name          : Gurobi
├ Termination
│ ├ termination_status : OPTIMAL
│ ├ result_count       : 1
│ ├ raw_status         : Model was solved to optimality (subject to tolerances), and an optimal solution is available.
│ └ objective_bound    : 2.29198e+16
├ Solution (result = 1)
│ ├ primal_status        : FEASIBLE_POINT
│ ├ dual_status          : NO_SOLUTION
│ ├ objective_value      : 2.29198e+16
│ └ relative_gap         : 6.09884e-10
└ Work counters
  ├ solve_time (sec)   : 6.72000e-01
  ├ simplex_iterations : 0
  ├ barrier_iterations : 0
  └ node_count         : 0


Termination Status: OPTIMAL
Acceptable solution found (Status: OPTIMAL).
Step-6: record datas
PART1: [unit-commitment] calculation result has been saved to: D:\GithubClonefiles\module_unitcommitment\.worktrees\108_168h\output\pcm_com4_loadall_h168_20260823_210543\smooth\clu_ovl\r01\output/details_schedule_results/pcm_simulation_results/intervels_[1]/res_schedule_commitment_result.txt
PART1: [unit-commitment] calculation result has been saved to: D:\GithubClonefiles\module_unitcommitment\.worktrees\108_168h\output\pcm_com4_loadall_h168_20260823_210543\smooth\clu_ovl\r01\output/details_schedule_results/pcm_simulation_results/intervels_[1]/res_schedule_commitment_result.txt
Step-3: Creating dispatching model (Refactored & Modularized)
  Clustered PCM: 108 physical units -> 31 equivalent units (71.3% state reduction; 108 units in non-singleton clusters)
    5-point output grid is infeasible; retrying this window with 17 points
  Clustered PCM: 108 physical units -> 31 equivalent units (71.3% state reduction; 108 units in non-singleton clusters)
    Refined output grid is infeasible; entering continuous residence-power diagnosis
  Clustered PCM: 108 physical units -> 31 equivalent units (71.3% state reduction; 108 units in non-singleton clusters)
  ⚠ True clustered UC failed at cluster_master: INFEASIBLE; falling back to full unit-network SCUC
	 Variables defined.
DEBUG set_objective_economic!: NT=26, NG=108, ND=91, NW=20, NS=1, K=3, size(refcost)=(108,), size(eachslope)=(3, 108)
objective_function
	MILP economic objective set
subject to.
	 constraints: 1) minimum shutup/shutdown time limits			 done
	 constraints: 2) binary variable logic					 done
	 constraints: 3) shutup/shutdown cost					 done
	 constraints: 4) loadcurtailments and spoliedwinds			 done
	 constraints: 5) generatos power limits					 done
	 constraints: 6) system reserves limits					 done
	 constraints: 7) power balance constraints				 done
	 constraints: 8) ramp-up/ramp-down constraints				 done
	 constraints: 9) piece linearization constraints			 done
	 constraints: 10) transmissionline limits skipped (is_NetWorkCon != 1 or Gsdf missing or NL=0)
	 constraints: 11) stroges system constraints skipped (NC=0 or variables not defined)
	 constraints: 12) data centra constraints skipped (is_ConsiderDataCentra != 1)
	 constraints: 13) frequency control constraints skipped (is_ConsiderFrequencyControl != 1)
	 constraints: 14) hydro power limits					 done
+++++++++++++++++++++++++++++++++++++++++++++++++++++++++++++++++++++++++++++++++++++++++++
Step-4: starting Gurobi solver
Step-5: Gurobi solver finished
+++++++++++++++++++++++++++++++++++++++++++++++++++++++++++++++++++++++++++++++++++++++++++

solution_summary(scuc) = solution_summary(; result = 1, verbose = false)
├ solver_name          : Gurobi
├ Termination
│ ├ termination_status : OPTIMAL
│ ├ result_count       : 1
│ ├ raw_status         : Model was solved to optimality (subject to tolerances), and an optimal solution is available.
│ └ objective_bound    : 2.29198e+16
├ Solution (result = 1)
│ ├ primal_status        : FEASIBLE_POINT
│ ├ dual_status          : NO_SOLUTION
│ ├ objective_value      : 2.29198e+16
│ └ relative_gap         : 5.39527e-10
└ Work counters
  ├ solve_time (sec)   : 4.92000e-01
  ├ simplex_iterations : 0
  ├ barrier_iterations : 0
  └ node_count         : 0


Termination Status: OPTIMAL
Acceptable solution found (Status: OPTIMAL).
Step-6: record datas
PART1: [unit-commitment] calculation result has been saved to: D:\GithubClonefiles\module_unitcommitment\.worktrees\108_168h\output\pcm_com4_loadall_h168_20260823_210543\smooth\clu_ovl\r01\output/details_schedule_results/pcm_simulation_results/intervels_[1]/res_schedule_commitment_result.txt
PART1: [unit-commitment] calculation result has been saved to: D:\GithubClonefiles\module_unitcommitment\.worktrees\108_168h\output\pcm_com4_loadall_h168_20260823_210543\smooth\clu_ovl\r01\output/details_schedule_results/pcm_simulation_results/intervels_[1]/res_schedule_commitment_result.txt
Step-3: Creating dispatching model (Refactored & Modularized)
  Clustered PCM: 108 physical units -> 31 equivalent units (71.3% state reduction; 108 units in non-singleton clusters)
    5-point output grid is infeasible; retrying this window with 17 points
  Clustered PCM: 108 physical units -> 31 equivalent units (71.3% state reduction; 108 units in non-singleton clusters)
    Refined output grid is infeasible; entering continuous residence-power diagnosis
  Clustered PCM: 108 physical units -> 31 equivalent units (71.3% state reduction; 108 units in non-singleton clusters)
  ⚠ True clustered UC failed at cluster_master: INFEASIBLE; falling back to full unit-network SCUC
	 Variables defined.
DEBUG set_objective_economic!: NT=31, NG=108, ND=91, NW=20, NS=1, K=3, size(refcost)=(108,), size(eachslope)=(3, 108)
objective_function
	MILP economic objective set
subject to.
	 constraints: 1) minimum shutup/shutdown time limits			 done
	 constraints: 2) binary variable logic					 done
	 constraints: 3) shutup/shutdown cost					 done
	 constraints: 4) loadcurtailments and spoliedwinds			 done
	 constraints: 5) generatos power limits					 done
	 constraints: 6) system reserves limits					 done
	 constraints: 7) power balance constraints				 done
	 constraints: 8) ramp-up/ramp-down constraints				 done
	 constraints: 9) piece linearization constraints			 done
	 constraints: 10) transmissionline limits skipped (is_NetWorkCon != 1 or Gsdf missing or NL=0)
	 constraints: 11) stroges system constraints skipped (NC=0 or variables not defined)
	 constraints: 12) data centra constraints skipped (is_ConsiderDataCentra != 1)
	 constraints: 13) frequency control constraints skipped (is_ConsiderFrequencyControl != 1)
	 constraints: 14) hydro power limits					 done
+++++++++++++++++++++++++++++++++++++++++++++++++++++++++++++++++++++++++++++++++++++++++++
Step-4: starting Gurobi solver
Step-5: Gurobi solver finished
+++++++++++++++++++++++++++++++++++++++++++++++++++++++++++++++++++++++++++++++++++++++++++

solution_summary(scuc) = solution_summary(; result = 1, verbose = false)
├ solver_name          : Gurobi
├ Termination
│ ├ termination_status : OPTIMAL
│ ├ result_count       : 1
│ ├ raw_status         : Model was solved to optimality (subject to tolerances), and an optimal solution is available.
│ └ objective_bound    : 2.29198e+16
├ Solution (result = 1)
│ ├ primal_status        : FEASIBLE_POINT
│ ├ dual_status          : NO_SOLUTION
│ ├ objective_value      : 2.29198e+16
│ └ relative_gap         : 5.75980e-10
└ Work counters
  ├ solve_time (sec)   : 5.02000e-01
  ├ simplex_iterations : 0
  ├ barrier_iterations : 0
  └ node_count         : 0


Termination Status: OPTIMAL
Acceptable solution found (Status: OPTIMAL).
Step-6: record datas
PART1: [unit-commitment] calculation result has been saved to: D:\GithubClonefiles\module_unitcommitment\.worktrees\108_168h\output\pcm_com4_loadall_h168_20260823_210543\smooth\clu_ovl\r01\output/details_schedule_results/pcm_simulation_results/intervels_[1]/res_schedule_commitment_result.txt
PART1: [unit-commitment] calculation result has been saved to: D:\GithubClonefiles\module_unitcommitment\.worktrees\108_168h\output\pcm_com4_loadall_h168_20260823_210543\smooth\clu_ovl\r01\output/details_schedule_results/pcm_simulation_results/intervels_[1]/res_schedule_commitment_result.txt
PART1: [unit-commitment] calculation result has been saved to: D:\GithubClonefiles\module_unitcommitment\.worktrees\108_168h\output\pcm_com4_loadall_h168_20260823_210543\smooth\clu_ovl\r01\output/details_schedule_results/pcm_simulation_results/intervels_[1]/res_schedule_commitment_result.txt
Step-3: Creating dispatching model (Refactored & Modularized)
  Clustered PCM: 108 physical units -> 31 equivalent units (71.3% state reduction; 108 units in non-singleton clusters)
    5-point output grid is infeasible; retrying this window with 17 points
  Clustered PCM: 108 physical units -> 31 equivalent units (71.3% state reduction; 108 units in non-singleton clusters)
    Refined output grid is infeasible; entering continuous residence-power diagnosis
  Clustered PCM: 108 physical units -> 31 equivalent units (71.3% state reduction; 108 units in non-singleton clusters)
  ⚠ True clustered UC failed at cluster_master: INFEASIBLE; falling back to full unit-network SCUC
	 Variables defined.
DEBUG set_objective_economic!: NT=36, NG=108, ND=91, NW=20, NS=1, K=3, size(refcost)=(108,), size(eachslope)=(3, 108)
objective_function
	MILP economic objective set
subject to.
	 constraints: 1) minimum shutup/shutdown time limits			 done
	 constraints: 2) binary variable logic					 done
	 constraints: 3) shutup/shutdown cost					 done
	 constraints: 4) loadcurtailments and spoliedwinds			 done
	 constraints: 5) generatos power limits					 done
	 constraints: 6) system reserves limits					 done
	 constraints: 7) power balance constraints				 done
	 constraints: 8) ramp-up/ramp-down constraints				 done
	 constraints: 9) piece linearization constraints			 done
	 constraints: 10) transmissionline limits skipped (is_NetWorkCon != 1 or Gsdf missing or NL=0)
	 constraints: 11) stroges system constraints skipped (NC=0 or variables not defined)
	 constraints: 12) data centra constraints skipped (is_ConsiderDataCentra != 1)
	 constraints: 13) frequency control constraints skipped (is_ConsiderFrequencyControl != 1)
	 constraints: 14) hydro power limits					 done
+++++++++++++++++++++++++++++++++++++++++++++++++++++++++++++++++++++++++++++++++++++++++++
Step-4: starting Gurobi solver
Step-5: Gurobi solver finished
+++++++++++++++++++++++++++++++++++++++++++++++++++++++++++++++++++++++++++++++++++++++++++

solution_summary(scuc) = solution_summary(; result = 1, verbose = false)
├ solver_name          : Gurobi
├ Termination
│ ├ termination_status : OPTIMAL
│ ├ result_count       : 1
│ ├ raw_status         : Model was solved to optimality (subject to tolerances), and an optimal solution is available.
│ └ objective_bound    : 1.60477e+16
├ Solution (result = 1)
│ ├ primal_status        : FEASIBLE_POINT
│ ├ dual_status          : NO_SOLUTION
│ ├ objective_value      : 1.60477e+16
│ └ relative_gap         : 8.67613e-10
└ Work counters
  ├ solve_time (sec)   : 6.54000e-01
  ├ simplex_iterations : 0
  ├ barrier_iterations : 0
  └ node_count         : 0


Termination Status: OPTIMAL
Acceptable solution found (Status: OPTIMAL).
Step-6: record datas
PART1: [unit-commitment] calculation result has been saved to: D:\GithubClonefiles\module_unitcommitment\.worktrees\108_168h\output\pcm_com4_loadall_h168_20260823_210543\smooth\clu_ovl\r01\output/details_schedule_results/pcm_simulation_results/intervels_[1]/res_schedule_commitment_result.txt
Step-3: Creating dispatching model (Refactored & Modularized)
  Clustered PCM: 108 physical units -> 31 equivalent units (71.3% state reduction; 108 units in non-singleton clusters)
    5-point output grid is infeasible; retrying this window with 17 points
  Clustered PCM: 108 physical units -> 31 equivalent units (71.3% state reduction; 108 units in non-singleton clusters)
    Refined output grid is infeasible; entering continuous residence-power diagnosis
  Clustered PCM: 108 physical units -> 31 equivalent units (71.3% state reduction; 108 units in non-singleton clusters)
  ⚠ True clustered UC failed at cluster_master: INFEASIBLE; falling back to full unit-network SCUC
	 Variables defined.
DEBUG set_objective_economic!: NT=36, NG=108, ND=91, NW=20, NS=1, K=3, size(refcost)=(108,), size(eachslope)=(3, 108)
objective_function
	MILP economic objective set
subject to.
	 constraints: 1) minimum shutup/shutdown time limits			 done
	 constraints: 2) binary variable logic					 done
	 constraints: 3) shutup/shutdown cost					 done
	 constraints: 4) loadcurtailments and spoliedwinds			 done
	 constraints: 5) generatos power limits					 done
	 constraints: 6) system reserves limits					 done
	 constraints: 7) power balance constraints				 done
	 constraints: 8) ramp-up/ramp-down constraints				 done
	 constraints: 9) piece linearization constraints			 done
	 constraints: 10) transmissionline limits skipped (is_NetWorkCon != 1 or Gsdf missing or NL=0)
	 constraints: 11) stroges system constraints skipped (NC=0 or variables not defined)
	 constraints: 12) data centra constraints skipped (is_ConsiderDataCentra != 1)
	 constraints: 13) frequency control constraints skipped (is_ConsiderFrequencyControl != 1)
	 constraints: 14) hydro power limits					 done
+++++++++++++++++++++++++++++++++++++++++++++++++++++++++++++++++++++++++++++++++++++++++++
Step-4: starting Gurobi solver
Step-5: Gurobi solver finished
+++++++++++++++++++++++++++++++++++++++++++++++++++++++++++++++++++++++++++++++++++++++++++

solution_summary(scuc) = solution_summary(; result = 1, verbose = false)
├ solver_name          : Gurobi
├ Termination
│ ├ termination_status : OPTIMAL
│ ├ result_count       : 1
│ ├ raw_status         : Model was solved to optimality (subject to tolerances), and an optimal solution is available.
│ └ objective_bound    : 1.60477e+16
├ Solution (result = 1)
│ ├ primal_status        : FEASIBLE_POINT
│ ├ dual_status          : NO_SOLUTION
│ ├ objective_value      : 1.60477e+16
│ └ relative_gap         : 8.67613e-10
└ Work counters
  ├ solve_time (sec)   : 5.78000e-01
  ├ simplex_iterations : 0
  ├ barrier_iterations : 0
  └ node_count         : 0


Termination Status: OPTIMAL
Acceptable solution found (Status: OPTIMAL).
Step-6: record datas
PART1: [unit-commitment] calculation result has been saved to: D:\GithubClonefiles\module_unitcommitment\.worktrees\108_168h\output\pcm_com4_loadall_h168_20260823_210543\smooth\clu_ovl\r01\output/details_schedule_results/pcm_simulation_results/intervels_[1]/res_schedule_commitment_result.txt
PART1: [unit-commitment] calculation result has been saved to: D:\GithubClonefiles\module_unitcommitment\.worktrees\108_168h\output\pcm_com4_loadall_h168_20260823_210543\smooth\clu_ovl\r01\output/details_schedule_results/pcm_simulation_results/intervels_[1]/res_schedule_commitment_result.txt
Step-3: Creating dispatching model (Refactored & Modularized)
  Clustered PCM: 108 physical units -> 31 equivalent units (71.3% state reduction; 108 units in non-singleton clusters)
    5-point output grid is infeasible; retrying this window with 17 points
  Clustered PCM: 108 physical units -> 31 equivalent units (71.3% state reduction; 108 units in non-singleton clusters)
    Refined output grid is infeasible; entering continuous residence-power diagnosis
  Clustered PCM: 108 physical units -> 31 equivalent units (71.3% state reduction; 108 units in non-singleton clusters)
  ⚠ True clustered UC failed at cluster_master: INFEASIBLE; falling back to full unit-network SCUC
	 Variables defined.
DEBUG set_objective_economic!: NT=26, NG=108, ND=91, NW=20, NS=1, K=3, size(refcost)=(108,), size(eachslope)=(3, 108)
objective_function
	MILP economic objective set
subject to.
	 constraints: 1) minimum shutup/shutdown time limits			 done
	 constraints: 2) binary variable logic					 done
	 constraints: 3) shutup/shutdown cost					 done
	 constraints: 4) loadcurtailments and spoliedwinds			 done
	 constraints: 5) generatos power limits					 done
	 constraints: 6) system reserves limits					 done
	 constraints: 7) power balance constraints				 done
	 constraints: 8) ramp-up/ramp-down constraints				 done
	 constraints: 9) piece linearization constraints			 done
	 constraints: 10) transmissionline limits skipped (is_NetWorkCon != 1 or Gsdf missing or NL=0)
	 constraints: 11) stroges system constraints skipped (NC=0 or variables not defined)
	 constraints: 12) data centra constraints skipped (is_ConsiderDataCentra != 1)
	 constraints: 13) frequency control constraints skipped (is_ConsiderFrequencyControl != 1)
	 constraints: 14) hydro power limits					 done
+++++++++++++++++++++++++++++++++++++++++++++++++++++++++++++++++++++++++++++++++++++++++++
Step-4: starting Gurobi solver
Step-5: Gurobi solver finished
+++++++++++++++++++++++++++++++++++++++++++++++++++++++++++++++++++++++++++++++++++++++++++

solution_summary(scuc) = Set parameter Username
Set parameter LicenseID to value 2826524
Academic license - for non-commercial use only - expires 2027-05-22
Set parameter Username
Set parameter LicenseID to value 2826524
Academic license - for non-commercial use only - expires 2027-05-22
Set parameter Username
Set parameter LicenseID to value 2826524
Academic license - for non-commercial use only - expires 2027-05-22
Set parameter Username
Set parameter LicenseID to value 2826524
Academic license - for non-commercial use only - expires 2027-05-22
Set parameter Username
Set parameter LicenseID to value 2826524
Academic license - for non-commercial use only - expires 2027-05-22
Set parameter Username
Set parameter LicenseID to value 2826524
Academic license - for non-commercial use only - expires 2027-05-22
Set parameter Username
Set parameter LicenseID to value 2826524
Academic license - for non-commercial use only - expires 2027-05-22
Set parameter Username
Set parameter LicenseID to value 2826524
Academic license - for non-commercial use only - expires 2027-05-22
Set parameter Username
Set parameter LicenseID to value 2826524
Academic license - for non-commercial use only - expires 2027-05-22
Set parameter Username
Set parameter LicenseID to value 2826524
Academic license - for non-commercial use only - expires 2027-05-22
Set parameter Username
Set parameter LicenseID to value 2826524
Academic license - for non-commercial use only - expires 2027-05-22
Set parameter Username
Set parameter LicenseID to value 2826524
Academic license - for non-commercial use only - expires 2027-05-22
Set parameter Username
Set parameter LicenseID to value 2826524
Academic license - for non-commercial use only - expires 2027-05-22
Set parameter Username
Set parameter LicenseID to value 2826524
Academic license - for non-commercial use only - expires 2027-05-22
Set parameter Username
Set parameter LicenseID to value 2826524
Academic license - for non-commercial use only - expires 2027-05-22
Set parameter Username
Set parameter LicenseID to value 2826524
Academic license - for non-commercial use only - expires 2027-05-22
Set parameter Username
Set parameter LicenseID to value 2826524
Academic license - for non-commercial use only - expires 2027-05-22
Set parameter Username
Set parameter LicenseID to value 2826524
Academic license - for non-commercial use only - expires 2027-05-22
Set parameter Username
Set parameter LicenseID to value 2826524
Academic license - for non-commercial use only - expires 2027-05-22
Set parameter Username
Set parameter LicenseID to value 2826524
Academic license - for non-commercial use only - expires 2027-05-22
Set parameter Username
Set parameter LicenseID to value 2826524
Academic license - for non-commercial use only - expires 2027-05-22
Set parameter Username
Set parameter LicenseID to value 2826524
Academic license - for non-commercial use only - expires 2027-05-22
Set parameter Username
Set parameter LicenseID to value 2826524
Academic license - for non-commercial use only - expires 2027-05-22
Set parameter Username
Set parameter LicenseID to value 2826524
Academic license - for non-commercial use only - expires 2027-05-22
Set parameter Username
Set parameter LicenseID to value 2826524
Academic license - for non-commercial use only - expires 2027-05-22
Set parameter Username
Set parameter LicenseID to value 2826524
Academic license - for non-commercial use only - expires 2027-05-22
Set parameter Username
Set parameter LicenseID to value 2826524
Academic license - for non-commercial use only - expires 2027-05-22
Set parameter Username
Set parameter LicenseID to value 2826524
Academic license - for non-commercial use only - expires 2027-05-22
Set parameter Username
Set parameter LicenseID to value 2826524
Academic license - for non-commercial use only - expires 2027-05-22
Set parameter Username
Set parameter LicenseID to value 2826524
Academic license - for non-commercial use only - expires 2027-05-22
Set parameter Username
Set parameter LicenseID to value 2826524
Academic license - for non-commercial use only - expires 2027-05-22
Set parameter Username
Set parameter LicenseID to value 2826524
Academic license - for non-commercial use only - expires 2027-05-22
Set parameter Username
Set parameter LicenseID to value 2826524
Academic license - for non-commercial use only - expires 2027-05-22
Set parameter Username
Set parameter LicenseID to value 2826524
Academic license - for non-commercial use only - expires 2027-05-22
Set parameter Username
Set parameter LicenseID to value 2826524
Academic license - for non-commercial use only - expires 2027-05-22
Set parameter Username
Set parameter LicenseID to value 2826524
Academic license - for non-commercial use only - expires 2027-05-22
Set parameter Username
Set parameter LicenseID to value 2826524
Academic license - for non-commercial use only - expires 2027-05-22
Set parameter Username
Set parameter LicenseID to value 2826524
Academic license - for non-commercial use only - expires 2027-05-22
solution_summary(; result = 1, verbose = false)
├ solver_name          : Gurobi
├ Termination
│ ├ termination_status : OPTIMAL
│ ├ result_count       : 1
│ ├ raw_status         : Model was solved to optimality (subject to tolerances), and an optimal solution is available.
│ └ objective_bound    : 1.60477e+16
├ Solution (result = 1)
│ ├ primal_status        : FEASIBLE_POINT
│ ├ dual_status          : NO_SOLUTION
│ ├ objective_value      : 1.60477e+16
│ └ relative_gap         : 7.70780e-10
└ Work counters
  ├ solve_time (sec)   : 6.38000e-01
  ├ simplex_iterations : 0
  ├ barrier_iterations : 0
  └ node_count         : 0


Termination Status: OPTIMAL
Acceptable solution found (Status: OPTIMAL).
Step-6: record datas
PART1: [unit-commitment] calculation result has been saved to: D:\GithubClonefiles\module_unitcommitment\.worktrees\108_168h\output\pcm_com4_loadall_h168_20260823_210543\smooth\clu_ovl\r01\output/details_schedule_results/pcm_simulation_results/intervels_[1]/res_schedule_commitment_result.txt
PART1: [unit-commitment] calculation result has been saved to: D:\GithubClonefiles\module_unitcommitment\.worktrees\108_168h\output\pcm_com4_loadall_h168_20260823_210543\smooth\clu_ovl\r01\output/details_schedule_results/pcm_simulation_results/intervels_[1]/res_schedule_commitment_result.txt
Step-3: Creating dispatching model (Refactored & Modularized)
  Clustered PCM: 108 physical units -> 31 equivalent units (71.3% state reduction; 108 units in non-singleton clusters)
    5-point output grid is infeasible; retrying this window with 17 points
  Clustered PCM: 108 physical units -> 31 equivalent units (71.3% state reduction; 108 units in non-singleton clusters)
    Refined output grid is infeasible; entering continuous residence-power diagnosis
  Clustered PCM: 108 physical units -> 31 equivalent units (71.3% state reduction; 108 units in non-singleton clusters)
  ⚠ True clustered UC failed at cluster_master: INFEASIBLE; falling back to full unit-network SCUC
	 Variables defined.
DEBUG set_objective_economic!: NT=31, NG=108, ND=91, NW=20, NS=1, K=3, size(refcost)=(108,), size(eachslope)=(3, 108)
objective_function
	MILP economic objective set
subject to.
	 constraints: 1) minimum shutup/shutdown time limits			 done
	 constraints: 2) binary variable logic					 done
	 constraints: 3) shutup/shutdown cost					 done
	 constraints: 4) loadcurtailments and spoliedwinds			 done
	 constraints: 5) generatos power limits					 done
	 constraints: 6) system reserves limits					 done
	 constraints: 7) power balance constraints				 done
	 constraints: 8) ramp-up/ramp-down constraints				 done
	 constraints: 9) piece linearization constraints			 done
	 constraints: 10) transmissionline limits skipped (is_NetWorkCon != 1 or Gsdf missing or NL=0)
	 constraints: 11) stroges system constraints skipped (NC=0 or variables not defined)
	 constraints: 12) data centra constraints skipped (is_ConsiderDataCentra != 1)
	 constraints: 13) frequency control constraints skipped (is_ConsiderFrequencyControl != 1)
	 constraints: 14) hydro power limits					 done
+++++++++++++++++++++++++++++++++++++++++++++++++++++++++++++++++++++++++++++++++++++++++++
Step-4: starting Gurobi solver
Step-5: Gurobi solver finished
+++++++++++++++++++++++++++++++++++++++++++++++++++++++++++++++++++++++++++++++++++++++++++

solution_summary(scuc) = solution_summary(; result = 1, verbose = false)
├ solver_name          : Gurobi
├ Termination
│ ├ termination_status : OPTIMAL
│ ├ result_count       : 1
│ ├ raw_status         : Model was solved to optimality (subject to tolerances), and an optimal solution is available.
│ └ objective_bound    : 1.60477e+16
├ Solution (result = 1)
│ ├ primal_status        : FEASIBLE_POINT
│ ├ dual_status          : NO_SOLUTION
│ ├ objective_value      : 1.60477e+16
│ └ relative_gap         : 8.19670e-10
└ Work counters
  ├ solve_time (sec)   : 5.09000e-01
  ├ simplex_iterations : 0
  ├ barrier_iterations : 0
  └ node_count         : 0


Termination Status: OPTIMAL
Acceptable solution found (Status: OPTIMAL).
Step-6: record datas
PART1: [unit-commitment] calculation result has been saved to: D:\GithubClonefiles\module_unitcommitment\.worktrees\108_168h\output\pcm_com4_loadall_h168_20260823_210543\smooth\clu_ovl\r01\output/details_schedule_results/pcm_simulation_results/intervels_[1]/res_schedule_commitment_result.txt
PART1: [unit-commitment] calculation result has been saved to: D:\GithubClonefiles\module_unitcommitment\.worktrees\108_168h\output\pcm_com4_loadall_h168_20260823_210543\smooth\clu_ovl\r01\output/details_schedule_results/pcm_simulation_results/intervels_[1]/res_schedule_commitment_result.txt
PART1: [unit-commitment] calculation result has been saved to: D:\GithubClonefiles\module_unitcommitment\.worktrees\108_168h\output\pcm_com4_loadall_h168_20260823_210543\smooth\clu_ovl\r01\output/details_schedule_results/pcm_simulation_results/intervels_[1]/res_schedule_commitment_result.txt
Step-3: Creating dispatching model (Refactored & Modularized)
  Clustered PCM: 108 physical units -> 31 equivalent units (71.3% state reduction; 108 units in non-singleton clusters)
    5-point output grid is infeasible; retrying this window with 17 points
  Clustered PCM: 108 physical units -> 31 equivalent units (71.3% state reduction; 108 units in non-singleton clusters)
    Refined output grid is infeasible; entering continuous residence-power diagnosis
  Clustered PCM: 108 physical units -> 31 equivalent units (71.3% state reduction; 108 units in non-singleton clusters)
  ⚠ True clustered UC failed at cluster_master: INFEASIBLE; falling back to full unit-network SCUC
	 Variables defined.
DEBUG set_objective_economic!: NT=36, NG=108, ND=91, NW=20, NS=1, K=3, size(refcost)=(108,), size(eachslope)=(3, 108)
objective_function
	MILP economic objective set
subject to.
	 constraints: 1) minimum shutup/shutdown time limits			 done
	 constraints: 2) binary variable logic					 done
	 constraints: 3) shutup/shutdown cost					 done
	 constraints: 4) loadcurtailments and spoliedwinds			 done
	 constraints: 5) generatos power limits					 done
	 constraints: 6) system reserves limits					 done
	 constraints: 7) power balance constraints				 done
	 constraints: 8) ramp-up/ramp-down constraints				 done
	 constraints: 9) piece linearization constraints			 done
	 constraints: 10) transmissionline limits skipped (is_NetWorkCon != 1 or Gsdf missing or NL=0)
	 constraints: 11) stroges system constraints skipped (NC=0 or variables not defined)
	 constraints: 12) data centra constraints skipped (is_ConsiderDataCentra != 1)
	 constraints: 13) frequency control constraints skipped (is_ConsiderFrequencyControl != 1)
	 constraints: 14) hydro power limits					 done
+++++++++++++++++++++++++++++++++++++++++++++++++++++++++++++++++++++++++++++++++++++++++++
Step-4: starting Gurobi solver
Step-5: Gurobi solver finished
+++++++++++++++++++++++++++++++++++++++++++++++++++++++++++++++++++++++++++++++++++++++++++

solution_summary(scuc) = solution_summary(; result = 1, verbose = false)
├ solver_name          : Gurobi
├ Termination
│ ├ termination_status : OPTIMAL
│ ├ result_count       : 1
│ ├ raw_status         : Model was solved to optimality (subject to tolerances), and an optimal solution is available.
│ └ objective_bound    : 1.19372e+16
├ Solution (result = 1)
│ ├ primal_status        : FEASIBLE_POINT
│ ├ dual_status          : NO_SOLUTION
│ ├ objective_value      : 1.19372e+16
│ └ relative_gap         : 1.16235e-09
└ Work counters
  ├ solve_time (sec)   : 5.88000e-01
  ├ simplex_iterations : 0
  ├ barrier_iterations : 0
  └ node_count         : 0


Termination Status: OPTIMAL
Acceptable solution found (Status: OPTIMAL).
Step-6: record datas
PART1: [unit-commitment] calculation result has been saved to: D:\GithubClonefiles\module_unitcommitment\.worktrees\108_168h\output\pcm_com4_loadall_h168_20260823_210543\smooth\clu_ovl\r01\output/details_schedule_results/pcm_simulation_results/intervels_[1]/res_schedule_commitment_result.txt
Step-3: Creating dispatching model (Refactored & Modularized)
  Clustered PCM: 108 physical units -> 31 equivalent units (71.3% state reduction; 108 units in non-singleton clusters)
    5-point output grid is infeasible; retrying this window with 17 points
  Clustered PCM: 108 physical units -> 31 equivalent units (71.3% state reduction; 108 units in non-singleton clusters)
    Refined output grid is infeasible; entering continuous residence-power diagnosis
  Clustered PCM: 108 physical units -> 31 equivalent units (71.3% state reduction; 108 units in non-singleton clusters)
  ⚠ True clustered UC failed at cluster_master: INFEASIBLE; falling back to full unit-network SCUC
	 Variables defined.
DEBUG set_objective_economic!: NT=36, NG=108, ND=91, NW=20, NS=1, K=3, size(refcost)=(108,), size(eachslope)=(3, 108)
objective_function
	MILP economic objective set
subject to.
	 constraints: 1) minimum shutup/shutdown time limits			 done
	 constraints: 2) binary variable logic					 done
	 constraints: 3) shutup/shutdown cost					 done
	 constraints: 4) loadcurtailments and spoliedwinds			 done
	 constraints: 5) generatos power limits					 done
	 constraints: 6) system reserves limits					 done
	 constraints: 7) power balance constraints				 done
	 constraints: 8) ramp-up/ramp-down constraints				 done
	 constraints: 9) piece linearization constraints			 done
	 constraints: 10) transmissionline limits skipped (is_NetWorkCon != 1 or Gsdf missing or NL=0)
	 constraints: 11) stroges system constraints skipped (NC=0 or variables not defined)
	 constraints: 12) data centra constraints skipped (is_ConsiderDataCentra != 1)
	 constraints: 13) frequency control constraints skipped (is_ConsiderFrequencyControl != 1)
	 constraints: 14) hydro power limits					 done
+++++++++++++++++++++++++++++++++++++++++++++++++++++++++++++++++++++++++++++++++++++++++++
Step-4: starting Gurobi solver
Step-5: Gurobi solver finished
+++++++++++++++++++++++++++++++++++++++++++++++++++++++++++++++++++++++++++++++++++++++++++

solution_summary(scuc) = solution_summary(; result = 1, verbose = false)
├ solver_name          : Gurobi
├ Termination
│ ├ termination_status : OPTIMAL
│ ├ result_count       : 1
│ ├ raw_status         : Model was solved to optimality (subject to tolerances), and an optimal solution is available.
│ └ objective_bound    : 1.19372e+16
├ Solution (result = 1)
│ ├ primal_status        : FEASIBLE_POINT
│ ├ dual_status          : NO_SOLUTION
│ ├ objective_value      : 1.19372e+16
│ └ relative_gap         : 1.16235e-09
└ Work counters
  ├ solve_time (sec)   : 5.85000e-01
  ├ simplex_iterations : 0
  ├ barrier_iterations : 0
  └ node_count         : 0


Termination Status: OPTIMAL
Acceptable solution found (Status: OPTIMAL).
Step-6: record datas
PART1: [unit-commitment] calculation result has been saved to: D:\GithubClonefiles\module_unitcommitment\.worktrees\108_168h\output\pcm_com4_loadall_h168_20260823_210543\smooth\clu_ovl\r01\output/details_schedule_results/pcm_simulation_results/intervels_[1]/res_schedule_commitment_result.txt
PART1: [unit-commitment] calculation result has been saved to: D:\GithubClonefiles\module_unitcommitment\.worktrees\108_168h\output\pcm_com4_loadall_h168_20260823_210543\smooth\clu_ovl\r01\output/details_schedule_results/pcm_simulation_results/intervels_[1]/res_schedule_commitment_result.txt
Step-3: Creating dispatching model (Refactored & Modularized)
  Clustered PCM: 108 physical units -> 31 equivalent units (71.3% state reduction; 108 units in non-singleton clusters)
    5-point output grid is infeasible; retrying this window with 17 points
  Clustered PCM: 108 physical units -> 31 equivalent units (71.3% state reduction; 108 units in non-singleton clusters)
    Refined output grid is infeasible; entering continuous residence-power diagnosis
  Clustered PCM: 108 physical units -> 31 equivalent units (71.3% state reduction; 108 units in non-singleton clusters)
  ⚠ True clustered UC failed at cluster_master: INFEASIBLE; falling back to full unit-network SCUC
	 Variables defined.
DEBUG set_objective_economic!: NT=26, NG=108, ND=91, NW=20, NS=1, K=3, size(refcost)=(108,), size(eachslope)=(3, 108)
objective_function
	MILP economic objective set
subject to.
	 constraints: 1) minimum shutup/shutdown time limits			 done
	 constraints: 2) binary variable logic					 done
	 constraints: 3) shutup/shutdown cost					 done
	 constraints: 4) loadcurtailments and spoliedwinds			 done
	 constraints: 5) generatos power limits					 done
	 constraints: 6) system reserves limits					 done
	 constraints: 7) power balance constraints				 done
	 constraints: 8) ramp-up/ramp-down constraints				 done
	 constraints: 9) piece linearization constraints			 done
	 constraints: 10) transmissionline limits skipped (is_NetWorkCon != 1 or Gsdf missing or NL=0)
	 constraints: 11) stroges system constraints skipped (NC=0 or variables not defined)
	 constraints: 12) data centra constraints skipped (is_ConsiderDataCentra != 1)
	 constraints: 13) frequency control constraints skipped (is_ConsiderFrequencyControl != 1)
	 constraints: 14) hydro power limits					 done
+++++++++++++++++++++++++++++++++++++++++++++++++++++++++++++++++++++++++++++++++++++++++++
Step-4: starting Gurobi solver
Step-5: Gurobi solver finished
+++++++++++++++++++++++++++++++++++++++++++++++++++++++++++++++++++++++++++++++++++++++++++

solution_summary(scuc) = solution_summary(; result = 1, verbose = false)
├ solver_name          : Gurobi
├ Termination
│ ├ termination_status : OPTIMAL
│ ├ result_count       : 1
│ ├ raw_status         : Model was solved to optimality (subject to tolerances), and an optimal solution is available.
│ └ objective_bound    : 1.19372e+16
├ Solution (result = 1)
│ ├ primal_status        : FEASIBLE_POINT
│ ├ dual_status          : NO_SOLUTION
│ ├ objective_value      : 1.19372e+16
│ └ relative_gap         : 1.03158e-09
└ Work counters
  ├ solve_time (sec)   : 5.23000e-01
  ├ simplex_iterations : 0
  ├ barrier_iterations : 0
  └ node_count         : 0


Termination Status: OPTIMAL
Acceptable solution found (Status: OPTIMAL).
Step-6: record datas
PART1: [unit-commitment] calculation result has been saved to: D:\GithubClonefiles\module_unitcommitment\.worktrees\108_168h\output\pcm_com4_loadall_h168_20260823_210543\smooth\clu_ovl\r01\output/details_schedule_results/pcm_simulation_results/intervels_[1]/res_schedule_commitment_result.txt
PART1: [unit-commitment] calculation result has been saved to: D:\GithubClonefiles\module_unitcommitment\.worktrees\108_168h\output\pcm_com4_loadall_h168_20260823_210543\smooth\clu_ovl\r01\output/details_schedule_results/pcm_simulation_results/intervels_[1]/res_schedule_commitment_result.txt
Step-3: Creating dispatching model (Refactored & Modularized)
  Clustered PCM: 108 physical units -> 31 equivalent units (71.3% state reduction; 108 units in non-singleton clusters)
    5-point output grid is infeasible; retrying this window with 17 points
  Clustered PCM: 108 physical units -> 31 equivalent units (71.3% state reduction; 108 units in non-singleton clusters)
    Refined output grid is infeasible; entering continuous residence-power diagnosis
  Clustered PCM: 108 physical units -> 31 equivalent units (71.3% state reduction; 108 units in non-singleton clusters)
  ⚠ True clustered UC failed at cluster_master: INFEASIBLE; falling back to full unit-network SCUC
	 Variables defined.
DEBUG set_objective_economic!: NT=31, NG=108, ND=91, NW=20, NS=1, K=3, size(refcost)=(108,), size(eachslope)=(3, 108)
objective_function
	MILP economic objective set
subject to.
	 constraints: 1) minimum shutup/shutdown time limits			 done
	 constraints: 2) binary variable logic					 done
	 constraints: 3) shutup/shutdown cost					 done
	 constraints: 4) loadcurtailments and spoliedwinds			 done
	 constraints: 5) generatos power limits					 done
	 constraints: 6) system reserves limits					 done
	 constraints: 7) power balance constraints				 done
	 constraints: 8) ramp-up/ramp-down constraints				 done
	 constraints: 9) piece linearization constraints			 done
	 constraints: 10) transmissionline limits skipped (is_NetWorkCon != 1 or Gsdf missing or NL=0)
	 constraints: 11) stroges system constraints skipped (NC=0 or variables not defined)
	 constraints: 12) data centra constraints skipped (is_ConsiderDataCentra != 1)
	 constraints: 13) frequency control constraints skipped (is_ConsiderFrequencyControl != 1)
	 constraints: 14) hydro power limits					 done
+++++++++++++++++++++++++++++++++++++++++++++++++++++++++++++++++++++++++++++++++++++++++++
Step-4: starting Gurobi solver
Step-5: Gurobi solver finished
+++++++++++++++++++++++++++++++++++++++++++++++++++++++++++++++++++++++++++++++++++++++++++

solution_summary(scuc) = solution_summary(; result = 1, verbose = false)
├ solver_name          : Gurobi
├ Termination
│ ├ termination_status : OPTIMAL
│ ├ result_count       : 1
│ ├ raw_status         : Model was solved to optimality (subject to tolerances), and an optimal solution is available.
│ └ objective_bound    : 1.19372e+16
├ Solution (result = 1)
│ ├ primal_status        : FEASIBLE_POINT
│ ├ dual_status          : NO_SOLUTION
│ ├ objective_value      : 1.19372e+16
│ └ relative_gap         : 1.09798e-09
└ Work counters
  ├ solve_time (sec)   : 5.06000e-01
  ├ simplex_iterations : 0
  ├ barrier_iterations : 0
  └ node_count         : 0


Termination Status: OPTIMAL
Acceptable solution found (Status: OPTIMAL).
Step-6: record datas
PART1: [unit-commitment] calculation result has been saved to: D:\GithubClonefiles\module_unitcommitment\.worktrees\108_168h\output\pcm_com4_loadall_h168_20260823_210543\smooth\clu_ovl\r01\output/details_schedule_results/pcm_simulation_results/intervels_[1]/res_schedule_commitment_result.txt
PART1: [unit-commitment] calculation result has been saved to: D:\GithubClonefiles\module_unitcommitment\.worktrees\108_168h\output\pcm_com4_loadall_h168_20260823_210543\smooth\clu_ovl\r01\output/details_schedule_results/pcm_simulation_results/intervels_[1]/res_schedule_commitment_result.txt
PART1: [unit-commitment] calculation result has been saved to: D:\GithubClonefiles\module_unitcommitment\.worktrees\108_168h\output\pcm_com4_loadall_h168_20260823_210543\smooth\clu_ovl\r01\output/details_schedule_results/pcm_simulation_results/intervels_[1]/res_schedule_commitment_result.txt
Step-3: Creating dispatching model (Refactored & Modularized)
  Clustered PCM: 108 physical units -> 31 equivalent units (71.3% state reduction; 108 units in non-singleton clusters)
    5-point output grid is infeasible; retrying this window with 17 points
  Clustered PCM: 108 physical units -> 31 equivalent units (71.3% state reduction; 108 units in non-singleton clusters)
    Refined output grid is infeasible; entering continuous residence-power diagnosis
  Clustered PCM: 108 physical units -> 31 equivalent units (71.3% state reduction; 108 units in non-singleton clusters)
  ⚠ True clustered UC failed at cluster_master: INFEASIBLE; falling back to full unit-network SCUC
	 Variables defined.
DEBUG set_objective_economic!: NT=36, NG=108, ND=91, NW=20, NS=1, K=3, size(refcost)=(108,), size(eachslope)=(3, 108)
objective_function
	MILP economic objective set
subject to.
	 constraints: 1) minimum shutup/shutdown time limits			 done
	 constraints: 2) binary variable logic					 done
	 constraints: 3) shutup/shutdown cost					 done
	 constraints: 4) loadcurtailments and spoliedwinds			 done
	 constraints: 5) generatos power limits					 done
	 constraints: 6) system reserves limits					 done
	 constraints: 7) power balance constraints				 done
	 constraints: 8) ramp-up/ramp-down constraints				 done
	 constraints: 9) piece linearization constraints			 done
	 constraints: 10) transmissionline limits skipped (is_NetWorkCon != 1 or Gsdf missing or NL=0)
	 constraints: 11) stroges system constraints skipped (NC=0 or variables not defined)
	 constraints: 12) data centra constraints skipped (is_ConsiderDataCentra != 1)
	 constraints: 13) frequency control constraints skipped (is_ConsiderFrequencyControl != 1)
	 constraints: 14) hydro power limits					 done
+++++++++++++++++++++++++++++++++++++++++++++++++++++++++++++++++++++++++++++++++++++++++++
Step-4: starting Gurobi solver
Step-5: Gurobi solver finished
+++++++++++++++++++++++++++++++++++++++++++++++++++++++++++++++++++++++++++++++++++++++++++

solution_summary(scuc) = solution_summary(; result = 1, verbose = false)
├ solver_name          : Gurobi
├ Termination
│ ├ termination_status : OPTIMAL
│ ├ result_count       : 1
│ ├ raw_status         : Model was solved to optimality (subject to tolerances), and an optimal solution is available.
│ └ objective_bound    : 1.36618e+16
├ Solution (result = 1)
│ ├ primal_status        : FEASIBLE_POINT
│ ├ dual_status          : NO_SOLUTION
│ ├ objective_value      : 1.36618e+16
│ └ relative_gap         : 1.04807e-09
└ Work counters
  ├ solve_time (sec)   : 6.03000e-01
  ├ simplex_iterations : 0
  ├ barrier_iterations : 0
  └ node_count         : 0


Termination Status: OPTIMAL
Acceptable solution found (Status: OPTIMAL).
Step-6: record datas
PART1: [unit-commitment] calculation result has been saved to: D:\GithubClonefiles\module_unitcommitment\.worktrees\108_168h\output\pcm_com4_loadall_h168_20260823_210543\smooth\clu_ovl\r01\output/details_schedule_results/pcm_simulation_results/intervels_[1]/res_schedule_commitment_result.txt
Step-3: Creating dispatching model (Refactored & Modularized)
  Clustered PCM: 108 physical units -> 31 equivalent units (71.3% state reduction; 108 units in non-singleton clusters)
    5-point output grid is infeasible; retrying this window with 17 points
  Clustered PCM: 108 physical units -> 31 equivalent units (71.3% state reduction; 108 units in non-singleton clusters)
    Refined output grid is infeasible; entering continuous residence-power diagnosis
  Clustered PCM: 108 physical units -> 31 equivalent units (71.3% state reduction; 108 units in non-singleton clusters)
  ⚠ True clustered UC failed at cluster_master: INFEASIBLE; falling back to full unit-network SCUC
	 Variables defined.
DEBUG set_objective_economic!: NT=36, NG=108, ND=91, NW=20, NS=1, K=3, size(refcost)=(108,), size(eachslope)=(3, 108)
objective_function
	MILP economic objective set
subject to.
	 constraints: 1) minimum shutup/shutdown time limits			 done
	 constraints: 2) binary variable logic					 done
	 constraints: 3) shutup/shutdown cost					 done
	 constraints: 4) loadcurtailments and spoliedwinds			 done
	 constraints: 5) generatos power limits					 done
	 constraints: 6) system reserves limits					 done
	 constraints: 7) power balance constraints				 done
	 constraints: 8) ramp-up/ramp-down constraints				 done
	 constraints: 9) piece linearization constraints			 done
	 constraints: 10) transmissionline limits skipped (is_NetWorkCon != 1 or Gsdf missing or NL=0)
	 constraints: 11) stroges system constraints skipped (NC=0 or variables not defined)
	 constraints: 12) data centra constraints skipped (is_ConsiderDataCentra != 1)
	 constraints: 13) frequency control constraints skipped (is_ConsiderFrequencyControl != 1)
	 constraints: 14) hydro power limits					 done
+++++++++++++++++++++++++++++++++++++++++++++++++++++++++++++++++++++++++++++++++++++++++++
Step-4: starting Gurobi solver
Step-5: Gurobi solver finished
+++++++++++++++++++++++++++++++++++++++++++++++++++++++++++++++++++++++++++++++++++++++++++

solution_summary(scuc) = solution_summary(; result = 1, verbose = false)
├ solver_name          : Gurobi
├ Termination
│ ├ termination_status : OPTIMAL
│ ├ result_count       : 1
│ ├ raw_status         : Model was solved to optimality (subject to tolerances), and an optimal solution is available.
│ └ objective_bound    : 1.36618e+16
├ Solution (result = 1)
│ ├ primal_status        : FEASIBLE_POINT
│ ├ dual_status          : NO_SOLUTION
│ ├ objective_value      : 1.36618e+16
│ └ relative_gap         : 1.04807e-09
└ Work counters
  ├ solve_time (sec)   : 5.84000e-01
  ├ simplex_iterations : 0
  ├ barrier_iterations : 0
  └ node_count         : 0


Termination Status: OPTIMAL
Acceptable solution found (Status: OPTIMAL).
Step-6: record datas
PART1: [unit-commitment] calculation result has been saved to: D:\GithubClonefiles\module_unitcommitment\.worktrees\108_168h\output\pcm_com4_loadall_h168_20260823_210543\smooth\clu_ovl\r01\output/details_schedule_results/pcm_simulation_results/intervels_[1]/res_schedule_commitment_result.txt
PART1: [unit-commitment] calculation result has been saved to: D:\GithubClonefiles\module_unitcommitment\.worktrees\108_168h\output\pcm_com4_loadall_h168_20260823_210543\smooth\clu_ovl\r01\output/details_schedule_results/pcm_simulation_results/intervels_[1]/res_schedule_commitment_result.txt
Step-3: Creating dispatching model (Refactored & Modularized)
  Clustered PCM: 108 physical units -> 31 equivalent units (71.3% state reduction; 108 units in non-singleton clusters)
    5-point output grid is infeasible; retrying this window with 17 points
  Clustered PCM: 108 physical units -> 31 equivalent units (71.3% state reduction; 108 units in non-singleton clusters)
    Refined output grid is infeasible; entering continuous residence-power diagnosis
  Clustered PCM: 108 physical units -> 31 equivalent units (71.3% state reduction; 108 units in non-singleton clusters)
  ⚠ True clustered UC failed at cluster_master: INFEASIBLE; falling back to full unit-network SCUC
	 Variables defined.
DEBUG set_objective_economic!: NT=26, NG=108, ND=91, NW=20, NS=1, K=3, size(refcost)=(108,), size(eachslope)=(3, 108)
objective_function
	MILP economic objective set
subject to.
	 constraints: 1) minimum shutup/shutdown time limits			 done
	 constraints: 2) binary variable logic					 done
	 constraints: 3) shutup/shutdown cost					 done
	 constraints: 4) loadcurtailments and spoliedwinds			 done
	 constraints: 5) generatos power limits					 done
	 constraints: 6) system reserves limits					 done
	 constraints: 7) power balance constraints				 done
	 constraints: 8) ramp-up/ramp-down constraints				 done
	 constraints: 9) piece linearization constraints			 done
	 constraints: 10) transmissionline limits skipped (is_NetWorkCon != 1 or Gsdf missing or NL=0)
	 constraints: 11) stroges system constraints skipped (NC=0 or variables not defined)
	 constraints: 12) data centra constraints skipped (is_ConsiderDataCentra != 1)
	 constraints: 13) frequency control constraints skipped (is_ConsiderFrequencyControl != 1)
	 constraints: 14) hydro power limits					 done
+++++++++++++++++++++++++++++++++++++++++++++++++++++++++++++++++++++++++++++++++++++++++++
Step-4: starting Gurobi solver
Step-5: Gurobi solver finished
+++++++++++++++++++++++++++++++++++++++++++++++++++++++++++++++++++++++++++++++++++++++++++

solution_summary(scuc) = solution_summary(; result = 1, verbose = false)
├ solver_name          : Gurobi
├ Termination
│ ├ termination_status : OPTIMAL
│ ├ result_count       : 1
│ ├ raw_status         : Model was solved to optimality (subject to tolerances), and an optimal solution is available.
│ └ objective_bound    : 1.36618e+16
├ Solution (result = 1)
│ ├ primal_status        : FEASIBLE_POINT
│ ├ dual_status          : NO_SOLUTION
│ ├ objective_value      : 1.36618e+16
│ └ relative_gap         : 8.96612e-10
└ Work counters
  ├ solve_time (sec)   : 4.86000e-01
  ├ simplex_iterations : 0
  ├ barrier_iterations : 0
  └ node_count         : 0


Termination Status: OPTIMAL
Acceptable solution found (Status: OPTIMAL).
Step-6: record datas
PART1: [unit-commitment] calculation result has been saved to: D:\GithubClonefiles\module_unitcommitment\.worktrees\108_168h\output\pcm_com4_loadall_h168_20260823_210543\smooth\clu_ovl\r01\output/details_schedule_results/pcm_simulation_results/intervels_[1]/res_schedule_commitment_result.txt
PART1: [unit-commitment] calculation result has been saved to: D:\GithubClonefiles\module_unitcommitment\.worktrees\108_168h\output\pcm_com4_loadall_h168_20260823_210543\smooth\clu_ovl\r01\output/details_schedule_results/pcm_simulation_results/intervels_[1]/res_schedule_commitment_result.txt
Step-3: Creating dispatching model (Refactored & Modularized)
  Clustered PCM: 108 physical units -> 31 equivalent units (71.3% state reduction; 108 units in non-singleton clusters)
    5-point output grid is infeasible; retrying this window with 17 points
  Clustered PCM: 108 physical units -> 31 equivalent units (71.3% state reduction; 108 units in non-singleton clusters)
    Refined output grid is infeasible; entering continuous residence-power diagnosis
  Clustered PCM: 108 physical units -> 31 equivalent units (71.3% state reduction; 108 units in non-singleton clusters)
  ⚠ True clustered UC failed at cluster_master: INFEASIBLE; falling back to full unit-network SCUC
	 Variables defined.
DEBUG set_objective_economic!: NT=31, NG=108, ND=91, NW=20, NS=1, K=3, size(refcost)=(108,), size(eachslope)=(3, 108)
objective_function
	MILP economic objective set
subject to.
	 constraints: 1) minimum shutup/shutdown time limits			 done
	 constraints: 2) binary variable logic					 done
	 constraints: 3) shutup/shutdown cost					 done
	 constraints: 4) loadcurtailments and spoliedwinds			 done
	 constraints: 5) generatos power limits					 done
	 constraints: 6) system reserves limits					 done
	 constraints: 7) power balance constraints				 done
	 constraints: 8) ramp-up/ramp-down constraints				 done
	 constraints: 9) piece linearization constraints			 done
	 constraints: 10) transmissionline limits skipped (is_NetWorkCon != 1 or Gsdf missing or NL=0)
	 constraints: 11) stroges system constraints skipped (NC=0 or variables not defined)
	 constraints: 12) data centra constraints skipped (is_ConsiderDataCentra != 1)
	 constraints: 13) frequency control constraints skipped (is_ConsiderFrequencyControl != 1)
	 constraints: 14) hydro power limits					 done
+++++++++++++++++++++++++++++++++++++++++++++++++++++++++++++++++++++++++++++++++++++++++++
Step-4: starting Gurobi solver
Step-5: Gurobi solver finished
+++++++++++++++++++++++++++++++++++++++++++++++++++++++++++++++++++++++++++++++++++++++++++

solution_summary(scuc) = solution_summary(; result = 1, verbose = false)
├ solver_name          : Gurobi
├ Termination
│ ├ termination_status : OPTIMAL
│ ├ result_count       : 1
│ ├ raw_status         : Model was solved to optimality (subject to tolerances), and an optimal solution is available.
│ └ objective_bound    : 1.36618e+16
├ Solution (result = 1)
│ ├ primal_status        : FEASIBLE_POINT
│ ├ dual_status          : NO_SOLUTION
│ ├ objective_value      : 1.36618e+16
│ └ relative_gap         : 9.55128e-10
└ Work counters
  ├ solve_time (sec)   : 4.96000e-01
  ├ simplex_iterations : 0
  ├ barrier_iterations : 0
  └ node_count         : 0


Termination Status: OPTIMAL
Acceptable solution found (Status: OPTIMAL).
Step-6: record datas
PART1: [unit-commitment] calculation result has been saved to: D:\GithubClonefiles\module_unitcommitment\.worktrees\108_168h\output\pcm_com4_loadall_h168_20260823_210543\smooth\clu_ovl\r01\output/details_schedule_results/pcm_simulation_results/intervels_[1]/res_schedule_commitment_result.txt
PART1: [unit-commitment] calculation result has been saved to: D:\GithubClonefiles\module_unitcommitment\.worktrees\108_168h\output\pcm_com4_loadall_h168_20260823_210543\smooth\clu_ovl\r01\output/details_schedule_results/pcm_simulation_results/intervels_[1]/res_schedule_commitment_result.txt
PART1: [unit-commitment] calculation result has been saved to: D:\GithubClonefiles\module_unitcommitment\.worktrees\108_168h\output\pcm_com4_loadall_h168_20260823_210543\smooth\clu_ovl\r01\output/details_schedule_results/pcm_simulation_results/intervels_[1]/res_schedule_commitment_result.txt
Step-3: Creating dispatching model (Refactored & Modularized)
  Clustered PCM: 108 physical units -> 31 equivalent units (71.3% state reduction; 108 units in non-singleton clusters)
    5-point output grid is infeasible; retrying this window with 17 points
  Clustered PCM: 108 physical units -> 31 equivalent units (71.3% state reduction; 108 units in non-singleton clusters)
    Refined output grid is infeasible; entering continuous residence-power diagnosis
Set parameter Username
Set parameter LicenseID to value 2826524
Academic license - for non-commercial use only - expires 2027-05-22
Set parameter Username
Set parameter LicenseID to value 2826524
Academic license - for non-commercial use only - expires 2027-05-22
Set parameter Username
Set parameter LicenseID to value 2826524
Academic license - for non-commercial use only - expires 2027-05-22
Set parameter Username
Set parameter LicenseID to value 2826524
Academic license - for non-commercial use only - expires 2027-05-22
Set parameter Username
Set parameter LicenseID to value 2826524
Academic license - for non-commercial use only - expires 2027-05-22
Set parameter Username
Set parameter LicenseID to value 2826524
Academic license - for non-commercial use only - expires 2027-05-22
Set parameter Username
Set parameter LicenseID to value 2826524
Academic license - for non-commercial use only - expires 2027-05-22
Set parameter Username
Set parameter LicenseID to value 2826524
Academic license - for non-commercial use only - expires 2027-05-22
Set parameter Username
Set parameter LicenseID to value 2826524
Academic license - for non-commercial use only - expires 2027-05-22
Set parameter Username
Set parameter LicenseID to value 2826524
Academic license - for non-commercial use only - expires 2027-05-22
Set parameter Username
Set parameter LicenseID to value 2826524
Academic license - for non-commercial use only - expires 2027-05-22
Set parameter Username
Set parameter LicenseID to value 2826524
Academic license - for non-commercial use only - expires 2027-05-22
Set parameter Username
Set parameter LicenseID to value 2826524
Academic license - for non-commercial use only - expires 2027-05-22
Set parameter Username
Set parameter LicenseID to value 2826524
Academic license - for non-commercial use only - expires 2027-05-22
Set parameter Username
Set parameter LicenseID to value 2826524
Academic license - for non-commercial use only - expires 2027-05-22
Set parameter Username
Set parameter LicenseID to value 2826524
Academic license - for non-commercial use only - expires 2027-05-22
Set parameter Username
Set parameter LicenseID to value 2826524
Academic license - for non-commercial use only - expires 2027-05-22
Set parameter Username
Set parameter LicenseID to value 2826524
Academic license - for non-commercial use only - expires 2027-05-22
Set parameter Username
Set parameter LicenseID to value 2826524
Academic license - for non-commercial use only - expires 2027-05-22
Set parameter Username
Set parameter LicenseID to value 2826524
Academic license - for non-commercial use only - expires 2027-05-22
Set parameter Username
Set parameter LicenseID to value 2826524
Academic license - for non-commercial use only - expires 2027-05-22
Set parameter Username
Set parameter LicenseID to value 2826524
Academic license - for non-commercial use only - expires 2027-05-22
Set parameter Username
Set parameter LicenseID to value 2826524
Academic license - for non-commercial use only - expires 2027-05-22
Set parameter Username
Set parameter LicenseID to value 2826524
Academic license - for non-commercial use only - expires 2027-05-22
Set parameter Username
Set parameter LicenseID to value 2826524
Academic license - for non-commercial use only - expires 2027-05-22
Set parameter Username
Set parameter LicenseID to value 2826524
Academic license - for non-commercial use only - expires 2027-05-22
Set parameter Username
Set parameter LicenseID to value 2826524
Academic license - for non-commercial use only - expires 2027-05-22
Set parameter Username
Set parameter LicenseID to value 2826524
Academic license - for non-commercial use only - expires 2027-05-22
Set parameter Username
Set parameter LicenseID to value 2826524
Academic license - for non-commercial use only - expires 2027-05-22
Set parameter Username
Set parameter LicenseID to value 2826524
Academic license - for non-commercial use only - expires 2027-05-22
Set parameter Username
Set parameter LicenseID to value 2826524
Academic license - for non-commercial use only - expires 2027-05-22
Set parameter Username
Set parameter LicenseID to value 2826524
Academic license - for non-commercial use only - expires 2027-05-22
Set parameter Username
Set parameter LicenseID to value 2826524
Academic license - for non-commercial use only - expires 2027-05-22
Set parameter Username
Set parameter LicenseID to value 2826524
Academic license - for non-commercial use only - expires 2027-05-22
Set parameter Username
Set parameter LicenseID to value 2826524
Academic license - for non-commercial use only - expires 2027-05-22
Set parameter Username
Set parameter LicenseID to value 2826524
Academic license - for non-commercial use only - expires 2027-05-22
Set parameter Username
Set parameter LicenseID to value 2826524
Academic license - for non-commercial use only - expires 2027-05-22
Set parameter Username
Set parameter LicenseID to value 2826524
Academic license - for non-commercial use only - expires 2027-05-22
  Clustered PCM: 108 physical units -> 31 equivalent units (71.3% state reduction; 108 units in non-singleton clusters)
  ⚠ True clustered UC failed at cluster_master: INFEASIBLE; falling back to full unit-network SCUC
	 Variables defined.
DEBUG set_objective_economic!: NT=36, NG=108, ND=91, NW=20, NS=1, K=3, size(refcost)=(108,), size(eachslope)=(3, 108)
objective_function
	MILP economic objective set
subject to.
	 constraints: 1) minimum shutup/shutdown time limits			 done
	 constraints: 2) binary variable logic					 done
	 constraints: 3) shutup/shutdown cost					 done
	 constraints: 4) loadcurtailments and spoliedwinds			 done
	 constraints: 5) generatos power limits					 done
	 constraints: 6) system reserves limits					 done
	 constraints: 7) power balance constraints				 done
	 constraints: 8) ramp-up/ramp-down constraints				 done
	 constraints: 9) piece linearization constraints			 done
	 constraints: 10) transmissionline limits skipped (is_NetWorkCon != 1 or Gsdf missing or NL=0)
	 constraints: 11) stroges system constraints skipped (NC=0 or variables not defined)
	 constraints: 12) data centra constraints skipped (is_ConsiderDataCentra != 1)
	 constraints: 13) frequency control constraints skipped (is_ConsiderFrequencyControl != 1)
	 constraints: 14) hydro power limits					 done
+++++++++++++++++++++++++++++++++++++++++++++++++++++++++++++++++++++++++++++++++++++++++++
Step-4: starting Gurobi solver
Step-5: Gurobi solver finished
+++++++++++++++++++++++++++++++++++++++++++++++++++++++++++++++++++++++++++++++++++++++++++

solution_summary(scuc) = solution_summary(; result = 1, verbose = false)
├ solver_name          : Gurobi
├ Termination
│ ├ termination_status : OPTIMAL
│ ├ result_count       : 1
│ ├ raw_status         : Model was solved to optimality (subject to tolerances), and an optimal solution is available.
│ └ objective_bound    : 1.21077e+16
├ Solution (result = 1)
│ ├ primal_status        : FEASIBLE_POINT
│ ├ dual_status          : NO_SOLUTION
│ ├ objective_value      : 1.21077e+16
│ └ relative_gap         : 1.37754e-09
└ Work counters
  ├ solve_time (sec)   : 6.59000e-01
  ├ simplex_iterations : 0
  ├ barrier_iterations : 0
  └ node_count         : 0


Termination Status: OPTIMAL
Acceptable solution found (Status: OPTIMAL).
Step-6: record datas
PART1: [unit-commitment] calculation result has been saved to: D:\GithubClonefiles\module_unitcommitment\.worktrees\108_168h\output\pcm_com4_loadall_h168_20260823_210543\smooth\clu_ovl\r01\output/details_schedule_results/pcm_simulation_results/intervels_[1]/res_schedule_commitment_result.txt
Step-3: Creating dispatching model (Refactored & Modularized)
  Clustered PCM: 108 physical units -> 31 equivalent units (71.3% state reduction; 108 units in non-singleton clusters)
    5-point output grid is infeasible; retrying this window with 17 points
  Clustered PCM: 108 physical units -> 31 equivalent units (71.3% state reduction; 108 units in non-singleton clusters)
    Refined output grid is infeasible; entering continuous residence-power diagnosis
  Clustered PCM: 108 physical units -> 31 equivalent units (71.3% state reduction; 108 units in non-singleton clusters)
  ⚠ True clustered UC failed at cluster_master: INFEASIBLE; falling back to full unit-network SCUC
	 Variables defined.
DEBUG set_objective_economic!: NT=36, NG=108, ND=91, NW=20, NS=1, K=3, size(refcost)=(108,), size(eachslope)=(3, 108)
objective_function
	MILP economic objective set
subject to.
	 constraints: 1) minimum shutup/shutdown time limits			 done
	 constraints: 2) binary variable logic					 done
	 constraints: 3) shutup/shutdown cost					 done
	 constraints: 4) loadcurtailments and spoliedwinds			 done
	 constraints: 5) generatos power limits					 done
	 constraints: 6) system reserves limits					 done
	 constraints: 7) power balance constraints				 done
	 constraints: 8) ramp-up/ramp-down constraints				 done
	 constraints: 9) piece linearization constraints			 done
	 constraints: 10) transmissionline limits skipped (is_NetWorkCon != 1 or Gsdf missing or NL=0)
	 constraints: 11) stroges system constraints skipped (NC=0 or variables not defined)
	 constraints: 12) data centra constraints skipped (is_ConsiderDataCentra != 1)
	 constraints: 13) frequency control constraints skipped (is_ConsiderFrequencyControl != 1)
	 constraints: 14) hydro power limits					 done
+++++++++++++++++++++++++++++++++++++++++++++++++++++++++++++++++++++++++++++++++++++++++++
Step-4: starting Gurobi solver
Step-5: Gurobi solver finished
+++++++++++++++++++++++++++++++++++++++++++++++++++++++++++++++++++++++++++++++++++++++++++

solution_summary(scuc) = solution_summary(; result = 1, verbose = false)
├ solver_name          : Gurobi
├ Termination
│ ├ termination_status : OPTIMAL
│ ├ result_count       : 1
│ ├ raw_status         : Model was solved to optimality (subject to tolerances), and an optimal solution is available.
│ └ objective_bound    : 1.21077e+16
├ Solution (result = 1)
│ ├ primal_status        : FEASIBLE_POINT
│ ├ dual_status          : NO_SOLUTION
│ ├ objective_value      : 1.21077e+16
│ └ relative_gap         : 1.37754e-09
└ Work counters
  ├ solve_time (sec)   : 5.85000e-01
  ├ simplex_iterations : 0
  ├ barrier_iterations : 0
  └ node_count         : 0


Termination Status: OPTIMAL
Acceptable solution found (Status: OPTIMAL).
Step-6: record datas
PART1: [unit-commitment] calculation result has been saved to: D:\GithubClonefiles\module_unitcommitment\.worktrees\108_168h\output\pcm_com4_loadall_h168_20260823_210543\smooth\clu_ovl\r01\output/details_schedule_results/pcm_simulation_results/intervels_[1]/res_schedule_commitment_result.txt
PART1: [unit-commitment] calculation result has been saved to: D:\GithubClonefiles\module_unitcommitment\.worktrees\108_168h\output\pcm_com4_loadall_h168_20260823_210543\smooth\clu_ovl\r01\output/details_schedule_results/pcm_simulation_results/intervels_[1]/res_schedule_commitment_result.txt
Step-3: Creating dispatching model (Refactored & Modularized)
  Clustered PCM: 108 physical units -> 31 equivalent units (71.3% state reduction; 108 units in non-singleton clusters)
    5-point output grid is infeasible; retrying this window with 17 points
  Clustered PCM: 108 physical units -> 31 equivalent units (71.3% state reduction; 108 units in non-singleton clusters)
    Refined output grid is infeasible; entering continuous residence-power diagnosis
  Clustered PCM: 108 physical units -> 31 equivalent units (71.3% state reduction; 108 units in non-singleton clusters)
  ⚠ True clustered UC failed at cluster_master: INFEASIBLE; falling back to full unit-network SCUC
	 Variables defined.
DEBUG set_objective_economic!: NT=26, NG=108, ND=91, NW=20, NS=1, K=3, size(refcost)=(108,), size(eachslope)=(3, 108)
objective_function
	MILP economic objective set
subject to.
	 constraints: 1) minimum shutup/shutdown time limits			 done
	 constraints: 2) binary variable logic					 done
	 constraints: 3) shutup/shutdown cost					 done
	 constraints: 4) loadcurtailments and spoliedwinds			 done
	 constraints: 5) generatos power limits					 done
	 constraints: 6) system reserves limits					 done
	 constraints: 7) power balance constraints				 done
	 constraints: 8) ramp-up/ramp-down constraints				 done
	 constraints: 9) piece linearization constraints			 done
	 constraints: 10) transmissionline limits skipped (is_NetWorkCon != 1 or Gsdf missing or NL=0)
	 constraints: 11) stroges system constraints skipped (NC=0 or variables not defined)
	 constraints: 12) data centra constraints skipped (is_ConsiderDataCentra != 1)
	 constraints: 13) frequency control constraints skipped (is_ConsiderFrequencyControl != 1)
	 constraints: 14) hydro power limits					 done
+++++++++++++++++++++++++++++++++++++++++++++++++++++++++++++++++++++++++++++++++++++++++++
Step-4: starting Gurobi solver
Step-5: Gurobi solver finished
+++++++++++++++++++++++++++++++++++++++++++++++++++++++++++++++++++++++++++++++++++++++++++

solution_summary(scuc) = solution_summary(; result = 1, verbose = false)
├ solver_name          : Gurobi
├ Termination
│ ├ termination_status : OPTIMAL
│ ├ result_count       : 1
│ ├ raw_status         : Model was solved to optimality (subject to tolerances), and an optimal solution is available.
│ └ objective_bound    : 1.21077e+16
├ Solution (result = 1)
│ ├ primal_status        : FEASIBLE_POINT
│ ├ dual_status          : NO_SOLUTION
│ ├ objective_value      : 1.21077e+16
│ └ relative_gap         : 1.00661e-09
└ Work counters
  ├ solve_time (sec)   : 4.93000e-01
  ├ simplex_iterations : 0
  ├ barrier_iterations : 0
  └ node_count         : 0


Termination Status: OPTIMAL
Acceptable solution found (Status: OPTIMAL).
Step-6: record datas
PART1: [unit-commitment] calculation result has been saved to: D:\GithubClonefiles\module_unitcommitment\.worktrees\108_168h\output\pcm_com4_loadall_h168_20260823_210543\smooth\clu_ovl\r01\output/details_schedule_results/pcm_simulation_results/intervels_[1]/res_schedule_commitment_result.txt
PART1: [unit-commitment] calculation result has been saved to: D:\GithubClonefiles\module_unitcommitment\.worktrees\108_168h\output\pcm_com4_loadall_h168_20260823_210543\smooth\clu_ovl\r01\output/details_schedule_results/pcm_simulation_results/intervels_[1]/res_schedule_commitment_result.txt
Step-3: Creating dispatching model (Refactored & Modularized)
  Clustered PCM: 108 physical units -> 31 equivalent units (71.3% state reduction; 108 units in non-singleton clusters)
    5-point output grid is infeasible; retrying this window with 17 points
  Clustered PCM: 108 physical units -> 31 equivalent units (71.3% state reduction; 108 units in non-singleton clusters)
    Refined output grid is infeasible; entering continuous residence-power diagnosis
  Clustered PCM: 108 physical units -> 31 equivalent units (71.3% state reduction; 108 units in non-singleton clusters)
  ⚠ True clustered UC failed at cluster_master: INFEASIBLE; falling back to full unit-network SCUC
	 Variables defined.
DEBUG set_objective_economic!: NT=31, NG=108, ND=91, NW=20, NS=1, K=3, size(refcost)=(108,), size(eachslope)=(3, 108)
objective_function
	MILP economic objective set
subject to.
	 constraints: 1) minimum shutup/shutdown time limits			 done
	 constraints: 2) binary variable logic					 done
	 constraints: 3) shutup/shutdown cost					 done
	 constraints: 4) loadcurtailments and spoliedwinds			 done
	 constraints: 5) generatos power limits					 done
	 constraints: 6) system reserves limits					 done
	 constraints: 7) power balance constraints				 done
	 constraints: 8) ramp-up/ramp-down constraints				 done
	 constraints: 9) piece linearization constraints			 done
	 constraints: 10) transmissionline limits skipped (is_NetWorkCon != 1 or Gsdf missing or NL=0)
	 constraints: 11) stroges system constraints skipped (NC=0 or variables not defined)
	 constraints: 12) data centra constraints skipped (is_ConsiderDataCentra != 1)
	 constraints: 13) frequency control constraints skipped (is_ConsiderFrequencyControl != 1)
	 constraints: 14) hydro power limits					 done
+++++++++++++++++++++++++++++++++++++++++++++++++++++++++++++++++++++++++++++++++++++++++++
Step-4: starting Gurobi solver
Step-5: Gurobi solver finished
+++++++++++++++++++++++++++++++++++++++++++++++++++++++++++++++++++++++++++++++++++++++++++

solution_summary(scuc) = solution_summary(; result = 1, verbose = false)
├ solver_name          : Gurobi
├ Termination
│ ├ termination_status : OPTIMAL
│ ├ result_count       : 1
│ ├ raw_status         : Model was solved to optimality (subject to tolerances), and an optimal solution is available.
│ └ objective_bound    : 1.21077e+16
├ Solution (result = 1)
│ ├ primal_status        : FEASIBLE_POINT
│ ├ dual_status          : NO_SOLUTION
│ ├ objective_value      : 1.21077e+16
│ └ relative_gap         : 1.07329e-09
└ Work counters
  ├ solve_time (sec)   : 5.71000e-01
  ├ simplex_iterations : 0
  ├ barrier_iterations : 0
  └ node_count         : 0


Termination Status: OPTIMAL
Acceptable solution found (Status: OPTIMAL).
Step-6: record datas
PART1: [unit-commitment] calculation result has been saved to: D:\GithubClonefiles\module_unitcommitment\.worktrees\108_168h\output\pcm_com4_loadall_h168_20260823_210543\smooth\clu_ovl\r01\output/details_schedule_results/pcm_simulation_results/intervels_[1]/res_schedule_commitment_result.txt
PART1: [unit-commitment] calculation result has been saved to: D:\GithubClonefiles\module_unitcommitment\.worktrees\108_168h\output\pcm_com4_loadall_h168_20260823_210543\smooth\clu_ovl\r01\output/details_schedule_results/pcm_simulation_results/intervels_[1]/res_schedule_commitment_result.txt
PART1: [unit-commitment] calculation result has been saved to: D:\GithubClonefiles\module_unitcommitment\.worktrees\108_168h\output\pcm_com4_loadall_h168_20260823_210543\smooth\clu_ovl\r01\output/details_schedule_results/pcm_simulation_results/intervels_[1]/res_schedule_commitment_result.txt
Step-3: Creating dispatching model (Refactored & Modularized)
  Clustered PCM: 108 physical units -> 31 equivalent units (71.3% state reduction; 108 units in non-singleton clusters)
    5-point output grid is infeasible; retrying this window with 17 points
  Clustered PCM: 108 physical units -> 31 equivalent units (71.3% state reduction; 108 units in non-singleton clusters)
    Refined output grid is infeasible; entering continuous residence-power diagnosis
  Clustered PCM: 108 physical units -> 31 equivalent units (71.3% state reduction; 108 units in non-singleton clusters)
  ⚠ True clustered UC failed at cluster_master: INFEASIBLE; falling back to full unit-network SCUC
	 Variables defined.
DEBUG set_objective_economic!: NT=36, NG=108, ND=91, NW=20, NS=1, K=3, size(refcost)=(108,), size(eachslope)=(3, 108)
objective_function
	MILP economic objective set
subject to.
	 constraints: 1) minimum shutup/shutdown time limits			 done
	 constraints: 2) binary variable logic					 done
	 constraints: 3) shutup/shutdown cost					 done
	 constraints: 4) loadcurtailments and spoliedwinds			 done
	 constraints: 5) generatos power limits					 done
	 constraints: 6) system reserves limits					 done
	 constraints: 7) power balance constraints				 done
	 constraints: 8) ramp-up/ramp-down constraints				 done
	 constraints: 9) piece linearization constraints			 done
	 constraints: 10) transmissionline limits skipped (is_NetWorkCon != 1 or Gsdf missing or NL=0)
	 constraints: 11) stroges system constraints skipped (NC=0 or variables not defined)
	 constraints: 12) data centra constraints skipped (is_ConsiderDataCentra != 1)
	 constraints: 13) frequency control constraints skipped (is_ConsiderFrequencyControl != 1)
	 constraints: 14) hydro power limits					 done
+++++++++++++++++++++++++++++++++++++++++++++++++++++++++++++++++++++++++++++++++++++++++++
Step-4: starting Gurobi solver
Step-5: Gurobi solver finished
+++++++++++++++++++++++++++++++++++++++++++++++++++++++++++++++++++++++++++++++++++++++++++

solution_summary(scuc) = solution_summary(; result = 1, verbose = false)
├ solver_name          : Gurobi
├ Termination
│ ├ termination_status : OPTIMAL
│ ├ result_count       : 1
│ ├ raw_status         : Model was solved to optimality (subject to tolerances), and an optimal solution is available.
│ └ objective_bound    : 1.53330e+16
├ Solution (result = 1)
│ ├ primal_status        : FEASIBLE_POINT
│ ├ dual_status          : NO_SOLUTION
│ ├ objective_value      : 1.53330e+16
│ └ relative_gap         : 1.36689e-09
└ Work counters
  ├ solve_time (sec)   : 5.97000e-01
  ├ simplex_iterations : 0
  ├ barrier_iterations : 0
  └ node_count         : 0


Termination Status: OPTIMAL
Acceptable solution found (Status: OPTIMAL).
Step-6: record datas
PART1: [unit-commitment] calculation result has been saved to: D:\GithubClonefiles\module_unitcommitment\.worktrees\108_168h\output\pcm_com4_loadall_h168_20260823_210543\smooth\clu_ovl\r01\output/details_schedule_results/pcm_simulation_results/intervels_[1]/res_schedule_commitment_result.txt
Step-3: Creating dispatching model (Refactored & Modularized)
  Clustered PCM: 108 physical units -> 31 equivalent units (71.3% state reduction; 108 units in non-singleton clusters)
    5-point output grid is infeasible; retrying this window with 17 points
  Clustered PCM: 108 physical units -> 31 equivalent units (71.3% state reduction; 108 units in non-singleton clusters)
    Refined output grid is infeasible; entering continuous residence-power diagnosis
  Clustered PCM: 108 physical units -> 31 equivalent units (71.3% state reduction; 108 units in non-singleton clusters)
  ⚠ True clustered UC failed at cluster_master: INFEASIBLE; falling back to full unit-network SCUC
	 Variables defined.
DEBUG set_objective_economic!: NT=36, NG=108, ND=91, NW=20, NS=1, K=3, size(refcost)=(108,), size(eachslope)=(3, 108)
objective_function
	MILP economic objective set
subject to.
	 constraints: 1) minimum shutup/shutdown time limits			 done
	 constraints: 2) binary variable logic					 done
	 constraints: 3) shutup/shutdown cost					 done
	 constraints: 4) loadcurtailments and spoliedwinds			 done
	 constraints: 5) generatos power limits					 done
	 constraints: 6) system reserves limits					 done
	 constraints: 7) power balance constraints				 done
	 constraints: 8) ramp-up/ramp-down constraints				 done
	 constraints: 9) piece linearization constraints			 done
	 constraints: 10) transmissionline limits skipped (is_NetWorkCon != 1 or Gsdf missing or NL=0)
	 constraints: 11) stroges system constraints skipped (NC=0 or variables not defined)
	 constraints: 12) data centra constraints skipped (is_ConsiderDataCentra != 1)
	 constraints: 13) frequency control constraints skipped (is_ConsiderFrequencyControl != 1)
	 constraints: 14) hydro power limits					 done
+++++++++++++++++++++++++++++++++++++++++++++++++++++++++++++++++++++++++++++++++++++++++++
Step-4: starting Gurobi solver
Step-5: Gurobi solver finished
+++++++++++++++++++++++++++++++++++++++++++++++++++++++++++++++++++++++++++++++++++++++++++

solution_summary(scuc) = solution_summary(; result = 1, verbose = false)
├ solver_name          : Gurobi
├ Termination
│ ├ termination_status : OPTIMAL
│ ├ result_count       : 1
│ ├ raw_status         : Model was solved to optimality (subject to tolerances), and an optimal solution is available.
│ └ objective_bound    : 1.53330e+16
├ Solution (result = 1)
│ ├ primal_status        : FEASIBLE_POINT
│ ├ dual_status          : NO_SOLUTION
│ ├ objective_value      : 1.53330e+16
│ └ relative_gap         : 1.36689e-09
└ Work counters
  ├ solve_time (sec)   : 5.95000e-01
  ├ simplex_iterations : 0
  ├ barrier_iterations : 0
  └ node_count         : 0


Termination Status: OPTIMAL
Acceptable solution found (Status: OPTIMAL).
Step-6: record datas
PART1: [unit-commitment] calculation result has been saved to: D:\GithubClonefiles\module_unitcommitment\.worktrees\108_168h\output\pcm_com4_loadall_h168_20260823_210543\smooth\clu_ovl\r01\output/details_schedule_results/pcm_simulation_results/intervels_[1]/res_schedule_commitment_result.txt
PART1: [unit-commitment] calculation result has been saved to: D:\GithubClonefiles\module_unitcommitment\.worktrees\108_168h\output\pcm_com4_loadall_h168_20260823_210543\smooth\clu_ovl\r01\output/details_schedule_results/pcm_simulation_results/intervels_[1]/res_schedule_commitment_result.txt
Step-3: Creating dispatching model (Refactored & Modularized)
  Clustered PCM: 108 physical units -> 31 equivalent units (71.3% state reduction; 108 units in non-singleton clusters)
    5-point output grid is infeasible; retrying this window with 17 points
  Clustered PCM: 108 physical units -> 31 equivalent units (71.3% state reduction; 108 units in non-singleton clusters)
    Refined output grid is infeasible; entering continuous residence-power diagnosis
  Clustered PCM: 108 physical units -> 31 equivalent units (71.3% state reduction; 108 units in non-singleton clusters)
  ⚠ True clustered UC failed at cluster_master: INFEASIBLE; falling back to full unit-network SCUC
	 Variables defined.
DEBUG set_objective_economic!: NT=26, NG=108, ND=91, NW=20, NS=1, K=3, size(refcost)=(108,), size(eachslope)=(3, 108)
objective_function
	MILP economic objective set
subject to.
	 constraints: 1) minimum shutup/shutdown time limits			 done
	 constraints: 2) binary variable logic					 done
	 constraints: 3) shutup/shutdown cost					 done
	 constraints: 4) loadcurtailments and spoliedwinds			 done
	 constraints: 5) generatos power limits					 done
	 constraints: 6) system reserves limits					 done
	 constraints: 7) power balance constraints				 done
	 constraints: 8) ramp-up/ramp-down constraints				 done
	 constraints: 9) piece linearization constraints			 done
	 constraints: 10) transmissionline limits skipped (is_NetWorkCon != 1 or Gsdf missing or NL=0)
	 constraints: 11) stroges system constraints skipped (NC=0 or variables not defined)
	 constraints: 12) data centra constraints skipped (is_ConsiderDataCentra != 1)
	 constraints: 13) frequency control constraints skipped (is_ConsiderFrequencyControl != 1)
	 constraints: 14) hydro power limits					 done
+++++++++++++++++++++++++++++++++++++++++++++++++++++++++++++++++++++++++++++++++++++++++++
Step-4: starting Gurobi solver
Step-5: Gurobi solver finished
+++++++++++++++++++++++++++++++++++++++++++++++++++++++++++++++++++++++++++++++++++++++++++

solution_summary(scuc) = solution_summary(; result = 1, verbose = false)
├ solver_name          : Gurobi
├ Termination
│ ├ termination_status : OPTIMAL
│ ├ result_count       : 1
│ ├ raw_status         : Model was solved to optimality (subject to tolerances), and an optimal solution is available.
│ └ objective_bound    : 1.53330e+16
├ Solution (result = 1)
│ ├ primal_status        : FEASIBLE_POINT
│ ├ dual_status          : NO_SOLUTION
│ ├ objective_value      : 1.53330e+16
│ └ relative_gap         : 7.91230e-10
└ Work counters
  ├ solve_time (sec)   : 4.84000e-01
  ├ simplex_iterations : 0
  ├ barrier_iterations : 0
  └ node_count         : 0


Termination Status: OPTIMAL
Acceptable solution found (Status: OPTIMAL).
Step-6: record datas
PART1: [unit-commitment] calculation result has been saved to: D:\GithubClonefiles\module_unitcommitment\.worktrees\108_168h\output\pcm_com4_loadall_h168_20260823_210543\smooth\clu_ovl\r01\output/details_schedule_results/pcm_simulation_results/intervels_[1]/res_schedule_commitment_result.txt
PART1: [unit-commitment] calculation result has been saved to: D:\GithubClonefiles\module_unitcommitment\.worktrees\108_168h\output\pcm_com4_loadall_h168_20260823_210543\smooth\clu_ovl\r01\output/details_schedule_results/pcm_simulation_results/intervels_[1]/res_schedule_commitment_result.txt
Step-3: Creating dispatching model (Refactored & Modularized)
  Clustered PCM: 108 physical units -> 31 equivalent units (71.3% state reduction; 108 units in non-singleton clusters)
    5-point output grid is infeasible; retrying this window with 17 points
  Clustered PCM: 108 physical units -> 31 equivalent units (71.3% state reduction; 108 units in non-singleton clusters)
    Refined output grid is infeasible; entering continuous residence-power diagnosis
  Clustered PCM: 108 physical units -> 31 equivalent units (71.3% state reduction; 108 units in non-singleton clusters)
  ⚠ True clustered UC failed at cluster_master: INFEASIBLE; falling back to full unit-network SCUC
	 Variables defined.
DEBUG set_objective_economic!: NT=31, NG=108, ND=91, NW=20, NS=1, K=3, size(refcost)=(108,), size(eachslope)=(3, 108)
objective_function
	MILP economic objective set
subject to.
	 constraints: 1) minimum shutup/shutdown time limits			 done
	 constraints: 2) binary variable logic					 done
	 constraints: 3) shutup/shutdown cost					 done
	 constraints: 4) loadcurtailments and spoliedwinds			 done
	 constraints: 5) generatos power limits					 done
	 constraints: 6) system reserves limits					 done
	 constraints: 7) power balance constraints				 done
	 constraints: 8) ramp-up/ramp-down constraints				 done
	 constraints: 9) piece linearization constraints			 done
	 constraints: 10) transmissionline limits skipped (is_NetWorkCon != 1 or Gsdf missing or NL=0)
	 constraints: 11) stroges system constraints skipped (NC=0 or variables not defined)
	 constraints: 12) data centra constraints skipped (is_ConsiderDataCentra != 1)
	 constraints: 13) frequency control constraints skipped (is_ConsiderFrequencyControl != 1)
	 constraints: 14) hydro power limits					 done
+++++++++++++++++++++++++++++++++++++++++++++++++++++++++++++++++++++++++++++++++++++++++++
Step-4: starting Gurobi solver
Step-5: Gurobi solver finished
+++++++++++++++++++++++++++++++++++++++++++++++++++++++++++++++++++++++++++++++++++++++++++

solution_summary(scuc) = solution_summary(; result = 1, verbose = false)
├ solver_name          : Gurobi
├ Termination
│ ├ termination_status : OPTIMAL
│ ├ result_count       : 1
│ ├ raw_status         : Model was solved to optimality (subject to tolerances), and an optimal solution is available.
│ └ objective_bound    : 1.53330e+16
├ Solution (result = 1)
│ ├ primal_status        : FEASIBLE_POINT
│ ├ dual_status          : NO_SOLUTION
│ ├ objective_value      : 1.53330e+16
│ └ relative_gap         : 8.43710e-10
└ Work counters
  ├ solve_time (sec)   : 4.99000e-01
  ├ simplex_iterations : 0
  ├ barrier_iterations : 0
  └ node_count         : 0


Termination Status: OPTIMAL
Acceptable solution found (Status: OPTIMAL).
Step-6: record datas
PART1: [unit-commitment] calculation result has been saved to: D:\GithubClonefiles\module_unitcommitment\.worktrees\108_168h\output\pcm_com4_loadall_h168_20260823_210543\smooth\clu_ovl\r01\output/details_schedule_results/pcm_simulation_results/intervels_[1]/res_schedule_commitment_result.txt
PART1: [unit-commitment] calculation result has been saved to: D:\GithubClonefiles\module_unitcommitment\.worktrees\108_168h\output\pcm_com4_loadall_h168_20260823_210543\smooth\clu_ovl\r01\output/details_schedule_results/pcm_simulation_results/intervels_[1]/res_schedule_commitment_result.txt
PART1: [unit-commitment] calculation result has been saved to: D:\GithubClonefiles\module_unitcommitment\.worktrees\108_168h\output\pcm_com4_loadall_h168_20260823_210543\smooth\clu_ovl\r01\output/details_schedule_results/pcm_simulation_results/intervels_[1]/res_schedule_commitment_result.txt
Step-3: Creating dispatching model (Refactored & Modularized)
  Clustered PCM: 108 physical units -> 31 equivalent units (71.3% state reduction; 108 units in non-singleton clusters)
    5-point output grid is infeasible; retrying this window with 17 points
  Clustered PCM: 108 physical units -> 31 equivalent units (71.3% state reduction; 108 units in non-singleton clusters)
    Refined output grid is infeasible; entering continuous residence-power diagnosis
  Clustered PCM: 108 physical units -> 31 equivalent units (71.3% state reduction; 108 units in non-singleton clusters)
  ⚠ True clustered UC failed at cluster_master: INFEASIBLE; falling back to full unit-network SCUC
	 Variables defined.
DEBUG set_objective_economic!: NT=36, NG=108, ND=91, NW=20, NS=1, K=3, size(refcost)=(108,), size(eachslope)=(3, 108)
objective_function
	MILP economic objective set
subject to.
	 constraints: 1) minimum shutup/shutdown time limits			 done
	 constraints: 2) binary variable logic					 done
	 constraints: 3) shutup/shutdown cost					 done
	 constraints: 4) loadcurtailments and spoliedwinds			 done
	 constraints: 5) generatos power limits					 done
	 constraints: 6) system reserves limits					 done
	 constraints: 7) power balance constraints				 done
	 constraints: 8) ramp-up/ramp-down constraints				 done
	 constraints: 9) piece linearization constraints			 done
	 constraints: 10) transmissionline limits skipped (is_NetWorkCon != 1 or Gsdf missing or NL=0)
	 constraints: 11) stroges system constraints skipped (NC=0 or variables not defined)
	 constraints: 12) data centra constraints skipped (is_ConsiderDataCentra != 1)
	 constraints: 13) frequency control constraints skipped (is_ConsiderFrequencyControl != 1)
	 constraints: 14) hydro power limits					 done
+++++++++++++++++++++++++++++++++++++++++++++++++++++++++++++++++++++++++++++++++++++++++++
Step-4: starting Gurobi solver
Step-5: Gurobi solver finished
+++++++++++++++++++++++++++++++++++++++++++++++++++++++++++++++++++++++++++++++++++++++++++

solution_summary(scuc) = solution_summary(; result = 1, verbose = false)
├ solver_name          : Gurobi
├ Termination
│ ├ termination_status : OPTIMAL
│ ├ result_count       : 1
│ ├ raw_status         : Model was solved to optimality (subject to tolerances), and an optimal solution is available.
│ └ objective_bound    : 1.71657e+16
├ Solution (result = 1)
│ ├ primal_status        : FEASIBLE_POINT
│ ├ dual_status          : NO_SOLUTION
│ ├ objective_value      : 1.71657e+16
│ └ relative_gap         : 1.43198e-09
└ Work counters
  ├ solve_time (sec)   : 5.87000e-01
  ├ simplex_iterations : 0
  ├ barrier_iterations : 0
  └ node_count         : 0


Termination Status: OPTIMAL
Acceptable solution found (Status: OPTIMAL).
Step-6: record datas
PART1: [unit-commitment] calculation result has been saved to: D:\GithubClonefiles\module_unitcommitment\.worktrees\108_168h\output\pcm_com4_loadall_h168_20260823_210543\smooth\clu_ovl\r01\output/details_schedule_results/pcm_simulation_results/intervels_[1]/res_schedule_commitment_result.txt
Step-3: Creating dispatching model (Refactored & Modularized)
  Clustered PCM: 108 physical units -> 31 equivalent units (71.3% state reduction; 108 units in non-singleton clusters)
    5-point output grid is infeasible; retrying this window with 17 points
  Clustered PCM: 108 physical units -> 31 equivalent units (71.3% state reduction; 108 units in non-singleton clusters)
    Refined output grid is infeasible; entering continuous residence-power diagnosis
  Clustered PCM: 108 physical units -> 31 equivalent units (71.3% state reduction; 108 units in non-singleton clusters)
  ⚠ True clustered UC failed at cluster_master: INFEASIBLE; falling back to full unit-network SCUC
	 Variables defined.
DEBUG set_objective_economic!: NT=36, NG=108, ND=91, NW=20, NS=1, K=3, size(refcost)=(108,), size(eachslope)=(3, 108)
objective_function
	MILP economic objective set
subject to.
	 constraints: 1) minimum shutup/shutdown time limits			 done
	 constraints: 2) binary variable logic					 done
	 constraints: 3) shutup/shutdown cost					 done
	 constraints: 4) loadcurtailments and spoliedwinds			 done
	 constraints: 5) generatos power limits					 done
	 constraints: 6) system reserves limits					 done
	 constraints: 7) power balance constraints				 done
	 constraints: 8) ramp-up/ramp-down constraints				 done
	 constraints: 9) piece linearization constraints			 done
	 constraints: 10) transmissionline limits skipped (is_NetWorkCon != 1 or Gsdf missing or NL=0)
	 constraints: 11) stroges system constraints skipped (NC=0 or variables not defined)
	 constraints: 12) data centra constraints skipped (is_ConsiderDataCentra != 1)
	 constraints: 13) frequency control constraints skipped (is_ConsiderFrequencyControl != 1)
	 constraints: 14) hydro power limits					 done
+++++++++++++++++++++++++++++++++++++++++++++++++++++++++++++++++++++++++++++++++++++++++++
Step-4: starting Gurobi solver
Step-5: Gurobi solver finished
+++++++++++++++++++++++++++++++++++++++++++++++++++++++++++++++++++++++++++++++++++++++++++

solution_summary(scuc) = solution_summary(; result = 1, verbose = false)
├ solver_name          : Gurobi
├ Termination
│ ├ termination_status : OPTIMAL
│ ├ result_count       : 1
│ ├ raw_status         : Model was solved to optimality (subject to tolerances), and an optimal solution is available.
│ └ objective_bound    : 1.71657e+16
├ Solution (result = 1)
│ ├ primal_status        : FEASIBLE_POINT
│ ├ dual_status          : NO_SOLUTION
│ ├ objective_value      : 1.71657e+16
│ └ relative_gap         : 1.43198e-09
└ Work counters
  ├ solve_time (sec)   : 5.74000e-01
  ├ simplex_iterations : 0
  ├ barrier_iterations : 0
  └ node_count         : 0


Termination Status: OPTIMAL
Acceptable solution found (Status: OPTIMAL).
Step-6: record datas
Set parameter Username
Set parameter LicenseID to value 2826524
Academic license - for non-commercial use only - expires 2027-05-22
Set parameter Username
Set parameter LicenseID to value 2826524
Academic license - for non-commercial use only - expires 2027-05-22
Set parameter Username
Set parameter LicenseID to value 2826524
Academic license - for non-commercial use only - expires 2027-05-22
Set parameter Username
Set parameter LicenseID to value 2826524
Academic license - for non-commercial use only - expires 2027-05-22
Set parameter Username
Set parameter LicenseID to value 2826524
Academic license - for non-commercial use only - expires 2027-05-22
Set parameter Username
Set parameter LicenseID to value 2826524
Academic license - for non-commercial use only - expires 2027-05-22
Set parameter Username
Set parameter LicenseID to value 2826524
Academic license - for non-commercial use only - expires 2027-05-22
Set parameter Username
Set parameter LicenseID to value 2826524
Academic license - for non-commercial use only - expires 2027-05-22
Set parameter Username
Set parameter LicenseID to value 2826524
Academic license - for non-commercial use only - expires 2027-05-22
Set parameter Username
Set parameter LicenseID to value 2826524
Academic license - for non-commercial use only - expires 2027-05-22
Set parameter Username
Set parameter LicenseID to value 2826524
Academic license - for non-commercial use only - expires 2027-05-22
Set parameter Username
Set parameter LicenseID to value 2826524
Academic license - for non-commercial use only - expires 2027-05-22
Set parameter Username
Set parameter LicenseID to value 2826524
Academic license - for non-commercial use only - expires 2027-05-22
Set parameter Username
Set parameter LicenseID to value 2826524
Academic license - for non-commercial use only - expires 2027-05-22
Set parameter Username
Set parameter LicenseID to value 2826524
Academic license - for non-commercial use only - expires 2027-05-22
Set parameter Username
Set parameter LicenseID to value 2826524
Academic license - for non-commercial use only - expires 2027-05-22
Set parameter Username
Set parameter LicenseID to value 2826524
Academic license - for non-commercial use only - expires 2027-05-22
Set parameter Username
Set parameter LicenseID to value 2826524
Academic license - for non-commercial use only - expires 2027-05-22
Set parameter Username
Set parameter LicenseID to value 2826524
Academic license - for non-commercial use only - expires 2027-05-22
Set parameter Username
Set parameter LicenseID to value 2826524
Academic license - for non-commercial use only - expires 2027-05-22
Set parameter Username
Set parameter LicenseID to value 2826524
Academic license - for non-commercial use only - expires 2027-05-22
Set parameter Username
Set parameter LicenseID to value 2826524
Academic license - for non-commercial use only - expires 2027-05-22
Set parameter Username
Set parameter LicenseID to value 2826524
Academic license - for non-commercial use only - expires 2027-05-22
Set parameter Username
Set parameter LicenseID to value 2826524
Academic license - for non-commercial use only - expires 2027-05-22
Set parameter Username
Set parameter LicenseID to value 2826524
Academic license - for non-commercial use only - expires 2027-05-22
Set parameter Username
Set parameter LicenseID to value 2826524
Academic license - for non-commercial use only - expires 2027-05-22
Set parameter Username
Set parameter LicenseID to value 2826524
Academic license - for non-commercial use only - expires 2027-05-22
Set parameter Username
Set parameter LicenseID to value 2826524
Academic license - for non-commercial use only - expires 2027-05-22
Set parameter Username
Set parameter LicenseID to value 2826524
Academic license - for non-commercial use only - expires 2027-05-22
Set parameter Username
Set parameter LicenseID to value 2826524
Academic license - for non-commercial use only - expires 2027-05-22
Set parameter Username
Set parameter LicenseID to value 2826524
Academic license - for non-commercial use only - expires 2027-05-22
Set parameter Username
Set parameter LicenseID to value 2826524
Academic license - for non-commercial use only - expires 2027-05-22
Set parameter Username
Set parameter LicenseID to value 2826524
Academic license - for non-commercial use only - expires 2027-05-22
Set parameter Username
Set parameter LicenseID to value 2826524
Academic license - for non-commercial use only - expires 2027-05-22
Set parameter Username
Set parameter LicenseID to value 2826524
Academic license - for non-commercial use only - expires 2027-05-22
Set parameter Username
Set parameter LicenseID to value 2826524
Academic license - for non-commercial use only - expires 2027-05-22
Set parameter Username
Set parameter LicenseID to value 2826524
Academic license - for non-commercial use only - expires 2027-05-22
Set parameter Username
Set parameter LicenseID to value 2826524
Academic license - for non-commercial use only - expires 2027-05-22
Set parameter Username
Set parameter LicenseID to value 2826524
Academic license - for non-commercial use only - expires 2027-05-22
Set parameter Username
Set parameter LicenseID to value 2826524
Academic license - for non-commercial use only - expires 2027-05-22
PART1: [unit-commitment] calculation result has been saved to: D:\GithubClonefiles\module_unitcommitment\.worktrees\108_168h\output\pcm_com4_loadall_h168_20260823_210543\smooth\clu_ovl\r01\output/details_schedule_results/pcm_simulation_results/intervels_[1]/res_schedule_commitment_result.txt
PART1: [unit-commitment] calculation result has been saved to: D:\GithubClonefiles\module_unitcommitment\.worktrees\108_168h\output\pcm_com4_loadall_h168_20260823_210543\smooth\clu_ovl\r01\output/details_schedule_results/pcm_simulation_results/intervels_[1]/res_schedule_commitment_result.txt
Step-3: Creating dispatching model (Refactored & Modularized)
  Clustered PCM: 108 physical units -> 31 equivalent units (71.3% state reduction; 108 units in non-singleton clusters)
    5-point output grid is infeasible; retrying this window with 17 points
  Clustered PCM: 108 physical units -> 31 equivalent units (71.3% state reduction; 108 units in non-singleton clusters)
    Refined output grid is infeasible; entering continuous residence-power diagnosis
  Clustered PCM: 108 physical units -> 31 equivalent units (71.3% state reduction; 108 units in non-singleton clusters)
  ⚠ True clustered UC failed at cluster_master: INFEASIBLE; falling back to full unit-network SCUC
	 Variables defined.
DEBUG set_objective_economic!: NT=26, NG=108, ND=91, NW=20, NS=1, K=3, size(refcost)=(108,), size(eachslope)=(3, 108)
objective_function
	MILP economic objective set
subject to.
	 constraints: 1) minimum shutup/shutdown time limits			 done
	 constraints: 2) binary variable logic					 done
	 constraints: 3) shutup/shutdown cost					 done
	 constraints: 4) loadcurtailments and spoliedwinds			 done
	 constraints: 5) generatos power limits					 done
	 constraints: 6) system reserves limits					 done
	 constraints: 7) power balance constraints				 done
	 constraints: 8) ramp-up/ramp-down constraints				 done
	 constraints: 9) piece linearization constraints			 done
	 constraints: 10) transmissionline limits skipped (is_NetWorkCon != 1 or Gsdf missing or NL=0)
	 constraints: 11) stroges system constraints skipped (NC=0 or variables not defined)
	 constraints: 12) data centra constraints skipped (is_ConsiderDataCentra != 1)
	 constraints: 13) frequency control constraints skipped (is_ConsiderFrequencyControl != 1)
	 constraints: 14) hydro power limits					 done
+++++++++++++++++++++++++++++++++++++++++++++++++++++++++++++++++++++++++++++++++++++++++++
Step-4: starting Gurobi solver
Step-5: Gurobi solver finished
+++++++++++++++++++++++++++++++++++++++++++++++++++++++++++++++++++++++++++++++++++++++++++

solution_summary(scuc) = solution_summary(; result = 1, verbose = false)
├ solver_name          : Gurobi
├ Termination
│ ├ termination_status : OPTIMAL
│ ├ result_count       : 1
│ ├ raw_status         : Model was solved to optimality (subject to tolerances), and an optimal solution is available.
│ └ objective_bound    : 1.71657e+16
├ Solution (result = 1)
│ ├ primal_status        : FEASIBLE_POINT
│ ├ dual_status          : NO_SOLUTION
│ ├ objective_value      : 1.71657e+16
│ └ relative_gap         : 7.03499e-10
└ Work counters
  ├ solve_time (sec)   : 4.88000e-01
  ├ simplex_iterations : 0
  ├ barrier_iterations : 0
  └ node_count         : 0


Termination Status: OPTIMAL
Acceptable solution found (Status: OPTIMAL).
Step-6: record datas
PART1: [unit-commitment] calculation result has been saved to: D:\GithubClonefiles\module_unitcommitment\.worktrees\108_168h\output\pcm_com4_loadall_h168_20260823_210543\smooth\clu_ovl\r01\output/details_schedule_results/pcm_simulation_results/intervels_[1]/res_schedule_commitment_result.txt
PART1: [unit-commitment] calculation result has been saved to: D:\GithubClonefiles\module_unitcommitment\.worktrees\108_168h\output\pcm_com4_loadall_h168_20260823_210543\smooth\clu_ovl\r01\output/details_schedule_results/pcm_simulation_results/intervels_[1]/res_schedule_commitment_result.txt
Step-3: Creating dispatching model (Refactored & Modularized)
  Clustered PCM: 108 physical units -> 31 equivalent units (71.3% state reduction; 108 units in non-singleton clusters)
    5-point output grid is infeasible; retrying this window with 17 points
  Clustered PCM: 108 physical units -> 31 equivalent units (71.3% state reduction; 108 units in non-singleton clusters)
    Refined output grid is infeasible; entering continuous residence-power diagnosis
  Clustered PCM: 108 physical units -> 31 equivalent units (71.3% state reduction; 108 units in non-singleton clusters)
  ⚠ True clustered UC failed at cluster_master: INFEASIBLE; falling back to full unit-network SCUC
	 Variables defined.
DEBUG set_objective_economic!: NT=31, NG=108, ND=91, NW=20, NS=1, K=3, size(refcost)=(108,), size(eachslope)=(3, 108)
objective_function
	MILP economic objective set
subject to.
	 constraints: 1) minimum shutup/shutdown time limits			 done
	 constraints: 2) binary variable logic					 done
	 constraints: 3) shutup/shutdown cost					 done
	 constraints: 4) loadcurtailments and spoliedwinds			 done
	 constraints: 5) generatos power limits					 done
	 constraints: 6) system reserves limits					 done
	 constraints: 7) power balance constraints				 done
	 constraints: 8) ramp-up/ramp-down constraints				 done
	 constraints: 9) piece linearization constraints			 done
	 constraints: 10) transmissionline limits skipped (is_NetWorkCon != 1 or Gsdf missing or NL=0)
	 constraints: 11) stroges system constraints skipped (NC=0 or variables not defined)
	 constraints: 12) data centra constraints skipped (is_ConsiderDataCentra != 1)
	 constraints: 13) frequency control constraints skipped (is_ConsiderFrequencyControl != 1)
	 constraints: 14) hydro power limits					 done
+++++++++++++++++++++++++++++++++++++++++++++++++++++++++++++++++++++++++++++++++++++++++++
Step-4: starting Gurobi solver
Step-5: Gurobi solver finished
+++++++++++++++++++++++++++++++++++++++++++++++++++++++++++++++++++++++++++++++++++++++++++

solution_summary(scuc) = solution_summary(; result = 1, verbose = false)
├ solver_name          : Gurobi
├ Termination
│ ├ termination_status : OPTIMAL
│ ├ result_count       : 1
│ ├ raw_status         : Model was solved to optimality (subject to tolerances), and an optimal solution is available.
│ └ objective_bound    : 1.71657e+16
├ Solution (result = 1)
│ ├ primal_status        : FEASIBLE_POINT
│ ├ dual_status          : NO_SOLUTION
│ ├ objective_value      : 1.71657e+16
│ └ relative_gap         : 7.49520e-10
└ Work counters
  ├ solve_time (sec)   : 4.97000e-01
  ├ simplex_iterations : 0
  ├ barrier_iterations : 0
  └ node_count         : 0


Termination Status: OPTIMAL
Acceptable solution found (Status: OPTIMAL).
Step-6: record datas
PART1: [unit-commitment] calculation result has been saved to: D:\GithubClonefiles\module_unitcommitment\.worktrees\108_168h\output\pcm_com4_loadall_h168_20260823_210543\smooth\clu_ovl\r01\output/details_schedule_results/pcm_simulation_results/intervels_[1]/res_schedule_commitment_result.txt
PART1: [unit-commitment] calculation result has been saved to: D:\GithubClonefiles\module_unitcommitment\.worktrees\108_168h\output\pcm_com4_loadall_h168_20260823_210543\smooth\clu_ovl\r01\output/details_schedule_results/pcm_simulation_results/intervels_[1]/res_schedule_commitment_result.txt
PART1: [unit-commitment] calculation result has been saved to: D:\GithubClonefiles\module_unitcommitment\.worktrees\108_168h\output\pcm_com4_loadall_h168_20260823_210543\smooth\clu_ovl\r01\output/details_schedule_results/pcm_simulation_results/intervels_[1]/res_schedule_commitment_result.txt
Step-3: Creating dispatching model (Refactored & Modularized)
  Clustered PCM: 108 physical units -> 31 equivalent units (71.3% state reduction; 108 units in non-singleton clusters)
    5-point output grid is infeasible; retrying this window with 17 points
  Clustered PCM: 108 physical units -> 31 equivalent units (71.3% state reduction; 108 units in non-singleton clusters)
    Refined output grid is infeasible; entering continuous residence-power diagnosis
  Clustered PCM: 108 physical units -> 31 equivalent units (71.3% state reduction; 108 units in non-singleton clusters)
  ⚠ True clustered UC failed at cluster_master: INFEASIBLE; falling back to full unit-network SCUC
	 Variables defined.
DEBUG set_objective_economic!: NT=36, NG=108, ND=91, NW=20, NS=1, K=3, size(refcost)=(108,), size(eachslope)=(3, 108)
objective_function
	MILP economic objective set
subject to.
	 constraints: 1) minimum shutup/shutdown time limits			 done
	 constraints: 2) binary variable logic					 done
	 constraints: 3) shutup/shutdown cost					 done
	 constraints: 4) loadcurtailments and spoliedwinds			 done
	 constraints: 5) generatos power limits					 done
	 constraints: 6) system reserves limits					 done
	 constraints: 7) power balance constraints				 done
	 constraints: 8) ramp-up/ramp-down constraints				 done
	 constraints: 9) piece linearization constraints			 done
	 constraints: 10) transmissionline limits skipped (is_NetWorkCon != 1 or Gsdf missing or NL=0)
	 constraints: 11) stroges system constraints skipped (NC=0 or variables not defined)
	 constraints: 12) data centra constraints skipped (is_ConsiderDataCentra != 1)
	 constraints: 13) frequency control constraints skipped (is_ConsiderFrequencyControl != 1)
	 constraints: 14) hydro power limits					 done
+++++++++++++++++++++++++++++++++++++++++++++++++++++++++++++++++++++++++++++++++++++++++++
Step-4: starting Gurobi solver
Step-5: Gurobi solver finished
+++++++++++++++++++++++++++++++++++++++++++++++++++++++++++++++++++++++++++++++++++++++++++

solution_summary(scuc) = solution_summary(; result = 1, verbose = false)
├ solver_name          : Gurobi
├ Termination
│ ├ termination_status : OPTIMAL
│ ├ result_count       : 1
│ ├ raw_status         : Model was solved to optimality (subject to tolerances), and an optimal solution is available.
│ └ objective_bound    : 2.04179e+16
├ Solution (result = 1)
│ ├ primal_status        : FEASIBLE_POINT
│ ├ dual_status          : NO_SOLUTION
│ ├ objective_value      : 2.04179e+16
│ └ relative_gap         : 1.29839e-09
└ Work counters
  ├ solve_time (sec)   : 5.75000e-01
  ├ simplex_iterations : 0
  ├ barrier_iterations : 0
  └ node_count         : 0


Termination Status: OPTIMAL
Acceptable solution found (Status: OPTIMAL).
Step-6: record datas
PART1: [unit-commitment] calculation result has been saved to: D:\GithubClonefiles\module_unitcommitment\.worktrees\108_168h\output\pcm_com4_loadall_h168_20260823_210543\smooth\clu_ovl\r01\output/details_schedule_results/pcm_simulation_results/intervels_[1]/res_schedule_commitment_result.txt
Step-3: Creating dispatching model (Refactored & Modularized)
  Clustered PCM: 108 physical units -> 31 equivalent units (71.3% state reduction; 108 units in non-singleton clusters)
    5-point output grid is infeasible; retrying this window with 17 points
  Clustered PCM: 108 physical units -> 31 equivalent units (71.3% state reduction; 108 units in non-singleton clusters)
    Refined output grid is infeasible; entering continuous residence-power diagnosis
  Clustered PCM: 108 physical units -> 31 equivalent units (71.3% state reduction; 108 units in non-singleton clusters)
  ⚠ True clustered UC failed at cluster_master: INFEASIBLE; falling back to full unit-network SCUC
	 Variables defined.
DEBUG set_objective_economic!: NT=36, NG=108, ND=91, NW=20, NS=1, K=3, size(refcost)=(108,), size(eachslope)=(3, 108)
objective_function
	MILP economic objective set
subject to.
	 constraints: 1) minimum shutup/shutdown time limits			 done
	 constraints: 2) binary variable logic					 done
	 constraints: 3) shutup/shutdown cost					 done
	 constraints: 4) loadcurtailments and spoliedwinds			 done
	 constraints: 5) generatos power limits					 done
	 constraints: 6) system reserves limits					 done
	 constraints: 7) power balance constraints				 done
	 constraints: 8) ramp-up/ramp-down constraints				 done
	 constraints: 9) piece linearization constraints			 done
	 constraints: 10) transmissionline limits skipped (is_NetWorkCon != 1 or Gsdf missing or NL=0)
	 constraints: 11) stroges system constraints skipped (NC=0 or variables not defined)
	 constraints: 12) data centra constraints skipped (is_ConsiderDataCentra != 1)
	 constraints: 13) frequency control constraints skipped (is_ConsiderFrequencyControl != 1)
	 constraints: 14) hydro power limits					 done
+++++++++++++++++++++++++++++++++++++++++++++++++++++++++++++++++++++++++++++++++++++++++++
Step-4: starting Gurobi solver
Step-5: Gurobi solver finished
+++++++++++++++++++++++++++++++++++++++++++++++++++++++++++++++++++++++++++++++++++++++++++

solution_summary(scuc) = solution_summary(; result = 1, verbose = false)
├ solver_name          : Gurobi
├ Termination
│ ├ termination_status : OPTIMAL
│ ├ result_count       : 1
│ ├ raw_status         : Model was solved to optimality (subject to tolerances), and an optimal solution is available.
│ └ objective_bound    : 2.04179e+16
├ Solution (result = 1)
│ ├ primal_status        : FEASIBLE_POINT
│ ├ dual_status          : NO_SOLUTION
│ ├ objective_value      : 2.04179e+16
│ └ relative_gap         : 1.29839e-09
└ Work counters
  ├ solve_time (sec)   : 5.99000e-01
  ├ simplex_iterations : 0
  ├ barrier_iterations : 0
  └ node_count         : 0


Termination Status: OPTIMAL
Acceptable solution found (Status: OPTIMAL).
Step-6: record datas
PART1: [unit-commitment] calculation result has been saved to: D:\GithubClonefiles\module_unitcommitment\.worktrees\108_168h\output\pcm_com4_loadall_h168_20260823_210543\smooth\clu_ovl\r01\output/details_schedule_results/pcm_simulation_results/intervels_[1]/res_schedule_commitment_result.txt
PART1: [unit-commitment] calculation result has been saved to: D:\GithubClonefiles\module_unitcommitment\.worktrees\108_168h\output\pcm_com4_loadall_h168_20260823_210543\smooth\clu_ovl\r01\output/details_schedule_results/pcm_simulation_results/intervels_[1]/res_schedule_commitment_result.txt
Step-3: Creating dispatching model (Refactored & Modularized)
  Clustered PCM: 108 physical units -> 31 equivalent units (71.3% state reduction; 108 units in non-singleton clusters)
    5-point output grid is infeasible; retrying this window with 17 points
  Clustered PCM: 108 physical units -> 31 equivalent units (71.3% state reduction; 108 units in non-singleton clusters)
    Refined output grid is infeasible; entering continuous residence-power diagnosis
  Clustered PCM: 108 physical units -> 31 equivalent units (71.3% state reduction; 108 units in non-singleton clusters)
  ⚠ True clustered UC failed at cluster_master: INFEASIBLE; falling back to full unit-network SCUC
	 Variables defined.
DEBUG set_objective_economic!: NT=26, NG=108, ND=91, NW=20, NS=1, K=3, size(refcost)=(108,), size(eachslope)=(3, 108)
objective_function
	MILP economic objective set
subject to.
	 constraints: 1) minimum shutup/shutdown time limits			 done
	 constraints: 2) binary variable logic					 done
	 constraints: 3) shutup/shutdown cost					 done
	 constraints: 4) loadcurtailments and spoliedwinds			 done
	 constraints: 5) generatos power limits					 done
	 constraints: 6) system reserves limits					 done
	 constraints: 7) power balance constraints				 done
	 constraints: 8) ramp-up/ramp-down constraints				 done
	 constraints: 9) piece linearization constraints			 done
	 constraints: 10) transmissionline limits skipped (is_NetWorkCon != 1 or Gsdf missing or NL=0)
	 constraints: 11) stroges system constraints skipped (NC=0 or variables not defined)
	 constraints: 12) data centra constraints skipped (is_ConsiderDataCentra != 1)
	 constraints: 13) frequency control constraints skipped (is_ConsiderFrequencyControl != 1)
	 constraints: 14) hydro power limits					 done
+++++++++++++++++++++++++++++++++++++++++++++++++++++++++++++++++++++++++++++++++++++++++++
Step-4: starting Gurobi solver
Step-5: Gurobi solver finished
+++++++++++++++++++++++++++++++++++++++++++++++++++++++++++++++++++++++++++++++++++++++++++

solution_summary(scuc) = solution_summary(; result = 1, verbose = false)
├ solver_name          : Gurobi
├ Termination
│ ├ termination_status : OPTIMAL
│ ├ result_count       : 1
│ ├ raw_status         : Model was solved to optimality (subject to tolerances), and an optimal solution is available.
│ └ objective_bound    : 2.04179e+16
├ Solution (result = 1)
│ ├ primal_status        : FEASIBLE_POINT
│ ├ dual_status          : NO_SOLUTION
│ ├ objective_value      : 2.04179e+16
│ └ relative_gap         : 5.87716e-10
└ Work counters
  ├ solve_time (sec)   : 4.87000e-01
  ├ simplex_iterations : 0
  ├ barrier_iterations : 0
  └ node_count         : 0


Termination Status: OPTIMAL
Acceptable solution found (Status: OPTIMAL).
Step-6: record datas
PART1: [unit-commitment] calculation result has been saved to: D:\GithubClonefiles\module_unitcommitment\.worktrees\108_168h\output\pcm_com4_loadall_h168_20260823_210543\smooth\clu_ovl\r01\output/details_schedule_results/pcm_simulation_results/intervels_[1]/res_schedule_commitment_result.txt
PART1: [unit-commitment] calculation result has been saved to: D:\GithubClonefiles\module_unitcommitment\.worktrees\108_168h\output\pcm_com4_loadall_h168_20260823_210543\smooth\clu_ovl\r01\output/details_schedule_results/pcm_simulation_results/intervels_[1]/res_schedule_commitment_result.txt
Step-3: Creating dispatching model (Refactored & Modularized)
  Clustered PCM: 108 physical units -> 31 equivalent units (71.3% state reduction; 108 units in non-singleton clusters)
    5-point output grid is infeasible; retrying this window with 17 points
  Clustered PCM: 108 physical units -> 31 equivalent units (71.3% state reduction; 108 units in non-singleton clusters)
    Refined output grid is infeasible; entering continuous residence-power diagnosis
  Clustered PCM: 108 physical units -> 31 equivalent units (71.3% state reduction; 108 units in non-singleton clusters)
  ⚠ True clustered UC failed at cluster_master: INFEASIBLE; falling back to full unit-network SCUC
	 Variables defined.
DEBUG set_objective_economic!: NT=31, NG=108, ND=91, NW=20, NS=1, K=3, size(refcost)=(108,), size(eachslope)=(3, 108)
objective_function
	MILP economic objective set
subject to.
	 constraints: 1) minimum shutup/shutdown time limits			 done
	 constraints: 2) binary variable logic					 done
	 constraints: 3) shutup/shutdown cost					 done
	 constraints: 4) loadcurtailments and spoliedwinds			 done
	 constraints: 5) generatos power limits					 done
	 constraints: 6) system reserves limits					 done
	 constraints: 7) power balance constraints				 done
	 constraints: 8) ramp-up/ramp-down constraints				 done
	 constraints: 9) piece linearization constraints			 done
	 constraints: 10) transmissionline limits skipped (is_NetWorkCon != 1 or Gsdf missing or NL=0)
	 constraints: 11) stroges system constraints skipped (NC=0 or variables not defined)
	 constraints: 12) data centra constraints skipped (is_ConsiderDataCentra != 1)
	 constraints: 13) frequency control constraints skipped (is_ConsiderFrequencyControl != 1)
	 constraints: 14) hydro power limits					 done
+++++++++++++++++++++++++++++++++++++++++++++++++++++++++++++++++++++++++++++++++++++++++++
Step-4: starting Gurobi solver
Step-5: Gurobi solver finished
+++++++++++++++++++++++++++++++++++++++++++++++++++++++++++++++++++++++++++++++++++++++++++

solution_summary(scuc) = solution_summary(; result = 1, verbose = false)
├ solver_name          : Gurobi
├ Termination
│ ├ termination_status : OPTIMAL
│ ├ result_count       : 1
│ ├ raw_status         : Model was solved to optimality (subject to tolerances), and an optimal solution is available.
│ └ objective_bound    : 2.04179e+16
├ Solution (result = 1)
│ ├ primal_status        : FEASIBLE_POINT
│ ├ dual_status          : NO_SOLUTION
│ ├ objective_value      : 2.04179e+16
│ └ relative_gap         : 6.26014e-10
└ Work counters
  ├ solve_time (sec)   : 5.31000e-01
  ├ simplex_iterations : 0
  ├ barrier_iterations : 0
  └ node_count         : 0


Termination Status: OPTIMAL
Acceptable solution found (Status: OPTIMAL).
Step-6: record datas
PART1: [unit-commitment] calculation result has been saved to: D:\GithubClonefiles\module_unitcommitment\.worktrees\108_168h\output\pcm_com4_loadall_h168_20260823_210543\smooth\clu_ovl\r01\output/details_schedule_results/pcm_simulation_results/intervels_[1]/res_schedule_commitment_result.txt
PART1: [unit-commitment] calculation result has been saved to: D:\GithubClonefiles\module_unitcommitment\.worktrees\108_168h\output\pcm_com4_loadall_h168_20260823_210543\smooth\clu_ovl\r01\output/details_schedule_results/pcm_simulation_results/intervels_[1]/res_schedule_commitment_result.txt
PART1: [unit-commitment] calculation result has been saved to: D:\GithubClonefiles\module_unitcommitment\.worktrees\108_168h\output\pcm_com4_loadall_h168_20260823_210543\smooth\clu_ovl\r01\output/details_schedule_results/pcm_simulation_results/intervels_[1]/res_schedule_commitment_result.txt
Step-3: Creating dispatching model (Refactored & Modularized)
  Clustered PCM: 108 physical units -> 31 equivalent units (71.3% state reduction; 108 units in non-singleton clusters)
    5-point output grid is infeasible; retrying this window with 17 points
  Clustered PCM: 108 physical units -> 31 equivalent units (71.3% state reduction; 108 units in non-singleton clusters)
    Refined output grid is infeasible; entering continuous residence-power diagnosis
  Clustered PCM: 108 physical units -> 31 equivalent units (71.3% state reduction; 108 units in non-singleton clusters)
  ⚠ True clustered UC failed at cluster_master: INFEASIBLE; falling back to full unit-network SCUC
	 Variables defined.
DEBUG set_objective_economic!: NT=36, NG=108, ND=91, NW=20, NS=1, K=3, size(refcost)=(108,), size(eachslope)=(3, 108)
objective_function
	MILP economic objective set
subject to.
	 constraints: 1) minimum shutup/shutdown time limits			 done
	 constraints: 2) binary variable logic					 done
	 constraints: 3) shutup/shutdown cost					 done
	 constraints: 4) loadcurtailments and spoliedwinds			 done
	 constraints: 5) generatos power limits					 done
	 constraints: 6) system reserves limits					 done
	 constraints: 7) power balance constraints				 done
	 constraints: 8) ramp-up/ramp-down constraints				 done
	 constraints: 9) piece linearization constraints			 done
	 constraints: 10) transmissionline limits skipped (is_NetWorkCon != 1 or Gsdf missing or NL=0)
	 constraints: 11) stroges system constraints skipped (NC=0 or variables not defined)
	 constraints: 12) data centra constraints skipped (is_ConsiderDataCentra != 1)
	 constraints: 13) frequency control constraints skipped (is_ConsiderFrequencyControl != 1)
	 constraints: 14) hydro power limits					 done
+++++++++++++++++++++++++++++++++++++++++++++++++++++++++++++++++++++++++++++++++++++++++++
Step-4: starting Gurobi solver
Step-5: Gurobi solver finished
+++++++++++++++++++++++++++++++++++++++++++++++++++++++++++++++++++++++++++++++++++++++++++

solution_summary(scuc) = solution_summary(; result = 1, verbose = false)
├ solver_name          : Gurobi
├ Termination
│ ├ termination_status : OPTIMAL
│ ├ result_count       : 1
│ ├ raw_status         : Model was solved to optimality (subject to tolerances), and an optimal solution is available.
│ └ objective_bound    : 1.47571e+16
├ Solution (result = 1)
│ ├ primal_status        : FEASIBLE_POINT
│ ├ dual_status          : NO_SOLUTION
│ ├ objective_value      : 1.47571e+16
│ └ relative_gap         : 1.78874e-09
└ Work counters
  ├ solve_time (sec)   : 5.91000e-01
  ├ simplex_iterations : 0
  ├ barrier_iterations : 0
  └ node_count         : 0


Termination Status: OPTIMAL
Acceptable solution found (Status: OPTIMAL).
Step-6: record datas
PART1: [unit-commitment] calculation result has been saved to: D:\GithubClonefiles\module_unitcommitment\.worktrees\108_168h\output\pcm_com4_loadall_h168_20260823_210543\smooth\clu_ovl\r01\output/details_schedule_results/pcm_simulation_results/intervels_[1]/res_schedule_commitment_result.txt
Step-3: Creating dispatching model (Refactored & Modularized)
  Clustered PCM: 108 physical units -> 31 equivalent units (71.3% state reduction; 108 units in non-singleton clusters)
    5-point output grid is infeasible; retrying this window with 17 points
  Clustered PCM: 108 physical units -> 31 equivalent units (71.3% state reduction; 108 units in non-singleton clusters)
    Refined output grid is infeasible; entering continuous residence-power diagnosis
  Clustered PCM: 108 physical units -> 31 equivalent units (71.3% state reduction; 108 units in non-singleton clusters)
  ⚠ True clustered UC failed at cluster_master: INFEASIBLE; falling back to full unit-network SCUC
	 Variables defined.
DEBUG set_objective_economic!: NT=36, NG=108, ND=91, NW=20, NS=1, K=3, size(refcost)=(108,), size(eachslope)=(3, 108)
objective_function
	MILP economic objective set
subject to.
	 constraints: 1) minimum shutup/shutdown time limits			 done
	 constraints: 2) binary variable logic					 done
	 constraints: 3) shutup/shutdown cost					 done
	 constraints: 4) loadcurtailments and spoliedwinds			 done
	 constraints: 5) generatos power limits					 done
	 constraints: 6) system reserves limits					 done
	 constraints: 7) power balance constraints				 done
	 constraints: 8) ramp-up/ramp-down constraints				 done
	 constraints: 9) piece linearization constraints			 done
	 constraints: 10) transmissionline limits skipped (is_NetWorkCon != 1 or Gsdf missing or NL=0)
	 constraints: 11) stroges system constraints skipped (NC=0 or variables not defined)
	 constraints: 12) data centra constraints skipped (is_ConsiderDataCentra != 1)
	 constraints: 13) frequency control constraints skipped (is_ConsiderFrequencyControl != 1)
	 constraints: 14) hydro power limits					 done
+++++++++++++++++++++++++++++++++++++++++++++++++++++++++++++++++++++++++++++++++++++++++++
Step-4: starting Gurobi solver
Step-5: Gurobi solver finished
+++++++++++++++++++++++++++++++++++++++++++++++++++++++++++++++++++++++++++++++++++++++++++

solution_summary(scuc) = solution_summary(; result = 1, verbose = false)
├ solver_name          : Gurobi
├ Termination
│ ├ termination_status : OPTIMAL
│ ├ result_count       : 1
│ ├ raw_status         : Model was solved to optimality (subject to tolerances), and an optimal solution is available.
│ └ objective_bound    : 1.47571e+16
├ Solution (result = 1)
│ ├ primal_status        : FEASIBLE_POINT
│ ├ dual_status          : NO_SOLUTION
│ ├ objective_value      : 1.47571e+16
│ └ relative_gap         : 1.78874e-09
└ Work counters
  ├ solve_time (sec)   : 6.83000e-01
  ├ simplex_iterations : 0
  ├ barrier_iterations : 0
  └ node_count         : 0


Termination Status: OPTIMAL
Acceptable solution found (Status: OPTIMAL).
Step-6: record datas
PART1: [unit-commitment] calculation result has been saved to: D:\GithubClonefiles\module_unitcommitment\.worktrees\108_168h\output\pcm_com4_loadall_h168_20260823_210543\smooth\clu_ovl\r01\output/details_schedule_results/pcm_simulation_results/intervels_[1]/res_schedule_commitment_result.txt
PART1: [unit-commitment] calculation result has been saved to: D:\GithubClonefiles\module_unitcommitment\.worktrees\108_168h\output\pcm_com4_loadall_h168_20260823_210543\smooth\clu_ovl\r01\output/details_schedule_results/pcm_simulation_results/intervels_[1]/res_schedule_commitment_result.txt
Step-3: Creating dispatching model (Refactored & Modularized)
  Clustered PCM: 108 physical units -> 31 equivalent units (71.3% state reduction; 108 units in non-singleton clusters)
    5-point output grid is infeasible; retrying this window with 17 points
  Clustered PCM: 108 physical units -> 31 equivalent units (71.3% state reduction; 108 units in non-singleton clusters)
    Refined output grid is infeasible; entering continuous residence-power diagnosis
  Clustered PCM: 108 physical units -> 31 equivalent units (71.3% state reduction; 108 units in non-singleton clusters)
  ⚠ True clustered UC failed at cluster_master: INFEASIBLE; falling back to full unit-network SCUC
	 Variables defined.
DEBUG set_objective_economic!: NT=26, NG=108, ND=91, NW=20, NS=1, K=3, size(refcost)=(108,), size(eachslope)=(3, 108)
objective_function
	MILP economic objective set
subject to.
	 constraints: 1) minimum shutup/shutdown time limits			 done
	 constraints: 2) binary variable logic					 done
	 constraints: 3) shutup/shutdown cost					 done
	 constraints: 4) loadcurtailments and spoliedwinds			 done
	 constraints: 5) generatos power limits					 done
	 constraints: 6) system reserves limits					 done
	 constraints: 7) power balance constraints				 done
	 constraints: 8) ramp-up/ramp-down constraints				 done
	 constraints: 9) piece linearization constraints			 done
	 constraints: 10) transmissionline limits skipped (is_NetWorkCon != 1 or Gsdf missing or NL=0)
	 constraints: 11) stroges system constraints skipped (NC=0 or variables not defined)
	 constraints: 12) data centra constraints skipped (is_ConsiderDataCentra != 1)
	 constraints: 13) frequency control constraints skipped (is_ConsiderFrequencyControl != 1)
	 constraints: 14) hydro power limits					 done
+++++++++++++++++++++++++++++++++++++++++++++++++++++++++++++++++++++++++++++++++++++++++++
Step-4: starting Gurobi solver
Step-5: Gurobi solver finished
+++++++++++++++++++++++++++++++++++++++++++++++++++++++++++++++++++++++++++++++++++++++++++

solution_summary(scuc) = solution_summary(; result = 1, verbose = false)
├ solver_name          : Gurobi
├ Termination
│ ├ termination_status : OPTIMAL
│ ├ result_count       : 1
│ ├ raw_status         : Model was solved to optimality (subject to tolerances), and an optimal solution is available.
│ └ objective_bound    : 1.47571e+16
├ Solution (result = 1)
│ ├ primal_status        : FEASIBLE_POINT
│ ├ dual_status          : NO_SOLUTION
│ ├ objective_value      : 1.47571e+16
│ └ relative_gap         : 8.08182e-10
└ Work counters
  ├ solve_time (sec)   : 4.73000e-01
  ├ simplex_iterations : 0
  ├ barrier_iterations : 0
  └ node_count         : 0


Termination Status: OPTIMAL
Acceptable solution found (Status: OPTIMAL).
Step-6: record datas
PART1: [unit-commitment] calculation result has been saved to: D:\GithubClonefiles\module_unitcommitment\.worktrees\108_168h\output\pcm_com4_loadall_h168_20260823_210543\smooth\clu_ovl\r01\output/details_schedule_results/pcm_simulation_results/intervels_[1]/res_schedule_commitment_result.txt
PART1: [unit-commitment] calculation result has been saved to: D:\GithubClonefiles\module_unitcommitment\.worktrees\108_168h\output\pcm_com4_loadall_h168_20260823_210543\smooth\clu_ovl\r01\output/details_schedule_results/pcm_simulation_results/intervels_[1]/res_schedule_commitment_result.txt
Step-3: Creating dispatching model (Refactored & Modularized)
  Clustered PCM: 108 physical units -> 31 equivalent units (71.3% state reduction; 108 units in non-singleton clusters)
    5-point output grid is infeasible; retrying this window with 17 points
  Clustered PCM: 108 physical units -> 31 equivalent units (71.3% state reduction; 108 units in non-singleton clusters)
    Refined output grid is infeasible; entering continuous residence-power diagnosis
  Clustered PCM: 108 physical units -> 31 equivalent units (71.3% state reduction; 108 units in non-singleton clusters)
  ⚠ True clustered UC failed at cluster_master: INFEASIBLE; falling back to full unit-network SCUC
	 Variables defined.
DEBUG set_objective_economic!: NT=31, NG=108, ND=91, NW=20, NS=1, K=3, size(refcost)=(108,), size(eachslope)=(3, 108)
objective_function
	MILP economic objective set
subject to.
	 constraints: 1) minimum shutup/shutdown time limits			 done
	 constraints: 2) binary variable logic					 done
	 constraints: 3) shutup/shutdown cost					 done
	 constraints: 4) loadcurtailments and spoliedwinds			 done
	 constraints: 5) generatos power limits					 done
	 constraints: 6) system reserves limits					 done
	 constraints: 7) power balance constraints				 done
	 constraints: 8) ramp-up/ramp-down constraints				 done
	 constraints: 9) piece linearization constraints			 done
	 constraints: 10) transmissionline limits skipped (is_NetWorkCon != 1 or Gsdf missing or NL=0)
Set parameter Username
Set parameter LicenseID to value 2826524
Academic license - for non-commercial use only - expires 2027-05-22
Set parameter Username
Set parameter LicenseID to value 2826524
Academic license - for non-commercial use only - expires 2027-05-22
Set parameter Username
Set parameter LicenseID to value 2826524
Academic license - for non-commercial use only - expires 2027-05-22
Set parameter Username
Set parameter LicenseID to value 2826524
Academic license - for non-commercial use only - expires 2027-05-22
Set parameter Username
Set parameter LicenseID to value 2826524
Academic license - for non-commercial use only - expires 2027-05-22
Set parameter Username
Set parameter LicenseID to value 2826524
Academic license - for non-commercial use only - expires 2027-05-22
Set parameter Username
Set parameter LicenseID to value 2826524
Academic license - for non-commercial use only - expires 2027-05-22
Set parameter Username
Set parameter LicenseID to value 2826524
Academic license - for non-commercial use only - expires 2027-05-22
Set parameter Username
Set parameter LicenseID to value 2826524
Academic license - for non-commercial use only - expires 2027-05-22
Set parameter Username
Set parameter LicenseID to value 2826524
Academic license - for non-commercial use only - expires 2027-05-22
Set parameter Username
Set parameter LicenseID to value 2826524
Academic license - for non-commercial use only - expires 2027-05-22
Set parameter Username
Set parameter LicenseID to value 2826524
Academic license - for non-commercial use only - expires 2027-05-22
Set parameter Username
Set parameter LicenseID to value 2826524
Academic license - for non-commercial use only - expires 2027-05-22
Set parameter Username
Set parameter LicenseID to value 2826524
Academic license - for non-commercial use only - expires 2027-05-22
Set parameter Username
Set parameter LicenseID to value 2826524
Academic license - for non-commercial use only - expires 2027-05-22
Set parameter Username
Set parameter LicenseID to value 2826524
Academic license - for non-commercial use only - expires 2027-05-22
Set parameter Username
Set parameter LicenseID to value 2826524
Academic license - for non-commercial use only - expires 2027-05-22
Set parameter Username
Set parameter LicenseID to value 2826524
Academic license - for non-commercial use only - expires 2027-05-22
Set parameter Username
Set parameter LicenseID to value 2826524
Academic license - for non-commercial use only - expires 2027-05-22
Set parameter Username
Set parameter LicenseID to value 2826524
Academic license - for non-commercial use only - expires 2027-05-22
Set parameter Username
Set parameter LicenseID to value 2826524
Academic license - for non-commercial use only - expires 2027-05-22
Set parameter Username
Set parameter LicenseID to value 2826524
Academic license - for non-commercial use only - expires 2027-05-22
Set parameter Username
Set parameter LicenseID to value 2826524
Academic license - for non-commercial use only - expires 2027-05-22
Set parameter Username
Set parameter LicenseID to value 2826524
Academic license - for non-commercial use only - expires 2027-05-22
Set parameter Username
Set parameter LicenseID to value 2826524
Academic license - for non-commercial use only - expires 2027-05-22
Set parameter Username
Set parameter LicenseID to value 2826524
Academic license - for non-commercial use only - expires 2027-05-22
Set parameter Username
Set parameter LicenseID to value 2826524
Academic license - for non-commercial use only - expires 2027-05-22
Set parameter Username
Set parameter LicenseID to value 2826524
Academic license - for non-commercial use only - expires 2027-05-22
Set parameter Username
Set parameter LicenseID to value 2826524
Academic license - for non-commercial use only - expires 2027-05-22
Set parameter Username
Set parameter LicenseID to value 2826524
Academic license - for non-commercial use only - expires 2027-05-22
Set parameter Username
Set parameter LicenseID to value 2826524
Academic license - for non-commercial use only - expires 2027-05-22
Set parameter Username
Set parameter LicenseID to value 2826524
Academic license - for non-commercial use only - expires 2027-05-22
Set parameter Username
Set parameter LicenseID to value 2826524
Academic license - for non-commercial use only - expires 2027-05-22
Set parameter Username
Set parameter LicenseID to value 2826524
Academic license - for non-commercial use only - expires 2027-05-22
Set parameter Username
Set parameter LicenseID to value 2826524
Academic license - for non-commercial use only - expires 2027-05-22
Set parameter Username
Set parameter LicenseID to value 2826524
Academic license - for non-commercial use only - expires 2027-05-22
Set parameter Username
Set parameter LicenseID to value 2826524
Academic license - for non-commercial use only - expires 2027-05-22
Set parameter Username
Set parameter LicenseID to value 2826524
Academic license - for non-commercial use only - expires 2027-05-22
Set parameter Username
Set parameter LicenseID to value 2826524
Academic license - for non-commercial use only - expires 2027-05-22
Set parameter Username
Set parameter LicenseID to value 2826524
Academic license - for non-commercial use only - expires 2027-05-22
Set parameter Username
Set parameter LicenseID to value 2826524
Academic license - for non-commercial use only - expires 2027-05-22
Set parameter Username
Set parameter LicenseID to value 2826524
Academic license - for non-commercial use only - expires 2027-05-22
Set parameter Username
Set parameter LicenseID to value 2826524
Academic license - for non-commercial use only - expires 2027-05-22
Set parameter Username
Set parameter LicenseID to value 2826524
Academic license - for non-commercial use only - expires 2027-05-22
Set parameter Username
Set parameter LicenseID to value 2826524
Academic license - for non-commercial use only - expires 2027-05-22
Set parameter Username
Set parameter LicenseID to value 2826524
Academic license - for non-commercial use only - expires 2027-05-22
Set parameter Username
Set parameter LicenseID to value 2826524
Academic license - for non-commercial use only - expires 2027-05-22
Set parameter Username
Set parameter LicenseID to value 2826524
Academic license - for non-commercial use only - expires 2027-05-22
Set parameter Username
Set parameter LicenseID to value 2826524
Academic license - for non-commercial use only - expires 2027-05-22
Set parameter Username
Set parameter LicenseID to value 2826524
Academic license - for non-commercial use only - expires 2027-05-22
Set parameter Username
Set parameter LicenseID to value 2826524
Academic license - for non-commercial use only - expires 2027-05-22
Set parameter Username
Set parameter LicenseID to value 2826524
Academic license - for non-commercial use only - expires 2027-05-22
Set parameter Username
Set parameter LicenseID to value 2826524
Academic license - for non-commercial use only - expires 2027-05-22
Set parameter Username
Set parameter LicenseID to value 2826524
Academic license - for non-commercial use only - expires 2027-05-22
Set parameter Username
Set parameter LicenseID to value 2826524
Academic license - for non-commercial use only - expires 2027-05-22
Set parameter Username
Set parameter LicenseID to value 2826524
Academic license - for non-commercial use only - expires 2027-05-22
Set parameter Username
Set parameter LicenseID to value 2826524
Academic license - for non-commercial use only - expires 2027-05-22
Set parameter Username
Set parameter LicenseID to value 2826524
Academic license - for non-commercial use only - expires 2027-05-22
Set parameter Username
Set parameter LicenseID to value 2826524
Academic license - for non-commercial use only - expires 2027-05-22
Set parameter Username
Set parameter LicenseID to value 2826524
Academic license - for non-commercial use only - expires 2027-05-22
Set parameter Username
Set parameter LicenseID to value 2826524
Academic license - for non-commercial use only - expires 2027-05-22
Set parameter Username
Set parameter LicenseID to value 2826524
Academic license - for non-commercial use only - expires 2027-05-22
Set parameter Username
Set parameter LicenseID to value 2826524
Academic license - for non-commercial use only - expires 2027-05-22
Set parameter Username
Set parameter LicenseID to value 2826524
Academic license - for non-commercial use only - expires 2027-05-22
Set parameter Username
Set parameter LicenseID to value 2826524
Academic license - for non-commercial use only - expires 2027-05-22
Set parameter Username
Set parameter LicenseID to value 2826524
Academic license - for non-commercial use only - expires 2027-05-22
	 constraints: 11) stroges system constraints skipped (NC=0 or variables not defined)
	 constraints: 12) data centra constraints skipped (is_ConsiderDataCentra != 1)
	 constraints: 13) frequency control constraints skipped (is_ConsiderFrequencyControl != 1)
	 constraints: 14) hydro power limits					 done
+++++++++++++++++++++++++++++++++++++++++++++++++++++++++++++++++++++++++++++++++++++++++++
Step-4: starting Gurobi solver
Step-5: Gurobi solver finished
+++++++++++++++++++++++++++++++++++++++++++++++++++++++++++++++++++++++++++++++++++++++++++

solution_summary(scuc) = solution_summary(; result = 1, verbose = false)
├ solver_name          : Gurobi
├ Termination
│ ├ termination_status : OPTIMAL
│ ├ result_count       : 1
│ ├ raw_status         : Model was solved to optimality (subject to tolerances), and an optimal solution is available.
│ └ objective_bound    : 1.47571e+16
├ Solution (result = 1)
│ ├ primal_status        : FEASIBLE_POINT
│ ├ dual_status          : NO_SOLUTION
│ ├ objective_value      : 1.47571e+16
│ └ relative_gap         : 8.94767e-10
└ Work counters
  ├ solve_time (sec)   : 5.01000e-01
  ├ simplex_iterations : 0
  ├ barrier_iterations : 0
  └ node_count         : 0


Termination Status: OPTIMAL
Acceptable solution found (Status: OPTIMAL).
Step-6: record datas
PART1: [unit-commitment] calculation result has been saved to: D:\GithubClonefiles\module_unitcommitment\.worktrees\108_168h\output\pcm_com4_loadall_h168_20260823_210543\smooth\clu_ovl\r01\output/details_schedule_results/pcm_simulation_results/intervels_[1]/res_schedule_commitment_result.txt
PART1: [unit-commitment] calculation result has been saved to: D:\GithubClonefiles\module_unitcommitment\.worktrees\108_168h\output\pcm_com4_loadall_h168_20260823_210543\smooth\clu_ovl\r01\output/details_schedule_results/pcm_simulation_results/intervels_[1]/res_schedule_commitment_result.txt
PART1: [unit-commitment] calculation result has been saved to: D:\GithubClonefiles\module_unitcommitment\.worktrees\108_168h\output\pcm_com4_loadall_h168_20260823_210543\smooth\clu_ovl\r01\output/details_schedule_results/pcm_simulation_results/intervels_[1]/res_schedule_commitment_result.txt
Step-3: Creating dispatching model (Refactored & Modularized)
  Clustered PCM: 108 physical units -> 31 equivalent units (71.3% state reduction; 108 units in non-singleton clusters)
    5-point output grid is infeasible; retrying this window with 17 points
  Clustered PCM: 108 physical units -> 31 equivalent units (71.3% state reduction; 108 units in non-singleton clusters)
    Refined output grid is infeasible; entering continuous residence-power diagnosis
  Clustered PCM: 108 physical units -> 31 equivalent units (71.3% state reduction; 108 units in non-singleton clusters)
  ⚠ True clustered UC failed at cluster_master: INFEASIBLE; falling back to full unit-network SCUC
	 Variables defined.
DEBUG set_objective_economic!: NT=36, NG=108, ND=91, NW=20, NS=1, K=3, size(refcost)=(108,), size(eachslope)=(3, 108)
objective_function
	MILP economic objective set
subject to.
	 constraints: 1) minimum shutup/shutdown time limits			 done
	 constraints: 2) binary variable logic					 done
	 constraints: 3) shutup/shutdown cost					 done
	 constraints: 4) loadcurtailments and spoliedwinds			 done
	 constraints: 5) generatos power limits					 done
	 constraints: 6) system reserves limits					 done
	 constraints: 7) power balance constraints				 done
	 constraints: 8) ramp-up/ramp-down constraints				 done
	 constraints: 9) piece linearization constraints			 done
	 constraints: 10) transmissionline limits skipped (is_NetWorkCon != 1 or Gsdf missing or NL=0)
	 constraints: 11) stroges system constraints skipped (NC=0 or variables not defined)
	 constraints: 12) data centra constraints skipped (is_ConsiderDataCentra != 1)
	 constraints: 13) frequency control constraints skipped (is_ConsiderFrequencyControl != 1)
	 constraints: 14) hydro power limits					 done
+++++++++++++++++++++++++++++++++++++++++++++++++++++++++++++++++++++++++++++++++++++++++++
Step-4: starting Gurobi solver
Step-5: Gurobi solver finished
+++++++++++++++++++++++++++++++++++++++++++++++++++++++++++++++++++++++++++++++++++++++++++

solution_summary(scuc) = solution_summary(; result = 1, verbose = false)
├ solver_name          : Gurobi
├ Termination
│ ├ termination_status : OPTIMAL
│ ├ result_count       : 1
│ ├ raw_status         : Model was solved to optimality (subject to tolerances), and an optimal solution is available.
│ └ objective_bound    : 1.31959e+16
├ Solution (result = 1)
│ ├ primal_status        : FEASIBLE_POINT
│ ├ dual_status          : NO_SOLUTION
│ ├ objective_value      : 1.31959e+16
│ └ relative_gap         : 1.90138e-09
└ Work counters
  ├ solve_time (sec)   : 7.22000e-01
  ├ simplex_iterations : 0
  ├ barrier_iterations : 0
  └ node_count         : 0


Termination Status: OPTIMAL
Acceptable solution found (Status: OPTIMAL).
Step-6: record datas
PART1: [unit-commitment] calculation result has been saved to: D:\GithubClonefiles\module_unitcommitment\.worktrees\108_168h\output\pcm_com4_loadall_h168_20260823_210543\smooth\clu_ovl\r01\output/details_schedule_results/pcm_simulation_results/intervels_[1]/res_schedule_commitment_result.txt
Step-3: Creating dispatching model (Refactored & Modularized)
  Clustered PCM: 108 physical units -> 31 equivalent units (71.3% state reduction; 108 units in non-singleton clusters)
    5-point output grid is infeasible; retrying this window with 17 points
  Clustered PCM: 108 physical units -> 31 equivalent units (71.3% state reduction; 108 units in non-singleton clusters)
    Refined output grid is infeasible; entering continuous residence-power diagnosis
  Clustered PCM: 108 physical units -> 31 equivalent units (71.3% state reduction; 108 units in non-singleton clusters)
  ⚠ True clustered UC failed at cluster_master: INFEASIBLE; falling back to full unit-network SCUC
	 Variables defined.
DEBUG set_objective_economic!: NT=36, NG=108, ND=91, NW=20, NS=1, K=3, size(refcost)=(108,), size(eachslope)=(3, 108)
objective_function
	MILP economic objective set
subject to.
	 constraints: 1) minimum shutup/shutdown time limits			 done
	 constraints: 2) binary variable logic					 done
	 constraints: 3) shutup/shutdown cost					 done
	 constraints: 4) loadcurtailments and spoliedwinds			 done
	 constraints: 5) generatos power limits					 done
	 constraints: 6) system reserves limits					 done
	 constraints: 7) power balance constraints				 done
	 constraints: 8) ramp-up/ramp-down constraints				 done
	 constraints: 9) piece linearization constraints			 done
	 constraints: 10) transmissionline limits skipped (is_NetWorkCon != 1 or Gsdf missing or NL=0)
	 constraints: 11) stroges system constraints skipped (NC=0 or variables not defined)
	 constraints: 12) data centra constraints skipped (is_ConsiderDataCentra != 1)
	 constraints: 13) frequency control constraints skipped (is_ConsiderFrequencyControl != 1)
	 constraints: 14) hydro power limits					 done
+++++++++++++++++++++++++++++++++++++++++++++++++++++++++++++++++++++++++++++++++++++++++++
Step-4: starting Gurobi solver
Step-5: Gurobi solver finished
+++++++++++++++++++++++++++++++++++++++++++++++++++++++++++++++++++++++++++++++++++++++++++

solution_summary(scuc) = solution_summary(; result = 1, verbose = false)
├ solver_name          : Gurobi
├ Termination
│ ├ termination_status : OPTIMAL
│ ├ result_count       : 1
│ ├ raw_status         : Model was solved to optimality (subject to tolerances), and an optimal solution is available.
│ └ objective_bound    : 1.31959e+16
├ Solution (result = 1)
│ ├ primal_status        : FEASIBLE_POINT
│ ├ dual_status          : NO_SOLUTION
│ ├ objective_value      : 1.31959e+16
│ └ relative_gap         : 1.90138e-09
└ Work counters
  ├ solve_time (sec)   : 5.92000e-01
  ├ simplex_iterations : 0
  ├ barrier_iterations : 0
  └ node_count         : 0


Termination Status: OPTIMAL
Acceptable solution found (Status: OPTIMAL).
Step-6: record datas
PART1: [unit-commitment] calculation result has been saved to: D:\GithubClonefiles\module_unitcommitment\.worktrees\108_168h\output\pcm_com4_loadall_h168_20260823_210543\smooth\clu_ovl\r01\output/details_schedule_results/pcm_simulation_results/intervels_[1]/res_schedule_commitment_result.txt
PART1: [unit-commitment] calculation result has been saved to: D:\GithubClonefiles\module_unitcommitment\.worktrees\108_168h\output\pcm_com4_loadall_h168_20260823_210543\smooth\clu_ovl\r01\output/details_schedule_results/pcm_simulation_results/intervels_[1]/res_schedule_commitment_result.txt
Step-3: Creating dispatching model (Refactored & Modularized)
  Clustered PCM: 108 physical units -> 31 equivalent units (71.3% state reduction; 108 units in non-singleton clusters)
    5-point output grid is infeasible; retrying this window with 17 points
  Clustered PCM: 108 physical units -> 31 equivalent units (71.3% state reduction; 108 units in non-singleton clusters)
    Refined output grid is infeasible; entering continuous residence-power diagnosis
  Clustered PCM: 108 physical units -> 31 equivalent units (71.3% state reduction; 108 units in non-singleton clusters)
  ⚠ True clustered UC failed at cluster_master: INFEASIBLE; falling back to full unit-network SCUC
	 Variables defined.
DEBUG set_objective_economic!: NT=26, NG=108, ND=91, NW=20, NS=1, K=3, size(refcost)=(108,), size(eachslope)=(3, 108)
objective_function
	MILP economic objective set
subject to.
	 constraints: 1) minimum shutup/shutdown time limits			 done
	 constraints: 2) binary variable logic					 done
	 constraints: 3) shutup/shutdown cost					 done
	 constraints: 4) loadcurtailments and spoliedwinds			 done
	 constraints: 5) generatos power limits					 done
	 constraints: 6) system reserves limits					 done
	 constraints: 7) power balance constraints				 done
	 constraints: 8) ramp-up/ramp-down constraints				 done
	 constraints: 9) piece linearization constraints			 done
	 constraints: 10) transmissionline limits skipped (is_NetWorkCon != 1 or Gsdf missing or NL=0)
	 constraints: 11) stroges system constraints skipped (NC=0 or variables not defined)
	 constraints: 12) data centra constraints skipped (is_ConsiderDataCentra != 1)
	 constraints: 13) frequency control constraints skipped (is_ConsiderFrequencyControl != 1)
	 constraints: 14) hydro power limits					 done
+++++++++++++++++++++++++++++++++++++++++++++++++++++++++++++++++++++++++++++++++++++++++++
Step-4: starting Gurobi solver
Step-5: Gurobi solver finished
+++++++++++++++++++++++++++++++++++++++++++++++++++++++++++++++++++++++++++++++++++++++++++

solution_summary(scuc) = solution_summary(; result = 1, verbose = false)
├ solver_name          : Gurobi
├ Termination
│ ├ termination_status : OPTIMAL
│ ├ result_count       : 1
│ ├ raw_status         : Model was solved to optimality (subject to tolerances), and an optimal solution is available.
│ └ objective_bound    : 1.31959e+16
├ Solution (result = 1)
│ ├ primal_status        : FEASIBLE_POINT
│ ├ dual_status          : NO_SOLUTION
│ ├ objective_value      : 1.31959e+16
│ └ relative_gap         : 8.98449e-10
└ Work counters
  ├ solve_time (sec)   : 4.68000e-01
  ├ simplex_iterations : 0
  ├ barrier_iterations : 0
  └ node_count         : 0


Termination Status: OPTIMAL
Acceptable solution found (Status: OPTIMAL).
Step-6: record datas
PART1: [unit-commitment] calculation result has been saved to: D:\GithubClonefiles\module_unitcommitment\.worktrees\108_168h\output\pcm_com4_loadall_h168_20260823_210543\smooth\clu_ovl\r01\output/details_schedule_results/pcm_simulation_results/intervels_[1]/res_schedule_commitment_result.txt
PART1: [unit-commitment] calculation result has been saved to: D:\GithubClonefiles\module_unitcommitment\.worktrees\108_168h\output\pcm_com4_loadall_h168_20260823_210543\smooth\clu_ovl\r01\output/details_schedule_results/pcm_simulation_results/intervels_[1]/res_schedule_commitment_result.txt
Step-3: Creating dispatching model (Refactored & Modularized)
  Clustered PCM: 108 physical units -> 31 equivalent units (71.3% state reduction; 108 units in non-singleton clusters)
    5-point output grid is infeasible; retrying this window with 17 points
  Clustered PCM: 108 physical units -> 31 equivalent units (71.3% state reduction; 108 units in non-singleton clusters)
    Refined output grid is infeasible; entering continuous residence-power diagnosis
  Clustered PCM: 108 physical units -> 31 equivalent units (71.3% state reduction; 108 units in non-singleton clusters)
  ⚠ True clustered UC failed at cluster_master: INFEASIBLE; falling back to full unit-network SCUC
	 Variables defined.
DEBUG set_objective_economic!: NT=31, NG=108, ND=91, NW=20, NS=1, K=3, size(refcost)=(108,), size(eachslope)=(3, 108)
objective_function
	MILP economic objective set
subject to.
	 constraints: 1) minimum shutup/shutdown time limits			 done
	 constraints: 2) binary variable logic					 done
	 constraints: 3) shutup/shutdown cost					 done
	 constraints: 4) loadcurtailments and spoliedwinds			 done
	 constraints: 5) generatos power limits					 done
	 constraints: 6) system reserves limits					 done
	 constraints: 7) power balance constraints				 done
	 constraints: 8) ramp-up/ramp-down constraints				 done
	 constraints: 9) piece linearization constraints			 done
	 constraints: 10) transmissionline limits skipped (is_NetWorkCon != 1 or Gsdf missing or NL=0)
	 constraints: 11) stroges system constraints skipped (NC=0 or variables not defined)
	 constraints: 12) data centra constraints skipped (is_ConsiderDataCentra != 1)
	 constraints: 13) frequency control constraints skipped (is_ConsiderFrequencyControl != 1)
	 constraints: 14) hydro power limits					 done
+++++++++++++++++++++++++++++++++++++++++++++++++++++++++++++++++++++++++++++++++++++++++++
Step-4: starting Gurobi solver
Step-5: Gurobi solver finished
+++++++++++++++++++++++++++++++++++++++++++++++++++++++++++++++++++++++++++++++++++++++++++

solution_summary(scuc) = solution_summary(; result = 1, verbose = false)
├ solver_name          : Gurobi
├ Termination
│ ├ termination_status : OPTIMAL
│ ├ result_count       : 1
│ ├ raw_status         : Model was solved to optimality (subject to tolerances), and an optimal solution is available.
│ └ objective_bound    : 1.31959e+16
├ Solution (result = 1)
│ ├ primal_status        : FEASIBLE_POINT
│ ├ dual_status          : NO_SOLUTION
│ ├ objective_value      : 1.31959e+16
│ └ relative_gap         : 1.08897e-09
└ Work counters
  ├ solve_time (sec)   : 5.03000e-01
  ├ simplex_iterations : 0
  ├ barrier_iterations : 0
  └ node_count         : 0


Termination Status: OPTIMAL
Acceptable solution found (Status: OPTIMAL).
Step-6: record datas
PART1: [unit-commitment] calculation result has been saved to: D:\GithubClonefiles\module_unitcommitment\.worktrees\108_168h\output\pcm_com4_loadall_h168_20260823_210543\smooth\clu_ovl\r01\output/details_schedule_results/pcm_simulation_results/intervels_[1]/res_schedule_commitment_result.txt
PART1: [unit-commitment] calculation result has been saved to: D:\GithubClonefiles\module_unitcommitment\.worktrees\108_168h\output\pcm_com4_loadall_h168_20260823_210543\smooth\clu_ovl\r01\output/details_schedule_results/pcm_simulation_results/intervels_[1]/res_schedule_commitment_result.txt
PART1: [unit-commitment] calculation result has been saved to: D:\GithubClonefiles\module_unitcommitment\.worktrees\108_168h\output\pcm_com4_loadall_h168_20260823_210543\smooth\clu_ovl\r01\output/details_schedule_results/pcm_simulation_results/intervels_[1]/res_schedule_commitment_result.txt
Step-3: Creating dispatching model (Refactored & Modularized)
  Clustered PCM: 108 physical units -> 31 equivalent units (71.3% state reduction; 108 units in non-singleton clusters)
    5-point output grid is infeasible; retrying this window with 17 points
  Clustered PCM: 108 physical units -> 31 equivalent units (71.3% state reduction; 108 units in non-singleton clusters)
    Refined output grid is infeasible; entering continuous residence-power diagnosis
  Clustered PCM: 108 physical units -> 31 equivalent units (71.3% state reduction; 108 units in non-singleton clusters)
    Fast disaggregation failed at ramp; trying exact cluster-internal certificate
  ⚠ True clustered UC failed at physical_disaggregation: physical fleet cannot follow clustered total-power trajectory; lines=Int64[], periods=[1, 13], deviations=2; falling back to full unit-network SCUC
	 Variables defined.
DEBUG set_objective_economic!: NT=36, NG=108, ND=91, NW=20, NS=1, K=3, size(refcost)=(108,), size(eachslope)=(3, 108)
objective_function
	MILP economic objective set
subject to.
	 constraints: 1) minimum shutup/shutdown time limits			 done
	 constraints: 2) binary variable logic					 done
	 constraints: 3) shutup/shutdown cost					 done
	 constraints: 4) loadcurtailments and spoliedwinds			 done
	 constraints: 5) generatos power limits					 done
	 constraints: 6) system reserves limits					 done
	 constraints: 7) power balance constraints				 done
	 constraints: 8) ramp-up/ramp-down constraints				 done
	 constraints: 9) piece linearization constraints			 done
	 constraints: 10) transmissionline limits skipped (is_NetWorkCon != 1 or Gsdf missing or NL=0)
	 constraints: 11) stroges system constraints skipped (NC=0 or variables not defined)
	 constraints: 12) data centra constraints skipped (is_ConsiderDataCentra != 1)
	 constraints: 13) frequency control constraints skipped (is_ConsiderFrequencyControl != 1)
	 constraints: 14) hydro power limits					 done
+++++++++++++++++++++++++++++++++++++++++++++++++++++++++++++++++++++++++++++++++++++++++++
Step-4: starting Gurobi solver
Step-5: Gurobi solver finished
+++++++++++++++++++++++++++++++++++++++++++++++++++++++++++++++++++++++++++++++++++++++++++

solution_summary(scuc) = solution_summary(; result = 1, verbose = false)
├ solver_name          : Gurobi
├ Termination
│ ├ termination_status : OPTIMAL
│ ├ result_count       : 8
│ ├ raw_status         : Model was solved to optimality (subject to tolerances), and an optimal solution is available.
│ └ objective_bound    : 2.51392e+06
├ Solution (result = 1)
│ ├ primal_status        : FEASIBLE_POINT
│ ├ dual_status          : NO_SOLUTION
│ ├ objective_value      : 2.57787e+06
│ └ relative_gap         : 2.48082e-02
└ Work counters
  ├ solve_time (sec)   : 7.93800e+00
  ├ simplex_iterations : 22747
  ├ barrier_iterations : 0
  └ node_count         : 1


Termination Status: OPTIMAL
Acceptable solution found (Status: OPTIMAL).
Step-6: record datas
PART1: [unit-commitment] calculation result has been saved to: D:\GithubClonefiles\module_unitcommitment\.worktrees\108_168h\output\pcm_com4_loadall_h168_20260823_210543\smooth\clu_ovl\r01\output/details_schedule_results/pcm_simulation_results/intervels_[1]/res_schedule_commitment_result.txt
Step-3: Creating dispatching model (Refactored & Modularized)
  Clustered PCM: 108 physical units -> 31 equivalent units (71.3% state reduction; 108 units in non-singleton clusters)
    5-point output grid is infeasible; retrying this window with 17 points
  Clustered PCM: 108 physical units -> 31 equivalent units (71.3% state reduction; 108 units in non-singleton clusters)
    Refined output grid is infeasible; entering continuous residence-power diagnosis
  Clustered PCM: 108 physical units -> 31 equivalent units (71.3% state reduction; 108 units in non-singleton clusters)
    Fast disaggregation failed at ramp; trying exact cluster-internal certificate
  ⚠ True clustered UC failed at physical_disaggregation: physical fleet cannot follow clustered total-power trajectory; lines=Int64[], periods=[1, 13], deviations=2; falling back to full unit-network SCUC
	 Variables defined.
DEBUG set_objective_economic!: NT=36, NG=108, ND=91, NW=20, NS=1, K=3, size(refcost)=(108,), size(eachslope)=(3, 108)
objective_function
	MILP economic objective set
subject to.
	 constraints: 1) minimum shutup/shutdown time limits			 done
	 constraints: 2) binary variable logic					 done
	 constraints: 3) shutup/shutdown cost					 done
	 constraints: 4) loadcurtailments and spoliedwinds			 done
	 constraints: 5) generatos power limits					 done
	 constraints: 6) system reserves limits					 done
	 constraints: 7) power balance constraints				 done
	 constraints: 8) ramp-up/ramp-down constraints				 done
	 constraints: 9) piece linearization constraints			 done
	 constraints: 10) transmissionline limits skipped (is_NetWorkCon != 1 or Gsdf missing or NL=0)
	 constraints: 11) stroges system constraints skipped (NC=0 or variables not defined)
	 constraints: 12) data centra constraints skipped (is_ConsiderDataCentra != 1)
	 constraints: 13) frequency control constraints skipped (is_ConsiderFrequencyControl != 1)
	 constraints: 14) hydro power limits					 done
+++++++++++++++++++++++++++++++++++++++++++++++++++++++++++++++++++++++++++++++++++++++++++
Step-4: starting Gurobi solver
Step-5: Gurobi solver finished
+++++++++++++++++++++++++++++++++++++++++++++++++++++++++++++++++++++++++++++++++++++++++++

solution_summary(scuc) = solution_summary(; result = 1, verbose = false)
├ solver_name          : Gurobi
├ Termination
│ ├ termination_status : OPTIMAL
│ ├ result_count       : 8
│ ├ raw_status         : Model was solved to optimality (subject to tolerances), and an optimal solution is available.
│ └ objective_bound    : 2.51392e+06
├ Solution (result = 1)
│ ├ primal_status        : FEASIBLE_POINT
│ ├ dual_status          : NO_SOLUTION
│ ├ objective_value      : 2.57787e+06
│ └ relative_gap         : 2.48082e-02
└ Work counters
  ├ solve_time (sec)   : 8.29800e+00
  ├ simplex_iterations : 22747
  ├ barrier_iterations : 0
  └ node_count         : 1


Termination Status: OPTIMAL
Acceptable solution found (Status: OPTIMAL).
Step-6: record datas
PART1: [unit-commitment] calculation result has been saved to: D:\GithubClonefiles\module_unitcommitment\.worktrees\108_168h\output\pcm_com4_loadall_h168_20260823_210543\smooth\clu_ovl\r01\output/details_schedule_results/pcm_simulation_results/intervels_[1]/res_schedule_commitment_result.txt
PART1: [unit-commitment] calculation result has been saved to: D:\GithubClonefiles\module_unitcommitment\.worktrees\108_168h\output\pcm_com4_loadall_h168_20260823_210543\smooth\clu_ovl\r01\output/details_schedule_results/pcm_simulation_results/intervels_[1]/res_schedule_commitment_result.txt
Step-3: Creating dispatching model (Refactored & Modularized)
  Clustered PCM: 108 physical units -> 31 equivalent units (71.3% state reduction; 108 units in non-singleton clusters)
    5-point output grid is infeasible; retrying this window with 17 points
  Clustered PCM: 108 physical units -> 31 equivalent units (71.3% state reduction; 108 units in non-singleton clusters)
    Refined output grid is infeasible; entering continuous residence-power diagnosis
  Clustered PCM: 108 physical units -> 31 equivalent units (71.3% state reduction; 108 units in non-singleton clusters)
    Fast disaggregation failed at ramp; trying exact cluster-internal certificate
  ⚠ True clustered UC failed at physical_disaggregation: physical fleet cannot follow clustered total-power trajectory; lines=Int64[], periods=[1, 13], deviations=2; falling back to full unit-network SCUC
	 Variables defined.
DEBUG set_objective_economic!: NT=26, NG=108, ND=91, NW=20, NS=1, K=3, size(refcost)=(108,), size(eachslope)=(3, 108)
objective_function
	MILP economic objective set
subject to.
	 constraints: 1) minimum shutup/shutdown time limits			 done
	 constraints: 2) binary variable logic					 done
	 constraints: 3) shutup/shutdown cost					 done
	 constraints: 4) loadcurtailments and spoliedwinds			 done
	 constraints: 5) generatos power limits					 done
	 constraints: 6) system reserves limits					 done
	 constraints: 7) power balance constraints				 done
	 constraints: 8) ramp-up/ramp-down constraints				 done
	 constraints: 9) piece linearization constraints			 done
	 constraints: 10) transmissionline limits skipped (is_NetWorkCon != 1 or Gsdf missing or NL=0)
	 constraints: 11) stroges system constraints skipped (NC=0 or variables not defined)
	 constraints: 12) data centra constraints skipped (is_ConsiderDataCentra != 1)
	 constraints: 13) frequency control constraints skipped (is_ConsiderFrequencyControl != 1)
	 constraints: 14) hydro power limits					 done
+++++++++++++++++++++++++++++++++++++++++++++++++++++++++++++++++++++++++++++++++++++++++++
Step-4: starting Gurobi solver
Step-5: Gurobi solver finished
+++++++++++++++++++++++++++++++++++++++++++++++++++++++++++++++++++++++++++++++++++++++++++

solution_summary(scuc) = solution_summary(; result = 1, verbose = false)
├ solver_name          : Gurobi
├ Termination
│ ├ termination_status : OPTIMAL
│ ├ result_count       : 10
│ ├ raw_status         : Model was solved to optimality (subject to tolerances), and an optimal solution is available.
│ └ objective_bound    : 1.92235e+06
├ Solution (result = 1)
│ ├ primal_status        : FEASIBLE_POINT
│ ├ dual_status          : NO_SOLUTION
│ ├ objective_value      : 1.94918e+06
│ └ relative_gap         : 1.37649e-02
└ Work counters
  ├ solve_time (sec)   : 3.78700e+00
  ├ simplex_iterations : 12864
  ├ barrier_iterations : 0
  └ node_count         : 1


Termination Status: OPTIMAL
Acceptable solution found (Status: OPTIMAL).
Step-6: record datas
PART1: [unit-commitment] calculation result has been saved to: D:\GithubClonefiles\module_unitcommitment\.worktrees\108_168h\output\pcm_com4_loadall_h168_20260823_210543\smooth\clu_ovl\r01\output/details_schedule_results/pcm_simulation_results/intervels_[1]/res_schedule_commitment_result.txt
PART1: [unit-commitment] calculation result has been saved to: D:\GithubClonefiles\module_unitcommitment\.worktrees\108_168h\output\pcm_com4_loadall_h168_20260823_210543\smooth\clu_ovl\r01\output/details_schedule_results/pcm_simulation_results/intervels_[1]/res_schedule_commitment_result.txt
Step-3: Creating dispatching model (Refactored & Modularized)
  Clustered PCM: 108 physical units -> 31 equivalent units (71.3% state reduction; 108 units in non-singleton clusters)
    5-point output grid is infeasible; retrying this window with 17 points
  Clustered PCM: 108 physical units -> 31 equivalent units (71.3% state reduction; 108 units in non-singleton clusters)
    Refined output grid is infeasible; entering continuous residence-power diagnosis
  Clustered PCM: 108 physical units -> 31 equivalent units (71.3% state reduction; 108 units in non-singleton clusters)
    Fast disaggregation failed at ramp; trying exact cluster-internal certificate
  ⚠ True clustered UC failed at physical_disaggregation: physical fleet cannot follow clustered total-power trajectory; lines=Int64[], periods=[1], deviations=1; falling back to full unit-network SCUC
	 Variables defined.
DEBUG set_objective_economic!: NT=31, NG=108, ND=91, NW=20, NS=1, K=3, size(refcost)=(108,), size(eachslope)=(3, 108)
objective_function
	MILP economic objective set
subject to.
	 constraints: 1) minimum shutup/shutdown time limits			 done
	 constraints: 2) binary variable logic					 done
	 constraints: 3) shutup/shutdown cost					 done
	 constraints: 4) loadcurtailments and spoliedwinds			 done
	 constraints: 5) generatos power limits					 done
	 constraints: 6) system reserves limits					 done
	 constraints: 7) power balance constraints				 done
	 constraints: 8) ramp-up/ramp-down constraints				 done
	 constraints: 9) piece linearization constraints			 done
	 constraints: 10) transmissionline limits skipped (is_NetWorkCon != 1 or Gsdf missing or NL=0)
	 constraints: 11) stroges system constraints skipped (NC=0 or variables not defined)
	 constraints: 12) data centra constraints skipped (is_ConsiderDataCentra != 1)
	 constraints: 13) frequency control constraints skipped (is_ConsiderFrequencyControl != 1)
	 constraints: 14) hydro power limits					 done
+++++++++++++++++++++++++++++++++++++++++++++++++++++++++++++++++++++++++++++++++++++++++++
Step-4: starting Gurobi solver
Step-5: Gurobi solver finished
+++++++++++++++++++++++++++++++++++++++++++++++++++++++++++++++++++++++++++++++++++++++++++

solution_summary(scuc) = solution_summary(; result = 1, verbose = false)
├ solver_name          : Gurobi
├ Termination
│ ├ termination_status : OPTIMAL
│ ├ result_count       : 8
│ ├ raw_status         : Model was solved to optimality (subject to tolerances), and an optimal solution is available.
│ └ objective_bound    : 2.12979e+06
├ Solution (result = 1)
│ ├ primal_status        : FEASIBLE_POINT
│ ├ dual_status          : NO_SOLUTION
│ ├ objective_value      : 2.18891e+06
│ └ relative_gap         : 2.70084e-02
└ Work counters
  ├ solve_time (sec)   : 6.21400e+00
  ├ simplex_iterations : 19967
  ├ barrier_iterations : 0
  └ node_count         : 1


Termination Status: OPTIMAL
Acceptable solution found (Status: OPTIMAL).
Step-6: record datas
PART1: [unit-commitment] calculation result has been saved to: D:\GithubClonefiles\module_unitcommitment\.worktrees\108_168h\output\pcm_com4_loadall_h168_20260823_210543\smooth\clu_ovl\r01\output/details_schedule_results/pcm_simulation_results/intervels_[1]/res_schedule_commitment_result.txt
PART1: [unit-commitment] calculation result has been saved to: D:\GithubClonefiles\module_unitcommitment\.worktrees\108_168h\output\pcm_com4_loadall_h168_20260823_210543\smooth\clu_ovl\r01\output/details_schedule_results/pcm_simulation_results/intervels_[1]/res_schedule_commitment_result.txt
PART1: [unit-commitment] calculation result has been saved to: D:\GithubClonefiles\module_unitcommitment\.worktrees\108_168h\output\pcm_com4_loadall_h168_20260823_210543\smooth\clu_ovl\r01\output/details_schedule_results/pcm_simulation_results/intervels_[1]/res_schedule_commitment_result.txt
Step-3: Creating dispatching model (Refactored & Modularized)
  Clustered PCM: 108 physical units -> 31 equivalent units (71.3% state reduction; 108 units in non-singleton clusters)
  ✓ True clustered UC completed (31 virtual units)
Step-3: Creating dispatching model (Refactored & Modularized)
  Clustered PCM: 108 physical units -> 31 equivalent units (71.3% state reduction; 108 units in non-singleton clusters)
  ✓ True clustered UC completed (31 virtual units)
PART1: [unit-commitment] calculation result has been saved to: D:\GithubClonefiles\module_unitcommitment\.worktrees\108_168h\output\pcm_com4_loadall_h168_20260823_210543\smooth\clu_ovl\r01\output/details_schedule_results/pcm_simulation_results/intervels_[1]/res_schedule_commitment_result.txt
Step-3: Creating dispatching model (Refactored & Modularized)
  Clustered PCM: 108 physical units -> 31 equivalent units (71.3% state reduction; 108 units in non-singleton clusters)
  ✓ True clustered UC completed (31 virtual units)
PART1: [unit-commitment] calculation result has been saved to: D:\GithubClonefiles\module_unitcommitment\.worktrees\108_168h\output\pcm_com4_loadall_h168_20260823_210543\smooth\clu_ovl\r01\output/details_schedule_results/pcm_simulation_results/intervels_[1]/res_schedule_commitment_result.txt
Step-3: Creating dispatching model (Refactored & Modularized)
  Clustered PCM: 108 physical units -> 31 equivalent units (71.3% state reduction; 108 units in non-singleton clusters)
  ✓ True clustered UC completed (31 virtual units)
PART1: [unit-commitment] calculation result has been saved to: D:\GithubClonefiles\module_unitcommitment\.worktrees\108_168h\output\pcm_com4_loadall_h168_20260823_210543\smooth\clu_ovl\r01\output/details_schedule_results/pcm_simulation_results/intervels_[1]/res_schedule_commitment_result.txt
PART1: [unit-commitment] calculation result has been saved to: D:\GithubClonefiles\module_unitcommitment\.worktrees\108_168h\output\pcm_com4_loadall_h168_20260823_210543\smooth\clu_ovl\r01\output/details_schedule_results/pcm_simulation_results/intervels_[1]/res_schedule_commitment_result.txt
Step-3: Creating dispatching model (Refactored & Modularized)
  Clustered PCM: 108 physical units -> 31 equivalent units (71.3% state reduction; 108 units in non-singleton clusters)
  ✓ True clustered UC completed (31 virtual units)
Step-3: Creating dispatching model (Refactored & Modularized)
  Clustered PCM: 108 physical units -> 31 equivalent units (71.3% state reduction; 108 units in non-singleton clusters)
Set parameter Username
Set parameter LicenseID to value 2826524
Academic license - for non-commercial use only - expires 2027-05-22
Set parameter Username
Set parameter LicenseID to value 2826524
Academic license - for non-commercial use only - expires 2027-05-22
Set parameter Username
Set parameter LicenseID to value 2826524
Academic license - for non-commercial use only - expires 2027-05-22
Set parameter Username
Set parameter LicenseID to value 2826524
Academic license - for non-commercial use only - expires 2027-05-22
Set parameter Username
Set parameter LicenseID to value 2826524
Academic license - for non-commercial use only - expires 2027-05-22
Set parameter Username
Set parameter LicenseID to value 2826524
Academic license - for non-commercial use only - expires 2027-05-22
Set parameter Username
Set parameter LicenseID to value 2826524
Academic license - for non-commercial use only - expires 2027-05-22
Set parameter Username
Set parameter LicenseID to value 2826524
Academic license - for non-commercial use only - expires 2027-05-22
Set parameter Username
Set parameter LicenseID to value 2826524
Academic license - for non-commercial use only - expires 2027-05-22
Set parameter Username
Set parameter LicenseID to value 2826524
Academic license - for non-commercial use only - expires 2027-05-22
Set parameter Username
Set parameter LicenseID to value 2826524
Academic license - for non-commercial use only - expires 2027-05-22
Set parameter Username
Set parameter LicenseID to value 2826524
Academic license - for non-commercial use only - expires 2027-05-22
Set parameter Username
Set parameter LicenseID to value 2826524
Academic license - for non-commercial use only - expires 2027-05-22
Set parameter Username
Set parameter LicenseID to value 2826524
Academic license - for non-commercial use only - expires 2027-05-22
Set parameter Username
Set parameter LicenseID to value 2826524
Academic license - for non-commercial use only - expires 2027-05-22
Set parameter Username
Set parameter LicenseID to value 2826524
Academic license - for non-commercial use only - expires 2027-05-22
Set parameter Username
Set parameter LicenseID to value 2826524
Academic license - for non-commercial use only - expires 2027-05-22
Set parameter Username
Set parameter LicenseID to value 2826524
Academic license - for non-commercial use only - expires 2027-05-22
Set parameter Username
Set parameter LicenseID to value 2826524
Academic license - for non-commercial use only - expires 2027-05-22
Set parameter Username
Set parameter LicenseID to value 2826524
Academic license - for non-commercial use only - expires 2027-05-22
Set parameter Username
Set parameter LicenseID to value 2826524
Academic license - for non-commercial use only - expires 2027-05-22
Set parameter Username
Set parameter LicenseID to value 2826524
Academic license - for non-commercial use only - expires 2027-05-22
Set parameter Username
Set parameter LicenseID to value 2826524
Academic license - for non-commercial use only - expires 2027-05-22
Set parameter Username
Set parameter LicenseID to value 2826524
Academic license - for non-commercial use only - expires 2027-05-22
Set parameter Username
Set parameter LicenseID to value 2826524
Academic license - for non-commercial use only - expires 2027-05-22
Set parameter Username
Set parameter LicenseID to value 2826524
Academic license - for non-commercial use only - expires 2027-05-22
Set parameter Username
Set parameter LicenseID to value 2826524
Academic license - for non-commercial use only - expires 2027-05-22
Set parameter Username
Set parameter LicenseID to value 2826524
Academic license - for non-commercial use only - expires 2027-05-22
Set parameter Username
Set parameter LicenseID to value 2826524
Academic license - for non-commercial use only - expires 2027-05-22
Set parameter Username
Set parameter LicenseID to value 2826524
Academic license - for non-commercial use only - expires 2027-05-22
Set parameter Username
Set parameter LicenseID to value 2826524
Academic license - for non-commercial use only - expires 2027-05-22
Set parameter Username
Set parameter LicenseID to value 2826524
Academic license - for non-commercial use only - expires 2027-05-22
Set parameter Username
Set parameter LicenseID to value 2826524
Academic license - for non-commercial use only - expires 2027-05-22
Set parameter Username
Set parameter LicenseID to value 2826524
Academic license - for non-commercial use only - expires 2027-05-22
Set parameter Username
Set parameter LicenseID to value 2826524
Academic license - for non-commercial use only - expires 2027-05-22
Set parameter Username
Set parameter LicenseID to value 2826524
Academic license - for non-commercial use only - expires 2027-05-22
Set parameter Username
Set parameter LicenseID to value 2826524
Academic license - for non-commercial use only - expires 2027-05-22
Set parameter Username
Set parameter LicenseID to value 2826524
Academic license - for non-commercial use only - expires 2027-05-22
Set parameter Username
Set parameter LicenseID to value 2826524
Academic license - for non-commercial use only - expires 2027-05-22
Set parameter Username
Set parameter LicenseID to value 2826524
Academic license - for non-commercial use only - expires 2027-05-22
Set parameter Username
Set parameter LicenseID to value 2826524
Academic license - for non-commercial use only - expires 2027-05-22
Set parameter Username
Set parameter LicenseID to value 2826524
Academic license - for non-commercial use only - expires 2027-05-22
Set parameter Username
Set parameter LicenseID to value 2826524
Academic license - for non-commercial use only - expires 2027-05-22
Set parameter Username
Set parameter LicenseID to value 2826524
Academic license - for non-commercial use only - expires 2027-05-22
Set parameter Username
Set parameter LicenseID to value 2826524
Academic license - for non-commercial use only - expires 2027-05-22
Set parameter Username
Set parameter LicenseID to value 2826524
Academic license - for non-commercial use only - expires 2027-05-22
Set parameter Username
Set parameter LicenseID to value 2826524
Academic license - for non-commercial use only - expires 2027-05-22
Set parameter Username
Set parameter LicenseID to value 2826524
Academic license - for non-commercial use only - expires 2027-05-22
Set parameter Username
Set parameter LicenseID to value 2826524
Academic license - for non-commercial use only - expires 2027-05-22
Set parameter Username
Set parameter LicenseID to value 2826524
Academic license - for non-commercial use only - expires 2027-05-22
Set parameter Username
Set parameter LicenseID to value 2826524
Academic license - for non-commercial use only - expires 2027-05-22
Set parameter Username
Set parameter LicenseID to value 2826524
Academic license - for non-commercial use only - expires 2027-05-22
Set parameter Username
Set parameter LicenseID to value 2826524
Academic license - for non-commercial use only - expires 2027-05-22
Set parameter Username
Set parameter LicenseID to value 2826524
Academic license - for non-commercial use only - expires 2027-05-22
Set parameter Username
Set parameter LicenseID to value 2826524
Academic license - for non-commercial use only - expires 2027-05-22
Set parameter Username
Set parameter LicenseID to value 2826524
Academic license - for non-commercial use only - expires 2027-05-22
Set parameter Username
Set parameter LicenseID to value 2826524
Academic license - for non-commercial use only - expires 2027-05-22
Set parameter Username
Set parameter LicenseID to value 2826524
Academic license - for non-commercial use only - expires 2027-05-22
Set parameter Username
Set parameter LicenseID to value 2826524
Academic license - for non-commercial use only - expires 2027-05-22
Set parameter Username
Set parameter LicenseID to value 2826524
Academic license - for non-commercial use only - expires 2027-05-22
Set parameter Username
Set parameter LicenseID to value 2826524
Academic license - for non-commercial use only - expires 2027-05-22
Set parameter Username
Set parameter LicenseID to value 2826524
Academic license - for non-commercial use only - expires 2027-05-22
Set parameter Username
Set parameter LicenseID to value 2826524
Academic license - for non-commercial use only - expires 2027-05-22
Set parameter Username
Set parameter LicenseID to value 2826524
Academic license - for non-commercial use only - expires 2027-05-22
Set parameter Username
Set parameter LicenseID to value 2826524
Academic license - for non-commercial use only - expires 2027-05-22
Set parameter Username
Set parameter LicenseID to value 2826524
Academic license - for non-commercial use only - expires 2027-05-22
Set parameter Username
Set parameter LicenseID to value 2826524
Academic license - for non-commercial use only - expires 2027-05-22
Set parameter Username
Set parameter LicenseID to value 2826524
Academic license - for non-commercial use only - expires 2027-05-22
Set parameter Username
Set parameter LicenseID to value 2826524
Academic license - for non-commercial use only - expires 2027-05-22
Set parameter Username
Set parameter LicenseID to value 2826524
Academic license - for non-commercial use only - expires 2027-05-22
Set parameter Username
Set parameter LicenseID to value 2826524
Academic license - for non-commercial use only - expires 2027-05-22
Set parameter Username
Set parameter LicenseID to value 2826524
Academic license - for non-commercial use only - expires 2027-05-22
Set parameter Username
Set parameter LicenseID to value 2826524
Academic license - for non-commercial use only - expires 2027-05-22
Set parameter Username
Set parameter LicenseID to value 2826524
Academic license - for non-commercial use only - expires 2027-05-22
Set parameter Username
Set parameter LicenseID to value 2826524
Academic license - for non-commercial use only - expires 2027-05-22
Set parameter Username
Set parameter LicenseID to value 2826524
Academic license - for non-commercial use only - expires 2027-05-22
Set parameter Username
Set parameter LicenseID to value 2826524
Academic license - for non-commercial use only - expires 2027-05-22
Set parameter Username
Set parameter LicenseID to value 2826524
Academic license - for non-commercial use only - expires 2027-05-22
Set parameter Username
Set parameter LicenseID to value 2826524
Academic license - for non-commercial use only - expires 2027-05-22
Set parameter Username
Set parameter LicenseID to value 2826524
Academic license - for non-commercial use only - expires 2027-05-22
Set parameter Username
Set parameter LicenseID to value 2826524
Academic license - for non-commercial use only - expires 2027-05-22
Set parameter Username
Set parameter LicenseID to value 2826524
Academic license - for non-commercial use only - expires 2027-05-22
Set parameter Username
Set parameter LicenseID to value 2826524
Academic license - for non-commercial use only - expires 2027-05-22
Set parameter Username
Set parameter LicenseID to value 2826524
Academic license - for non-commercial use only - expires 2027-05-22
Set parameter Username
Set parameter LicenseID to value 2826524
Academic license - for non-commercial use only - expires 2027-05-22
Set parameter Username
Set parameter LicenseID to value 2826524
Academic license - for non-commercial use only - expires 2027-05-22
Set parameter Username
Set parameter LicenseID to value 2826524
Academic license - for non-commercial use only - expires 2027-05-22
Set parameter Username
Set parameter LicenseID to value 2826524
Academic license - for non-commercial use only - expires 2027-05-22
Set parameter Username
Set parameter LicenseID to value 2826524
Academic license - for non-commercial use only - expires 2027-05-22
Set parameter Username
Set parameter LicenseID to value 2826524
Academic license - for non-commercial use only - expires 2027-05-22
Set parameter Username
Set parameter LicenseID to value 2826524
Academic license - for non-commercial use only - expires 2027-05-22
Set parameter Username
Set parameter LicenseID to value 2826524
Academic license - for non-commercial use only - expires 2027-05-22
Set parameter Username
Set parameter LicenseID to value 2826524
Academic license - for non-commercial use only - expires 2027-05-22
Set parameter Username
Set parameter LicenseID to value 2826524
Academic license - for non-commercial use only - expires 2027-05-22
Set parameter Username
Set parameter LicenseID to value 2826524
Academic license - for non-commercial use only - expires 2027-05-22
Set parameter Username
Set parameter LicenseID to value 2826524
Academic license - for non-commercial use only - expires 2027-05-22
Set parameter Username
Set parameter LicenseID to value 2826524
Academic license - for non-commercial use only - expires 2027-05-22
Set parameter Username
Set parameter LicenseID to value 2826524
Academic license - for non-commercial use only - expires 2027-05-22
Set parameter Username
Set parameter LicenseID to value 2826524
Academic license - for non-commercial use only - expires 2027-05-22
Set parameter Username
Set parameter LicenseID to value 2826524
Academic license - for non-commercial use only - expires 2027-05-22
Set parameter Username
Set parameter LicenseID to value 2826524
Academic license - for non-commercial use only - expires 2027-05-22
Set parameter Username
Set parameter LicenseID to value 2826524
Academic license - for non-commercial use only - expires 2027-05-22
Set parameter Username
Set parameter LicenseID to value 2826524
Academic license - for non-commercial use only - expires 2027-05-22
Set parameter Username
Set parameter LicenseID to value 2826524
Academic license - for non-commercial use only - expires 2027-05-22
Set parameter Username
Set parameter LicenseID to value 2826524
Academic license - for non-commercial use only - expires 2027-05-22
Set parameter Username
Set parameter LicenseID to value 2826524
Academic license - for non-commercial use only - expires 2027-05-22
Set parameter Username
Set parameter LicenseID to value 2826524
Academic license - for non-commercial use only - expires 2027-05-22
Set parameter Username
Set parameter LicenseID to value 2826524
Academic license - for non-commercial use only - expires 2027-05-22
Set parameter Username
Set parameter LicenseID to value 2826524
Academic license - for non-commercial use only - expires 2027-05-22
Set parameter Username
Set parameter LicenseID to value 2826524
Academic license - for non-commercial use only - expires 2027-05-22
Set parameter Username
Set parameter LicenseID to value 2826524
Academic license - for non-commercial use only - expires 2027-05-22
Set parameter Username
Set parameter LicenseID to value 2826524
Academic license - for non-commercial use only - expires 2027-05-22
Set parameter Username
Set parameter LicenseID to value 2826524
Academic license - for non-commercial use only - expires 2027-05-22
Set parameter Username
Set parameter LicenseID to value 2826524
Academic license - for non-commercial use only - expires 2027-05-22
Set parameter Username
Set parameter LicenseID to value 2826524
Academic license - for non-commercial use only - expires 2027-05-22
Set parameter Username
Set parameter LicenseID to value 2826524
Academic license - for non-commercial use only - expires 2027-05-22
Set parameter Username
Set parameter LicenseID to value 2826524
Academic license - for non-commercial use only - expires 2027-05-22
Set parameter Username
Set parameter LicenseID to value 2826524
Academic license - for non-commercial use only - expires 2027-05-22
Set parameter Username
Set parameter LicenseID to value 2826524
Academic license - for non-commercial use only - expires 2027-05-22
Set parameter Username
Set parameter LicenseID to value 2826524
Academic license - for non-commercial use only - expires 2027-05-22
Set parameter Username
Set parameter LicenseID to value 2826524
Academic license - for non-commercial use only - expires 2027-05-22
Set parameter Username
Set parameter LicenseID to value 2826524
Academic license - for non-commercial use only - expires 2027-05-22
Set parameter Username
Set parameter LicenseID to value 2826524
Academic license - for non-commercial use only - expires 2027-05-22
Set parameter Username
Set parameter LicenseID to value 2826524
Academic license - for non-commercial use only - expires 2027-05-22
Set parameter Username
Set parameter LicenseID to value 2826524
Academic license - for non-commercial use only - expires 2027-05-22
Set parameter Username
Set parameter LicenseID to value 2826524
Academic license - for non-commercial use only - expires 2027-05-22
Set parameter Username
Set parameter LicenseID to value 2826524
Academic license - for non-commercial use only - expires 2027-05-22
Set parameter Username
Set parameter LicenseID to value 2826524
Academic license - for non-commercial use only - expires 2027-05-22
Set parameter Username
Set parameter LicenseID to value 2826524
Academic license - for non-commercial use only - expires 2027-05-22
Set parameter Username
Set parameter LicenseID to value 2826524
Academic license - for non-commercial use only - expires 2027-05-22
Set parameter Username
Set parameter LicenseID to value 2826524
Academic license - for non-commercial use only - expires 2027-05-22
Set parameter Username
Set parameter LicenseID to value 2826524
Academic license - for non-commercial use only - expires 2027-05-22
Set parameter Username
Set parameter LicenseID to value 2826524
Academic license - for non-commercial use only - expires 2027-05-22
Set parameter Username
Set parameter LicenseID to value 2826524
Academic license - for non-commercial use only - expires 2027-05-22
Set parameter Username
Set parameter LicenseID to value 2826524
Academic license - for non-commercial use only - expires 2027-05-22
Set parameter Username
Set parameter LicenseID to value 2826524
Academic license - for non-commercial use only - expires 2027-05-22
Set parameter Username
Set parameter LicenseID to value 2826524
Academic license - for non-commercial use only - expires 2027-05-22
Set parameter Username
Set parameter LicenseID to value 2826524
Academic license - for non-commercial use only - expires 2027-05-22
Set parameter Username
Set parameter LicenseID to value 2826524
Academic license - for non-commercial use only - expires 2027-05-22
Set parameter Username
Set parameter LicenseID to value 2826524
Academic license - for non-commercial use only - expires 2027-05-22
Set parameter Username
Set parameter LicenseID to value 2826524
Academic license - for non-commercial use only - expires 2027-05-22
Set parameter Username
Set parameter LicenseID to value 2826524
Academic license - for non-commercial use only - expires 2027-05-22
Set parameter Username
Set parameter LicenseID to value 2826524
Academic license - for non-commercial use only - expires 2027-05-22
Set parameter Username
Set parameter LicenseID to value 2826524
Academic license - for non-commercial use only - expires 2027-05-22
Set parameter Username
Set parameter LicenseID to value 2826524
Academic license - for non-commercial use only - expires 2027-05-22
Set parameter Username
Set parameter LicenseID to value 2826524
Academic license - for non-commercial use only - expires 2027-05-22
Set parameter Username
Set parameter LicenseID to value 2826524
Academic license - for non-commercial use only - expires 2027-05-22
Set parameter Username
Set parameter LicenseID to value 2826524
Academic license - for non-commercial use only - expires 2027-05-22
Set parameter Username
Set parameter LicenseID to value 2826524
Academic license - for non-commercial use only - expires 2027-05-22
Set parameter Username
Set parameter LicenseID to value 2826524
Academic license - for non-commercial use only - expires 2027-05-22
Set parameter Username
Set parameter LicenseID to value 2826524
Academic license - for non-commercial use only - expires 2027-05-22
Set parameter Username
Set parameter LicenseID to value 2826524
Academic license - for non-commercial use only - expires 2027-05-22
Set parameter Username
Set parameter LicenseID to value 2826524
Academic license - for non-commercial use only - expires 2027-05-22
Set parameter Username
Set parameter LicenseID to value 2826524
Academic license - for non-commercial use only - expires 2027-05-22
Set parameter Username
Set parameter LicenseID to value 2826524
Academic license - for non-commercial use only - expires 2027-05-22
Set parameter Username
Set parameter LicenseID to value 2826524
Academic license - for non-commercial use only - expires 2027-05-22
Set parameter Username
Set parameter LicenseID to value 2826524
Academic license - for non-commercial use only - expires 2027-05-22
Set parameter Username
Set parameter LicenseID to value 2826524
Academic license - for non-commercial use only - expires 2027-05-22
Set parameter Username
Set parameter LicenseID to value 2826524
Academic license - for non-commercial use only - expires 2027-05-22
Set parameter Username
Set parameter LicenseID to value 2826524
Academic license - for non-commercial use only - expires 2027-05-22
Set parameter Username
Set parameter LicenseID to value 2826524
Academic license - for non-commercial use only - expires 2027-05-22
Set parameter Username
Set parameter LicenseID to value 2826524
Academic license - for non-commercial use only - expires 2027-05-22
Set parameter Username
Set parameter LicenseID to value 2826524
Academic license - for non-commercial use only - expires 2027-05-22
Set parameter Username
Set parameter LicenseID to value 2826524
Academic license - for non-commercial use only - expires 2027-05-22
Set parameter Username
Set parameter LicenseID to value 2826524
Academic license - for non-commercial use only - expires 2027-05-22
Set parameter Username
Set parameter LicenseID to value 2826524
Academic license - for non-commercial use only - expires 2027-05-22
Set parameter Username
Set parameter LicenseID to value 2826524
Academic license - for non-commercial use only - expires 2027-05-22
Set parameter Username
Set parameter LicenseID to value 2826524
Academic license - for non-commercial use only - expires 2027-05-22
Set parameter Username
Set parameter LicenseID to value 2826524
Academic license - for non-commercial use only - expires 2027-05-22
Set parameter Username
Set parameter LicenseID to value 2826524
Academic license - for non-commercial use only - expires 2027-05-22
Set parameter Username
Set parameter LicenseID to value 2826524
Academic license - for non-commercial use only - expires 2027-05-22
Set parameter Username
Set parameter LicenseID to value 2826524
Academic license - for non-commercial use only - expires 2027-05-22
Set parameter Username
Set parameter LicenseID to value 2826524
Academic license - for non-commercial use only - expires 2027-05-22
Set parameter Username
Set parameter LicenseID to value 2826524
Academic license - for non-commercial use only - expires 2027-05-22
Set parameter Username
Set parameter LicenseID to value 2826524
Academic license - for non-commercial use only - expires 2027-05-22
Set parameter Username
Set parameter LicenseID to value 2826524
Academic license - for non-commercial use only - expires 2027-05-22
Set parameter Username
Set parameter LicenseID to value 2826524
Academic license - for non-commercial use only - expires 2027-05-22
Set parameter Username
Set parameter LicenseID to value 2826524
Academic license - for non-commercial use only - expires 2027-05-22
Set parameter Username
Set parameter LicenseID to value 2826524
Academic license - for non-commercial use only - expires 2027-05-22
Set parameter Username
Set parameter LicenseID to value 2826524
Academic license - for non-commercial use only - expires 2027-05-22
Set parameter Username
Set parameter LicenseID to value 2826524
Academic license - for non-commercial use only - expires 2027-05-22
Set parameter Username
Set parameter LicenseID to value 2826524
Academic license - for non-commercial use only - expires 2027-05-22
Set parameter Username
Set parameter LicenseID to value 2826524
Academic license - for non-commercial use only - expires 2027-05-22
Set parameter Username
Set parameter LicenseID to value 2826524
Academic license - for non-commercial use only - expires 2027-05-22
Set parameter Username
Set parameter LicenseID to value 2826524
Academic license - for non-commercial use only - expires 2027-05-22
Set parameter Username
Set parameter LicenseID to value 2826524
Academic license - for non-commercial use only - expires 2027-05-22
  ✓ True clustered UC completed (31 virtual units)
PART1: [unit-commitment] calculation result has been saved to: D:\GithubClonefiles\module_unitcommitment\.worktrees\108_168h\output\pcm_com4_loadall_h168_20260823_210543\smooth\clu_ovl\r01\output/details_schedule_results/pcm_simulation_results/intervels_[1]/res_schedule_commitment_result.txt
Step-3: Creating dispatching model (Refactored & Modularized)
  Clustered PCM: 108 physical units -> 31 equivalent units (71.3% state reduction; 108 units in non-singleton clusters)
  ✓ True clustered UC completed (31 virtual units)
PART1: [unit-commitment] calculation result has been saved to: D:\GithubClonefiles\module_unitcommitment\.worktrees\108_168h\output\pcm_com4_loadall_h168_20260823_210543\smooth\clu_ovl\r01\output/details_schedule_results/pcm_simulation_results/intervels_[1]/res_schedule_commitment_result.txt
Step-3: Creating dispatching model (Refactored & Modularized)
  Clustered PCM: 108 physical units -> 31 equivalent units (71.3% state reduction; 108 units in non-singleton clusters)
  ✓ True clustered UC completed (31 virtual units)
PART1: [unit-commitment] calculation result has been saved to: D:\GithubClonefiles\module_unitcommitment\.worktrees\108_168h\output\pcm_com4_loadall_h168_20260823_210543\smooth\clu_ovl\r01\output/details_schedule_results/pcm_simulation_results/intervels_[1]/res_schedule_commitment_result.txt
PART1: [unit-commitment] calculation result has been saved to: D:\GithubClonefiles\module_unitcommitment\.worktrees\108_168h\output\pcm_com4_loadall_h168_20260823_210543\smooth\clu_ovl\r01\output/details_schedule_results/pcm_simulation_results/intervels_[1]/res_schedule_commitment_result.txt
Step-3: Creating dispatching model (Refactored & Modularized)
  Clustered PCM: 108 physical units -> 31 equivalent units (71.3% state reduction; 108 units in non-singleton clusters)
  ✓ True clustered UC completed (31 virtual units)
Step-3: Creating dispatching model (Refactored & Modularized)
  Clustered PCM: 108 physical units -> 31 equivalent units (71.3% state reduction; 108 units in non-singleton clusters)
  ✓ True clustered UC completed (31 virtual units)
PART1: [unit-commitment] calculation result has been saved to: D:\GithubClonefiles\module_unitcommitment\.worktrees\108_168h\output\pcm_com4_loadall_h168_20260823_210543\smooth\clu_ovl\r01\output/details_schedule_results/pcm_simulation_results/intervels_[1]/res_schedule_commitment_result.txt
Step-3: Creating dispatching model (Refactored & Modularized)
  Clustered PCM: 108 physical units -> 31 equivalent units (71.3% state reduction; 108 units in non-singleton clusters)
  ✓ True clustered UC completed (31 virtual units)
PART1: [unit-commitment] calculation result has been saved to: D:\GithubClonefiles\module_unitcommitment\.worktrees\108_168h\output\pcm_com4_loadall_h168_20260823_210543\smooth\clu_ovl\r01\output/details_schedule_results/pcm_simulation_results/intervels_[1]/res_schedule_commitment_result.txt
Step-3: Creating dispatching model (Refactored & Modularized)
  Clustered PCM: 108 physical units -> 31 equivalent units (71.3% state reduction; 108 units in non-singleton clusters)
  ✓ True clustered UC completed (31 virtual units)
PART1: [unit-commitment] calculation result has been saved to: D:\GithubClonefiles\module_unitcommitment\.worktrees\108_168h\output\pcm_com4_loadall_h168_20260823_210543\smooth\clu_ovl\r01\output/details_schedule_results/pcm_simulation_results/intervels_[1]/res_schedule_commitment_result.txt
PART1: [unit-commitment] calculation result has been saved to: D:\GithubClonefiles\module_unitcommitment\.worktrees\108_168h\output\pcm_com4_loadall_h168_20260823_210543\smooth\clu_ovl\r01\output/details_schedule_results/pcm_simulation_results/intervels_[1]/res_schedule_commitment_result.txt
Step-3: Creating dispatching model (Refactored & Modularized)
  Clustered PCM: 108 physical units -> 31 equivalent units (71.3% state reduction; 108 units in non-singleton clusters)
  ✓ True clustered UC completed (31 virtual units)
Step-3: Creating dispatching model (Refactored & Modularized)
  Clustered PCM: 108 physical units -> 31 equivalent units (71.3% state reduction; 108 units in non-singleton clusters)
  ✓ True clustered UC completed (31 virtual units)
PART1: [unit-commitment] calculation result has been saved to: D:\GithubClonefiles\module_unitcommitment\.worktrees\108_168h\output\pcm_com4_loadall_h168_20260823_210543\smooth\clu_ovl\r01\output/details_schedule_results/pcm_simulation_results/intervels_[1]/res_schedule_commitment_result.txt
Step-3: Creating dispatching model (Refactored & Modularized)
  Clustered PCM: 108 physical units -> 31 equivalent units (71.3% state reduction; 108 units in non-singleton clusters)
  ✓ True clustered UC completed (31 virtual units)
PART1: [unit-commitment] calculation result has been saved to: D:\GithubClonefiles\module_unitcommitment\.worktrees\108_168h\output\pcm_com4_loadall_h168_20260823_210543\smooth\clu_ovl\r01\output/details_schedule_results/pcm_simulation_results/intervels_[1]/res_schedule_commitment_result.txt
Step-3: Creating dispatching model (Refactored & Modularized)
  Clustered PCM: 108 physical units -> 31 equivalent units (71.3% state reduction; 108 units in non-singleton clusters)
  ✓ True clustered UC completed (31 virtual units)
PART1: [unit-commitment] calculation result has been saved to: D:\GithubClonefiles\module_unitcommitment\.worktrees\108_168h\output\pcm_com4_loadall_h168_20260823_210543\smooth\clu_ovl\r01\output/details_schedule_results/pcm_simulation_results/intervels_[1]/res_schedule_commitment_result.txt
PART1: [unit-commitment] calculation result has been saved to: D:\GithubClonefiles\module_unitcommitment\.worktrees\108_168h\output\pcm_com4_loadall_h168_20260823_210543\smooth\clu_ovl\r01\output/details_schedule_results/pcm_simulation_results/intervels_[1]/res_schedule_commitment_result.txt
Step-3: Creating dispatching model (Refactored & Modularized)
  Clustered PCM: 108 physical units -> 31 equivalent units (71.3% state reduction; 108 units in non-singleton clusters)
  ✓ True clustered UC completed (31 virtual units)
Step-3: Creating dispatching model (Refactored & Modularized)
  Clustered PCM: 108 physical units -> 31 equivalent units (71.3% state reduction; 108 units in non-singleton clusters)
  ✓ True clustered UC completed (31 virtual units)
PART1: [unit-commitment] calculation result has been saved to: D:\GithubClonefiles\module_unitcommitment\.worktrees\108_168h\output\pcm_com4_loadall_h168_20260823_210543\smooth\clu_ovl\r01\output/details_schedule_results/pcm_simulation_results/intervels_[1]/res_schedule_commitment_result.txt
Step-3: Creating dispatching model (Refactored & Modularized)
  Clustered PCM: 108 physical units -> 31 equivalent units (71.3% state reduction; 108 units in non-singleton clusters)
  ✓ True clustered UC completed (31 virtual units)
PART1: [unit-commitment] calculation result has been saved to: D:\GithubClonefiles\module_unitcommitment\.worktrees\108_168h\output\pcm_com4_loadall_h168_20260823_210543\smooth\clu_ovl\r01\output/details_schedule_results/pcm_simulation_results/intervels_[1]/res_schedule_commitment_result.txt
Step-3: Creating dispatching model (Refactored & Modularized)
  Clustered PCM: 108 physical units -> 31 equivalent units (71.3% state reduction; 108 units in non-singleton clusters)
  ✓ True clustered UC completed (31 virtual units)
PART1: [unit-commitment] calculation result has been saved to: D:\GithubClonefiles\module_unitcommitment\.worktrees\108_168h\output\pcm_com4_loadall_h168_20260823_210543\smooth\clu_ovl\r01\output/details_schedule_results/pcm_simulation_results/intervels_[1]/res_schedule_commitment_result.txt
PART1: [unit-commitment] calculation result has been saved to: D:\GithubClonefiles\module_unitcommitment\.worktrees\108_168h\output\pcm_com4_loadall_h168_20260823_210543\smooth\clu_ovl\r01\output/details_schedule_results/pcm_simulation_results/intervels_[1]/res_schedule_commitment_result.txt
Step-3: Creating dispatching model (Refactored & Modularized)
  Clustered PCM: 108 physical units -> 31 equivalent units (71.3% state reduction; 108 units in non-singleton clusters)
  ✓ True clustered UC completed (31 virtual units)
Step-3: Creating dispatching model (Refactored & Modularized)
  Clustered PCM: 108 physical units -> 31 equivalent units (71.3% state reduction; 108 units in non-singleton clusters)
  ✓ True clustered UC completed (31 virtual units)
PART1: [unit-commitment] calculation result has been saved to: D:\GithubClonefiles\module_unitcommitment\.worktrees\108_168h\output\pcm_com4_loadall_h168_20260823_210543\smooth\clu_ovl\r01\output/details_schedule_results/pcm_simulation_results/intervels_[1]/res_schedule_commitment_result.txt
Step-3: Creating dispatching model (Refactored & Modularized)
  Clustered PCM: 108 physical units -> 31 equivalent units (71.3% state reduction; 108 units in non-singleton clusters)
  ✓ True clustered UC completed (31 virtual units)
PART1: [unit-commitment] calculation result has been saved to: D:\GithubClonefiles\module_unitcommitment\.worktrees\108_168h\output\pcm_com4_loadall_h168_20260823_210543\smooth\clu_ovl\r01\output/details_schedule_results/pcm_simulation_results/intervels_[1]/res_schedule_commitment_result.txt
Step-3: Creating dispatching model (Refactored & Modularized)
  Clustered PCM: 108 physical units -> 31 equivalent units (71.3% state reduction; 108 units in non-singleton clusters)
  ✓ True clustered UC completed (31 virtual units)
PART1: [unit-commitment] calculation result has been saved to: D:\GithubClonefiles\module_unitcommitment\.worktrees\108_168h\output\pcm_com4_loadall_h168_20260823_210543\smooth\clu_ovl\r01\output/details_schedule_results/pcm_simulation_results/intervels_[1]/res_schedule_commitment_result.txt
PART1: [unit-commitment] calculation result has been saved to: D:\GithubClonefiles\module_unitcommitment\.worktrees\108_168h\output\pcm_com4_loadall_h168_20260823_210543\smooth\clu_ovl\r01\output/details_schedule_results/pcm_simulation_results/intervels_[1]/res_schedule_commitment_result.txt
Step-3: Creating dispatching model (Refactored & Modularized)
  Clustered PCM: 108 physical units -> 31 equivalent units (71.3% state reduction; 108 units in non-singleton clusters)
  ✓ True clustered UC completed (31 virtual units)
Step-3: Creating dispatching model (Refactored & Modularized)
  Clustered PCM: 108 physical units -> 31 equivalent units (71.3% state reduction; 108 units in non-singleton clusters)
  ✓ True clustered UC completed (31 virtual units)
PART1: [unit-commitment] calculation result has been saved to: D:\GithubClonefiles\module_unitcommitment\.worktrees\108_168h\output\pcm_com4_loadall_h168_20260823_210543\smooth\clu_ovl\r01\output/details_schedule_results/pcm_simulation_results/intervels_[1]/res_schedule_commitment_result.txt
Step-3: Creating dispatching model (Refactored & Modularized)
  Clustered PCM: 108 physical units -> 31 equivalent units (71.3% state reduction; 108 units in non-singleton clusters)
  ✓ True clustered UC completed (31 virtual units)
PART1: [unit-commitment] calculation result has been saved to: D:\GithubClonefiles\module_unitcommitment\.worktrees\108_168h\output\pcm_com4_loadall_h168_20260823_210543\smooth\clu_ovl\r01\output/details_schedule_results/pcm_simulation_results/intervels_[1]/res_schedule_commitment_result.txt
Step-3: Creating dispatching model (Refactored & Modularized)
  Clustered PCM: 108 physical units -> 31 equivalent units (71.3% state reduction; 108 units in non-singleton clusters)
  ✓ True clustered UC completed (31 virtual units)
PART1: [unit-commitment] calculation result has been saved to: D:\GithubClonefiles\module_unitcommitment\.worktrees\108_168h\output\pcm_com4_loadall_h168_20260823_210543\smooth\clu_ovl\r01\output/details_schedule_results/pcm_simulation_results/intervels_[1]/res_schedule_commitment_result.txt
PART1: [unit-commitment] calculation result has been saved to: D:\GithubClonefiles\module_unitcommitment\.worktrees\108_168h\output\pcm_com4_loadall_h168_20260823_210543\smooth\clu_ovl\r01\output/details_schedule_results/pcm_simulation_results/intervels_[1]/res_schedule_commitment_result.txt
Step-3: Creating dispatching model (Refactored & Modularized)
  Clustered PCM: 108 physical units -> 31 equivalent units (71.3% state reduction; 108 units in non-singleton clusters)
  ✓ True clustered UC completed (31 virtual units)
Step-3: Creating dispatching model (Refactored & Modularized)
  Clustered PCM: 108 physical units -> 31 equivalent units (71.3% state reduction; 108 units in non-singleton clusters)
  ✓ True clustered UC completed (31 virtual units)
PART1: [unit-commitment] calculation result has been saved to: D:\GithubClonefiles\module_unitcommitment\.worktrees\108_168h\output\pcm_com4_loadall_h168_20260823_210543\smooth\clu_ovl\r01\output/details_schedule_results/pcm_simulation_results/intervels_[1]/res_schedule_commitment_result.txt
Step-3: Creating dispatching model (Refactored & Modularized)
  Clustered PCM: 108 physical units -> 31 equivalent units (71.3% state reduction; 108 units in non-singleton clusters)
  ✓ True clustered UC completed (31 virtual units)
PART1: [unit-commitment] calculation result has been saved to: D:\GithubClonefiles\module_unitcommitment\.worktrees\108_168h\output\pcm_com4_loadall_h168_20260823_210543\smooth\clu_ovl\r01\output/details_schedule_results/pcm_simulation_results/intervels_[1]/res_schedule_commitment_result.txt
Step-3: Creating dispatching model (Refactored & Modularized)
  Clustered PCM: 108 physical units -> 31 equivalent units (71.3% state reduction; 108 units in non-singleton clusters)
  ✓ True clustered UC completed (31 virtual units)
PART1: [unit-commitment] calculation result has been saved to: D:\GithubClonefiles\module_unitcommitment\.worktrees\108_168h\output\pcm_com4_loadall_h168_20260823_210543\smooth\clu_ovl\r01\output/details_schedule_results/pcm_simulation_results/intervels_[1]/res_schedule_commitment_result.txt
PART1: [unit-commitment] calculation result has been saved to: D:\GithubClonefiles\module_unitcommitment\.worktrees\108_168h\output\pcm_com4_loadall_h168_20260823_210543\smooth\clu_ovl\r01\output/details_schedule_results/pcm_simulation_results/intervels_[1]/res_schedule_commitment_result.txt
Step-3: Creating dispatching model (Refactored & Modularized)
  Clustered PCM: 108 physical units -> 31 equivalent units (71.3% state reduction; 108 units in non-singleton clusters)
  ✓ True clustered UC completed (31 virtual units)
Step-3: Creating dispatching model (Refactored & Modularized)
  Clustered PCM: 108 physical units -> 31 equivalent units (71.3% state reduction; 108 units in non-singleton clusters)
  ✓ True clustered UC completed (31 virtual units)
PART1: [unit-commitment] calculation result has been saved to: D:\GithubClonefiles\module_unitcommitment\.worktrees\108_168h\output\pcm_com4_loadall_h168_20260823_210543\smooth\clu_ovl\r01\output/details_schedule_results/pcm_simulation_results/intervels_[1]/res_schedule_commitment_result.txt
Step-3: Creating dispatching model (Refactored & Modularized)
  Clustered PCM: 108 physical units -> 31 equivalent units (71.3% state reduction; 108 units in non-singleton clusters)
  ✓ True clustered UC completed (31 virtual units)
PART1: [unit-commitment] calculation result has been saved to: D:\GithubClonefiles\module_unitcommitment\.worktrees\108_168h\output\pcm_com4_loadall_h168_20260823_210543\smooth\clu_ovl\r01\output/details_schedule_results/pcm_simulation_results/intervels_[1]/res_schedule_commitment_result.txt
Step-3: Creating dispatching model (Refactored & Modularized)
  Clustered PCM: 108 physical units -> 31 equivalent units (71.3% state reduction; 108 units in non-singleton clusters)
  ✓ True clustered UC completed (31 virtual units)
PART1: [unit-commitment] calculation result has been saved to: D:\GithubClonefiles\module_unitcommitment\.worktrees\108_168h\output\pcm_com4_loadall_h168_20260823_210543\smooth\clu_ovl\r01\output/details_schedule_results/pcm_simulation_results/intervels_[1]/res_schedule_commitment_result.txt
PART1: [unit-commitment] calculation result has been saved to: D:\GithubClonefiles\module_unitcommitment\.worktrees\108_168h\output\pcm_com4_loadall_h168_20260823_210543\smooth\clu_ovl\r01\output/details_schedule_results/pcm_simulation_results/intervels_[1]/res_schedule_commitment_result.txt
Step-3: Creating dispatching model (Refactored & Modularized)
  Clustered PCM: 108 physical units -> 31 equivalent units (71.3% state reduction; 108 units in non-singleton clusters)
  ✓ True clustered UC completed (31 virtual units)
Step-3: Creating dispatching model (Refactored & Modularized)
  Clustered PCM: 108 physical units -> 31 equivalent units (71.3% state reduction; 108 units in non-singleton clusters)
  ✓ True clustered UC completed (31 virtual units)
PART1: [unit-commitment] calculation result has been saved to: D:\GithubClonefiles\module_unitcommitment\.worktrees\108_168h\output\pcm_com4_loadall_h168_20260823_210543\smooth\clu_ovl\r01\output/details_schedule_results/pcm_simulation_results/intervels_[1]/res_schedule_commitment_result.txt
Step-3: Creating dispatching model (Refactored & Modularized)
  Clustered PCM: 108 physical units -> 31 equivalent units (71.3% state reduction; 108 units in non-singleton clusters)
  ✓ True clustered UC completed (31 virtual units)
PART1: [unit-commitment] calculation result has been saved to: D:\GithubClonefiles\module_unitcommitment\.worktrees\108_168h\output\pcm_com4_loadall_h168_20260823_210543\smooth\clu_ovl\r01\output/details_schedule_results/pcm_simulation_results/intervels_[1]/res_schedule_commitment_result.txt
Step-3: Creating dispatching model (Refactored & Modularized)
  Clustered PCM: 108 physical units -> 31 equivalent units (71.3% state reduction; 108 units in non-singleton clusters)
  ✓ True clustered UC completed (31 virtual units)
PART1: [unit-commitment] calculation result has been saved to: D:\GithubClonefiles\module_unitcommitment\.worktrees\108_168h\output\pcm_com4_loadall_h168_20260823_210543\smooth\clu_ovl\r01\output/details_schedule_results/pcm_simulation_results/intervels_[1]/res_schedule_commitment_result.txt
PART1: [unit-commitment] calculation result has been saved to: D:\GithubClonefiles\module_unitcommitment\.worktrees\108_168h\output\pcm_com4_loadall_h168_20260823_210543\smooth\clu_ovl\r01\output/details_schedule_results/pcm_simulation_results/intervels_[1]/res_schedule_commitment_result.txt
Step-3: Creating dispatching model (Refactored & Modularized)
  Clustered PCM: 108 physical units -> 31 equivalent units (71.3% state reduction; 108 units in non-singleton clusters)
  ✓ True clustered UC completed (31 virtual units)
Step-3: Creating dispatching model (Refactored & Modularized)
  Clustered PCM: 108 physical units -> 31 equivalent units (71.3% state reduction; 108 units in non-singleton clusters)
  ✓ True clustered UC completed (31 virtual units)
PART1: [unit-commitment] calculation result has been saved to: D:\GithubClonefiles\module_unitcommitment\.worktrees\108_168h\output\pcm_com4_loadall_h168_20260823_210543\smooth\clu_ovl\r01\output/details_schedule_results/pcm_simulation_results/intervels_[1]/res_schedule_commitment_result.txt
Step-3: Creating dispatching model (Refactored & Modularized)
  Clustered PCM: 108 physical units -> 31 equivalent units (71.3% state reduction; 108 units in non-singleton clusters)
  ✓ True clustered UC completed (31 virtual units)
PART1: [unit-commitment] calculation result has been saved to: D:\GithubClonefiles\module_unitcommitment\.worktrees\108_168h\output\pcm_com4_loadall_h168_20260823_210543\smooth\clu_ovl\r01\output/details_schedule_results/pcm_simulation_results/intervels_[1]/res_schedule_commitment_result.txt
Step-3: Creating dispatching model (Refactored & Modularized)
  Clustered PCM: 108 physical units -> 31 equivalent units (71.3% state reduction; 108 units in non-singleton clusters)
  ✓ True clustered UC completed (31 virtual units)
PART1: [unit-commitment] calculation result has been saved to: D:\GithubClonefiles\module_unitcommitment\.worktrees\108_168h\output\pcm_com4_loadall_h168_20260823_210543\smooth\clu_ovl\r01\output/details_schedule_results/pcm_simulation_results/intervels_[1]/res_schedule_commitment_result.txt
PART1: [unit-commitment] calculation result has been saved to: D:\GithubClonefiles\module_unitcommitment\.worktrees\108_168h\output\pcm_com4_loadall_h168_20260823_210543\smooth\clu_ovl\r01\output/details_schedule_results/pcm_simulation_results/intervels_[1]/res_schedule_commitment_result.txt
Step-3: Creating dispatching model (Refactored & Modularized)
  Clustered PCM: 108 physical units -> 31 equivalent units (71.3% state reduction; 108 units in non-singleton clusters)
  ✓ True clustered UC completed (31 virtual units)
Step-3: Creating dispatching model (Refactored & Modularized)
  Clustered PCM: 108 physical units -> 31 equivalent units (71.3% state reduction; 108 units in non-singleton clusters)
  ✓ True clustered UC completed (31 virtual units)
PART1: [unit-commitment] calculation result has been saved to: D:\GithubClonefiles\module_unitcommitment\.worktrees\108_168h\output\pcm_com4_loadall_h168_20260823_210543\smooth\clu_ovl\r01\output/details_schedule_results/pcm_simulation_results/intervels_[1]/res_schedule_commitment_result.txt
Step-3: Creating dispatching model (Refactored & Modularized)
  Clustered PCM: 108 physical units -> 31 equivalent units (71.3% state reduction; 108 units in non-singleton clusters)
  ✓ True clustered UC completed (31 virtual units)
PART1: [unit-commitment] calculation result has been saved to: D:\GithubClonefiles\module_unitcommitment\.worktrees\108_168h\output\pcm_com4_loadall_h168_20260823_210543\smooth\clu_ovl\r01\output/details_schedule_results/pcm_simulation_results/intervels_[1]/res_schedule_commitment_result.txt
Step-3: Creating dispatching model (Refactored & Modularized)
  Clustered PCM: 108 physical units -> 31 equivalent units (71.3% state reduction; 108 units in non-singleton clusters)
  ✓ True clustered UC completed (31 virtual units)
PART1: [unit-commitment] calculation result has been saved to: D:\GithubClonefiles\module_unitcommitment\.worktrees\108_168h\output\pcm_com4_loadall_h168_20260823_210543\smooth\clu_ovl\r01\output/details_schedule_results/pcm_simulation_results/intervels_[1]/res_schedule_commitment_result.txt
PART1: [unit-commitment] calculation result has been saved to: D:\GithubClonefiles\module_unitcommitment\.worktrees\108_168h\output\pcm_com4_loadall_h168_20260823_210543\smooth\clu_ovl\r01\output/details_schedule_results/pcm_simulation_results/intervels_[1]/res_schedule_commitment_result.txt
Step-3: Creating dispatching model (Refactored & Modularized)
  Clustered PCM: 108 physical units -> 31 equivalent units (71.3% state reduction; 108 units in non-singleton clusters)
  ✓ True clustered UC completed (31 virtual units)
Step-3: Creating dispatching model (Refactored & Modularized)
  Clustered PCM: 108 physical units -> 31 equivalent units (71.3% state reduction; 108 units in non-singleton clusters)
  ✓ True clustered UC completed (31 virtual units)
PART1: [unit-commitment] calculation result has been saved to: D:\GithubClonefiles\module_unitcommitment\.worktrees\108_168h\output\pcm_com4_loadall_h168_20260823_210543\smooth\clu_ovl\r01\output/details_schedule_results/pcm_simulation_results/intervels_[1]/res_schedule_commitment_result.txt
Step-3: Creating dispatching model (Refactored & Modularized)
  Clustered PCM: 108 physical units -> 31 equivalent units (71.3% state reduction; 108 units in non-singleton clusters)
  ✓ True clustered UC completed (31 virtual units)
PART1: [unit-commitment] calculation result has been saved to: D:\GithubClonefiles\module_unitcommitment\.worktrees\108_168h\output\pcm_com4_loadall_h168_20260823_210543\smooth\clu_ovl\r01\output/details_schedule_results/pcm_simulation_results/intervels_[1]/res_schedule_commitment_result.txt
Step-3: Creating dispatching model (Refactored & Modularized)
  Clustered PCM: 108 physical units -> 31 equivalent units (71.3% state reduction; 108 units in non-singleton clusters)
  ✓ True clustered UC completed (31 virtual units)
PART1: [unit-commitment] calculation result has been saved to: D:\GithubClonefiles\module_unitcommitment\.worktrees\108_168h\output\pcm_com4_loadall_h168_20260823_210543\smooth\clu_ovl\r01\output/details_schedule_results/pcm_simulation_results/intervels_[1]/res_schedule_commitment_result.txt
PART1: [unit-commitment] calculation result has been saved to: D:\GithubClonefiles\module_unitcommitment\.worktrees\108_168h\output\pcm_com4_loadall_h168_20260823_210543\smooth\clu_ovl\r01\output/details_schedule_results/pcm_simulation_results/intervels_[1]/res_schedule_commitment_result.txt
Step-3: Creating dispatching model (Refactored & Modularized)
  Clustered PCM: 108 physical units -> 31 equivalent units (71.3% state reduction; 108 units in non-singleton clusters)
  ✓ True clustered UC completed (31 virtual units)
Step-3: Creating dispatching model (Refactored & Modularized)
  Clustered PCM: 108 physical units -> 31 equivalent units (71.3% state reduction; 108 units in non-singleton clusters)
  ✓ True clustered UC completed (31 virtual units)
PART1: [unit-commitment] calculation result has been saved to: D:\GithubClonefiles\module_unitcommitment\.worktrees\108_168h\output\pcm_com4_loadall_h168_20260823_210543\smooth\clu_ovl\r01\output/details_schedule_results/pcm_simulation_results/intervels_[1]/res_schedule_commitment_result.txt
Step-3: Creating dispatching model (Refactored & Modularized)
  Clustered PCM: 108 physical units -> 31 equivalent units (71.3% state reduction; 108 units in non-singleton clusters)
  ✓ True clustered UC completed (31 virtual units)
PART1: [unit-commitment] calculation result has been saved to: D:\GithubClonefiles\module_unitcommitment\.worktrees\108_168h\output\pcm_com4_loadall_h168_20260823_210543\smooth\clu_ovl\r01\output/details_schedule_results/pcm_simulation_results/intervels_[1]/res_schedule_commitment_result.txt
Step-3: Creating dispatching model (Refactored & Modularized)
  Clustered PCM: 108 physical units -> 31 equivalent units (71.3% state reduction; 108 units in non-singleton clusters)
  ✓ True clustered UC completed (31 virtual units)
PART1: [unit-commitment] calculation result has been saved to: D:\GithubClonefiles\module_unitcommitment\.worktrees\108_168h\output\pcm_com4_loadall_h168_20260823_210543\smooth\clu_ovl\r01\output/details_schedule_results/pcm_simulation_results/intervels_[1]/res_schedule_commitment_result.txt
PART1: [unit-commitment] calculation result has been saved to: D:\GithubClonefiles\module_unitcommitment\.worktrees\108_168h\output\pcm_com4_loadall_h168_20260823_210543\smooth\clu_ovl\r01\output/details_schedule_results/pcm_simulation_results/intervels_[1]/res_schedule_commitment_result.txt
Step-3: Creating dispatching model (Refactored & Modularized)
  Clustered PCM: 108 physical units -> 31 equivalent units (71.3% state reduction; 108 units in non-singleton clusters)
  ✓ True clustered UC completed (31 virtual units)
Step-3: Creating dispatching model (Refactored & Modularized)
  Clustered PCM: 108 physical units -> 31 equivalent units (71.3% state reduction; 108 units in non-singleton clusters)
  ✓ True clustered UC completed (31 virtual units)
PART1: [unit-commitment] calculation result has been saved to: D:\GithubClonefiles\module_unitcommitment\.worktrees\108_168h\output\pcm_com4_loadall_h168_20260823_210543\smooth\clu_ovl\r01\output/details_schedule_results/pcm_simulation_results/intervels_[1]/res_schedule_commitment_result.txt
Step-3: Creating dispatching model (Refactored & Modularized)
  Clustered PCM: 108 physical units -> 31 equivalent units (71.3% state reduction; 108 units in non-singleton clusters)
  ✓ True clustered UC completed (31 virtual units)
PART1: [unit-commitment] calculation result has been saved to: D:\GithubClonefiles\module_unitcommitment\.worktrees\108_168h\output\pcm_com4_loadall_h168_20260823_210543\smooth\clu_ovl\r01\output/details_schedule_results/pcm_simulation_results/intervels_[1]/res_schedule_commitment_result.txt
Step-3: Creating dispatching model (Refactored & Modularized)
  Clustered PCM: 108 physical units -> 31 equivalent units (71.3% state reduction; 108 units in non-singleton clusters)
  ✓ True clustered UC completed (31 virtual units)
PART1: [unit-commitment] calculation result has been saved to: D:\GithubClonefiles\module_unitcommitment\.worktrees\108_168h\output\pcm_com4_loadall_h168_20260823_210543\smooth\clu_ovl\r01\output/details_schedule_results/pcm_simulation_results/intervels_[1]/res_schedule_commitment_result.txt
PART1: [unit-commitment] calculation result has been saved to: D:\GithubClonefiles\module_unitcommitment\.worktrees\108_168h\output\pcm_com4_loadall_h168_20260823_210543\smooth\clu_ovl\r01\output/details_schedule_results/pcm_simulation_results/intervels_[1]/res_schedule_commitment_result.txt
Step-3: Creating dispatching model (Refactored & Modularized)
  Clustered PCM: 108 physical units -> 31 equivalent units (71.3% state reduction; 108 units in non-singleton clusters)
  ✓ True clustered UC completed (31 virtual units)
Step-3: Creating dispatching model (Refactored & Modularized)
  Clustered PCM: 108 physical units -> 31 equivalent units (71.3% state reduction; 108 units in non-singleton clusters)
  ✓ True clustered UC completed (31 virtual units)
PART1: [unit-commitment] calculation result has been saved to: D:\GithubClonefiles\module_unitcommitment\.worktrees\108_168h\output\pcm_com4_loadall_h168_20260823_210543\smooth\clu_ovl\r01\output/details_schedule_results/pcm_simulation_results/intervels_[1]/res_schedule_commitment_result.txt
Step-3: Creating dispatching model (Refactored & Modularized)
  Clustered PCM: 108 physical units -> 31 equivalent units (71.3% state reduction; 108 units in non-singleton clusters)
  ✓ True clustered UC completed (31 virtual units)
PART1: [unit-commitment] calculation result has been saved to: D:\GithubClonefiles\module_unitcommitment\.worktrees\108_168h\output\pcm_com4_loadall_h168_20260823_210543\smooth\clu_ovl\r01\output/details_schedule_results/pcm_simulation_results/intervels_[1]/res_schedule_commitment_result.txt
Step-3: Creating dispatching model (Refactored & Modularized)
  Clustered PCM: 108 physical units -> 31 equivalent units (71.3% state reduction; 108 units in non-singleton clusters)
  ✓ True clustered UC completed (31 virtual units)
PART1: [unit-commitment] calculation result has been saved to: D:\GithubClonefiles\module_unitcommitment\.worktrees\108_168h\output\pcm_com4_loadall_h168_20260823_210543\smooth\clu_ovl\r01\output/details_schedule_results/pcm_simulation_results/intervels_[1]/res_schedule_commitment_result.txt
PART1: [unit-commitment] calculation result has been saved to: D:\GithubClonefiles\module_unitcommitment\.worktrees\108_168h\output\pcm_com4_loadall_h168_20260823_210543\smooth\clu_ovl\r01\output/details_schedule_results/pcm_simulation_results/intervels_[1]/res_schedule_commitment_result.txt
Step-3: Creating dispatching model (Refactored & Modularized)
  Clustered PCM: 108 physical units -> 31 equivalent units (71.3% state reduction; 108 units in non-singleton clusters)
  ✓ True clustered UC completed (31 virtual units)
Step-3: Creating dispatching model (Refactored & Modularized)
  Clustered PCM: 108 physical units -> 31 equivalent units (71.3% state reduction; 108 units in non-singleton clusters)
  ✓ True clustered UC completed (31 virtual units)
PART1: [unit-commitment] calculation result has been saved to: D:\GithubClonefiles\module_unitcommitment\.worktrees\108_168h\output\pcm_com4_loadall_h168_20260823_210543\smooth\clu_ovl\r01\output/details_schedule_results/pcm_simulation_results/intervels_[1]/res_schedule_commitment_result.txt
Step-3: Creating dispatching model (Refactored & Modularized)
  Clustered PCM: 108 physical units -> 31 equivalent units (71.3% state reduction; 108 units in non-singleton clusters)
  ✓ True clustered UC completed (31 virtual units)
PART1: [unit-commitment] calculation result has been saved to: D:\GithubClonefiles\module_unitcommitment\.worktrees\108_168h\output\pcm_com4_loadall_h168_20260823_210543\smooth\clu_ovl\r01\output/details_schedule_results/pcm_simulation_results/intervels_[1]/res_schedule_commitment_result.txt
Step-3: Creating dispatching model (Refactored & Modularized)
  Clustered PCM: 108 physical units -> 31 equivalent units (71.3% state reduction; 108 units in non-singleton clusters)
Set parameter Username
Set parameter LicenseID to value 2826524
Academic license - for non-commercial use only - expires 2027-05-22
Set parameter Username
Set parameter LicenseID to value 2826524
Academic license - for non-commercial use only - expires 2027-05-22
Set parameter Username
Set parameter LicenseID to value 2826524
Academic license - for non-commercial use only - expires 2027-05-22
Set parameter Username
Set parameter LicenseID to value 2826524
Academic license - for non-commercial use only - expires 2027-05-22
Set parameter Username
Set parameter LicenseID to value 2826524
Academic license - for non-commercial use only - expires 2027-05-22
Set parameter Username
Set parameter LicenseID to value 2826524
Academic license - for non-commercial use only - expires 2027-05-22
Set parameter Username
Set parameter LicenseID to value 2826524
Academic license - for non-commercial use only - expires 2027-05-22
Set parameter Username
Set parameter LicenseID to value 2826524
Academic license - for non-commercial use only - expires 2027-05-22
Set parameter Username
Set parameter LicenseID to value 2826524
Academic license - for non-commercial use only - expires 2027-05-22
Set parameter Username
Set parameter LicenseID to value 2826524
Academic license - for non-commercial use only - expires 2027-05-22
Set parameter Username
Set parameter LicenseID to value 2826524
Academic license - for non-commercial use only - expires 2027-05-22
Set parameter Username
Set parameter LicenseID to value 2826524
Academic license - for non-commercial use only - expires 2027-05-22
Set parameter Username
Set parameter LicenseID to value 2826524
Academic license - for non-commercial use only - expires 2027-05-22
Set parameter Username
Set parameter LicenseID to value 2826524
Academic license - for non-commercial use only - expires 2027-05-22
Set parameter Username
Set parameter LicenseID to value 2826524
Academic license - for non-commercial use only - expires 2027-05-22
Set parameter Username
Set parameter LicenseID to value 2826524
Academic license - for non-commercial use only - expires 2027-05-22
Set parameter Username
Set parameter LicenseID to value 2826524
Academic license - for non-commercial use only - expires 2027-05-22
Set parameter Username
Set parameter LicenseID to value 2826524
Academic license - for non-commercial use only - expires 2027-05-22
Set parameter Username
Set parameter LicenseID to value 2826524
Academic license - for non-commercial use only - expires 2027-05-22
Set parameter Username
Set parameter LicenseID to value 2826524
Academic license - for non-commercial use only - expires 2027-05-22
Set parameter Username
Set parameter LicenseID to value 2826524
Academic license - for non-commercial use only - expires 2027-05-22
Set parameter Username
Set parameter LicenseID to value 2826524
Academic license - for non-commercial use only - expires 2027-05-22
Set parameter Username
Set parameter LicenseID to value 2826524
Academic license - for non-commercial use only - expires 2027-05-22
Set parameter Username
Set parameter LicenseID to value 2826524
Academic license - for non-commercial use only - expires 2027-05-22
Set parameter Username
Set parameter LicenseID to value 2826524
Academic license - for non-commercial use only - expires 2027-05-22
Set parameter Username
Set parameter LicenseID to value 2826524
Academic license - for non-commercial use only - expires 2027-05-22
Set parameter Username
Set parameter LicenseID to value 2826524
Academic license - for non-commercial use only - expires 2027-05-22
Set parameter Username
Set parameter LicenseID to value 2826524
Academic license - for non-commercial use only - expires 2027-05-22
Set parameter Username
Set parameter LicenseID to value 2826524
Academic license - for non-commercial use only - expires 2027-05-22
Set parameter Username
Set parameter LicenseID to value 2826524
Academic license - for non-commercial use only - expires 2027-05-22
Set parameter Username
Set parameter LicenseID to value 2826524
Academic license - for non-commercial use only - expires 2027-05-22
Set parameter Username
Set parameter LicenseID to value 2826524
Academic license - for non-commercial use only - expires 2027-05-22
Set parameter Username
Set parameter LicenseID to value 2826524
Academic license - for non-commercial use only - expires 2027-05-22
Set parameter Username
Set parameter LicenseID to value 2826524
Academic license - for non-commercial use only - expires 2027-05-22
Set parameter Username
Set parameter LicenseID to value 2826524
Academic license - for non-commercial use only - expires 2027-05-22
Set parameter Username
Set parameter LicenseID to value 2826524
Academic license - for non-commercial use only - expires 2027-05-22
Set parameter Username
Set parameter LicenseID to value 2826524
Academic license - for non-commercial use only - expires 2027-05-22
Set parameter Username
Set parameter LicenseID to value 2826524
Academic license - for non-commercial use only - expires 2027-05-22
Set parameter Username
Set parameter LicenseID to value 2826524
Academic license - for non-commercial use only - expires 2027-05-22
Set parameter Username
Set parameter LicenseID to value 2826524
Academic license - for non-commercial use only - expires 2027-05-22
Set parameter Username
Set parameter LicenseID to value 2826524
Academic license - for non-commercial use only - expires 2027-05-22
Set parameter Username
Set parameter LicenseID to value 2826524
Academic license - for non-commercial use only - expires 2027-05-22
Set parameter Username
Set parameter LicenseID to value 2826524
Academic license - for non-commercial use only - expires 2027-05-22
Set parameter Username
Set parameter LicenseID to value 2826524
Academic license - for non-commercial use only - expires 2027-05-22
Set parameter Username
Set parameter LicenseID to value 2826524
Academic license - for non-commercial use only - expires 2027-05-22
Set parameter Username
Set parameter LicenseID to value 2826524
Academic license - for non-commercial use only - expires 2027-05-22
Set parameter Username
Set parameter LicenseID to value 2826524
Academic license - for non-commercial use only - expires 2027-05-22
Set parameter Username
Set parameter LicenseID to value 2826524
Academic license - for non-commercial use only - expires 2027-05-22
Set parameter Username
Set parameter LicenseID to value 2826524
Academic license - for non-commercial use only - expires 2027-05-22
Set parameter Username
Set parameter LicenseID to value 2826524
Academic license - for non-commercial use only - expires 2027-05-22
Set parameter Username
Set parameter LicenseID to value 2826524
Academic license - for non-commercial use only - expires 2027-05-22
Set parameter Username
Set parameter LicenseID to value 2826524
Academic license - for non-commercial use only - expires 2027-05-22
Set parameter Username
Set parameter LicenseID to value 2826524
Academic license - for non-commercial use only - expires 2027-05-22
Set parameter Username
Set parameter LicenseID to value 2826524
Academic license - for non-commercial use only - expires 2027-05-22
Set parameter Username
Set parameter LicenseID to value 2826524
Academic license - for non-commercial use only - expires 2027-05-22
Set parameter Username
Set parameter LicenseID to value 2826524
Academic license - for non-commercial use only - expires 2027-05-22
Set parameter Username
Set parameter LicenseID to value 2826524
Academic license - for non-commercial use only - expires 2027-05-22
Set parameter Username
Set parameter LicenseID to value 2826524
Academic license - for non-commercial use only - expires 2027-05-22
Set parameter Username
Set parameter LicenseID to value 2826524
Academic license - for non-commercial use only - expires 2027-05-22
Set parameter Username
Set parameter LicenseID to value 2826524
Academic license - for non-commercial use only - expires 2027-05-22
Set parameter Username
Set parameter LicenseID to value 2826524
Academic license - for non-commercial use only - expires 2027-05-22
Set parameter Username
Set parameter LicenseID to value 2826524
Academic license - for non-commercial use only - expires 2027-05-22
Set parameter Username
Set parameter LicenseID to value 2826524
Academic license - for non-commercial use only - expires 2027-05-22
Set parameter Username
Set parameter LicenseID to value 2826524
Academic license - for non-commercial use only - expires 2027-05-22
Set parameter Username
Set parameter LicenseID to value 2826524
Academic license - for non-commercial use only - expires 2027-05-22
Set parameter Username
Set parameter LicenseID to value 2826524
Academic license - for non-commercial use only - expires 2027-05-22
Set parameter Username
Set parameter LicenseID to value 2826524
Academic license - for non-commercial use only - expires 2027-05-22
Set parameter Username
Set parameter LicenseID to value 2826524
Academic license - for non-commercial use only - expires 2027-05-22
Set parameter Username
Set parameter LicenseID to value 2826524
Academic license - for non-commercial use only - expires 2027-05-22
Set parameter Username
Set parameter LicenseID to value 2826524
Academic license - for non-commercial use only - expires 2027-05-22
Set parameter Username
Set parameter LicenseID to value 2826524
Academic license - for non-commercial use only - expires 2027-05-22
Set parameter Username
Set parameter LicenseID to value 2826524
Academic license - for non-commercial use only - expires 2027-05-22
Set parameter Username
Set parameter LicenseID to value 2826524
Academic license - for non-commercial use only - expires 2027-05-22
Set parameter Username
Set parameter LicenseID to value 2826524
Academic license - for non-commercial use only - expires 2027-05-22
Set parameter Username
Set parameter LicenseID to value 2826524
Academic license - for non-commercial use only - expires 2027-05-22
Set parameter Username
Set parameter LicenseID to value 2826524
Academic license - for non-commercial use only - expires 2027-05-22
Set parameter Username
Set parameter LicenseID to value 2826524
Academic license - for non-commercial use only - expires 2027-05-22
Set parameter Username
Set parameter LicenseID to value 2826524
Academic license - for non-commercial use only - expires 2027-05-22
Set parameter Username
Set parameter LicenseID to value 2826524
Academic license - for non-commercial use only - expires 2027-05-22
Set parameter Username
Set parameter LicenseID to value 2826524
Academic license - for non-commercial use only - expires 2027-05-22
Set parameter Username
Set parameter LicenseID to value 2826524
Academic license - for non-commercial use only - expires 2027-05-22
Set parameter Username
Set parameter LicenseID to value 2826524
Academic license - for non-commercial use only - expires 2027-05-22
Set parameter Username
Set parameter LicenseID to value 2826524
Academic license - for non-commercial use only - expires 2027-05-22
Set parameter Username
Set parameter LicenseID to value 2826524
Academic license - for non-commercial use only - expires 2027-05-22
Set parameter Username
Set parameter LicenseID to value 2826524
Academic license - for non-commercial use only - expires 2027-05-22
Set parameter Username
Set parameter LicenseID to value 2826524
Academic license - for non-commercial use only - expires 2027-05-22
Set parameter Username
Set parameter LicenseID to value 2826524
Academic license - for non-commercial use only - expires 2027-05-22
Set parameter Username
Set parameter LicenseID to value 2826524
Academic license - for non-commercial use only - expires 2027-05-22
Set parameter Username
Set parameter LicenseID to value 2826524
Academic license - for non-commercial use only - expires 2027-05-22
Set parameter Username
Set parameter LicenseID to value 2826524
Academic license - for non-commercial use only - expires 2027-05-22
Set parameter Username
Set parameter LicenseID to value 2826524
Academic license - for non-commercial use only - expires 2027-05-22
Set parameter Username
Set parameter LicenseID to value 2826524
Academic license - for non-commercial use only - expires 2027-05-22
Set parameter Username
Set parameter LicenseID to value 2826524
Academic license - for non-commercial use only - expires 2027-05-22
Set parameter Username
Set parameter LicenseID to value 2826524
Academic license - for non-commercial use only - expires 2027-05-22
Set parameter Username
Set parameter LicenseID to value 2826524
Academic license - for non-commercial use only - expires 2027-05-22
Set parameter Username
Set parameter LicenseID to value 2826524
Academic license - for non-commercial use only - expires 2027-05-22
Set parameter Username
Set parameter LicenseID to value 2826524
Academic license - for non-commercial use only - expires 2027-05-22
Set parameter Username
Set parameter LicenseID to value 2826524
Academic license - for non-commercial use only - expires 2027-05-22
Set parameter Username
Set parameter LicenseID to value 2826524
Academic license - for non-commercial use only - expires 2027-05-22
Set parameter Username
Set parameter LicenseID to value 2826524
Academic license - for non-commercial use only - expires 2027-05-22
Set parameter Username
Set parameter LicenseID to value 2826524
Academic license - for non-commercial use only - expires 2027-05-22
Set parameter Username
Set parameter LicenseID to value 2826524
Academic license - for non-commercial use only - expires 2027-05-22
Set parameter Username
Set parameter LicenseID to value 2826524
Academic license - for non-commercial use only - expires 2027-05-22
Set parameter Username
Set parameter LicenseID to value 2826524
Academic license - for non-commercial use only - expires 2027-05-22
Set parameter Username
Set parameter LicenseID to value 2826524
Academic license - for non-commercial use only - expires 2027-05-22
Set parameter Username
Set parameter LicenseID to value 2826524
Academic license - for non-commercial use only - expires 2027-05-22
Set parameter Username
Set parameter LicenseID to value 2826524
Academic license - for non-commercial use only - expires 2027-05-22
Set parameter Username
Set parameter LicenseID to value 2826524
Academic license - for non-commercial use only - expires 2027-05-22
Set parameter Username
Set parameter LicenseID to value 2826524
Academic license - for non-commercial use only - expires 2027-05-22
Set parameter Username
Set parameter LicenseID to value 2826524
Academic license - for non-commercial use only - expires 2027-05-22
Set parameter Username
Set parameter LicenseID to value 2826524
Academic license - for non-commercial use only - expires 2027-05-22
Set parameter Username
Set parameter LicenseID to value 2826524
Academic license - for non-commercial use only - expires 2027-05-22
Set parameter Username
Set parameter LicenseID to value 2826524
Academic license - for non-commercial use only - expires 2027-05-22
Set parameter Username
Set parameter LicenseID to value 2826524
Academic license - for non-commercial use only - expires 2027-05-22
Set parameter Username
Set parameter LicenseID to value 2826524
Academic license - for non-commercial use only - expires 2027-05-22
Set parameter Username
Set parameter LicenseID to value 2826524
Academic license - for non-commercial use only - expires 2027-05-22
Set parameter Username
Set parameter LicenseID to value 2826524
Academic license - for non-commercial use only - expires 2027-05-22
Set parameter Username
Set parameter LicenseID to value 2826524
Academic license - for non-commercial use only - expires 2027-05-22
Set parameter Username
Set parameter LicenseID to value 2826524
Academic license - for non-commercial use only - expires 2027-05-22
Set parameter Username
Set parameter LicenseID to value 2826524
Academic license - for non-commercial use only - expires 2027-05-22
Set parameter Username
Set parameter LicenseID to value 2826524
Academic license - for non-commercial use only - expires 2027-05-22
Set parameter Username
Set parameter LicenseID to value 2826524
Academic license - for non-commercial use only - expires 2027-05-22
Set parameter Username
Set parameter LicenseID to value 2826524
Academic license - for non-commercial use only - expires 2027-05-22
Set parameter Username
Set parameter LicenseID to value 2826524
Academic license - for non-commercial use only - expires 2027-05-22
Set parameter Username
Set parameter LicenseID to value 2826524
Academic license - for non-commercial use only - expires 2027-05-22
Set parameter Username
Set parameter LicenseID to value 2826524
Academic license - for non-commercial use only - expires 2027-05-22
Set parameter Username
Set parameter LicenseID to value 2826524
Academic license - for non-commercial use only - expires 2027-05-22
Set parameter Username
Set parameter LicenseID to value 2826524
Academic license - for non-commercial use only - expires 2027-05-22
Set parameter Username
Set parameter LicenseID to value 2826524
Academic license - for non-commercial use only - expires 2027-05-22
Set parameter Username
Set parameter LicenseID to value 2826524
Academic license - for non-commercial use only - expires 2027-05-22
Set parameter Username
Set parameter LicenseID to value 2826524
Academic license - for non-commercial use only - expires 2027-05-22
Set parameter Username
Set parameter LicenseID to value 2826524
Academic license - for non-commercial use only - expires 2027-05-22
Set parameter Username
Set parameter LicenseID to value 2826524
Academic license - for non-commercial use only - expires 2027-05-22
Set parameter Username
Set parameter LicenseID to value 2826524
Academic license - for non-commercial use only - expires 2027-05-22
Set parameter Username
Set parameter LicenseID to value 2826524
Academic license - for non-commercial use only - expires 2027-05-22
Set parameter Username
Set parameter LicenseID to value 2826524
Academic license - for non-commercial use only - expires 2027-05-22
Set parameter Username
Set parameter LicenseID to value 2826524
Academic license - for non-commercial use only - expires 2027-05-22
Set parameter Username
Set parameter LicenseID to value 2826524
Academic license - for non-commercial use only - expires 2027-05-22
Set parameter Username
Set parameter LicenseID to value 2826524
Academic license - for non-commercial use only - expires 2027-05-22
Set parameter Username
Set parameter LicenseID to value 2826524
Academic license - for non-commercial use only - expires 2027-05-22
Set parameter Username
Set parameter LicenseID to value 2826524
Academic license - for non-commercial use only - expires 2027-05-22
Set parameter Username
Set parameter LicenseID to value 2826524
Academic license - for non-commercial use only - expires 2027-05-22
Set parameter Username
Set parameter LicenseID to value 2826524
Academic license - for non-commercial use only - expires 2027-05-22
Set parameter Username
Set parameter LicenseID to value 2826524
Academic license - for non-commercial use only - expires 2027-05-22
Set parameter Username
Set parameter LicenseID to value 2826524
Academic license - for non-commercial use only - expires 2027-05-22
Set parameter Username
Set parameter LicenseID to value 2826524
Academic license - for non-commercial use only - expires 2027-05-22
Set parameter Username
Set parameter LicenseID to value 2826524
Academic license - for non-commercial use only - expires 2027-05-22
Set parameter Username
Set parameter LicenseID to value 2826524
Academic license - for non-commercial use only - expires 2027-05-22
Set parameter Username
Set parameter LicenseID to value 2826524
Academic license - for non-commercial use only - expires 2027-05-22
Set parameter Username
Set parameter LicenseID to value 2826524
Academic license - for non-commercial use only - expires 2027-05-22
Set parameter Username
Set parameter LicenseID to value 2826524
Academic license - for non-commercial use only - expires 2027-05-22
Set parameter Username
Set parameter LicenseID to value 2826524
Academic license - for non-commercial use only - expires 2027-05-22
Set parameter Username
Set parameter LicenseID to value 2826524
Academic license - for non-commercial use only - expires 2027-05-22
Set parameter Username
Set parameter LicenseID to value 2826524
Academic license - for non-commercial use only - expires 2027-05-22
Set parameter Username
Set parameter LicenseID to value 2826524
Academic license - for non-commercial use only - expires 2027-05-22
Set parameter Username
Set parameter LicenseID to value 2826524
Academic license - for non-commercial use only - expires 2027-05-22
Set parameter Username
Set parameter LicenseID to value 2826524
Academic license - for non-commercial use only - expires 2027-05-22
Set parameter Username
Set parameter LicenseID to value 2826524
Academic license - for non-commercial use only - expires 2027-05-22
Set parameter Username
Set parameter LicenseID to value 2826524
Academic license - for non-commercial use only - expires 2027-05-22
Set parameter Username
Set parameter LicenseID to value 2826524
Academic license - for non-commercial use only - expires 2027-05-22
Set parameter Username
Set parameter LicenseID to value 2826524
Academic license - for non-commercial use only - expires 2027-05-22
Set parameter Username
Set parameter LicenseID to value 2826524
Academic license - for non-commercial use only - expires 2027-05-22
Set parameter Username
Set parameter LicenseID to value 2826524
Academic license - for non-commercial use only - expires 2027-05-22
Set parameter Username
Set parameter LicenseID to value 2826524
Academic license - for non-commercial use only - expires 2027-05-22
Set parameter Username
Set parameter LicenseID to value 2826524
Academic license - for non-commercial use only - expires 2027-05-22
Set parameter Username
Set parameter LicenseID to value 2826524
Academic license - for non-commercial use only - expires 2027-05-22
Set parameter Username
Set parameter LicenseID to value 2826524
Academic license - for non-commercial use only - expires 2027-05-22
Set parameter Username
Set parameter LicenseID to value 2826524
Academic license - for non-commercial use only - expires 2027-05-22
Set parameter Username
Set parameter LicenseID to value 2826524
Academic license - for non-commercial use only - expires 2027-05-22
Set parameter Username
Set parameter LicenseID to value 2826524
Academic license - for non-commercial use only - expires 2027-05-22
Set parameter Username
Set parameter LicenseID to value 2826524
Academic license - for non-commercial use only - expires 2027-05-22
Set parameter Username
Set parameter LicenseID to value 2826524
Academic license - for non-commercial use only - expires 2027-05-22
Set parameter Username
Set parameter LicenseID to value 2826524
Academic license - for non-commercial use only - expires 2027-05-22
Set parameter Username
Set parameter LicenseID to value 2826524
Academic license - for non-commercial use only - expires 2027-05-22
Set parameter Username
Set parameter LicenseID to value 2826524
Academic license - for non-commercial use only - expires 2027-05-22
Set parameter Username
Set parameter LicenseID to value 2826524
Academic license - for non-commercial use only - expires 2027-05-22
Set parameter Username
Set parameter LicenseID to value 2826524
Academic license - for non-commercial use only - expires 2027-05-22
Set parameter Username
Set parameter LicenseID to value 2826524
Academic license - for non-commercial use only - expires 2027-05-22
Set parameter Username
Set parameter LicenseID to value 2826524
Academic license - for non-commercial use only - expires 2027-05-22
Set parameter Username
Set parameter LicenseID to value 2826524
Academic license - for non-commercial use only - expires 2027-05-22
Set parameter Username
Set parameter LicenseID to value 2826524
Academic license - for non-commercial use only - expires 2027-05-22
Set parameter Username
Set parameter LicenseID to value 2826524
Academic license - for non-commercial use only - expires 2027-05-22
Set parameter Username
Set parameter LicenseID to value 2826524
Academic license - for non-commercial use only - expires 2027-05-22
Set parameter Username
Set parameter LicenseID to value 2826524
Academic license - for non-commercial use only - expires 2027-05-22
Set parameter Username
Set parameter LicenseID to value 2826524
Academic license - for non-commercial use only - expires 2027-05-22
Set parameter Username
Set parameter LicenseID to value 2826524
Academic license - for non-commercial use only - expires 2027-05-22
Set parameter Username
Set parameter LicenseID to value 2826524
Academic license - for non-commercial use only - expires 2027-05-22
Set parameter Username
Set parameter LicenseID to value 2826524
Academic license - for non-commercial use only - expires 2027-05-22
Set parameter Username
Set parameter LicenseID to value 2826524
Academic license - for non-commercial use only - expires 2027-05-22
Set parameter Username
Set parameter LicenseID to value 2826524
Academic license - for non-commercial use only - expires 2027-05-22
Set parameter Username
Set parameter LicenseID to value 2826524
Academic license - for non-commercial use only - expires 2027-05-22
Set parameter Username
Set parameter LicenseID to value 2826524
Academic license - for non-commercial use only - expires 2027-05-22
Set parameter Username
Set parameter LicenseID to value 2826524
Academic license - for non-commercial use only - expires 2027-05-22
Set parameter Username
Set parameter LicenseID to value 2826524
Academic license - for non-commercial use only - expires 2027-05-22
  ✓ True clustered UC completed (31 virtual units)
PART1: [unit-commitment] calculation result has been saved to: D:\GithubClonefiles\module_unitcommitment\.worktrees\108_168h\output\pcm_com4_loadall_h168_20260823_210543\smooth\clu_ovl\r01\output/details_schedule_results/pcm_simulation_results/intervels_[1]/res_schedule_commitment_result.txt
PART1: [unit-commitment] calculation result has been saved to: D:\GithubClonefiles\module_unitcommitment\.worktrees\108_168h\output\pcm_com4_loadall_h168_20260823_210543\smooth\clu_ovl\r01\output/details_schedule_results/pcm_simulation_results/intervels_[1]/res_schedule_commitment_result.txt
Step-3: Creating dispatching model (Refactored & Modularized)
  Clustered PCM: 108 physical units -> 31 equivalent units (71.3% state reduction; 108 units in non-singleton clusters)
  ✓ True clustered UC completed (31 virtual units)
Step-3: Creating dispatching model (Refactored & Modularized)
  Clustered PCM: 108 physical units -> 31 equivalent units (71.3% state reduction; 108 units in non-singleton clusters)
  ✓ True clustered UC completed (31 virtual units)
PART1: [unit-commitment] calculation result has been saved to: D:\GithubClonefiles\module_unitcommitment\.worktrees\108_168h\output\pcm_com4_loadall_h168_20260823_210543\smooth\clu_ovl\r01\output/details_schedule_results/pcm_simulation_results/intervels_[1]/res_schedule_commitment_result.txt
Step-3: Creating dispatching model (Refactored & Modularized)
  Clustered PCM: 108 physical units -> 31 equivalent units (71.3% state reduction; 108 units in non-singleton clusters)
  ✓ True clustered UC completed (31 virtual units)
PART1: [unit-commitment] calculation result has been saved to: D:\GithubClonefiles\module_unitcommitment\.worktrees\108_168h\output\pcm_com4_loadall_h168_20260823_210543\smooth\clu_ovl\r01\output/details_schedule_results/pcm_simulation_results/intervels_[1]/res_schedule_commitment_result.txt
Step-3: Creating dispatching model (Refactored & Modularized)
  Clustered PCM: 108 physical units -> 31 equivalent units (71.3% state reduction; 108 units in non-singleton clusters)
  ✓ True clustered UC completed (31 virtual units)
PART1: [unit-commitment] calculation result has been saved to: D:\GithubClonefiles\module_unitcommitment\.worktrees\108_168h\output\pcm_com4_loadall_h168_20260823_210543\smooth\clu_ovl\r01\output/details_schedule_results/pcm_simulation_results/intervels_[1]/res_schedule_commitment_result.txt
PART1: [unit-commitment] calculation result has been saved to: D:\GithubClonefiles\module_unitcommitment\.worktrees\108_168h\output\pcm_com4_loadall_h168_20260823_210543\smooth\clu_ovl\r01\output/details_schedule_results/pcm_simulation_results/intervels_[1]/res_schedule_commitment_result.txt
Step-3: Creating dispatching model (Refactored & Modularized)
  Clustered PCM: 108 physical units -> 31 equivalent units (71.3% state reduction; 108 units in non-singleton clusters)
  ✓ True clustered UC completed (31 virtual units)
Step-3: Creating dispatching model (Refactored & Modularized)
  Clustered PCM: 108 physical units -> 31 equivalent units (71.3% state reduction; 108 units in non-singleton clusters)
  ✓ True clustered UC completed (31 virtual units)
PART1: [unit-commitment] calculation result has been saved to: D:\GithubClonefiles\module_unitcommitment\.worktrees\108_168h\output\pcm_com4_loadall_h168_20260823_210543\smooth\clu_ovl\r01\output/details_schedule_results/pcm_simulation_results/intervels_[1]/res_schedule_commitment_result.txt
Step-3: Creating dispatching model (Refactored & Modularized)
  Clustered PCM: 108 physical units -> 31 equivalent units (71.3% state reduction; 108 units in non-singleton clusters)
  ✓ True clustered UC completed (31 virtual units)
PART1: [unit-commitment] calculation result has been saved to: D:\GithubClonefiles\module_unitcommitment\.worktrees\108_168h\output\pcm_com4_loadall_h168_20260823_210543\smooth\clu_ovl\r01\output/details_schedule_results/pcm_simulation_results/intervels_[1]/res_schedule_commitment_result.txt
Step-3: Creating dispatching model (Refactored & Modularized)
  Clustered PCM: 108 physical units -> 31 equivalent units (71.3% state reduction; 108 units in non-singleton clusters)
  ✓ True clustered UC completed (31 virtual units)
PART1: [unit-commitment] calculation result has been saved to: D:\GithubClonefiles\module_unitcommitment\.worktrees\108_168h\output\pcm_com4_loadall_h168_20260823_210543\smooth\clu_ovl\r01\output/details_schedule_results/pcm_simulation_results/intervels_[1]/res_schedule_commitment_result.txt
PART1: [unit-commitment] calculation result has been saved to: D:\GithubClonefiles\module_unitcommitment\.worktrees\108_168h\output\pcm_com4_loadall_h168_20260823_210543\smooth\clu_ovl\r01\output/details_schedule_results/pcm_simulation_results/intervels_[1]/res_schedule_commitment_result.txt
Step-3: Creating dispatching model (Refactored & Modularized)
  Clustered PCM: 108 physical units -> 31 equivalent units (71.3% state reduction; 108 units in non-singleton clusters)
  ✓ True clustered UC completed (31 virtual units)
Step-3: Creating dispatching model (Refactored & Modularized)
  Clustered PCM: 108 physical units -> 31 equivalent units (71.3% state reduction; 108 units in non-singleton clusters)
  ✓ True clustered UC completed (31 virtual units)
PART1: [unit-commitment] calculation result has been saved to: D:\GithubClonefiles\module_unitcommitment\.worktrees\108_168h\output\pcm_com4_loadall_h168_20260823_210543\smooth\clu_ovl\r01\output/details_schedule_results/pcm_simulation_results/intervels_[1]/res_schedule_commitment_result.txt
Step-3: Creating dispatching model (Refactored & Modularized)
  Clustered PCM: 108 physical units -> 31 equivalent units (71.3% state reduction; 108 units in non-singleton clusters)
  ✓ True clustered UC completed (31 virtual units)
PART1: [unit-commitment] calculation result has been saved to: D:\GithubClonefiles\module_unitcommitment\.worktrees\108_168h\output\pcm_com4_loadall_h168_20260823_210543\smooth\clu_ovl\r01\output/details_schedule_results/pcm_simulation_results/intervels_[1]/res_schedule_commitment_result.txt
Step-3: Creating dispatching model (Refactored & Modularized)
  Clustered PCM: 108 physical units -> 31 equivalent units (71.3% state reduction; 108 units in non-singleton clusters)
  ✓ True clustered UC completed (31 virtual units)
PART1: [unit-commitment] calculation result has been saved to: D:\GithubClonefiles\module_unitcommitment\.worktrees\108_168h\output\pcm_com4_loadall_h168_20260823_210543\smooth\clu_ovl\r01\output/details_schedule_results/pcm_simulation_results/intervels_[1]/res_schedule_commitment_result.txt
PART1: [unit-commitment] calculation result has been saved to: D:\GithubClonefiles\module_unitcommitment\.worktrees\108_168h\output\pcm_com4_loadall_h168_20260823_210543\smooth\clu_ovl\r01\output/details_schedule_results/pcm_simulation_results/intervels_[1]/res_schedule_commitment_result.txt
Step-3: Creating dispatching model (Refactored & Modularized)
  Clustered PCM: 108 physical units -> 31 equivalent units (71.3% state reduction; 108 units in non-singleton clusters)
  ✓ True clustered UC completed (31 virtual units)
Step-3: Creating dispatching model (Refactored & Modularized)
  Clustered PCM: 108 physical units -> 31 equivalent units (71.3% state reduction; 108 units in non-singleton clusters)
  ✓ True clustered UC completed (31 virtual units)
PART1: [unit-commitment] calculation result has been saved to: D:\GithubClonefiles\module_unitcommitment\.worktrees\108_168h\output\pcm_com4_loadall_h168_20260823_210543\smooth\clu_ovl\r01\output/details_schedule_results/pcm_simulation_results/intervels_[1]/res_schedule_commitment_result.txt
Step-3: Creating dispatching model (Refactored & Modularized)
  Clustered PCM: 108 physical units -> 31 equivalent units (71.3% state reduction; 108 units in non-singleton clusters)
  ✓ True clustered UC completed (31 virtual units)
PART1: [unit-commitment] calculation result has been saved to: D:\GithubClonefiles\module_unitcommitment\.worktrees\108_168h\output\pcm_com4_loadall_h168_20260823_210543\smooth\clu_ovl\r01\output/details_schedule_results/pcm_simulation_results/intervels_[1]/res_schedule_commitment_result.txt
Step-3: Creating dispatching model (Refactored & Modularized)
  Clustered PCM: 108 physical units -> 31 equivalent units (71.3% state reduction; 108 units in non-singleton clusters)
  ✓ True clustered UC completed (31 virtual units)
PART1: [unit-commitment] calculation result has been saved to: D:\GithubClonefiles\module_unitcommitment\.worktrees\108_168h\output\pcm_com4_loadall_h168_20260823_210543\smooth\clu_ovl\r01\output/details_schedule_results/pcm_simulation_results/intervels_[1]/res_schedule_commitment_result.txt
PART1: [unit-commitment] calculation result has been saved to: D:\GithubClonefiles\module_unitcommitment\.worktrees\108_168h\output\pcm_com4_loadall_h168_20260823_210543\smooth\clu_ovl\r01\output/details_schedule_results/pcm_simulation_results/intervels_[1]/res_schedule_commitment_result.txt
Step-3: Creating dispatching model (Refactored & Modularized)
  Clustered PCM: 108 physical units -> 31 equivalent units (71.3% state reduction; 108 units in non-singleton clusters)
  ✓ True clustered UC completed (31 virtual units)
Step-3: Creating dispatching model (Refactored & Modularized)
  Clustered PCM: 108 physical units -> 31 equivalent units (71.3% state reduction; 108 units in non-singleton clusters)
  ✓ True clustered UC completed (31 virtual units)
PART1: [unit-commitment] calculation result has been saved to: D:\GithubClonefiles\module_unitcommitment\.worktrees\108_168h\output\pcm_com4_loadall_h168_20260823_210543\smooth\clu_ovl\r01\output/details_schedule_results/pcm_simulation_results/intervels_[1]/res_schedule_commitment_result.txt
Step-3: Creating dispatching model (Refactored & Modularized)
  Clustered PCM: 108 physical units -> 31 equivalent units (71.3% state reduction; 108 units in non-singleton clusters)
  ✓ True clustered UC completed (31 virtual units)
PART1: [unit-commitment] calculation result has been saved to: D:\GithubClonefiles\module_unitcommitment\.worktrees\108_168h\output\pcm_com4_loadall_h168_20260823_210543\smooth\clu_ovl\r01\output/details_schedule_results/pcm_simulation_results/intervels_[1]/res_schedule_commitment_result.txt
Step-3: Creating dispatching model (Refactored & Modularized)
  Clustered PCM: 108 physical units -> 31 equivalent units (71.3% state reduction; 108 units in non-singleton clusters)
  ✓ True clustered UC completed (31 virtual units)
PART1: [unit-commitment] calculation result has been saved to: D:\GithubClonefiles\module_unitcommitment\.worktrees\108_168h\output\pcm_com4_loadall_h168_20260823_210543\smooth\clu_ovl\r01\output/details_schedule_results/pcm_simulation_results/intervels_[1]/res_schedule_commitment_result.txt
PART1: [unit-commitment] calculation result has been saved to: D:\GithubClonefiles\module_unitcommitment\.worktrees\108_168h\output\pcm_com4_loadall_h168_20260823_210543\smooth\clu_ovl\r01\output/details_schedule_results/pcm_simulation_results/intervels_[1]/res_schedule_commitment_result.txt
Step-3: Creating dispatching model (Refactored & Modularized)
  Clustered PCM: 108 physical units -> 31 equivalent units (71.3% state reduction; 108 units in non-singleton clusters)
  ✓ True clustered UC completed (31 virtual units)
Step-3: Creating dispatching model (Refactored & Modularized)
  Clustered PCM: 108 physical units -> 31 equivalent units (71.3% state reduction; 108 units in non-singleton clusters)
  ✓ True clustered UC completed (31 virtual units)
PART1: [unit-commitment] calculation result has been saved to: D:\GithubClonefiles\module_unitcommitment\.worktrees\108_168h\output\pcm_com4_loadall_h168_20260823_210543\smooth\clu_ovl\r01\output/details_schedule_results/pcm_simulation_results/intervels_[1]/res_schedule_commitment_result.txt
Step-3: Creating dispatching model (Refactored & Modularized)
  Clustered PCM: 108 physical units -> 31 equivalent units (71.3% state reduction; 108 units in non-singleton clusters)
  ✓ True clustered UC completed (31 virtual units)
PART1: [unit-commitment] calculation result has been saved to: D:\GithubClonefiles\module_unitcommitment\.worktrees\108_168h\output\pcm_com4_loadall_h168_20260823_210543\smooth\clu_ovl\r01\output/details_schedule_results/pcm_simulation_results/intervels_[1]/res_schedule_commitment_result.txt
Step-3: Creating dispatching model (Refactored & Modularized)
  Clustered PCM: 108 physical units -> 31 equivalent units (71.3% state reduction; 108 units in non-singleton clusters)
  ✓ True clustered UC completed (31 virtual units)
PART1: [unit-commitment] calculation result has been saved to: D:\GithubClonefiles\module_unitcommitment\.worktrees\108_168h\output\pcm_com4_loadall_h168_20260823_210543\smooth\clu_ovl\r01\output/details_schedule_results/pcm_simulation_results/intervels_[1]/res_schedule_commitment_result.txt
PART1: [unit-commitment] calculation result has been saved to: D:\GithubClonefiles\module_unitcommitment\.worktrees\108_168h\output\pcm_com4_loadall_h168_20260823_210543\smooth\clu_ovl\r01\output/details_schedule_results/pcm_simulation_results/intervels_[1]/res_schedule_commitment_result.txt
Step-3: Creating dispatching model (Refactored & Modularized)
  Clustered PCM: 108 physical units -> 31 equivalent units (71.3% state reduction; 108 units in non-singleton clusters)
  ✓ True clustered UC completed (31 virtual units)
Step-3: Creating dispatching model (Refactored & Modularized)
  Clustered PCM: 108 physical units -> 31 equivalent units (71.3% state reduction; 108 units in non-singleton clusters)
  ✓ True clustered UC completed (31 virtual units)
PART1: [unit-commitment] calculation result has been saved to: D:\GithubClonefiles\module_unitcommitment\.worktrees\108_168h\output\pcm_com4_loadall_h168_20260823_210543\smooth\clu_ovl\r01\output/details_schedule_results/pcm_simulation_results/intervels_[1]/res_schedule_commitment_result.txt
Step-3: Creating dispatching model (Refactored & Modularized)
  Clustered PCM: 108 physical units -> 31 equivalent units (71.3% state reduction; 108 units in non-singleton clusters)
  ✓ True clustered UC completed (31 virtual units)
PART1: [unit-commitment] calculation result has been saved to: D:\GithubClonefiles\module_unitcommitment\.worktrees\108_168h\output\pcm_com4_loadall_h168_20260823_210543\smooth\clu_ovl\r01\output/details_schedule_results/pcm_simulation_results/intervels_[1]/res_schedule_commitment_result.txt
Step-3: Creating dispatching model (Refactored & Modularized)
  Clustered PCM: 108 physical units -> 31 equivalent units (71.3% state reduction; 108 units in non-singleton clusters)
  ✓ True clustered UC completed (31 virtual units)
PART1: [unit-commitment] calculation result has been saved to: D:\GithubClonefiles\module_unitcommitment\.worktrees\108_168h\output\pcm_com4_loadall_h168_20260823_210543\smooth\clu_ovl\r01\output/details_schedule_results/pcm_simulation_results/intervels_[1]/res_schedule_commitment_result.txt
PART1: [unit-commitment] calculation result has been saved to: D:\GithubClonefiles\module_unitcommitment\.worktrees\108_168h\output\pcm_com4_loadall_h168_20260823_210543\smooth\clu_ovl\r01\output/details_schedule_results/pcm_simulation_results/intervels_[1]/res_schedule_commitment_result.txt
Step-3: Creating dispatching model (Refactored & Modularized)
  Clustered PCM: 108 physical units -> 31 equivalent units (71.3% state reduction; 108 units in non-singleton clusters)
  ✓ True clustered UC completed (31 virtual units)
Step-3: Creating dispatching model (Refactored & Modularized)
  Clustered PCM: 108 physical units -> 31 equivalent units (71.3% state reduction; 108 units in non-singleton clusters)
  ✓ True clustered UC completed (31 virtual units)
PART1: [unit-commitment] calculation result has been saved to: D:\GithubClonefiles\module_unitcommitment\.worktrees\108_168h\output\pcm_com4_loadall_h168_20260823_210543\smooth\clu_ovl\r01\output/details_schedule_results/pcm_simulation_results/intervels_[1]/res_schedule_commitment_result.txt
Step-3: Creating dispatching model (Refactored & Modularized)
  Clustered PCM: 108 physical units -> 31 equivalent units (71.3% state reduction; 108 units in non-singleton clusters)
  ✓ True clustered UC completed (31 virtual units)
PART1: [unit-commitment] calculation result has been saved to: D:\GithubClonefiles\module_unitcommitment\.worktrees\108_168h\output\pcm_com4_loadall_h168_20260823_210543\smooth\clu_ovl\r01\output/details_schedule_results/pcm_simulation_results/intervels_[1]/res_schedule_commitment_result.txt
Step-3: Creating dispatching model (Refactored & Modularized)
  Clustered PCM: 108 physical units -> 31 equivalent units (71.3% state reduction; 108 units in non-singleton clusters)
  ✓ True clustered UC completed (31 virtual units)
PART1: [unit-commitment] calculation result has been saved to: D:\GithubClonefiles\module_unitcommitment\.worktrees\108_168h\output\pcm_com4_loadall_h168_20260823_210543\smooth\clu_ovl\r01\output/details_schedule_results/pcm_simulation_results/intervels_[1]/res_schedule_commitment_result.txt
PART1: [unit-commitment] calculation result has been saved to: D:\GithubClonefiles\module_unitcommitment\.worktrees\108_168h\output\pcm_com4_loadall_h168_20260823_210543\smooth\clu_ovl\r01\output/details_schedule_results/pcm_simulation_results/intervels_[1]/res_schedule_commitment_result.txt
Step-3: Creating dispatching model (Refactored & Modularized)
  Clustered PCM: 108 physical units -> 31 equivalent units (71.3% state reduction; 108 units in non-singleton clusters)
  ✓ True clustered UC completed (31 virtual units)
Step-3: Creating dispatching model (Refactored & Modularized)
  Clustered PCM: 108 physical units -> 31 equivalent units (71.3% state reduction; 108 units in non-singleton clusters)
  ✓ True clustered UC completed (31 virtual units)
PART1: [unit-commitment] calculation result has been saved to: D:\GithubClonefiles\module_unitcommitment\.worktrees\108_168h\output\pcm_com4_loadall_h168_20260823_210543\smooth\clu_ovl\r01\output/details_schedule_results/pcm_simulation_results/intervels_[1]/res_schedule_commitment_result.txt
Step-3: Creating dispatching model (Refactored & Modularized)
  Clustered PCM: 108 physical units -> 31 equivalent units (71.3% state reduction; 108 units in non-singleton clusters)
  ✓ True clustered UC completed (31 virtual units)
PART1: [unit-commitment] calculation result has been saved to: D:\GithubClonefiles\module_unitcommitment\.worktrees\108_168h\output\pcm_com4_loadall_h168_20260823_210543\smooth\clu_ovl\r01\output/details_schedule_results/pcm_simulation_results/intervels_[1]/res_schedule_commitment_result.txt
Step-3: Creating dispatching model (Refactored & Modularized)
  Clustered PCM: 108 physical units -> 31 equivalent units (71.3% state reduction; 108 units in non-singleton clusters)
  ✓ True clustered UC completed (31 virtual units)
PART1: [unit-commitment] calculation result has been saved to: D:\GithubClonefiles\module_unitcommitment\.worktrees\108_168h\output\pcm_com4_loadall_h168_20260823_210543\smooth\clu_ovl\r01\output/details_schedule_results/pcm_simulation_results/intervels_[1]/res_schedule_commitment_result.txt
PART1: [unit-commitment] calculation result has been saved to: D:\GithubClonefiles\module_unitcommitment\.worktrees\108_168h\output\pcm_com4_loadall_h168_20260823_210543\smooth\clu_ovl\r01\output/details_schedule_results/pcm_simulation_results/intervels_[1]/res_schedule_commitment_result.txt
Step-3: Creating dispatching model (Refactored & Modularized)
  Clustered PCM: 108 physical units -> 31 equivalent units (71.3% state reduction; 108 units in non-singleton clusters)
  ✓ True clustered UC completed (31 virtual units)
Step-3: Creating dispatching model (Refactored & Modularized)
  Clustered PCM: 108 physical units -> 31 equivalent units (71.3% state reduction; 108 units in non-singleton clusters)
  ✓ True clustered UC completed (31 virtual units)
PART1: [unit-commitment] calculation result has been saved to: D:\GithubClonefiles\module_unitcommitment\.worktrees\108_168h\output\pcm_com4_loadall_h168_20260823_210543\smooth\clu_ovl\r01\output/details_schedule_results/pcm_simulation_results/intervels_[1]/res_schedule_commitment_result.txt
Step-3: Creating dispatching model (Refactored & Modularized)
  Clustered PCM: 108 physical units -> 31 equivalent units (71.3% state reduction; 108 units in non-singleton clusters)
  ✓ True clustered UC completed (31 virtual units)
PART1: [unit-commitment] calculation result has been saved to: D:\GithubClonefiles\module_unitcommitment\.worktrees\108_168h\output\pcm_com4_loadall_h168_20260823_210543\smooth\clu_ovl\r01\output/details_schedule_results/pcm_simulation_results/intervels_[1]/res_schedule_commitment_result.txt
Step-3: Creating dispatching model (Refactored & Modularized)
  Clustered PCM: 108 physical units -> 31 equivalent units (71.3% state reduction; 108 units in non-singleton clusters)
  ✓ True clustered UC completed (31 virtual units)
PART1: [unit-commitment] calculation result has been saved to: D:\GithubClonefiles\module_unitcommitment\.worktrees\108_168h\output\pcm_com4_loadall_h168_20260823_210543\smooth\clu_ovl\r01\output/details_schedule_results/pcm_simulation_results/intervels_[1]/res_schedule_commitment_result.txt
PART1: [unit-commitment] calculation result has been saved to: D:\GithubClonefiles\module_unitcommitment\.worktrees\108_168h\output\pcm_com4_loadall_h168_20260823_210543\smooth\clu_ovl\r01\output/details_schedule_results/pcm_simulation_results/intervels_[1]/res_schedule_commitment_result.txt
Step-3: Creating dispatching model (Refactored & Modularized)
  Clustered PCM: 108 physical units -> 31 equivalent units (71.3% state reduction; 108 units in non-singleton clusters)
  ✓ True clustered UC completed (31 virtual units)
Step-3: Creating dispatching model (Refactored & Modularized)
  Clustered PCM: 108 physical units -> 31 equivalent units (71.3% state reduction; 108 units in non-singleton clusters)
  ✓ True clustered UC completed (31 virtual units)
PART1: [unit-commitment] calculation result has been saved to: D:\GithubClonefiles\module_unitcommitment\.worktrees\108_168h\output\pcm_com4_loadall_h168_20260823_210543\smooth\clu_ovl\r01\output/details_schedule_results/pcm_simulation_results/intervels_[1]/res_schedule_commitment_result.txt
Step-3: Creating dispatching model (Refactored & Modularized)
  Clustered PCM: 108 physical units -> 31 equivalent units (71.3% state reduction; 108 units in non-singleton clusters)
  ✓ True clustered UC completed (31 virtual units)
PART1: [unit-commitment] calculation result has been saved to: D:\GithubClonefiles\module_unitcommitment\.worktrees\108_168h\output\pcm_com4_loadall_h168_20260823_210543\smooth\clu_ovl\r01\output/details_schedule_results/pcm_simulation_results/intervels_[1]/res_schedule_commitment_result.txt
Step-3: Creating dispatching model (Refactored & Modularized)
  Clustered PCM: 108 physical units -> 31 equivalent units (71.3% state reduction; 108 units in non-singleton clusters)
  ✓ True clustered UC completed (31 virtual units)
PART1: [unit-commitment] calculation result has been saved to: D:\GithubClonefiles\module_unitcommitment\.worktrees\108_168h\output\pcm_com4_loadall_h168_20260823_210543\smooth\clu_ovl\r01\output/details_schedule_results/pcm_simulation_results/intervels_[1]/res_schedule_commitment_result.txt
PART1: [unit-commitment] calculation result has been saved to: D:\GithubClonefiles\module_unitcommitment\.worktrees\108_168h\output\pcm_com4_loadall_h168_20260823_210543\smooth\clu_ovl\r01\output/details_schedule_results/pcm_simulation_results/intervels_[1]/res_schedule_commitment_result.txt
Step-3: Creating dispatching model (Refactored & Modularized)
  Clustered PCM: 108 physical units -> 31 equivalent units (71.3% state reduction; 108 units in non-singleton clusters)
  ✓ True clustered UC completed (31 virtual units)
Step-3: Creating dispatching model (Refactored & Modularized)
  Clustered PCM: 108 physical units -> 31 equivalent units (71.3% state reduction; 108 units in non-singleton clusters)
  ✓ True clustered UC completed (31 virtual units)
PART1: [unit-commitment] calculation result has been saved to: D:\GithubClonefiles\module_unitcommitment\.worktrees\108_168h\output\pcm_com4_loadall_h168_20260823_210543\smooth\clu_ovl\r01\output/details_schedule_results/pcm_simulation_results/intervels_[1]/res_schedule_commitment_result.txt
Step-3: Creating dispatching model (Refactored & Modularized)
  Clustered PCM: 108 physical units -> 31 equivalent units (71.3% state reduction; 108 units in non-singleton clusters)
  ✓ True clustered UC completed (31 virtual units)
PART1: [unit-commitment] calculation result has been saved to: D:\GithubClonefiles\module_unitcommitment\.worktrees\108_168h\output\pcm_com4_loadall_h168_20260823_210543\smooth\clu_ovl\r01\output/details_schedule_results/pcm_simulation_results/intervels_[1]/res_schedule_commitment_result.txt
Step-3: Creating dispatching model (Refactored & Modularized)
  Clustered PCM: 108 physical units -> 31 equivalent units (71.3% state reduction; 108 units in non-singleton clusters)
  ✓ True clustered UC completed (31 virtual units)
PART1: [unit-commitment] calculation result has been saved to: D:\GithubClonefiles\module_unitcommitment\.worktrees\108_168h\output\pcm_com4_loadall_h168_20260823_210543\smooth\clu_ovl\r01\output/details_schedule_results/pcm_simulation_results/intervels_[1]/res_schedule_commitment_result.txt
PART1: [unit-commitment] calculation result has been saved to: D:\GithubClonefiles\module_unitcommitment\.worktrees\108_168h\output\pcm_com4_loadall_h168_20260823_210543\smooth\clu_ovl\r01\output/details_schedule_results/pcm_simulation_results/intervels_[1]/res_schedule_commitment_result.txt
Step-3: Creating dispatching model (Refactored & Modularized)
  Clustered PCM: 108 physical units -> 31 equivalent units (71.3% state reduction; 108 units in non-singleton clusters)
    Fast disaggregation failed at ramp; trying exact cluster-internal certificate
  ✓ True clustered UC completed (31 virtual units)
Step-3: Creating dispatching model (Refactored & Modularized)
  Clustered PCM: 108 physical units -> 31 equivalent units (71.3% state reduction; 108 units in non-singleton clusters)
    Fast disaggregation failed at ramp; trying exact cluster-internal certificate
  ✓ True clustered UC completed (31 virtual units)
PART1: [unit-commitment] calculation result has been saved to: D:\GithubClonefiles\module_unitcommitment\.worktrees\108_168h\output\pcm_com4_loadall_h168_20260823_210543\smooth\clu_ovl\r01\output/details_schedule_results/pcm_simulation_results/intervels_[1]/res_schedule_commitment_result.txt
Step-3: Creating dispatching model (Refactored & Modularized)
  Clustered PCM: 108 physical units -> 31 equivalent units (71.3% state reduction; 108 units in non-singleton clusters)
  ✓ True clustered UC completed (31 virtual units)
PART1: [unit-commitment] calculation result has been saved to: D:\GithubClonefiles\module_unitcommitment\.worktrees\108_168h\output\pcm_com4_loadall_h168_20260823_210543\smooth\clu_ovl\r01\output/details_schedule_results/pcm_simulation_results/intervels_[1]/res_schedule_commitment_result.txt
Step-3: Creating dispatching model (Refactored & Modularized)
  Clustered PCM: 108 physical units -> 31 equivalent units (71.3% state reduction; 108 units in non-singleton clusters)
    Fast disaggregation failed at ramp; trying exact cluster-internal certificate
  ✓ True clustered UC completed (31 virtual units)
PART1: [unit-commitment] calculation result has been saved to: D:\GithubClonefiles\module_unitcommitment\.worktrees\108_168h\output\pcm_com4_loadall_h168_20260823_210543\smooth\clu_ovl\r01\output/details_schedule_results/pcm_simulation_results/intervels_[1]/res_schedule_commitment_result.txt
PART1: [unit-commitment] calculation result has been saved to: D:\GithubClonefiles\module_unitcommitment\.worktrees\108_168h\output\pcm_com4_loadall_h168_20260823_210543\smooth\clu_ovl\r01\output/details_schedule_results/pcm_simulation_results/intervels_[1]/res_schedule_commitment_result.txt
Step-3: Creating dispatching model (Refactored & Modularized)
  Clustered PCM: 108 physical units -> 31 equivalent units (71.3% state reduction; 108 units in non-singleton clusters)
  ✓ True clustered UC completed (31 virtual units)
Step-3: Creating dispatching model (Refactored & Modularized)
  Clustered PCM: 108 physical units -> 31 equivalent units (71.3% state reduction; 108 units in non-singleton clusters)
  ✓ True clustered UC completed (31 virtual units)
PART1: [unit-commitment] calculation result has been saved to: D:\GithubClonefiles\module_unitcommitment\.worktrees\108_168h\output\pcm_com4_loadall_h168_20260823_210543\smooth\clu_ovl\r01\output/details_schedule_results/pcm_simulation_results/intervels_[1]/res_schedule_commitment_result.txt
Step-3: Creating dispatching model (Refactored & Modularized)
  Clustered PCM: 108 physical units -> 31 equivalent units (71.3% state reduction; 108 units in non-singleton clusters)
  ✓ True clustered UC completed (31 virtual units)
PART1: [unit-commitment] calculation result has been saved to: D:\GithubClonefiles\module_unitcommitment\.worktrees\108_168h\output\pcm_com4_loadall_h168_20260823_210543\smooth\clu_ovl\r01\output/details_schedule_results/pcm_simulation_results/intervels_[1]/res_schedule_commitment_result.txt
Step-3: Creating dispatching model (Refactored & Modularized)
  Clustered PCM: 108 physical units -> 31 equivalent units (71.3% state reduction; 108 units in non-singleton clusters)
  ✓ True clustered UC completed (31 virtual units)
PART1: [unit-commitment] calculation result has been saved to: D:\GithubClonefiles\module_unitcommitment\.worktrees\108_168h\output\pcm_com4_loadall_h168_20260823_210543\smooth\clu_ovl\r01\output/details_schedule_results/pcm_simulation_results/intervels_[1]/res_schedule_commitment_result.txt
PART1: [unit-commitment] calculation result has been saved to: D:\GithubClonefiles\module_unitcommitment\.worktrees\108_168h\output\pcm_com4_loadall_h168_20260823_210543\smooth\clu_ovl\r01\output/details_schedule_results/pcm_simulation_results/intervels_[1]/res_schedule_commitment_result.txt
Step-3: Creating dispatching model (Refactored & Modularized)
  Clustered PCM: 108 physical units -> 31 equivalent units (71.3% state reduction; 108 units in non-singleton clusters)
  ✓ True clustered UC completed (31 virtual units)
Step-3: Creating dispatching model (Refactored & Modularized)
  Clustered PCM: 108 physical units -> 31 equivalent units (71.3% state reduction; 108 units in non-singleton clusters)
  ✓ True clustered UC completed (31 virtual units)
PART1: [unit-commitment] calculation result has been saved to: D:\GithubClonefiles\module_unitcommitment\.worktrees\108_168h\output\pcm_com4_loadall_h168_20260823_210543\smooth\clu_ovl\r01\output/details_schedule_results/pcm_simulation_results/intervels_[1]/res_schedule_commitment_result.txt
Step-3: Creating dispatching model (Refactored & Modularized)
  Clustered PCM: 108 physical units -> 31 equivalent units (71.3% state reduction; 108 units in non-singleton clusters)
  ✓ True clustered UC completed (31 virtual units)
PART1: [unit-commitment] calculation result has been saved to: D:\GithubClonefiles\module_unitcommitment\.worktrees\108_168h\output\pcm_com4_loadall_h168_20260823_210543\smooth\clu_ovl\r01\output/details_schedule_results/pcm_simulation_results/intervels_[1]/res_schedule_commitment_result.txt
Step-3: Creating dispatching model (Refactored & Modularized)
  Clustered PCM: 108 physical units -> 31 equivalent units (71.3% state reduction; 108 units in non-singleton clusters)
  ✓ True clustered UC completed (31 virtual units)
PART1: [unit-commitment] calculation result has been saved to: D:\GithubClonefiles\module_unitcommitment\.worktrees\108_168h\output\pcm_com4_loadall_h168_20260823_210543\smooth\clu_ovl\r01\output/details_schedule_results/pcm_simulation_results/intervels_[1]/res_schedule_commitment_result.txt
PART1: [unit-commitment] calculation result has been saved to: D:\GithubClonefiles\module_unitcommitment\.worktrees\108_168h\output\pcm_com4_loadall_h168_20260823_210543\smooth\clu_ovl\r01\output/details_schedule_results/pcm_simulation_results/intervels_[1]/res_schedule_commitment_result.txt
Step-3: Creating dispatching model (Refactored & Modularized)
  Clustered PCM: 108 physical units -> 31 equivalent units (71.3% state reduction; 108 units in non-singleton clusters)
Set parameter Username
Set parameter LicenseID to value 2826524
Academic license - for non-commercial use only - expires 2027-05-22
Set parameter Username
Set parameter LicenseID to value 2826524
Academic license - for non-commercial use only - expires 2027-05-22
Set parameter Username
Set parameter LicenseID to value 2826524
Academic license - for non-commercial use only - expires 2027-05-22
Set parameter Username
Set parameter LicenseID to value 2826524
Academic license - for non-commercial use only - expires 2027-05-22
Set parameter Username
Set parameter LicenseID to value 2826524
Academic license - for non-commercial use only - expires 2027-05-22
Set parameter Username
Set parameter LicenseID to value 2826524
Academic license - for non-commercial use only - expires 2027-05-22
Set parameter Username
Set parameter LicenseID to value 2826524
Academic license - for non-commercial use only - expires 2027-05-22
Set parameter Username
Set parameter LicenseID to value 2826524
Academic license - for non-commercial use only - expires 2027-05-22
Set parameter Username
Set parameter LicenseID to value 2826524
Academic license - for non-commercial use only - expires 2027-05-22
Set parameter Username
Set parameter LicenseID to value 2826524
Academic license - for non-commercial use only - expires 2027-05-22
Set parameter Username
Set parameter LicenseID to value 2826524
Academic license - for non-commercial use only - expires 2027-05-22
Set parameter Username
Set parameter LicenseID to value 2826524
Academic license - for non-commercial use only - expires 2027-05-22
Set parameter Username
Set parameter LicenseID to value 2826524
Academic license - for non-commercial use only - expires 2027-05-22
Set parameter Username
Set parameter LicenseID to value 2826524
Academic license - for non-commercial use only - expires 2027-05-22
Set parameter Username
Set parameter LicenseID to value 2826524
Academic license - for non-commercial use only - expires 2027-05-22
Set parameter Username
Set parameter LicenseID to value 2826524
Academic license - for non-commercial use only - expires 2027-05-22
Set parameter Username
Set parameter LicenseID to value 2826524
Academic license - for non-commercial use only - expires 2027-05-22
Set parameter Username
Set parameter LicenseID to value 2826524
Academic license - for non-commercial use only - expires 2027-05-22
Set parameter Username
Set parameter LicenseID to value 2826524
Academic license - for non-commercial use only - expires 2027-05-22
Set parameter Username
Set parameter LicenseID to value 2826524
Academic license - for non-commercial use only - expires 2027-05-22
Set parameter Username
Set parameter LicenseID to value 2826524
Academic license - for non-commercial use only - expires 2027-05-22
Set parameter Username
Set parameter LicenseID to value 2826524
Academic license - for non-commercial use only - expires 2027-05-22
Set parameter Username
Set parameter LicenseID to value 2826524
Academic license - for non-commercial use only - expires 2027-05-22
Set parameter Username
Set parameter LicenseID to value 2826524
Academic license - for non-commercial use only - expires 2027-05-22
Set parameter Username
Set parameter LicenseID to value 2826524
Academic license - for non-commercial use only - expires 2027-05-22
Set parameter Username
Set parameter LicenseID to value 2826524
Academic license - for non-commercial use only - expires 2027-05-22
Set parameter Username
Set parameter LicenseID to value 2826524
Academic license - for non-commercial use only - expires 2027-05-22
Set parameter Username
Set parameter LicenseID to value 2826524
Academic license - for non-commercial use only - expires 2027-05-22
Set parameter Username
Set parameter LicenseID to value 2826524
Academic license - for non-commercial use only - expires 2027-05-22
Set parameter Username
Set parameter LicenseID to value 2826524
Academic license - for non-commercial use only - expires 2027-05-22
Set parameter Username
Set parameter LicenseID to value 2826524
Academic license - for non-commercial use only - expires 2027-05-22
Set parameter Username
Set parameter LicenseID to value 2826524
Academic license - for non-commercial use only - expires 2027-05-22
Set parameter Username
Set parameter LicenseID to value 2826524
Academic license - for non-commercial use only - expires 2027-05-22
Set parameter Username
Set parameter LicenseID to value 2826524
Academic license - for non-commercial use only - expires 2027-05-22
Set parameter Username
Set parameter LicenseID to value 2826524
Academic license - for non-commercial use only - expires 2027-05-22
Set parameter Username
Set parameter LicenseID to value 2826524
Academic license - for non-commercial use only - expires 2027-05-22
Set parameter Username
Set parameter LicenseID to value 2826524
Academic license - for non-commercial use only - expires 2027-05-22
Set parameter Username
Set parameter LicenseID to value 2826524
Academic license - for non-commercial use only - expires 2027-05-22
Set parameter Username
Set parameter LicenseID to value 2826524
Academic license - for non-commercial use only - expires 2027-05-22
Set parameter Username
Set parameter LicenseID to value 2826524
Academic license - for non-commercial use only - expires 2027-05-22
Set parameter Username
Set parameter LicenseID to value 2826524
Academic license - for non-commercial use only - expires 2027-05-22
Set parameter Username
Set parameter LicenseID to value 2826524
Academic license - for non-commercial use only - expires 2027-05-22
Set parameter Username
Set parameter LicenseID to value 2826524
Academic license - for non-commercial use only - expires 2027-05-22
Set parameter Username
Set parameter LicenseID to value 2826524
Academic license - for non-commercial use only - expires 2027-05-22
Set parameter Username
Set parameter LicenseID to value 2826524
Academic license - for non-commercial use only - expires 2027-05-22
Set parameter Username
Set parameter LicenseID to value 2826524
Academic license - for non-commercial use only - expires 2027-05-22
Set parameter Username
Set parameter LicenseID to value 2826524
Academic license - for non-commercial use only - expires 2027-05-22
Set parameter Username
Set parameter LicenseID to value 2826524
Academic license - for non-commercial use only - expires 2027-05-22
Set parameter Username
Set parameter LicenseID to value 2826524
Academic license - for non-commercial use only - expires 2027-05-22
Set parameter Username
Set parameter LicenseID to value 2826524
Academic license - for non-commercial use only - expires 2027-05-22
Set parameter Username
Set parameter LicenseID to value 2826524
Academic license - for non-commercial use only - expires 2027-05-22
Set parameter Username
Set parameter LicenseID to value 2826524
Academic license - for non-commercial use only - expires 2027-05-22
Set parameter Username
Set parameter LicenseID to value 2826524
Academic license - for non-commercial use only - expires 2027-05-22
Set parameter Username
Set parameter LicenseID to value 2826524
Academic license - for non-commercial use only - expires 2027-05-22
Set parameter Username
Set parameter LicenseID to value 2826524
Academic license - for non-commercial use only - expires 2027-05-22
Set parameter Username
Set parameter LicenseID to value 2826524
Academic license - for non-commercial use only - expires 2027-05-22
Set parameter Username
Set parameter LicenseID to value 2826524
Academic license - for non-commercial use only - expires 2027-05-22
  ✓ True clustered UC completed (31 virtual units)
Step-3: Creating dispatching model (Refactored & Modularized)
  Clustered PCM: 108 physical units -> 31 equivalent units (71.3% state reduction; 108 units in non-singleton clusters)
  ✓ True clustered UC completed (31 virtual units)
PART1: [unit-commitment] calculation result has been saved to: D:\GithubClonefiles\module_unitcommitment\.worktrees\108_168h\output\pcm_com4_loadall_h168_20260823_210543\smooth\clu_ovl\r01\output/details_schedule_results/pcm_simulation_results/intervels_[1]/res_schedule_commitment_result.txt
Step-3: Creating dispatching model (Refactored & Modularized)
  Clustered PCM: 108 physical units -> 31 equivalent units (71.3% state reduction; 108 units in non-singleton clusters)
  ✓ True clustered UC completed (31 virtual units)
PART1: [unit-commitment] calculation result has been saved to: D:\GithubClonefiles\module_unitcommitment\.worktrees\108_168h\output\pcm_com4_loadall_h168_20260823_210543\smooth\clu_ovl\r01\output/details_schedule_results/pcm_simulation_results/intervels_[1]/res_schedule_commitment_result.txt
Step-3: Creating dispatching model (Refactored & Modularized)
  Clustered PCM: 108 physical units -> 31 equivalent units (71.3% state reduction; 108 units in non-singleton clusters)
  ✓ True clustered UC completed (31 virtual units)
PART1: [unit-commitment] calculation result has been saved to: D:\GithubClonefiles\module_unitcommitment\.worktrees\108_168h\output\pcm_com4_loadall_h168_20260823_210543\smooth\clu_ovl\r01\output/details_schedule_results/pcm_simulation_results/intervels_[1]/res_schedule_commitment_result.txt
PART1: [unit-commitment] calculation result has been saved to: D:\GithubClonefiles\module_unitcommitment\.worktrees\108_168h\output\pcm_com4_loadall_h168_20260823_210543\smooth\clu_ovl\r01\output/details_schedule_results/pcm_simulation_results/intervels_[1]/res_schedule_commitment_result.txt
Step-3: Creating dispatching model (Refactored & Modularized)
  Clustered PCM: 108 physical units -> 31 equivalent units (71.3% state reduction; 108 units in non-singleton clusters)
  ✓ True clustered UC completed (31 virtual units)
Step-3: Creating dispatching model (Refactored & Modularized)
  Clustered PCM: 108 physical units -> 31 equivalent units (71.3% state reduction; 108 units in non-singleton clusters)
  ✓ True clustered UC completed (31 virtual units)
PART1: [unit-commitment] calculation result has been saved to: D:\GithubClonefiles\module_unitcommitment\.worktrees\108_168h\output\pcm_com4_loadall_h168_20260823_210543\smooth\clu_ovl\r01\output/details_schedule_results/pcm_simulation_results/intervels_[1]/res_schedule_commitment_result.txt
Step-3: Creating dispatching model (Refactored & Modularized)
  Clustered PCM: 108 physical units -> 31 equivalent units (71.3% state reduction; 108 units in non-singleton clusters)
  ✓ True clustered UC completed (31 virtual units)
PART1: [unit-commitment] calculation result has been saved to: D:\GithubClonefiles\module_unitcommitment\.worktrees\108_168h\output\pcm_com4_loadall_h168_20260823_210543\smooth\clu_ovl\r01\output/details_schedule_results/pcm_simulation_results/intervels_[1]/res_schedule_commitment_result.txt
Step-3: Creating dispatching model (Refactored & Modularized)
  Clustered PCM: 108 physical units -> 31 equivalent units (71.3% state reduction; 108 units in non-singleton clusters)
  ✓ True clustered UC completed (31 virtual units)
PART1: [unit-commitment] calculation result has been saved to: D:\GithubClonefiles\module_unitcommitment\.worktrees\108_168h\output\pcm_com4_loadall_h168_20260823_210543\smooth\clu_ovl\r01\output/details_schedule_results/pcm_simulation_results/intervels_[1]/res_schedule_commitment_result.txt
PART1: [unit-commitment] calculation result has been saved to: D:\GithubClonefiles\module_unitcommitment\.worktrees\108_168h\output\pcm_com4_loadall_h168_20260823_210543\smooth\clu_ovl\r01\output/details_schedule_results/pcm_simulation_results/intervels_[1]/res_schedule_commitment_result.txt
Step-3: Creating dispatching model (Refactored & Modularized)
  Clustered PCM: 108 physical units -> 31 equivalent units (71.3% state reduction; 108 units in non-singleton clusters)
    5-point output grid is infeasible; retrying this window with 17 points
  Clustered PCM: 108 physical units -> 31 equivalent units (71.3% state reduction; 108 units in non-singleton clusters)
    Refined output grid is infeasible; entering continuous residence-power diagnosis
  Clustered PCM: 108 physical units -> 31 equivalent units (71.3% state reduction; 108 units in non-singleton clusters)
  ⚠ True clustered UC failed at cluster_master: INFEASIBLE; falling back to full unit-network SCUC
	 Variables defined.
DEBUG set_objective_economic!: NT=36, NG=108, ND=91, NW=20, NS=1, K=3, size(refcost)=(108,), size(eachslope)=(3, 108)
objective_function
	MILP economic objective set
subject to.
	 constraints: 1) minimum shutup/shutdown time limits			 done
	 constraints: 2) binary variable logic					 done
	 constraints: 3) shutup/shutdown cost					 done
	 constraints: 4) loadcurtailments and spoliedwinds			 done
	 constraints: 5) generatos power limits					 done
	 constraints: 6) system reserves limits					 done
	 constraints: 7) power balance constraints				 done
	 constraints: 8) ramp-up/ramp-down constraints				 done
	 constraints: 9) piece linearization constraints			 done
	 constraints: 10) transmissionline limits skipped (is_NetWorkCon != 1 or Gsdf missing or NL=0)
	 constraints: 11) stroges system constraints skipped (NC=0 or variables not defined)
	 constraints: 12) data centra constraints skipped (is_ConsiderDataCentra != 1)
	 constraints: 13) frequency control constraints skipped (is_ConsiderFrequencyControl != 1)
	 constraints: 14) hydro power limits					 done
+++++++++++++++++++++++++++++++++++++++++++++++++++++++++++++++++++++++++++++++++++++++++++
Step-4: starting Gurobi solver
Step-5: Gurobi solver finished
+++++++++++++++++++++++++++++++++++++++++++++++++++++++++++++++++++++++++++++++++++++++++++

solution_summary(scuc) = solution_summary(; result = 1, verbose = false)
├ solver_name          : Gurobi
├ Termination
│ ├ termination_status : OPTIMAL
│ ├ result_count       : 8
│ ├ raw_status         : Model was solved to optimality (subject to tolerances), and an optimal solution is available.
│ └ objective_bound    : 3.92524e+06
├ Solution (result = 1)
│ ├ primal_status        : FEASIBLE_POINT
│ ├ dual_status          : NO_SOLUTION
│ ├ objective_value      : 3.99024e+06
│ └ relative_gap         : 1.62891e-02
└ Work counters
  ├ solve_time (sec)   : 6.02800e+00
  ├ simplex_iterations : 19006
  ├ barrier_iterations : 0
  └ node_count         : 1


Termination Status: OPTIMAL
Acceptable solution found (Status: OPTIMAL).
Step-6: record datas
PART1: [unit-commitment] calculation result has been saved to: D:\GithubClonefiles\module_unitcommitment\.worktrees\108_168h\output\pcm_com4_loadall_h168_20260823_210543\smooth\clu_ovl\r01\output/details_schedule_results/pcm_simulation_results/intervels_[1]/res_schedule_commitment_result.txt
Step-3: Creating dispatching model (Refactored & Modularized)
  Clustered PCM: 108 physical units -> 31 equivalent units (71.3% state reduction; 108 units in non-singleton clusters)
    5-point output grid is infeasible; retrying this window with 17 points
  Clustered PCM: 108 physical units -> 31 equivalent units (71.3% state reduction; 108 units in non-singleton clusters)
    Refined output grid is infeasible; entering continuous residence-power diagnosis
  Clustered PCM: 108 physical units -> 31 equivalent units (71.3% state reduction; 108 units in non-singleton clusters)
  ⚠ True clustered UC failed at cluster_master: INFEASIBLE; falling back to full unit-network SCUC
	 Variables defined.
DEBUG set_objective_economic!: NT=36, NG=108, ND=91, NW=20, NS=1, K=3, size(refcost)=(108,), size(eachslope)=(3, 108)
objective_function
	MILP economic objective set
subject to.
	 constraints: 1) minimum shutup/shutdown time limits			 done
	 constraints: 2) binary variable logic					 done
	 constraints: 3) shutup/shutdown cost					 done
	 constraints: 4) loadcurtailments and spoliedwinds			 done
	 constraints: 5) generatos power limits					 done
	 constraints: 6) system reserves limits					 done
	 constraints: 7) power balance constraints				 done
	 constraints: 8) ramp-up/ramp-down constraints				 done
	 constraints: 9) piece linearization constraints			 done
	 constraints: 10) transmissionline limits skipped (is_NetWorkCon != 1 or Gsdf missing or NL=0)
	 constraints: 11) stroges system constraints skipped (NC=0 or variables not defined)
	 constraints: 12) data centra constraints skipped (is_ConsiderDataCentra != 1)
	 constraints: 13) frequency control constraints skipped (is_ConsiderFrequencyControl != 1)
	 constraints: 14) hydro power limits					 done
+++++++++++++++++++++++++++++++++++++++++++++++++++++++++++++++++++++++++++++++++++++++++++
Step-4: starting Gurobi solver
Step-5: Gurobi solver finished
+++++++++++++++++++++++++++++++++++++++++++++++++++++++++++++++++++++++++++++++++++++++++++

solution_summary(scuc) = solution_summary(; result = 1, verbose = false)
├ solver_name          : Gurobi
├ Termination
│ ├ termination_status : OPTIMAL
│ ├ result_count       : 8
│ ├ raw_status         : Model was solved to optimality (subject to tolerances), and an optimal solution is available.
│ └ objective_bound    : 3.92524e+06
├ Solution (result = 1)
│ ├ primal_status        : FEASIBLE_POINT
│ ├ dual_status          : NO_SOLUTION
│ ├ objective_value      : 3.99024e+06
│ └ relative_gap         : 1.62891e-02
└ Work counters
  ├ solve_time (sec)   : 6.53700e+00
  ├ simplex_iterations : 19006
  ├ barrier_iterations : 0
  └ node_count         : 1


Termination Status: OPTIMAL
Acceptable solution found (Status: OPTIMAL).
Step-6: record datas
PART1: [unit-commitment] calculation result has been saved to: D:\GithubClonefiles\module_unitcommitment\.worktrees\108_168h\output\pcm_com4_loadall_h168_20260823_210543\smooth\clu_ovl\r01\output/details_schedule_results/pcm_simulation_results/intervels_[1]/res_schedule_commitment_result.txt
PART1: [unit-commitment] calculation result has been saved to: D:\GithubClonefiles\module_unitcommitment\.worktrees\108_168h\output\pcm_com4_loadall_h168_20260823_210543\smooth\clu_ovl\r01\output/details_schedule_results/pcm_simulation_results/intervels_[1]/res_schedule_commitment_result.txt
Step-3: Creating dispatching model (Refactored & Modularized)
  Clustered PCM: 108 physical units -> 31 equivalent units (71.3% state reduction; 108 units in non-singleton clusters)
    5-point output grid is infeasible; retrying this window with 17 points
  Clustered PCM: 108 physical units -> 31 equivalent units (71.3% state reduction; 108 units in non-singleton clusters)
    Refined output grid is infeasible; entering continuous residence-power diagnosis
  Clustered PCM: 108 physical units -> 31 equivalent units (71.3% state reduction; 108 units in non-singleton clusters)
  ⚠ True clustered UC failed at cluster_master: INFEASIBLE; falling back to full unit-network SCUC
	 Variables defined.
DEBUG set_objective_economic!: NT=26, NG=108, ND=91, NW=20, NS=1, K=3, size(refcost)=(108,), size(eachslope)=(3, 108)
objective_function
	MILP economic objective set
subject to.
	 constraints: 1) minimum shutup/shutdown time limits			 done
	 constraints: 2) binary variable logic					 done
	 constraints: 3) shutup/shutdown cost					 done
	 constraints: 4) loadcurtailments and spoliedwinds			 done
	 constraints: 5) generatos power limits					 done
	 constraints: 6) system reserves limits					 done
	 constraints: 7) power balance constraints				 done
	 constraints: 8) ramp-up/ramp-down constraints				 done
	 constraints: 9) piece linearization constraints			 done
	 constraints: 10) transmissionline limits skipped (is_NetWorkCon != 1 or Gsdf missing or NL=0)
	 constraints: 11) stroges system constraints skipped (NC=0 or variables not defined)
	 constraints: 12) data centra constraints skipped (is_ConsiderDataCentra != 1)
	 constraints: 13) frequency control constraints skipped (is_ConsiderFrequencyControl != 1)
	 constraints: 14) hydro power limits					 done
+++++++++++++++++++++++++++++++++++++++++++++++++++++++++++++++++++++++++++++++++++++++++++
Step-4: starting Gurobi solver
Step-5: Gurobi solver finished
+++++++++++++++++++++++++++++++++++++++++++++++++++++++++++++++++++++++++++++++++++++++++++

solution_summary(scuc) = solution_summary(; result = 1, verbose = false)
├ solver_name          : Gurobi
├ Termination
│ ├ termination_status : OPTIMAL
│ ├ result_count       : 6
│ ├ raw_status         : Model was solved to optimality (subject to tolerances), and an optimal solution is available.
│ └ objective_bound    : 3.36837e+06
├ Solution (result = 1)
│ ├ primal_status        : FEASIBLE_POINT
│ ├ dual_status          : NO_SOLUTION
│ ├ objective_value      : 3.47204e+06
│ └ relative_gap         : 2.98584e-02
└ Work counters
  ├ solve_time (sec)   : 1.73300e+00
  ├ simplex_iterations : 8949
  ├ barrier_iterations : 0
  └ node_count         : 1


Termination Status: OPTIMAL
Acceptable solution found (Status: OPTIMAL).
Step-6: record datas
PART1: [unit-commitment] calculation result has been saved to: D:\GithubClonefiles\module_unitcommitment\.worktrees\108_168h\output\pcm_com4_loadall_h168_20260823_210543\smooth\clu_ovl\r01\output/details_schedule_results/pcm_simulation_results/intervels_[1]/res_schedule_commitment_result.txt
PART1: [unit-commitment] calculation result has been saved to: D:\GithubClonefiles\module_unitcommitment\.worktrees\108_168h\output\pcm_com4_loadall_h168_20260823_210543\smooth\clu_ovl\r01\output/details_schedule_results/pcm_simulation_results/intervels_[1]/res_schedule_commitment_result.txt
Step-3: Creating dispatching model (Refactored & Modularized)
  Clustered PCM: 108 physical units -> 31 equivalent units (71.3% state reduction; 108 units in non-singleton clusters)
    5-point output grid is infeasible; retrying this window with 17 points
  Clustered PCM: 108 physical units -> 31 equivalent units (71.3% state reduction; 108 units in non-singleton clusters)
    Refined output grid is infeasible; entering continuous residence-power diagnosis
  Clustered PCM: 108 physical units -> 31 equivalent units (71.3% state reduction; 108 units in non-singleton clusters)
  ⚠ True clustered UC failed at cluster_master: INFEASIBLE; falling back to full unit-network SCUC
	 Variables defined.
DEBUG set_objective_economic!: NT=31, NG=108, ND=91, NW=20, NS=1, K=3, size(refcost)=(108,), size(eachslope)=(3, 108)
objective_function
	MILP economic objective set
subject to.
	 constraints: 1) minimum shutup/shutdown time limits			 done
	 constraints: 2) binary variable logic					 done
	 constraints: 3) shutup/shutdown cost					 done
	 constraints: 4) loadcurtailments and spoliedwinds			 done
	 constraints: 5) generatos power limits					 done
	 constraints: 6) system reserves limits					 done
	 constraints: 7) power balance constraints				 done
	 constraints: 8) ramp-up/ramp-down constraints				 done
	 constraints: 9) piece linearization constraints			 done
	 constraints: 10) transmissionline limits skipped (is_NetWorkCon != 1 or Gsdf missing or NL=0)
	 constraints: 11) stroges system constraints skipped (NC=0 or variables not defined)
	 constraints: 12) data centra constraints skipped (is_ConsiderDataCentra != 1)
	 constraints: 13) frequency control constraints skipped (is_ConsiderFrequencyControl != 1)
	 constraints: 14) hydro power limits					 done
+++++++++++++++++++++++++++++++++++++++++++++++++++++++++++++++++++++++++++++++++++++++++++
Step-4: starting Gurobi solver
Step-5: Gurobi solver finished
+++++++++++++++++++++++++++++++++++++++++++++++++++++++++++++++++++++++++++++++++++++++++++

solution_summary(scuc) = solution_summary(; result = 1, verbose = false)
├ solver_name          : Gurobi
├ Termination
│ ├ termination_status : OPTIMAL
│ ├ result_count       : 7
│ ├ raw_status         : Model was solved to optimality (subject to tolerances), and an optimal solution is available.
│ └ objective_bound    : 3.61644e+06
├ Solution (result = 1)
│ ├ primal_status        : FEASIBLE_POINT
│ ├ dual_status          : NO_SOLUTION
│ ├ objective_value      : 3.68208e+06
│ └ relative_gap         : 1.78254e-02
└ Work counters
  ├ solve_time (sec)   : 3.00900e+00
  ├ simplex_iterations : 17102
  ├ barrier_iterations : 0
  └ node_count         : 1


Termination Status: OPTIMAL
Acceptable solution found (Status: OPTIMAL).
Step-6: record datas
PART1: [unit-commitment] calculation result has been saved to: D:\GithubClonefiles\module_unitcommitment\.worktrees\108_168h\output\pcm_com4_loadall_h168_20260823_210543\smooth\clu_ovl\r01\output/details_schedule_results/pcm_simulation_results/intervels_[1]/res_schedule_commitment_result.txt
PART1: [unit-commitment] calculation result has been saved to: D:\GithubClonefiles\module_unitcommitment\.worktrees\108_168h\output\pcm_com4_loadall_h168_20260823_210543\smooth\clu_ovl\r01\output/details_schedule_results/pcm_simulation_results/intervels_[1]/res_schedule_commitment_result.txt
PART1: [unit-commitment] calculation result has been saved to: D:\GithubClonefiles\module_unitcommitment\.worktrees\108_168h\output\pcm_com4_loadall_h168_20260823_210543\smooth\clu_ovl\r01\output/details_schedule_results/pcm_simulation_results/intervels_[1]/res_schedule_commitment_result.txt
Step-3: Creating dispatching model (Refactored & Modularized)
  Clustered PCM: 108 physical units -> 31 equivalent units (71.3% state reduction; 108 units in non-singleton clusters)
    5-point output grid is infeasible; retrying this window with 17 points
  Clustered PCM: 108 physical units -> 31 equivalent units (71.3% state reduction; 108 units in non-singleton clusters)
    Refined output grid is infeasible; entering continuous residence-power diagnosis
  Clustered PCM: 108 physical units -> 31 equivalent units (71.3% state reduction; 108 units in non-singleton clusters)
  ⚠ True clustered UC failed at cluster_master: INFEASIBLE; falling back to full unit-network SCUC
	 Variables defined.
DEBUG set_objective_economic!: NT=36, NG=108, ND=91, NW=20, NS=1, K=3, size(refcost)=(108,), size(eachslope)=(3, 108)
objective_function
	MILP economic objective set
subject to.
	 constraints: 1) minimum shutup/shutdown time limits			 done
	 constraints: 2) binary variable logic					 done
	 constraints: 3) shutup/shutdown cost					 done
	 constraints: 4) loadcurtailments and spoliedwinds			 done
	 constraints: 5) generatos power limits					 done
	 constraints: 6) system reserves limits					 done
	 constraints: 7) power balance constraints				 done
	 constraints: 8) ramp-up/ramp-down constraints				 done
	 constraints: 9) piece linearization constraints			 done
	 constraints: 10) transmissionline limits skipped (is_NetWorkCon != 1 or Gsdf missing or NL=0)
	 constraints: 11) stroges system constraints skipped (NC=0 or variables not defined)
	 constraints: 12) data centra constraints skipped (is_ConsiderDataCentra != 1)
	 constraints: 13) frequency control constraints skipped (is_ConsiderFrequencyControl != 1)
	 constraints: 14) hydro power limits					 done
+++++++++++++++++++++++++++++++++++++++++++++++++++++++++++++++++++++++++++++++++++++++++++
Step-4: starting Gurobi solver
Step-5: Gurobi solver finished
+++++++++++++++++++++++++++++++++++++++++++++++++++++++++++++++++++++++++++++++++++++++++++

solution_summary(scuc) = solution_summary(; result = 1, verbose = false)
├ solver_name          : Gurobi
├ Termination
│ ├ termination_status : OPTIMAL
│ ├ result_count       : 1
│ ├ raw_status         : Model was solved to optimality (subject to tolerances), and an optimal solution is available.
│ └ objective_bound    : 1.36153e+16
├ Solution (result = 1)
│ ├ primal_status        : FEASIBLE_POINT
│ ├ dual_status          : NO_SOLUTION
│ ├ objective_value      : 1.36153e+16
│ └ relative_gap         : 1.14625e-09
└ Work counters
  ├ solve_time (sec)   : 6.32000e-01
  ├ simplex_iterations : 0
  ├ barrier_iterations : 0
  └ node_count         : 0


Termination Status: OPTIMAL
Acceptable solution found (Status: OPTIMAL).
Step-6: record datas
PART1: [unit-commitment] calculation result has been saved to: D:\GithubClonefiles\module_unitcommitment\.worktrees\108_168h\output\pcm_com4_loadall_h168_20260823_210543\smooth\clu_ovl\r01\output/details_schedule_results/pcm_simulation_results/intervels_[1]/res_schedule_commitment_result.txt
Step-3: Creating dispatching model (Refactored & Modularized)
  Clustered PCM: 108 physical units -> 31 equivalent units (71.3% state reduction; 108 units in non-singleton clusters)
    5-point output grid is infeasible; retrying this window with 17 points
  Clustered PCM: 108 physical units -> 31 equivalent units (71.3% state reduction; 108 units in non-singleton clusters)
    Refined output grid is infeasible; entering continuous residence-power diagnosis
  Clustered PCM: 108 physical units -> 31 equivalent units (71.3% state reduction; 108 units in non-singleton clusters)
  ⚠ True clustered UC failed at cluster_master: INFEASIBLE; falling back to full unit-network SCUC
	 Variables defined.
DEBUG set_objective_economic!: NT=36, NG=108, ND=91, NW=20, NS=1, K=3, size(refcost)=(108,), size(eachslope)=(3, 108)
objective_function
	MILP economic objective set
subject to.
	 constraints: 1) minimum shutup/shutdown time limits			 done
	 constraints: 2) binary variable logic					 done
	 constraints: 3) shutup/shutdown cost					 done
	 constraints: 4) loadcurtailments and spoliedwinds			 done
	 constraints: 5) generatos power limits					 done
	 constraints: 6) system reserves limits					 done
	 constraints: 7) power balance constraints				 done
	 constraints: 8) ramp-up/ramp-down constraints				 done
	 constraints: 9) piece linearization constraints			 done
	 constraints: 10) transmissionline limits skipped (is_NetWorkCon != 1 or Gsdf missing or NL=0)
	 constraints: 11) stroges system constraints skipped (NC=0 or variables not defined)
	 constraints: 12) data centra constraints skipped (is_ConsiderDataCentra != 1)
	 constraints: 13) frequency control constraints skipped (is_ConsiderFrequencyControl != 1)
	 constraints: 14) hydro power limits					 done
+++++++++++++++++++++++++++++++++++++++++++++++++++++++++++++++++++++++++++++++++++++++++++
Step-4: starting Gurobi solver
Step-5: Gurobi solver finished
+++++++++++++++++++++++++++++++++++++++++++++++++++++++++++++++++++++++++++++++++++++++++++

solution_summary(scuc) = solution_summary(; result = 1, verbose = false)
├ solver_name          : Gurobi
├ Termination
│ ├ termination_status : OPTIMAL
│ ├ result_count       : 1
│ ├ raw_status         : Model was solved to optimality (subject to tolerances), and an optimal solution is available.
│ └ objective_bound    : 1.36153e+16
├ Solution (result = 1)
│ ├ primal_status        : FEASIBLE_POINT
│ ├ dual_status          : NO_SOLUTION
│ ├ objective_value      : 1.36153e+16
│ └ relative_gap         : 1.14625e-09
└ Work counters
  ├ solve_time (sec)   : 6.03000e-01
  ├ simplex_iterations : 0
  ├ barrier_iterations : 0
  └ node_count         : 0


Termination Status: OPTIMAL
Acceptable solution found (Status: OPTIMAL).
Step-6: record datas
PART1: [unit-commitment] calculation result has been saved to: D:\GithubClonefiles\module_unitcommitment\.worktrees\108_168h\output\pcm_com4_loadall_h168_20260823_210543\smooth\clu_ovl\r01\output/details_schedule_results/pcm_simulation_results/intervels_[1]/res_schedule_commitment_result.txt
PART1: [unit-commitment] calculation result has been saved to: D:\GithubClonefiles\module_unitcommitment\.worktrees\108_168h\output\pcm_com4_loadall_h168_20260823_210543\smooth\clu_ovl\r01\output/details_schedule_results/pcm_simulation_results/intervels_[1]/res_schedule_commitment_result.txt
Step-3: Creating dispatching model (Refactored & Modularized)
  Clustered PCM: 108 physical units -> 31 equivalent units (71.3% state reduction; 108 units in non-singleton clusters)
    5-point output grid is infeasible; retrying this window with 17 points
  Clustered PCM: 108 physical units -> 31 equivalent units (71.3% state reduction; 108 units in non-singleton clusters)
    Refined output grid is infeasible; entering continuous residence-power diagnosis
  Clustered PCM: 108 physical units -> 31 equivalent units (71.3% state reduction; 108 units in non-singleton clusters)
  ⚠ True clustered UC failed at cluster_master: INFEASIBLE; falling back to full unit-network SCUC
	 Variables defined.
DEBUG set_objective_economic!: NT=26, NG=108, ND=91, NW=20, NS=1, K=3, size(refcost)=(108,), size(eachslope)=(3, 108)
objective_function
	MILP economic objective set
subject to.
	 constraints: 1) minimum shutup/shutdown time limits			 done
	 constraints: 2) binary variable logic					 done
	 constraints: 3) shutup/shutdown cost					 done
	 constraints: 4) loadcurtailments and spoliedwinds			 done
	 constraints: 5) generatos power limits					 done
	 constraints: 6) system reserves limits					 done
	 constraints: 7) power balance constraints				 done
	 constraints: 8) ramp-up/ramp-down constraints				 done
	 constraints: 9) piece linearization constraints			 done
	 constraints: 10) transmissionline limits skipped (is_NetWorkCon != 1 or Gsdf missing or NL=0)
	 constraints: 11) stroges system constraints skipped (NC=0 or variables not defined)
	 constraints: 12) data centra constraints skipped (is_ConsiderDataCentra != 1)
	 constraints: 13) frequency control constraints skipped (is_ConsiderFrequencyControl != 1)
	 constraints: 14) hydro power limits					 done
+++++++++++++++++++++++++++++++++++++++++++++++++++++++++++++++++++++++++++++++++++++++++++
Step-4: starting Gurobi solver
Step-5: Gurobi solver finished
+++++++++++++++++++++++++++++++++++++++++++++++++++++++++++++++++++++++++++++++++++++++++++

solution_summary(scuc) = solution_summary(; result = 1, verbose = false)
├ solver_name          : Gurobi
├ Termination
│ ├ termination_status : OPTIMAL
│ ├ result_count       : 1
│ ├ raw_status         : Model was solved to optimality (subject to tolerances), and an optimal solution is available.
│ └ objective_bound    : 1.36153e+16
├ Solution (result = 1)
│ ├ primal_status        : FEASIBLE_POINT
│ ├ dual_status          : NO_SOLUTION
│ ├ objective_value      : 1.36153e+16
│ └ relative_gap         : 1.02141e-09
└ Work counters
  ├ solve_time (sec)   : 5.00000e-01
  ├ simplex_iterations : 0
  ├ barrier_iterations : 0
  └ node_count         : 0


Termination Status: OPTIMAL
Acceptable solution found (Status: OPTIMAL).
Step-6: record datas
PART1: [unit-commitment] calculation result has been saved to: D:\GithubClonefiles\module_unitcommitment\.worktrees\108_168h\output\pcm_com4_loadall_h168_20260823_210543\smooth\clu_ovl\r01\output/details_schedule_results/pcm_simulation_results/intervels_[1]/res_schedule_commitment_result.txt
PART1: [unit-commitment] calculation result has been saved to: D:\GithubClonefiles\module_unitcommitment\.worktrees\108_168h\output\pcm_com4_loadall_h168_20260823_210543\smooth\clu_ovl\r01\output/details_schedule_results/pcm_simulation_results/intervels_[1]/res_schedule_commitment_result.txt
Step-3: Creating dispatching model (Refactored & Modularized)
  Clustered PCM: 108 physical units -> 31 equivalent units (71.3% state reduction; 108 units in non-singleton clusters)
    5-point output grid is infeasible; retrying this window with 17 points
  Clustered PCM: 108 physical units -> 31 equivalent units (71.3% state reduction; 108 units in non-singleton clusters)
    Refined output grid is infeasible; entering continuous residence-power diagnosis
  Clustered PCM: 108 physical units -> 31 equivalent units (71.3% state reduction; 108 units in non-singleton clusters)
  ⚠ True clustered UC failed at cluster_master: INFEASIBLE; falling back to full unit-network SCUC
	 Variables defined.
DEBUG set_objective_economic!: NT=31, NG=108, ND=91, NW=20, NS=1, K=3, size(refcost)=(108,), size(eachslope)=(3, 108)
objective_function
	MILP economic objective set
subject to.
	 constraints: 1) minimum shutup/shutdown time limits			 done
	 constraints: 2) binary variable logic					 done
	 constraints: 3) shutup/shutdown cost					 done
	 constraints: 4) loadcurtailments and spoliedwinds			 done
	 constraints: 5) generatos power limits					 done
	 constraints: 6) system reserves limits					 done
	 constraints: 7) power balance constraints				 done
	 constraints: 8) ramp-up/ramp-down constraints				 done
	 constraints: 9) piece linearization constraints			 done
	 constraints: 10) transmissionline limits skipped (is_NetWorkCon != 1 or Gsdf missing or NL=0)
	 constraints: 11) stroges system constraints skipped (NC=0 or variables not defined)
	 constraints: 12) data centra constraints skipped (is_ConsiderDataCentra != 1)
	 constraints: 13) frequency control constraints skipped (is_ConsiderFrequencyControl != 1)
	 constraints: 14) hydro power limits					 done
+++++++++++++++++++++++++++++++++++++++++++++++++++++++++++++++++++++++++++++++++++++++++++
Step-4: starting Gurobi solver
Step-5: Gurobi solver finished
+++++++++++++++++++++++++++++++++++++++++++++++++++++++++++++++++++++++++++++++++++++++++++

solution_summary(scuc) = solution_summary(; result = 1, verbose = false)
├ solver_name          : Gurobi
├ Termination
│ ├ termination_status : OPTIMAL
│ ├ result_count       : 1
│ ├ raw_status         : Model was solved to optimality (subject to tolerances), and an optimal solution is available.
│ └ objective_bound    : 1.36153e+16
├ Solution (result = 1)
│ ├ primal_status        : FEASIBLE_POINT
│ ├ dual_status          : NO_SOLUTION
│ ├ objective_value      : 1.36153e+16
│ └ relative_gap         : 1.08876e-09
└ Work counters
  ├ solve_time (sec)   : 5.17000e-01
  ├ simplex_iterations : 0
  ├ barrier_iterations : 0
  └ node_count         : 0


Termination Status: OPTIMAL
Acceptable solution found (Status: OPTIMAL).
Step-6: record datas
PART1: [unit-commitment] calculation result has been saved to: D:\GithubClonefiles\module_unitcommitment\.worktrees\108_168h\output\pcm_com4_loadall_h168_20260823_210543\smooth\clu_ovl\r01\output/details_schedule_results/pcm_simulation_results/intervels_[1]/res_schedule_commitment_result.txt
PART1: [unit-commitment] calculation result has been saved to: D:\GithubClonefiles\module_unitcommitment\.worktrees\108_168h\output\pcm_com4_loadall_h168_20260823_210543\smooth\clu_ovl\r01\output/details_schedule_results/pcm_simulation_results/intervels_[1]/res_schedule_commitment_result.txt
PART1: [unit-commitment] calculation result has been saved to: D:\GithubClonefiles\module_unitcommitment\.worktrees\108_168h\output\pcm_com4_loadall_h168_20260823_210543\smooth\clu_ovl\r01\output/details_schedule_results/pcm_simulation_results/intervels_[1]/res_schedule_commitment_result.txt
Step-3: Creating dispatching model (Refactored & Modularized)
  Clustered PCM: 108 physical units -> 31 equivalent units (71.3% state reduction; 108 units in non-singleton clusters)
    5-point output grid is infeasible; retrying this window with 17 points
  Clustered PCM: 108 physical units -> 31 equivalent units (71.3% state reduction; 108 units in non-singleton clusters)
    Refined output grid is infeasible; entering continuous residence-power diagnosis
  Clustered PCM: 108 physical units -> 31 equivalent units (71.3% state reduction; 108 units in non-singleton clusters)
  ⚠ True clustered UC failed at cluster_master: INFEASIBLE; falling back to full unit-network SCUC
	 Variables defined.
DEBUG set_objective_economic!: NT=36, NG=108, ND=91, NW=20, NS=1, K=3, size(refcost)=(108,), size(eachslope)=(3, 108)
objective_function
	MILP economic objective set
subject to.
	 constraints: 1) minimum shutup/shutdown time limits			 done
	 constraints: 2) binary variable logic					 done
	 constraints: 3) shutup/shutdown cost					 done
	 constraints: 4) loadcurtailments and spoliedwinds			 done
	 constraints: 5) generatos power limits					 done
	 constraints: 6) system reserves limits					 done
	 constraints: 7) power balance constraints				 done
	 constraints: 8) ramp-up/ramp-down constraints				 done
	 constraints: 9) piece linearization constraints			 done
	 constraints: 10) transmissionline limits skipped (is_NetWorkCon != 1 or Gsdf missing or NL=0)
Set parameter Username
Set parameter LicenseID to value 2826524
Academic license - for non-commercial use only - expires 2027-05-22
Set parameter Username
Set parameter LicenseID to value 2826524
Academic license - for non-commercial use only - expires 2027-05-22
Set parameter Username
Set parameter LicenseID to value 2826524
Academic license - for non-commercial use only - expires 2027-05-22
Set parameter Username
Set parameter LicenseID to value 2826524
Academic license - for non-commercial use only - expires 2027-05-22
Set parameter Username
Set parameter LicenseID to value 2826524
Academic license - for non-commercial use only - expires 2027-05-22
Set parameter Username
Set parameter LicenseID to value 2826524
Academic license - for non-commercial use only - expires 2027-05-22
Set parameter Username
Set parameter LicenseID to value 2826524
Academic license - for non-commercial use only - expires 2027-05-22
Set parameter Username
Set parameter LicenseID to value 2826524
Academic license - for non-commercial use only - expires 2027-05-22
Set parameter Username
Set parameter LicenseID to value 2826524
Academic license - for non-commercial use only - expires 2027-05-22
Set parameter Username
Set parameter LicenseID to value 2826524
Academic license - for non-commercial use only - expires 2027-05-22
Set parameter Username
Set parameter LicenseID to value 2826524
Academic license - for non-commercial use only - expires 2027-05-22
Set parameter Username
Set parameter LicenseID to value 2826524
Academic license - for non-commercial use only - expires 2027-05-22
Set parameter Username
Set parameter LicenseID to value 2826524
Academic license - for non-commercial use only - expires 2027-05-22
Set parameter Username
Set parameter LicenseID to value 2826524
Academic license - for non-commercial use only - expires 2027-05-22
Set parameter Username
Set parameter LicenseID to value 2826524
Academic license - for non-commercial use only - expires 2027-05-22
Set parameter Username
Set parameter LicenseID to value 2826524
Academic license - for non-commercial use only - expires 2027-05-22
Set parameter Username
Set parameter LicenseID to value 2826524
Academic license - for non-commercial use only - expires 2027-05-22
Set parameter Username
Set parameter LicenseID to value 2826524
Academic license - for non-commercial use only - expires 2027-05-22
Set parameter Username
Set parameter LicenseID to value 2826524
Academic license - for non-commercial use only - expires 2027-05-22
Set parameter Username
Set parameter LicenseID to value 2826524
Academic license - for non-commercial use only - expires 2027-05-22
Set parameter Username
Set parameter LicenseID to value 2826524
Academic license - for non-commercial use only - expires 2027-05-22
Set parameter Username
Set parameter LicenseID to value 2826524
Academic license - for non-commercial use only - expires 2027-05-22
Set parameter Username
Set parameter LicenseID to value 2826524
Academic license - for non-commercial use only - expires 2027-05-22
Set parameter Username
Set parameter LicenseID to value 2826524
Academic license - for non-commercial use only - expires 2027-05-22
Set parameter Username
Set parameter LicenseID to value 2826524
Academic license - for non-commercial use only - expires 2027-05-22
Set parameter Username
Set parameter LicenseID to value 2826524
Academic license - for non-commercial use only - expires 2027-05-22
Set parameter Username
Set parameter LicenseID to value 2826524
Academic license - for non-commercial use only - expires 2027-05-22
Set parameter Username
Set parameter LicenseID to value 2826524
Academic license - for non-commercial use only - expires 2027-05-22
Set parameter Username
Set parameter LicenseID to value 2826524
Academic license - for non-commercial use only - expires 2027-05-22
Set parameter Username
Set parameter LicenseID to value 2826524
Academic license - for non-commercial use only - expires 2027-05-22
Set parameter Username
Set parameter LicenseID to value 2826524
Academic license - for non-commercial use only - expires 2027-05-22
Set parameter Username
Set parameter LicenseID to value 2826524
Academic license - for non-commercial use only - expires 2027-05-22
Set parameter Username
Set parameter LicenseID to value 2826524
Academic license - for non-commercial use only - expires 2027-05-22
Set parameter Username
Set parameter LicenseID to value 2826524
Academic license - for non-commercial use only - expires 2027-05-22
Set parameter Username
Set parameter LicenseID to value 2826524
Academic license - for non-commercial use only - expires 2027-05-22
Set parameter Username
Set parameter LicenseID to value 2826524
Academic license - for non-commercial use only - expires 2027-05-22
Set parameter Username
Set parameter LicenseID to value 2826524
Academic license - for non-commercial use only - expires 2027-05-22
Set parameter Username
Set parameter LicenseID to value 2826524
Academic license - for non-commercial use only - expires 2027-05-22
	 constraints: 11) stroges system constraints skipped (NC=0 or variables not defined)
	 constraints: 12) data centra constraints skipped (is_ConsiderDataCentra != 1)
	 constraints: 13) frequency control constraints skipped (is_ConsiderFrequencyControl != 1)
	 constraints: 14) hydro power limits					 done
+++++++++++++++++++++++++++++++++++++++++++++++++++++++++++++++++++++++++++++++++++++++++++
Step-4: starting Gurobi solver
Step-5: Gurobi solver finished
+++++++++++++++++++++++++++++++++++++++++++++++++++++++++++++++++++++++++++++++++++++++++++

solution_summary(scuc) = solution_summary(; result = 1, verbose = false)
├ solver_name          : Gurobi
├ Termination
│ ├ termination_status : OPTIMAL
│ ├ result_count       : 1
│ ├ raw_status         : Model was solved to optimality (subject to tolerances), and an optimal solution is available.
│ └ objective_bound    : 2.21860e+16
├ Solution (result = 1)
│ ├ primal_status        : FEASIBLE_POINT
│ ├ dual_status          : NO_SOLUTION
│ ├ objective_value      : 2.21860e+16
│ └ relative_gap         : 7.00826e-10
└ Work counters
  ├ solve_time (sec)   : 5.95000e-01
  ├ simplex_iterations : 0
  ├ barrier_iterations : 0
  └ node_count         : 0


Termination Status: OPTIMAL
Acceptable solution found (Status: OPTIMAL).
Step-6: record datas
PART1: [unit-commitment] calculation result has been saved to: D:\GithubClonefiles\module_unitcommitment\.worktrees\108_168h\output\pcm_com4_loadall_h168_20260823_210543\smooth\clu_ovl\r01\output/details_schedule_results/pcm_simulation_results/intervels_[1]/res_schedule_commitment_result.txt
Step-3: Creating dispatching model (Refactored & Modularized)
  Clustered PCM: 108 physical units -> 31 equivalent units (71.3% state reduction; 108 units in non-singleton clusters)
    5-point output grid is infeasible; retrying this window with 17 points
  Clustered PCM: 108 physical units -> 31 equivalent units (71.3% state reduction; 108 units in non-singleton clusters)
    Refined output grid is infeasible; entering continuous residence-power diagnosis
  Clustered PCM: 108 physical units -> 31 equivalent units (71.3% state reduction; 108 units in non-singleton clusters)
  ⚠ True clustered UC failed at cluster_master: INFEASIBLE; falling back to full unit-network SCUC
	 Variables defined.
DEBUG set_objective_economic!: NT=36, NG=108, ND=91, NW=20, NS=1, K=3, size(refcost)=(108,), size(eachslope)=(3, 108)
objective_function
	MILP economic objective set
subject to.
	 constraints: 1) minimum shutup/shutdown time limits			 done
	 constraints: 2) binary variable logic					 done
	 constraints: 3) shutup/shutdown cost					 done
	 constraints: 4) loadcurtailments and spoliedwinds			 done
	 constraints: 5) generatos power limits					 done
	 constraints: 6) system reserves limits					 done
	 constraints: 7) power balance constraints				 done
	 constraints: 8) ramp-up/ramp-down constraints				 done
	 constraints: 9) piece linearization constraints			 done
	 constraints: 10) transmissionline limits skipped (is_NetWorkCon != 1 or Gsdf missing or NL=0)
	 constraints: 11) stroges system constraints skipped (NC=0 or variables not defined)
	 constraints: 12) data centra constraints skipped (is_ConsiderDataCentra != 1)
	 constraints: 13) frequency control constraints skipped (is_ConsiderFrequencyControl != 1)
	 constraints: 14) hydro power limits					 done
+++++++++++++++++++++++++++++++++++++++++++++++++++++++++++++++++++++++++++++++++++++++++++
Step-4: starting Gurobi solver
Step-5: Gurobi solver finished
+++++++++++++++++++++++++++++++++++++++++++++++++++++++++++++++++++++++++++++++++++++++++++

solution_summary(scuc) = solution_summary(; result = 1, verbose = false)
├ solver_name          : Gurobi
├ Termination
│ ├ termination_status : OPTIMAL
│ ├ result_count       : 1
│ ├ raw_status         : Model was solved to optimality (subject to tolerances), and an optimal solution is available.
│ └ objective_bound    : 2.21860e+16
├ Solution (result = 1)
│ ├ primal_status        : FEASIBLE_POINT
│ ├ dual_status          : NO_SOLUTION
│ ├ objective_value      : 2.21860e+16
│ └ relative_gap         : 7.00826e-10
└ Work counters
  ├ solve_time (sec)   : 5.98000e-01
  ├ simplex_iterations : 0
  ├ barrier_iterations : 0
  └ node_count         : 0


Termination Status: OPTIMAL
Acceptable solution found (Status: OPTIMAL).
Step-6: record datas
PART1: [unit-commitment] calculation result has been saved to: D:\GithubClonefiles\module_unitcommitment\.worktrees\108_168h\output\pcm_com4_loadall_h168_20260823_210543\smooth\clu_ovl\r01\output/details_schedule_results/pcm_simulation_results/intervels_[1]/res_schedule_commitment_result.txt
PART1: [unit-commitment] calculation result has been saved to: D:\GithubClonefiles\module_unitcommitment\.worktrees\108_168h\output\pcm_com4_loadall_h168_20260823_210543\smooth\clu_ovl\r01\output/details_schedule_results/pcm_simulation_results/intervels_[1]/res_schedule_commitment_result.txt
Step-3: Creating dispatching model (Refactored & Modularized)
  Clustered PCM: 108 physical units -> 31 equivalent units (71.3% state reduction; 108 units in non-singleton clusters)
    5-point output grid is infeasible; retrying this window with 17 points
  Clustered PCM: 108 physical units -> 31 equivalent units (71.3% state reduction; 108 units in non-singleton clusters)
    Refined output grid is infeasible; entering continuous residence-power diagnosis
  Clustered PCM: 108 physical units -> 31 equivalent units (71.3% state reduction; 108 units in non-singleton clusters)
  ⚠ True clustered UC failed at cluster_master: INFEASIBLE; falling back to full unit-network SCUC
	 Variables defined.
DEBUG set_objective_economic!: NT=26, NG=108, ND=91, NW=20, NS=1, K=3, size(refcost)=(108,), size(eachslope)=(3, 108)
objective_function
	MILP economic objective set
subject to.
	 constraints: 1) minimum shutup/shutdown time limits			 done
	 constraints: 2) binary variable logic					 done
	 constraints: 3) shutup/shutdown cost					 done
	 constraints: 4) loadcurtailments and spoliedwinds			 done
	 constraints: 5) generatos power limits					 done
	 constraints: 6) system reserves limits					 done
	 constraints: 7) power balance constraints				 done
	 constraints: 8) ramp-up/ramp-down constraints				 done
	 constraints: 9) piece linearization constraints			 done
	 constraints: 10) transmissionline limits skipped (is_NetWorkCon != 1 or Gsdf missing or NL=0)
	 constraints: 11) stroges system constraints skipped (NC=0 or variables not defined)
	 constraints: 12) data centra constraints skipped (is_ConsiderDataCentra != 1)
	 constraints: 13) frequency control constraints skipped (is_ConsiderFrequencyControl != 1)
	 constraints: 14) hydro power limits					 done
+++++++++++++++++++++++++++++++++++++++++++++++++++++++++++++++++++++++++++++++++++++++++++
Step-4: starting Gurobi solver
Step-5: Gurobi solver finished
+++++++++++++++++++++++++++++++++++++++++++++++++++++++++++++++++++++++++++++++++++++++++++

solution_summary(scuc) = solution_summary(; result = 1, verbose = false)
├ solver_name          : Gurobi
├ Termination
│ ├ termination_status : OPTIMAL
│ ├ result_count       : 1
│ ├ raw_status         : Model was solved to optimality (subject to tolerances), and an optimal solution is available.
│ └ objective_bound    : 2.21860e+16
├ Solution (result = 1)
│ ├ primal_status        : FEASIBLE_POINT
│ ├ dual_status          : NO_SOLUTION
│ ├ objective_value      : 2.21860e+16
│ └ relative_gap         : 6.25917e-10
└ Work counters
  ├ solve_time (sec)   : 4.98000e-01
  ├ simplex_iterations : 0
  ├ barrier_iterations : 0
  └ node_count         : 0


Termination Status: OPTIMAL
Acceptable solution found (Status: OPTIMAL).
Step-6: record datas
PART1: [unit-commitment] calculation result has been saved to: D:\GithubClonefiles\module_unitcommitment\.worktrees\108_168h\output\pcm_com4_loadall_h168_20260823_210543\smooth\clu_ovl\r01\output/details_schedule_results/pcm_simulation_results/intervels_[1]/res_schedule_commitment_result.txt
PART1: [unit-commitment] calculation result has been saved to: D:\GithubClonefiles\module_unitcommitment\.worktrees\108_168h\output\pcm_com4_loadall_h168_20260823_210543\smooth\clu_ovl\r01\output/details_schedule_results/pcm_simulation_results/intervels_[1]/res_schedule_commitment_result.txt
Step-3: Creating dispatching model (Refactored & Modularized)
  Clustered PCM: 108 physical units -> 31 equivalent units (71.3% state reduction; 108 units in non-singleton clusters)
    5-point output grid is infeasible; retrying this window with 17 points
  Clustered PCM: 108 physical units -> 31 equivalent units (71.3% state reduction; 108 units in non-singleton clusters)
    Refined output grid is infeasible; entering continuous residence-power diagnosis
  Clustered PCM: 108 physical units -> 31 equivalent units (71.3% state reduction; 108 units in non-singleton clusters)
  ⚠ True clustered UC failed at cluster_master: INFEASIBLE; falling back to full unit-network SCUC
	 Variables defined.
DEBUG set_objective_economic!: NT=31, NG=108, ND=91, NW=20, NS=1, K=3, size(refcost)=(108,), size(eachslope)=(3, 108)
objective_function
	MILP economic objective set
subject to.
	 constraints: 1) minimum shutup/shutdown time limits			 done
	 constraints: 2) binary variable logic					 done
	 constraints: 3) shutup/shutdown cost					 done
	 constraints: 4) loadcurtailments and spoliedwinds			 done
	 constraints: 5) generatos power limits					 done
	 constraints: 6) system reserves limits					 done
	 constraints: 7) power balance constraints				 done
	 constraints: 8) ramp-up/ramp-down constraints				 done
	 constraints: 9) piece linearization constraints			 done
	 constraints: 10) transmissionline limits skipped (is_NetWorkCon != 1 or Gsdf missing or NL=0)
	 constraints: 11) stroges system constraints skipped (NC=0 or variables not defined)
	 constraints: 12) data centra constraints skipped (is_ConsiderDataCentra != 1)
	 constraints: 13) frequency control constraints skipped (is_ConsiderFrequencyControl != 1)
	 constraints: 14) hydro power limits					 done
+++++++++++++++++++++++++++++++++++++++++++++++++++++++++++++++++++++++++++++++++++++++++++
Step-4: starting Gurobi solver
Step-5: Gurobi solver finished
+++++++++++++++++++++++++++++++++++++++++++++++++++++++++++++++++++++++++++++++++++++++++++

solution_summary(scuc) = solution_summary(; result = 1, verbose = false)
├ solver_name          : Gurobi
├ Termination
│ ├ termination_status : OPTIMAL
│ ├ result_count       : 1
│ ├ raw_status         : Model was solved to optimality (subject to tolerances), and an optimal solution is available.
│ └ objective_bound    : 2.21860e+16
├ Solution (result = 1)
│ ├ primal_status        : FEASIBLE_POINT
│ ├ dual_status          : NO_SOLUTION
│ ├ objective_value      : 2.21860e+16
│ └ relative_gap         : 6.63292e-10
└ Work counters
  ├ solve_time (sec)   : 5.17000e-01
  ├ simplex_iterations : 0
  ├ barrier_iterations : 0
  └ node_count         : 0


Termination Status: OPTIMAL
Acceptable solution found (Status: OPTIMAL).
Step-6: record datas
PART1: [unit-commitment] calculation result has been saved to: D:\GithubClonefiles\module_unitcommitment\.worktrees\108_168h\output\pcm_com4_loadall_h168_20260823_210543\smooth\clu_ovl\r01\output/details_schedule_results/pcm_simulation_results/intervels_[1]/res_schedule_commitment_result.txt
PART1: [unit-commitment] calculation result has been saved to: D:\GithubClonefiles\module_unitcommitment\.worktrees\108_168h\output\pcm_com4_loadall_h168_20260823_210543\smooth\clu_ovl\r01\output/details_schedule_results/pcm_simulation_results/intervels_[1]/res_schedule_commitment_result.txt
PART1: [unit-commitment] calculation result has been saved to: D:\GithubClonefiles\module_unitcommitment\.worktrees\108_168h\output\pcm_com4_loadall_h168_20260823_210543\smooth\clu_ovl\r01\output/details_schedule_results/pcm_simulation_results/intervels_[1]/res_schedule_commitment_result.txt
Step-3: Creating dispatching model (Refactored & Modularized)
  Clustered PCM: 108 physical units -> 31 equivalent units (71.3% state reduction; 108 units in non-singleton clusters)
    5-point output grid is infeasible; retrying this window with 17 points
  Clustered PCM: 108 physical units -> 31 equivalent units (71.3% state reduction; 108 units in non-singleton clusters)
    Refined output grid is infeasible; entering continuous residence-power diagnosis
  Clustered PCM: 108 physical units -> 31 equivalent units (71.3% state reduction; 108 units in non-singleton clusters)
  ⚠ True clustered UC failed at cluster_master: INFEASIBLE; falling back to full unit-network SCUC
	 Variables defined.
DEBUG set_objective_economic!: NT=36, NG=108, ND=91, NW=20, NS=1, K=3, size(refcost)=(108,), size(eachslope)=(3, 108)
objective_function
	MILP economic objective set
subject to.
	 constraints: 1) minimum shutup/shutdown time limits			 done
	 constraints: 2) binary variable logic					 done
	 constraints: 3) shutup/shutdown cost					 done
	 constraints: 4) loadcurtailments and spoliedwinds			 done
	 constraints: 5) generatos power limits					 done
	 constraints: 6) system reserves limits					 done
	 constraints: 7) power balance constraints				 done
	 constraints: 8) ramp-up/ramp-down constraints				 done
	 constraints: 9) piece linearization constraints			 done
	 constraints: 10) transmissionline limits skipped (is_NetWorkCon != 1 or Gsdf missing or NL=0)
	 constraints: 11) stroges system constraints skipped (NC=0 or variables not defined)
	 constraints: 12) data centra constraints skipped (is_ConsiderDataCentra != 1)
	 constraints: 13) frequency control constraints skipped (is_ConsiderFrequencyControl != 1)
	 constraints: 14) hydro power limits					 done
+++++++++++++++++++++++++++++++++++++++++++++++++++++++++++++++++++++++++++++++++++++++++++
Step-4: starting Gurobi solver
Step-5: Gurobi solver finished
+++++++++++++++++++++++++++++++++++++++++++++++++++++++++++++++++++++++++++++++++++++++++++

solution_summary(scuc) = solution_summary(; result = 1, verbose = false)
├ solver_name          : Gurobi
├ Termination
│ ├ termination_status : OPTIMAL
│ ├ result_count       : 1
│ ├ raw_status         : Model was solved to optimality (subject to tolerances), and an optimal solution is available.
│ └ objective_bound    : 4.11574e+16
├ Solution (result = 1)
│ ├ primal_status        : FEASIBLE_POINT
│ ├ dual_status          : NO_SOLUTION
│ ├ objective_value      : 4.11574e+16
│ └ relative_gap         : 3.75276e-10
└ Work counters
  ├ solve_time (sec)   : 5.91000e-01
  ├ simplex_iterations : 0
  ├ barrier_iterations : 0
  └ node_count         : 0


Termination Status: OPTIMAL
Acceptable solution found (Status: OPTIMAL).
Step-6: record datas
PART1: [unit-commitment] calculation result has been saved to: D:\GithubClonefiles\module_unitcommitment\.worktrees\108_168h\output\pcm_com4_loadall_h168_20260823_210543\smooth\clu_ovl\r01\output/details_schedule_results/pcm_simulation_results/intervels_[1]/res_schedule_commitment_result.txt
Step-3: Creating dispatching model (Refactored & Modularized)
  Clustered PCM: 108 physical units -> 31 equivalent units (71.3% state reduction; 108 units in non-singleton clusters)
    5-point output grid is infeasible; retrying this window with 17 points
  Clustered PCM: 108 physical units -> 31 equivalent units (71.3% state reduction; 108 units in non-singleton clusters)
    Refined output grid is infeasible; entering continuous residence-power diagnosis
  Clustered PCM: 108 physical units -> 31 equivalent units (71.3% state reduction; 108 units in non-singleton clusters)
  ⚠ True clustered UC failed at cluster_master: INFEASIBLE; falling back to full unit-network SCUC
	 Variables defined.
DEBUG set_objective_economic!: NT=36, NG=108, ND=91, NW=20, NS=1, K=3, size(refcost)=(108,), size(eachslope)=(3, 108)
objective_function
	MILP economic objective set
subject to.
	 constraints: 1) minimum shutup/shutdown time limits			 done
	 constraints: 2) binary variable logic					 done
	 constraints: 3) shutup/shutdown cost					 done
	 constraints: 4) loadcurtailments and spoliedwinds			 done
	 constraints: 5) generatos power limits					 done
	 constraints: 6) system reserves limits					 done
	 constraints: 7) power balance constraints				 done
	 constraints: 8) ramp-up/ramp-down constraints				 done
	 constraints: 9) piece linearization constraints			 done
	 constraints: 10) transmissionline limits skipped (is_NetWorkCon != 1 or Gsdf missing or NL=0)
	 constraints: 11) stroges system constraints skipped (NC=0 or variables not defined)
	 constraints: 12) data centra constraints skipped (is_ConsiderDataCentra != 1)
	 constraints: 13) frequency control constraints skipped (is_ConsiderFrequencyControl != 1)
	 constraints: 14) hydro power limits					 done
+++++++++++++++++++++++++++++++++++++++++++++++++++++++++++++++++++++++++++++++++++++++++++
Step-4: starting Gurobi solver
Step-5: Gurobi solver finished
+++++++++++++++++++++++++++++++++++++++++++++++++++++++++++++++++++++++++++++++++++++++++++

solution_summary(scuc) = solution_summary(; result = 1, verbose = false)
├ solver_name          : Gurobi
├ Termination
│ ├ termination_status : OPTIMAL
│ ├ result_count       : 1
│ ├ raw_status         : Model was solved to optimality (subject to tolerances), and an optimal solution is available.
│ └ objective_bound    : 4.11574e+16
├ Solution (result = 1)
│ ├ primal_status        : FEASIBLE_POINT
│ ├ dual_status          : NO_SOLUTION
│ ├ objective_value      : 4.11574e+16
│ └ relative_gap         : 3.75276e-10
└ Work counters
  ├ solve_time (sec)   : 6.01000e-01
  ├ simplex_iterations : 0
  ├ barrier_iterations : 0
  └ node_count         : 0


Termination Status: OPTIMAL
Acceptable solution found (Status: OPTIMAL).
Step-6: record datas
PART1: [unit-commitment] calculation result has been saved to: D:\GithubClonefiles\module_unitcommitment\.worktrees\108_168h\output\pcm_com4_loadall_h168_20260823_210543\smooth\clu_ovl\r01\output/details_schedule_results/pcm_simulation_results/intervels_[1]/res_schedule_commitment_result.txt
PART1: [unit-commitment] calculation result has been saved to: D:\GithubClonefiles\module_unitcommitment\.worktrees\108_168h\output\pcm_com4_loadall_h168_20260823_210543\smooth\clu_ovl\r01\output/details_schedule_results/pcm_simulation_results/intervels_[1]/res_schedule_commitment_result.txt
Step-3: Creating dispatching model (Refactored & Modularized)
  Clustered PCM: 108 physical units -> 31 equivalent units (71.3% state reduction; 108 units in non-singleton clusters)
    5-point output grid is infeasible; retrying this window with 17 points
  Clustered PCM: 108 physical units -> 31 equivalent units (71.3% state reduction; 108 units in non-singleton clusters)
    Refined output grid is infeasible; entering continuous residence-power diagnosis
  Clustered PCM: 108 physical units -> 31 equivalent units (71.3% state reduction; 108 units in non-singleton clusters)
  ⚠ True clustered UC failed at cluster_master: INFEASIBLE; falling back to full unit-network SCUC
	 Variables defined.
DEBUG set_objective_economic!: NT=26, NG=108, ND=91, NW=20, NS=1, K=3, size(refcost)=(108,), size(eachslope)=(3, 108)
objective_function
	MILP economic objective set
subject to.
	 constraints: 1) minimum shutup/shutdown time limits			 done
	 constraints: 2) binary variable logic					 done
	 constraints: 3) shutup/shutdown cost					 done
	 constraints: 4) loadcurtailments and spoliedwinds			 done
	 constraints: 5) generatos power limits					 done
	 constraints: 6) system reserves limits					 done
	 constraints: 7) power balance constraints				 done
	 constraints: 8) ramp-up/ramp-down constraints				 done
	 constraints: 9) piece linearization constraints			 done
	 constraints: 10) transmissionline limits skipped (is_NetWorkCon != 1 or Gsdf missing or NL=0)
	 constraints: 11) stroges system constraints skipped (NC=0 or variables not defined)
	 constraints: 12) data centra constraints skipped (is_ConsiderDataCentra != 1)
	 constraints: 13) frequency control constraints skipped (is_ConsiderFrequencyControl != 1)
	 constraints: 14) hydro power limits					 done
+++++++++++++++++++++++++++++++++++++++++++++++++++++++++++++++++++++++++++++++++++++++++++
Step-4: starting Gurobi solver
Step-5: Gurobi solver finished
+++++++++++++++++++++++++++++++++++++++++++++++++++++++++++++++++++++++++++++++++++++++++++

solution_summary(scuc) = solution_summary(; result = 1, verbose = false)
├ solver_name          : Gurobi
├ Termination
│ ├ termination_status : OPTIMAL
│ ├ result_count       : 1
│ ├ raw_status         : Model was solved to optimality (subject to tolerances), and an optimal solution is available.
│ └ objective_bound    : 4.11574e+16
├ Solution (result = 1)
│ ├ primal_status        : FEASIBLE_POINT
│ ├ dual_status          : NO_SOLUTION
│ ├ objective_value      : 4.11574e+16
│ └ relative_gap         : 3.36029e-10
└ Work counters
  ├ solve_time (sec)   : 5.11000e-01
  ├ simplex_iterations : 0
  ├ barrier_iterations : 0
  └ node_count         : 0


Termination Status: OPTIMAL
Acceptable solution found (Status: OPTIMAL).
Step-6: record datas
PART1: [unit-commitment] calculation result has been saved to: D:\GithubClonefiles\module_unitcommitment\.worktrees\108_168h\output\pcm_com4_loadall_h168_20260823_210543\smooth\clu_ovl\r01\output/details_schedule_results/pcm_simulation_results/intervels_[1]/res_schedule_commitment_result.txt
PART1: [unit-commitment] calculation result has been saved to: D:\GithubClonefiles\module_unitcommitment\.worktrees\108_168h\output\pcm_com4_loadall_h168_20260823_210543\smooth\clu_ovl\r01\output/details_schedule_results/pcm_simulation_results/intervels_[1]/res_schedule_commitment_result.txt
Step-3: Creating dispatching model (Refactored & Modularized)
  Clustered PCM: 108 physical units -> 31 equivalent units (71.3% state reduction; 108 units in non-singleton clusters)
    5-point output grid is infeasible; retrying this window with 17 points
  Clustered PCM: 108 physical units -> 31 equivalent units (71.3% state reduction; 108 units in non-singleton clusters)
    Refined output grid is infeasible; entering continuous residence-power diagnosis
  Clustered PCM: 108 physical units -> 31 equivalent units (71.3% state reduction; 108 units in non-singleton clusters)
  ⚠ True clustered UC failed at cluster_master: INFEASIBLE; falling back to full unit-network SCUC
	 Variables defined.
DEBUG set_objective_economic!: NT=31, NG=108, ND=91, NW=20, NS=1, K=3, size(refcost)=(108,), size(eachslope)=(3, 108)
objective_function
	MILP economic objective set
subject to.
	 constraints: 1) minimum shutup/shutdown time limits			 done
	 constraints: 2) binary variable logic					 done
	 constraints: 3) shutup/shutdown cost					 done
	 constraints: 4) loadcurtailments and spoliedwinds			 done
	 constraints: 5) generatos power limits					 done
	 constraints: 6) system reserves limits					 done
	 constraints: 7) power balance constraints				 done
	 constraints: 8) ramp-up/ramp-down constraints				 done
	 constraints: 9) piece linearization constraints			 done
	 constraints: 10) transmissionline limits skipped (is_NetWorkCon != 1 or Gsdf missing or NL=0)
	 constraints: 11) stroges system constraints skipped (NC=0 or variables not defined)
	 constraints: 12) data centra constraints skipped (is_ConsiderDataCentra != 1)
	 constraints: 13) frequency control constraints skipped (is_ConsiderFrequencyControl != 1)
	 constraints: 14) hydro power limits					 done
+++++++++++++++++++++++++++++++++++++++++++++++++++++++++++++++++++++++++++++++++++++++++++
Step-4: starting Gurobi solver
Step-5: Gurobi solver finished
+++++++++++++++++++++++++++++++++++++++++++++++++++++++++++++++++++++++++++++++++++++++++++

solution_summary(scuc) = solution_summary(; result = 1, verbose = false)
├ solver_name          : Gurobi
├ Termination
│ ├ termination_status : OPTIMAL
│ ├ result_count       : 1
│ ├ raw_status         : Model was solved to optimality (subject to tolerances), and an optimal solution is available.
│ └ objective_bound    : 4.11574e+16
├ Solution (result = 1)
│ ├ primal_status        : FEASIBLE_POINT
│ ├ dual_status          : NO_SOLUTION
│ ├ objective_value      : 4.11574e+16
│ └ relative_gap         : 3.54861e-10
└ Work counters
  ├ solve_time (sec)   : 5.19000e-01
  ├ simplex_iterations : 0
  ├ barrier_iterations : 0
  └ node_count         : 0


Termination Status: OPTIMAL
Acceptable solution found (Status: OPTIMAL).
Step-6: record datas
PART1: [unit-commitment] calculation result has been saved to: D:\GithubClonefiles\module_unitcommitment\.worktrees\108_168h\output\pcm_com4_loadall_h168_20260823_210543\smooth\clu_ovl\r01\output/details_schedule_results/pcm_simulation_results/intervels_[1]/res_schedule_commitment_result.txt
PART1: [unit-commitment] calculation result has been saved to: D:\GithubClonefiles\module_unitcommitment\.worktrees\108_168h\output\pcm_com4_loadall_h168_20260823_210543\smooth\clu_ovl\r01\output/details_schedule_results/pcm_simulation_results/intervels_[1]/res_schedule_commitment_result.txt
PART1: [unit-commitment] calculation result has been saved to: D:\GithubClonefiles\module_unitcommitment\.worktrees\108_168h\output\pcm_com4_loadall_h168_20260823_210543\smooth\clu_ovl\r01\output/details_schedule_results/pcm_simulation_results/intervels_[1]/res_schedule_commitment_result.txt
Step-3: Creating dispatching model (Refactored & Modularized)
  Clustered PCM: 108 physical units -> 31 equivalent units (71.3% state reduction; 108 units in non-singleton clusters)
    5-point output grid is infeasible; retrying this window with 17 points
  Clustered PCM: 108 physical units -> 31 equivalent units (71.3% state reduction; 108 units in non-singleton clusters)
    Refined output grid is infeasible; entering continuous residence-power diagnosis
  Clustered PCM: 108 physical units -> 31 equivalent units (71.3% state reduction; 108 units in non-singleton clusters)
  ⚠ True clustered UC failed at cluster_master: INFEASIBLE; falling back to full unit-network SCUC
	 Variables defined.
DEBUG set_objective_economic!: NT=36, NG=108, ND=91, NW=20, NS=1, K=3, size(refcost)=(108,), size(eachslope)=(3, 108)
objective_function
	MILP economic objective set
subject to.
	 constraints: 1) minimum shutup/shutdown time limits			 done
	 constraints: 2) binary variable logic					 done
	 constraints: 3) shutup/shutdown cost					 done
	 constraints: 4) loadcurtailments and spoliedwinds			 done
	 constraints: 5) generatos power limits					 done
	 constraints: 6) system reserves limits					 done
	 constraints: 7) power balance constraints				 done
	 constraints: 8) ramp-up/ramp-down constraints				 done
	 constraints: 9) piece linearization constraints			 done
	 constraints: 10) transmissionline limits skipped (is_NetWorkCon != 1 or Gsdf missing or NL=0)
	 constraints: 11) stroges system constraints skipped (NC=0 or variables not defined)
	 constraints: 12) data centra constraints skipped (is_ConsiderDataCentra != 1)
	 constraints: 13) frequency control constraints skipped (is_ConsiderFrequencyControl != 1)
	 constraints: 14) hydro power limits					 done
+++++++++++++++++++++++++++++++++++++++++++++++++++++++++++++++++++++++++++++++++++++++++++
Step-4: starting Gurobi solver
Step-5: Gurobi solver finished
+++++++++++++++++++++++++++++++++++++++++++++++++++++++++++++++++++++++++++++++++++++++++++

solution_summary(scuc) = solution_summary(; result = 1, verbose = false)
├ solver_name          : Gurobi
├ Termination
│ ├ termination_status : OPTIMAL
│ ├ result_count       : 1
│ ├ raw_status         : Model was solved to optimality (subject to tolerances), and an optimal solution is available.
│ └ objective_bound    : 4.29069e+16
├ Solution (result = 1)
│ ├ primal_status        : FEASIBLE_POINT
│ ├ dual_status          : NO_SOLUTION
│ ├ objective_value      : 4.29069e+16
│ └ relative_gap         : 4.15848e-10
└ Work counters
  ├ solve_time (sec)   : 6.15000e-01
  ├ simplex_iterations : 0
  ├ barrier_iterations : 0
  └ node_count         : 0


Termination Status: OPTIMAL
Acceptable solution found (Status: OPTIMAL).
Step-6: record datas
PART1: [unit-commitment] calculation result has been saved to: D:\GithubClonefiles\module_unitcommitment\.worktrees\108_168h\output\pcm_com4_loadall_h168_20260823_210543\smooth\clu_ovl\r01\output/details_schedule_results/pcm_simulation_results/intervels_[1]/res_schedule_commitment_result.txt
Step-3: Creating dispatching model (Refactored & Modularized)
  Clustered PCM: 108 physical units -> 31 equivalent units (71.3% state reduction; 108 units in non-singleton clusters)
    5-point output grid is infeasible; retrying this window with 17 points
  Clustered PCM: 108 physical units -> 31 equivalent units (71.3% state reduction; 108 units in non-singleton clusters)
    Refined output grid is infeasible; entering continuous residence-power diagnosis
  Clustered PCM: 108 physical units -> 31 equivalent units (71.3% state reduction; 108 units in non-singleton clusters)
  ⚠ True clustered UC failed at cluster_master: INFEASIBLE; falling back to full unit-network SCUC
	 Variables defined.
DEBUG set_objective_economic!: NT=36, NG=108, ND=91, NW=20, NS=1, K=3, size(refcost)=(108,), size(eachslope)=(3, 108)
objective_function
	MILP economic objective set
subject to.
	 constraints: 1) minimum shutup/shutdown time limits			 done
	 constraints: 2) binary variable logic					 done
	 constraints: 3) shutup/shutdown cost					 done
	 constraints: 4) loadcurtailments and spoliedwinds			 done
	 constraints: 5) generatos power limits					 done
	 constraints: 6) system reserves limits					 done
	 constraints: 7) power balance constraints				 done
	 constraints: 8) ramp-up/ramp-down constraints				 done
	 constraints: 9) piece linearization constraints			 done
	 constraints: 10) transmissionline limits skipped (is_NetWorkCon != 1 or Gsdf missing or NL=0)
	 constraints: 11) stroges system constraints skipped (NC=0 or variables not defined)
	 constraints: 12) data centra constraints skipped (is_ConsiderDataCentra != 1)
	 constraints: 13) frequency control constraints skipped (is_ConsiderFrequencyControl != 1)
	 constraints: 14) hydro power limits					 done
+++++++++++++++++++++++++++++++++++++++++++++++++++++++++++++++++++++++++++++++++++++++++++
Step-4: starting Gurobi solver
Step-5: Gurobi solver finished
+++++++++++++++++++++++++++++++++++++++++++++++++++++++++++++++++++++++++++++++++++++++++++

solution_summary(scuc) = solution_summary(; result = 1, verbose = false)
├ solver_name          : Gurobi
├ Termination
│ ├ termination_status : OPTIMAL
│ ├ result_count       : 1
│ ├ raw_status         : Model was solved to optimality (subject to tolerances), and an optimal solution is available.
│ └ objective_bound    : 4.29069e+16
├ Solution (result = 1)
│ ├ primal_status        : FEASIBLE_POINT
│ ├ dual_status          : NO_SOLUTION
│ ├ objective_value      : 4.29069e+16
│ └ relative_gap         : 4.15848e-10
└ Work counters
  ├ solve_time (sec)   : 5.95000e-01
  ├ simplex_iterations : 0
  ├ barrier_iterations : 0
  └ node_count         : 0


Termination Status: OPTIMAL
Acceptable solution found (Status: OPTIMAL).
Step-6: record datas
PART1: [unit-commitment] calculation result has been saved to: D:\GithubClonefiles\module_unitcommitment\.worktrees\108_168h\output\pcm_com4_loadall_h168_20260823_210543\smooth\clu_ovl\r01\output/details_schedule_results/pcm_simulation_results/intervels_[1]/res_schedule_commitment_result.txt
PART1: [unit-commitment] calculation result has been saved to: D:\GithubClonefiles\module_unitcommitment\.worktrees\108_168h\output\pcm_com4_loadall_h168_20260823_210543\smooth\clu_ovl\r01\output/details_schedule_results/pcm_simulation_results/intervels_[1]/res_schedule_commitment_result.txt
Step-3: Creating dispatching model (Refactored & Modularized)
  Clustered PCM: 108 physical units -> 31 equivalent units (71.3% state reduction; 108 units in non-singleton clusters)
    5-point output grid is infeasible; retrying this window with 17 points
  Clustered PCM: 108 physical units -> 31 equivalent units (71.3% state reduction; 108 units in non-singleton clusters)
    Refined output grid is infeasible; entering continuous residence-power diagnosis
Set parameter Username
Set parameter LicenseID to value 2826524
Academic license - for non-commercial use only - expires 2027-05-22
Set parameter Username
Set parameter LicenseID to value 2826524
Academic license - for non-commercial use only - expires 2027-05-22
Set parameter Username
Set parameter LicenseID to value 2826524
Academic license - for non-commercial use only - expires 2027-05-22
Set parameter Username
Set parameter LicenseID to value 2826524
Academic license - for non-commercial use only - expires 2027-05-22
Set parameter Username
Set parameter LicenseID to value 2826524
Academic license - for non-commercial use only - expires 2027-05-22
Set parameter Username
Set parameter LicenseID to value 2826524
Academic license - for non-commercial use only - expires 2027-05-22
Set parameter Username
Set parameter LicenseID to value 2826524
Academic license - for non-commercial use only - expires 2027-05-22
Set parameter Username
Set parameter LicenseID to value 2826524
Academic license - for non-commercial use only - expires 2027-05-22
Set parameter Username
Set parameter LicenseID to value 2826524
Academic license - for non-commercial use only - expires 2027-05-22
Set parameter Username
Set parameter LicenseID to value 2826524
Academic license - for non-commercial use only - expires 2027-05-22
Set parameter Username
Set parameter LicenseID to value 2826524
Academic license - for non-commercial use only - expires 2027-05-22
Set parameter Username
Set parameter LicenseID to value 2826524
Academic license - for non-commercial use only - expires 2027-05-22
Set parameter Username
Set parameter LicenseID to value 2826524
Academic license - for non-commercial use only - expires 2027-05-22
Set parameter Username
Set parameter LicenseID to value 2826524
Academic license - for non-commercial use only - expires 2027-05-22
Set parameter Username
Set parameter LicenseID to value 2826524
Academic license - for non-commercial use only - expires 2027-05-22
Set parameter Username
Set parameter LicenseID to value 2826524
Academic license - for non-commercial use only - expires 2027-05-22
Set parameter Username
Set parameter LicenseID to value 2826524
Academic license - for non-commercial use only - expires 2027-05-22
Set parameter Username
Set parameter LicenseID to value 2826524
Academic license - for non-commercial use only - expires 2027-05-22
Set parameter Username
Set parameter LicenseID to value 2826524
Academic license - for non-commercial use only - expires 2027-05-22
Set parameter Username
Set parameter LicenseID to value 2826524
Academic license - for non-commercial use only - expires 2027-05-22
Set parameter Username
Set parameter LicenseID to value 2826524
Academic license - for non-commercial use only - expires 2027-05-22
Set parameter Username
Set parameter LicenseID to value 2826524
Academic license - for non-commercial use only - expires 2027-05-22
Set parameter Username
Set parameter LicenseID to value 2826524
Academic license - for non-commercial use only - expires 2027-05-22
Set parameter Username
Set parameter LicenseID to value 2826524
Academic license - for non-commercial use only - expires 2027-05-22
Set parameter Username
Set parameter LicenseID to value 2826524
Academic license - for non-commercial use only - expires 2027-05-22
Set parameter Username
Set parameter LicenseID to value 2826524
Academic license - for non-commercial use only - expires 2027-05-22
Set parameter Username
Set parameter LicenseID to value 2826524
Academic license - for non-commercial use only - expires 2027-05-22
Set parameter Username
Set parameter LicenseID to value 2826524
Academic license - for non-commercial use only - expires 2027-05-22
Set parameter Username
Set parameter LicenseID to value 2826524
Academic license - for non-commercial use only - expires 2027-05-22
Set parameter Username
Set parameter LicenseID to value 2826524
Academic license - for non-commercial use only - expires 2027-05-22
Set parameter Username
Set parameter LicenseID to value 2826524
Academic license - for non-commercial use only - expires 2027-05-22
Set parameter Username
Set parameter LicenseID to value 2826524
Academic license - for non-commercial use only - expires 2027-05-22
Set parameter Username
Set parameter LicenseID to value 2826524
Academic license - for non-commercial use only - expires 2027-05-22
Set parameter Username
Set parameter LicenseID to value 2826524
Academic license - for non-commercial use only - expires 2027-05-22
Set parameter Username
Set parameter LicenseID to value 2826524
Academic license - for non-commercial use only - expires 2027-05-22
Set parameter Username
Set parameter LicenseID to value 2826524
Academic license - for non-commercial use only - expires 2027-05-22
Set parameter Username
Set parameter LicenseID to value 2826524
Academic license - for non-commercial use only - expires 2027-05-22
Set parameter Username
Set parameter LicenseID to value 2826524
Academic license - for non-commercial use only - expires 2027-05-22
  Clustered PCM: 108 physical units -> 31 equivalent units (71.3% state reduction; 108 units in non-singleton clusters)
  ⚠ True clustered UC failed at cluster_master: INFEASIBLE; falling back to full unit-network SCUC
	 Variables defined.
DEBUG set_objective_economic!: NT=26, NG=108, ND=91, NW=20, NS=1, K=3, size(refcost)=(108,), size(eachslope)=(3, 108)
objective_function
	MILP economic objective set
subject to.
	 constraints: 1) minimum shutup/shutdown time limits			 done
	 constraints: 2) binary variable logic					 done
	 constraints: 3) shutup/shutdown cost					 done
	 constraints: 4) loadcurtailments and spoliedwinds			 done
	 constraints: 5) generatos power limits					 done
	 constraints: 6) system reserves limits					 done
	 constraints: 7) power balance constraints				 done
	 constraints: 8) ramp-up/ramp-down constraints				 done
	 constraints: 9) piece linearization constraints			 done
	 constraints: 10) transmissionline limits skipped (is_NetWorkCon != 1 or Gsdf missing or NL=0)
	 constraints: 11) stroges system constraints skipped (NC=0 or variables not defined)
	 constraints: 12) data centra constraints skipped (is_ConsiderDataCentra != 1)
	 constraints: 13) frequency control constraints skipped (is_ConsiderFrequencyControl != 1)
	 constraints: 14) hydro power limits					 done
+++++++++++++++++++++++++++++++++++++++++++++++++++++++++++++++++++++++++++++++++++++++++++
Step-4: starting Gurobi solver
Step-5: Gurobi solver finished
+++++++++++++++++++++++++++++++++++++++++++++++++++++++++++++++++++++++++++++++++++++++++++

solution_summary(scuc) = solution_summary(; result = 1, verbose = false)
├ solver_name          : Gurobi
├ Termination
│ ├ termination_status : OPTIMAL
│ ├ result_count       : 1
│ ├ raw_status         : Model was solved to optimality (subject to tolerances), and an optimal solution is available.
│ └ objective_bound    : 4.29069e+16
├ Solution (result = 1)
│ ├ primal_status        : FEASIBLE_POINT
│ ├ dual_status          : NO_SOLUTION
│ ├ objective_value      : 4.29069e+16
│ └ relative_gap         : 3.20544e-10
└ Work counters
  ├ solve_time (sec)   : 6.43000e-01
  ├ simplex_iterations : 0
  ├ barrier_iterations : 0
  └ node_count         : 0


Termination Status: OPTIMAL
Acceptable solution found (Status: OPTIMAL).
Step-6: record datas
PART1: [unit-commitment] calculation result has been saved to: D:\GithubClonefiles\module_unitcommitment\.worktrees\108_168h\output\pcm_com4_loadall_h168_20260823_210543\smooth\clu_ovl\r01\output/details_schedule_results/pcm_simulation_results/intervels_[1]/res_schedule_commitment_result.txt
PART1: [unit-commitment] calculation result has been saved to: D:\GithubClonefiles\module_unitcommitment\.worktrees\108_168h\output\pcm_com4_loadall_h168_20260823_210543\smooth\clu_ovl\r01\output/details_schedule_results/pcm_simulation_results/intervels_[1]/res_schedule_commitment_result.txt
Step-3: Creating dispatching model (Refactored & Modularized)
  Clustered PCM: 108 physical units -> 31 equivalent units (71.3% state reduction; 108 units in non-singleton clusters)
    5-point output grid is infeasible; retrying this window with 17 points
  Clustered PCM: 108 physical units -> 31 equivalent units (71.3% state reduction; 108 units in non-singleton clusters)
    Refined output grid is infeasible; entering continuous residence-power diagnosis
  Clustered PCM: 108 physical units -> 31 equivalent units (71.3% state reduction; 108 units in non-singleton clusters)
  ⚠ True clustered UC failed at cluster_master: INFEASIBLE; falling back to full unit-network SCUC
	 Variables defined.
DEBUG set_objective_economic!: NT=31, NG=108, ND=91, NW=20, NS=1, K=3, size(refcost)=(108,), size(eachslope)=(3, 108)
objective_function
	MILP economic objective set
subject to.
	 constraints: 1) minimum shutup/shutdown time limits			 done
	 constraints: 2) binary variable logic					 done
	 constraints: 3) shutup/shutdown cost					 done
	 constraints: 4) loadcurtailments and spoliedwinds			 done
	 constraints: 5) generatos power limits					 done
	 constraints: 6) system reserves limits					 done
	 constraints: 7) power balance constraints				 done
	 constraints: 8) ramp-up/ramp-down constraints				 done
	 constraints: 9) piece linearization constraints			 done
	 constraints: 10) transmissionline limits skipped (is_NetWorkCon != 1 or Gsdf missing or NL=0)
	 constraints: 11) stroges system constraints skipped (NC=0 or variables not defined)
	 constraints: 12) data centra constraints skipped (is_ConsiderDataCentra != 1)
	 constraints: 13) frequency control constraints skipped (is_ConsiderFrequencyControl != 1)
	 constraints: 14) hydro power limits					 done
+++++++++++++++++++++++++++++++++++++++++++++++++++++++++++++++++++++++++++++++++++++++++++
Step-4: starting Gurobi solver
Step-5: Gurobi solver finished
+++++++++++++++++++++++++++++++++++++++++++++++++++++++++++++++++++++++++++++++++++++++++++

solution_summary(scuc) = solution_summary(; result = 1, verbose = false)
├ solver_name          : Gurobi
├ Termination
│ ├ termination_status : OPTIMAL
│ ├ result_count       : 1
│ ├ raw_status         : Model was solved to optimality (subject to tolerances), and an optimal solution is available.
│ └ objective_bound    : 4.29069e+16
├ Solution (result = 1)
│ ├ primal_status        : FEASIBLE_POINT
│ ├ dual_status          : NO_SOLUTION
│ ├ objective_value      : 4.29069e+16
│ └ relative_gap         : 3.38588e-10
└ Work counters
  ├ solve_time (sec)   : 5.17000e-01
  ├ simplex_iterations : 0
  ├ barrier_iterations : 0
  └ node_count         : 0


Termination Status: OPTIMAL
Acceptable solution found (Status: OPTIMAL).
Step-6: record datas
PART1: [unit-commitment] calculation result has been saved to: D:\GithubClonefiles\module_unitcommitment\.worktrees\108_168h\output\pcm_com4_loadall_h168_20260823_210543\smooth\clu_ovl\r01\output/details_schedule_results/pcm_simulation_results/intervels_[1]/res_schedule_commitment_result.txt
PART1: [unit-commitment] calculation result has been saved to: D:\GithubClonefiles\module_unitcommitment\.worktrees\108_168h\output\pcm_com4_loadall_h168_20260823_210543\smooth\clu_ovl\r01\output/details_schedule_results/pcm_simulation_results/intervels_[1]/res_schedule_commitment_result.txt
PART1: [unit-commitment] calculation result has been saved to: D:\GithubClonefiles\module_unitcommitment\.worktrees\108_168h\output\pcm_com4_loadall_h168_20260823_210543\smooth\clu_ovl\r01\output/details_schedule_results/pcm_simulation_results/intervels_[1]/res_schedule_commitment_result.txt
Step-3: Creating dispatching model (Refactored & Modularized)
  Clustered PCM: 108 physical units -> 31 equivalent units (71.3% state reduction; 108 units in non-singleton clusters)
    5-point output grid is infeasible; retrying this window with 17 points
  Clustered PCM: 108 physical units -> 31 equivalent units (71.3% state reduction; 108 units in non-singleton clusters)
    Refined output grid is infeasible; entering continuous residence-power diagnosis
  Clustered PCM: 108 physical units -> 31 equivalent units (71.3% state reduction; 108 units in non-singleton clusters)
  ⚠ True clustered UC failed at cluster_master: INFEASIBLE; falling back to full unit-network SCUC
	 Variables defined.
DEBUG set_objective_economic!: NT=36, NG=108, ND=91, NW=20, NS=1, K=3, size(refcost)=(108,), size(eachslope)=(3, 108)
objective_function
	MILP economic objective set
subject to.
	 constraints: 1) minimum shutup/shutdown time limits			 done
	 constraints: 2) binary variable logic					 done
	 constraints: 3) shutup/shutdown cost					 done
	 constraints: 4) loadcurtailments and spoliedwinds			 done
	 constraints: 5) generatos power limits					 done
	 constraints: 6) system reserves limits					 done
	 constraints: 7) power balance constraints				 done
	 constraints: 8) ramp-up/ramp-down constraints				 done
	 constraints: 9) piece linearization constraints			 done
	 constraints: 10) transmissionline limits skipped (is_NetWorkCon != 1 or Gsdf missing or NL=0)
	 constraints: 11) stroges system constraints skipped (NC=0 or variables not defined)
	 constraints: 12) data centra constraints skipped (is_ConsiderDataCentra != 1)
	 constraints: 13) frequency control constraints skipped (is_ConsiderFrequencyControl != 1)
	 constraints: 14) hydro power limits					 done
+++++++++++++++++++++++++++++++++++++++++++++++++++++++++++++++++++++++++++++++++++++++++++
Step-4: starting Gurobi solver
Step-5: Gurobi solver finished
+++++++++++++++++++++++++++++++++++++++++++++++++++++++++++++++++++++++++++++++++++++++++++

solution_summary(scuc) = solution_summary(; result = 1, verbose = false)
├ solver_name          : Gurobi
├ Termination
│ ├ termination_status : OPTIMAL
│ ├ result_count       : 1
│ ├ raw_status         : Model was solved to optimality (subject to tolerances), and an optimal solution is available.
│ └ objective_bound    : 3.60340e+16
├ Solution (result = 1)
│ ├ primal_status        : FEASIBLE_POINT
│ ├ dual_status          : NO_SOLUTION
│ ├ objective_value      : 3.60340e+16
│ └ relative_gap         : 6.02518e-10
└ Work counters
  ├ solve_time (sec)   : 5.97000e-01
  ├ simplex_iterations : 0
  ├ barrier_iterations : 0
  └ node_count         : 0


Termination Status: OPTIMAL
Acceptable solution found (Status: OPTIMAL).
Step-6: record datas
PART1: [unit-commitment] calculation result has been saved to: D:\GithubClonefiles\module_unitcommitment\.worktrees\108_168h\output\pcm_com4_loadall_h168_20260823_210543\smooth\clu_ovl\r01\output/details_schedule_results/pcm_simulation_results/intervels_[1]/res_schedule_commitment_result.txt
Step-3: Creating dispatching model (Refactored & Modularized)
  Clustered PCM: 108 physical units -> 31 equivalent units (71.3% state reduction; 108 units in non-singleton clusters)
    5-point output grid is infeasible; retrying this window with 17 points
  Clustered PCM: 108 physical units -> 31 equivalent units (71.3% state reduction; 108 units in non-singleton clusters)
    Refined output grid is infeasible; entering continuous residence-power diagnosis
  Clustered PCM: 108 physical units -> 31 equivalent units (71.3% state reduction; 108 units in non-singleton clusters)
  ⚠ True clustered UC failed at cluster_master: INFEASIBLE; falling back to full unit-network SCUC
	 Variables defined.
DEBUG set_objective_economic!: NT=36, NG=108, ND=91, NW=20, NS=1, K=3, size(refcost)=(108,), size(eachslope)=(3, 108)
objective_function
	MILP economic objective set
subject to.
	 constraints: 1) minimum shutup/shutdown time limits			 done
	 constraints: 2) binary variable logic					 done
	 constraints: 3) shutup/shutdown cost					 done
	 constraints: 4) loadcurtailments and spoliedwinds			 done
	 constraints: 5) generatos power limits					 done
	 constraints: 6) system reserves limits					 done
	 constraints: 7) power balance constraints				 done
	 constraints: 8) ramp-up/ramp-down constraints				 done
	 constraints: 9) piece linearization constraints			 done
	 constraints: 10) transmissionline limits skipped (is_NetWorkCon != 1 or Gsdf missing or NL=0)
	 constraints: 11) stroges system constraints skipped (NC=0 or variables not defined)
	 constraints: 12) data centra constraints skipped (is_ConsiderDataCentra != 1)
	 constraints: 13) frequency control constraints skipped (is_ConsiderFrequencyControl != 1)
	 constraints: 14) hydro power limits					 done
+++++++++++++++++++++++++++++++++++++++++++++++++++++++++++++++++++++++++++++++++++++++++++
Step-4: starting Gurobi solver
Step-5: Gurobi solver finished
+++++++++++++++++++++++++++++++++++++++++++++++++++++++++++++++++++++++++++++++++++++++++++

solution_summary(scuc) = solution_summary(; result = 1, verbose = false)
├ solver_name          : Gurobi
├ Termination
│ ├ termination_status : OPTIMAL
│ ├ result_count       : 1
│ ├ raw_status         : Model was solved to optimality (subject to tolerances), and an optimal solution is available.
│ └ objective_bound    : 3.60340e+16
├ Solution (result = 1)
│ ├ primal_status        : FEASIBLE_POINT
│ ├ dual_status          : NO_SOLUTION
│ ├ objective_value      : 3.60340e+16
│ └ relative_gap         : 6.02518e-10
└ Work counters
  ├ solve_time (sec)   : 6.38000e-01
  ├ simplex_iterations : 0
  ├ barrier_iterations : 0
  └ node_count         : 0


Termination Status: OPTIMAL
Acceptable solution found (Status: OPTIMAL).
Step-6: record datas
PART1: [unit-commitment] calculation result has been saved to: D:\GithubClonefiles\module_unitcommitment\.worktrees\108_168h\output\pcm_com4_loadall_h168_20260823_210543\smooth\clu_ovl\r01\output/details_schedule_results/pcm_simulation_results/intervels_[1]/res_schedule_commitment_result.txt
PART1: [unit-commitment] calculation result has been saved to: D:\GithubClonefiles\module_unitcommitment\.worktrees\108_168h\output\pcm_com4_loadall_h168_20260823_210543\smooth\clu_ovl\r01\output/details_schedule_results/pcm_simulation_results/intervels_[1]/res_schedule_commitment_result.txt
Step-3: Creating dispatching model (Refactored & Modularized)
  Clustered PCM: 108 physical units -> 31 equivalent units (71.3% state reduction; 108 units in non-singleton clusters)
    5-point output grid is infeasible; retrying this window with 17 points
  Clustered PCM: 108 physical units -> 31 equivalent units (71.3% state reduction; 108 units in non-singleton clusters)
    Refined output grid is infeasible; entering continuous residence-power diagnosis
  Clustered PCM: 108 physical units -> 31 equivalent units (71.3% state reduction; 108 units in non-singleton clusters)
  ⚠ True clustered UC failed at cluster_master: INFEASIBLE; falling back to full unit-network SCUC
	 Variables defined.
DEBUG set_objective_economic!: NT=26, NG=108, ND=91, NW=20, NS=1, K=3, size(refcost)=(108,), size(eachslope)=(3, 108)
objective_function
	MILP economic objective set
subject to.
	 constraints: 1) minimum shutup/shutdown time limits			 done
	 constraints: 2) binary variable logic					 done
	 constraints: 3) shutup/shutdown cost					 done
	 constraints: 4) loadcurtailments and spoliedwinds			 done
	 constraints: 5) generatos power limits					 done
	 constraints: 6) system reserves limits					 done
	 constraints: 7) power balance constraints				 done
	 constraints: 8) ramp-up/ramp-down constraints				 done
	 constraints: 9) piece linearization constraints			 done
	 constraints: 10) transmissionline limits skipped (is_NetWorkCon != 1 or Gsdf missing or NL=0)
	 constraints: 11) stroges system constraints skipped (NC=0 or variables not defined)
	 constraints: 12) data centra constraints skipped (is_ConsiderDataCentra != 1)
	 constraints: 13) frequency control constraints skipped (is_ConsiderFrequencyControl != 1)
	 constraints: 14) hydro power limits					 done
+++++++++++++++++++++++++++++++++++++++++++++++++++++++++++++++++++++++++++++++++++++++++++
Step-4: starting Gurobi solver
Step-5: Gurobi solver finished
+++++++++++++++++++++++++++++++++++++++++++++++++++++++++++++++++++++++++++++++++++++++++++

solution_summary(scuc) = solution_summary(; result = 1, verbose = false)
├ solver_name          : Gurobi
├ Termination
│ ├ termination_status : OPTIMAL
│ ├ result_count       : 1
│ ├ raw_status         : Model was solved to optimality (subject to tolerances), and an optimal solution is available.
│ └ objective_bound    : 3.60340e+16
├ Solution (result = 1)
│ ├ primal_status        : FEASIBLE_POINT
│ ├ dual_status          : NO_SOLUTION
│ ├ objective_value      : 3.60340e+16
│ └ relative_gap         : 3.80458e-10
└ Work counters
  ├ solve_time (sec)   : 4.80000e-01
  ├ simplex_iterations : 0
  ├ barrier_iterations : 0
  └ node_count         : 0


Termination Status: OPTIMAL
Acceptable solution found (Status: OPTIMAL).
Step-6: record datas
PART1: [unit-commitment] calculation result has been saved to: D:\GithubClonefiles\module_unitcommitment\.worktrees\108_168h\output\pcm_com4_loadall_h168_20260823_210543\smooth\clu_ovl\r01\output/details_schedule_results/pcm_simulation_results/intervels_[1]/res_schedule_commitment_result.txt
PART1: [unit-commitment] calculation result has been saved to: D:\GithubClonefiles\module_unitcommitment\.worktrees\108_168h\output\pcm_com4_loadall_h168_20260823_210543\smooth\clu_ovl\r01\output/details_schedule_results/pcm_simulation_results/intervels_[1]/res_schedule_commitment_result.txt
Step-3: Creating dispatching model (Refactored & Modularized)
  Clustered PCM: 108 physical units -> 31 equivalent units (71.3% state reduction; 108 units in non-singleton clusters)
    5-point output grid is infeasible; retrying this window with 17 points
  Clustered PCM: 108 physical units -> 31 equivalent units (71.3% state reduction; 108 units in non-singleton clusters)
    Refined output grid is infeasible; entering continuous residence-power diagnosis
  Clustered PCM: 108 physical units -> 31 equivalent units (71.3% state reduction; 108 units in non-singleton clusters)
  ⚠ True clustered UC failed at cluster_master: INFEASIBLE; falling back to full unit-network SCUC
	 Variables defined.
DEBUG set_objective_economic!: NT=31, NG=108, ND=91, NW=20, NS=1, K=3, size(refcost)=(108,), size(eachslope)=(3, 108)
objective_function
	MILP economic objective set
subject to.
	 constraints: 1) minimum shutup/shutdown time limits			 done
	 constraints: 2) binary variable logic					 done
	 constraints: 3) shutup/shutdown cost					 done
	 constraints: 4) loadcurtailments and spoliedwinds			 done
	 constraints: 5) generatos power limits					 done
	 constraints: 6) system reserves limits					 done
	 constraints: 7) power balance constraints				 done
	 constraints: 8) ramp-up/ramp-down constraints				 done
	 constraints: 9) piece linearization constraints			 done
	 constraints: 10) transmissionline limits skipped (is_NetWorkCon != 1 or Gsdf missing or NL=0)
	 constraints: 11) stroges system constraints skipped (NC=0 or variables not defined)
	 constraints: 12) data centra constraints skipped (is_ConsiderDataCentra != 1)
	 constraints: 13) frequency control constraints skipped (is_ConsiderFrequencyControl != 1)
	 constraints: 14) hydro power limits					 done
+++++++++++++++++++++++++++++++++++++++++++++++++++++++++++++++++++++++++++++++++++++++++++
Step-4: starting Gurobi solver
Step-5: Gurobi solver finished
+++++++++++++++++++++++++++++++++++++++++++++++++++++++++++++++++++++++++++++++++++++++++++

solution_summary(scuc) = solution_summary(; result = 1, verbose = false)
├ solver_name          : Gurobi
├ Termination
│ ├ termination_status : OPTIMAL
│ ├ result_count       : 1
│ ├ raw_status         : Model was solved to optimality (subject to tolerances), and an optimal solution is available.
│ └ objective_bound    : 3.60340e+16
├ Solution (result = 1)
│ ├ primal_status        : FEASIBLE_POINT
│ ├ dual_status          : NO_SOLUTION
│ ├ objective_value      : 3.60340e+16
│ └ relative_gap         : 4.00443e-10
└ Work counters
  ├ solve_time (sec)   : 5.07000e-01
  ├ simplex_iterations : 0
  ├ barrier_iterations : 0
  └ node_count         : 0


Termination Status: OPTIMAL
Acceptable solution found (Status: OPTIMAL).
Step-6: record datas
PART1: [unit-commitment] calculation result has been saved to: D:\GithubClonefiles\module_unitcommitment\.worktrees\108_168h\output\pcm_com4_loadall_h168_20260823_210543\smooth\clu_ovl\r01\output/details_schedule_results/pcm_simulation_results/intervels_[1]/res_schedule_commitment_result.txt
PART1: [unit-commitment] calculation result has been saved to: D:\GithubClonefiles\module_unitcommitment\.worktrees\108_168h\output\pcm_com4_loadall_h168_20260823_210543\smooth\clu_ovl\r01\output/details_schedule_results/pcm_simulation_results/intervels_[1]/res_schedule_commitment_result.txt
PART1: [unit-commitment] calculation result has been saved to: D:\GithubClonefiles\module_unitcommitment\.worktrees\108_168h\output\pcm_com4_loadall_h168_20260823_210543\smooth\clu_ovl\r01\output/details_schedule_results/pcm_simulation_results/intervels_[1]/res_schedule_commitment_result.txt
Step-3: Creating dispatching model (Refactored & Modularized)
  Clustered PCM: 108 physical units -> 31 equivalent units (71.3% state reduction; 108 units in non-singleton clusters)
    5-point output grid is infeasible; retrying this window with 17 points
  Clustered PCM: 108 physical units -> 31 equivalent units (71.3% state reduction; 108 units in non-singleton clusters)
    Refined output grid is infeasible; entering continuous residence-power diagnosis
  Clustered PCM: 108 physical units -> 31 equivalent units (71.3% state reduction; 108 units in non-singleton clusters)
  ⚠ True clustered UC failed at cluster_master: INFEASIBLE; falling back to full unit-network SCUC
	 Variables defined.
DEBUG set_objective_economic!: NT=36, NG=108, ND=91, NW=20, NS=1, K=3, size(refcost)=(108,), size(eachslope)=(3, 108)
objective_function
	MILP economic objective set
subject to.
	 constraints: 1) minimum shutup/shutdown time limits			 done
	 constraints: 2) binary variable logic					 done
	 constraints: 3) shutup/shutdown cost					 done
	 constraints: 4) loadcurtailments and spoliedwinds			 done
	 constraints: 5) generatos power limits					 done
	 constraints: 6) system reserves limits					 done
	 constraints: 7) power balance constraints				 done
	 constraints: 8) ramp-up/ramp-down constraints				 done
	 constraints: 9) piece linearization constraints			 done
	 constraints: 10) transmissionline limits skipped (is_NetWorkCon != 1 or Gsdf missing or NL=0)
	 constraints: 11) stroges system constraints skipped (NC=0 or variables not defined)
	 constraints: 12) data centra constraints skipped (is_ConsiderDataCentra != 1)
	 constraints: 13) frequency control constraints skipped (is_ConsiderFrequencyControl != 1)
	 constraints: 14) hydro power limits					 done
+++++++++++++++++++++++++++++++++++++++++++++++++++++++++++++++++++++++++++++++++++++++++++
Step-4: starting Gurobi solver
Step-5: Gurobi solver finished
+++++++++++++++++++++++++++++++++++++++++++++++++++++++++++++++++++++++++++++++++++++++++++

solution_summary(scuc) = solution_summary(; result = 1, verbose = false)
├ solver_name          : Gurobi
├ Termination
│ ├ termination_status : OPTIMAL
│ ├ result_count       : 1
│ ├ raw_status         : Model was solved to optimality (subject to tolerances), and an optimal solution is available.
│ └ objective_bound    : 3.07724e+16
├ Solution (result = 1)
│ ├ primal_status        : FEASIBLE_POINT
│ ├ dual_status          : NO_SOLUTION
│ ├ objective_value      : 3.07724e+16
│ └ relative_gap         : 8.36056e-10
└ Work counters
  ├ solve_time (sec)   : 6.56000e-01
  ├ simplex_iterations : 0
  ├ barrier_iterations : 0
  └ node_count         : 0


Termination Status: OPTIMAL
Acceptable solution found (Status: OPTIMAL).
Step-6: record datas
PART1: [unit-commitment] calculation result has been saved to: D:\GithubClonefiles\module_unitcommitment\.worktrees\108_168h\output\pcm_com4_loadall_h168_20260823_210543\smooth\clu_ovl\r01\output/details_schedule_results/pcm_simulation_results/intervels_[1]/res_schedule_commitment_result.txt
Step-3: Creating dispatching model (Refactored & Modularized)
  Clustered PCM: 108 physical units -> 31 equivalent units (71.3% state reduction; 108 units in non-singleton clusters)
    5-point output grid is infeasible; retrying this window with 17 points
  Clustered PCM: 108 physical units -> 31 equivalent units (71.3% state reduction; 108 units in non-singleton clusters)
    Refined output grid is infeasible; entering continuous residence-power diagnosis
  Clustered PCM: 108 physical units -> 31 equivalent units (71.3% state reduction; 108 units in non-singleton clusters)
  ⚠ True clustered UC failed at cluster_master: INFEASIBLE; falling back to full unit-network SCUC
	 Variables defined.
DEBUG set_objective_economic!: NT=36, NG=108, ND=91, NW=20, NS=1, K=3, size(refcost)=(108,), size(eachslope)=(3, 108)
objective_function
	MILP economic objective set
subject to.
	 constraints: 1) minimum shutup/shutdown time limits			 done
	 constraints: 2) binary variable logic					 done
	 constraints: 3) shutup/shutdown cost					 done
	 constraints: 4) loadcurtailments and spoliedwinds			 done
	 constraints: 5) generatos power limits					 done
	 constraints: 6) system reserves limits					 done
	 constraints: 7) power balance constraints				 done
	 constraints: 8) ramp-up/ramp-down constraints				 done
	 constraints: 9) piece linearization constraints			 done
	 constraints: 10) transmissionline limits skipped (is_NetWorkCon != 1 or Gsdf missing or NL=0)
	 constraints: 11) stroges system constraints skipped (NC=0 or variables not defined)
	 constraints: 12) data centra constraints skipped (is_ConsiderDataCentra != 1)
	 constraints: 13) frequency control constraints skipped (is_ConsiderFrequencyControl != 1)
	 constraints: 14) hydro power limits					 done
+++++++++++++++++++++++++++++++++++++++++++++++++++++++++++++++++++++++++++++++++++++++++++
Step-4: starting Gurobi solver
Step-5: Gurobi solver finished
+++++++++++++++++++++++++++++++++++++++++++++++++++++++++++++++++++++++++++++++++++++++++++

solution_summary(scuc) = solution_summary(; result = 1, verbose = false)
├ solver_name          : Gurobi
├ Termination
│ ├ termination_status : OPTIMAL
│ ├ result_count       : 1
│ ├ raw_status         : Model was solved to optimality (subject to tolerances), and an optimal solution is available.
│ └ objective_bound    : 3.07724e+16
├ Solution (result = 1)
│ ├ primal_status        : FEASIBLE_POINT
│ ├ dual_status          : NO_SOLUTION
│ ├ objective_value      : 3.07724e+16
│ └ relative_gap         : 8.36056e-10
└ Work counters
  ├ solve_time (sec)   : 6.12000e-01
  ├ simplex_iterations : 0
  ├ barrier_iterations : 0
  └ node_count         : 0


Termination Status: OPTIMAL
Acceptable solution found (Status: OPTIMAL).
Step-6: record datas
PART1: [unit-commitment] calculation result has been saved to: D:\GithubClonefiles\module_unitcommitment\.worktrees\108_168h\output\pcm_com4_loadall_h168_20260823_210543\smooth\clu_ovl\r01\output/details_schedule_results/pcm_simulation_results/intervels_[1]/res_schedule_commitment_result.txt
PART1: [unit-commitment] calculation result has been saved to: D:\GithubClonefiles\module_unitcommitment\.worktrees\108_168h\output\pcm_com4_loadall_h168_20260823_210543\smooth\clu_ovl\r01\output/details_schedule_results/pcm_simulation_results/intervels_[1]/res_schedule_commitment_result.txt
Step-3: Creating dispatching model (Refactored & Modularized)
  Clustered PCM: 108 physical units -> 31 equivalent units (71.3% state reduction; 108 units in non-singleton clusters)
    5-point output grid is infeasible; retrying this window with 17 points
  Clustered PCM: 108 physical units -> 31 equivalent units (71.3% state reduction; 108 units in non-singleton clusters)
    Refined output grid is infeasible; entering continuous residence-power diagnosis
  Clustered PCM: 108 physical units -> 31 equivalent units (71.3% state reduction; 108 units in non-singleton clusters)
  ⚠ True clustered UC failed at cluster_master: INFEASIBLE; falling back to full unit-network SCUC
	 Variables defined.
DEBUG set_objective_economic!: NT=26, NG=108, ND=91, NW=20, NS=1, K=3, size(refcost)=(108,), size(eachslope)=(3, 108)
objective_function
	MILP economic objective set
subject to.
	 constraints: 1) minimum shutup/shutdown time limits			 done
	 constraints: 2) binary variable logic					 done
	 constraints: 3) shutup/shutdown cost					 done
	 constraints: 4) loadcurtailments and spoliedwinds			 done
	 constraints: 5) generatos power limits					 done
	 constraints: 6) system reserves limits					 done
	 constraints: 7) power balance constraints				 done
	 constraints: 8) ramp-up/ramp-down constraints				 done
	 constraints: 9) piece linearization constraints			 done
	 constraints: 10) transmissionline limits skipped (is_NetWorkCon != 1 or Gsdf missing or NL=0)
	 constraints: 11) stroges system constraints skipped (NC=0 or variables not defined)
	 constraints: 12) data centra constraints skipped (is_ConsiderDataCentra != 1)
	 constraints: 13) frequency control constraints skipped (is_ConsiderFrequencyControl != 1)
	 constraints: 14) hydro power limits					 done
+++++++++++++++++++++++++++++++++++++++++++++++++++++++++++++++++++++++++++++++++++++++++++
Step-4: starting Gurobi solver
Step-5: Gurobi solver finished
+++++++++++++++++++++++++++++++++++++++++++++++++++++++++++++++++++++++++++++++++++++++++++

solution_summary(scuc) = solution_summary(; result = 1, verbose = false)
├ solver_name          : Gurobi
├ Termination
│ ├ termination_status : OPTIMAL
│ ├ result_count       : 1
│ ├ raw_status         : Model was solved to optimality (subject to tolerances), and an optimal solution is available.
│ └ objective_bound    : 3.07724e+16
├ Solution (result = 1)
│ ├ primal_status        : FEASIBLE_POINT
│ ├ dual_status          : NO_SOLUTION
│ ├ objective_value      : 3.07724e+16
│ └ relative_gap         : 4.42402e-10
└ Work counters
  ├ solve_time (sec)   : 5.04000e-01
  ├ simplex_iterations : 0
  ├ barrier_iterations : 0
  └ node_count         : 0


Termination Status: OPTIMAL
Acceptable solution found (Status: OPTIMAL).
Step-6: record datas
PART1: [unit-commitment] calculation result has been saved to: D:\GithubClonefiles\module_unitcommitment\.worktrees\108_168h\output\pcm_com4_loadall_h168_20260823_210543\smooth\clu_ovl\r01\output/details_schedule_results/pcm_simulation_results/intervels_[1]/res_schedule_commitment_result.txt
PART1: [unit-commitment] calculation result has been saved to: D:\GithubClonefiles\module_unitcommitment\.worktrees\108_168h\output\pcm_com4_loadall_h168_20260823_210543\smooth\clu_ovl\r01\output/details_schedule_results/pcm_simulation_results/intervels_[1]/res_schedule_commitment_result.txt
Step-3: Creating dispatching model (Refactored & Modularized)
  Clustered PCM: 108 physical units -> 31 equivalent units (71.3% state reduction; 108 units in non-singleton clusters)
    5-point output grid is infeasible; retrying this window with 17 points
  Clustered PCM: 108 physical units -> 31 equivalent units (71.3% state reduction; 108 units in non-singleton clusters)
    Refined output grid is infeasible; entering continuous residence-power diagnosis
  Clustered PCM: 108 physical units -> 31 equivalent units (71.3% state reduction; 108 units in non-singleton clusters)
  ⚠ True clustered UC failed at cluster_master: INFEASIBLE; falling back to full unit-network SCUC
	 Variables defined.
DEBUG set_objective_economic!: NT=31, NG=108, ND=91, NW=20, NS=1, K=3, size(refcost)=(108,), size(eachslope)=(3, 108)
objective_function
	MILP economic objective set
subject to.
	 constraints: 1) minimum shutup/shutdown time limits			 done
	 constraints: 2) binary variable logic					 done
	 constraints: 3) shutup/shutdown cost					 done
	 constraints: 4) loadcurtailments and spoliedwinds			 done
	 constraints: 5) generatos power limits					 done
	 constraints: 6) system reserves limits					 done
	 constraints: 7) power balance constraints				 done
	 constraints: 8) ramp-up/ramp-down constraints				 done
	 constraints: 9) piece linearization constraints			 done
	 constraints: 10) transmissionline limits skipped (is_NetWorkCon != 1 or Gsdf missing or NL=0)
	 constraints: 11) stroges system constraints skipped (NC=0 or variables not defined)
	 constraints: 12) data centra constraints skipped (is_ConsiderDataCentra != 1)
	 constraints: 13) frequency control constraints skipped (is_ConsiderFrequencyControl != 1)
	 constraints: 14) hydro power limits					 done
+++++++++++++++++++++++++++++++++++++++++++++++++++++++++++++++++++++++++++++++++++++++++++
Step-4: starting Gurobi solver
Step-5: Gurobi solver finished
+++++++++++++++++++++++++++++++++++++++++++++++++++++++++++++++++++++++++++++++++++++++++++

solution_summary(scuc) = Set parameter Username
Set parameter LicenseID to value 2826524
Academic license - for non-commercial use only - expires 2027-05-22
Set parameter Username
Set parameter LicenseID to value 2826524
Academic license - for non-commercial use only - expires 2027-05-22
Set parameter Username
Set parameter LicenseID to value 2826524
Academic license - for non-commercial use only - expires 2027-05-22
Set parameter Username
Set parameter LicenseID to value 2826524
Academic license - for non-commercial use only - expires 2027-05-22
Set parameter Username
Set parameter LicenseID to value 2826524
Academic license - for non-commercial use only - expires 2027-05-22
Set parameter Username
Set parameter LicenseID to value 2826524
Academic license - for non-commercial use only - expires 2027-05-22
Set parameter Username
Set parameter LicenseID to value 2826524
Academic license - for non-commercial use only - expires 2027-05-22
Set parameter Username
Set parameter LicenseID to value 2826524
Academic license - for non-commercial use only - expires 2027-05-22
Set parameter Username
Set parameter LicenseID to value 2826524
Academic license - for non-commercial use only - expires 2027-05-22
Set parameter Username
Set parameter LicenseID to value 2826524
Academic license - for non-commercial use only - expires 2027-05-22
Set parameter Username
Set parameter LicenseID to value 2826524
Academic license - for non-commercial use only - expires 2027-05-22
Set parameter Username
Set parameter LicenseID to value 2826524
Academic license - for non-commercial use only - expires 2027-05-22
Set parameter Username
Set parameter LicenseID to value 2826524
Academic license - for non-commercial use only - expires 2027-05-22
Set parameter Username
Set parameter LicenseID to value 2826524
Academic license - for non-commercial use only - expires 2027-05-22
Set parameter Username
Set parameter LicenseID to value 2826524
Academic license - for non-commercial use only - expires 2027-05-22
Set parameter Username
Set parameter LicenseID to value 2826524
Academic license - for non-commercial use only - expires 2027-05-22
Set parameter Username
Set parameter LicenseID to value 2826524
Academic license - for non-commercial use only - expires 2027-05-22
Set parameter Username
Set parameter LicenseID to value 2826524
Academic license - for non-commercial use only - expires 2027-05-22
Set parameter Username
Set parameter LicenseID to value 2826524
Academic license - for non-commercial use only - expires 2027-05-22
Set parameter Username
Set parameter LicenseID to value 2826524
Academic license - for non-commercial use only - expires 2027-05-22
Set parameter Username
Set parameter LicenseID to value 2826524
Academic license - for non-commercial use only - expires 2027-05-22
Set parameter Username
Set parameter LicenseID to value 2826524
Academic license - for non-commercial use only - expires 2027-05-22
Set parameter Username
Set parameter LicenseID to value 2826524
Academic license - for non-commercial use only - expires 2027-05-22
Set parameter Username
Set parameter LicenseID to value 2826524
Academic license - for non-commercial use only - expires 2027-05-22
Set parameter Username
Set parameter LicenseID to value 2826524
Academic license - for non-commercial use only - expires 2027-05-22
Set parameter Username
Set parameter LicenseID to value 2826524
Academic license - for non-commercial use only - expires 2027-05-22
Set parameter Username
Set parameter LicenseID to value 2826524
Academic license - for non-commercial use only - expires 2027-05-22
Set parameter Username
Set parameter LicenseID to value 2826524
Academic license - for non-commercial use only - expires 2027-05-22
Set parameter Username
Set parameter LicenseID to value 2826524
Academic license - for non-commercial use only - expires 2027-05-22
Set parameter Username
Set parameter LicenseID to value 2826524
Academic license - for non-commercial use only - expires 2027-05-22
Set parameter Username
Set parameter LicenseID to value 2826524
Academic license - for non-commercial use only - expires 2027-05-22
Set parameter Username
Set parameter LicenseID to value 2826524
Academic license - for non-commercial use only - expires 2027-05-22
Set parameter Username
Set parameter LicenseID to value 2826524
Academic license - for non-commercial use only - expires 2027-05-22
Set parameter Username
Set parameter LicenseID to value 2826524
Academic license - for non-commercial use only - expires 2027-05-22
Set parameter Username
Set parameter LicenseID to value 2826524
Academic license - for non-commercial use only - expires 2027-05-22
Set parameter Username
Set parameter LicenseID to value 2826524
Academic license - for non-commercial use only - expires 2027-05-22
Set parameter Username
Set parameter LicenseID to value 2826524
Academic license - for non-commercial use only - expires 2027-05-22
Set parameter Username
Set parameter LicenseID to value 2826524
Academic license - for non-commercial use only - expires 2027-05-22
Set parameter Username
Set parameter LicenseID to value 2826524
Academic license - for non-commercial use only - expires 2027-05-22
Set parameter Username
Set parameter LicenseID to value 2826524
Academic license - for non-commercial use only - expires 2027-05-22
solution_summary(; result = 1, verbose = false)
├ solver_name          : Gurobi
├ Termination
│ ├ termination_status : OPTIMAL
│ ├ result_count       : 1
│ ├ raw_status         : Model was solved to optimality (subject to tolerances), and an optimal solution is available.
│ └ objective_bound    : 3.07724e+16
├ Solution (result = 1)
│ ├ primal_status        : FEASIBLE_POINT
│ ├ dual_status          : NO_SOLUTION
│ ├ objective_value      : 3.07724e+16
│ └ relative_gap         : 4.65783e-10
└ Work counters
  ├ solve_time (sec)   : 5.58000e-01
  ├ simplex_iterations : 0
  ├ barrier_iterations : 0
  └ node_count         : 0


Termination Status: OPTIMAL
Acceptable solution found (Status: OPTIMAL).
Step-6: record datas
PART1: [unit-commitment] calculation result has been saved to: D:\GithubClonefiles\module_unitcommitment\.worktrees\108_168h\output\pcm_com4_loadall_h168_20260823_210543\smooth\clu_ovl\r01\output/details_schedule_results/pcm_simulation_results/intervels_[1]/res_schedule_commitment_result.txt
PART1: [unit-commitment] calculation result has been saved to: D:\GithubClonefiles\module_unitcommitment\.worktrees\108_168h\output\pcm_com4_loadall_h168_20260823_210543\smooth\clu_ovl\r01\output/details_schedule_results/pcm_simulation_results/intervels_[1]/res_schedule_commitment_result.txt
PART1: [unit-commitment] calculation result has been saved to: D:\GithubClonefiles\module_unitcommitment\.worktrees\108_168h\output\pcm_com4_loadall_h168_20260823_210543\smooth\clu_ovl\r01\output/details_schedule_results/pcm_simulation_results/intervels_[1]/res_schedule_commitment_result.txt
Step-3: Creating dispatching model (Refactored & Modularized)
  Clustered PCM: 108 physical units -> 31 equivalent units (71.3% state reduction; 108 units in non-singleton clusters)
    5-point output grid is infeasible; retrying this window with 17 points
  Clustered PCM: 108 physical units -> 31 equivalent units (71.3% state reduction; 108 units in non-singleton clusters)
    Refined output grid is infeasible; entering continuous residence-power diagnosis
  Clustered PCM: 108 physical units -> 31 equivalent units (71.3% state reduction; 108 units in non-singleton clusters)
  ⚠ True clustered UC failed at cluster_master: INFEASIBLE; falling back to full unit-network SCUC
	 Variables defined.
DEBUG set_objective_economic!: NT=36, NG=108, ND=91, NW=20, NS=1, K=3, size(refcost)=(108,), size(eachslope)=(3, 108)
objective_function
	MILP economic objective set
subject to.
	 constraints: 1) minimum shutup/shutdown time limits			 done
	 constraints: 2) binary variable logic					 done
	 constraints: 3) shutup/shutdown cost					 done
	 constraints: 4) loadcurtailments and spoliedwinds			 done
	 constraints: 5) generatos power limits					 done
	 constraints: 6) system reserves limits					 done
	 constraints: 7) power balance constraints				 done
	 constraints: 8) ramp-up/ramp-down constraints				 done
	 constraints: 9) piece linearization constraints			 done
	 constraints: 10) transmissionline limits skipped (is_NetWorkCon != 1 or Gsdf missing or NL=0)
	 constraints: 11) stroges system constraints skipped (NC=0 or variables not defined)
	 constraints: 12) data centra constraints skipped (is_ConsiderDataCentra != 1)
	 constraints: 13) frequency control constraints skipped (is_ConsiderFrequencyControl != 1)
	 constraints: 14) hydro power limits					 done
+++++++++++++++++++++++++++++++++++++++++++++++++++++++++++++++++++++++++++++++++++++++++++
Step-4: starting Gurobi solver
Step-5: Gurobi solver finished
+++++++++++++++++++++++++++++++++++++++++++++++++++++++++++++++++++++++++++++++++++++++++++

solution_summary(scuc) = solution_summary(; result = 1, verbose = false)
├ solver_name          : Gurobi
├ Termination
│ ├ termination_status : OPTIMAL
│ ├ result_count       : 1
│ ├ raw_status         : Model was solved to optimality (subject to tolerances), and an optimal solution is available.
│ └ objective_bound    : 3.08039e+16
├ Solution (result = 1)
│ ├ primal_status        : FEASIBLE_POINT
│ ├ dual_status          : NO_SOLUTION
│ ├ objective_value      : 3.08039e+16
│ └ relative_gap         : 9.81378e-10
└ Work counters
  ├ solve_time (sec)   : 5.92000e-01
  ├ simplex_iterations : 0
  ├ barrier_iterations : 0
  └ node_count         : 0


Termination Status: OPTIMAL
Acceptable solution found (Status: OPTIMAL).
Step-6: record datas
PART1: [unit-commitment] calculation result has been saved to: D:\GithubClonefiles\module_unitcommitment\.worktrees\108_168h\output\pcm_com4_loadall_h168_20260823_210543\smooth\clu_ovl\r01\output/details_schedule_results/pcm_simulation_results/intervels_[1]/res_schedule_commitment_result.txt
Step-3: Creating dispatching model (Refactored & Modularized)
  Clustered PCM: 108 physical units -> 31 equivalent units (71.3% state reduction; 108 units in non-singleton clusters)
    5-point output grid is infeasible; retrying this window with 17 points
  Clustered PCM: 108 physical units -> 31 equivalent units (71.3% state reduction; 108 units in non-singleton clusters)
    Refined output grid is infeasible; entering continuous residence-power diagnosis
  Clustered PCM: 108 physical units -> 31 equivalent units (71.3% state reduction; 108 units in non-singleton clusters)
  ⚠ True clustered UC failed at cluster_master: INFEASIBLE; falling back to full unit-network SCUC
	 Variables defined.
DEBUG set_objective_economic!: NT=36, NG=108, ND=91, NW=20, NS=1, K=3, size(refcost)=(108,), size(eachslope)=(3, 108)
objective_function
	MILP economic objective set
subject to.
	 constraints: 1) minimum shutup/shutdown time limits			 done
	 constraints: 2) binary variable logic					 done
	 constraints: 3) shutup/shutdown cost					 done
	 constraints: 4) loadcurtailments and spoliedwinds			 done
	 constraints: 5) generatos power limits					 done
	 constraints: 6) system reserves limits					 done
	 constraints: 7) power balance constraints				 done
	 constraints: 8) ramp-up/ramp-down constraints				 done
	 constraints: 9) piece linearization constraints			 done
	 constraints: 10) transmissionline limits skipped (is_NetWorkCon != 1 or Gsdf missing or NL=0)
	 constraints: 11) stroges system constraints skipped (NC=0 or variables not defined)
	 constraints: 12) data centra constraints skipped (is_ConsiderDataCentra != 1)
	 constraints: 13) frequency control constraints skipped (is_ConsiderFrequencyControl != 1)
	 constraints: 14) hydro power limits					 done
+++++++++++++++++++++++++++++++++++++++++++++++++++++++++++++++++++++++++++++++++++++++++++
Step-4: starting Gurobi solver
Step-5: Gurobi solver finished
+++++++++++++++++++++++++++++++++++++++++++++++++++++++++++++++++++++++++++++++++++++++++++

solution_summary(scuc) = solution_summary(; result = 1, verbose = false)
├ solver_name          : Gurobi
├ Termination
│ ├ termination_status : OPTIMAL
│ ├ result_count       : 1
│ ├ raw_status         : Model was solved to optimality (subject to tolerances), and an optimal solution is available.
│ └ objective_bound    : 3.08039e+16
├ Solution (result = 1)
│ ├ primal_status        : FEASIBLE_POINT
│ ├ dual_status          : NO_SOLUTION
│ ├ objective_value      : 3.08039e+16
│ └ relative_gap         : 9.81378e-10
└ Work counters
  ├ solve_time (sec)   : 5.89000e-01
  ├ simplex_iterations : 0
  ├ barrier_iterations : 0
  └ node_count         : 0


Termination Status: OPTIMAL
Acceptable solution found (Status: OPTIMAL).
Step-6: record datas
PART1: [unit-commitment] calculation result has been saved to: D:\GithubClonefiles\module_unitcommitment\.worktrees\108_168h\output\pcm_com4_loadall_h168_20260823_210543\smooth\clu_ovl\r01\output/details_schedule_results/pcm_simulation_results/intervels_[1]/res_schedule_commitment_result.txt
PART1: [unit-commitment] calculation result has been saved to: D:\GithubClonefiles\module_unitcommitment\.worktrees\108_168h\output\pcm_com4_loadall_h168_20260823_210543\smooth\clu_ovl\r01\output/details_schedule_results/pcm_simulation_results/intervels_[1]/res_schedule_commitment_result.txt
Step-3: Creating dispatching model (Refactored & Modularized)
  Clustered PCM: 108 physical units -> 31 equivalent units (71.3% state reduction; 108 units in non-singleton clusters)
    5-point output grid is infeasible; retrying this window with 17 points
  Clustered PCM: 108 physical units -> 31 equivalent units (71.3% state reduction; 108 units in non-singleton clusters)
    Refined output grid is infeasible; entering continuous residence-power diagnosis
  Clustered PCM: 108 physical units -> 31 equivalent units (71.3% state reduction; 108 units in non-singleton clusters)
  ⚠ True clustered UC failed at cluster_master: INFEASIBLE; falling back to full unit-network SCUC
	 Variables defined.
DEBUG set_objective_economic!: NT=26, NG=108, ND=91, NW=20, NS=1, K=3, size(refcost)=(108,), size(eachslope)=(3, 108)
objective_function
	MILP economic objective set
subject to.
	 constraints: 1) minimum shutup/shutdown time limits			 done
	 constraints: 2) binary variable logic					 done
	 constraints: 3) shutup/shutdown cost					 done
	 constraints: 4) loadcurtailments and spoliedwinds			 done
	 constraints: 5) generatos power limits					 done
	 constraints: 6) system reserves limits					 done
	 constraints: 7) power balance constraints				 done
	 constraints: 8) ramp-up/ramp-down constraints				 done
	 constraints: 9) piece linearization constraints			 done
	 constraints: 10) transmissionline limits skipped (is_NetWorkCon != 1 or Gsdf missing or NL=0)
	 constraints: 11) stroges system constraints skipped (NC=0 or variables not defined)
	 constraints: 12) data centra constraints skipped (is_ConsiderDataCentra != 1)
	 constraints: 13) frequency control constraints skipped (is_ConsiderFrequencyControl != 1)
	 constraints: 14) hydro power limits					 done
+++++++++++++++++++++++++++++++++++++++++++++++++++++++++++++++++++++++++++++++++++++++++++
Step-4: starting Gurobi solver
Step-5: Gurobi solver finished
+++++++++++++++++++++++++++++++++++++++++++++++++++++++++++++++++++++++++++++++++++++++++++

solution_summary(scuc) = solution_summary(; result = 1, verbose = false)
├ solver_name          : Gurobi
├ Termination
│ ├ termination_status : OPTIMAL
│ ├ result_count       : 1
│ ├ raw_status         : Model was solved to optimality (subject to tolerances), and an optimal solution is available.
│ └ objective_bound    : 3.08039e+16
├ Solution (result = 1)
│ ├ primal_status        : FEASIBLE_POINT
│ ├ dual_status          : NO_SOLUTION
│ ├ objective_value      : 3.08039e+16
│ └ relative_gap         : 4.38837e-10
└ Work counters
  ├ solve_time (sec)   : 5.51000e-01
  ├ simplex_iterations : 0
  ├ barrier_iterations : 0
  └ node_count         : 0


Termination Status: OPTIMAL
Acceptable solution found (Status: OPTIMAL).
Step-6: record datas
PART1: [unit-commitment] calculation result has been saved to: D:\GithubClonefiles\module_unitcommitment\.worktrees\108_168h\output\pcm_com4_loadall_h168_20260823_210543\smooth\clu_ovl\r01\output/details_schedule_results/pcm_simulation_results/intervels_[1]/res_schedule_commitment_result.txt
PART1: [unit-commitment] calculation result has been saved to: D:\GithubClonefiles\module_unitcommitment\.worktrees\108_168h\output\pcm_com4_loadall_h168_20260823_210543\smooth\clu_ovl\r01\output/details_schedule_results/pcm_simulation_results/intervels_[1]/res_schedule_commitment_result.txt
Step-3: Creating dispatching model (Refactored & Modularized)
  Clustered PCM: 108 physical units -> 31 equivalent units (71.3% state reduction; 108 units in non-singleton clusters)
    5-point output grid is infeasible; retrying this window with 17 points
  Clustered PCM: 108 physical units -> 31 equivalent units (71.3% state reduction; 108 units in non-singleton clusters)
    Refined output grid is infeasible; entering continuous residence-power diagnosis
  Clustered PCM: 108 physical units -> 31 equivalent units (71.3% state reduction; 108 units in non-singleton clusters)
  ⚠ True clustered UC failed at cluster_master: INFEASIBLE; falling back to full unit-network SCUC
	 Variables defined.
DEBUG set_objective_economic!: NT=31, NG=108, ND=91, NW=20, NS=1, K=3, size(refcost)=(108,), size(eachslope)=(3, 108)
objective_function
	MILP economic objective set
subject to.
	 constraints: 1) minimum shutup/shutdown time limits			 done
	 constraints: 2) binary variable logic					 done
	 constraints: 3) shutup/shutdown cost					 done
	 constraints: 4) loadcurtailments and spoliedwinds			 done
	 constraints: 5) generatos power limits					 done
	 constraints: 6) system reserves limits					 done
	 constraints: 7) power balance constraints				 done
	 constraints: 8) ramp-up/ramp-down constraints				 done
	 constraints: 9) piece linearization constraints			 done
	 constraints: 10) transmissionline limits skipped (is_NetWorkCon != 1 or Gsdf missing or NL=0)
	 constraints: 11) stroges system constraints skipped (NC=0 or variables not defined)
	 constraints: 12) data centra constraints skipped (is_ConsiderDataCentra != 1)
	 constraints: 13) frequency control constraints skipped (is_ConsiderFrequencyControl != 1)
	 constraints: 14) hydro power limits					 done
+++++++++++++++++++++++++++++++++++++++++++++++++++++++++++++++++++++++++++++++++++++++++++
Step-4: starting Gurobi solver
Step-5: Gurobi solver finished
+++++++++++++++++++++++++++++++++++++++++++++++++++++++++++++++++++++++++++++++++++++++++++

solution_summary(scuc) = solution_summary(; result = 1, verbose = false)
├ solver_name          : Gurobi
├ Termination
│ ├ termination_status : OPTIMAL
│ ├ result_count       : 1
│ ├ raw_status         : Model was solved to optimality (subject to tolerances), and an optimal solution is available.
│ └ objective_bound    : 3.08039e+16
├ Solution (result = 1)
│ ├ primal_status        : FEASIBLE_POINT
│ ├ dual_status          : NO_SOLUTION
│ ├ objective_value      : 3.08039e+16
│ └ relative_gap         : 4.62129e-10
└ Work counters
  ├ solve_time (sec)   : 5.04000e-01
  ├ simplex_iterations : 0
  ├ barrier_iterations : 0
  └ node_count         : 0


Termination Status: OPTIMAL
Acceptable solution found (Status: OPTIMAL).
Step-6: record datas
PART1: [unit-commitment] calculation result has been saved to: D:\GithubClonefiles\module_unitcommitment\.worktrees\108_168h\output\pcm_com4_loadall_h168_20260823_210543\smooth\clu_ovl\r01\output/details_schedule_results/pcm_simulation_results/intervels_[1]/res_schedule_commitment_result.txt
PART1: [unit-commitment] calculation result has been saved to: D:\GithubClonefiles\module_unitcommitment\.worktrees\108_168h\output\pcm_com4_loadall_h168_20260823_210543\smooth\clu_ovl\r01\output/details_schedule_results/pcm_simulation_results/intervels_[1]/res_schedule_commitment_result.txt
PART1: [unit-commitment] calculation result has been saved to: D:\GithubClonefiles\module_unitcommitment\.worktrees\108_168h\output\pcm_com4_loadall_h168_20260823_210543\smooth\clu_ovl\r01\output/details_schedule_results/pcm_simulation_results/intervels_[1]/res_schedule_commitment_result.txt
Step-3: Creating dispatching model (Refactored & Modularized)
  Clustered PCM: 108 physical units -> 31 equivalent units (71.3% state reduction; 108 units in non-singleton clusters)
    5-point output grid is infeasible; retrying this window with 17 points
  Clustered PCM: 108 physical units -> 31 equivalent units (71.3% state reduction; 108 units in non-singleton clusters)
    Refined output grid is infeasible; entering continuous residence-power diagnosis
  Clustered PCM: 108 physical units -> 31 equivalent units (71.3% state reduction; 108 units in non-singleton clusters)
  ⚠ True clustered UC failed at cluster_master: INFEASIBLE; falling back to full unit-network SCUC
	 Variables defined.
DEBUG set_objective_economic!: NT=36, NG=108, ND=91, NW=20, NS=1, K=3, size(refcost)=(108,), size(eachslope)=(3, 108)
objective_function
	MILP economic objective set
subject to.
	 constraints: 1) minimum shutup/shutdown time limits			 done
	 constraints: 2) binary variable logic					 done
	 constraints: 3) shutup/shutdown cost					 done
	 constraints: 4) loadcurtailments and spoliedwinds			 done
	 constraints: 5) generatos power limits					 done
	 constraints: 6) system reserves limits					 done
	 constraints: 7) power balance constraints				 done
	 constraints: 8) ramp-up/ramp-down constraints				 done
	 constraints: 9) piece linearization constraints			 done
	 constraints: 10) transmissionline limits skipped (is_NetWorkCon != 1 or Gsdf missing or NL=0)
	 constraints: 11) stroges system constraints skipped (NC=0 or variables not defined)
	 constraints: 12) data centra constraints skipped (is_ConsiderDataCentra != 1)
	 constraints: 13) frequency control constraints skipped (is_ConsiderFrequencyControl != 1)
	 constraints: 14) hydro power limits					 done
+++++++++++++++++++++++++++++++++++++++++++++++++++++++++++++++++++++++++++++++++++++++++++
Step-4: starting Gurobi solver
Step-5: Gurobi solver finished
+++++++++++++++++++++++++++++++++++++++++++++++++++++++++++++++++++++++++++++++++++++++++++

solution_summary(scuc) = solution_summary(; result = 1, verbose = false)
├ solver_name          : Gurobi
├ Termination
│ ├ termination_status : OPTIMAL
│ ├ result_count       : 1
│ ├ raw_status         : Model was solved to optimality (subject to tolerances), and an optimal solution is available.
│ └ objective_bound    : 2.89279e+16
├ Solution (result = 1)
│ ├ primal_status        : FEASIBLE_POINT
│ ├ dual_status          : NO_SOLUTION
│ ├ objective_value      : 2.89279e+16
│ └ relative_gap         : 1.19948e-09
└ Work counters
  ├ solve_time (sec)   : 5.91000e-01
  ├ simplex_iterations : 0
  ├ barrier_iterations : 0
  └ node_count         : 0


Termination Status: OPTIMAL
Acceptable solution found (Status: OPTIMAL).
Step-6: record datas
PART1: [unit-commitment] calculation result has been saved to: D:\GithubClonefiles\module_unitcommitment\.worktrees\108_168h\output\pcm_com4_loadall_h168_20260823_210543\smooth\clu_ovl\r01\output/details_schedule_results/pcm_simulation_results/intervels_[1]/res_schedule_commitment_result.txt
Step-3: Creating dispatching model (Refactored & Modularized)
  Clustered PCM: 108 physical units -> 31 equivalent units (71.3% state reduction; 108 units in non-singleton clusters)
    5-point output grid is infeasible; retrying this window with 17 points
  Clustered PCM: 108 physical units -> 31 equivalent units (71.3% state reduction; 108 units in non-singleton clusters)
    Refined output grid is infeasible; entering continuous residence-power diagnosis
  Clustered PCM: 108 physical units -> 31 equivalent units (71.3% state reduction; 108 units in non-singleton clusters)
  ⚠ True clustered UC failed at cluster_master: INFEASIBLE; falling back to full unit-network SCUC
	 Variables defined.
DEBUG set_objective_economic!: NT=36, NG=108, ND=91, NW=20, NS=1, K=3, size(refcost)=(108,), size(eachslope)=(3, 108)
objective_function
	MILP economic objective set
subject to.
	 constraints: 1) minimum shutup/shutdown time limits			 done
	 constraints: 2) binary variable logic					 done
	 constraints: 3) shutup/shutdown cost					 done
	 constraints: 4) loadcurtailments and spoliedwinds			 done
	 constraints: 5) generatos power limits					 done
	 constraints: 6) system reserves limits					 done
	 constraints: 7) power balance constraints				 done
	 constraints: 8) ramp-up/ramp-down constraints				 done
	 constraints: 9) piece linearization constraints			 done
	 constraints: 10) transmissionline limits skipped (is_NetWorkCon != 1 or Gsdf missing or NL=0)
	 constraints: 11) stroges system constraints skipped (NC=0 or variables not defined)
	 constraints: 12) data centra constraints skipped (is_ConsiderDataCentra != 1)
	 constraints: 13) frequency control constraints skipped (is_ConsiderFrequencyControl != 1)
	 constraints: 14) hydro power limits					 done
+++++++++++++++++++++++++++++++++++++++++++++++++++++++++++++++++++++++++++++++++++++++++++
Step-4: starting Gurobi solver
Step-5: Gurobi solver finished
+++++++++++++++++++++++++++++++++++++++++++++++++++++++++++++++++++++++++++++++++++++++++++

solution_summary(scuc) = solution_summary(; result = 1, verbose = false)
├ solver_name          : Gurobi
├ Termination
│ ├ termination_status : OPTIMAL
│ ├ result_count       : 1
│ ├ raw_status         : Model was solved to optimality (subject to tolerances), and an optimal solution is available.
│ └ objective_bound    : 2.89279e+16
├ Solution (result = 1)
│ ├ primal_status        : FEASIBLE_POINT
│ ├ dual_status          : NO_SOLUTION
│ ├ objective_value      : 2.89279e+16
│ └ relative_gap         : 1.19948e-09
└ Work counters
  ├ solve_time (sec)   : 6.55000e-01
  ├ simplex_iterations : 0
  ├ barrier_iterations : 0
  └ node_count         : 0


Termination Status: OPTIMAL
Acceptable solution found (Status: OPTIMAL).
Step-6: record datas
PART1: [unit-commitment] calculation result has been saved to: D:\GithubClonefiles\module_unitcommitment\.worktrees\108_168h\output\pcm_com4_loadall_h168_20260823_210543\smooth\clu_ovl\r01\output/details_schedule_results/pcm_simulation_results/intervels_[1]/res_schedule_commitment_result.txt
PART1: [unit-commitment] calculation result has been saved to: D:\GithubClonefiles\module_unitcommitment\.worktrees\108_168h\output\pcm_com4_loadall_h168_20260823_210543\smooth\clu_ovl\r01\output/details_schedule_results/pcm_simulation_results/intervels_[1]/res_schedule_commitment_result.txt
Step-3: Creating dispatching model (Refactored & Modularized)
  Clustered PCM: 108 physical units -> 31 equivalent units (71.3% state reduction; 108 units in non-singleton clusters)
    5-point output grid is infeasible; retrying this window with 17 points
  Clustered PCM: 108 physical units -> 31 equivalent units (71.3% state reduction; 108 units in non-singleton clusters)
    Refined output grid is infeasible; entering continuous residence-power diagnosis
  Clustered PCM: 108 physical units -> 31 equivalent units (71.3% state reduction; 108 units in non-singleton clusters)
  ⚠ True clustered UC failed at cluster_master: INFEASIBLE; falling back to full unit-network SCUC
	 Variables defined.
DEBUG set_objective_economic!: NT=26, NG=108, ND=91, NW=20, NS=1, K=3, size(refcost)=(108,), size(eachslope)=(3, 108)
objective_function
	MILP economic objective set
subject to.
	 constraints: 1) minimum shutup/shutdown time limits			 done
	 constraints: 2) binary variable logic					 done
	 constraints: 3) shutup/shutdown cost					 done
	 constraints: 4) loadcurtailments and spoliedwinds			 done
	 constraints: 5) generatos power limits					 done
	 constraints: 6) system reserves limits					 done
	 constraints: 7) power balance constraints				 done
	 constraints: 8) ramp-up/ramp-down constraints				 done
	 constraints: 9) piece linearization constraints			 done
	 constraints: 10) transmissionline limits skipped (is_NetWorkCon != 1 or Gsdf missing or NL=0)
	 constraints: 11) stroges system constraints skipped (NC=0 or variables not defined)
	 constraints: 12) data centra constraints skipped (is_ConsiderDataCentra != 1)
	 constraints: 13) frequency control constraints skipped (is_ConsiderFrequencyControl != 1)
	 constraints: 14) hydro power limits					 done
+++++++++++++++++++++++++++++++++++++++++++++++++++++++++++++++++++++++++++++++++++++++++++
Step-4: starting Gurobi solver
Step-5: Gurobi solver finished
+++++++++++++++++++++++++++++++++++++++++++++++++++++++++++++++++++++++++++++++++++++++++++

solution_summary(scuc) = solution_summary(; result = 1, verbose = false)
├ solver_name          : Gurobi
├ Termination
│ ├ termination_status : OPTIMAL
│ ├ result_count       : 1
│ ├ raw_status         : Model was solved to optimality (subject to tolerances), and an optimal solution is available.
│ └ objective_bound    : 2.89279e+16
├ Solution (result = 1)
│ ├ primal_status        : FEASIBLE_POINT
│ ├ dual_status          : NO_SOLUTION
│ ├ objective_value      : 2.89279e+16
│ └ relative_gap         : 4.64131e-10
└ Work counters
  ├ solve_time (sec)   : 4.99000e-01
  ├ simplex_iterations : 0
  ├ barrier_iterations : 0
  └ node_count         : 0


Termination Status: OPTIMAL
Acceptable solution found (Status: OPTIMAL).
Step-6: record datas
PART1: [unit-commitment] calculation result has been saved to: D:\GithubClonefiles\module_unitcommitment\.worktrees\108_168h\output\pcm_com4_loadall_h168_20260823_210543\smooth\clu_ovl\r01\output/details_schedule_results/pcm_simulation_results/intervels_[1]/res_schedule_commitment_result.txt
PART1: [unit-commitment] calculation result has been saved to: D:\GithubClonefiles\module_unitcommitment\.worktrees\108_168h\output\pcm_com4_loadall_h168_20260823_210543\smooth\clu_ovl\r01\output/details_schedule_results/pcm_simulation_results/intervels_[1]/res_schedule_commitment_result.txt
Step-3: Creating dispatching model (Refactored & Modularized)
  Clustered PCM: 108 physical units -> 31 equivalent units (71.3% state reduction; 108 units in non-singleton clusters)
    5-point output grid is infeasible; retrying this window with 17 points
  Clustered PCM: 108 physical units -> 31 equivalent units (71.3% state reduction; 108 units in non-singleton clusters)
    Refined output grid is infeasible; entering continuous residence-power diagnosis
  Clustered PCM: 108 physical units -> 31 equivalent units (71.3% state reduction; 108 units in non-singleton clusters)
  ⚠ True clustered UC failed at cluster_master: INFEASIBLE; falling back to full unit-network SCUC
	 Variables defined.
DEBUG set_objective_economic!: NT=31, NG=108, ND=91, NW=20, NS=1, K=3, size(refcost)=(108,), size(eachslope)=(3, 108)
objective_function
	MILP economic objective set
subject to.
	 constraints: 1) minimum shutup/shutdown time limits			 done
	 constraints: 2) binary variable logic					 done
	 constraints: 3) shutup/shutdown cost					 done
	 constraints: 4) loadcurtailments and spoliedwinds			 done
	 constraints: 5) generatos power limits					 done
	 constraints: 6) system reserves limits					 done
	 constraints: 7) power balance constraints				 done
	 constraints: 8) ramp-up/ramp-down constraints				 done
	 constraints: 9) piece linearization constraints			 done
	 constraints: 10) transmissionline limits skipped (is_NetWorkCon != 1 or Gsdf missing or NL=0)
	 constraints: 11) stroges system constraints skipped (NC=0 or variables not defined)
	 constraints: 12) data centra constraints skipped (is_ConsiderDataCentra != 1)
	 constraints: 13) frequency control constraints skipped (is_ConsiderFrequencyControl != 1)
	 constraints: 14) hydro power limits					 done
+++++++++++++++++++++++++++++++++++++++++++++++++++++++++++++++++++++++++++++++++++++++++++
Step-4: starting Gurobi solver
Step-5: Gurobi solver finished
+++++++++++++++++++++++++++++++++++++++++++++++++++++++++++++++++++++++++++++++++++++++++++

solution_summary(scuc) = solution_summary(; result = 1, verbose = false)
├ solver_name          : Gurobi
├ Termination
│ ├ termination_status : OPTIMAL
│ ├ result_count       : 1
│ ├ raw_status         : Model was solved to optimality (subject to tolerances), and an optimal solution is available.
│ └ objective_bound    : 2.89279e+16
├ Solution (result = 1)
│ ├ primal_status        : FEASIBLE_POINT
│ ├ dual_status          : NO_SOLUTION
│ ├ objective_value      : 2.89279e+16
│ └ relative_gap         : 4.89092e-10
└ Work counters
  ├ solve_time (sec)   : 5.08000e-01
  ├ simplex_iterations : 0
  ├ barrier_iterations : 0
  └ node_count         : 0


Termination Status: OPTIMAL
Acceptable solution found (Status: OPTIMAL).
Step-6: record datas
PART1: [unit-commitment] calculation result has been saved to: D:\GithubClonefiles\module_unitcommitment\.worktrees\108_168h\output\pcm_com4_loadall_h168_20260823_210543\smooth\clu_ovl\r01\output/details_schedule_results/pcm_simulation_results/intervels_[1]/res_schedule_commitment_result.txt
PART1: [unit-commitment] calculation result has been saved to: D:\GithubClonefiles\module_unitcommitment\.worktrees\108_168h\output\pcm_com4_loadall_h168_20260823_210543\smooth\clu_ovl\r01\output/details_schedule_results/pcm_simulation_results/intervels_[1]/res_schedule_commitment_result.txt
PART1: [unit-commitment] calculation result has been saved to: D:\GithubClonefiles\module_unitcommitment\.worktrees\108_168h\output\pcm_com4_loadall_h168_20260823_210543\smooth\clu_ovl\r01\output/details_schedule_results/pcm_simulation_results/intervels_[1]/res_schedule_commitment_result.txt
Step-3: Creating dispatching model (Refactored & Modularized)
  Clustered PCM: 108 physical units -> 31 equivalent units (71.3% state reduction; 108 units in non-singleton clusters)
    5-point output grid is infeasible; retrying this window with 17 points
  Clustered PCM: 108 physical units -> 31 equivalent units (71.3% state reduction; 108 units in non-singleton clusters)
    Refined output grid is infeasible; entering continuous residence-power diagnosis
  Clustered PCM: 108 physical units -> 31 equivalent units (71.3% state reduction; 108 units in non-singleton clusters)
  ⚠ True clustered UC failed at cluster_master: INFEASIBLE; falling back to full unit-network SCUC
	 Variables defined.
DEBUG set_objective_economic!: NT=36, NG=108, ND=91, NW=20, NS=1, K=3, size(refcost)=(108,), size(eachslope)=(3, 108)
objective_function
	MILP economic objective set
subject to.
	 constraints: 1) minimum shutup/shutdown time limits			 done
	 constraints: 2) binary variable logic					 done
	 constraints: 3) shutup/shutdown cost					 done
	 constraints: 4) loadcurtailments and spoliedwinds			 done
	 constraints: 5) generatos power limits					 done
	 constraints: 6) system reserves limits					 done
	 constraints: 7) power balance constraints				 done
	 constraints: 8) ramp-up/ramp-down constraints				 done
	 constraints: 9) piece linearization constraints			 done
	 constraints: 10) transmissionline limits skipped (is_NetWorkCon != 1 or Gsdf missing or NL=0)
	 constraints: 11) stroges system constraints skipped (NC=0 or variables not defined)
	 constraints: 12) data centra constraints skipped (is_ConsiderDataCentra != 1)
	 constraints: 13) frequency control constraints skipped (is_ConsiderFrequencyControl != 1)
	 constraints: 14) hydro power limits					 done
+++++++++++++++++++++++++++++++++++++++++++++++++++++++++++++++++++++++++++++++++++++++++++
Step-4: starting Gurobi solver
Step-5: Gurobi solver finished
+++++++++++++++++++++++++++++++++++++++++++++++++++++++++++++++++++++++++++++++++++++++++++

solution_summary(scuc) = solution_summary(; result = 1, verbose = false)
├ solver_name          : Gurobi
├ Termination
│ ├ termination_status : OPTIMAL
│ ├ result_count       : 1
│ ├ raw_status         : Model was solved to optimality (subject to tolerances), and an optimal solution is available.
│ └ objective_bound    : 2.42134e+16
├ Solution (result = 1)
│ ├ primal_status        : FEASIBLE_POINT
│ ├ dual_status          : NO_SOLUTION
│ ├ objective_value      : 2.42134e+16
│ └ relative_gap         : 1.60158e-09
└ Work counters
  ├ solve_time (sec)   : 6.45000e-01
  ├ simplex_iterations : 0
  ├ barrier_iterations : 0
  └ node_count         : 0


Termination Status: OPTIMAL
Acceptable solution found (Status: OPTIMAL).
Step-6: record datas
PART1: [unit-commitment] calculation result has been saved to: D:\GithubClonefiles\module_unitcommitment\.worktrees\108_168h\output\pcm_com4_loadall_h168_20260823_210543\smooth\clu_ovl\r01\output/details_schedule_results/pcm_simulation_results/intervels_[1]/res_schedule_commitment_result.txt
Step-3: Creating dispatching model (Refactored & Modularized)
  Clustered PCM: 108 physical units -> 31 equivalent units (71.3% state reduction; 108 units in non-singleton clusters)
    5-point output grid is infeasible; retrying this window with 17 points
  Clustered PCM: 108 physical units -> 31 equivalent units (71.3% state reduction; 108 units in non-singleton clusters)
    Refined output grid is infeasible; entering continuous residence-power diagnosis
  Clustered PCM: 108 physical units -> 31 equivalent units (71.3% state reduction; 108 units in non-singleton clusters)
  ⚠ True clustered UC failed at cluster_master: INFEASIBLE; falling back to full unit-network SCUC
	 Variables defined.
Set parameter Username
Set parameter LicenseID to value 2826524
Academic license - for non-commercial use only - expires 2027-05-22
Set parameter Username
Set parameter LicenseID to value 2826524
Academic license - for non-commercial use only - expires 2027-05-22
Set parameter Username
Set parameter LicenseID to value 2826524
Academic license - for non-commercial use only - expires 2027-05-22
Set parameter Username
Set parameter LicenseID to value 2826524
Academic license - for non-commercial use only - expires 2027-05-22
Set parameter Username
Set parameter LicenseID to value 2826524
Academic license - for non-commercial use only - expires 2027-05-22
Set parameter Username
Set parameter LicenseID to value 2826524
Academic license - for non-commercial use only - expires 2027-05-22
Set parameter Username
Set parameter LicenseID to value 2826524
Academic license - for non-commercial use only - expires 2027-05-22
Set parameter Username
Set parameter LicenseID to value 2826524
Academic license - for non-commercial use only - expires 2027-05-22
Set parameter Username
Set parameter LicenseID to value 2826524
Academic license - for non-commercial use only - expires 2027-05-22
Set parameter Username
Set parameter LicenseID to value 2826524
Academic license - for non-commercial use only - expires 2027-05-22
Set parameter Username
Set parameter LicenseID to value 2826524
Academic license - for non-commercial use only - expires 2027-05-22
Set parameter Username
Set parameter LicenseID to value 2826524
Academic license - for non-commercial use only - expires 2027-05-22
Set parameter Username
Set parameter LicenseID to value 2826524
Academic license - for non-commercial use only - expires 2027-05-22
Set parameter Username
Set parameter LicenseID to value 2826524
Academic license - for non-commercial use only - expires 2027-05-22
Set parameter Username
Set parameter LicenseID to value 2826524
Academic license - for non-commercial use only - expires 2027-05-22
Set parameter Username
Set parameter LicenseID to value 2826524
Academic license - for non-commercial use only - expires 2027-05-22
Set parameter Username
Set parameter LicenseID to value 2826524
Academic license - for non-commercial use only - expires 2027-05-22
Set parameter Username
Set parameter LicenseID to value 2826524
Academic license - for non-commercial use only - expires 2027-05-22
Set parameter Username
Set parameter LicenseID to value 2826524
Academic license - for non-commercial use only - expires 2027-05-22
Set parameter Username
Set parameter LicenseID to value 2826524
Academic license - for non-commercial use only - expires 2027-05-22
Set parameter Username
Set parameter LicenseID to value 2826524
Academic license - for non-commercial use only - expires 2027-05-22
Set parameter Username
Set parameter LicenseID to value 2826524
Academic license - for non-commercial use only - expires 2027-05-22
Set parameter Username
Set parameter LicenseID to value 2826524
Academic license - for non-commercial use only - expires 2027-05-22
Set parameter Username
Set parameter LicenseID to value 2826524
Academic license - for non-commercial use only - expires 2027-05-22
Set parameter Username
Set parameter LicenseID to value 2826524
Academic license - for non-commercial use only - expires 2027-05-22
Set parameter Username
Set parameter LicenseID to value 2826524
Academic license - for non-commercial use only - expires 2027-05-22
Set parameter Username
Set parameter LicenseID to value 2826524
Academic license - for non-commercial use only - expires 2027-05-22
Set parameter Username
Set parameter LicenseID to value 2826524
Academic license - for non-commercial use only - expires 2027-05-22
Set parameter Username
Set parameter LicenseID to value 2826524
Academic license - for non-commercial use only - expires 2027-05-22
Set parameter Username
Set parameter LicenseID to value 2826524
Academic license - for non-commercial use only - expires 2027-05-22
Set parameter Username
Set parameter LicenseID to value 2826524
Academic license - for non-commercial use only - expires 2027-05-22
Set parameter Username
Set parameter LicenseID to value 2826524
Academic license - for non-commercial use only - expires 2027-05-22
Set parameter Username
Set parameter LicenseID to value 2826524
Academic license - for non-commercial use only - expires 2027-05-22
Set parameter Username
Set parameter LicenseID to value 2826524
Academic license - for non-commercial use only - expires 2027-05-22
Set parameter Username
Set parameter LicenseID to value 2826524
Academic license - for non-commercial use only - expires 2027-05-22
Set parameter Username
Set parameter LicenseID to value 2826524
Academic license - for non-commercial use only - expires 2027-05-22
DEBUG set_objective_economic!: NT=36, NG=108, ND=91, NW=20, NS=1, K=3, size(refcost)=(108,), size(eachslope)=(3, 108)
objective_function
	MILP economic objective set
subject to.
	 constraints: 1) minimum shutup/shutdown time limits			 done
	 constraints: 2) binary variable logic					 done
	 constraints: 3) shutup/shutdown cost					 done
	 constraints: 4) loadcurtailments and spoliedwinds			 done
	 constraints: 5) generatos power limits					 done
	 constraints: 6) system reserves limits					 done
	 constraints: 7) power balance constraints				 done
	 constraints: 8) ramp-up/ramp-down constraints				 done
	 constraints: 9) piece linearization constraints			 done
	 constraints: 10) transmissionline limits skipped (is_NetWorkCon != 1 or Gsdf missing or NL=0)
	 constraints: 11) stroges system constraints skipped (NC=0 or variables not defined)
	 constraints: 12) data centra constraints skipped (is_ConsiderDataCentra != 1)
	 constraints: 13) frequency control constraints skipped (is_ConsiderFrequencyControl != 1)
	 constraints: 14) hydro power limits					 done
+++++++++++++++++++++++++++++++++++++++++++++++++++++++++++++++++++++++++++++++++++++++++++
Step-4: starting Gurobi solver
Step-5: Gurobi solver finished
+++++++++++++++++++++++++++++++++++++++++++++++++++++++++++++++++++++++++++++++++++++++++++

solution_summary(scuc) = solution_summary(; result = 1, verbose = false)
├ solver_name          : Gurobi
├ Termination
│ ├ termination_status : OPTIMAL
│ ├ result_count       : 1
│ ├ raw_status         : Model was solved to optimality (subject to tolerances), and an optimal solution is available.
│ └ objective_bound    : 2.42134e+16
├ Solution (result = 1)
│ ├ primal_status        : FEASIBLE_POINT
│ ├ dual_status          : NO_SOLUTION
│ ├ objective_value      : 2.42134e+16
│ └ relative_gap         : 1.60158e-09
└ Work counters
  ├ solve_time (sec)   : 6.12000e-01
  ├ simplex_iterations : 0
  ├ barrier_iterations : 0
  └ node_count         : 0


Termination Status: OPTIMAL
Acceptable solution found (Status: OPTIMAL).
Step-6: record datas
PART1: [unit-commitment] calculation result has been saved to: D:\GithubClonefiles\module_unitcommitment\.worktrees\108_168h\output\pcm_com4_loadall_h168_20260823_210543\smooth\clu_ovl\r01\output/details_schedule_results/pcm_simulation_results/intervels_[1]/res_schedule_commitment_result.txt
PART1: [unit-commitment] calculation result has been saved to: D:\GithubClonefiles\module_unitcommitment\.worktrees\108_168h\output\pcm_com4_loadall_h168_20260823_210543\smooth\clu_ovl\r01\output/details_schedule_results/pcm_simulation_results/intervels_[1]/res_schedule_commitment_result.txt
Step-3: Creating dispatching model (Refactored & Modularized)
  Clustered PCM: 108 physical units -> 31 equivalent units (71.3% state reduction; 108 units in non-singleton clusters)
    5-point output grid is infeasible; retrying this window with 17 points
  Clustered PCM: 108 physical units -> 31 equivalent units (71.3% state reduction; 108 units in non-singleton clusters)
    Refined output grid is infeasible; entering continuous residence-power diagnosis
  Clustered PCM: 108 physical units -> 31 equivalent units (71.3% state reduction; 108 units in non-singleton clusters)
  ⚠ True clustered UC failed at cluster_master: INFEASIBLE; falling back to full unit-network SCUC
	 Variables defined.
DEBUG set_objective_economic!: NT=26, NG=108, ND=91, NW=20, NS=1, K=3, size(refcost)=(108,), size(eachslope)=(3, 108)
objective_function
	MILP economic objective set
subject to.
	 constraints: 1) minimum shutup/shutdown time limits			 done
	 constraints: 2) binary variable logic					 done
	 constraints: 3) shutup/shutdown cost					 done
	 constraints: 4) loadcurtailments and spoliedwinds			 done
	 constraints: 5) generatos power limits					 done
	 constraints: 6) system reserves limits					 done
	 constraints: 7) power balance constraints				 done
	 constraints: 8) ramp-up/ramp-down constraints				 done
	 constraints: 9) piece linearization constraints			 done
	 constraints: 10) transmissionline limits skipped (is_NetWorkCon != 1 or Gsdf missing or NL=0)
	 constraints: 11) stroges system constraints skipped (NC=0 or variables not defined)
	 constraints: 12) data centra constraints skipped (is_ConsiderDataCentra != 1)
	 constraints: 13) frequency control constraints skipped (is_ConsiderFrequencyControl != 1)
	 constraints: 14) hydro power limits					 done
+++++++++++++++++++++++++++++++++++++++++++++++++++++++++++++++++++++++++++++++++++++++++++
Step-4: starting Gurobi solver
Step-5: Gurobi solver finished
+++++++++++++++++++++++++++++++++++++++++++++++++++++++++++++++++++++++++++++++++++++++++++

solution_summary(scuc) = solution_summary(; result = 1, verbose = false)
├ solver_name          : Gurobi
├ Termination
│ ├ termination_status : OPTIMAL
│ ├ result_count       : 1
│ ├ raw_status         : Model was solved to optimality (subject to tolerances), and an optimal solution is available.
│ └ objective_bound    : 2.42134e+16
├ Solution (result = 1)
│ ├ primal_status        : FEASIBLE_POINT
│ ├ dual_status          : NO_SOLUTION
│ ├ objective_value      : 2.42134e+16
│ └ relative_gap         : 5.49366e-10
└ Work counters
  ├ solve_time (sec)   : 4.82000e-01
  ├ simplex_iterations : 0
  ├ barrier_iterations : 0
  └ node_count         : 0


Termination Status: OPTIMAL
Acceptable solution found (Status: OPTIMAL).
Step-6: record datas
PART1: [unit-commitment] calculation result has been saved to: D:\GithubClonefiles\module_unitcommitment\.worktrees\108_168h\output\pcm_com4_loadall_h168_20260823_210543\smooth\clu_ovl\r01\output/details_schedule_results/pcm_simulation_results/intervels_[1]/res_schedule_commitment_result.txt
PART1: [unit-commitment] calculation result has been saved to: D:\GithubClonefiles\module_unitcommitment\.worktrees\108_168h\output\pcm_com4_loadall_h168_20260823_210543\smooth\clu_ovl\r01\output/details_schedule_results/pcm_simulation_results/intervels_[1]/res_schedule_commitment_result.txt
Step-3: Creating dispatching model (Refactored & Modularized)
  Clustered PCM: 108 physical units -> 31 equivalent units (71.3% state reduction; 108 units in non-singleton clusters)
    5-point output grid is infeasible; retrying this window with 17 points
  Clustered PCM: 108 physical units -> 31 equivalent units (71.3% state reduction; 108 units in non-singleton clusters)
    Refined output grid is infeasible; entering continuous residence-power diagnosis
  Clustered PCM: 108 physical units -> 31 equivalent units (71.3% state reduction; 108 units in non-singleton clusters)
  ⚠ True clustered UC failed at cluster_master: INFEASIBLE; falling back to full unit-network SCUC
	 Variables defined.
DEBUG set_objective_economic!: NT=31, NG=108, ND=91, NW=20, NS=1, K=3, size(refcost)=(108,), size(eachslope)=(3, 108)
objective_function
	MILP economic objective set
subject to.
	 constraints: 1) minimum shutup/shutdown time limits			 done
	 constraints: 2) binary variable logic					 done
	 constraints: 3) shutup/shutdown cost					 done
	 constraints: 4) loadcurtailments and spoliedwinds			 done
	 constraints: 5) generatos power limits					 done
	 constraints: 6) system reserves limits					 done
	 constraints: 7) power balance constraints				 done
	 constraints: 8) ramp-up/ramp-down constraints				 done
	 constraints: 9) piece linearization constraints			 done
	 constraints: 10) transmissionline limits skipped (is_NetWorkCon != 1 or Gsdf missing or NL=0)
	 constraints: 11) stroges system constraints skipped (NC=0 or variables not defined)
	 constraints: 12) data centra constraints skipped (is_ConsiderDataCentra != 1)
	 constraints: 13) frequency control constraints skipped (is_ConsiderFrequencyControl != 1)
	 constraints: 14) hydro power limits					 done
+++++++++++++++++++++++++++++++++++++++++++++++++++++++++++++++++++++++++++++++++++++++++++
Step-4: starting Gurobi solver
Step-5: Gurobi solver finished
+++++++++++++++++++++++++++++++++++++++++++++++++++++++++++++++++++++++++++++++++++++++++++

solution_summary(scuc) = solution_summary(; result = 1, verbose = false)
├ solver_name          : Gurobi
├ Termination
│ ├ termination_status : OPTIMAL
│ ├ result_count       : 1
│ ├ raw_status         : Model was solved to optimality (subject to tolerances), and an optimal solution is available.
│ └ objective_bound    : 2.42134e+16
├ Solution (result = 1)
│ ├ primal_status        : FEASIBLE_POINT
│ ├ dual_status          : NO_SOLUTION
│ ├ objective_value      : 2.42134e+16
│ └ relative_gap         : 6.65355e-10
└ Work counters
  ├ solve_time (sec)   : 5.49000e-01
  ├ simplex_iterations : 0
  ├ barrier_iterations : 0
  └ node_count         : 0


Termination Status: OPTIMAL
Acceptable solution found (Status: OPTIMAL).
Step-6: record datas
PART1: [unit-commitment] calculation result has been saved to: D:\GithubClonefiles\module_unitcommitment\.worktrees\108_168h\output\pcm_com4_loadall_h168_20260823_210543\smooth\clu_ovl\r01\output/details_schedule_results/pcm_simulation_results/intervels_[1]/res_schedule_commitment_result.txt
PART1: [unit-commitment] calculation result has been saved to: D:\GithubClonefiles\module_unitcommitment\.worktrees\108_168h\output\pcm_com4_loadall_h168_20260823_210543\smooth\clu_ovl\r01\output/details_schedule_results/pcm_simulation_results/intervels_[1]/res_schedule_commitment_result.txt
PART1: [unit-commitment] calculation result has been saved to: D:\GithubClonefiles\module_unitcommitment\.worktrees\108_168h\output\pcm_com4_loadall_h168_20260823_210543\smooth\clu_ovl\r01\output/details_schedule_results/pcm_simulation_results/intervels_[1]/res_schedule_commitment_result.txt
Step-3: Creating dispatching model (Refactored & Modularized)
  Clustered PCM: 108 physical units -> 31 equivalent units (71.3% state reduction; 108 units in non-singleton clusters)
    5-point output grid is infeasible; retrying this window with 17 points
  Clustered PCM: 108 physical units -> 31 equivalent units (71.3% state reduction; 108 units in non-singleton clusters)
    Refined output grid is infeasible; entering continuous residence-power diagnosis
  Clustered PCM: 108 physical units -> 31 equivalent units (71.3% state reduction; 108 units in non-singleton clusters)
  ⚠ True clustered UC failed at cluster_master: INFEASIBLE; falling back to full unit-network SCUC
	 Variables defined.
DEBUG set_objective_economic!: NT=36, NG=108, ND=91, NW=20, NS=1, K=3, size(refcost)=(108,), size(eachslope)=(3, 108)
objective_function
	MILP economic objective set
subject to.
	 constraints: 1) minimum shutup/shutdown time limits			 done
	 constraints: 2) binary variable logic					 done
	 constraints: 3) shutup/shutdown cost					 done
	 constraints: 4) loadcurtailments and spoliedwinds			 done
	 constraints: 5) generatos power limits					 done
	 constraints: 6) system reserves limits					 done
	 constraints: 7) power balance constraints				 done
	 constraints: 8) ramp-up/ramp-down constraints				 done
	 constraints: 9) piece linearization constraints			 done
	 constraints: 10) transmissionline limits skipped (is_NetWorkCon != 1 or Gsdf missing or NL=0)
	 constraints: 11) stroges system constraints skipped (NC=0 or variables not defined)
	 constraints: 12) data centra constraints skipped (is_ConsiderDataCentra != 1)
	 constraints: 13) frequency control constraints skipped (is_ConsiderFrequencyControl != 1)
	 constraints: 14) hydro power limits					 done
+++++++++++++++++++++++++++++++++++++++++++++++++++++++++++++++++++++++++++++++++++++++++++
Step-4: starting Gurobi solver
Step-5: Gurobi solver finished
+++++++++++++++++++++++++++++++++++++++++++++++++++++++++++++++++++++++++++++++++++++++++++

solution_summary(scuc) = solution_summary(; result = 1, verbose = false)
├ solver_name          : Gurobi
├ Termination
│ ├ termination_status : OPTIMAL
│ ├ result_count       : 1
│ ├ raw_status         : Model was solved to optimality (subject to tolerances), and an optimal solution is available.
│ └ objective_bound    : 2.80698e+16
├ Solution (result = 1)
│ ├ primal_status        : FEASIBLE_POINT
│ ├ dual_status          : NO_SOLUTION
│ ├ objective_value      : 2.80698e+16
│ └ relative_gap         : 1.46274e-09
└ Work counters
  ├ solve_time (sec)   : 5.85000e-01
  ├ simplex_iterations : 0
  ├ barrier_iterations : 0
  └ node_count         : 0


Termination Status: OPTIMAL
Acceptable solution found (Status: OPTIMAL).
Step-6: record datas
PART1: [unit-commitment] calculation result has been saved to: D:\GithubClonefiles\module_unitcommitment\.worktrees\108_168h\output\pcm_com4_loadall_h168_20260823_210543\smooth\clu_ovl\r01\output/details_schedule_results/pcm_simulation_results/intervels_[1]/res_schedule_commitment_result.txt
Step-3: Creating dispatching model (Refactored & Modularized)
  Clustered PCM: 108 physical units -> 31 equivalent units (71.3% state reduction; 108 units in non-singleton clusters)
    5-point output grid is infeasible; retrying this window with 17 points
  Clustered PCM: 108 physical units -> 31 equivalent units (71.3% state reduction; 108 units in non-singleton clusters)
    Refined output grid is infeasible; entering continuous residence-power diagnosis
  Clustered PCM: 108 physical units -> 31 equivalent units (71.3% state reduction; 108 units in non-singleton clusters)
  ⚠ True clustered UC failed at cluster_master: INFEASIBLE; falling back to full unit-network SCUC
	 Variables defined.
DEBUG set_objective_economic!: NT=36, NG=108, ND=91, NW=20, NS=1, K=3, size(refcost)=(108,), size(eachslope)=(3, 108)
objective_function
	MILP economic objective set
subject to.
	 constraints: 1) minimum shutup/shutdown time limits			 done
	 constraints: 2) binary variable logic					 done
	 constraints: 3) shutup/shutdown cost					 done
	 constraints: 4) loadcurtailments and spoliedwinds			 done
	 constraints: 5) generatos power limits					 done
	 constraints: 6) system reserves limits					 done
	 constraints: 7) power balance constraints				 done
	 constraints: 8) ramp-up/ramp-down constraints				 done
	 constraints: 9) piece linearization constraints			 done
	 constraints: 10) transmissionline limits skipped (is_NetWorkCon != 1 or Gsdf missing or NL=0)
	 constraints: 11) stroges system constraints skipped (NC=0 or variables not defined)
	 constraints: 12) data centra constraints skipped (is_ConsiderDataCentra != 1)
	 constraints: 13) frequency control constraints skipped (is_ConsiderFrequencyControl != 1)
	 constraints: 14) hydro power limits					 done
+++++++++++++++++++++++++++++++++++++++++++++++++++++++++++++++++++++++++++++++++++++++++++
Step-4: starting Gurobi solver
Step-5: Gurobi solver finished
+++++++++++++++++++++++++++++++++++++++++++++++++++++++++++++++++++++++++++++++++++++++++++

solution_summary(scuc) = solution_summary(; result = 1, verbose = false)
├ solver_name          : Gurobi
├ Termination
│ ├ termination_status : OPTIMAL
│ ├ result_count       : 1
│ ├ raw_status         : Model was solved to optimality (subject to tolerances), and an optimal solution is available.
│ └ objective_bound    : 2.80698e+16
├ Solution (result = 1)
│ ├ primal_status        : FEASIBLE_POINT
│ ├ dual_status          : NO_SOLUTION
│ ├ objective_value      : 2.80698e+16
│ └ relative_gap         : 1.46274e-09
└ Work counters
  ├ solve_time (sec)   : 5.81000e-01
  ├ simplex_iterations : 0
  ├ barrier_iterations : 0
  └ node_count         : 0


Termination Status: OPTIMAL
Acceptable solution found (Status: OPTIMAL).
Step-6: record datas
PART1: [unit-commitment] calculation result has been saved to: D:\GithubClonefiles\module_unitcommitment\.worktrees\108_168h\output\pcm_com4_loadall_h168_20260823_210543\smooth\clu_ovl\r01\output/details_schedule_results/pcm_simulation_results/intervels_[1]/res_schedule_commitment_result.txt
PART1: [unit-commitment] calculation result has been saved to: D:\GithubClonefiles\module_unitcommitment\.worktrees\108_168h\output\pcm_com4_loadall_h168_20260823_210543\smooth\clu_ovl\r01\output/details_schedule_results/pcm_simulation_results/intervels_[1]/res_schedule_commitment_result.txt
Step-3: Creating dispatching model (Refactored & Modularized)
  Clustered PCM: 108 physical units -> 31 equivalent units (71.3% state reduction; 108 units in non-singleton clusters)
    5-point output grid is infeasible; retrying this window with 17 points
  Clustered PCM: 108 physical units -> 31 equivalent units (71.3% state reduction; 108 units in non-singleton clusters)
    Refined output grid is infeasible; entering continuous residence-power diagnosis
  Clustered PCM: 108 physical units -> 31 equivalent units (71.3% state reduction; 108 units in non-singleton clusters)
  ⚠ True clustered UC failed at cluster_master: INFEASIBLE; falling back to full unit-network SCUC
	 Variables defined.
DEBUG set_objective_economic!: NT=26, NG=108, ND=91, NW=20, NS=1, K=3, size(refcost)=(108,), size(eachslope)=(3, 108)
objective_function
	MILP economic objective set
subject to.
	 constraints: 1) minimum shutup/shutdown time limits			 done
	 constraints: 2) binary variable logic					 done
	 constraints: 3) shutup/shutdown cost					 done
	 constraints: 4) loadcurtailments and spoliedwinds			 done
	 constraints: 5) generatos power limits					 done
	 constraints: 6) system reserves limits					 done
	 constraints: 7) power balance constraints				 done
	 constraints: 8) ramp-up/ramp-down constraints				 done
	 constraints: 9) piece linearization constraints			 done
	 constraints: 10) transmissionline limits skipped (is_NetWorkCon != 1 or Gsdf missing or NL=0)
	 constraints: 11) stroges system constraints skipped (NC=0 or variables not defined)
	 constraints: 12) data centra constraints skipped (is_ConsiderDataCentra != 1)
	 constraints: 13) frequency control constraints skipped (is_ConsiderFrequencyControl != 1)
	 constraints: 14) hydro power limits					 done
+++++++++++++++++++++++++++++++++++++++++++++++++++++++++++++++++++++++++++++++++++++++++++
Step-4: starting Gurobi solver
Step-5: Gurobi solver finished
+++++++++++++++++++++++++++++++++++++++++++++++++++++++++++++++++++++++++++++++++++++++++++

solution_summary(scuc) = solution_summary(; result = 1, verbose = false)
├ solver_name          : Gurobi
├ Termination
│ ├ termination_status : OPTIMAL
│ ├ result_count       : 1
│ ├ raw_status         : Model was solved to optimality (subject to tolerances), and an optimal solution is available.
│ └ objective_bound    : 2.80698e+16
├ Solution (result = 1)
│ ├ primal_status        : FEASIBLE_POINT
│ ├ dual_status          : NO_SOLUTION
│ ├ objective_value      : 2.80698e+16
│ └ relative_gap         : 4.69560e-10
└ Work counters
  ├ solve_time (sec)   : 5.43000e-01
  ├ simplex_iterations : 0
  ├ barrier_iterations : 0
  └ node_count         : 0


Termination Status: OPTIMAL
Acceptable solution found (Status: OPTIMAL).
Step-6: record datas
PART1: [unit-commitment] calculation result has been saved to: D:\GithubClonefiles\module_unitcommitment\.worktrees\108_168h\output\pcm_com4_loadall_h168_20260823_210543\smooth\clu_ovl\r01\output/details_schedule_results/pcm_simulation_results/intervels_[1]/res_schedule_commitment_result.txt
PART1: [unit-commitment] calculation result has been saved to: D:\GithubClonefiles\module_unitcommitment\.worktrees\108_168h\output\pcm_com4_loadall_h168_20260823_210543\smooth\clu_ovl\r01\output/details_schedule_results/pcm_simulation_results/intervels_[1]/res_schedule_commitment_result.txt
Step-3: Creating dispatching model (Refactored & Modularized)
  Clustered PCM: 108 physical units -> 31 equivalent units (71.3% state reduction; 108 units in non-singleton clusters)
    5-point output grid is infeasible; retrying this window with 17 points
  Clustered PCM: 108 physical units -> 31 equivalent units (71.3% state reduction; 108 units in non-singleton clusters)
    Refined output grid is infeasible; entering continuous residence-power diagnosis
  Clustered PCM: 108 physical units -> 31 equivalent units (71.3% state reduction; 108 units in non-singleton clusters)
  ⚠ True clustered UC failed at cluster_master: INFEASIBLE; falling back to full unit-network SCUC
	 Variables defined.
DEBUG set_objective_economic!: NT=31, NG=108, ND=91, NW=20, NS=1, K=3, size(refcost)=(108,), size(eachslope)=(3, 108)
objective_function
	MILP economic objective set
subject to.
	 constraints: 1) minimum shutup/shutdown time limits			 done
	 constraints: 2) binary variable logic					 done
	 constraints: 3) shutup/shutdown cost					 done
	 constraints: 4) loadcurtailments and spoliedwinds			 done
	 constraints: 5) generatos power limits					 done
	 constraints: 6) system reserves limits					 done
	 constraints: 7) power balance constraints				 done
	 constraints: 8) ramp-up/ramp-down constraints				 done
	 constraints: 9) piece linearization constraints			 done
	 constraints: 10) transmissionline limits skipped (is_NetWorkCon != 1 or Gsdf missing or NL=0)
	 constraints: 11) stroges system constraints skipped (NC=0 or variables not defined)
	 constraints: 12) data centra constraints skipped (is_ConsiderDataCentra != 1)
	 constraints: 13) frequency control constraints skipped (is_ConsiderFrequencyControl != 1)
	 constraints: 14) hydro power limits					 done
+++++++++++++++++++++++++++++++++++++++++++++++++++++++++++++++++++++++++++++++++++++++++++
Step-4: starting Gurobi solver
Step-5: Gurobi solver finished
+++++++++++++++++++++++++++++++++++++++++++++++++++++++++++++++++++++++++++++++++++++++++++

solution_summary(scuc) = solution_summary(; result = 1, verbose = false)
├ solver_name          : Gurobi
├ Termination
│ ├ termination_status : OPTIMAL
│ ├ result_count       : 1
│ ├ raw_status         : Model was solved to optimality (subject to tolerances), and an optimal solution is available.
│ └ objective_bound    : 2.80698e+16
├ Solution (result = 1)
│ ├ primal_status        : FEASIBLE_POINT
│ ├ dual_status          : NO_SOLUTION
│ ├ objective_value      : 2.80698e+16
│ └ relative_gap         : 6.85333e-10
└ Work counters
  ├ solve_time (sec)   : 5.10000e-01
  ├ simplex_iterations : 0
  ├ barrier_iterations : 0
  └ node_count         : 0


Termination Status: OPTIMAL
Acceptable solution found (Status: OPTIMAL).
Step-6: record datas
PART1: [unit-commitment] calculation result has been saved to: D:\GithubClonefiles\module_unitcommitment\.worktrees\108_168h\output\pcm_com4_loadall_h168_20260823_210543\smooth\clu_ovl\r01\output/details_schedule_results/pcm_simulation_results/intervels_[1]/res_schedule_commitment_result.txt
PART1: [unit-commitment] calculation result has been saved to: D:\GithubClonefiles\module_unitcommitment\.worktrees\108_168h\output\pcm_com4_loadall_h168_20260823_210543\smooth\clu_ovl\r01\output/details_schedule_results/pcm_simulation_results/intervels_[1]/res_schedule_commitment_result.txt
PART1: [unit-commitment] calculation result has been saved to: D:\GithubClonefiles\module_unitcommitment\.worktrees\108_168h\output\pcm_com4_loadall_h168_20260823_210543\smooth\clu_ovl\r01\output/details_schedule_results/pcm_simulation_results/intervels_[1]/res_schedule_commitment_result.txt
Step-3: Creating dispatching model (Refactored & Modularized)
  Clustered PCM: 108 physical units -> 31 equivalent units (71.3% state reduction; 108 units in non-singleton clusters)
    5-point output grid is infeasible; retrying this window with 17 points
  Clustered PCM: 108 physical units -> 31 equivalent units (71.3% state reduction; 108 units in non-singleton clusters)
    Refined output grid is infeasible; entering continuous residence-power diagnosis
  Clustered PCM: 108 physical units -> 31 equivalent units (71.3% state reduction; 108 units in non-singleton clusters)
  ⚠ True clustered UC failed at cluster_master: INFEASIBLE; falling back to full unit-network SCUC
	 Variables defined.
DEBUG set_objective_economic!: NT=36, NG=108, ND=91, NW=20, NS=1, K=3, size(refcost)=(108,), size(eachslope)=(3, 108)
objective_function
	MILP economic objective set
subject to.
	 constraints: 1) minimum shutup/shutdown time limits			 done
	 constraints: 2) binary variable logic					 done
	 constraints: 3) shutup/shutdown cost					 done
	 constraints: 4) loadcurtailments and spoliedwinds			 done
	 constraints: 5) generatos power limits					 done
	 constraints: 6) system reserves limits					 done
	 constraints: 7) power balance constraints				 done
	 constraints: 8) ramp-up/ramp-down constraints				 done
	 constraints: 9) piece linearization constraints			 done
	 constraints: 10) transmissionline limits skipped (is_NetWorkCon != 1 or Gsdf missing or NL=0)
	 constraints: 11) stroges system constraints skipped (NC=0 or variables not defined)
	 constraints: 12) data centra constraints skipped (is_ConsiderDataCentra != 1)
	 constraints: 13) frequency control constraints skipped (is_ConsiderFrequencyControl != 1)
	 constraints: 14) hydro power limits					 done
+++++++++++++++++++++++++++++++++++++++++++++++++++++++++++++++++++++++++++++++++++++++++++
Step-4: starting Gurobi solver
Step-5: Gurobi solver finished
+++++++++++++++++++++++++++++++++++++++++++++++++++++++++++++++++++++++++++++++++++++++++++

solution_summary(scuc) = solution_summary(; result = 1, verbose = false)
├ solver_name          : Gurobi
├ Termination
│ ├ termination_status : OPTIMAL
│ ├ result_count       : 1
│ ├ raw_status         : Model was solved to optimality (subject to tolerances), and an optimal solution is available.
│ └ objective_bound    : 2.68052e+16
├ Solution (result = 1)
│ ├ primal_status        : FEASIBLE_POINT
│ ├ dual_status          : NO_SOLUTION
│ ├ objective_value      : 2.68052e+16
│ └ relative_gap         : 1.55248e-09
└ Work counters
  ├ solve_time (sec)   : 5.82000e-01
  ├ simplex_iterations : 0
  ├ barrier_iterations : 0
  └ node_count         : 0


Termination Status: OPTIMAL
Acceptable solution found (Status: OPTIMAL).
Step-6: record datas
PART1: [unit-commitment] calculation result has been saved to: D:\GithubClonefiles\module_unitcommitment\.worktrees\108_168h\output\pcm_com4_loadall_h168_20260823_210543\smooth\clu_ovl\r01\output/details_schedule_results/pcm_simulation_results/intervels_[1]/res_schedule_commitment_result.txt
Step-3: Creating dispatching model (Refactored & Modularized)
  Clustered PCM: 108 physical units -> 31 equivalent units (71.3% state reduction; 108 units in non-singleton clusters)
    5-point output grid is infeasible; retrying this window with 17 points
  Clustered PCM: 108 physical units -> 31 equivalent units (71.3% state reduction; 108 units in non-singleton clusters)
    Refined output grid is infeasible; entering continuous residence-power diagnosis
  Clustered PCM: 108 physical units -> 31 equivalent units (71.3% state reduction; 108 units in non-singleton clusters)
  ⚠ True clustered UC failed at cluster_master: INFEASIBLE; falling back to full unit-network SCUC
	 Variables defined.
DEBUG set_objective_economic!: NT=36, NG=108, ND=91, NW=20, NS=1, K=3, size(refcost)=(108,), size(eachslope)=(3, 108)
objective_function
	MILP economic objective set
subject to.
	 constraints: 1) minimum shutup/shutdown time limits			 done
	 constraints: 2) binary variable logic					 done
	 constraints: 3) shutup/shutdown cost					 done
	 constraints: 4) loadcurtailments and spoliedwinds			 done
	 constraints: 5) generatos power limits					 done
	 constraints: 6) system reserves limits					 done
	 constraints: 7) power balance constraints				 done
	 constraints: 8) ramp-up/ramp-down constraints				 done
	 constraints: 9) piece linearization constraints			 done
	 constraints: 10) transmissionline limits skipped (is_NetWorkCon != 1 or Gsdf missing or NL=0)
	 constraints: 11) stroges system constraints skipped (NC=0 or variables not defined)
	 constraints: 12) data centra constraints skipped (is_ConsiderDataCentra != 1)
	 constraints: 13) frequency control constraints skipped (is_ConsiderFrequencyControl != 1)
	 constraints: 14) hydro power limits					 done
+++++++++++++++++++++++++++++++++++++++++++++++++++++++++++++++++++++++++++++++++++++++++++
Step-4: starting Gurobi solver
Step-5: Gurobi solver finished
+++++++++++++++++++++++++++++++++++++++++++++++++++++++++++++++++++++++++++++++++++++++++++

solution_summary(scuc) = solution_summary(; result = 1, verbose = false)
├ solver_name          : Gurobi
├ Termination
│ ├ termination_status : OPTIMAL
│ ├ result_count       : 1
│ ├ raw_status         : Model was solved to optimality (subject to tolerances), and an optimal solution is available.
│ └ objective_bound    : 2.68052e+16
├ Solution (result = 1)
│ ├ primal_status        : FEASIBLE_POINT
│ ├ dual_status          : NO_SOLUTION
│ ├ objective_value      : 2.68052e+16
│ └ relative_gap         : 1.55248e-09
└ Work counters
  ├ solve_time (sec)   : 5.92000e-01
  ├ simplex_iterations : 0
  ├ barrier_iterations : 0
  └ node_count         : 0


Termination Status: OPTIMAL
Acceptable solution found (Status: OPTIMAL).
Step-6: record datas
PART1: [unit-commitment] calculation result has been saved to: D:\GithubClonefiles\module_unitcommitment\.worktrees\108_168h\output\pcm_com4_loadall_h168_20260823_210543\smooth\clu_ovl\r01\output/details_schedule_results/pcm_simulation_results/intervels_[1]/res_schedule_commitment_result.txt
PART1: [unit-commitment] calculation result has been saved to: D:\GithubClonefiles\module_unitcommitment\.worktrees\108_168h\output\pcm_com4_loadall_h168_20260823_210543\smooth\clu_ovl\r01\output/details_schedule_results/pcm_simulation_results/intervels_[1]/res_schedule_commitment_result.txt
Step-3: Creating dispatching model (Refactored & Modularized)
  Clustered PCM: 108 physical units -> 31 equivalent units (71.3% state reduction; 108 units in non-singleton clusters)
    5-point output grid is infeasible; retrying this window with 17 points
  Clustered PCM: 108 physical units -> 31 equivalent units (71.3% state reduction; 108 units in non-singleton clusters)
    Refined output grid is infeasible; entering continuous residence-power diagnosis
  Clustered PCM: 108 physical units -> 31 equivalent units (71.3% state reduction; 108 units in non-singleton clusters)
  ⚠ True clustered UC failed at cluster_master: INFEASIBLE; falling back to full unit-network SCUC
	 Variables defined.
DEBUG set_objective_economic!: NT=26, NG=108, ND=91, NW=20, NS=1, K=3, size(refcost)=(108,), size(eachslope)=(3, 108)
objective_function
	MILP economic objective set
subject to.
	 constraints: 1) minimum shutup/shutdown time limits			 done
	 constraints: 2) binary variable logic					 done
	 constraints: 3) shutup/shutdown cost					 done
	 constraints: 4) loadcurtailments and spoliedwinds			 done
	 constraints: 5) generatos power limits					 done
	 constraints: 6) system reserves limits					 done
	 constraints: 7) power balance constraints				 done
	 constraints: 8) ramp-up/ramp-down constraints				 done
	 constraints: 9) piece linearization constraints			 done
	 constraints: 10) transmissionline limits skipped (is_NetWorkCon != 1 or Gsdf missing or NL=0)
	 constraints: 11) stroges system constraints skipped (NC=0 or variables not defined)
	 constraints: 12) data centra constraints skipped (is_ConsiderDataCentra != 1)
	 constraints: 13) frequency control constraints skipped (is_ConsiderFrequencyControl != 1)
	 constraints: 14) hydro power limits					 done
+++++++++++++++++++++++++++++++++++++++++++++++++++++++++++++++++++++++++++++++++++++++++++
Step-4: starting Gurobi solver
Step-5: Gurobi solver finished
+++++++++++++++++++++++++++++++++++++++++++++++++++++++++++++++++++++++++++++++++++++++++++

solution_summary(scuc) = solution_summary(; result = 1, verbose = false)
├ solver_name          : Gurobi
├ Termination
│ ├ termination_status : OPTIMAL
│ ├ result_count       : 1
│ ├ raw_status         : Model was solved to optimality (subject to tolerances), and an optimal solution is available.
│ └ objective_bound    : 2.68052e+16
├ Solution (result = 1)
│ ├ primal_status        : FEASIBLE_POINT
│ ├ dual_status          : NO_SOLUTION
│ ├ objective_value      : 2.68052e+16
│ └ relative_gap         : 4.88149e-10
└ Work counters
  ├ solve_time (sec)   : 4.86000e-01
  ├ simplex_iterations : 0
  ├ barrier_iterations : 0
  └ node_count         : 0


Termination Status: OPTIMAL
Acceptable solution found (Status: OPTIMAL).
Step-6: record datas
Set parameter Username
Set parameter LicenseID to value 2826524
Academic license - for non-commercial use only - expires 2027-05-22
Set parameter Username
Set parameter LicenseID to value 2826524
Academic license - for non-commercial use only - expires 2027-05-22
Set parameter Username
Set parameter LicenseID to value 2826524
Academic license - for non-commercial use only - expires 2027-05-22
Set parameter Username
Set parameter LicenseID to value 2826524
Academic license - for non-commercial use only - expires 2027-05-22
Set parameter Username
Set parameter LicenseID to value 2826524
Academic license - for non-commercial use only - expires 2027-05-22
Set parameter Username
Set parameter LicenseID to value 2826524
Academic license - for non-commercial use only - expires 2027-05-22
Set parameter Username
Set parameter LicenseID to value 2826524
Academic license - for non-commercial use only - expires 2027-05-22
Set parameter Username
Set parameter LicenseID to value 2826524
Academic license - for non-commercial use only - expires 2027-05-22
Set parameter Username
Set parameter LicenseID to value 2826524
Academic license - for non-commercial use only - expires 2027-05-22
Set parameter Username
Set parameter LicenseID to value 2826524
Academic license - for non-commercial use only - expires 2027-05-22
Set parameter Username
Set parameter LicenseID to value 2826524
Academic license - for non-commercial use only - expires 2027-05-22
Set parameter Username
Set parameter LicenseID to value 2826524
Academic license - for non-commercial use only - expires 2027-05-22
Set parameter Username
Set parameter LicenseID to value 2826524
Academic license - for non-commercial use only - expires 2027-05-22
Set parameter Username
Set parameter LicenseID to value 2826524
Academic license - for non-commercial use only - expires 2027-05-22
Set parameter Username
Set parameter LicenseID to value 2826524
Academic license - for non-commercial use only - expires 2027-05-22
Set parameter Username
Set parameter LicenseID to value 2826524
Academic license - for non-commercial use only - expires 2027-05-22
Set parameter Username
Set parameter LicenseID to value 2826524
Academic license - for non-commercial use only - expires 2027-05-22
Set parameter Username
Set parameter LicenseID to value 2826524
Academic license - for non-commercial use only - expires 2027-05-22
Set parameter Username
Set parameter LicenseID to value 2826524
Academic license - for non-commercial use only - expires 2027-05-22
Set parameter Username
Set parameter LicenseID to value 2826524
Academic license - for non-commercial use only - expires 2027-05-22
Set parameter Username
Set parameter LicenseID to value 2826524
Academic license - for non-commercial use only - expires 2027-05-22
Set parameter Username
Set parameter LicenseID to value 2826524
Academic license - for non-commercial use only - expires 2027-05-22
Set parameter Username
Set parameter LicenseID to value 2826524
Academic license - for non-commercial use only - expires 2027-05-22
Set parameter Username
Set parameter LicenseID to value 2826524
Academic license - for non-commercial use only - expires 2027-05-22
Set parameter Username
Set parameter LicenseID to value 2826524
Academic license - for non-commercial use only - expires 2027-05-22
Set parameter Username
Set parameter LicenseID to value 2826524
Academic license - for non-commercial use only - expires 2027-05-22
Set parameter Username
Set parameter LicenseID to value 2826524
Academic license - for non-commercial use only - expires 2027-05-22
Set parameter Username
Set parameter LicenseID to value 2826524
Academic license - for non-commercial use only - expires 2027-05-22
Set parameter Username
Set parameter LicenseID to value 2826524
Academic license - for non-commercial use only - expires 2027-05-22
Set parameter Username
Set parameter LicenseID to value 2826524
Academic license - for non-commercial use only - expires 2027-05-22
Set parameter Username
Set parameter LicenseID to value 2826524
Academic license - for non-commercial use only - expires 2027-05-22
Set parameter Username
Set parameter LicenseID to value 2826524
Academic license - for non-commercial use only - expires 2027-05-22
Set parameter Username
Set parameter LicenseID to value 2826524
Academic license - for non-commercial use only - expires 2027-05-22
Set parameter Username
Set parameter LicenseID to value 2826524
Academic license - for non-commercial use only - expires 2027-05-22
Set parameter Username
Set parameter LicenseID to value 2826524
Academic license - for non-commercial use only - expires 2027-05-22
Set parameter Username
Set parameter LicenseID to value 2826524
Academic license - for non-commercial use only - expires 2027-05-22
Set parameter Username
Set parameter LicenseID to value 2826524
Academic license - for non-commercial use only - expires 2027-05-22
Set parameter Username
Set parameter LicenseID to value 2826524
Academic license - for non-commercial use only - expires 2027-05-22
Set parameter Username
Set parameter LicenseID to value 2826524
Academic license - for non-commercial use only - expires 2027-05-22
Set parameter Username
Set parameter LicenseID to value 2826524
Academic license - for non-commercial use only - expires 2027-05-22
Set parameter Username
Set parameter LicenseID to value 2826524
Academic license - for non-commercial use only - expires 2027-05-22
Set parameter Username
Set parameter LicenseID to value 2826524
Academic license - for non-commercial use only - expires 2027-05-22
Set parameter Username
Set parameter LicenseID to value 2826524
Academic license - for non-commercial use only - expires 2027-05-22
Set parameter Username
Set parameter LicenseID to value 2826524
Academic license - for non-commercial use only - expires 2027-05-22
Set parameter Username
Set parameter LicenseID to value 2826524
Academic license - for non-commercial use only - expires 2027-05-22
PART1: [unit-commitment] calculation result has been saved to: D:\GithubClonefiles\module_unitcommitment\.worktrees\108_168h\output\pcm_com4_loadall_h168_20260823_210543\smooth\clu_ovl\r01\output/details_schedule_results/pcm_simulation_results/intervels_[1]/res_schedule_commitment_result.txt
PART1: [unit-commitment] calculation result has been saved to: D:\GithubClonefiles\module_unitcommitment\.worktrees\108_168h\output\pcm_com4_loadall_h168_20260823_210543\smooth\clu_ovl\r01\output/details_schedule_results/pcm_simulation_results/intervels_[1]/res_schedule_commitment_result.txt
Step-3: Creating dispatching model (Refactored & Modularized)
  Clustered PCM: 108 physical units -> 31 equivalent units (71.3% state reduction; 108 units in non-singleton clusters)
    5-point output grid is infeasible; retrying this window with 17 points
  Clustered PCM: 108 physical units -> 31 equivalent units (71.3% state reduction; 108 units in non-singleton clusters)
    Refined output grid is infeasible; entering continuous residence-power diagnosis
  Clustered PCM: 108 physical units -> 31 equivalent units (71.3% state reduction; 108 units in non-singleton clusters)
  ⚠ True clustered UC failed at cluster_master: INFEASIBLE; falling back to full unit-network SCUC
	 Variables defined.
DEBUG set_objective_economic!: NT=31, NG=108, ND=91, NW=20, NS=1, K=3, size(refcost)=(108,), size(eachslope)=(3, 108)
objective_function
	MILP economic objective set
subject to.
	 constraints: 1) minimum shutup/shutdown time limits			 done
	 constraints: 2) binary variable logic					 done
	 constraints: 3) shutup/shutdown cost					 done
	 constraints: 4) loadcurtailments and spoliedwinds			 done
	 constraints: 5) generatos power limits					 done
	 constraints: 6) system reserves limits					 done
	 constraints: 7) power balance constraints				 done
	 constraints: 8) ramp-up/ramp-down constraints				 done
	 constraints: 9) piece linearization constraints			 done
	 constraints: 10) transmissionline limits skipped (is_NetWorkCon != 1 or Gsdf missing or NL=0)
	 constraints: 11) stroges system constraints skipped (NC=0 or variables not defined)
	 constraints: 12) data centra constraints skipped (is_ConsiderDataCentra != 1)
	 constraints: 13) frequency control constraints skipped (is_ConsiderFrequencyControl != 1)
	 constraints: 14) hydro power limits					 done
+++++++++++++++++++++++++++++++++++++++++++++++++++++++++++++++++++++++++++++++++++++++++++
Step-4: starting Gurobi solver
Step-5: Gurobi solver finished
+++++++++++++++++++++++++++++++++++++++++++++++++++++++++++++++++++++++++++++++++++++++++++

solution_summary(scuc) = solution_summary(; result = 1, verbose = false)
├ solver_name          : Gurobi
├ Termination
│ ├ termination_status : OPTIMAL
│ ├ result_count       : 1
│ ├ raw_status         : Model was solved to optimality (subject to tolerances), and an optimal solution is available.
│ └ objective_bound    : 2.68052e+16
├ Solution (result = 1)
│ ├ primal_status        : FEASIBLE_POINT
│ ├ dual_status          : NO_SOLUTION
│ ├ objective_value      : 2.73052e+16
│ └ relative_gap         : 1.83115e-02
└ Work counters
  ├ solve_time (sec)   : 6.25000e-01
  ├ simplex_iterations : 0
  ├ barrier_iterations : 0
  └ node_count         : 0


Termination Status: OPTIMAL
Acceptable solution found (Status: OPTIMAL).
Step-6: record datas
PART1: [unit-commitment] calculation result has been saved to: D:\GithubClonefiles\module_unitcommitment\.worktrees\108_168h\output\pcm_com4_loadall_h168_20260823_210543\smooth\clu_ovl\r01\output/details_schedule_results/pcm_simulation_results/intervels_[1]/res_schedule_commitment_result.txt
PART1: [unit-commitment] calculation result has been saved to: D:\GithubClonefiles\module_unitcommitment\.worktrees\108_168h\output\pcm_com4_loadall_h168_20260823_210543\smooth\clu_ovl\r01\output/details_schedule_results/pcm_simulation_results/intervels_[1]/res_schedule_commitment_result.txt
PART1: [unit-commitment] calculation result has been saved to: D:\GithubClonefiles\module_unitcommitment\.worktrees\108_168h\output\pcm_com4_loadall_h168_20260823_210543\smooth\clu_ovl\r01\output/details_schedule_results/pcm_simulation_results/intervels_[1]/res_schedule_commitment_result.txt
Step-3: Creating dispatching model (Refactored & Modularized)
  Clustered PCM: 108 physical units -> 31 equivalent units (71.3% state reduction; 108 units in non-singleton clusters)
    5-point output grid is infeasible; retrying this window with 17 points
  Clustered PCM: 108 physical units -> 31 equivalent units (71.3% state reduction; 108 units in non-singleton clusters)
    Refined output grid is infeasible; entering continuous residence-power diagnosis
  Clustered PCM: 108 physical units -> 31 equivalent units (71.3% state reduction; 108 units in non-singleton clusters)
  ⚠ True clustered UC failed at cluster_master: INFEASIBLE; falling back to full unit-network SCUC
	 Variables defined.
DEBUG set_objective_economic!: NT=36, NG=108, ND=91, NW=20, NS=1, K=3, size(refcost)=(108,), size(eachslope)=(3, 108)
objective_function
	MILP economic objective set
subject to.
	 constraints: 1) minimum shutup/shutdown time limits			 done
	 constraints: 2) binary variable logic					 done
	 constraints: 3) shutup/shutdown cost					 done
	 constraints: 4) loadcurtailments and spoliedwinds			 done
	 constraints: 5) generatos power limits					 done
	 constraints: 6) system reserves limits					 done
	 constraints: 7) power balance constraints				 done
	 constraints: 8) ramp-up/ramp-down constraints				 done
	 constraints: 9) piece linearization constraints			 done
	 constraints: 10) transmissionline limits skipped (is_NetWorkCon != 1 or Gsdf missing or NL=0)
	 constraints: 11) stroges system constraints skipped (NC=0 or variables not defined)
	 constraints: 12) data centra constraints skipped (is_ConsiderDataCentra != 1)
	 constraints: 13) frequency control constraints skipped (is_ConsiderFrequencyControl != 1)
	 constraints: 14) hydro power limits					 done
+++++++++++++++++++++++++++++++++++++++++++++++++++++++++++++++++++++++++++++++++++++++++++
Step-4: starting Gurobi solver
Step-5: Gurobi solver finished
+++++++++++++++++++++++++++++++++++++++++++++++++++++++++++++++++++++++++++++++++++++++++++

solution_summary(scuc) = solution_summary(; result = 1, verbose = false)
├ solver_name          : Gurobi
├ Termination
│ ├ termination_status : OPTIMAL
│ ├ result_count       : 1
│ ├ raw_status         : Model was solved to optimality (subject to tolerances), and an optimal solution is available.
│ └ objective_bound    : 2.35624e+16
├ Solution (result = 1)
│ ├ primal_status        : FEASIBLE_POINT
│ ├ dual_status          : NO_SOLUTION
│ ├ objective_value      : 2.35624e+16
│ └ relative_gap         : 1.74422e-09
└ Work counters
  ├ solve_time (sec)   : 5.95000e-01
  ├ simplex_iterations : 0
  ├ barrier_iterations : 0
  └ node_count         : 0


Termination Status: OPTIMAL
Acceptable solution found (Status: OPTIMAL).
Step-6: record datas
PART1: [unit-commitment] calculation result has been saved to: D:\GithubClonefiles\module_unitcommitment\.worktrees\108_168h\output\pcm_com4_loadall_h168_20260823_210543\smooth\clu_ovl\r01\output/details_schedule_results/pcm_simulation_results/intervels_[1]/res_schedule_commitment_result.txt
Step-3: Creating dispatching model (Refactored & Modularized)
  Clustered PCM: 108 physical units -> 31 equivalent units (71.3% state reduction; 108 units in non-singleton clusters)
    5-point output grid is infeasible; retrying this window with 17 points
  Clustered PCM: 108 physical units -> 31 equivalent units (71.3% state reduction; 108 units in non-singleton clusters)
    Refined output grid is infeasible; entering continuous residence-power diagnosis
  Clustered PCM: 108 physical units -> 31 equivalent units (71.3% state reduction; 108 units in non-singleton clusters)
  ⚠ True clustered UC failed at cluster_master: INFEASIBLE; falling back to full unit-network SCUC
	 Variables defined.
DEBUG set_objective_economic!: NT=36, NG=108, ND=91, NW=20, NS=1, K=3, size(refcost)=(108,), size(eachslope)=(3, 108)
objective_function
	MILP economic objective set
subject to.
	 constraints: 1) minimum shutup/shutdown time limits			 done
	 constraints: 2) binary variable logic					 done
	 constraints: 3) shutup/shutdown cost					 done
	 constraints: 4) loadcurtailments and spoliedwinds			 done
	 constraints: 5) generatos power limits					 done
	 constraints: 6) system reserves limits					 done
	 constraints: 7) power balance constraints				 done
	 constraints: 8) ramp-up/ramp-down constraints				 done
	 constraints: 9) piece linearization constraints			 done
	 constraints: 10) transmissionline limits skipped (is_NetWorkCon != 1 or Gsdf missing or NL=0)
	 constraints: 11) stroges system constraints skipped (NC=0 or variables not defined)
	 constraints: 12) data centra constraints skipped (is_ConsiderDataCentra != 1)
	 constraints: 13) frequency control constraints skipped (is_ConsiderFrequencyControl != 1)
	 constraints: 14) hydro power limits					 done
+++++++++++++++++++++++++++++++++++++++++++++++++++++++++++++++++++++++++++++++++++++++++++
Step-4: starting Gurobi solver
Step-5: Gurobi solver finished
+++++++++++++++++++++++++++++++++++++++++++++++++++++++++++++++++++++++++++++++++++++++++++

solution_summary(scuc) = solution_summary(; result = 1, verbose = false)
├ solver_name          : Gurobi
├ Termination
│ ├ termination_status : OPTIMAL
│ ├ result_count       : 1
│ ├ raw_status         : Model was solved to optimality (subject to tolerances), and an optimal solution is available.
│ └ objective_bound    : 2.35624e+16
├ Solution (result = 1)
│ ├ primal_status        : FEASIBLE_POINT
│ ├ dual_status          : NO_SOLUTION
│ ├ objective_value      : 2.35624e+16
│ └ relative_gap         : 1.74422e-09
└ Work counters
  ├ solve_time (sec)   : 5.88000e-01
  ├ simplex_iterations : 0
  ├ barrier_iterations : 0
  └ node_count         : 0


Termination Status: OPTIMAL
Acceptable solution found (Status: OPTIMAL).
Step-6: record datas
PART1: [unit-commitment] calculation result has been saved to: D:\GithubClonefiles\module_unitcommitment\.worktrees\108_168h\output\pcm_com4_loadall_h168_20260823_210543\smooth\clu_ovl\r01\output/details_schedule_results/pcm_simulation_results/intervels_[1]/res_schedule_commitment_result.txt
PART1: [unit-commitment] calculation result has been saved to: D:\GithubClonefiles\module_unitcommitment\.worktrees\108_168h\output\pcm_com4_loadall_h168_20260823_210543\smooth\clu_ovl\r01\output/details_schedule_results/pcm_simulation_results/intervels_[1]/res_schedule_commitment_result.txt
Step-3: Creating dispatching model (Refactored & Modularized)
  Clustered PCM: 108 physical units -> 31 equivalent units (71.3% state reduction; 108 units in non-singleton clusters)
    5-point output grid is infeasible; retrying this window with 17 points
  Clustered PCM: 108 physical units -> 31 equivalent units (71.3% state reduction; 108 units in non-singleton clusters)
    Refined output grid is infeasible; entering continuous residence-power diagnosis
  Clustered PCM: 108 physical units -> 31 equivalent units (71.3% state reduction; 108 units in non-singleton clusters)
  ⚠ True clustered UC failed at cluster_master: INFEASIBLE; falling back to full unit-network SCUC
	 Variables defined.
DEBUG set_objective_economic!: NT=26, NG=108, ND=91, NW=20, NS=1, K=3, size(refcost)=(108,), size(eachslope)=(3, 108)
objective_function
	MILP economic objective set
subject to.
	 constraints: 1) minimum shutup/shutdown time limits			 done
	 constraints: 2) binary variable logic					 done
	 constraints: 3) shutup/shutdown cost					 done
	 constraints: 4) loadcurtailments and spoliedwinds			 done
	 constraints: 5) generatos power limits					 done
	 constraints: 6) system reserves limits					 done
	 constraints: 7) power balance constraints				 done
	 constraints: 8) ramp-up/ramp-down constraints				 done
	 constraints: 9) piece linearization constraints			 done
	 constraints: 10) transmissionline limits skipped (is_NetWorkCon != 1 or Gsdf missing or NL=0)
	 constraints: 11) stroges system constraints skipped (NC=0 or variables not defined)
	 constraints: 12) data centra constraints skipped (is_ConsiderDataCentra != 1)
	 constraints: 13) frequency control constraints skipped (is_ConsiderFrequencyControl != 1)
	 constraints: 14) hydro power limits					 done
+++++++++++++++++++++++++++++++++++++++++++++++++++++++++++++++++++++++++++++++++++++++++++
Step-4: starting Gurobi solver
Step-5: Gurobi solver finished
+++++++++++++++++++++++++++++++++++++++++++++++++++++++++++++++++++++++++++++++++++++++++++

solution_summary(scuc) = solution_summary(; result = 1, verbose = false)
├ solver_name          : Gurobi
├ Termination
│ ├ termination_status : OPTIMAL
│ ├ result_count       : 1
│ ├ raw_status         : Model was solved to optimality (subject to tolerances), and an optimal solution is available.
│ └ objective_bound    : 2.35624e+16
├ Solution (result = 1)
│ ├ primal_status        : FEASIBLE_POINT
│ ├ dual_status          : NO_SOLUTION
│ ├ objective_value      : 2.35624e+16
│ └ relative_gap         : 5.51192e-10
└ Work counters
  ├ solve_time (sec)   : 4.85000e-01
  ├ simplex_iterations : 0
  ├ barrier_iterations : 0
  └ node_count         : 0


Termination Status: OPTIMAL
Acceptable solution found (Status: OPTIMAL).
Step-6: record datas
PART1: [unit-commitment] calculation result has been saved to: D:\GithubClonefiles\module_unitcommitment\.worktrees\108_168h\output\pcm_com4_loadall_h168_20260823_210543\smooth\clu_ovl\r01\output/details_schedule_results/pcm_simulation_results/intervels_[1]/res_schedule_commitment_result.txt
PART1: [unit-commitment] calculation result has been saved to: D:\GithubClonefiles\module_unitcommitment\.worktrees\108_168h\output\pcm_com4_loadall_h168_20260823_210543\smooth\clu_ovl\r01\output/details_schedule_results/pcm_simulation_results/intervels_[1]/res_schedule_commitment_result.txt
Step-3: Creating dispatching model (Refactored & Modularized)
  Clustered PCM: 108 physical units -> 31 equivalent units (71.3% state reduction; 108 units in non-singleton clusters)
    5-point output grid is infeasible; retrying this window with 17 points
  Clustered PCM: 108 physical units -> 31 equivalent units (71.3% state reduction; 108 units in non-singleton clusters)
    Refined output grid is infeasible; entering continuous residence-power diagnosis
  Clustered PCM: 108 physical units -> 31 equivalent units (71.3% state reduction; 108 units in non-singleton clusters)
  ⚠ True clustered UC failed at cluster_master: INFEASIBLE; falling back to full unit-network SCUC
	 Variables defined.
DEBUG set_objective_economic!: NT=31, NG=108, ND=91, NW=20, NS=1, K=3, size(refcost)=(108,), size(eachslope)=(3, 108)
objective_function
	MILP economic objective set
subject to.
	 constraints: 1) minimum shutup/shutdown time limits			 done
	 constraints: 2) binary variable logic					 done
	 constraints: 3) shutup/shutdown cost					 done
	 constraints: 4) loadcurtailments and spoliedwinds			 done
	 constraints: 5) generatos power limits					 done
	 constraints: 6) system reserves limits					 done
	 constraints: 7) power balance constraints				 done
	 constraints: 8) ramp-up/ramp-down constraints				 done
	 constraints: 9) piece linearization constraints			 done
	 constraints: 10) transmissionline limits skipped (is_NetWorkCon != 1 or Gsdf missing or NL=0)
	 constraints: 11) stroges system constraints skipped (NC=0 or variables not defined)
	 constraints: 12) data centra constraints skipped (is_ConsiderDataCentra != 1)
	 constraints: 13) frequency control constraints skipped (is_ConsiderFrequencyControl != 1)
	 constraints: 14) hydro power limits					 done
+++++++++++++++++++++++++++++++++++++++++++++++++++++++++++++++++++++++++++++++++++++++++++
Step-4: starting Gurobi solver
Step-5: Gurobi solver finished
+++++++++++++++++++++++++++++++++++++++++++++++++++++++++++++++++++++++++++++++++++++++++++

solution_summary(scuc) = solution_summary(; result = 1, verbose = false)
├ solver_name          : Gurobi
├ Termination
│ ├ termination_status : OPTIMAL
│ ├ result_count       : 1
│ ├ raw_status         : Model was solved to optimality (subject to tolerances), and an optimal solution is available.
│ └ objective_bound    : 2.35624e+16
├ Solution (result = 1)
│ ├ primal_status        : FEASIBLE_POINT
│ ├ dual_status          : NO_SOLUTION
│ ├ objective_value      : 2.40624e+16
│ └ relative_gap         : 2.07793e-02
└ Work counters
  ├ solve_time (sec)   : 5.73000e-01
  ├ simplex_iterations : 0
  ├ barrier_iterations : 0
  └ node_count         : 0


Termination Status: OPTIMAL
Acceptable solution found (Status: OPTIMAL).
Step-6: record datas
PART1: [unit-commitment] calculation result has been saved to: D:\GithubClonefiles\module_unitcommitment\.worktrees\108_168h\output\pcm_com4_loadall_h168_20260823_210543\smooth\clu_ovl\r01\output/details_schedule_results/pcm_simulation_results/intervels_[1]/res_schedule_commitment_result.txt
PART1: [unit-commitment] calculation result has been saved to: D:\GithubClonefiles\module_unitcommitment\.worktrees\108_168h\output\pcm_com4_loadall_h168_20260823_210543\smooth\clu_ovl\r01\output/details_schedule_results/pcm_simulation_results/intervels_[1]/res_schedule_commitment_result.txt
PART1: [unit-commitment] calculation result has been saved to: D:\GithubClonefiles\module_unitcommitment\.worktrees\108_168h\output\pcm_com4_loadall_h168_20260823_210543\smooth\clu_ovl\r01\output/details_schedule_results/pcm_simulation_results/intervels_[1]/res_schedule_commitment_result.txt
Step-3: Creating dispatching model (Refactored & Modularized)
  Clustered PCM: 108 physical units -> 31 equivalent units (71.3% state reduction; 108 units in non-singleton clusters)
    5-point output grid is infeasible; retrying this window with 17 points
  Clustered PCM: 108 physical units -> 31 equivalent units (71.3% state reduction; 108 units in non-singleton clusters)
    Refined output grid is infeasible; entering continuous residence-power diagnosis
  Clustered PCM: 108 physical units -> 31 equivalent units (71.3% state reduction; 108 units in non-singleton clusters)
  ⚠ True clustered UC failed at cluster_master: INFEASIBLE; falling back to full unit-network SCUC
	 Variables defined.
DEBUG set_objective_economic!: NT=36, NG=108, ND=91, NW=20, NS=1, K=3, size(refcost)=(108,), size(eachslope)=(3, 108)
objective_function
	MILP economic objective set
subject to.
	 constraints: 1) minimum shutup/shutdown time limits			 done
	 constraints: 2) binary variable logic					 done
	 constraints: 3) shutup/shutdown cost					 done
	 constraints: 4) loadcurtailments and spoliedwinds			 done
	 constraints: 5) generatos power limits					 done
	 constraints: 6) system reserves limits					 done
	 constraints: 7) power balance constraints				 done
	 constraints: 8) ramp-up/ramp-down constraints				 done
	 constraints: 9) piece linearization constraints			 done
	 constraints: 10) transmissionline limits skipped (is_NetWorkCon != 1 or Gsdf missing or NL=0)
	 constraints: 11) stroges system constraints skipped (NC=0 or variables not defined)
	 constraints: 12) data centra constraints skipped (is_ConsiderDataCentra != 1)
	 constraints: 13) frequency control constraints skipped (is_ConsiderFrequencyControl != 1)
	 constraints: 14) hydro power limits					 done
+++++++++++++++++++++++++++++++++++++++++++++++++++++++++++++++++++++++++++++++++++++++++++
Step-4: starting Gurobi solver
Step-5: Gurobi solver finished
+++++++++++++++++++++++++++++++++++++++++++++++++++++++++++++++++++++++++++++++++++++++++++

solution_summary(scuc) = solution_summary(; result = 1, verbose = false)
├ solver_name          : Gurobi
├ Termination
│ ├ termination_status : OPTIMAL
│ ├ result_count       : 1
│ ├ raw_status         : Model was solved to optimality (subject to tolerances), and an optimal solution is available.
│ └ objective_bound    : 6.65064e+15
├ Solution (result = 1)
│ ├ primal_status        : FEASIBLE_POINT
│ ├ dual_status          : NO_SOLUTION
│ ├ objective_value      : 6.65064e+15
│ └ relative_gap         : 6.15507e-09
└ Work counters
  ├ solve_time (sec)   : 5.94000e-01
  ├ simplex_iterations : 0
  ├ barrier_iterations : 0
  └ node_count         : 0


Termination Status: OPTIMAL
Acceptable solution found (Status: OPTIMAL).
Step-6: record datas
PART1: [unit-commitment] calculation result has been saved to: D:\GithubClonefiles\module_unitcommitment\.worktrees\108_168h\output\pcm_com4_loadall_h168_20260823_210543\smooth\clu_ovl\r01\output/details_schedule_results/pcm_simulation_results/intervels_[1]/res_schedule_commitment_result.txt
Step-3: Creating dispatching model (Refactored & Modularized)
  Clustered PCM: 108 physical units -> 31 equivalent units (71.3% state reduction; 108 units in non-singleton clusters)
    5-point output grid is infeasible; retrying this window with 17 points
  Clustered PCM: 108 physical units -> 31 equivalent units (71.3% state reduction; 108 units in non-singleton clusters)
    Refined output grid is infeasible; entering continuous residence-power diagnosis
  Clustered PCM: 108 physical units -> 31 equivalent units (71.3% state reduction; 108 units in non-singleton clusters)
  ⚠ True clustered UC failed at cluster_master: INFEASIBLE; falling back to full unit-network SCUC
	 Variables defined.
DEBUG set_objective_economic!: NT=36, NG=108, ND=91, NW=20, NS=1, K=3, size(refcost)=(108,), size(eachslope)=(3, 108)
objective_function
	MILP economic objective set
subject to.
	 constraints: 1) minimum shutup/shutdown time limits			 done
	 constraints: 2) binary variable logic					 done
	 constraints: 3) shutup/shutdown cost					 done
	 constraints: 4) loadcurtailments and spoliedwinds			 done
	 constraints: 5) generatos power limits					 done
	 constraints: 6) system reserves limits					 done
	 constraints: 7) power balance constraints				 done
	 constraints: 8) ramp-up/ramp-down constraints				 done
	 constraints: 9) piece linearization constraints			 done
	 constraints: 10) transmissionline limits skipped (is_NetWorkCon != 1 or Gsdf missing or NL=0)
	 constraints: 11) stroges system constraints skipped (NC=0 or variables not defined)
	 constraints: 12) data centra constraints skipped (is_ConsiderDataCentra != 1)
	 constraints: 13) frequency control constraints skipped (is_ConsiderFrequencyControl != 1)
	 constraints: 14) hydro power limits					 done
+++++++++++++++++++++++++++++++++++++++++++++++++++++++++++++++++++++++++++++++++++++++++++
Step-4: starting Gurobi solver
Step-5: Gurobi solver finished
+++++++++++++++++++++++++++++++++++++++++++++++++++++++++++++++++++++++++++++++++++++++++++

solution_summary(scuc) = solution_summary(; result = 1, verbose = false)
├ solver_name          : Gurobi
├ Termination
│ ├ termination_status : OPTIMAL
│ ├ result_count       : 1
│ ├ raw_status         : Model was solved to optimality (subject to tolerances), and an optimal solution is available.
│ └ objective_bound    : 6.65064e+15
├ Solution (result = 1)
│ ├ primal_status        : FEASIBLE_POINT
│ ├ dual_status          : NO_SOLUTION
│ ├ objective_value      : 6.65064e+15
│ └ relative_gap         : 6.15507e-09
└ Work counters
  ├ solve_time (sec)   : 7.54000e-01
  ├ simplex_iterations : 0
  ├ barrier_iterations : 0
  └ node_count         : 0


Termination Status: OPTIMAL
Acceptable solution found (Status: OPTIMAL).
Step-6: record datas
PART1: [unit-commitment] calculation result has been saved to: D:\GithubClonefiles\module_unitcommitment\.worktrees\108_168h\output\pcm_com4_loadall_h168_20260823_210543\smooth\clu_ovl\r01\output/details_schedule_results/pcm_simulation_results/intervels_[1]/res_schedule_commitment_result.txt
PART1: [unit-commitment] calculation result has been saved to: D:\GithubClonefiles\module_unitcommitment\.worktrees\108_168h\output\pcm_com4_loadall_h168_20260823_210543\smooth\clu_ovl\r01\output/details_schedule_results/pcm_simulation_results/intervels_[1]/res_schedule_commitment_result.txt
Step-3: Creating dispatching model (Refactored & Modularized)
  Clustered PCM: 108 physical units -> 31 equivalent units (71.3% state reduction; 108 units in non-singleton clusters)
    5-point output grid is infeasible; retrying this window with 17 points
  Clustered PCM: 108 physical units -> 31 equivalent units (71.3% state reduction; 108 units in non-singleton clusters)
    Refined output grid is infeasible; entering continuous residence-power diagnosis
  Clustered PCM: 108 physical units -> 31 equivalent units (71.3% state reduction; 108 units in non-singleton clusters)
  ⚠ True clustered UC failed at cluster_master: INFEASIBLE; falling back to full unit-network SCUC
	 Variables defined.
DEBUG set_objective_economic!: NT=26, NG=108, ND=91, NW=20, NS=1, K=3, size(refcost)=(108,), size(eachslope)=(3, 108)
objective_function
	MILP economic objective set
subject to.
	 constraints: 1) minimum shutup/shutdown time limits			 done
	 constraints: 2) binary variable logic					 done
	 constraints: 3) shutup/shutdown cost					 done
	 constraints: 4) loadcurtailments and spoliedwinds			 done
	 constraints: 5) generatos power limits					 done
	 constraints: 6) system reserves limits					 done
	 constraints: 7) power balance constraints				 done
	 constraints: 8) ramp-up/ramp-down constraints				 done
	 constraints: 9) piece linearization constraints			 done
	 constraints: 10) transmissionline limits skipped (is_NetWorkCon != 1 or Gsdf missing or NL=0)
	 constraints: 11) stroges system constraints skipped (NC=0 or variables not defined)
	 constraints: 12) data centra constraints skipped (is_ConsiderDataCentra != 1)
	 constraints: 13) frequency control constraints skipped (is_ConsiderFrequencyControl != 1)
	 constraints: 14) hydro power limits					 done
+++++++++++++++++++++++++++++++++++++++++++++++++++++++++++++++++++++++++++++++++++++++++++
Step-4: starting Gurobi solver
Step-5: Gurobi solver finished
+++++++++++++++++++++++++++++++++++++++++++++++++++++++++++++++++++++++++++++++++++++++++++

solution_summary(scuc) = solution_summary(; result = 1, verbose = false)
├ solver_name          : Gurobi
├ Termination
│ ├ termination_status : OPTIMAL
│ ├ result_count       : 2
│ ├ raw_status         : Model was solved to optimality (subject to tolerances), and an optimal solution is available.
│ └ objective_bound    : 6.65064e+15
├ Solution (result = 1)
│ ├ primal_status        : FEASIBLE_POINT
│ ├ dual_status          : NO_SOLUTION
│ ├ objective_value      : 6.65064e+15
│ └ relative_gap         : 1.93657e-09
└ Work counters
  ├ solve_time (sec)   : 5.30000e-01
  ├ simplex_iterations : 0
  ├ barrier_iterations : 0
  └ node_count         : 0


Termination Status: OPTIMAL
Acceptable solution found (Status: OPTIMAL).
Step-6: record datas
PART1: [unit-commitment] calculation result has been saved to: D:\GithubClonefiles\module_unitcommitment\.worktrees\108_168h\output\pcm_com4_loadall_h168_20260823_210543\smooth\clu_ovl\r01\output/details_schedule_results/pcm_simulation_results/intervels_[1]/res_schedule_commitment_result.txt
PART1: [unit-commitment] calculation result has been saved to: D:\GithubClonefiles\module_unitcommitment\.worktrees\108_168h\output\pcm_com4_loadall_h168_20260823_210543\smooth\clu_ovl\r01\output/details_schedule_results/pcm_simulation_results/intervels_[1]/res_schedule_commitment_result.txt
Step-3: Creating dispatching model (Refactored & Modularized)
  Clustered PCM: 108 physical units -> 31 equivalent units (71.3% state reduction; 108 units in non-singleton clusters)
    5-point output grid is infeasible; retrying this window with 17 points
  Clustered PCM: 108 physical units -> 31 equivalent units (71.3% state reduction; 108 units in non-singleton clusters)
    Refined output grid is infeasible; entering continuous residence-power diagnosis
  Clustered PCM: 108 physical units -> 31 equivalent units (71.3% state reduction; 108 units in non-singleton clusters)
  ⚠ True clustered UC failed at cluster_master: INFEASIBLE; falling back to full unit-network SCUC
	 Variables defined.
DEBUG set_objective_economic!: NT=31, NG=108, ND=91, NW=20, NS=1, K=3, size(refcost)=(108,), size(eachslope)=(3, 108)
objective_function
	MILP economic objective set
subject to.
	 constraints: 1) minimum shutup/shutdown time limits			 done
	 constraints: 2) binary variable logic					 done
	 constraints: 3) shutup/shutdown cost					 done
	 constraints: 4) loadcurtailments and spoliedwinds			 done
	 constraints: 5) generatos power limits					 done
	 constraints: 6) system reserves limits					 done
	 constraints: 7) power balance constraints				 done
	 constraints: 8) ramp-up/ramp-down constraints				 done
	 constraints: 9) piece linearization constraints			 done
	 constraints: 10) transmissionline limits skipped (is_NetWorkCon != 1 or Gsdf missing or NL=0)
	 constraints: 11) stroges system constraints skipped (NC=0 or variables not defined)
	 constraints: 12) data centra constraints skipped (is_ConsiderDataCentra != 1)
	 constraints: 13) frequency control constraints skipped (is_ConsiderFrequencyControl != 1)
	 constraints: 14) hydro power limits					 done
+++++++++++++++++++++++++++++++++++++++++++++++++++++++++++++++++++++++++++++++++++++++++++
Step-4: starting Gurobi solver
Step-5: Gurobi solver finished
+++++++++++++++++++++++++++++++++++++++++++++++++++++++++++++++++++++++++++++++++++++++++++

solution_summary(scuc) = solution_summary(; result = 1, verbose = false)
├ solver_name          : Gurobi
├ Termination
│ ├ termination_status : OPTIMAL
│ ├ result_count       : 2
│ ├ raw_status         : Model was solved to optimality (subject to tolerances), and an optimal solution is available.
│ └ objective_bound    : 6.65064e+15
├ Solution (result = 1)
│ ├ primal_status        : FEASIBLE_POINT
│ ├ dual_status          : NO_SOLUTION
│ ├ objective_value      : 6.65064e+15
│ └ relative_gap         : 4.73352e-09
└ Work counters
  ├ solve_time (sec)   : 5.39000e-01
  ├ simplex_iterations : 0
  ├ barrier_iterations : 0
  └ node_count         : 0


Termination Status: OPTIMAL
Acceptable solution found (Status: OPTIMAL).
Step-6: record datas
PART1: [unit-commitment] calculation result has been saved to: D:\GithubClonefiles\module_unitcommitment\.worktrees\108_168h\output\pcm_com4_loadall_h168_20260823_210543\smooth\clu_ovl\r01\output/details_schedule_results/pcm_simulation_results/intervels_[1]/res_schedule_commitment_result.txt
PART1: [unit-commitment] calculation result has been saved to: D:\GithubClonefiles\module_unitcommitment\.worktrees\108_168h\output\pcm_com4_loadall_h168_20260823_210543\smooth\clu_ovl\r01\output/details_schedule_results/pcm_simulation_results/intervels_[1]/res_schedule_commitment_result.txt
PART1: [unit-commitment] calculation result has been saved to: D:\GithubClonefiles\module_unitcommitment\.worktrees\108_168h\output\pcm_com4_loadall_h168_20260823_210543\smooth\clu_ovl\r01\output/details_schedule_results/pcm_simulation_results/intervels_[1]/res_schedule_commitment_result.txt
Step-3: Creating dispatching model (Refactored & Modularized)
  Clustered PCM: 108 physical units -> 31 equivalent units (71.3% state reduction; 108 units in non-singleton clusters)
  ✓ True clustered UC completed (31 virtual units)
Step-3: Creating dispatching model (Refactored & Modularized)
  Clustered PCM: 108 physical units -> 31 equivalent units (71.3% state reduction; 108 units in non-singleton clusters)
  ✓ True clustered UC completed (31 virtual units)
PART1: [unit-commitment] calculation result has been saved to: D:\GithubClonefiles\module_unitcommitment\.worktrees\108_168h\output\pcm_com4_loadall_h168_20260823_210543\smooth\clu_ovl\r01\output/details_schedule_results/pcm_simulation_results/intervels_[1]/res_schedule_commitment_result.txt
Step-3: Creating dispatching model (Refactored & Modularized)
  Clustered PCM: 108 physical units -> 31 equivalent units (71.3% state reduction; 108 units in non-singleton clusters)
  ✓ True clustered UC completed (31 virtual units)
Set parameter Username
Set parameter LicenseID to value 2826524
Academic license - for non-commercial use only - expires 2027-05-22
Set parameter Username
Set parameter LicenseID to value 2826524
Academic license - for non-commercial use only - expires 2027-05-22
Set parameter Username
Set parameter LicenseID to value 2826524
Academic license - for non-commercial use only - expires 2027-05-22
Set parameter Username
Set parameter LicenseID to value 2826524
Academic license - for non-commercial use only - expires 2027-05-22
Set parameter Username
Set parameter LicenseID to value 2826524
Academic license - for non-commercial use only - expires 2027-05-22
Set parameter Username
Set parameter LicenseID to value 2826524
Academic license - for non-commercial use only - expires 2027-05-22
Set parameter Username
Set parameter LicenseID to value 2826524
Academic license - for non-commercial use only - expires 2027-05-22
Set parameter Username
Set parameter LicenseID to value 2826524
Academic license - for non-commercial use only - expires 2027-05-22
Set parameter Username
Set parameter LicenseID to value 2826524
Academic license - for non-commercial use only - expires 2027-05-22
Set parameter Username
Set parameter LicenseID to value 2826524
Academic license - for non-commercial use only - expires 2027-05-22
Set parameter Username
Set parameter LicenseID to value 2826524
Academic license - for non-commercial use only - expires 2027-05-22
Set parameter Username
Set parameter LicenseID to value 2826524
Academic license - for non-commercial use only - expires 2027-05-22
Set parameter Username
Set parameter LicenseID to value 2826524
Academic license - for non-commercial use only - expires 2027-05-22
Set parameter Username
Set parameter LicenseID to value 2826524
Academic license - for non-commercial use only - expires 2027-05-22
Set parameter Username
Set parameter LicenseID to value 2826524
Academic license - for non-commercial use only - expires 2027-05-22
Set parameter Username
Set parameter LicenseID to value 2826524
Academic license - for non-commercial use only - expires 2027-05-22
Set parameter Username
Set parameter LicenseID to value 2826524
Academic license - for non-commercial use only - expires 2027-05-22
Set parameter Username
Set parameter LicenseID to value 2826524
Academic license - for non-commercial use only - expires 2027-05-22
Set parameter Username
Set parameter LicenseID to value 2826524
Academic license - for non-commercial use only - expires 2027-05-22
Set parameter Username
Set parameter LicenseID to value 2826524
Academic license - for non-commercial use only - expires 2027-05-22
Set parameter Username
Set parameter LicenseID to value 2826524
Academic license - for non-commercial use only - expires 2027-05-22
Set parameter Username
Set parameter LicenseID to value 2826524
Academic license - for non-commercial use only - expires 2027-05-22
Set parameter Username
Set parameter LicenseID to value 2826524
Academic license - for non-commercial use only - expires 2027-05-22
Set parameter Username
Set parameter LicenseID to value 2826524
Academic license - for non-commercial use only - expires 2027-05-22
Set parameter Username
Set parameter LicenseID to value 2826524
Academic license - for non-commercial use only - expires 2027-05-22
Set parameter Username
Set parameter LicenseID to value 2826524
Academic license - for non-commercial use only - expires 2027-05-22
Set parameter Username
Set parameter LicenseID to value 2826524
Academic license - for non-commercial use only - expires 2027-05-22
Set parameter Username
Set parameter LicenseID to value 2826524
Academic license - for non-commercial use only - expires 2027-05-22
Set parameter Username
Set parameter LicenseID to value 2826524
Academic license - for non-commercial use only - expires 2027-05-22
Set parameter Username
Set parameter LicenseID to value 2826524
Academic license - for non-commercial use only - expires 2027-05-22
Set parameter Username
Set parameter LicenseID to value 2826524
Academic license - for non-commercial use only - expires 2027-05-22
Set parameter Username
Set parameter LicenseID to value 2826524
Academic license - for non-commercial use only - expires 2027-05-22
Set parameter Username
Set parameter LicenseID to value 2826524
Academic license - for non-commercial use only - expires 2027-05-22
Set parameter Username
Set parameter LicenseID to value 2826524
Academic license - for non-commercial use only - expires 2027-05-22
Set parameter Username
Set parameter LicenseID to value 2826524
Academic license - for non-commercial use only - expires 2027-05-22
Set parameter Username
Set parameter LicenseID to value 2826524
Academic license - for non-commercial use only - expires 2027-05-22
Set parameter Username
Set parameter LicenseID to value 2826524
Academic license - for non-commercial use only - expires 2027-05-22
Set parameter Username
Set parameter LicenseID to value 2826524
Academic license - for non-commercial use only - expires 2027-05-22
PART1: [unit-commitment] calculation result has been saved to: D:\GithubClonefiles\module_unitcommitment\.worktrees\108_168h\output\pcm_com4_loadall_h168_20260823_210543\smooth\clu_ovl\r01\output/details_schedule_results/pcm_simulation_results/intervels_[1]/res_schedule_commitment_result.txt
Step-3: Creating dispatching model (Refactored & Modularized)
  Clustered PCM: 108 physical units -> 31 equivalent units (71.3% state reduction; 108 units in non-singleton clusters)
  ✓ True clustered UC completed (31 virtual units)
PART1: [unit-commitment] calculation result has been saved to: D:\GithubClonefiles\module_unitcommitment\.worktrees\108_168h\output\pcm_com4_loadall_h168_20260823_210543\smooth\clu_ovl\r01\output/details_schedule_results/pcm_simulation_results/intervels_[1]/res_schedule_commitment_result.txt
PART1: [unit-commitment] calculation result has been saved to: D:\GithubClonefiles\module_unitcommitment\.worktrees\108_168h\output\pcm_com4_loadall_h168_20260823_210543\smooth\clu_ovl\r01\output/details_schedule_results/pcm_simulation_results/intervels_[1]/res_schedule_commitment_result.txt
Step-3: Creating dispatching model (Refactored & Modularized)
  Clustered PCM: 108 physical units -> 31 equivalent units (71.3% state reduction; 108 units in non-singleton clusters)
  ✓ True clustered UC completed (31 virtual units)
Step-3: Creating dispatching model (Refactored & Modularized)
  Clustered PCM: 108 physical units -> 31 equivalent units (71.3% state reduction; 108 units in non-singleton clusters)
  ✓ True clustered UC completed (31 virtual units)
PART1: [unit-commitment] calculation result has been saved to: D:\GithubClonefiles\module_unitcommitment\.worktrees\108_168h\output\pcm_com4_loadall_h168_20260823_210543\smooth\clu_ovl\r01\output/details_schedule_results/pcm_simulation_results/intervels_[1]/res_schedule_commitment_result.txt
Step-3: Creating dispatching model (Refactored & Modularized)
  Clustered PCM: 108 physical units -> 31 equivalent units (71.3% state reduction; 108 units in non-singleton clusters)
  ✓ True clustered UC completed (31 virtual units)
PART1: [unit-commitment] calculation result has been saved to: D:\GithubClonefiles\module_unitcommitment\.worktrees\108_168h\output\pcm_com4_loadall_h168_20260823_210543\smooth\clu_ovl\r01\output/details_schedule_results/pcm_simulation_results/intervels_[1]/res_schedule_commitment_result.txt
Step-3: Creating dispatching model (Refactored & Modularized)
  Clustered PCM: 108 physical units -> 31 equivalent units (71.3% state reduction; 108 units in non-singleton clusters)
  ✓ True clustered UC completed (31 virtual units)
PART1: [unit-commitment] calculation result has been saved to: D:\GithubClonefiles\module_unitcommitment\.worktrees\108_168h\output\pcm_com4_loadall_h168_20260823_210543\smooth\clu_ovl\r01\output/details_schedule_results/pcm_simulation_results/intervels_[1]/res_schedule_commitment_result.txt
PART1: [unit-commitment] calculation result has been saved to: D:\GithubClonefiles\module_unitcommitment\.worktrees\108_168h\output\pcm_com4_loadall_h168_20260823_210543\smooth\clu_ovl\r01\output/details_schedule_results/pcm_simulation_results/intervels_[1]/res_schedule_commitment_result.txt
Sampling completed. Total valid scenarios solved: 145. Samples collected: 435
  ✓ Regression model calibrated: ln(Loss) = 0.49 + -5.18*L_norm + 0.2*U_norm + 5.8*X_delta_norm + -7.9*X_switch_ratio + -0.83*H
  ✓ Neural Network model calibrated successfully.
Training Decision Tree on: D:\GithubClonefiles\module_unitcommitment\.worktrees\108_168h\output\ml_trainningdata_res\overlap_training_cache\7b98bbc62ad076eb0d7cf75a09f3649cb18ea5b2d6128947a28e3a1048db8ab5\offline_training_dataset.csv
Model training complete. Trained Tree Structure:
Split: X_delta_norm <= 0.5869
  L:     Split: X_delta_norm <= 0.3979
      L:         Split: L_norm <= 0.5081
          L:             => Prediction: 5.81
          R:             => Prediction: 2.0
      R:         Split: X_delta_norm <= 0.5429
          L:             => Prediction: 12.0
          R:             => Prediction: 8.67
  R:     => Prediction: 2.0
R^2 score on training data: 0.2434
  ✓ CART Decision Tree trained and cached successfully (145 unique samples).
  Calibration / training time: 8453.42 s
[AdaptiveOverlap][RampCriterion] start=1 no ramp/uncertainty event in lookahead; T_ramp=0
[AdaptiveOverlap] interval=1 start=1 mode=ml_prediction
  boundary criterion: U_norm=0.4072, T_dwell_rem=0.0, X_delta_norm=0.2978, X_switch_ratio=0.1667
  steady-state criterion: L_norm=0.3596, sigma_load=16.9839, R_wind_max=0.0734, T_ml=6
  physical criteria: T_unit_start=0, ramp_event=false, T_ramp=0
  final criterion: max(T_ml=6, T_unit=0, T_ramp=0)=6; clamped_final=6, solved_horizon=30
Step-3: Creating dispatching model (Refactored & Modularized)
  Clustered PCM: 108 physical units -> 31 equivalent units (71.3% state reduction; 108 units in non-singleton clusters)
  ✓ True clustered UC completed (31 virtual units)
PART1: [unit-commitment] calculation result has been saved to: D:\GithubClonefiles\module_unitcommitment\.worktrees\108_168h\output\pcm_com4_loadall_h168_20260823_210543\smooth\clu_ovl\r01\output/details_schedule_results/pcm_simulation_results/intervels_[1]/res_schedule_commitment_result.txt
  Interval 1 | Overlap Selection Time: 0.658 s | Selected Overlap:  6h (Steady:  6h, Unit:  0h, Ramp:  0h) | Solve Time: 9.19 s
[AdaptiveOverlap][RampCriterion] start=25 no ramp/uncertainty event in lookahead; T_ramp=0
[AdaptiveOverlap] interval=2 start=25 mode=ml_prediction
  boundary criterion: U_norm=0.3172, T_dwell_rem=5.0, X_delta_norm=0.5873, X_switch_ratio=0.4722
  steady-state criterion: L_norm=0.3841, sigma_load=27.6923, R_wind_max=0.0677, T_ml=2
  physical criteria: T_unit_start=5, ramp_event=false, T_ramp=0
  final criterion: max(T_ml=2, T_unit=5, T_ramp=0)=5; clamped_final=5, solved_horizon=29
Step-3: Creating dispatching model (Refactored & Modularized)
  Clustered PCM: 108 physical units -> 36 equivalent units (66.7% state reduction; 100 units in non-singleton clusters)
  ✓ True clustered UC completed (36 virtual units)
PART1: [unit-commitment] calculation result has been saved to: D:\GithubClonefiles\module_unitcommitment\.worktrees\108_168h\output\pcm_com4_loadall_h168_20260823_210543\smooth\clu_ovl\r01\output/details_schedule_results/pcm_simulation_results/intervels_[2]/res_schedule_commitment_result.txt
  Interval 2 | Overlap Selection Time: 0.137 s | Selected Overlap:  5h (Steady:  2h, Unit:  5h, Ramp:  0h) | Solve Time: 7.74 s
[AdaptiveOverlap][RampCriterion] start=49 no ramp/uncertainty event in lookahead; T_ramp=0
[AdaptiveOverlap] interval=3 start=49 mode=ml_prediction
  boundary criterion: U_norm=0.5596, T_dwell_rem=7.0, X_delta_norm=0.0866, X_switch_ratio=0.0463
  steady-state criterion: L_norm=0.312, sigma_load=22.5644, R_wind_max=0.0675, T_ml=6
  physical criteria: T_unit_start=7, ramp_event=false, T_ramp=0
  final criterion: max(T_ml=6, T_unit=7, T_ramp=0)=7; clamped_final=7, solved_horizon=31
Step-3: Creating dispatching model (Refactored & Modularized)
  Clustered PCM: 108 physical units -> 33 equivalent units (69.4% state reduction; 104 units in non-singleton clusters)
    Fast disaggregation failed at solver; trying exact cluster-internal certificate
  ✓ True clustered UC completed (33 virtual units)
PART1: [unit-commitment] calculation result has been saved to: D:\GithubClonefiles\module_unitcommitment\.worktrees\108_168h\output\pcm_com4_loadall_h168_20260823_210543\smooth\clu_ovl\r01\output/details_schedule_results/pcm_simulation_results/intervels_[3]/res_schedule_commitment_result.txt
  Interval 3 | Overlap Selection Time: 0.000 s | Selected Overlap:  7h (Steady:  6h, Unit:  7h, Ramp:  0h) | Solve Time: 14.42 s
[AdaptiveOverlap][RampCriterion] start=73 no ramp/uncertainty event in lookahead; T_ramp=0
[AdaptiveOverlap] interval=4 start=73 mode=ml_prediction
  boundary criterion: U_norm=0.356, T_dwell_rem=4.0, X_delta_norm=0.5997, X_switch_ratio=0.6204
  steady-state criterion: L_norm=0.4406, sigma_load=33.5255, R_wind_max=0.0717, T_ml=2
  physical criteria: T_unit_start=4, ramp_event=false, T_ramp=0
  final criterion: max(T_ml=2, T_unit=4, T_ramp=0)=4; clamped_final=4, solved_horizon=28
Step-3: Creating dispatching model (Refactored & Modularized)
  Clustered PCM: 108 physical units -> 34 equivalent units (68.5% state reduction; 103 units in non-singleton clusters)
  ✓ True clustered UC completed (34 virtual units)
PART1: [unit-commitment] calculation result has been saved to: D:\GithubClonefiles\module_unitcommitment\.worktrees\108_168h\output\pcm_com4_loadall_h168_20260823_210543\smooth\clu_ovl\r01\output/details_schedule_results/pcm_simulation_results/intervels_[4]/res_schedule_commitment_result.txt
  Interval 4 | Overlap Selection Time: 0.001 s | Selected Overlap:  4h (Steady:  2h, Unit:  4h, Ramp:  0h) | Solve Time: 8.85 s
[AdaptiveOverlap][RampCriterion] start=97 no ramp/uncertainty event in lookahead; T_ramp=0
[AdaptiveOverlap] interval=5 start=97 mode=ml_prediction
  boundary criterion: U_norm=0.615, T_dwell_rem=6.0, X_delta_norm=0.09, X_switch_ratio=0.0556
  steady-state criterion: L_norm=0.348, sigma_load=21.1352, R_wind_max=0.0734, T_ml=6
  physical criteria: T_unit_start=6, ramp_event=false, T_ramp=0
  final criterion: max(T_ml=6, T_unit=6, T_ramp=0)=6; clamped_final=6, solved_horizon=30
Step-3: Creating dispatching model (Refactored & Modularized)
  Clustered PCM: 108 physical units -> 32 equivalent units (70.4% state reduction; 106 units in non-singleton clusters)
  ✓ True clustered UC completed (32 virtual units)
PART1: [unit-commitment] calculation result has been saved to: D:\GithubClonefiles\module_unitcommitment\.worktrees\108_168h\output\pcm_com4_loadall_h168_20260823_210543\smooth\clu_ovl\r01\output/details_schedule_results/pcm_simulation_results/intervels_[5]/res_schedule_commitment_result.txt
  Interval 5 | Overlap Selection Time: 0.000 s | Selected Overlap:  6h (Steady:  6h, Unit:  6h, Ramp:  0h) | Solve Time: 10.57 s
[AdaptiveOverlap][RampCriterion] start=121 no ramp/uncertainty event in lookahead; T_ramp=0
[AdaptiveOverlap] interval=6 start=121 mode=ml_prediction
  boundary criterion: U_norm=0.3795, T_dwell_rem=4.0, X_delta_norm=0.6205, X_switch_ratio=0.8426
  steady-state criterion: L_norm=0.4682, sigma_load=39.3406, R_wind_max=0.0734, T_ml=2
  physical criteria: T_unit_start=4, ramp_event=false, T_ramp=0
  final criterion: max(T_ml=2, T_unit=4, T_ramp=0)=4; clamped_final=4, solved_horizon=28
Step-3: Creating dispatching model (Refactored & Modularized)
  Clustered PCM: 108 physical units -> 33 equivalent units (69.4% state reduction; 104 units in non-singleton clusters)
  ✓ True clustered UC completed (33 virtual units)
PART1: [unit-commitment] calculation result has been saved to: D:\GithubClonefiles\module_unitcommitment\.worktrees\108_168h\output\pcm_com4_loadall_h168_20260823_210543\smooth\clu_ovl\r01\output/details_schedule_results/pcm_simulation_results/intervels_[6]/res_schedule_commitment_result.txt
  Interval 6 | Overlap Selection Time: 0.000 s | Selected Overlap:  4h (Steady:  2h, Unit:  4h, Ramp:  0h) | Solve Time: 6.02 s
[AdaptiveOverlap][RampCriterion] start=145 no ramp/uncertainty event in lookahead; T_ramp=0
[AdaptiveOverlap] interval=7 start=145 mode=ml_prediction
  boundary criterion: U_norm=0.7119, T_dwell_rem=3.0, X_delta_norm=0.1385, X_switch_ratio=0.1389
  steady-state criterion: L_norm=0.2987, sigma_load=16.5461, R_wind_max=0.0734, T_ml=6
  physical criteria: T_unit_start=3, ramp_event=false, T_ramp=0
  final criterion: max(T_ml=6, T_unit=3, T_ramp=0)=6; clamped_final=6, solved_horizon=30
Step-3: Creating dispatching model (Refactored & Modularized)
  Clustered PCM: 108 physical units -> 34 equivalent units (68.5% state reduction; 105 units in non-singleton clusters)
  ✓ True clustered UC completed (34 virtual units)
PART1: [unit-commitment] calculation result has been saved to: D:\GithubClonefiles\module_unitcommitment\.worktrees\108_168h\output\pcm_com4_loadall_h168_20260823_210543\smooth\clu_ovl\r01\output/details_schedule_results/pcm_simulation_results/intervels_[7]/res_schedule_commitment_result.txt
  Interval 7 | Overlap Selection Time: 0.000 s | Selected Overlap:  6h (Steady:  6h, Unit:  3h, Ramp:  0h) | Solve Time: 11.61 s
  ✓ Report exported to CSV: D:\GithubClonefiles\module_unitcommitment\.worktrees\108_168h\output\pcm_com4_loadall_h168_20260823_210543\smooth\clu_ovl\r01\output\details_schedule_results\clustered_adaptive_pcm_simulation_results\overlap_window_statistics.csv
  ✓ Report exported to TXT: D:\GithubClonefiles\module_unitcommitment\.worktrees\108_168h\output\pcm_com4_loadall_h168_20260823_210543\smooth\clu_ovl\r01\output\details_schedule_results\clustered_adaptive_pcm_simulation_results\overlap_window_summary.txt
================================================================================

