folder_fcr_binding(100),folder_fcr_binding(7.0),folder_fcr_binding(8.0),folder_fcr_binding(6.0),folder_fcr_binding(7.5),folder_fcr_binding(6.5)
-0.0,-0.0,-0.0,-0.0,-0.0,-0.0
-0.01891709721842203,-0.015577226735163865,-0.015555855935580048,-0.015615530516137175,-0.01557648201261323,-0.01563229189158797
-0.03645617193110726,-0.030657667946197176,-0.030706484967214332,-0.03077755269292255,-0.030710155146233403,-0.03071138585619295
-0.05357771743418272,-0.04514642010231901,-0.04534572883840357,-0.04519870134982778,-0.04540654663246757,-0.04539403952423135
-0.08059846515658817,-0.05979978270611407,-0.05945704786384886,-0.059318173810724566,-0.0595702768998722,-0.05953391259345413
-0.09354025764126282,-0.07346181457900848,-0.07348119711426941,-0.07287128440705344,-0.07401585484931815,-0.07345605419152655
-0.10920440224966706,-0.0867795448400978,-0.08688853566756446,-0.08590516619183675,-0.08815603208165566,-0.08665860532133082
-0.13202722494546928,-0.09935711232294081,-0.10047709652316836,-0.09855596291104476,-0.10094597096910345,-0.10005567058644056
-0.14592526123772456,-0.11164027429284039,-0.11262494971110636,-0.11123871486602196,-0.11378000144981983,-0.11230281203447026
-0.16222286006111733,-0.12365854999189173,-0.12431768922405567,-0.12306587413681878,-0.12562557272680686,-0.12417181930968553
-0.17336361080507146,-0.13498702653886654,-0.13580506374490606,-0.13467909970273806,-0.13729334059294393,-0.13535064730288554
-0.18428142783236098,-0.14590883701170387,-0.146732827091979,-0.1456729974644451,-0.1484618046411007,-0.14664943961052176
-0.19455756778884933,-0.15689256638119084,-0.15756282079321624,-0.15639240573221871,-0.15911984769214843,-0.15750211571591208
-0.20444557323231394,-0.1670185043610358,-0.1681050286573447,-0.16654730064759604,-0.16937161208367502,-0.1678078472303003
-0.21648200700693787,-0.1767809865855848,-0.1782875870397273,-0.17639684986158616,-0.17940123031944816,-0.17783996573306246
-0.2276785690517277,-0.18620812395038666,-0.18854941734747066,-0.18638446785566337,-0.1890353371123086,-0.18742567267914423
-0.23706624449785907,-0.19551874605560196,-0.19747228998729469,-0.19555111334034073,-0.19842397544778856,-0.1964931793613617
-0.24713653474103606,-0.20433245924186025,-0.206469723458698,-0.20448927412572895,-0.20743507463470803,-0.20549878754617318
-0.2584571428379825,-0.21300211884836856,-0.21500308958614053,-0.21300933024550073,-0.21618115551049166,-0.21397567227981176
-0.268067846077973,-0.22108581115033754,-0.2232046963683233,-0.22108078668778855,-0.2242390366585157,-0.22213726783820406
-0.2741201841150285,-0.22889543277304053,-0.23086688054924173,-0.2289564802923371,-0.23224703697390991,-0.22990731685510304
-0.28558780180870036,-0.23625048573874224,-0.23854005579054252,-0.2362681758487488,-0.23983817826634152,-0.2372730046791846
-0.2996484589589312,-0.24366276028742895,-0.24563037084623704,-0.24335044417481794,-0.24705863722890306,-0.2442553135741221
-0.3050417446877283,-0.2503325196930656,-0.25291868666736667,-0.2500852949570808,-0.25374112623439743,-0.25104932670299585
-0.3148401752645217,-0.2568209969629959,-0.25952844935036556,-0.2564138821379602,-0.2601911845571877,-0.2573578531823678
-0.33070966605887864,-0.26335847309777105,-0.2655475523916021,-0.26320837363541716,-0.2663957007753903,-0.2640041931351044
-0.3343872545863617,-0.26914572295622646,-0.27151603453063633,-0.2698105848572875,-0.2723038722956925,-0.2699129593130096
-0.3419500797171701,-0.2749598076611297,-0.27705680540698074,-0.27564706926423965,-0.2782337470904796,-0.27539799696086253
-0.34854108159624225,-0.2801435300032987,-0.28227954239923575,-0.28198947189138385,-0.2836770922045703,-0.2806084482875756
-0.35274673059069905,-0.28536737815498725,-0.2872629820824227,-0.2869323844786076,-0.2886858799812144,-0.28570352636240065
-0.3577199888149207,-0.29026080676101185,-0.2921044391076689,-0.2919922974668321,-0.2934792339609579,-0.2906671598288703
-0.3596447432130618,-0.2946812872403509,-0.29676324702818696,-0.2964858464701356,-0.2983607140339046,-0.2952122357051772
-0.3627899659717826,-0.29885799100949517,-0.30116759325239534,-0.30077342303547744,-0.3025874831199499,-0.29942891822471124
-0.3632024864404508,-0.30386428351233735,-0.30513798833405753,-0.30506633133256705,-0.30679395224053296,-0.3036542950323704
-0.3654692912450523,-0.30769065897955455,-0.30898169062334074,-0.3088627356703662,-0.3109236251152948,-0.30794738065482274
-0.3752286326260468,-0.3112593534882263,-0.3127290689406726,-0.312341028067382,-0.3144860118180088,-0.31163378298690053
-0.38360587811340713,-0.3146392855434743,-0.3160505009935694,-0.3156721333357344,-0.3185172208752674,-0.3150121328815285
-0.38664526549708533,-0.31776465021557204,-0.31906078350679723,-0.3187246987761601,-0.32204627165202965,-0.3188392518410702
-0.39696608102166325,-0.32089023696027874,-0.32215578736129075,-0.32208889248338096,-0.3251924739852903,-0.32178310472985744
-0.39978626729075145,-0.3240042377824897,-0.32508420824580336,-0.3247676339706239,-0.3282147136122409,-0.32470306290769685
-0.4092838066274357,-0.32654431448074916,-0.3276449577841411,-0.32741223462922486,-0.33123530978818344,-0.32713473410001526
-0.4115755151724381,-0.3289254496887326,-0.33017907121379486,-0.32973955909697045,-0.33363730847002254,-0.32949883666279384
-0.41170698605044614,-0.33100761453132305,-0.3325336807610394,-0.3318997031900829,-0.3359300203209946,-0.3327107721441442
-0.42240433218240503,-0.33306145404234205,-0.3346237470345394,-0.3337955277653928,-0.33792566590289747,-0.3345519309803376
-0.42129050062035694,-0.33496243167910905,-0.33647700381423573,-0.33592450924068307,-0.3398532365079238,-0.33629581866527775
-0.4214405993869991,-0.3365747863221003,-0.3380681594831156,-0.33747010738746225,-0.3415720216671817,-0.33788653429444304
-0.4209410024466969,-0.338157348137975,-0.3396267394459783,-0.339056311426568,-0.3431913674759708,-0.3396554051440242
-0.42128862408202084,-0.3397496492334119,-0.3409396895506327,-0.34065246272785354,-0.34479448961358033,-0.3409463269402292
-0.4453733444163289,-0.3415867540772418,-0.3421515753763608,-0.3420502733713874,-0.3463053758994631,-0.3421489374668838
-0.4432099073286582,-0.3426896407789546,-0.343096122384291,-0.3432445382464928,-0.34716243211397474,-0.34333462825466504
-0.4468936253823537,-0.34423754578699656,-0.34388096190461576,-0.34409518176834825,-0.34810819456641623,-0.3443908847426564
-0.4425219227259754,-0.34497217801476343,-0.34565227170714574,-0.34476605341274147,-0.3488745783931248,-0.34519033175975294
-0.44378237881018223,-0.3454683931825656,-0.3464395803829581,-0.3455088067317636,-0.34940800288145596,-0.34587902667459003
-0.4392785679694282,-0.34586865044515497,-0.34723606792459166,-0.34597352028428907,-0.34981411644171057,-0.34663668076041937
-0.4398252356696332,-0.3461898104355388,-0.3483743039633596,-0.3464292735549212,-0.3500569626700767,-0.346913965709154
-0.44161919535250815,-0.34644111137555045,-0.34868257929764435,-0.34699712987528797,-0.35035991627527885,-0.34725280917774365
-0.4432856360306523,-0.346520811264238,-0.34898814541868767,-0.3471210079304804,-0.3503528307331101,-0.34722306853125906
-0.44347570728497865,-0.3463814004177746,-0.34892584608012805,-0.3470898360777426,-0.35031370222198815,-0.3471791519144507
-0.4420506249321921,-0.3464250523426264,-0.34955200943213005,-0.3477549777554219,-0.3502757944927704,-0.34704959092662885
-0.43922769827542935,-0.3461775600663401,-0.34939669064219614,-0.3482265973932463,-0.3502985569645665,-0.34678586260137595
-0.4359848022187605,-0.34582240193779257,-0.3491872403279788,-0.34788337474413017,-0.3499724629112117,-0.34638954750844225
-0.4329935463856065,-0.3454234529339886,-0.3487697325800733,-0.34737246190618826,-0.3497029289193433,-0.34580827345336984
-0.4356758800650272,-0.34521398342505605,-0.34838169058872487,-0.3468938532457817,-0.3492069861043965,-0.345381165813745
-0.43160093234522434,-0.3445437914309488,-0.3477816880274932,-0.3463313381133043,-0.3486404605262703,-0.344744318433692
-0.4278930687399523,-0.3439427730018973,-0.34712335007808387,-0.3457084173479512,-0.3479388383450541,-0.34440035056118373
-0.42668256527975074,-0.34309724620390974,-0.3463153501643913,-0.34510372289516716,-0.34724596532849183,-0.34380217408654473
-0.42106412073860766,-0.3425821769020173,-0.34551437773431504,-0.34413755152689574,-0.3463048421475802,-0.3429500758671633
-0.4158935653670637,-0.34165822976915555,-0.344546495392293,-0.343361715049979,-0.34553226847799723,-0.34233590635748906
-0.412396117327187,-0.34065299692222367,-0.3433361468793094,-0.34219985534007663,-0.3445777930407916,-0.3418389518822218
-0.40912712049084066,-0.3395836026855136,-0.3423695066183349,-0.34107187576276926,-0.34349011085707154,-0.340613249939279
-0.40691880699783284,-0.33859396190228064,-0.34113884600254446,-0.33992862548486313,-0.34238834696775705,-0.33968160158887883
-0.40989057226497744,-0.33739897272787367,-0.33995745007880807,-0.33877330815737083,-0.342051393638988,-0.33910773348866835
-0.4063171045350974,-0.33643177347506265,-0.3386803230710679,-0.33794030730577906,-0.3408349773289342,-0.33783344082975697
-0.40204458697667883,-0.33538358465130097,-0.33723486778691586,-0.3365472801529748,-0.33945910428232856,-0.336494931448363
-0.4019273524003429,-0.33447560153411204,-0.3358997219784458,-0.3353526992637972,-0.33832878791896953,-0.3359125641608167
-0.4010501172481622,-0.33351881632224306,-0.33437178495136366,-0.33396038100340425,-0.33726271435406263,-0.3343407815200114
-0.3969650094433815,-0.33214562059956565,-0.332905064337795,-0.3324293039714049,-0.3358191771135807,-0.33281391455061493
-0.39337310002926684,-0.3305566077505816,-0.3313150636175417,-0.33121712180366264,-0.3343346393966511,-0.33126254730666393
-0.38890712046573944,-0.32897243122275094,-0.32969047345789415,-0.32967770629609583,-0.33276109725720565,-0.3296904911161535
-0.38203435973212246,-0.3274916915161433,-0.3283223415167017,-0.3282619253946251,-0.33107219195094045,-0.32910195961610306
-0.3798730050356082,-0.32661734966693795,-0.32675505841726765,-0.3267126861171025,-0.3296469311176984,-0.32741073116579755
-0.38254107146618466,-0.32509346786135884,-0.3253881863823427,-0.3251004542613839,-0.3279016118151564,-0.3258265627329141
-0.37850216980601237,-0.3232240809272476,-0.32377028349667186,-0.3234483314611613,-0.3263585476260441,-0.32391424281234604
-0.375643384353594,-0.3212412666656049,-0.3218831074298712,-0.32292697642026447,-0.3245279666886354,-0.3222733564051384
-0.37552363897620517,-0.31944909937716526,-0.31999985701009986,-0.32127563686629046,-0.3227281556593304,-0.32052522090940705
-0.3705694051659563,-0.3176763261189614,-0.31805882323574514,-0.3196705080569488,-0.32173638902891105,-0.31868426593203925
-0.36563626915619013,-0.31553007433075153,-0.3165643916834675,-0.31834756546792486,-0.3197483280221801,-0.3170613964047659
-0.3620383245923071,-0.313460076345652,-0.3146165008657485,-0.31670695608436406,-0.3178625880818624,-0.31516679676723913
-0.36325144063679377,-0.31134257038756524,-0.3125425595824743,-0.3151026861018697,-0.31603248761748715,-0.31323405326413534
-0.36060442514301966,-0.30917560249850223,-0.310700644924049,-0.31356183302929475,-0.31406105707499193,-0.31127253787003584
-0.37798639474057344,-0.30740268607028104,-0.30853564829890684,-0.31195997368667094,-0.31243086921262064,-0.30928689958939853
-0.37713590397572033,-0.3052459737466584,-0.3063529441574786,-0.3103980922184471,-0.3106844644296914,-0.30761999672559237
-0.37491531560289526,-0.3032900289883696,-0.30426669661396616,-0.30900170724453857,-0.3086453757296588,-0.3058092168895728
-0.37566466730894704,-0.301033969023984,-0.3021034108805142,-0.30761342516565804,-0.30650123399919704,-0.3038875827157918
-0.37828068238610413,-0.29881265592979883,-0.2998443382775568,-0.3062808923017693,-0.30430696817071234,-0.3017519353377633
-0.37299393186350494,-0.29664455354036345,-0.29771446707720167,-0.30509904604242666,-0.30288256726645896,-0.2996655805934051
-0.3739515803822588,-0.29459673130507213,-0.2956107970424312,-0.3036032481942375,-0.3009665403271758,-0.2975552361618207
-0.37325580984954,-0.29250988050774684,-0.29338576432626157,-0.30225394377134684,-0.2988530618492163,-0.29557188396417544
-0.3712505856212415,-0.29041139737645694,-0.29136310740045646,-0.301037861594901,-0.29721508557372095,-0.29434866321173225
-0.37302591352036396,-0.288167979392664,-0.2896831655038812,-0.2998265142583792,-0.29504100162273383,-0.2921660554394926
-0.36968836345950484,-0.28637688304136194,-0.2873206096324789,-0.2988661931026426,-0.29309503325346165,-0.290225243562485
-0.36511526266280775,-0.28436638223865335,-0.2853982693541607,-0.2977907227881921,-0.29197890836987744,-0.28867118165999206
-0.3598746626661818,-0.2823295042882678,-0.28320202786568677,-0.29636865978738336,-0.28976927107550976,-0.2864918806505652
-0.3558131476544205,-0.28017557159864387,-0.28102270570549065,-0.2950197156219505,-0.2879224719365985,-0.28446844746342387
-0.352380208476522,-0.27786756285173936,-0.27899328833119363,-0.29372492425777663,-0.28558315276699386,-0.28290098243961415
-0.34647866780564207,-0.2757977240272489,-0.27703615127364817,-0.2923186139225152,-0.2832453159746274,-0.2807653286047336
-0.3482700983509374,-0.27360218396130664,-0.2749533979498441,-0.2908005123242416,-0.28103240462421364,-0.2784821012504804
-0.34395303716109893,-0.27146848016910324,-0.27323563875289714,-0.2892961902396809,-0.27889305504385037,-0.27640791111053215
-0.34902430607407614,-0.2693915509537453,-0.27134825150891867,-0.28828727282649275,-0.27677860311815633,-0.27428939586695533
-0.3460974499823313,-0.2673426258192855,-0.26938911050269493,-0.28718833081062917,-0.2744179566147411,-0.27210235144820744
-0.34100440455917747,-0.2654059669843194,-0.2674614267170624,-0.2857211064443515,-0.2727154189487981,-0.2698685584990122
-0.33603752475110854,-0.26341594216907593,-0.2654804229051326,-0.28498649087164574,-0.2705008812104415,-0.2680675003927592
-0.33654629094641186,-0.26132527919124443,-0.26349783444224645,-0.2836511384562661,-0.26822200597544604,-0.2660261391383281
-0.335493983101637,-0.25932049966873216,-0.2614142685343313,-0.2823305674593772,-0.26608132512707977,-0.263997822005333
-0.3330680149124423,-0.2576821246754749,-0.25945537617743963,-0.280952141400985,-0.2641219121844737,-0.2617861433389009
-0.3409846359933044,-0.25594766047707257,-0.25736198093135815,-0.2799471827338654,-0.26241455869109126,-0.2596234570071235
-0.3402815812558736,-0.2539737637453331,-0.2551341172062951,-0.2785903659005116,-0.2608194554653167,-0.25753544569417924
-0.3397762675552714,-0.251859127096077,-0.2529733786088795,-0.2772575235204843,-0.2587708291982651,-0.25576287409232934
-0.3367848722070426,-0.2499217325380678,-0.25087229225925145,-0.2759234087413352,-0.2566974040565219,-0.2537170793281161
-0.3420421761864795,-0.24778212641310804,-0.2490013302077175,-0.27466005025022755,-0.25468193709120696,-0.25188133509195937
-0.33634644937800195,-0.24565663176535893,-0.24748797236777498,-0.27369460974193066,-0.2529497455711303,-0.2496156912881508
-0.3314508660659128,-0.24365300392033792,-0.24535947699899874,-0.27258850180347277,-0.2513543802669803,-0.24746419809425566
-0.32941109637944677,-0.24162059031772973,-0.2432838947334873,-0.2713248719363144,-0.24932329756603594,-0.24562200611260493
-0.3250039305178227,-0.23984384242276188,-0.24116231157247114,-0.27008338785898534,-0.24746975366281998,-0.24461937022369146
-0.33179908033393785,-0.23773334869281867,-0.23922191013782113,-0.2690495946159729,-0.2452764800564295,-0.2427558839309509
-0.33161015211829464,-0.2357443631192317,-0.2372201735281542,-0.2676830921781582,-0.24331157087260982,-0.24085578079044592
-0.3322812819071475,-0.23402207139189538,-0.23527134444713846,-0.26650258493500845,-0.24130140945597245,-0.23881139059435802
-0.3344052078100159,-0.23258729492248317,-0.23350207618338437,-0.26522950276012613,-0.23934378368046405,-0.2371396896162303
-0.33558843371244573,-0.23074005897050123,-0.23164488712323517,-0.2641597575102131,-0.23737779247468627,-0.23532734454711057
-0.3369209556602905,-0.2293791736699072,-0.23039082489375612,-0.26355205725750874,-0.23533486958296476,-0.23325074436994142
-0.3402197316594276,-0.22743957179093052,-0.22845762461547472,-0.26215497112999836,-0.23333745181083465,-0.23197978374271291
-0.3374795821446501,-0.22564232850862376,-0.22654019518218277,-0.26083588463679275,-0.2322017767211317,-0.23005478812889182
-0.33676378043879984,-0.2244329708517524,-0.22461847247105432,-0.25971435376093466,-0.23031357474045958,-0.22830606988781585
-0.33542740710594315,-0.22294612883011158,-0.22290951555255442,-0.25858695588901137,-0.22861878826416088,-0.22639116279667731
-0.33240612287513294,-0.22142682880391307,-0.2210754482565961,-0.2576433619157902,-0.2275081695878331,-0.22458031181229385
-0.327749505640538,-0.21969644843843905,-0.21939792877027509,-0.256832968584054,-0.22570985809043304,-0.22291928172418937
-0.3242619532062101,-0.21777276207611504,-0.21758323803335874,-0.25547626911678,-0.2238444697667445,-0.22106436688771106
-0.3217470564093723,-0.21611469543211237,-0.2158495589934102,-0.254883405481043,-0.2219761513539653,-0.2196609504839161
-0.3177106923252605,-0.21425618068678148,-0.21405033304803983,-0.2540091825255619,-0.2202638179698727,-0.21790460832962188
-0.3161941934536969,-0.2125301350074356,-0.21258093822240165,-0.25319340832289544,-0.21848549586996924,-0.21605533108265082
-0.31200032941949796,-0.21087909355729903,-0.21092371880290484,-0.2519420727555831,-0.21695990224010064,-0.21442950529568244
-0.30899084761304835,-0.20926478247801278,-0.20917779695316532,-0.25112379412584374,-0.21505699316908128,-0.21269298001320044
-0.30652429547787163,-0.20756026699949373,-0.20742145223319244,-0.2499403248254167,-0.21330063652485934,-0.21095388917729152
-0.3048209715923085,-0.20630631188061893,-0.20589039550727734,-0.24879660630273734,-0.21168078971105533,-0.20998171994506531
-0.30049293139469513,-0.2046004298996836,-0.2043969165083612,-0.24774603938154072,-0.2100736367332544,-0.20855198708259137
-0.29696755666724456,-0.20290034986540448,-0.20281850428576179,-0.24700679523413022,-0.20837078998343586,-0.20681419698396147
-0.2910836335185359,-0.20141830119029705,-0.2011977256590073,-0.24597919235638205,-0.20689379164931732,-0.20589741542666962
-0.2888715513153597,-0.19993089247638843,-0.20008698685065085,-0.24488160932322384,-0.20538759130235654,-0.20412873327466463
-0.28654709362415703,-0.1983763252016609,-0.19914215276369884,-0.24374871181142155,-0.2037403811717095,-0.20258166795100002
-0.28242294420403924,-0.19686772725409554,-0.1977194791726082,-0.24252488504634961,-0.2023761342492114,-0.20140438211772213
-0.28049983682370444,-0.19584490393176707,-0.19621226567831215,-0.24140953912707952,-0.20076203580118615,-0.1998816258365977
-0.2801586015143112,-0.194389828724253,-0.19462334150045524,-0.24024424697113791,-0.19958018530057506,-0.19873657799838668
-0.28111746610588567,-0.19330919713202285,-0.193844632162383,-0.23951677475464586,-0.19897745120813087,-0.19719742866905807
-0.2779411364854828,-0.19193202938593618,-0.19237217689324354,-0.23846788858204696,-0.19784728595853618,-0.1958963024800323
-0.2740866502778755,-0.19050443116758486,-0.19114334473897546,-0.2374298546761673,-0.19637627172530855,-0.19441410763512748
-0.27184524564295937,-0.18911737465562795,-0.1898439315768878,-0.23666578367488875,-0.19475798031866426,-0.19290043761542144
-0.2764085098137501,-0.18793793840385503,-0.18830508604081067,-0.23557980489663485,-0.19332779052649812,-0.19173900587440468
-0.2729145092742857,-0.18729516739946617,-0.18724579814815917,-0.23460394290292425,-0.1921134573103076,-0.19039927447902374
-0.269687156661076,-0.18631911955996014,-0.18586815420298208,-0.23390254270137273,-0.19064051782091135,-0.18895633987864502
-0.27687943442685936,-0.18534712943871764,-0.18448471112959502,-0.23305311589864036,-0.18927751039248517,-0.18789354220096322
-0.2736801965458046,-0.18398927281062938,-0.18311867671346238,-0.2321263596243507,-0.1878252736311571,-0.18656839571456266
-0.27062159698466876,-0.1828326504294276,-0.18180860283801162,-0.23108873712465325,-0.18669729956293124,-0.18546306964071949
-0.2672323160808826,-0.1816454078242436,-0.18135257874723976,-0.2299588170017639,-0.18544744632251478,-0.18409210464043896
-0.270289331122919,-0.1806272899768401,-0.1803310567402983,-0.2290491249524107,-0.18410905666452604,-0.1829349318394102
-0.27087276360710044,-0.17925890887438334,-0.1790743551119947,-0.22811255072577308,-0.18275488528831021,-0.18163473311213255
-0.26761946441124684,-0.17833305570319646,-0.17838824105660742,-0.22745645332267628,-0.18172348961189333,-0.18056640145264957
-0.26390597788149583,-0.17711495754720338,-0.17728528771120228,-0.22657109814451323,-0.18055004517982898,-0.17936254245198924
-0.25944040287787845,-0.1759072748155823,-0.1762145792960313,-0.2255760561855721,-0.1796670441175263,-0.17819841712132228
-0.25615844447995434,-0.17511150794818384,-0.1755578966497051,-0.22447691168257383,-0.1783502854082836,-0.17712940964524665
-0.25474693304114243,-0.17400772013697516,-0.17485441392243145,-0.22373285060735118,-0.1770950480195079,-0.1760050050284824
-0.2523819663233137,-0.17273240090669592,-0.1736588481579674,-0.22283924815309997,-0.17629971456279242,-0.17496221842723333
-0.2507587444073124,-0.17163391615947707,-0.17288439312984735,-0.2221897974607349,-0.17507109997609,-0.174013599492148
-0.24896667328384925,-0.17131704894355745,-0.1716762164595008,-0.22148317182011532,-0.17382432141919413,-0.17282487210022016
-0.2508352836171277,-0.17022646957532822,-0.1705497839607663,-0.22129627269587687,-0.17285534490008714,-0.1717179635990503
-0.2486400616808321,-0.16915515195850148,-0.16937803433066584,-0.22044862264498538,-0.1720648568571455,-0.1706690478088777
-0.2477136804179693,-0.16847559026533213,-0.168446991044041,-0.21938642875441897,-0.17139402995560182,-0.16954330526172498
-0.24344474862073467,-0.1675453208373045,-0.1674246206877773,-0.21841611300846808,-0.1704269317677279,-0.1684400887981145
-0.24026260851860726,-0.166604108203049,-0.16634538917270877,-0.21752898925310052,-0.1693849026904976,-0.167324768253172
-0.23504974766665437,-0.16602435591503412,-0.16535870582618972,-0.2165276582945738,-0.1683241590284072,-0.16626006653874956
-0.2410059899162129,-0.16495985882726502,-0.16472799538566782,-0.21552139045470128,-0.16752776398591712,-0.1652812557262081
-0.24125364174480685,-0.16388351692879843,-0.16372645572275224,-0.21477037358906031,-0.1666025846870763,-0.1643604794586678
-0.240215680781869,-0.16314839435963552,-0.1628421988815491,-0.2137669860483846,-0.16560775376943065,-0.16340929606036028
-0.24016951487533741,-0.16287246677919104,-0.16193401369110966,-0.21310075441524606,-0.1647636698427797,-0.16241562185657202
-0.23702399809222402,-0.16194798536272445,-0.16097175843326286,-0.2121172428294672,-0.16410612934114022,-0.16145470300260778
-0.23515046637756457,-0.16090782877003762,-0.16052317501627328,-0.2111398036374066,-0.16374493513470012,-0.16053449621934246
-0.23374252547727814,-0.15991226581837417,-0.15998253345757113,-0.21059420293676492,-0.16283956517494835,-0.15969322383375367
-0.23516908192005787,-0.15928338925480587,-0.15950715473451343,-0.20969319090616836,-0.16192836950282605,-0.15893344184344904
-0.24115762438593688,-0.15859330729237686,-0.1586633581654393,-0.20872700725646165,-0.16098455746534515,-0.15805245186338568
-0.2539286686234673,-0.157868842856391,-0.15789540980617855,-0.20774443164906273,-0.16002523582573747,-0.15724006410828495
-0.2521628717599184,-0.15718517239691343,-0.15705824632467494,-0.2066851714147212,-0.15944959747686627,-0.15634786455816346
-0.24913495417370726,-0.15636764530404237,-0.15632800354156481,-0.20581539467747423,-0.1588225867416556,-0.15580374662778254
-0.24978747289330505,-0.15551792118046165,-0.15559186654448998,-0.2051491871335862,-0.15800880188155397,-0.15551931898162324
-0.24658771253944414,-0.1547086568121377,-0.1549201264990378,-0.2043108520089481,-0.15726270454271168,-0.15463091257321804
-0.24474420855486403,-0.15526825423848734,-0.15456074479868773,-0.20339129174044024,-0.1568439295748165,-0.1538433886789885
-0.24145942343595211,-0.1548761812785514,-0.1538115675948828,-0.20238384462172776,-0.15636410865619454,-0.1533166814793755
-0.23806982751991573,-0.1542381647337948,-0.15316409717730237,-0.20144678114141645,-0.1556458681969491,-0.15249541091993385
-0.23618001861677676,-0.15361946418886763,-0.1525727261782877,-0.20077634729939167,-0.1548900946591491,-0.15171899581078982
-0.23927289925195228,-0.15302325432543312,-0.15212753191236053,-0.1998322367628835,-0.1547057900170865,-0.15150852081946714
-0.23659383501181735,-0.15226436934445534,-0.15148749875805198,-0.19898247248166073,-0.15407119521829704,-0.15080670896727186
-0.23575080428042539,-0.15164896490613186,-0.15095716103218274,-0.19811684545714445,-0.15328943029096367,-0.1500791764754973
-0.23174367681013044,-0.15105646563613281,-0.1502204649726179,-0.19768082953678653,-0.15275431346708784,-0.14941819615119661
-0.22880892754955248,-0.15055423519255912,-0.14988376663860828,-0.19684618002564952,-0.15236607777712133,-0.14937414968509213
-0.2303312651251191,-0.1502441608266285,-0.14990906861283712,-0.19611757026659532,-0.151883925337665,-0.14883934770628204
-0.23177265108559844,-0.14956695735956055,-0.14936768188417854,-0.19547375367210548,-0.1512003632386984,-0.14812162399696838
-0.22986794255230167,-0.14890884709357952,-0.1487155389562024,-0.19472359931437208,-0.15058982551704095,-0.14735178049666597
-0.23072593683794515,-0.14833571260424186,-0.14809557176675753,-0.19407139401526505,-0.15078439435234506,-0.14674362932937288
-0.22908450423307491,-0.14798549520591517,-0.1474519199047404,-0.19345339599965808,-0.15062421905942266,-0.14647713284809258
-0.22779375082569747,-0.1479200867574981,-0.1469559006656697,-0.19264993676450368,-0.150364966725863,-0.14590453930765232
-0.23314200502648877,-0.1473355715557472,-0.14634922066250078,-0.19186714251148682,-0.1498992600468715,-0.14572511562716414
-0.23482738326046768,-0.1467516058602747,-0.14575070854464556,-0.19161229629711315,-0.1493941053996363,-0.14509145488395309
-0.23382837890904976,-0.1461256045248204,-0.1453481500753696,-0.19080393452821354,-0.14918845504213316,-0.14453503709909174
-0.231447521933525,-0.14576989168128468,-0.14475907799532386,-0.1902815903030237,-0.14888351600380229,-0.14406850352798892
-0.2277786546192139,-0.14526687545528666,-0.14458439745862509,-0.18937708039227621,-0.14874333372769333,-0.14365220759700467
-0.2243938997649162,-0.14483123417945737,-0.14418620785292904,-0.18849783914044516,-0.1481592184750238,-0.1431109394981581
-0.2215875540431149,-0.14427109097143026,-0.1437279748401962,-0.1879172142545107,-0.1476618409538959,-0.14374251613237468
-0.2194480003690536,-0.14383442016489378,-0.14362694010295732,-0.18727107380599015,-0.14723880478956525,-0.143270926693077
-0.21616987670720939,-0.14338268998882409,-0.14321294161421408,-0.1864957661394801,-0.14763637322143836,-0.14305331848236535
-0.21288862664465535,-0.1429616142194075,-0.1428212881226094,-0.18574226149132692,-0.14710751687244758,-0.1426475252804027
-0.21487884373283633,-0.1427238615077085,-0.14240236126328482,-0.18512953553782288,-0.14674146105310987,-0.14235465341946862
-0.2116609261903185,-0.1433632361836831,-0.1419305558693158,-0.18495879210447289,-0.14662318940048627,-0.14188957590324205
-0.21453588953274338,-0.14319015140130753,-0.14165316383918464,-0.18405971843811894,-0.14635500503756008,-0.14147187061483518
-0.21450345182916664,-0.14270351981230833,-0.14139736783384138,-0.18356121201899428,-0.1463101073813693,-0.14100985393673074
-0.2106438966030767,-0.1426461509908045,-0.14097283744807246,-0.18284805466769305,-0.1464638615359156,-0.14065849806338543
-0.20896501057511227,-0.14237531192574424,-0.1408649468751246,-0.18219174069809596,-0.14597748916743494,-0.14020106182409625
-0.20573430404369034,-0.14190481506297284,-0.1404376848575487,-0.18158559178303485,-0.14562806535195366,-0.13978123480944932
-0.2051627148208737,-0.14141624527632035,-0.14002833173689574,-0.1809054837071232,-0.14590125785053792,-0.13953688890590177
-0.20756517587298917,-0.14095219249826482,-0.1397558923887206,-0.18033059080111807,-0.14572380736017437,-0.13907722886658114
-0.20401685614485943,-0.1407710326543488,-0.13950888989126906,-0.18006283253621164,-0.1455097877081769,-0.13895062712953302
-0.20036332687624384,-0.1405380553247806,-0.13911109358590107,-0.17948431298376236,-0.14497053627913098,-0.13870978723776423
-0.19882328093426135,-0.14014288222025892,-0.13892253173480898,-0.17894050365226555,-0.14516458481707212,-0.13830589163060764
-0.19818005807858874,-0.13965600854584698,-0.1384989240211492,-0.1783717856701541,-0.14506334227195694,-0.13818646411501584
-0.19599919358328008,-0.13940855437220553,-0.13834338450206562,-0.1775739163033139,-0.14514090251363546,-0.1383806939971773
-0.19366230459126146,-0.13911359061456735,-0.13838190125314856,-0.17690496507967005,-0.14495543227080085,-0.13812043947023833
-0.19092692988921434,-0.13874177212482952,-0.13808565618397048,-0.17629657780562705,-0.14516925992848467,-0.13780271338648878
-0.19373525985352935,-0.1387940729574326,-0.13869471220714893,-0.17546745608969722,-0.14462026925961524,-0.13749318549515224
-0.19443668450199475,-0.13846244760656934,-0.13847434487400542,-0.175047825877886,-0.14457719658921758,-0.1370631265688698
-0.19450099939848414,-0.13814962633021494,-0.13808782899690045,-0.17465802330458305,-0.14433009089635146,-0.13677885144443538
-0.1919266023105538,-0.138091096347673,-0.13780295791578842,-0.17395943237329026,-0.1439197621254439,-0.13642827240498795
-0.18976333018931005,-0.1377205918957005,-0.13754821004235682,-0.17348836888029034,-0.14373694220384517,-0.13616881579221563
-0.19185932737773295,-0.1375597895734712,-0.13725126414449165,-0.1727834000118127,-0.14330680450300776,-0.13623407270670002
-0.1923120872817515,-0.13706875740553637,-0.13698983562505282,-0.17203006048750374,-0.14299016791688027,-0.13615184644273723
-0.18982794080796303,-0.13667929295454584,-0.13669961286243593,-0.17125203050804885,-0.14280505379269257,-0.13589493250714013
-0.1945659942917638,-0.13644608216446302,-0.13637036365745353,-0.1704564570187391,-0.14297344031942583,-0.13598844071935523
-0.1930305904016821,-0.13635314989323807,-0.1366207739453017,-0.17029741842577412,-0.14263466743677367,-0.1358823777639572
-0.19456029976842806,-0.13604712694099108,-0.13687385020259113,-0.16971820110564842,-0.14244078055997467,-0.13588866385365628
-0.19598476363478642,-0.13581414202330758,-0.13671509952117972,-0.16952708969356983,-0.14229060141927527,-0.13555648745154159
-0.1950589050096713,-0.13570908194014805,-0.13633391406141868,-0.16890289902607278,-0.14204588122881226,-0.13539870647880878
-0.19187814180892054,-0.1353791951757403,-0.13634456357780164,-0.16889839750154992,-0.14195529019078756,-0.13515328783216968
-0.19078549805162257,-0.13500683528029112,-0.136219549160446,-0.1684734259655009,-0.1419937060759064,-0.13532922984514809
-0.1873563126897318,-0.13478830179830825,-0.13598959755376103,-0.1685926575997752,-0.14206035467097952,-0.13537513021117498
-0.18816113870742288,-0.13490533893080303,-0.13610335801306922,-0.16782058032100572,-0.14202461063791616,-0.13529604336008083
-0.18535609328075864,-0.1346101287211378,-0.13580031071607357,-0.16730166634000457,-0.14179378566170653,-0.13516779312663016
-0.18329132798841904,-0.13439823547008994,-0.13549863692644323,-0.16675700964112394,-0.14165088439410337,-0.13552933324862818
-0.18100766601861754,-0.13423509839880338,-0.13522105834268522,-0.16644545827981994,-0.14212735145019292,-0.1354835689330863
-0.17899231907667956,-0.13402348592388355,-0.13554315809967515,-0.16602458938727835,-0.14198231181015772,-0.13530940396443772
-0.17865125852499453,-0.13399026246592757,-0.1355112918159382,-0.16537068184044681,-0.14183909085987573,-0.1355812685954295
-0.1760385311322232,-0.13415799546544227,-0.13515801391644708,-0.16475306704166173,-0.14171657903942314,-0.13597996673632046
-0.17252755766729627,-0.133879291322346,-0.13511400500262666,-0.1640847103756874,-0.14163636810505842,-0.13571580078391293
-0.1749907885451962,-0.1342761049207548,-0.13508217215766097,-0.1634343276389496,-0.14150472829277494,-0.13534494693686266
-0.17248467938618467,-0.1345796871006597,-0.13497180247951765,-0.16289449664426506,-0.14159002596618644,-0.13517373961635218
-0.17520012937298227,-0.1343660912778915,-0.1348301573912027,-0.16251233613614077,-0.1418362495429888,-0.13490932404858477
-0.17291877019294738,-0.1342177181992968,-0.13552729173769415,-0.1618727354422732,-0.14153599673969444,-0.1346229663659511
-0.17531917664509578,-0.1342320500496328,-0.13524685550417415,-0.1612926761618114,-0.1416135905535187,-0.1343441642907382
-0.17714342327598775,-0.13429351629573336,-0.13522055361726626,-0.1608299577936042,-0.14146494097657664,-0.13417020495143414
-0.17286314909648948,-0.134189524350884,-0.13488810342701962,-0.16016083184083382,-0.14142001185245195,-0.13384425476011275
-0.1692760813844355,-0.13400768964617416,-0.1348831247348143,-0.15972051110533575,-0.14139423780687374,-0.13388452860039524
-0.1722276224186007,-0.13390580376145086,-0.1345271087547229,-0.15934151081523457,-0.14156396587183306,-0.13371507128488172
-0.16699773434170104,-0.13388210713006296,-0.1348505821608924,-0.15931449927636132,-0.14181767173769777,-0.13339291438765083
-0.16406539147792198,-0.13413856473225652,-0.13496538151185336,-0.15872415042768523,-0.14155804022389928,-0.1333761026449995
-0.164860588761407,-0.13389299960987797,-0.13481470268529583,-0.15810845474898744,-0.1413565798654533,-0.13317853353801154
-0.1746061066318906,-0.13379220203541925,-0.13497882603956257,-0.15753463305504348,-0.14122804965619606,-0.13301795011261597
-0.17146620081693473,-0.13360374772168288,-0.13558674306004126,-0.15710385152841233,-0.14094912074332136,-0.13295617385412803
-0.17053293921952634,-0.13396597567296506,-0.135504886807585,-0.1564785202119743,-0.14098046175631176,-0.13296097603708942
-0.1687451321405183,-0.1340552608665965,-0.13553416760826006,-0.15590096620441832,-0.1412231319740999,-0.1327237170212599
-0.1673404444513199,-0.13430747238859111,-0.1355152823846996,-0.15563348930472032,-0.14112731370375373,-0.1325211331826185
-0.16929548011586695,-0.13437149505620216,-0.13528937118949264,-0.15523765212769478,-0.14096848891578095,-0.13279286609482285
-0.16800976514409238,-0.1343540345831703,-0.1356804939325321,-0.15455845495284884,-0.14094488362523364,-0.13257773778210752
-0.16705832651436264,-0.1341363678824999,-0.1361958663161021,-0.15396814406937653,-0.14093363519111135,-0.1328992160895172
-0.16735482299676532,-0.13392070041323728,-0.1364253235688826,-0.1534888217010948,-0.14100339810631435,-0.1326685003369187
-0.1646380194436901,-0.13383713740541872,-0.13635589703918666,-0.1528550660977613,-0.14086705872525654,-0.13244199366129394
-0.1703724052445799,-0.13439030868429133,-0.13630108627674897,-0.15268750871292272,-0.14103048426241788,-0.1334571458898764
-0.16706162301275945,-0.13461724575535994,-0.1360525758450945,-0.15232905673174715,-0.14093960870294833,-0.13335709860972692
-0.16350570498266673,-0.1350923312643079,-0.13603403773508985,-0.15207854968542842,-0.14070154493509937,-0.13313525161628909
-0.16104828420789866,-0.13493418339136498,-0.13581696737683185,-0.1515387222885123,-0.1405709364009727,-0.132918641914327
-0.1579131481044148,-0.1348107798982334,-0.13603619117983703,-0.15127320978048972,-0.14085531257260503,-0.13287246002685502
-0.1569913160085666,-0.13460573241301843,-0.1357914367004961,-0.15060176825817448,-0.1408486014162165,-0.13329552006707174
-0.15278933278470805,-0.13506572636591144,-0.13567425336841166,-0.15044863600553426,-0.1409220272794622,-0.13337296390407744
-0.15291257284209292,-0.1348812460693937,-0.135478000251897,-0.1499884699330744,-0.14068643389824043,-0.1337442947918025
-0.150880920038455,-0.13486087954958584,-0.13534468213282977,-0.14947193286863864,-0.14066673863330154,-0.13351745841178392
-0.15129794200516974,-0.13516393958503403,-0.13600708702413056,-0.1489592288971645,-0.14036733074626614,-0.133426622869888
-0.15481828822298643,-0.13496684510007168,-0.13593609555720768,-0.14831413032352042,-0.14036952784046952,-0.1334132653671584
-0.15274137253690293,-0.13509161646783896,-0.13601275080838332,-0.1483359421595076,-0.1401971112100089,-0.13360837758335242
-0.15272374950132803,-0.13543212182810987,-0.13647824696440897,-0.14774275673950116,-0.14072806939144583,-0.13353360244759413
-0.15239964625155983,-0.13582668432022918,-0.13640144841831736,-0.14747420118170593,-0.14058971517694588,-0.13359433231221943
-0.156621089455473,-0.1357384003170613,-0.13751166801061532,-0.14723395147304688,-0.14061141566703914,-0.13355929303136263
-0.15968281058591505,-0.13571676087986012,-0.13743008130437284,-0.14714076458150638,-0.14079811596114858,-0.1334014300180475
-0.15757970870514995,-0.13599254236607441,-0.13743746911271465,-0.14654639557414442,-0.14077244768923466,-0.1335522971036538
-0.16344381128644347,-0.136002059121077,-0.13719277933050913,-0.14623852107013996,-0.14070933431162658,-0.13389281404822018
-0.16448995219452325,-0.13592900778852451,-0.13708044493249505,-0.14582355239586892,-0.14044847699877405,-0.1340476525683663
-0.16281702205781146,-0.13570142148557765,-0.13724636859298786,-0.14533150326659933,-0.14024352813084226,-0.13409499386680626
-0.15972330474211038,-0.13584275601095658,-0.1370654443661853,-0.14477627793164222,-0.14015117302525254,-0.13432273899167382
-0.1568827589400611,-0.1358814212796108,-0.13701869457007762,-0.144168902820008,-0.13982948063966447,-0.1341853294461002
-0.15403055813349112,-0.1356719165922406,-0.1370526719821788,-0.14407403366197777,-0.1396641753332313,-0.1341893994805475
-0.15631616040034577,-0.13598469552692563,-0.1373282776170415,-0.14403365120668374,-0.1395034839134045,-0.1341545641957719
-0.1535920510431625,-0.1366826975009707,-0.1375676916674616,-0.1438795195186797,-0.1392726249841288,-0.13404159416274816
-0.15388581538888174,-0.1378021645490791,-0.13744261362694166,-0.14361238510324256,-0.13905661370042185,-0.13385787312606617
-0.14998268640584336,-0.13772979695543752,-0.13758932052246897,-0.14311770755606815,-0.13887922695092692,-0.13376123393644826
-0.1478786558067016,-0.13771968904107582,-0.13738745072912079,-0.14251374798398792,-0.13872935928051416,-0.13410883803192652
-0.14352308981639722,-0.13779353422458335,-0.13727371864294174,-0.14200964432395186,-0.13884365885791236,-0.13412334352554744
-0.1468247331536915,-0.13804875649365597,-0.1372668735859508,-0.14144827000128968,-0.1387491832205812,-0.13414011329035547
-0.14962425634529722,-0.13817550362839515,-0.1372703264501149,-0.14086616105541888,-0.13864705849807046,-0.13417779194571103
-0.14921181373900802,-0.1380642600244544,-0.13710279109569218,-0.14041581863917185,-0.13896117326580124,-0.13398617359003284
-0.14775875841568184,-0.13803356472452863,-0.136951947697783,-0.13987411118487164,-0.13892804618611762,-0.13432595979429526
-0.14469140251536447,-0.13799237250596946,-0.13683399564314894,-0.13956629553405978,-0.13899234483115364,-0.13407421164774946
-0.14239876457649103,-0.13818120180057195,-0.13666590802201867,-0.13908027068633463,-0.1390584899988514,-0.13396189835852643
-0.14245630224753086,-0.13823980481646803,-0.13661472947987643,-0.13870269568698515,-0.13889092328372216,-0.13399112603350205
-0.14044115165429213,-0.13853190239946325,-0.13675536477999287,-0.13824708152472343,-0.13901252597801317,-0.13381728311682908
-0.13573998114635832,-0.13833394707775595,-0.13719786132457976,-0.1378614351152783,-0.13923786400053792,-0.13380536010959265
-0.1337667723963175,-0.1384223433874124,-0.13735303563698797,-0.13735048668234104,-0.1395326802375125,-0.13370119496233385
-0.13203258164384063,-0.13861731555360207,-0.13728152489752432,-0.1370307590519929,-0.1394624077475448,-0.13373313360167063
-0.1320171874953182,-0.13888161162257787,-0.13754771959534978,-0.13658150377180958,-0.13946764879211865,-0.13354655853526176
-0.12957013070640738,-0.13910593505007968,-0.13808582701494343,-0.13607343212489384,-0.139429191307479,-0.13400000831061729
-0.12794428220681547,-0.13900798932290337,-0.13799719667675178,-0.1355275448464632,-0.13931799893801802,-0.13486403106063674
-0.12869011337465378,-0.13892242104735705,-0.13785005223580588,-0.13527444460515473,-0.13916107252306184,-0.13496280635647365
-0.1258426034493195,-0.1388215502808066,-0.1383284566855696,-0.13467674288564177,-0.1390314765937525,-0.1348441672973859
-0.12211797110124664,-0.1390105712208689,-0.13813466391543927,-0.13430711689307176,-0.13891797115950227,-0.13477443253052437
-0.12131582838054879,-0.13879797186141715,-0.13826201179647332,-0.13368327008348405,-0.1389533981581327,-0.13477274274851994
-0.11792248771404128,-0.13890119269575044,-0.1380880777014461,-0.13360192185480646,-0.13916374166888837,-0.13469216926114846
-0.11589382110933649,-0.13907893610670297,-0.13810615665944487,-0.13334862624633279,-0.13943443608312034,-0.13459140219797933
-0.1171412940180542,-0.1394706915633533,-0.13838659044811752,-0.13319613014624143,-0.1393472780930791,-0.13458396030306247
-0.1154621872366881,-0.13943873392536665,-0.1387609656633341,-0.13311578351203934,-0.1398362223356326,-0.13438894807786983
-0.11657333475862443,-0.1393882149255925,-0.13908354724011937,-0.13280894378909353,-0.13988504183323966,-0.13446664491103325
-0.11291353912471354,-0.13950256770011554,-0.140059839624291,-0.13216030392177763,-0.1401085418562843,-0.13432855544972055
-0.11633262272925647,-0.13936052468019589,-0.14005763153154244,-0.13173856296492867,-0.14030338102822376,-0.13442846976276607
-0.11281290689310809,-0.1391207892609074,-0.13999064067146497,-0.13125328674758097,-0.14024417328067507,-0.13421911648646967
-0.1123934261949423,-0.1390035577819883,-0.13984965612483194,-0.1308324168795649,-0.1400459247451439,-0.13425014815185932
-0.11454304986083909,-0.13886858688699433,-0.13967032973123814,-0.13063164548734535,-0.14017005418867787,-0.13409248712000624
-0.11187350673770875,-0.13931239621161112,-0.13954189395143152,-0.13017758491793,-0.1401549814133464,-0.13404575603496657
-0.1152661016221839,-0.1398282434255832,-0.13980578660799203,-0.12988430711524795,-0.14019185249024624,-0.13400443552393987
-0.11195322039239226,-0.13967393332827896,-0.1396393735761857,-0.1294011692767508,-0.1401058513151088,-0.134151849504515
-0.11108271987278628,-0.1397259668684393,-0.1394284891602183,-0.12892265264671138,-0.13983423335916675,-0.13416894443007654
-0.10644145466061661,-0.14117559695635576,-0.13922400478384045,-0.12857835557825803,-0.1401943828321339,-0.13436552008245742
-0.10380642066090122,-0.14105407245224355,-0.1396161567915565,-0.12803960689075317,-0.1400733756022655,-0.13443095806784408
-0.10165315950924798,-0.14104334548452838,-0.13962837493001268,-0.1277750294600549,-0.14031918460452172,-0.13429248882037095
-0.10338540611717363,-0.14170186524296197,-0.13984062741630615,-0.12753541207587266,-0.14009850906135246,-0.1341848943142943
-0.1001021101499281,-0.14165574261034175,-0.13968728779447773,-0.12714370289998495,-0.1400777334700089,-0.13402912781065396
-0.09811841378969849,-0.1415927114545007,-0.1401799859641654,-0.12669709086365383,-0.13985904771546243,-0.13419531051946704
-0.0946683977926062,-0.14145832030066208,-0.14057204678411128,-0.1263110106274135,-0.13989503018001762,-0.13411073544405303
-0.08961098751803688,-0.14181075819665961,-0.140328211001903,-0.12584891121360375,-0.13980504909264835,-0.13403731801679822
-0.09218690156475351,-0.14164563874338734,-0.14030239871328512,-0.12539085660898835,-0.13977762912684433,-0.1338654585574936
-0.08927302043296045,-0.14253748611212655,-0.14046483470158436,-0.1249765786551601,-0.1396950545316993,-0.1338725433160227
-0.08646484767276325,-0.142383372427246,-0.14058353288902878,-0.12448472956578328,-0.13972793758336619,-0.13451461287383457
-0.0879204380296651,-0.14282599626156373,-0.14045286751550168,-0.12410649382160845,-0.1394592358777328,-0.13437677882028992
-0.09055475980571263,-0.14287436419339228,-0.14051598682946007,-0.12394547144103503,-0.13920938425163784,-0.13526530305547899
-0.0876531471118139,-0.1428742442543803,-0.1408154763545742,-0.12347796848632447,-0.13900205769278406,-0.13531914172678358
-0.08502730010712205,-0.14288012393407812,-0.14066768827006312,-0.12314000160896468,-0.13889797790832012,-0.13521303892145314
-0.08476087607251973,-0.14281004153127524,-0.14082088848405347,-0.12285562254021264,-0.13890880264578812,-0.1353840628205069
-0.08652762593652423,-0.14299170492603416,-0.14061130775767836,-0.12341593131305416,-0.13887864636582622,-0.13530227908024706
-0.08615775322756095,-0.1432460440205607,-0.14038821762107553,-0.12333431019289195,-0.13892170567930734,-0.1356312628870675
-0.08565990704260393,-0.14311345330755051,-0.1401611367323162,-0.12333706049742565,-0.1388951699788242,-0.13552724060747212
-0.08658784486444474,-0.1436271828148114,-0.14013026018340435,-0.12311171720321314,-0.13871263827614902,-0.13552594889457661
-0.0846417299826137,-0.14358118018776594,-0.1400412117711616,-0.12276007461695292,-0.1386668417486959,-0.13539454811148438
-0.08554005537416652,-0.1434571229675654,-0.14019342414955066,-0.12234303889613767,-0.13901848772034436,-0.13544784541531124
-0.0819225542804202,-0.14322934389170827,-0.14063317399509134,-0.12198191465520218,-0.13899242923406727,-0.13550943906118132
-0.0840549385829169,-0.14315107152252424,-0.14086751006033482,-0.12179633678178675,-0.13870790262440322,-0.13533013474452327
-0.08536065372878525,-0.14302586430269615,-0.14093779054989242,-0.12158157330108611,-0.13888039371070252,-0.1351768345749977
-0.08446900392072472,-0.14322504891253793,-0.1408115830853448,-0.12112538454869266,-0.1390405496630159,-0.13510368881885268
-0.08045747923427117,-0.14305772474758346,-0.14077732269115717,-0.12077360763974776,-0.13884649114537395,-0.13518967841899143
-0.07820238053674383,-0.14324153679750917,-0.14052500542675297,-0.12054871086116957,-0.13948009405295492,-0.13520868077539477
-0.07710358925860905,-0.14298233229573637,-0.14033716159084877,-0.1204171609518058,-0.13953274999942583,-0.13560300027887856
-0.07469067294451465,-0.14345298288192754,-0.14048539954171282,-0.1200330561333228,-0.1394021475717597,-0.1354819270326769
-0.07220453345680586,-0.14316859066933477,-0.14031721350851378,-0.11978853223667738,-0.13913158659828234,-0.13546153762288551
-0.07000329987087502,-0.14308835102749484,-0.14016057786303965,-0.1197297090277035,-0.13904537233549907,-0.13591195928427985
-0.06703619676247478,-0.1430997166547569,-0.1400525066875326,-0.11941241990714385,-0.1392207304956603,-0.13608601495309675
-0.07246643697086164,-0.14325348346862982,-0.13992083903902444,-0.11903091984580011,-0.13929286871879307,-0.1362185000179527
-0.07340988654933621,-0.1445357998444196,-0.13976184456122717,-0.11859823880962223,-0.13915616851464557,-0.13631975349733674
-0.0730796163078124,-0.14467747801432287,-0.13954409870914797,-0.11868708892514586,-0.1390263938514761,-0.13639125831135554
-0.07222631647982443,-0.14454719862109328,-0.139409597759499,-0.118590564954187,-0.13893408340900168,-0.1363285579357769
-0.07088488867588051,-0.14440625374999563,-0.13950255069564396,-0.11821341833385623,-0.138808770157331,-0.1362486961588252
-0.07020923819609685,-0.14413868038000174,-0.13923613817536235,-0.1179106947094994,-0.13859392264320164,-0.13617025743228928
-0.07399522834146978,-0.14411133552414002,-0.13898416746485892,-0.11769252910344723,-0.1385045852767398,-0.1363067505995933
-0.0725256445799646,-0.14392378526599597,-0.13879629367259239,-0.11781793346096454,-0.1382529761578816,-0.13672738190765357
-0.07874425523634623,-0.14394391182715663,-0.1385969085152924,-0.11749507896538373,-0.13809581015074512,-0.13687481491334025
-0.08122055136651764,-0.1437042284327979,-0.13877058187601907,-0.11716142312408119,-0.13814623240364024,-0.1370173734487717
-0.08498116732199237,-0.14397332588454984,-0.13861938664729415,-0.11692692232553421,-0.13814180495736436,-0.13680195560503994
-0.08370677645152838,-0.14423783806090656,-0.13842053698012774,-0.11683837430770089,-0.1379664935735759,-0.13666920216680406
-0.0827160277926952,-0.14406989652592422,-0.13832362782915203,-0.11682912447243451,-0.13786737083886508,-0.13648810280633975
-0.08595970925850799,-0.14382094201894463,-0.1381117471099195,-0.1163975450986595,-0.1377096569059211,-0.13657231543150908
-0.0821085897727556,-0.14405576149217741,-0.13798330480599674,-0.11598953486062005,-0.13769461716156106,-0.1367692655340616
-0.08103437763604521,-0.1439885491593552,-0.137792728308398,-0.11556486839019542,-0.1376317595174739,-0.136692608753137
-0.08058842615551765,-0.1443906071421563,-0.13764665277796062,-0.1152714207907472,-0.13744920785332781,-0.13682832193208305
-0.07701681079557084,-0.14425123219832692,-0.13772190299424214,-0.11513397016660944,-0.13724903907816569,-0.13693365501125043
-0.07660736784377276,-0.14470657036458362,-0.1376283133959773,-0.11483225055802708,-0.1373679361491447,-0.13680487461543758
-0.08518959296970165,-0.1448533019648126,-0.1373546317282778,-0.11451368416812507,-0.13736684899042012,-0.13663406342063492
-0.08377897982259144,-0.14471173414636548,-0.13720603416314883,-0.11458375282737096,-0.1371883764730972,-0.13657794783600044
-0.07981023286851832,-0.14449907471371712,-0.1370762056077647,-0.1149269528223875,-0.13703277691983465,-0.1367404404878675
-0.07730789610295742,-0.14497435655010546,-0.13696735800686802,-0.11472701949176013,-0.13684487981518995,-0.13675069598761402
-0.08256631505701537,-0.14471074793788785,-0.13689203787125911,-0.11435811509282413,-0.1369146711856226,-0.13694660415198162
-0.08033681306434624,-0.14464652639420855,-0.1367546312421209,-0.11459915025372364,-0.13695316793060058,-0.13686572175480735
-0.08064702215167309,-0.14437328630981,-0.1365292753621679,-0.11467099276793351,-0.13701342576118195,-0.13692807398492637
-0.08344578206108773,-0.14440805220416858,-0.13638811901311843,-0.1144321968940914,-0.1368698996889143,-0.13672602954733326
-0.0817642420899018,-0.14459497974573546,-0.13668449725503076,-0.11467287423114109,-0.13673156909789141,-0.1367461692648609
-0.08166196941142145,-0.14507087054175044,-0.13651775373892852,-0.11439960526731452,-0.13661975144563365,-0.13682164921809142
-0.08065608928186785,-0.14496203058091864,-0.13626522100690347,-0.11449499682039116,-0.13641599680472283,-0.13666047395415948
-0.08057269873845692,-0.14475452652713608,-0.13608918908743634,-0.11439553370532135,-0.13646489961225491,-0.13669744300535208
-0.08551471388352697,-0.14445585655176987,-0.13596770344513387,-0.11402679398776217,-0.13626824109689648,-0.1366595133799855
-0.0836757595645859,-0.14483607735818485,-0.13598188249061027,-0.11378093934753464,-0.13647977833863512,-0.13667557764108396
-0.0832251368355554,-0.14540541067083396,-0.1358376371574234,-0.11353024662130534,-0.1363650003921517,-0.13651621470708275
-0.08026001021133836,-0.1454677435292861,-0.13563505836134643,-0.1136704183030183,-0.13618173886268198,-0.13636063118934066
-0.07905223531415849,-0.1454321453142755,-0.13560756276439725,-0.11326741119341659,-0.13628381241116924,-0.13654837741408385
-0.07866918374319248,-0.14547273038054284,-0.1357318382036278,-0.11289107299398454,-0.1370757688766709,-0.13659859624104795
-0.07519986145535822,-0.14526428678064696,-0.13564870149829977,-0.11251722927132171,-0.13744370912975848,-0.1363780934035994
-0.07495715235554075,-0.14503977291027398,-0.13542247989321654,-0.11214454842874383,-0.13792374797041657,-0.13628142596141532
-0.07564294145293596,-0.1451656003389701,-0.13621598924158435,-0.11179991636751722,-0.13797250367479172,-0.1366282960080671
-0.07197442731356056,-0.1450925197090286,-0.1360550111949742,-0.11195566368351535,-0.13813330153237313,-0.13649845177250483
-0.07585925278796739,-0.14516426440716237,-0.1360239710518628,-0.11188585209637752,-0.1383091480755664,-0.13635855664941401
-0.07273920632102138,-0.14495260345190586,-0.1363425415301748,-0.1117513722667193,-0.13891717506644294,-0.13625945361191316
-0.06915273319773617,-0.14502892946332,-0.13626117709727747,-0.11165323786473612,-0.13908166724321766,-0.1361035829298875
-0.06755629571267263,-0.14531288398023515,-0.13612602485021255,-0.11210673959982216,-0.13897362237369323,-0.13601586046343994
-0.07608747986075542,-0.14517454838234123,-0.1363425133628404,-0.11192881092825845,-0.139226948060999,-0.13580257078867342
-0.08034761857837212,-0.14490576856766746,-0.13685962813411331,-0.1116125994891394,-0.13931448518549885,-0.13568018920120306
-0.08030399971608264,-0.14489133068647514,-0.13666409708021474,-0.1111978053503121,-0.1393782708198919,-0.13545205667090465
-0.08209592182259103,-0.14477623921683866,-0.13655656293327453,-0.1107794626100287,-0.13919786539916817,-0.13566215802024645
-0.08907562340059297,-0.1445140676584811,-0.13630304269582605,-0.1104676266159414,-0.13914908772744825,-0.13554570638600702
-0.09222256749686956,-0.14445709213467992,-0.1363752246571434,-0.11029932633407043,-0.13886652345731518,-0.13544895091749243
-0.0952964649123752,-0.14432341460938558,-0.13611834345653048,-0.10997418112722253,-0.13891505660529768,-0.13530030278200036
-0.09909890595138844,-0.14438258395716,-0.13609154144444713,-0.10972139375398127,-0.1389000520523075,-0.13552036592074182
-0.10243893605739497,-0.14422115208987527,-0.13643992808612915,-0.10952070020174462,-0.13912238066903698,-0.13598229598774422
-0.10529891781093928,-0.14422182145152676,-0.13630890435388873,-0.10926386909859408,-0.13893573510479942,-0.13609807852016567
-0.10917468917115958,-0.14402225935334942,-0.13620840041972138,-0.10906112596267814,-0.13881515601839456,-0.13594837924379166
-0.10804372343140653,-0.14384159357006676,-0.1361655061817436,-0.10882189023989859,-0.1392744280225107,-0.1356920295965665
-0.11449237147857862,-0.1439406103581777,-0.13606624382326765,-0.10852836489833692,-0.13910656821894063,-0.13550332922673536
-0.1106502023936845,-0.14383996462353893,-0.1359060788337357,-0.10823018078706098,-0.13895021849552014,-0.13550200017453065
-0.11164316739909826,-0.14369313246408882,-0.13584228439799975,-0.10854692916293354,-0.1389464591031904,-0.135336633442273
-0.11028633315600024,-0.14342040085746183,-0.1364000882035134,-0.10838958377045566,-0.13887692821171083,-0.135227474624703
-0.1145862588877849,-0.1434803836148144,-0.1368586371563431,-0.10803433352558622,-0.13877552651830002,-0.1353660953003137
-0.11172255720140796,-0.1434928676993073,-0.13673598148154992,-0.10802197866023416,-0.1385726045616965,-0.13543813864709212
-0.11512611173340981,-0.14327488906022404,-0.13686809760068178,-0.10762784459725294,-0.1388197166425487,-0.13517510753897477
-0.11920902197077123,-0.14302460380533355,-0.1370770293247834,-0.10730004212528563,-0.13880298833276825,-0.13583570127932743
-0.1168157005217247,-0.142977988135684,-0.13688731868790763,-0.10698676012316323,-0.13872539512497348,-0.1356218306205577
-0.12153181131668488,-0.14312874955629032,-0.13672542182704447,-0.10684920987097847,-0.1389426571884306,-0.13543237579817197
-0.12293669395881152,-0.1433591088082116,-0.13687357597739908,-0.10675407614478796,-0.13903762426838073,-0.13522851963864185
-0.12066563261290172,-0.14326394709946164,-0.136744028693082,-0.10646589271352624,-0.13884567160240294,-0.13506760566078527
-0.11732461963200676,-0.14306758837963612,-0.136617864243171,-0.1062674812212218,-0.13882415404894463,-0.1350910417335212
-0.11515895209829281,-0.14295826518318897,-0.13706089079906214,-0.10608601075274679,-0.13870916254589472,-0.13499290052887536
-0.11113985995030873,-0.14392765159664245,-0.137292296197547,-0.10573632598088274,-0.13921035717089006,-0.13498932858021784
-0.11701591702635288,-0.1440957399305989,-0.13718509956701044,-0.10585258625012156,-0.13905631779516353,-0.1347196076796331
-0.11374250149234603,-0.14383947979856526,-0.1372692528753537,-0.10557972721320816,-0.13903703191001004,-0.1348860781183566
-0.11985199546643154,-0.1441678892611523,-0.13731776145300723,-0.10566603411915163,-0.13900996175709182,-0.13479781445076336
-0.11703054158525213,-0.1439604859219761,-0.1373845230772651,-0.10534487470250714,-0.1399275545929172,-0.13453651755690207
-0.12157493110272133,-0.14450749868414264,-0.1373151754371941,-0.10496787779084643,-0.1398066928879918,-0.13437805330800853
-0.11877621029629942,-0.14437865141607245,-0.13707713444197345,-0.10463476331163074,-0.1397249100136267,-0.1344449418685036
-0.12198907187481395,-0.14457499806096835,-0.13681203999013072,-0.10454408665356826,-0.14013990227867396,-0.1343813587218282
-0.12072246654985622,-0.1448345088531379,-0.13681438651871355,-0.10417497623946705,-0.1405090588466674,-0.1342339545535293
-0.11699537594179177,-0.14476281652724976,-0.13656984066709402,-0.10390947156904635,-0.1405137302015368,-0.13418933803823063
-0.11417412842106589,-0.14457594398740864,-0.13669335425718718,-0.1037484797746576,-0.14041530236237482,-0.13401986296897417
-0.11227673911878888,-0.1445009840938975,-0.13659611451511858,-0.10342242660245399,-0.14038957559323526,-0.13385819119958944
-0.11099938492336672,-0.14422529585974245,-0.1365902179000746,-0.10344669465954903,-0.1401374206458259,-0.13364192329055213
-0.10906944075771334,-0.1439816608262252,-0.13691715603908924,-0.10305447887279275,-0.1400654387743256,-0.1336592782531933
-0.10782126749541546,-0.14373589464989395,-0.13683885694811596,-0.10317665021191377,-0.13981010444125647,-0.1335887022462987
-0.10634776425490716,-0.14385151893983444,-0.1371770257481126,-0.10339702065219854,-0.14033306783335436,-0.13385246122471345
-0.10566796514620076,-0.14399324332039332,-0.13711293947519265,-0.1031677761896581,-0.14016201121861316,-0.1336647181727114
-0.10450074046772356,-0.14407619450446987,-0.13699905998316725,-0.10292468634315347,-0.140066133027031,-0.13349489204097145
-0.10661616598766294,-0.14392939911117172,-0.13702050616535957,-0.10311292340011706,-0.14018560794591392,-0.1333378321605846
-0.10814666794102443,-0.14385763982450636,-0.1367710849536897,-0.10280552931267102,-0.14029137210327222,-0.13347447827591558
-0.11068206592982052,-0.14361650865307307,-0.13678328714542015,-0.10259880065697807,-0.14080866119993204,-0.13344065121276408
-0.11257426465550432,-0.14372461639309875,-0.136827652847684,-0.10226205234750582,-0.141065372891371,-0.13348672897521516
-0.11369896543126719,-0.1437359129175556,-0.13677236990766578,-0.10215577210474698,-0.14102885311177268,-0.1345974299977012
-0.11531944247466974,-0.1435556772472477,-0.13672544473902032,-0.10175365314990444,-0.14097410069072913,-0.13446361132389714
-0.1127567580242875,-0.14345039745965354,-0.13671862195280485,-0.10181213433888706,-0.14073204336296335,-0.13443904387812203
-0.10896811027624041,-0.14317492963780687,-0.13686214151830933,-0.10215312539548731,-0.14066769781869648,-0.13449969373801332
-0.10998396067289137,-0.14301293834314963,-0.13678348003408078,-0.10203404833501967,-0.14057512603266006,-0.13446469998264574
-0.10784289464839533,-0.1428476622518,-0.13665730859955436,-0.10181585324439203,-0.14047888916804968,-0.1345987088734525
-0.10711680336691681,-0.1430498124575225,-0.13664688850075044,-0.10146785297367215,-0.1406544610718404,-0.13441793862040358
-0.10591020023250514,-0.1432995876375437,-0.136451182035762,-0.10121644897862582,-0.14052888769085817,-0.1344956095046103
-0.10345539642658431,-0.1431174226675804,-0.13644753513768385,-0.10125062473919816,-0.14041096556711902,-0.1343029269462705
-0.10443881535163983,-0.14291191262660857,-0.13643868130839798,-0.10162636597714782,-0.14048792559251916,-0.13447318872075145
-0.10308006574169394,-0.14270754231554925,-0.13652403591885964,-0.10153776004687326,-0.14055496546624952,-0.13436864989027644
-0.09939791074444941,-0.1428612386553973,-0.13650060179957402,-0.10127323259012577,-0.1405420392525036,-0.13423893205221676
-0.10139444971327981,-0.14276427190541613,-0.13633195241306356,-0.10105961352705359,-0.1402786935663573,-0.13460943148975443
-0.10308308588786617,-0.14293375819362553,-0.13656030815413492,-0.1007341606861321,-0.14014522357465325,-0.13448495181057163
-0.10067830954024898,-0.14290222270323846,-0.13635263709332546,-0.10044803054599186,-0.14001406759812984,-0.13446359495050125
-0.09864631144014903,-0.14282396260444832,-0.13642486777997764,-0.10017495324704902,-0.14077172919450479,-0.1342842039212452
-0.09727593131543481,-0.143042076784473,-0.1365720017026457,-0.1000948522377094,-0.1406821948321123,-0.1342311997202711
-0.0972490500160279,-0.14283732646896846,-0.13656738130615742,-0.09973260688528228,-0.14063030620818956,-0.13420769889694018
-0.09470475692820891,-0.1428162471959724,-0.13668397442777336,-0.09952608230860648,-0.14064811076842443,-0.13417775761522505
-0.09250795595523555,-0.142687361929569,-0.13728714553581914,-0.09925261676023707,-0.14077187631463817,-0.13400001197463932
-0.09178547530752613,-0.14249764503301518,-0.13739589138625066,-0.09904341451775675,-0.1409328397680055,-0.13411321372639873
-0.09019679039449156,-0.14249270301001415,-0.13718543710004932,-0.09890210472992823,-0.1408051742928653,-0.1339760550576412
-0.08801318157617809,-0.14237537048248355,-0.1371895643032298,-0.09880278247301501,-0.14052836673784685,-0.1339221169662342
-0.09771354586697091,-0.14217500816722056,-0.13721735913511465,-0.09847406513531584,-0.14045723314862646,-0.13377954104888265
-0.10567836888719796,-0.14205300211900604,-0.1374106525139078,-0.0982632418290838,-0.14062158958924528,-0.13386554931645261
-0.10538499906378222,-0.14179151646108815,-0.1374701548717678,-0.09824833095673649,-0.14176742315624222,-0.1337069298185229
-0.10589651340572967,-0.14167312379892633,-0.13776772865485065,-0.09843612005475169,-0.1415401136629416,-0.13355574088458413
-0.11051913843432208,-0.14155677965913627,-0.13830139654159804,-0.09817293998906727,-0.14181877848412486,-0.13363011022139135
-0.10973199025474115,-0.14182420372060686,-0.13850120320645115,-0.097918380595978,-0.14182294511619367,-0.13381775447074376
-0.10845395518248557,-0.14168284826690156,-0.13837332282058917,-0.0988625873920158,-0.14151765533450564,-0.13380352919100702
-0.10691952994439374,-0.1417481935629911,-0.13833269852881577,-0.09867215167952095,-0.14138040760654794,-0.13408091426428298
-0.10410431939285715,-0.1419776258334171,-0.1383632685322368,-0.09849783875969768,-0.14130260796131958,-0.13426424805925535
-0.1024103391043986,-0.14189134029642017,-0.1382938210916392,-0.09857740395934238,-0.14113509952854839,-0.13461142946488708
-0.09831499640777608,-0.14166221613825983,-0.1383559818568368,-0.09838733324710457,-0.1409364565017447,-0.13446339823274772
-0.10282693452172877,-0.14220064422770143,-0.1382488774492428,-0.09840095762638593,-0.14097873025278304,-0.1342781737671114
-0.10119030142887009,-0.1429868421990202,-0.13812645642741705,-0.09805262010738496,-0.14076882734762908,-0.13421523843457422
-0.09706370910911279,-0.14274857487313383,-0.13837380752736347,-0.09786752881589825,-0.14085951402868868,-0.1345157498320463
-0.0948828522933037,-0.14281057496801805,-0.13819741882910686,-0.09758498086818695,-0.14085239429049293,-0.13470183222679158
-0.09173242432146064,-0.14276095158163887,-0.13799897840314887,-0.09760281772160029,-0.14066801716029012,-0.13466018633025809
-0.09047912041152224,-0.14256083810916664,-0.13810002638519298,-0.09739958126915083,-0.1405984967767586,-0.13494146530554063
-0.0897097837657162,-0.14225026392176723,-0.13817628608115223,-0.09732369470629582,-0.14040757689474975,-0.1348489944704528
-0.0936992287844945,-0.14187901549399823,-0.13830021463437353,-0.09724849204947422,-0.14060582521693424,-0.13602991761689498
-0.09548864782661065,-0.1419886380200087,-0.13856804955307642,-0.09718273172692282,-0.14039034337359804,-0.13615860930922202
-0.09261922188702383,-0.14174518137230582,-0.1397245047135593,-0.09752034463170701,-0.14020774121683122,-0.13604086014142852
-0.09242436131013161,-0.1414238601832063,-0.1403191512468313,-0.09772917873229744,-0.1412925758415885,-0.13609043189716272
-0.10143438427137658,-0.141256596346101,-0.1408461500851902,-0.09769175407851304,-0.14138907371369158,-0.13613636953435979
-0.10902494032784976,-0.14122151838284025,-0.14078647438712047,-0.0978529928688017,-0.14122194076801986,-0.13597289216233374
-0.10997066885864376,-0.14122200862612033,-0.14081265956910138,-0.09807728322356046,-0.14114623190701675,-0.13577277371852506
-0.10951476386654671,-0.14151016251993417,-0.14103441355677598,-0.09837095180412612,-0.14111209752086654,-0.13594784531873283
-0.10701094727090267,-0.14131672360987207,-0.1409013589581538,-0.0984402703073605,-0.1412979715471206,-0.1358270687763771
-0.10487001414034461,-0.14131018571852966,-0.1406983663822179,-0.09845080471326169,-0.14125647286878046,-0.13565102022742428
-0.10471522669399837,-0.1411636274410539,-0.14053175246194433,-0.0985695889064383,-0.14103807694429718,-0.13550135798067214
-0.10276152489383394,-0.14098073764696553,-0.14048018337310947,-0.09859193818574907,-0.14090666487004733,-0.1353214982209752
-0.10373764737665697,-0.14088822509280485,-0.14056240024080877,-0.09870816343833538,-0.14071270091335586,-0.13504854499102306
-0.10233518329520151,-0.14126365948272007,-0.1408013621236862,-0.09915856542870165,-0.14100583350632856,-0.13495464192648604
-0.10003516663559661,-0.1410190723398309,-0.14061757539359326,-0.09960023713256677,-0.1414518912558326,-0.1348664211286191
-0.10131664458891568,-0.1410434275320227,-0.14045997432036786,-0.09987733641530605,-0.14241470695370184,-0.13466205245593463
-0.10028542465057547,-0.1408727976869312,-0.14051528984732095,-0.10005901633018462,-0.14329955250953888,-0.13440657796158034
-0.09761550833908501,-0.14159837632857142,-0.14046247043230417,-0.10080451383250538,-0.14308501442316823,-0.13417942872295488
-0.09493025421831419,-0.14157704282080222,-0.14049929015705143,-0.1009146039099784,-0.14349162139146515,-0.1340067509302281
-0.09252714161674844,-0.14133626745442127,-0.14053110796204396,-0.10094632740501469,-0.14344058855931374,-0.1338349186774851
-0.0988679434650133,-0.1411393950762139,-0.140623796968174,-0.10122984353715726,-0.14340232992290403,-0.13392382374152084
-0.11590641493254594,-0.14109124580881308,-0.14043701908564965,-0.10137149131462789,-0.1434145572435979,-0.13398076097049116
-0.11468425613559342,-0.141026009197381,-0.1408420558154815,-0.10176759516804477,-0.14360068756755198,-0.1338308887964586
-0.11327999077158489,-0.14104775988128246,-0.14116136392877718,-0.10214895455203149,-0.14349517333321044,-0.13381609139108452
-0.11662075932511014,-0.14125694342143094,-0.1410290811000298,-0.10228166298977176,-0.14346914324865856,-0.13389785467593304
-0.11983477337038549,-0.14100854410083255,-0.14136655482759333,-0.102708463890909,-0.14351782847932132,-0.13369984470013777
-0.11669538523346602,-0.14083975198502055,-0.14135791910371823,-0.10294192370812541,-0.1433282821556104,-0.13364862206846026
-0.11774362816512036,-0.1405175176099077,-0.1418438640708831,-0.1036413795974528,-0.14309977411064126,-0.13386078048321098
-0.1286472866199728,-0.14054723094304122,-0.14180002922777413,-0.10399864072924471,-0.14279587056901544,-0.13388833170365075
-0.1262954785232189,-0.1402847029993142,-0.14183582857353,-0.10440979820094247,-0.1426725015831033,-0.13382772646432342
-0.13096516127254926,-0.14001220023277638,-0.14173540865078404,-0.10487926151506118,-0.1429656434846801,-0.13381917846725805
-0.1285941315407914,-0.13974177863452364,-0.14191903708142833,-0.10502586565868649,-0.14320908547230143,-0.1337885069968228
-0.12647467708044816,-0.13967305825661744,-0.14202476998464417,-0.10523257086795802,-0.14327030579959316,-0.13359283999170227
-0.12436651226040811,-0.14044949085605243,-0.14189625753879653,-0.10563262260312391,-0.1432342709298711,-0.13355260977407452
-0.12431196760646794,-0.14021737272853943,-0.14208098437424688,-0.10625304591309737,-0.14355696104733584,-0.1333634290895556
-0.12258050697594129,-0.1400114512624238,-0.1420248662143749,-0.10638200701960278,-0.1434309096732705,-0.13321192376350066
-0.12232034892731558,-0.13991100929173894,-0.14181959618877693,-0.10659241165581182,-0.14319560619863586,-0.13303284938323684
-0.1329447842818235,-0.14002720856626033,-0.14186986649208413,-0.10703496683788571,-0.14296963055922796,-0.13346588705809906
-0.14116239175285436,-0.13995627750767542,-0.14189024244960766,-0.10787631479024999,-0.14266654680550866,-0.13324128958041162
-0.13942737622155688,-0.13965812600202074,-0.14198417289911075,-0.10801988569182067,-0.14278506105495123,-0.13304963638332468
-0.1375612836640783,-0.13992814371100037,-0.14190683038307086,-0.10819502373688711,-0.14258323187699692,-0.1329675730879808
-0.14460526895664857,-0.13980738147569877,-0.14178057224913254,-0.10855442664640799,-0.1427566442141684,-0.13281914923869378
-0.14425276307307677,-0.13958324398419536,-0.14231131714001824,-0.10958986138174849,-0.14253120991445656,-0.13280072866923617
-0.14673546410472216,-0.13946432490474647,-0.1420668626226214,-0.10988119793863955,-0.14259112357837847,-0.1327885895070114
-0.1507721213404778,-0.13930127505147202,-0.14199929481242438,-0.11007745399413743,-0.14272536148635784,-0.1326595551858238
-0.1504902302980278,-0.13912154090637627,-0.14193447286387723,-0.11022630458670651,-0.14244115064017424,-0.13268564694775567
-0.15080543913399796,-0.13945384041077852,-0.1422302970466998,-0.11042575086117283,-0.1425271755359765,-0.13256463324251772
-0.1509327132215893,-0.13949181493753474,-0.14251885924665855,-0.11082757891040032,-0.1424221571023805,-0.13257978941329288
-0.15018833568193268,-0.1397937941025849,-0.1427176828172913,-0.11130882598262878,-0.14220332284740117,-0.13265622562209634
-0.14703507385405215,-0.13953182239948891,-0.14256150395730485,-0.11146938578862339,-0.14201538705604744,-0.1330567991467234
-0.14410244016759435,-0.1392585584360573,-0.14263031695137965,-0.11218041556096787,-0.1418276079551581,-0.13289855738959447
-0.14373754211932666,-0.13953452944511177,-0.14270414948951102,-0.11281297425819262,-0.1416070098254449,-0.13383306343635534
-0.14045853063651323,-0.13931448174006392,-0.1425664478785791,-0.11340999385622626,-0.1416488417196038,-0.13373498906973014
-0.14493794718738534,-0.1392927780709123,-0.14282894401447413,-0.11375967039880538,-0.14168354535000674,-0.13385666647282496
-0.14903554883111197,-0.13922558501153837,-0.14270733911324526,-0.11418255783939729,-0.14164224404975576,-0.13358932946675608
-0.14593066571758437,-0.13892102558553496,-0.14254069058996918,-0.11477262472358611,-0.14169487322826385,-0.13375363093134918
-0.14370964415330087,-0.1388409815727045,-0.14250183122295504,-0.11495551922647264,-0.141766031130188,-0.13360069501313462
-0.1421720101898647,-0.13897717081588076,-0.1425065780596367,-0.11648371652875436,-0.1416393517060317,-0.13360389349276042
-0.14235918687078636,-0.13879872225042691,-0.14242305285607665,-0.1168583569957454,-0.1414964983940192,-0.13359148162754894
-0.1398318644266801,-0.1386770958669578,-0.14235273652975694,-0.1172589739719692,-0.14126044645843483,-0.13403654298159384
-0.14070789850552803,-0.13891987134142422,-0.14232482769548052,-0.11766405495283488,-0.1410809542361581,-0.13424213741691815
-0.13917471609366833,-0.13916808545688944,-0.14222877974433795,-0.11800299100241803,-0.14092950143953245,-0.13406474826207895
-0.13712343005570551,-0.1391558174729428,-0.14204879910444454,-0.11817500206055503,-0.14079816551912683,-0.13404157582210144
-0.13715111613209824,-0.13918060296905227,-0.14211529444326632,-0.11845078801581266,-0.14094717419100505,-0.13404272846424406
-0.13417416841318214,-0.13964510511695538,-0.141975887662612,-0.11892644119180923,-0.14069242034334808,-0.13405683405867821
-0.1313897850105772,-0.1399615247620798,-0.14175932298999572,-0.1193022296204844,-0.1406560479554595,-0.13397624249596507
-0.13617221036085692,-0.13978219732361766,-0.14166290661861738,-0.11946536753822513,-0.1406219515468564,-0.13400807385652314
-0.14111652574994907,-0.13964402452747302,-0.14180480197957748,-0.11973027512547282,-0.14062146815947252,-0.13394381360521254
-0.1390199247360737,-0.14011648693036768,-0.14169187924338533,-0.1199521534365089,-0.14048353304402375,-0.1337519586923075
-0.14701919815883638,-0.13990559161274657,-0.14188040028938873,-0.12032230496770546,-0.14033275582439353,-0.13389547239787947
-0.1445185205718861,-0.13979053577109224,-0.14159304400636177,-0.12052320940438806,-0.14043172507401253,-0.1337166835587071
-0.14231375062649504,-0.13962832183666277,-0.14140138614735476,-0.12118928234080639,-0.1404027474997334,-0.13361848099332824
-0.14025641459912022,-0.1400145747055686,-0.14127834197106048,-0.12180382215556458,-0.14034430554224123,-0.13356985262016877
-0.13874804081092357,-0.13990635919582384,-0.14144737369595947,-0.12207764052482509,-0.14013123836329397,-0.13341299599630482
-0.1407961930650661,-0.14013874528667233,-0.14127748508886265,-0.12254287246237906,-0.14020802360613116,-0.1334412077009998
-0.13862372151353447,-0.14066028763901806,-0.141416971711763,-0.12301312558051979,-0.13998676970065066,-0.13347072021451456
-0.13852234012166742,-0.14061784732268148,-0.1414035837778562,-0.12337997184820101,-0.13999183907165616,-0.13412980068001887
-0.1357982619704954,-0.14051200497385274,-0.1414155921088799,-0.12388766708447467,-0.13991256458562235,-0.13381027517590202
-0.13568529250714606,-0.1403898468878635,-0.1412281622639381,-0.12415451271556086,-0.1396504236366027,-0.13377206619417595
-0.13247023499895433,-0.14049196161952218,-0.1415114426674024,-0.12433366938124907,-0.14001755474895394,-0.1337208173670732
-0.13353790884625344,-0.14042728079267247,-0.14131117444123573,-0.12469121278268246,-0.1399818020713136,-0.1335201651404003
-0.13353034735242983,-0.14058892108802964,-0.14107340224054363,-0.1252513169447672,-0.1398581620086227,-0.1338174823095599
-0.13352416447906257,-0.1404948468211616,-0.140900024696158,-0.12560233484139524,-0.13993037078187587,-0.13432078115066748
-0.13095684618947417,-0.14036685710051325,-0.14071818116930288,-0.12584348565614922,-0.13980347895742332,-0.13435825162261408
-0.13869221007158752,-0.14020389966639196,-0.14100484345816905,-0.12610455763857,-0.13965670624380003,-0.13488728233661829
-0.14202961422383187,-0.13998115996357915,-0.14070129401177417,-0.1262141327439827,-0.13975586809191906,-0.1346746351595589
-0.14049155531766042,-0.1401370943305897,-0.14071133521053916,-0.12636783511449373,-0.13952998393667498,-0.13462352157284665
-0.13832379378017184,-0.13992592794847641,-0.14083031690016115,-0.1270604178771319,-0.13943268221461705,-0.1344336980306312
-0.14386965187657952,-0.14002511366341788,-0.14060115824429065,-0.12729327368393514,-0.1394297827512512,-0.13528172599246316
-0.14335993159824506,-0.13988770904751274,-0.1403641661199141,-0.1274903925237202,-0.13918550573323185,-0.13529213799823064
-0.14366188510395733,-0.13973262538054868,-0.14009466995632866,-0.12775547126534892,-0.1391326392184508,-0.13556918452487948
-0.14437624041736688,-0.1397742878239439,-0.13997662544177134,-0.12901673990544762,-0.1389881909965009,-0.13550936953847637
-0.14350044701558065,-0.139427135490827,-0.14029508519220607,-0.129111011723458,-0.1387885085362046,-0.13603569831203982
-0.1407821190923009,-0.1397031618149245,-0.14002362837369642,-0.129644319879169,-0.1386991864381076,-0.13605097038627928
-0.1411118745533907,-0.13951076564037967,-0.1400624247049662,-0.12978129203151076,-0.13857650206380204,-0.13588729730638888
-0.138496672983345,-0.13955315896107806,-0.13981341759004706,-0.1300802738743266,-0.13846844602314304,-0.1357665149988686
-0.14268956470334332,-0.13935009738862425,-0.13998405336132147,-0.13023423494015587,-0.13826822741758563,-0.13561621027388004
-0.14159536778074217,-0.1392477732109455,-0.14000330480495968,-0.13075035119105988,-0.1381160212464182,-0.13558715285827647
-0.14153911736645508,-0.13902749120462526,-0.14043191435753155,-0.13075203156732454,-0.13848741285081867,-0.1355078542908536
-0.13949181925327456,-0.13945894842495965,-0.14017206042961938,-0.13077425584073143,-0.1385472318542553,-0.13549508495304596
-0.14282156866512513,-0.13946139548197617,-0.13999316934484957,-0.13085365078440517,-0.1383933886326364,-0.13527089876341586
-0.13912318346218527,-0.13926112938437074,-0.14001371570867732,-0.13090472621461624,-0.13853078441315508,-0.1353238006118061
-0.13688484285061814,-0.13904015360271826,-0.14057780918073406,-0.13099036833067135,-0.13842895320305298,-0.13522678687381828
-0.13923960539058355,-0.13890577474111368,-0.1403896203930748,-0.13210413736328655,-0.13837206796237228,-0.13535125276545318
-0.13947636046327713,-0.1387596689930909,-0.14029278914082477,-0.1322512394580738,-0.13842173248543146,-0.13540327209672343
-0.137370820441614,-0.13955554395004996,-0.14028641978485626,-0.13277792443440886,-0.1386562685364388,-0.1354857507198721
-0.1385709116492619,-0.13960987999452676,-0.14017994476561382,-0.13291604330717507,-0.13853405763104243,-0.1354575798959067
-0.136396155227858,-0.13952590475442406,-0.14063634390068244,-0.13300465964406433,-0.13836956515419443,-0.13583258115143887
-0.13595832823027806,-0.13941975879939011,-0.14048781138391153,-0.133138544816698,-0.13828533609770452,-0.1356758926606426
-0.13244368525063113,-0.13916787849371198,-0.14042062497413824,-0.13328641456061877,-0.1382638494910432,-0.1356675857207204
-0.1310331667834941,-0.13924517381640783,-0.14020461116088462,-0.13329455634636989,-0.13823848561311072,-0.1355114182267873
-0.14026389921583404,-0.13949131814813018,-0.14038087021562073,-0.13339263777399726,-0.13815315649525436,-0.13540256791447644
-0.14388052232779688,-0.1395471155710674,-0.1403304154145486,-0.13352869549960322,-0.1380964931052163,-0.1353789029022123
-0.14176290724012924,-0.14000255213660587,-0.1400801514122335,-0.13377702743946104,-0.1379665210203738,-0.135461733692618
-0.14591002051458082,-0.1399623249334854,-0.1403188122125234,-0.13388559766834673,-0.1379490337587241,-0.13532727418049947
-0.14550261752402563,-0.14004806499859374,-0.1400729524541856,-0.13423509476339965,-0.13780723873349074,-0.13535921620071353
-0.1503728825252977,-0.1399063979510261,-0.1401953450402194,-0.13434168416416786,-0.1377069257301415,-0.13541432951291454
-0.1495094363741177,-0.1399622393221084,-0.1401266823325666,-0.13453522801944007,-0.13757388991392808,-0.1353964780676332
-0.15078554555921617,-0.1410930031046415,-0.13991359455575855,-0.1348709255765215,-0.1380352273735141,-0.13523657508711578
-0.1558033501229274,-0.14097083605056246,-0.1398875565137027,-0.13521046253167912,-0.13802799447286665,-0.1350780908939709
-0.15386847681289026,-0.1409935348350522,-0.13979920961190792,-0.13528682618848722,-0.13794239886678417,-0.13489597794822922
-0.154237521009729,-0.14083380185546338,-0.13979959234966702,-0.1353269438069635,-0.1378528482014315,-0.13492930695660815
-0.151459852635875,-0.14081456586367286,-0.139768493910365,-0.13557040052314212,-0.13781660631253145,-0.1355005478423559
-0.15234796060287592,-0.14072784791669193,-0.13958701617889926,-0.13548354869689058,-0.13808244283926682,-0.1354140040294563
-0.15414976512317832,-0.1405109906255926,-0.1394904303199969,-0.13543970801147354,-0.13800726425078344,-0.13541741969951265
-0.1514879095498762,-0.14051799751332222,-0.13934880129291366,-0.13599629569877458,-0.1380268091411266,-0.13526378967803696
-0.155827440499336,-0.14027261080015221,-0.13978980676725586,-0.13607369404155562,-0.1382580560036191,-0.13524383030118967
-0.15348680189845962,-0.14020231032267055,-0.14002173260404083,-0.13600478667522065,-0.13817496086497363,-0.1353187276805303
-0.1530452904478424,-0.14021739728146207,-0.1400850260479668,-0.1360793573167616,-0.1380783459079906,-0.13540026966913368
-0.15295288521777256,-0.14037192201679616,-0.13992644763754114,-0.13674061748817118,-0.13805302165126251,-0.1355868851135031
-0.15486448003406802,-0.14024690727644798,-0.13976918303261177,-0.1365025035210415,-0.1379381033729224,-0.13558901885943064
-0.15497354212880113,-0.14019748023133474,-0.13969637795708342,-0.13667683178523363,-0.13798415133351505,-0.13563570552749943
-0.1537195542079192,-0.1401937825941591,-0.139531674740966,-0.13685842756113462,-0.13778599583684442,-0.13575184012582275
-0.15480938616702075,-0.14035596371176065,-0.13981645154079986,-0.13674944731941355,-0.13760063053753543,-0.13575115156667825
-0.15905853063242717,-0.1404292199500569,-0.1397265217459288,-0.1365201569711271,-0.13769086493430552,-0.13595920897223393
-0.15973057812461655,-0.14174628182967614,-0.13958404199001292,-0.13664893361374822,-0.13756199467125987,-0.13594534847290468
-0.15924984424880356,-0.14180404015110365,-0.13934239015649186,-0.13644122394361388,-0.1375839938035416,-0.1357594817644365
-0.15665043880899165,-0.14155061618777343,-0.13971039787878578,-0.13623210438175384,-0.13770002479590762,-0.13561918970958659
-0.15628723780148576,-0.14136574225687654,-0.1395157865596781,-0.13675666462578195,-0.13774809039680294,-0.13557029499489023
-0.15497823397538865,-0.1413454056140358,-0.13937973664743913,-0.13674175642322425,-0.13750318265610337,-0.13537602997614384
-0.16511027288848573,-0.14115592679463382,-0.13909855018618156,-0.1365543220090328,-0.1374087875133171,-0.13528848924450926
-0.16644399922232156,-0.1411050578791693,-0.1392466897698033,-0.13641705767784282,-0.13781537571539915,-0.13533634600807568
-0.16510135382069324,-0.1411513210602631,-0.13916219110974173,-0.13655327944237816,-0.13764011599160367,-0.13516510357901565
-0.16158132585906,-0.14126702411776093,-0.13908338637969223,-0.13674477584512834,-0.1378801620188859,-0.13514861473792952
-0.16021266464494688,-0.14095922050135343,-0.13885849854742585,-0.13672916327397577,-0.1377518548421247,-0.13539419569509628
-0.15713045262074984,-0.14125226046293668,-0.1393104516765434,-0.13737210319790732,-0.13777692027789165,-0.13528682248696855
-0.15409866807149877,-0.1410225545917282,-0.13958259740013104,-0.13738830990750844,-0.13781057645412578,-0.13522135488225076
-0.15989143645670328,-0.14151639848718112,-0.13939794127507843,-0.13713469869092137,-0.13823142530679852,-0.1355061778637011
-0.1561729869082373,-0.14143819892180384,-0.13931933410749306,-0.13756792775441093,-0.1388163600822052,-0.135842615056975
-0.15550108209603178,-0.14147304838075056,-0.1393225788085225,-0.13740865077659578,-0.13868071750899003,-0.13584002571023204
-0.1511091308121885,-0.14152072239205368,-0.13913493307470343,-0.13737178276722217,-0.13893735771010252,-0.13581805822117737
-0.14928985956070723,-0.14161290046521702,-0.13901302605006197,-0.13717692472894816,-0.13887213894020756,-0.1356341785423746
-0.14732682017708373,-0.14144586147194366,-0.1396470029044532,-0.1372657165312841,-0.13899956913697326,-0.1355441181851612
-0.14513505821390754,-0.14123363904604197,-0.1394558783461946,-0.13728946415448542,-0.13892069675691676,-0.13595572636025074
-0.14331694969409717,-0.14108478570680508,-0.13957079215486576,-0.13730968199175758,-0.13882692830248414,-0.13603463009199543
-0.14530452282779613,-0.14094786055877828,-0.13936714192066482,-0.1371502905086191,-0.1392756862530168,-0.13580760885688087
-0.14237115566592723,-0.14070200032064434,-0.13915438107181943,-0.1370139200935816,-0.13914743641681646,-0.13572742650759126
-0.1398087910457186,-0.14061836704331346,-0.1394184568211227,-0.13688961405258093,-0.13897826601791408,-0.13560826072760512
-0.1389896732599958,-0.14051564299586622,-0.13922542181377692,-0.1376060647049515,-0.13877766772406835,-0.1354158827076799
-0.1428482289875298,-0.1403055713126516,-0.13930002411095235,-0.13746145096109103,-0.13897506587577527,-0.135474109397969
-0.1408757776348111,-0.14018345833582255,-0.13920088434233668,-0.1372592642845153,-0.13973561612048657,-0.1353185983840894
-0.14208804482382612,-0.14005782312192472,-0.13889381291201278,-0.13726161261340888,-0.13956495284857542,-0.1352562090005973
-0.1399961565920738,-0.13988775260193445,-0.13951946040299973,-0.1374257499490937,-0.1397244471993421,-0.13532233222680243
-0.13897478808557479,-0.1399719078357248,-0.13966290149669783,-0.1374591903225189,-0.1394472245471143,-0.1353660219417149
-0.13608426784324767,-0.14044662128697483,-0.1395049663170475,-0.13721317274623768,-0.1392705749257,-0.13522436118844855
-0.1391246260811094,-0.14029176399714235,-0.13933160885824086,-0.1369778686397367,-0.13902123714485257,-0.1354715383418178
-0.1422164371209183,-0.1400853303535092,-0.13907464052339086,-0.1369487608638139,-0.1391894832967917,-0.13554411440868908
-0.15439360777182093,-0.1398696033330567,-0.13884933749427156,-0.13702718711158426,-0.1389415320692852,-0.13537331112876763
-0.15443196195155795,-0.1398592487507392,-0.13973555444450889,-0.13685329068696045,-0.13880653757957245,-0.13532983501689147
-0.16454076183594432,-0.1398250950733374,-0.13952642853281114,-0.13697967559427274,-0.13862432929275265,-0.13526533018779643
-0.16212120337012473,-0.13969844920498276,-0.13955250606989647,-0.13685014939389079,-0.13901506347668538,-0.13527949717053211
-0.16087735198752298,-0.13952734389311242,-0.13962705789536606,-0.13698657608180276,-0.13870150949773374,-0.13544885391310527
-0.15863028279128574,-0.13951790310373416,-0.13939536466551306,-0.1371111901872189,-0.13870106011090275,-0.1359954167989147
-0.16260984831992847,-0.13943070294838392,-0.1391511671966257,-0.13690691447662126,-0.13882388727451028,-0.13589935090043784
-0.1593720792012644,-0.13946291233352437,-0.13944746685813497,-0.13686416664269163,-0.13873953746886925,-0.1362926322940907
-0.17049421926814648,-0.13942654154814618,-0.1393190387259228,-0.13665894976548648,-0.13876513195847553,-0.13625960729928976
-0.16741737663473621,-0.13936611994904985,-0.13948782923341513,-0.1367766671846238,-0.13862792704084673,-0.1362710056404622
-0.16326939762932546,-0.1391477934660049,-0.13926354146704548,-0.13663708443942219,-0.13855167725674905,-0.13612166518785515
-0.15990828237781163,-0.13950209141443717,-0.13906610775000014,-0.13690530217154662,-0.13870592794584177,-0.13616949723263636
-0.15880647409844142,-0.1401136464990248,-0.13898321034952688,-0.1366232377865982,-0.1386426402465333,-0.13605219520987627
-0.1564641933865393,-0.1407578753603512,-0.1389553696314178,-0.13680087855105227,-0.1386506422805317,-0.13589530799911176
-0.158952096610749,-0.1405944265170696,-0.13893606027556454,-0.1370591297701139,-0.13854156630917902,-0.13573451464154954
-0.15776137994256803,-0.1404008966024065,-0.13875562380157874,-0.13691502958328344,-0.1392393063398942,-0.13571174138540923
-0.1545344878221279,-0.14013354850411802,-0.13864004412743525,-0.13681744467152734,-0.13930029062414,-0.13549079980771597
-0.15962391783035212,-0.13999796484941152,-0.1387729446010169,-0.13673814812285973,-0.13920726017935267,-0.13536650591765134
-0.16114031303642423,-0.13985760743718237,-0.13859856827120232,-0.13657787054099418,-0.1397207832863139,-0.13518557695890768
-0.16273614292579922,-0.13961747171109604,-0.13849277488865358,-0.13646988124313617,-0.13966612312279467,-0.1351838194814571
-0.15931229856885668,-0.1394338915922483,-0.13839176596258224,-0.1363787740187622,-0.1394439957109492,-0.13508097964540416
-0.15797846865838813,-0.1396919452672803,-0.13861869689681217,-0.1361835944803077,-0.13955670962066277,-0.13499129324820142
-0.15584749464905753,-0.13941655963018282,-0.13882747666076795,-0.1360810653386846,-0.1393668349536102,-0.13495436919227927
-0.1591939585962633,-0.13925138204861195,-0.13878006408127377,-0.1358554179784732,-0.13940527746233433,-0.1348617704873676
-0.1611043006755482,-0.1394662316670232,-0.138961878511432,-0.13580637721152547,-0.1392067275261492,-0.13478336039445107
-0.15780505905743408,-0.1392212422535679,-0.13947413448648605,-0.13585765848873324,-0.1391074631138342,-0.13491383456318873
-0.16172834172528322,-0.1389190190664408,-0.13936109568234803,-0.13607120746227985,-0.13912581629215034,-0.13538112997523194
-0.1619501830355751,-0.13871807605330633,-0.13937776858778358,-0.13659960105377958,-0.13891399425710244,-0.13537494007245995
-0.15878966260928976,-0.1385569491604286,-0.13922637707009589,-0.13629138237670366,-0.13884413664195439,-0.1352332691296508
-0.1577850616602641,-0.13894481901403452,-0.13906546923304952,-0.13608959295308393,-0.13874448668443023,-0.13539506413591448
-0.15844464015791268,-0.13883598601908534,-0.13884470876942528,-0.1361052693574373,-0.13852387720968715,-0.13554927195064753
-0.1560546891235379,-0.13861081708148834,-0.13936543185712744,-0.13592082082134394,-0.13843992072253894,-0.13565409679689253
-0.1531311102635719,-0.13843387552871728,-0.13924428424766574,-0.13630953499146947,-0.13942580196870952,-0.13556615807098932
-0.15596626277985393,-0.13845107310666832,-0.1391873002081757,-0.13673042446549452,-0.13933830850419215,-0.13541934074680417
-0.15209121000247688,-0.1388521283212329,-0.14062463452964796,-0.13668898213600258,-0.13908894046770046,-0.1353220846132367
-0.15090350800147354,-0.13914958935475646,-0.14052406230922027,-0.13641311379423113,-0.13895509286074334,-0.13527429730211865
-0.14880547169932531,-0.13901542271312078,-0.14059272567891587,-0.1365753644861531,-0.13904753312328083,-0.13560212641172975
-0.14832293095411128,-0.13876649431725993,-0.14060604583828723,-0.13643988638635973,-0.1388929577104545,-0.13580697645786172
-0.14300645910188942,-0.13853209661522306,-0.14054383436192985,-0.13684113062002348,-0.1391860034919122,-0.1356994286079566
-0.1429226444449752,-0.13886598084689666,-0.14045326619952525,-0.13685634572577027,-0.13897750014689855,-0.13555273522722405
-0.14705449078577323,-0.1386804516329061,-0.14025767668284922,-0.13708952298254548,-0.13883794814231737,-0.13545594354898163
-0.1497893216723102,-0.13864646016991375,-0.1401035837907804,-0.13692029839597086,-0.13875428582626972,-0.13593964076758483
-0.14956853636048595,-0.13833641817983822,-0.13998622933794352,-0.1366929816391681,-0.13856743706236327,-0.1357575234857835
-0.15202637426934879,-0.13827538906946707,-0.13987147770941244,-0.13662516528281188,-0.13834833028249802,-0.13565858203705075
-0.14889879202531706,-0.13828364633268422,-0.13971667364202234,-0.13643354745898698,-0.1384945090253927,-0.1356561486316746
-0.15255410337384334,-0.1382167948114877,-0.13979806475441933,-0.13621480954139445,-0.13831850790787206,-0.13589529333947742
-0.15355237114757672,-0.1383994294618046,-0.1399385911768697,-0.1361009695783996,-0.13820862370729586,-0.13592579579344533
-0.15171954802591892,-0.1382595918233833,-0.14003915222639984,-0.13593149291475304,-0.13802392034245836,-0.13577700141157817
-0.1596172305057258,-0.1382412054533125,-0.1399563625712738,-0.1364072114657903,-0.1379773440131979,-0.1355403294414606
-0.159805963520048,-0.1379740732182867,-0.14020474179367876,-0.13650956033032455,-0.13784856404665763,-0.1353639750757069
-0.16284110934980137,-0.1379980712597466,-0.14002233913134288,-0.13638333842156497,-0.1376274139242154,-0.13545539313610064
-0.1619710430844915,-0.13779583902203935,-0.1398876537650212,-0.13622784326044152,-0.13756045225154548,-0.1354168227620499
-0.15934170313339194,-0.13751912132810026,-0.14010078602656958,-0.13595870627655546,-0.1374610552313932,-0.13571779891361194
-0.15796400874240307,-0.13753704340877348,-0.13987074044000283,-0.1359238996920175,-0.1374376786423864,-0.13584455676583404
-0.1560644179792775,-0.1373715992635591,-0.13987036075068818,-0.1360276157071778,-0.1374503572071975,-0.13620371715377563
-0.15397176661440382,-0.1382245654422953,-0.13989273257504364,-0.13610721341598436,-0.13723944670200722,-0.13615060602257367
-0.15148730475552935,-0.13866231485527988,-0.1397143182124772,-0.13586831933341992,-0.1375851830137256,-0.1359878514573563
-0.1482883050912486,-0.138565542901699,-0.1394774784201342,-0.13641045857392348,-0.13744346569432916,-0.13595194696281113
-0.14479668629293496,-0.1392379126190478,-0.13934408296621212,-0.13625681790010327,-0.1373329615642594,-0.13613918937311836
-0.13996371634498184,-0.1392827162705562,-0.1392139065275103,-0.136443682597437,-0.13736571905652328,-0.13628794197980784
-0.137408642032438,-0.1390632394460583,-0.13914051744447437,-0.13617840442060178,-0.13719732824187078,-0.13612457495769342
-0.13371152512516096,-0.1388753173377153,-0.1389807424166021,-0.13617508902077857,-0.13697930126109054,-0.1359759817299672
-0.13255000668140343,-0.13943430764448028,-0.1387896782979766,-0.13590042349549536,-0.13708016090142836,-0.13602345220148546
-0.13103017700650513,-0.13946651481772313,-0.1387646491592807,-0.13569417923802082,-0.13710656491044707,-0.1359124120131968
-0.12796844619017606,-0.1394972628259009,-0.13876774041406376,-0.13585227565443234,-0.13741861515126344,-0.13587407913824667
-0.12632581219744451,-0.13927523954580093,-0.13873943924255228,-0.1360718831603789,-0.13731455049574326,-0.13570115174542105
-0.12301689791761784,-0.13969236943480293,-0.13843430871513615,-0.13588202308632,-0.13762274254502688,-0.13553385183684935
-0.12547594844441617,-0.1396579199218817,-0.13824175744120815,-0.13582723560452833,-0.13795842301474917,-0.13567028519668134
-0.1216417338333871,-0.13958321113152025,-0.1381302347059861,-0.13582140083386005,-0.13779326545229334,-0.13565976896503615
-0.12076768810231736,-0.13984037761158488,-0.1379854943625793,-0.13579180269452015,-0.13783626320047287,-0.13585909148164188
-0.12193232442571153,-0.14075194724319967,-0.13780215737760054,-0.1356853484295032,-0.1379460246120234,-0.13576665799588097
-0.11983067171445777,-0.14065761484338327,-0.13770570202446195,-0.13552324358385504,-0.13775174476915628,-0.13599443273247863
-0.11596110080847734,-0.1403937536000097,-0.13757444431156018,-0.13546052446356519,-0.1377343193998546,-0.13627799221869025
-0.1125970533903946,-0.1402716192476154,-0.13748504948944112,-0.13558685133250908,-0.13803423002203175,-0.1361781355779342
-0.11139010051645305,-0.14128590283814124,-0.13727908232677902,-0.13556836512781031,-0.137794632589334,-0.13597010066421697
-0.10778409838849601,-0.1410683048654129,-0.1371096313629066,-0.13546718742542194,-0.1378986696919708,-0.1360728928292923
-0.11189520234834834,-0.14084518885987787,-0.13709812164569227,-0.1357202703925358,-0.1377944699731889,-0.13586206469091397
-0.11177966201138165,-0.14066493814292108,-0.13763905690168834,-0.13563425689580103,-0.13770615310660744,-0.13566437671228074
-0.11036001973815177,-0.14054997485104803,-0.13761252896396306,-0.13548633393756032,-0.13757123944476177,-0.1354505850981915
-0.11867563370630214,-0.14046350751818723,-0.13773330850693666,-0.1353103506264015,-0.1375370576263094,-0.13542002902136432
-0.11847425936531163,-0.14036495697408827,-0.13748138396801834,-0.13517177184313212,-0.1377202609141892,-0.13512258837956978
-0.12240902774060063,-0.14096365025761975,-0.13746808114309386,-0.13505001821690163,-0.13810968450897426,-0.13494242535404227
-0.12043659421161473,-0.14094681069234188,-0.13726050563199388,-0.1352840149981098,-0.1380411867407596,-0.13570923132204216
-0.11842701956198494,-0.1413393904937701,-0.13724682278662292,-0.13550843231686371,-0.13814977687315247,-0.13568172371082968
-0.12179074819821936,-0.14130907092073128,-0.137234424222472,-0.13542882806752807,-0.1383109079977628,-0.13573533120046408
-0.12076264933615313,-0.14162798267566787,-0.13701998066279564,-0.13515575264100568,-0.13882783292059261,-0.13591934336903966
-0.11824764909003309,-0.14166489397478896,-0.13696762319023686,-0.1350594967369946,-0.13884094819370715,-0.13655122294827002
-0.11678564701326088,-0.14175976392540146,-0.13673187830925884,-0.13500021317676608,-0.1387936730888786,-0.1365140808024452
-0.11609847585587613,-0.14236469538532767,-0.13660874231004405,-0.13496637919339968,-0.13868992300733965,-0.1367238282326769
-0.13644636580238123,-0.14214308758527194,-0.13642469265473658,-0.13504868435397455,-0.1385313569307315,-0.1371452475642375
-0.1367074485976342,-0.14192895328878197,-0.13657913992553541,-0.13518135611785914,-0.13847096274204454,-0.13731717841507868
-0.13743389031916528,-0.14174254524668364,-0.13710804110840713,-0.13501003995509472,-0.13833943375821472,-0.13745939592343748
-0.140528015606101,-0.14164560325545525,-0.13757561836120163,-0.13504254017694522,-0.1384866623680875,-0.13749897545645853
-0.1367083154288131,-0.14145865356508203,-0.13748331163987118,-0.13520122750267827,-0.13843671709071198,-0.13799445166999713
-0.13464599057478777,-0.14134465142381802,-0.13734057740674616,-0.1349465212175018,-0.13863869677520577,-0.13817411564844606
-0.13599328009120004,-0.14116674458934386,-0.13721794088039627,-0.13470686386462394,-0.13900712627433104,-0.13799013156451007
-0.134290364309613,-0.1409186154013268,-0.13714666554028576,-0.134553507756436,-0.13885573328902182,-0.13779095440951677
-0.13139141959474795,-0.14113765232162978,-0.1368911715141445,-0.13455121970957662,-0.13953385697795595,-0.13785081401629143
-0.12965602621312516,-0.1417186409713512,-0.1373744667307843,-0.13446474131767283,-0.1395484981087032,-0.13781036283883702
-0.12626434276960036,-0.1420291590153603,-0.13720442789721635,-0.13469705822826825,-0.1393193733080766,-0.13841996390315767
-0.12848444152978286,-0.14192506476843897,-0.137259364788088,-0.1344235322294316,-0.13930659236143075,-0.1382500720098716
-0.12530513452016345,-0.14187018048860495,-0.1374196565062254,-0.13424852352002586,-0.13919647533190507,-0.13836688021879284
-0.1351383297665395,-0.1425790435319417,-0.13733015024876224,-0.1340546880490659,-0.1391082210748453,-0.13863647874178883
-0.13334001056782277,-0.1428436108264,-0.13744191514339166,-0.1338397086203393,-0.13891932669298815,-0.1385644397362083
-0.13014991386434727,-0.14265635733314888,-0.13761986485356667,-0.13365058718335415,-0.13922684845319508,-0.13838847208574206
-0.126157573604575,-0.1430325750217642,-0.13737585846257191,-0.1336650437827869,-0.13916221634911158,-0.13836949499809736
-0.12630541772596504,-0.14299594329070262,-0.1375488390345766,-0.1336481968391192,-0.13890633137397357,-0.13824226321466745
-0.12922928991908825,-0.14280173719821224,-0.13785698444978642,-0.1334970951897618,-0.1387712636520554,-0.13857810877222015
-0.1259984641792001,-0.14272409890254142,-0.13781657852800622,-0.1333737216381915,-0.1390258677440577,-0.13940015558758082
-0.12425053513076095,-0.1430441390137344,-0.13798101133161425,-0.13305639580929948,-0.1387934224996475,-0.13949464877025733
-0.12700205399271142,-0.14281437134661823,-0.13793958205938173,-0.13298045017816482,-0.13959678558753846,-0.13945923677142058
-0.12372028932378415,-0.14290832138781867,-0.13855360124502034,-0.13305522964580505,-0.13934208571755585,-0.13918284766514433
-0.11822054635397915,-0.14276159985099335,-0.13891376365050234,-0.13298234756058203,-0.13914116156985595,-0.13899284408103155
-0.1189982258958672,-0.1424857868655585,-0.13881102676354734,-0.13289127464253953,-0.139054004302819,-0.1387844704294705
-0.12024400449764001,-0.14240949729963912,-0.1386151000167974,-0.13298085960645392,-0.13900870110434055,-0.13872140786147658
-0.11683720432061652,-0.14283134678958428,-0.13857393236733487,-0.13283930258911655,-0.1392098573734404,-0.13853329004160383
-0.1172779474272339,-0.1426035375659652,-0.13856804409292753,-0.13267212474850396,-0.13898400339255043,-0.1383924392846181
-0.1142524199554798,-0.14246704746254113,-0.13916684327692042,-0.13267305857737935,-0.13872926240466055,-0.13820684395952684
-0.112965452641081,-0.14250112242023294,-0.13917624518892224,-0.1323741752520705,-0.1385963902208482,-0.1380170060828948
-0.11051752530957973,-0.14244350989727228,-0.13907451734841028,-0.13210158020773716,-0.13858410624613623,-0.13779272367153472
-0.10762854910994475,-0.14239770066551716,-0.13899020563071504,-0.13190042157262344,-0.1386765351813263,-0.13777294139726398
-0.10950264628752036,-0.14276871636429753,-0.13883227562439737,-0.1317151109851296,-0.1392925305454364,-0.13784610590161697
-0.10797320191738428,-0.14301689055697858,-0.1389036682545247,-0.13184057495365317,-0.13921895668581274,-0.1375897377981617
-0.11123772535848256,-0.14300634828307582,-0.13882656266446392,-0.13158417178258777,-0.13904722840961617,-0.137485918019293
-0.10800182191857909,-0.1429005373445836,-0.1387011815223915,-0.1316245129781668,-0.13918313695647683,-0.1377401015464172
-0.10360872430284467,-0.1427204076238311,-0.13954720194778342,-0.13139679130308474,-0.1394415606729266,-0.13781927209947742
-0.10136350964975346,-0.14279091268352212,-0.13952191074975206,-0.13146687771447646,-0.1397540368802748,-0.1382086869453484
-0.09843600274956853,-0.14290693762782905,-0.13947594366824195,-0.13143629008278743,-0.139609466180602,-0.1381079439164658
-0.0973634220901336,-0.14265287847752817,-0.1398415028030669,-0.1312971430359862,-0.13945536714287962,-0.13793704610664248
-0.09682349816940812,-0.14270824127359574,-0.1399071875752815,-0.131194145517473,-0.13935070378945008,-0.13769380286833532
-0.09932913189283296,-0.14296531641268045,-0.14013255521452167,-0.1310807129174152,-0.13948079543612382,-0.13750948483247405
-0.09841664932330707,-0.1429416667840662,-0.13998295176116643,-0.13090945857069852,-0.13930328572503614,-0.13763711858559702
-0.09840396059306618,-0.14296486644230127,-0.13993601517504153,-0.1306256852743747,-0.139412596711828,-0.1374703954303206
-0.09483863329970225,-0.14278107593435874,-0.13983092597165298,-0.1309111416211342,-0.13969597767758543,-0.13750380955093153
-0.09254359507459638,-0.1430556429952327,-0.13970327553376458,-0.13067644051705238,-0.13981550185881558,-0.1372245362669833
-0.08914725111130675,-0.1430091005765343,-0.13989499599113,-0.1310297180729396,-0.13962132955494636,-0.13783598261416766
-0.08900663862291638,-0.14278849958639572,-0.13970058458973134,-0.1310480005783442,-0.13958456066735578,-0.13768101020017653
-0.09349330041061274,-0.14259634019007084,-0.1399351146030233,-0.13100660727073127,-0.1395275458624589,-0.13774326399719652
-0.09396016525845818,-0.1425695974092941,-0.13986163720640715,-0.13102990739142478,-0.13994541643885253,-0.13762182674014134
-0.09433980856638907,-0.14317461287287028,-0.1396903987204287,-0.13141458519341012,-0.1397235042140712,-0.13736496743697782
-0.09091640823142345,-0.14366697159174113,-0.13967295534559115,-0.1312121569861598,-0.13960204197709386,-0.13737890145133366
-0.08746445061287877,-0.1436378784717024,-0.13964160788843524,-0.13124933842568876,-0.1394889857646679,-0.13735631246534064
-0.08545824565934172,-0.14385027170115808,-0.13967658571178768,-0.13104633270862873,-0.1395009748710868,-0.1380283316704732
-0.08610932590195128,-0.14355477080285037,-0.13952251905344748,-0.1309435585743144,-0.13960871929247579,-0.13787865967652554
-0.08700118449980866,-0.14342876204421862,-0.14015436877741475,-0.13092984818723813,-0.1395491661355302,-0.13794115380648792
-0.09304611146468961,-0.14387839933215507,-0.14064109601392252,-0.13172222786996796,-0.1394580807749821,-0.13791529297661087
-0.08982196126869241,-0.14388657454050302,-0.1405749279244336,-0.13163998064266588,-0.13970383529835131,-0.13777341875488058
-0.10399500789298065,-0.14428961202048154,-0.14041282645528266,-0.13184105316978323,-0.1400033377785593,-0.13764770314343366
-0.10467473233072118,-0.14408893517599425,-0.1402286710675115,-0.1318773644053583,-0.14000625986708376,-0.13753233286019845
-0.10183842795471007,-0.14400026225972776,-0.14058955888082492,-0.13216819545363986,-0.1398706452904173,-0.13758421384635586
-0.10573916611020362,-0.14407385142811457,-0.1403448059484308,-0.1319843812881453,-0.1406064492605299,-0.13753351117127172
-0.10418672080752824,-0.14387525018690714,-0.1400846482082937,-0.1318276343390809,-0.14110872436049585,-0.13729205490776214
-0.1016338798119876,-0.14362375760753587,-0.14019129418011717,-0.13202066477717384,-0.14089233198940954,-0.1370964396997823
-0.10233289798719973,-0.14344459940247364,-0.14012768654164254,-0.13189632774051863,-0.14071699238616778,-0.13693664652102921
-0.10011476575149408,-0.14406190297098317,-0.13993014861012995,-0.13170710987434847,-0.1406196312566733,-0.1367377977592217
-0.09728443712256152,-0.14386044930403735,-0.1398907275159779,-0.1317492033954389,-0.14039558682214204,-0.1366595946018951
-0.09549680511565091,-0.14410332982344373,-0.13980868157361384,-0.13181027897741632,-0.14013590910634405,-0.13661302511961937
-0.09440046205136443,-0.14396520452669379,-0.13962993260696138,-0.1327357069335628,-0.13998312234206042,-0.1368700712417833
-0.0976339310305195,-0.1441653707427966,-0.14007233984608505,-0.13265350155357802,-0.1397866530954065,-0.13709284458417997
-0.09356319546222734,-0.14391214008205147,-0.14008213948623024,-0.13298545957664298,-0.13975401052707576,-0.13740798711745683
-0.09431754813683856,-0.14375035701867536,-0.14043393625059764,-0.13306876621902272,-0.14047332919923178,-0.13734800655047277
-0.09704733469020015,-0.14383169391995015,-0.1403258837594929,-0.1334705614406546,-0.14041370126306035,-0.13761680013661956
-0.09378387377021019,-0.14404020242034168,-0.1405549848769088,-0.1332758580220089,-0.1403303954681401,-0.1375189064224999
-0.09777581707217031,-0.14400727953184725,-0.14041476447212314,-0.13330717181160032,-0.14023638880923017,-0.13730608160417407
-0.09559257994811839,-0.14379257933060413,-0.14092162232475325,-0.13390162077866152,-0.14031558337702843,-0.13717922114960449
-0.09019082810854796,-0.14363757559612714,-0.14073453186585885,-0.13393931347821011,-0.14042489724188914,-0.13741725905200705
-0.08977771556302798,-0.14430775219487313,-0.14060036737442141,-0.13427729828221696,-0.1408434159766346,-0.13730670654861618
-0.09466913777790532,-0.14438555511315454,-0.140465886337016,-0.13412103635295222,-0.14089800806947994,-0.13714646904788477
-0.09177680817180495,-0.144757916486777,-0.1402694731298812,-0.13435996559646918,-0.1412045208703725,-0.13705432607275805
-0.09406757181738316,-0.14458818575848903,-0.14058756535517683,-0.1341754164328802,-0.14118358813091644,-0.13728384432967863
-0.0926841787038566,-0.14454501603347125,-0.14059027628329002,-0.1340587476149274,-0.14114500896639762,-0.1370924457029176
-0.09063287459635766,-0.14450152361592722,-0.14038237208777912,-0.13394664213661744,-0.1410846584119405,-0.13698611423500998
-0.09261371999526685,-0.14440695337440831,-0.1403306360589956,-0.13508650857707533,-0.1411039027360106,-0.13692446887626547
-0.1059207307208496,-0.14463522378480673,-0.14020230723809612,-0.13510199756438965,-0.1410882719211268,-0.13684878389048538
-0.10455385118196144,-0.14449757253038342,-0.14047588118468254,-0.13514610693274634,-0.14084045770997677,-0.13680671412108317
-0.10492758382421831,-0.14429435107278457,-0.14028858978757763,-0.13499399489121278,-0.14074961940387082,-0.13686725340382616
-0.10644736819840317,-0.14442876515739195,-0.14009298773006015,-0.1349567816628053,-0.1408398075882156,-0.13723301669056184
-0.10563020411885135,-0.14429221005882484,-0.1398602475205479,-0.13493394041326046,-0.14096609878484986,-0.13704795579934725
-0.10308921980340113,-0.14420924483797418,-0.13977091518923568,-0.1349939545388701,-0.14095298416127555,-0.13713746340033403
-0.1025936065301901,-0.14415000255448376,-0.14017932563785615,-0.13494201650832297,-0.14077920234000965,-0.13695343347501102
-0.09996717179592424,-0.14406024888541194,-0.14010038913616948,-0.13504912422410584,-0.14044036359279014,-0.13689587382265764
-0.09744812119300224,-0.14413882596400188,-0.14075628663922207,-0.13543084742697004,-0.14041510966043344,-0.1368589018346678
-0.09674263360010028,-0.14403794280435117,-0.14055271878467882,-0.1356518379008018,-0.14030717628130862,-0.13715546212540258
-0.09609688799024302,-0.14394594622119405,-0.1404074001096041,-0.13550822866540177,-0.13999811122816083,-0.13708110921915354
-0.09353249997506882,-0.1438029403911359,-0.1401365956331253,-0.13546711223187388,-0.1399558413571614,-0.1369144744209133
-0.0913875673481601,-0.14377143681630333,-0.13996566223938234,-0.13548441404404027,-0.1397368938873899,-0.13695072355649188
-0.09024963548271124,-0.14351733442319464,-0.13992189369613384,-0.13538974741967238,-0.13982993303924535,-0.13708796060088593
-0.09383425776643842,-0.14354403214199885,-0.13969177121671092,-0.1354293070815567,-0.1400872638347365,-0.1370342717927127
-0.09383214506695597,-0.1434487189562742,-0.13991143792482189,-0.13577425858962802,-0.13990544321219806,-0.13695542475483832
-0.1010630709075863,-0.14337708169846974,-0.13994591840182535,-0.13549925800765197,-0.14018147510849496,-0.13692278722431622
-0.1015207853431575,-0.1433090327729469,-0.1400455896782013,-0.13536391447701304,-0.14033775255005917,-0.1372849384249011
-0.10133799120534773,-0.1432389243981931,-0.1400018797335645,-0.13522050606850253,-0.14008929561609557,-0.1372230905477637
-0.10096677725919971,-0.14309338014729253,-0.14004176034787388,-0.13502926228434592,-0.14003958771521904,-0.13703247420407338
-0.1016104999836147,-0.14330277727092364,-0.14024087130376123,-0.13504055143059435,-0.13979435271294338,-0.13720288748743664
-0.10282102776852334,-0.14350718221492084,-0.13994854396030187,-0.13496037578999787,-0.13975756079548063,-0.13696945028746133
-0.12012735993896488,-0.14341843781461605,-0.1397757268352757,-0.13474061930806897,-0.14020978812147494,-0.13720255594286232
-0.12159295360864576,-0.14346537082359112,-0.14015368599205164,-0.13458996719656346,-0.14022547472762595,-0.13726376415137814
-0.11996181468407492,-0.14357443261287856,-0.14011502439088896,-0.13442704620786375,-0.14042756724409294,-0.13739696902954743
-0.1185496042949419,-0.14339450916194904,-0.1400167195806,-0.13410846509767432,-0.1402084095875334,-0.13748235960362376
-0.1193426961492553,-0.14356267730600897,-0.13980047926059708,-0.13394023329307425,-0.14053207911242338,-0.13758206313885876
-0.11696649985560058,-0.14348546688823202,-0.13992511545203704,-0.13379027136023838,-0.1406777105335577,-0.13769066584855308
-0.11835310172166424,-0.14342047208765046,-0.1400326074111794,-0.13376818712571398,-0.14061078306151034,-0.13756769013265432
-0.11843835086388782,-0.1432896953469576,-0.14030198600930327,-0.13382895931150152,-0.14094265916193507,-0.13762295700860575
-0.11522816768085299,-0.14315435457368586,-0.14001607506724964,-0.1335366527868607,-0.1408585410085124,-0.13738748249652885
-0.11261103166575875,-0.14336805433778588,-0.13982910140267302,-0.13385415564987235,-0.1406483410880165,-0.13778388110907047
-0.11200365443313112,-0.14367962836734213,-0.13974515935303772,-0.1338470276717574,-0.14099271643696806,-0.13781252485819737
-0.1146347241949673,-0.14363292487482807,-0.13982098698282275,-0.1336248238133124,-0.1409525479854156,-0.13780769721570965
-0.11162844164255965,-0.1434983920955068,-0.139739854418928,-0.13409129738400766,-0.14094047904839738,-0.13785588618980077
-0.1096994269961909,-0.14329693978105063,-0.13950884574416694,-0.13398733908065708,-0.14079462832136025,-0.1378728703559429
-0.11229011798908392,-0.14329452365013595,-0.13968783074772945,-0.13404833929073334,-0.1413025682537255,-0.13783141933425844
-0.11222732370435747,-0.1435168625712562,-0.1397907066738732,-0.13416128474705835,-0.14111283866967816,-0.13768267188323144
-0.12545807079765245,-0.1433580890203573,-0.13976795639530887,-0.13455032207663092,-0.14129709856727155,-0.1376907151481523
-0.12463460077659465,-0.14317368981602036,-0.13951069213886524,-0.13453578915594563,-0.1409732852783086,-0.13752586106251458
-0.12410355201707597,-0.1431234355798032,-0.13947917523407655,-0.13436170634308733,-0.14091704848302575,-0.13730690982408883
-0.12147448706622965,-0.14301856877018687,-0.13923424398958434,-0.13408501463206884,-0.14106870515079836,-0.1371399200223963
-0.11871138847038655,-0.1429886801136628,-0.1391745568080192,-0.13399312516378503,-0.1414459496087347,-0.13706333985744312
-0.12227473909612088,-0.14287183378098928,-0.13893276093040516,-0.1337078494913367,-0.1413142783944117,-0.1368006345225598
-0.12359306890429708,-0.1427934380090693,-0.13873646397106476,-0.13357170891325004,-0.1412119823884038,-0.13667370064419662
-0.1236639006143305,-0.14276609739929622,-0.1388600470276865,-0.1334453639917103,-0.141097379549068,-0.13650241721266046
-0.12151957977856327,-0.1426042588324194,-0.13876620491166952,-0.13335473271464124,-0.14096402211848513,-0.13678112109675752
-0.1251178680275671,-0.14267732409562103,-0.1389021506708878,-0.13321416179229556,-0.14123275290460202,-0.13704000037340827
-0.12405066748353022,-0.14256688219773656,-0.13874106842906458,-0.13359633317519282,-0.14097253983878263,-0.13685707346120415
-0.12079968721772212,-0.14267033587326167,-0.13862238646541994,-0.13379174149255763,-0.14116896014578603,-0.13674279932838762
-0.13020081901956151,-0.14354844469748063,-0.1384645010139373,-0.13433526824691477,-0.14101329831106582,-0.13660156556036632
-0.12835669148608614,-0.14344905362643487,-0.1384812588569098,-0.13418983280486882,-0.14085294780537216,-0.13648280171603702
-0.13004487749889151,-0.1432995930841581,-0.13849443573814157,-0.13413187948088848,-0.14058429942623482,-0.13653369709112723
-0.12707369218817133,-0.14355547731299634,-0.13838590267911105,-0.13430801901464914,-0.14045536300935627,-0.13622642319977452
-0.12497301101897378,-0.14343598411466957,-0.13890408625481257,-0.13430105495560604,-0.14022378998762516,-0.13605737896648162
-0.12491839578811982,-0.14321439157680277,-0.13942939683917088,-0.13432163647839215,-0.1401222172252402,-0.13596356224285555
-0.12351882749050315,-0.14384016415912473,-0.13960249612742956,-0.1344100546566584,-0.13975657340498696,-0.13576477160532266
-0.1302739997036897,-0.14366743945818605,-0.13941877672591346,-0.13443858922880372,-0.13957083812788076,-0.13581594160768348
-0.13407742603268086,-0.14357488014016975,-0.13965760230936408,-0.13459218966551978,-0.1396285004384242,-0.1356364461957318
-0.1327223234363697,-0.14341900426167808,-0.13947219794171856,-0.13443539691729017,-0.13966353480412522,-0.135518139423963
-0.13113411532935207,-0.14394929399680886,-0.13960259904681427,-0.13432729452208614,-0.13944540570016062,-0.13554788000692933
-0.13226620569309655,-0.14383680913043922,-0.13964804743961096,-0.13416951194304225,-0.13973351836315334,-0.13546956757743067
-0.14317113628023662,-0.1440325336905335,-0.13954796989654988,-0.13416034938433588,-0.13944669873771848,-0.1355034020757669
-0.14251150941226573,-0.1437489018800699,-0.1394092136817617,-0.13401295387069243,-0.1398233629685969,-0.13573742530107574
-0.14146693501165353,-0.14376463949750318,-0.13915437648946974,-0.1340187080539433,-0.13952980391367983,-0.13580235921111494
-0.13994242052994296,-0.14361859769313612,-0.13907724160416954,-0.1341278490854548,-0.1395160741029983,-0.13560922416290633
-0.1478626910341471,-0.1435420125431512,-0.13894934900128622,-0.13400817280134697,-0.13935533511545534,-0.13614595023159556
-0.1461330724339906,-0.14397138499026363,-0.13897376868019598,-0.13388903757889795,-0.13930424676896505,-0.13599834936426988
-0.14907018178310466,-0.14370883288356906,-0.1389779363536874,-0.13414462831538254,-0.13925014988394002,-0.1363796319483932
-0.15302596336594904,-0.1435426326860404,-0.13887640432478096,-0.13402382808047797,-0.13917781759744938,-0.13624365276430578
-0.15288004317398363,-0.14345312041331282,-0.1393820780548361,-0.13414933270452842,-0.13888764102756973,-0.13609290631592924
-0.16697213970373487,-0.14351749219369622,-0.1395319568527187,-0.13429307773726898,-0.13869971333373698,-0.13613745760891416
-0.16680743451960794,-0.14334507607381108,-0.13940436766832873,-0.1343432141951336,-0.13863415245691635,-0.1360199929360716
-0.16457840909008364,-0.14317949074961148,-0.13927495873794327,-0.13423544587378522,-0.1384697850140411,-0.13617391525519246
-0.16386816007610483,-0.14379761421097997,-0.13919161947608788,-0.13437516255460472,-0.13861278480693706,-0.13608853716769376
-0.16144150694687948,-0.14375557643496029,-0.13898984251749336,-0.1345754272187242,-0.1387473295128493,-0.13652182333706547
-0.158313853405322,-0.14394545980740506,-0.13877286998242488,-0.13436273658866124,-0.13847709584134513,-0.13643989651967542
-0.15805808740783917,-0.1437522848827414,-0.13863427009006712,-0.13431541919826318,-0.1391012428873336,-0.13622479782714178
-0.15589074251468568,-0.14344080409320947,-0.13842095262131573,-0.13420235687403706,-0.13899413000095354,-0.13671899031160806
-0.15491133331858334,-0.14331660046327316,-0.13832232566949096,-0.1347856841811545,-0.1388254614020622,-0.13662029377887444
-0.15877930166269305,-0.1431702662602402,-0.13821869793677372,-0.13459222555717015,-0.1394970092397463,-0.13652243597536953
-0.16069237738551442,-0.14314329194865733,-0.1386775426067655,-0.13458619265322752,-0.13942377446894308,-0.13634744532351312
-0.15796075478575164,-0.14289483588619747,-0.13885582535288718,-0.1344221267769323,-0.1392316608445671,-0.13617694978459066
-0.1606172950374093,-0.14276456485647954,-0.13875445362417144,-0.13422847299826557,-0.13910751556152298,-0.13623577000755144
-0.16235060466154377,-0.14253408564996697,-0.1387972609111332,-0.1343580299131188,-0.13911634421746893,-0.1362950174174011
-0.16035296611046435,-0.1424596357593528,-0.13864701072334928,-0.1344816718333233,-0.13896058178419537,-0.13620898897051134
-0.15691999989000574,-0.14247497055492755,-0.1384957019125323,-0.13441964657957395,-0.13884963307289097,-0.13603657701360822
-0.1561012988153494,-0.14236245031159758,-0.13840707896725313,-0.13440856242616633,-0.13878928056819664,-0.13598616423602655
-0.15534892616376114,-0.1421520375612692,-0.1381985859870091,-0.13426598388845432,-0.13881603042069382,-0.1359613533814882
-0.15301408327720575,-0.14191777805145833,-0.13836758612338312,-0.13416904451873,-0.13857665104012246,-0.13606655158939523
-0.15118846703428282,-0.1423198173459826,-0.1383113515982901,-0.13421467274830726,-0.13857249440806074,-0.13597425132603438
-0.1514816455564513,-0.14221218546808742,-0.13812473967107278,-0.13414260748681361,-0.13879675682711695,-0.13590132156123136
-0.14967116242110673,-0.14234606209113454,-0.13792189427055443,-0.13396988803190732,-0.1390016649287757,-0.1356886512516368
-0.14852646821101692,-0.14208159088538241,-0.13808508257106875,-0.13398435499486025,-0.13884910533032374,-0.1356889324080457
-0.14600071360298955,-0.1421617602522857,-0.1378931241452806,-0.1338174669188932,-0.13882744274468112,-0.13558552971080357
-0.14935158621795425,-0.1419146570120306,-0.13771423403066552,-0.13370333832550557,-0.13882021056129465,-0.13554455300326837
-0.14689835084159836,-0.14188933031281892,-0.1374990509496576,-0.13359059448775626,-0.1390299914547961,-0.13563290383221058
-0.14511426470901262,-0.14174894129471266,-0.137282072736801,-0.1334190123930624,-0.13940963870260545,-0.13558977874495606
-0.14411894533435465,-0.14171675612757276,-0.13719903416357848,-0.13327140235758012,-0.13939958760636226,-0.1354377470150695
-0.1417846706226106,-0.14168845689541687,-0.13700059041673193,-0.13341741613679808,-0.13988244070281716,-0.13605912732305198
-0.14033539720122004,-0.1414925813582841,-0.1370265542132039,-0.13323024596854988,-0.14001305342312625,-0.13587301019845616
-0.1420440280968579,-0.1415636585049379,-0.137072320610834,-0.13315700285970583,-0.1398510659681092,-0.1358329804415226
-0.14007673254582226,-0.1415381013945397,-0.13691815764444576,-0.1330270610280935,-0.13960242908365317,-0.13613171549936212
-0.1419356231628662,-0.1419367303764798,-0.13709659805021854,-0.13347356509498848,-0.1393124284790641,-0.13597196777614312
-0.13807764646291998,-0.14210473477321672,-0.13711293071560166,-0.1334387935432504,-0.13902218409528008,-0.13576345904893328
-0.14666735624667057,-0.14255490046734184,-0.13704178539369982,-0.1333474032768889,-0.1391135696704761,-0.1362623556080384
-0.14567083798426606,-0.14241038544461618,-0.13709748713529668,-0.13328687911502796,-0.13905977062109026,-0.13677297947225325
-0.15311798758903367,-0.14243374258144437,-0.1372932723459216,-0.13320089392920667,-0.13890375899730698,-0.13676958962888175
-0.1614834846165814,-0.14219774102444208,-0.1371933846384609,-0.13345534614987753,-0.13870637748104805,-0.1366282091410816
-0.15859810588382114,-0.14211554532617876,-0.13711136136867508,-0.13386138986633753,-0.13858383582035397,-0.13653301039053142
-0.15900933019068594,-0.14209983198193638,-0.13693041869967024,-0.13386589889322523,-0.13864061543725728,-0.13636002617859735
-0.1616719508775028,-0.1420304884660682,-0.1373448430580309,-0.13364473026870244,-0.13843725721841746,-0.13636316613924981
-0.1587153359440675,-0.14189911330448626,-0.13711801286218905,-0.1335691269321865,-0.13834520365425873,-0.13645347083816456
-0.15684006768575257,-0.14172990640368827,-0.13731206453279024,-0.13334096799874567,-0.13836968507688152,-0.1366595535838749
-0.15539148348337936,-0.1414539033120391,-0.13768057765405245,-0.1332903782643439,-0.13858985267216065,-0.13653430942948755
-0.15940232001677646,-0.14134395471773956,-0.13752685437889225,-0.13327394553256727,-0.13848318996043074,-0.13648837786854814
-0.1581151214946063,-0.14114554604084348,-0.13732184970573919,-0.1334822234509408,-0.13839595741074429,-0.13638956795368606
-0.15484329884284445,-0.14093794252695452,-0.13713070574009883,-0.1332528860795074,-0.13822468474841682,-0.13624962568257237
-0.15798898902285483,-0.14086893697931718,-0.13718694082008742,-0.13318769258615176,-0.13852185487578547,-0.13598243408845848
-0.1548475720280516,-0.14067147299123076,-0.1370290033025919,-0.13337656085767574,-0.1384394401704444,-0.1360841808113452
-0.15476600237357258,-0.14080570827180292,-0.13688478420620223,-0.1332066891397865,-0.13851262398968142,-0.13579244221921885
-0.1715119574867932,-0.14071782065208083,-0.13687837399163638,-0.13319634910487432,-0.1382344374457121,-0.13576939960112697
-0.16701227476643798,-0.14051957949169547,-0.1368963173385432,-0.13338209143607077,-0.13802908605203795,-0.13583518610286327
-0.168197793720247,-0.14040948378566087,-0.13800733222009964,-0.13329182749757074,-0.13819759801040918,-0.13557089049152665
-0.16676555658996736,-0.14035015743892074,-0.13774435512645394,-0.13335378875074919,-0.13814064995536016,-0.1355537671017961
-0.16301049034601442,-0.1401817461053408,-0.13757299349112573,-0.1334571874871197,-0.13788883335878066,-0.13558926291244172
-0.16261050507745245,-0.14004287391042683,-0.13747067717663122,-0.13392930553686763,-0.13772419648481254,-0.13542377668828892
-0.1620298571347448,-0.1400655914186009,-0.13744182000033367,-0.13389958934698667,-0.13780232032841772,-0.13521271997285042
-0.16949914250448786,-0.1400216463753154,-0.13738984428612727,-0.13418505317878737,-0.13773251755052773,-0.13504095292870325
-0.16756755413531002,-0.1399323040872237,-0.13771668691589836,-0.13426571884639416,-0.13759246258619207,-0.1350029822039158
-0.1649274307656918,-0.13984423004682872,-0.13768407360984766,-0.13429722658001908,-0.13746024633346615,-0.13491476651085477
-0.16623394259616997,-0.13987932439323333,-0.13759781705279894,-0.13442563981002964,-0.13749153246693718,-0.13490787406507176
-0.16297036582806979,-0.1398912832276956,-0.13792185673478602,-0.13437032084765646,-0.13788983035832916,-0.13465808574166388
-0.16009239574202852,-0.1403888882991752,-0.1378520396236917,-0.13415884353923088,-0.13776183636855252,-0.1348758772053599
-0.15821339739761658,-0.1401300425727367,-0.13876407687526413,-0.13445123820299598,-0.13764371773757625,-0.13511129340082542
-0.157824347110674,-0.13993876142758865,-0.13885651634119153,-0.13471166920614433,-0.13753529649898155,-0.13497534479062115
-0.15531794213778988,-0.140023178308784,-0.13925082134960104,-0.13475964081477743,-0.13782946831524379,-0.1347943674757037
-0.1596662094120086,-0.14013375947189805,-0.13900409079977666,-0.13471168915708975,-0.1398028510849461,-0.13468782933581847
-0.15668471788506863,-0.140069741921914,-0.1391651102141337,-0.13480675165558098,-0.1397696233003638,-0.13475422062781509
-0.1666881545519522,-0.13982804438046076,-0.13891332016158767,-0.1349806190632607,-0.13963636381941083,-0.1346843530144702
-0.16654518654738762,-0.13966168914010146,-0.1387723843152419,-0.13484368099004349,-0.13964682416694135,-0.13566518147400194
-0.16397591057516803,-0.13980056790264714,-0.13858114004698907,-0.13520432655635423,-0.1398391063629367,-0.13580526557324327
-0.1624828828995124,-0.14013683888113804,-0.13880688208983116,-0.1354787008278597,-0.1396263100790863,-0.13591285008860032
-0.15949475730294604,-0.1399321352115698,-0.13895510967257133,-0.1354620000432552,-0.13948784965425023,-0.1357411208886968
-0.15906111038393678,-0.13975717746666472,-0.13882657142082502,-0.1354002698890145,-0.13929463290867997,-0.1356752474193679
-0.16030715662410264,-0.13959037963169654,-0.13859381236410237,-0.13534666184315886,-0.13931100496257182,-0.13565374298809188
-0.15833540999963824,-0.1393934666817952,-0.13870953967033825,-0.13538572573825633,-0.13951477321402692,-0.13575341041247607
-0.15993396844271215,-0.1394545328353815,-0.13847939159264805,-0.13564699593316487,-0.139790855240147,-0.13569767999103097
-0.15632724154076386,-0.13939083480172176,-0.13837497477301922,-0.13564203678374764,-0.13960032055145036,-0.13553343255243086
-0.15518486720431152,-0.13929307325925566,-0.1385169757642611,-0.13549969239456133,-0.13948714883218144,-0.13573125560847113
-0.1562696581677107,-0.13906473040546588,-0.13869573602579785,-0.13577279570006068,-0.13937705509853532,-0.1355625339935858
-0.15412444358065236,-0.1391421533278756,-0.13848389420887014,-0.13580169186735497,-0.13935342010740265,-0.13555470070071746
-0.15166683290644886,-0.13904265707796315,-0.1383546699150922,-0.13604055515230173,-0.13946775958136054,-0.13541460365104963
-0.15074904217974752,-0.13895303093518793,-0.13821950682850745,-0.13610877483174869,-0.13934975741142258,-0.1352691678370515
-0.15065927423079567,-0.13893208342934096,-0.13806182004449372,-0.13627342688445057,-0.1392533733372105,-0.13569052700954884
-0.1490408970260538,-0.13884123236421708,-0.13800042645164193,-0.1361158778371812,-0.13928141860113374,-0.13564316131428805
-0.14639050823999272,-0.13864498289630153,-0.13784550643607427,-0.13602855254284704,-0.13917385853550152,-0.1358358505235191
-0.14363520950315148,-0.13855136463987683,-0.13779476981659985,-0.13594117365324407,-0.13901707582262315,-0.1355494575135081
-0.1447089263643729,-0.13956844084854897,-0.13751087635168477,-0.1359241424520941,-0.13886651091597935,-0.13604657813586107
-0.14513613809097348,-0.13935133976722536,-0.13731986471319851,-0.13610223094437165,-0.13926393769057824,-0.13646543182746876
-0.14341483299465316,-0.13932954760669122,-0.13725394114733377,-0.13629973799964548,-0.13909933872838712,-0.1364056124379169
-0.1495249683480935,-0.13919947922747436,-0.13719867936722926,-0.1361577573788418,-0.1391416914665368,-0.13634001338791166
-0.14635264765151246,-0.13955270564199482,-0.1371097355378364,-0.1360627846228139,-0.13902338866340652,-0.1360606597384195
-0.14578421786594842,-0.13949413096399674,-0.1371448571676442,-0.13622306832147227,-0.13891071013408754,-0.13594165130276262
-0.14684098521899744,-0.1397415796908089,-0.13714365239067663,-0.13611412596621977,-0.1400678670254208,-0.1357634074772106
-0.14766235331572605,-0.1396848447819065,-0.13784588155475233,-0.1359872835598643,-0.139984160670529,-0.1355811285011489
-0.14902820388402463,-0.13968249797398216,-0.1376155919786382,-0.13586916523239687,-0.14000906593251838,-0.1359523324843532
-0.14611658763417612,-0.1397777333977234,-0.13763595908995438,-0.13577249263940597,-0.1399318737391851,-0.13578548287348355
-0.1459119324111687,-0.13965162798218356,-0.13812962168174076,-0.1355725984837169,-0.13998153940467284,-0.13570351208504372
-0.1477941209482175,-0.13948939050378667,-0.1380038192611268,-0.13581150796298455,-0.14012974047372162,-0.13571402863900103
-0.15139512995008755,-0.13956360061041598,-0.1382603080335788,-0.13579568874911904,-0.14001128300797705,-0.13588010196423517
-0.15871105479493555,-0.13939986288950706,-0.13796781584282536,-0.13575672548150933,-0.13992679879663375,-0.13601657095570707
-0.1657246486688687,-0.13950381391702874,-0.13782729502812166,-0.13562154356300746,-0.1403059553566337,-0.13602685487748986
-0.16277697878564756,-0.13939999310224477,-0.13764818596833542,-0.13580391175208872,-0.14016125556864412,-0.13581941219844834
-0.16207132813600628,-0.13936527639769916,-0.13755952937296473,-0.13577766214570164,-0.140035470017146,-0.13567509895159136
-0.17493503369290125,-0.1392627284835612,-0.13754234660248987,-0.135751411241537,-0.13992089215122971,-0.1359577356174955
-0.17463613312319556,-0.13952400969003353,-0.13772325183496262,-0.1361283597711482,-0.13974751910005026,-0.13595434563463843
-0.17057677321205858,-0.13955163767628923,-0.13777728003088524,-0.13602192190962914,-0.1395220280345899,-0.13576513116448444
-0.1816662214561234,-0.13949944883863294,-0.1382541760959637,-0.1362409821073275,-0.1394904516296156,-0.1355308110354562
-0.18244348796337895,-0.1398951202891307,-0.1381852711387189,-0.13645287897771202,-0.14001482118254033,-0.13542996439200305
-0.18309780871787631,-0.1398499236755268,-0.13795550372137774,-0.13632541649900284,-0.14009843045919626,-0.13535099572507495
-0.18819962334941348,-0.13990445053846423,-0.13778362589941756,-0.13630203046328782,-0.1401268185495882,-0.13547285105982299
-0.19191912757132162,-0.14007434804762528,-0.13759550159511483,-0.13628506227845377,-0.14128969681708456,-0.13531394940056451
-0.18936732939052317,-0.14018558482461452,-0.13755181808759556,-0.1361305499551416,-0.1414104943057575,-0.13508993236422118
-0.18447066049611455,-0.1400217852245876,-0.13759068620238346,-0.13623468144685882,-0.1413238162097562,-0.13503078756124062
-0.1827373775716901,-0.13987468422770724,-0.13741547603418625,-0.13642413593826988,-0.1410269460103666,-0.13486961848709722
-0.182878664190369,-0.14017434660460992,-0.13738388804115945,-0.13632518476374567,-0.1411446185261406,-0.13475854114467153
-0.18318893233394626,-0.1400855199150398,-0.13716935495758018,-0.13659959892284385,-0.14095213214132962,-0.13497596475276008
-0.18514858747114918,-0.13994807316069388,-0.13705906063911968,-0.13663567824690806,-0.14086073288537038,-0.13490868907813214
-0.1842716093404642,-0.13989667650038085,-0.13696108178884517,-0.1366202639749527,-0.14087180880077962,-0.1348440550043404
-0.18336935199048615,-0.13970196583387598,-0.13685408461795256,-0.13677728342877074,-0.14060713683060783,-0.13456980261108792
-0.18269799775623796,-0.1397223143593151,-0.13683570286242402,-0.13682411073881146,-0.14045479506117975,-0.13440361201227105
-0.18163939378967736,-0.13966862902090998,-0.13692205697053594,-0.13678067060858937,-0.14063912314205204,-0.13460749310468745
-0.17940045833161755,-0.13965715959219052,-0.13670896040485198,-0.13727419339236638,-0.14081802399797141,-0.13474856934254878
-0.17834501206464168,-0.13954315572612055,-0.1365921242865397,-0.13724762558825981,-0.140842690704227,-0.13459245482255017
-0.1773170887279347,-0.13953535148215437,-0.13648781443689031,-0.1371788115420126,-0.1410917344487356,-0.13456519541815606
-0.17439129258543612,-0.1394108243342675,-0.13631682129797693,-0.13759254886453837,-0.14082331837863357,-0.1343817381460087
-0.17191957607577207,-0.1395904166616538,-0.1361821392288877,-0.1376429480255539,-0.1406761645556224,-0.1344321838286607
-0.17580899468240666,-0.13946646605637547,-0.13619132855919272,-0.13764256432152777,-0.1403779016733569,-0.134652889188263
-0.18012941258038503,-0.13958028075784676,-0.136217675479694,-0.13765788719776456,-0.14019078320754752,-0.13447590534214363
-0.1797160729226168,-0.14040495279127949,-0.13625735814548143,-0.13785710378721153,-0.13999567976840172,-0.13456380315443092
-0.17777928486709235,-0.14038639926551447,-0.136087764496138,-0.1377673078979216,-0.13971201545901957,-0.13450826149522277
-0.17514793295049888,-0.14088389968318804,-0.1362479776426675,-0.13776674463381558,-0.1397125141640072,-0.13426138096421955
-0.1819474924690509,-0.14118596955467283,-0.13630866377811135,-0.13767592528450845,-0.13952987997649452,-0.13413932768489023
-0.18209380835277422,-0.1409237637091936,-0.13671766197210583,-0.13756561093650238,-0.13947426387677334,-0.13392773630759156
-0.18223835754772202,-0.14106151423686916,-0.13679537021043775,-0.13751084231416802,-0.13945736575675438,-0.13386542474722116
-0.1824986796989203,-0.14086553400146629,-0.13693058398551072,-0.13743327581138137,-0.13962514967312947,-0.13372254358417396
-0.1795540994413676,-0.14057987132792152,-0.13698973554303462,-0.1374517558940595,-0.14001669471807526,-0.13382840644679198
-0.17998547237453144,-0.14049523186772386,-0.13688075919562653,-0.13803462657724216,-0.1401300225297668,-0.13411946754466852
-0.1897939182205506,-0.14048364387752688,-0.13714728691153943,-0.13809940237734464,-0.14030722133018503,-0.1338699305991877
-0.19006364195122685,-0.14043388908200116,-0.1369617995568477,-0.13826389973415043,-0.1401901062656914,-0.1340997110588593
-0.20349775005532655,-0.14052220123390025,-0.1372472028967102,-0.13826298328353528,-0.1399072112635882,-0.13400279224253478
-0.20427010506433,-0.14041200598618112,-0.13706218458033664,-0.13827422107459464,-0.1398665677696818,-0.1340867007496561
-0.2002441172292319,-0.14032919725564594,-0.1374352545230045,-0.1382365426526092,-0.13973666167601423,-0.13394317959037166
-0.1971043142192448,-0.14026592378876784,-0.1377269605528352,-0.1381620413102808,-0.1395320015988463,-0.13428503559482968
-0.19741271014623638,-0.1404274355984879,-0.13757413519254588,-0.13818473545738166,-0.13941648956675398,-0.13423782947567164
-0.19458773277743252,-0.14021756664972002,-0.13753950070397086,-0.13823819814067864,-0.14027533937831366,-0.1340138817850751
-0.1930078913155709,-0.13997830478050113,-0.13769733902791806,-0.13825191296910666,-0.13999035837397308,-0.13389282474460348
-0.1902215006953309,-0.14006920127674236,-0.13781965349980976,-0.13809810721651503,-0.13987767459329598,-0.13387664306950403
-0.1874168481302948,-0.13983838304633556,-0.1378260759378665,-0.1380328337440889,-0.13988134840394592,-0.1337121583151874
-0.1875391888131099,-0.1396626351303556,-0.13790106508642544,-0.13803661194443867,-0.1397370841430986,-0.133801844773083
-0.18883534878841346,-0.14001764659620514,-0.1385911796657306,-0.1383273870139203,-0.1395237313803267,-0.13428659026566994
-0.19551532823695006,-0.14036575060171955,-0.13864389438573396,-0.13831657749326498,-0.13930920633183486,-0.13409510182638798
-0.1928394411145552,-0.1405971931642676,-0.1385991704488388,-0.13852631697369844,-0.1390749456901755,-0.1339609378887484
-0.1908989792309108,-0.1403581271449831,-0.13849859291591948,-0.13844576598279718,-0.13876262053721583,-0.1338524228726622
-0.18794795228783337,-0.14009847691519328,-0.13830830674771222,-0.13826075399669496,-0.13844565879010742,-0.1338261985862867
-0.18781608348563406,-0.14004332839997058,-0.1381760912631896,-0.13824255075226768,-0.13908377809689695,-0.13419850597774363
-0.19557611472431266,-0.14014528553958794,-0.13821783788637151,-0.13812536172321152,-0.13882750128547477,-0.13415215522839716
-0.19876483912069223,-0.13995864154417678,-0.1382015971579583,-0.13803606835254534,-0.13862709550600746,-0.13504104226402455
-0.19522712982425236,-0.14020106796362783,-0.13812257857136478,-0.13817590576874136,-0.13873977437019744,-0.13552224912846714
-0.19380510551640406,-0.1400503559655129,-0.1380671699235397,-0.13806163417763653,-0.13888059001005615,-0.1357006169174499
-0.19100127666799152,-0.13982285092748628,-0.1385387413575202,-0.13798680431861313,-0.1388740838030401,-0.13553720788650656
-0.18812393099775412,-0.1397135161619601,-0.1383768348217714,-0.137818624122953,-0.13865911742630252,-0.1355837522626002
-0.18707675897626672,-0.1395242019313752,-0.13857183276581525,-0.13762505427968322,-0.13840606639839426,-0.13554433620113243
-0.18371337744433158,-0.13964772889505073,-0.13871107566513863,-0.13756288835097233,-0.13906571088665698,-0.13540647395950697
-0.18268524112123116,-0.1393620231799268,-0.13882918371186664,-0.1377964603006407,-0.13954070092919113,-0.1354609950701635
-0.1790135383821433,-0.13960280659475702,-0.13883530128457233,-0.13779853293558944,-0.13940189101771755,-0.13543655725006354
-0.18501482326861227,-0.1394167080610895,-0.13881740247944513,-0.1378339374201166,-0.13986751837325243,-0.13533131176536964
-0.1851286257649608,-0.13918830793949924,-0.138975618318499,-0.13764802785661223,-0.13999078988114136,-0.13560183969524886
-0.18617382473761687,-0.13909760928106968,-0.1391965409842673,-0.13752273963072703,-0.13990318881928882,-0.13543012848969874
-0.18576635540295952,-0.13896726558014524,-0.1390924725817335,-0.13760326078828994,-0.13987923507824296,-0.13566233883556644
-0.18613795486778106,-0.13867060214115054,-0.13888116733397113,-0.13741435132603208,-0.14069823809315227,-0.13565554027735882
-0.18967850975432124,-0.1386449049579501,-0.13872710890837817,-0.13749719527996393,-0.14044841212838982,-0.1354708085510492
-0.18983377986884,-0.13872526519115802,-0.13924151440140708,-0.13864750501774273,-0.14017956921027275,-0.13568753408722853
-0.18725116755833626,-0.13854244816268646,-0.13899055211410982,-0.1392357872304651,-0.13987623402894908,-0.13548819258890557
-0.18375235292219705,-0.13830522500933673,-0.13891949925856154,-0.13921991543855614,-0.13966893964743513,-0.13556079025182624
-0.18251117719773333,-0.1382869610672474,-0.13895012727612938,-0.13933054486841115,-0.13945003712725554,-0.13586256742528507
-0.18154757681118142,-0.13874469078087742,-0.13907406724527804,-0.1394765599798889,-0.13930660537757714,-0.135625152557355
-0.18055211995542403,-0.13868768286477956,-0.1389707972137701,-0.1401475333429403,-0.1390728586912794,-0.13550730415515638
-0.17863275853570623,-0.1389629172538104,-0.13881634670458082,-0.14005585774807208,-0.13897245363310518,-0.13559589883721443
-0.17602789788337891,-0.13885821997538195,-0.13866752323117928,-0.14037971325448242,-0.13962057707276143,-0.13549473263004216
-0.17492944996025211,-0.13873948791772928,-0.13844548831323508,-0.14068234451259523,-0.1395559014530015,-0.13541083770661985
-0.17234476837290288,-0.1387645369105667,-0.13843601363284622,-0.14066534205366663,-0.13969795330325444,-0.13578998210296805
-0.1694107665223555,-0.1387809716555565,-0.13827315649053112,-0.14058266295653335,-0.13967980084977566,-0.13561293715971776
-0.16636053955025798,-0.13853576874258564,-0.13811584203893365,-0.14048331631375433,-0.13989885800109955,-0.13556005384614525
-0.16198649316866423,-0.138978102148097,-0.1378793218800551,-0.14027779413858127,-0.13987342627243218,-0.13532756358200254
-0.1625096000037366,-0.13922253556616887,-0.13857753339331683,-0.14017365829275488,-0.139683728662727,-0.13546479678479015
-0.15860356820830426,-0.13975357890439577,-0.13837461254186129,-0.14027105206357043,-0.13973861481938266,-0.13534653231736019
-0.15671738224773274,-0.1398638886824013,-0.13827537474615956,-0.14023454347256886,-0.13972364923836897,-0.13521766253572434
-0.15672754396549896,-0.13983607927256067,-0.13824273304396142,-0.13996686924585477,-0.13953861785836522,-0.13528299937495802
-0.15609266398710336,-0.13962056590610808,-0.13813109297148518,-0.14008833285046765,-0.13946908075855022,-0.1355286598809899
-0.15603613705475075,-0.13939032572863472,-0.13798606562988444,-0.14019660968917821,-0.13938649448391954,-0.13534389137107045
-0.15274746131926512,-0.1391926903285666,-0.13799262015302044,-0.1402740617276831,-0.1393027459017389,-0.13524888810968017
-0.14888370018537114,-0.13942980577321806,-0.13790382016491812,-0.14004097412230454,-0.13920162221029778,-0.13562946218903899
-0.14845324646178065,-0.13941224089457613,-0.13791042115059488,-0.1398166155576671,-0.13894456948481776,-0.1355149720242594
-0.15286585946866824,-0.13925498156010377,-0.13783423457466046,-0.13961402223680233,-0.13903204478967462,-0.13530595555218064
-0.160699567873006,-0.13913632460598044,-0.13778309579129344,-0.13959137838378985,-0.1388992330116063,-0.13512427560503748
-0.16046605031488967,-0.13885334791856732,-0.13759088691750107,-0.13944740645087075,-0.1387121343575639,-0.1353956013184126
-0.1684437347691022,-0.13865105234240122,-0.13743350953840205,-0.13961708098395056,-0.13864868039676478,-0.13508837511330174
-0.1702849706042595,-0.13884707386267336,-0.13735831175338478,-0.1397085349095576,-0.1384595445591027,-0.13494096684440018
-0.17565259359894914,-0.13887038559912812,-0.1375788466350016,-0.1395747256390262,-0.13831917175064676,-0.13477273732291073
-0.17226612064584054,-0.1387687706898752,-0.1374958140027986,-0.13988837819746539,-0.13836485881800328,-0.13468300478165882
-0.17435089495237754,-0.1386022780873346,-0.13749971597837451,-0.1397328988912335,-0.1383616214023565,-0.13444286875961045
-0.17234225336415343,-0.13853507604745624,-0.13734091204358104,-0.13947274536610463,-0.13848660217169634,-0.13426418043345312
-0.17043233035340408,-0.13827407166885117,-0.137399494202621,-0.13950567834770664,-0.1383713887438067,-0.1343058991448274
-0.17284428862643517,-0.1384904248969142,-0.13715737448697454,-0.1395254265286659,-0.13843995126770883,-0.13426061078626714
-0.1714702036893284,-0.13841241096401188,-0.1372881335414737,-0.14079105778301895,-0.13832306841682482,-0.13404173782050546
-0.19916024870921664,-0.13820530397923908,-0.13723322859561007,-0.14086580202315652,-0.1380495522951353,-0.13399530269520976
-0.19719642818206992,-0.13804740155404724,-0.13695450600547532,-0.14062318800285872,-0.13787904345314358,-0.1350101661264509
-0.19634322225689071,-0.13807070122412304,-0.13682993329293025,-0.14051179574110356,-0.1376912164464666,-0.13510386121692428
-0.19550675126199377,-0.13801809890595085,-0.13709952640955841,-0.1402889918227004,-0.13750558285068135,-0.13556941615342108
-0.1937652058743967,-0.1381553821000408,-0.13691107486894777,-0.1402763249335309,-0.137717641672662,-0.135504923891683
-0.19484553336752505,-0.1379042525112177,-0.13685907927108334,-0.14000299056773924,-0.13758931448916906,-0.1354855248601137
-0.19410129956523264,-0.13799050874927893,-0.13681396059596573,-0.1398364541542579,-0.1376867054993946,-0.13534993263191888
-0.19383840071182218,-0.1377815203438535,-0.13681000333128868,-0.14138449392886004,-0.1375174968660257,-0.13531785740215388
-0.19630868110139094,-0.1378233424992729,-0.13654781130786756,-0.141566932777786,-0.13740760807743288,-0.13524292921478434
-0.19261767342511557,-0.1379560893436621,-0.13641937245006666,-0.14132862359692278,-0.13749439834917024,-0.134991322114643
-0.19187125947721292,-0.13772342423320216,-0.13651551353536154,-0.14117128905207355,-0.13741181728608015,-0.1348334790044759
-0.18664586985337184,-0.13773046557695287,-0.1363902108885425,-0.14100134102603912,-0.1371335498353472,-0.13494611213515542
-0.1885448726284752,-0.1375870303127275,-0.13618660429227897,-0.14080111596777284,-0.13692733378552613,-0.13504954904742056
-0.188470180574,-0.13747115319427872,-0.1360263626521945,-0.1406824337990616,-0.1369531367986093,-0.13494266627743676
-0.1883740996892697,-0.13754694710448884,-0.13611066393947283,-0.14052544021816354,-0.13711044904598663,-0.13481827285580641
-0.1907647071620474,-0.13747569621296138,-0.13648434960558217,-0.1403528356006192,-0.13707509365196396,-0.13510680300013708
-0.18705903462192683,-0.1377686846268752,-0.13636147422233535,-0.14026731220265737,-0.13696791414249304,-0.13583183413287708
-0.1855874310457627,-0.1376801487231629,-0.13622515978941716,-0.14025230958030796,-0.13672839663045847,-0.13562383438587008
-0.1840883282765397,-0.13853403900978223,-0.13603514432199978,-0.14014506000788476,-0.13652485461404087,-0.13549095547516724
-0.17949425653255496,-0.13869455226900398,-0.13594181063808294,-0.14008600293822676,-0.1366684884536336,-0.13587606868533775
-0.17910763268037425,-0.13902036781970126,-0.1357802235353145,-0.13982702456984927,-0.1364814870219258,-0.13570937204879868
-0.17884923495696062,-0.1388424288068452,-0.13581756513114482,-0.1396600027047689,-0.13633822933004602,-0.13552513795136437
-0.17348451841570797,-0.13887064297997181,-0.13619579730092382,-0.13944471744591286,-0.13623810989477905,-0.1354204595095176
-0.17123167726107075,-0.1389304074391997,-0.13611016226186323,-0.1394950873586448,-0.13637256049406418,-0.1357126377341571
-0.17151806994913923,-0.1385652488596047,-0.13607172153736294,-0.13942180592369025,-0.1365353275401791,-0.1357000762054579
-0.17070729572480448,-0.13870832211336834,-0.13620441203186004,-0.13927591292823738,-0.13704664131472144,-0.136175041679294
-0.16780814141843514,-0.13877074200832737,-0.13662316129904312,-0.13940237390729388,-0.13684514529285013,-0.13610608414491562
-0.16919908141439063,-0.13857226668541472,-0.13656011261861326,-0.13971274470368278,-0.13694557022401851,-0.1360382714571222
-0.16730280105762874,-0.13858427454315533,-0.1365932365693797,-0.13978401111996014,-0.13722652918604297,-0.13596233372958358
-0.1633312489786242,-0.13843502053829115,-0.13648549541423655,-0.1398272511097517,-0.13711790692015724,-0.13567401026537135
-0.1595272297376551,-0.13844637180153122,-0.13676932380070125,-0.13979309548600535,-0.13700746272921088,-0.13560006791988008
-0.15562544730225605,-0.1383638241134518,-0.13682518769600083,-0.14010838384931226,-0.1368982569209219,-0.13558815663212645
-0.15613664163588556,-0.1383823334720639,-0.13678696274914667,-0.1406096186441464,-0.13672826501900526,-0.13594585367887013
-0.15523913929358013,-0.1382573778832897,-0.13660148978073855,-0.14049065812845943,-0.13683025031668758,-0.13608856745026388
-0.15397782913798796,-0.13825076014274323,-0.1371271052912441,-0.14069387465871905,-0.13688971688954932,-0.13591060677372327
-0.15044568310397724,-0.13807015913900028,-0.13728336746876432,-0.14069709602261404,-0.13660814714628208,-0.13573222543461713
-0.15106849445878642,-0.13785354548015052,-0.13734021681154465,-0.1405016830742541,-0.1365264465004366,-0.1355820273835196
-0.1478399050579896,-0.1376513633715203,-0.1375568633856941,-0.14042231764330843,-0.13634740040308777,-0.13597289344439878
-0.14690844290743196,-0.13769694668461152,-0.1374203953451499,-0.1402904829432384,-0.1362269464530459,-0.13608983685407738
-0.14448912826847576,-0.13753149628673428,-0.13756253817893652,-0.14049702063785752,-0.13601484425985938,-0.1361710694029234
-0.13963853324947062,-0.13751887647113742,-0.13796808467512786,-0.14043921567119308,-0.1360385991858763,-0.13600549339525908
-0.14877772317677077,-0.1375033068649632,-0.1378420922224053,-0.14029737265814693,-0.13621999595571854,-0.136416443194853
-0.14846078621658107,-0.13745948635060876,-0.1377094497509113,-0.14010232347627163,-0.1360234105887116,-0.13669422790172275
-0.15284653506094587,-0.13760906190193248,-0.13773775329746304,-0.1398586291536419,-0.13587743106770814,-0.13669729194264454
-0.1520210019181472,-0.1376132146586602,-0.1374905331605025,-0.14010460580398373,-0.13578568500023447,-0.13675307892964159
-0.15180079127650428,-0.13786901440370777,-0.1376696043981926,-0.1400851502993614,-0.13563353256164956,-0.13653333040891827
-0.15052036595481785,-0.1379476244314386,-0.13755582316936332,-0.13991711780672542,-0.13545008846908307,-0.13644763841923824
-0.16095989486380075,-0.13795066955849772,-0.13739021733833146,-0.13967907468373242,-0.13542266650661236,-0.13651172134823045
-0.15822963243932897,-0.13773048028631646,-0.13718533483392448,-0.1396414347909152,-0.13525145107746064,-0.13658122432196562
-0.1641218068445869,-0.13762500639736255,-0.13700859788359143,-0.13945207902789736,-0.13501549730813067,-0.13651052607235964
-0.16419668012646496,-0.1373368570123287,-0.13712833169959956,-0.1394855381545322,-0.13507509850250948,-0.1364156758684883
-0.16196667899479686,-0.13733913294296715,-0.13702723837264613,-0.13973159293977325,-0.1351136743725413,-0.13621054205001737
-0.15829684702341384,-0.13725424917001633,-0.1370117857768615,-0.13979315428942157,-0.13494638041003593,-0.13610579172494805
-0.1583223402771762,-0.13714017403654563,-0.13687524379092128,-0.13988262685144487,-0.13484488925627386,-0.13615560317225384
-0.1545614430028972,-0.1368754287660808,-0.1369426782152994,-0.1398009289506434,-0.1347385791166219,-0.1361086684406917
-0.15124186591008665,-0.13672887684528162,-0.13684925203063902,-0.140339259239144,-0.13499823055482194,-0.13688867980978578
-0.14949759713639532,-0.1370079818767082,-0.13720280379101593,-0.1403103165421183,-0.13523950514233715,-0.1366457961652865
-0.1455442050489166,-0.1377370401201514,-0.13734921600695174,-0.1402952973865978,-0.1349760445074718,-0.1366757363273691
-0.14232436125059775,-0.13749097965014145,-0.13739318609362458,-0.1402585618059433,-0.13518187311713414,-0.13646136913699305
-0.13784865496791468,-0.13732801350854695,-0.13720153472306085,-0.14006719779720408,-0.13515307456122266,-0.13637726088998664
-0.14046294447909127,-0.1370956557954766,-0.1370336858197522,-0.1399119615329052,-0.1353251354729244,-0.13623715404679332
-0.1378282898124808,-0.13703902354015834,-0.13711452705215518,-0.13988478750212519,-0.13520031571170185,-0.13608948318953795
-0.13558026072346682,-0.13700728713860427,-0.13706230535468497,-0.13970763708655576,-0.13529220965542063,-0.13598883434038755
-0.13877784482856842,-0.1369030316479739,-0.1370560522772435,-0.13956840075057778,-0.13517048964983888,-0.1364369781806696
-0.13572455932292843,-0.13668421761248165,-0.1369141386259677,-0.13944673978580605,-0.1353305113294447,-0.1363112182139875
-0.14199278198013757,-0.13657660669410077,-0.13674238242318687,-0.1392459765043026,-0.1353757734598916,-0.1362729475241835
-0.14140458078576498,-0.13646338310568853,-0.13683697988434879,-0.13921274516408716,-0.1353151283522179,-0.1361447452071779
-0.14931268269675763,-0.13632939673874803,-0.13683748938058707,-0.13900623976957124,-0.13517625041281545,-0.1361162927216387
-0.14582340338256738,-0.13705251099667076,-0.1367593347299381,-0.1391873311566624,-0.13543338108463243,-0.13589122774514353
-0.1424652227857449,-0.13699678604528798,-0.13649780568268952,-0.1393460513030935,-0.13567822903221954,-0.1358571251259495
-0.14094436389240544,-0.1368317948550925,-0.1372756772659945,-0.13915948404683165,-0.1356683607296512,-0.13558185810190387
-0.1476747746678694,-0.13695123539026438,-0.13739572254949659,-0.13916102608235223,-0.13579638620392298,-0.13557567022323982
-0.15843997131338283,-0.13738551559535078,-0.13726260899613293,-0.13902076549042044,-0.1356807715418385,-0.13586378924470968
-0.15989779588768493,-0.13751863630006692,-0.1374265491957118,-0.13873256104419177,-0.13551458371506012,-0.13565589357638252
-0.15715574474414912,-0.13771378192494033,-0.13723818785859665,-0.13926334712411126,-0.13542896780009378,-0.13546869893483401
-0.161952177009229,-0.13758579561717646,-0.1371375530061529,-0.13908667858101234,-0.13550877171497733,-0.13586684589701883
