scenario,time,load_demand,served_load,thermal_generation,wind_available,wind_used,load_curtailment,wind_curtailment,storage_charge,storage_discharge,balance_error
1,1,2.1919,2.1919,0.11150939286376048,2.1995714550418692,2.0803906071362395,0.0,0.11918084790562976,0.0,0.0,0.0
1,2,2.3535000000000004,2.3535000000000004,0.18117435507780044,2.1723256449222,2.1723256449222,0.0,0.0,0.0,0.0,0.0
1,3,2.3467000000000002,2.3467000000000002,0.24503368067609,2.1016663193239102,2.1016663193239102,0.0,0.0,0.0,0.0,0.0
1,4,2.3673,2.3673,0.27100211309384425,2.096297886906156,2.096297886906156,0.0,0.0,0.0,0.0,0.0
1,5,2.3906,2.3906,0.23294549913588902,2.157654500864111,2.157654500864111,0.0,0.0,0.0,0.0,0.0
1,6,2.4448,2.4448,1.0126870751734185,1.8523073197320095,1.4321129248265814,0.0,0.4201943949054281,0.0,0.0,0.0
1,7,2.7338999999999993,2.7338999999999993,0.9142045768078548,2.140307231419163,1.8196954231921445,0.0,0.3206118082270184,0.0,0.0,0.0
1,8,2.904,2.904,0.9150665801638168,2.1863206552672123,1.988933419836183,0.0,0.1973872354310292,0.0,0.0,0.0
1,9,2.8355999999999995,2.8355999999999995,0.9147402189219418,2.248875687767213,1.9208597810780577,0.0,0.32801590668915526,0.0,0.0,0.0
1,10,2.8120000000000003,2.8120000000000003,0.9146313582802855,2.285433121141809,1.8973686417197149,0.0,0.3880644794220941,0.0,0.0,0.0
1,11,3.2861000000000007,3.2861000000000007,1.164194203567233,2.1219057964327677,2.1219057964327677,0.0,0.0,0.0,0.0,0.0
1,12,3.2810000000000006,3.2810000000000006,1.1838650235548318,2.0971349764451688,2.0971349764451688,0.0,0.0,0.0,0.0,0.0
1,13,3.2618,3.2618,1.0168734432588646,2.2577730354584307,2.2449265567411354,0.0,0.012846478717295273,0.0,0.0,0.0
1,14,3.2360000000000007,3.2360000000000007,1.0815388303531002,2.1544611696469005,2.1544611696469005,0.0,0.0,0.0,0.0,0.0
1,15,3.2686,3.2686,1.0169306724069267,2.350689627706938,2.2516693275930733,0.0,0.09902030011386453,0.0,0.0,0.0
1,16,2.8779000000000003,2.8779000000000003,1.0149676029019359,2.312411607743064,1.8629323970980645,0.0,0.4494792106449993,0.0,0.0,0.0
1,17,2.6,2.6,0.41962243686054546,2.1803775631394546,2.1803775631394546,0.0,0.0,0.0,0.0,0.0
1,18,2.4674000000000005,2.4674000000000005,0.2746807000051201,2.1927192999948804,2.1927192999948804,0.0,0.0,0.0,0.0,0.0
1,19,2.5596999999999994,2.5596999999999994,0.487449779910317,2.0722502200896824,2.0722502200896824,0.0,0.0,0.0,0.0,0.0
1,20,2.3735,2.3735,0.28132798996966013,2.09217201003034,2.09217201003034,0.0,0.0,0.0,0.0,0.0
1,21,2.4331000000000005,2.4331000000000005,0.11276643198929348,2.4037279571739143,2.320333568010707,0.0,0.0833943891632073,0.0,0.0,0.0
1,22,2.8314000000000004,2.8314000000000004,1.0147184152554023,2.245664850494977,1.816681584744598,0.0,0.42898326575037904,0.0,0.0,0.0
1,23,2.8305000000000002,2.8305000000000002,0.9147170139941054,2.2580559764214487,1.9157829860058948,0.0,0.3422729904155539,0.0,0.0,0.0
1,24,2.4875,2.4875,0.9129694578602121,2.127831440848294,1.5745305421397877,0.0,0.5533008987085062,0.0,0.0,0.0
2,1,2.1919,2.1919,0.11151127488421944,2.207099536877763,2.0803887251157804,0.0,0.12671081176198254,0.0,0.0,0.0
2,2,2.3535000000000004,2.3535000000000004,0.11234314763889652,2.3025905555860664,2.2411568523611036,0.0,0.061433703224962555,0.0,0.0,0.0
2,3,2.3467000000000002,2.3467000000000002,0.1467221805031782,2.199977819496822,2.199977819496822,0.0,0.0,0.0,0.0,0.0
2,4,2.3673,2.3673,0.20399017175654466,2.1633098282434555,2.1633098282434555,0.0,0.0,0.0,0.0,0.0
2,5,2.3906,2.3906,0.3144207327216346,2.0761792672783654,2.0761792672783654,0.0,0.0,0.0,0.0,0.0
2,6,2.4448,2.4448,1.0126978554744799,1.8954285239776483,1.43210214452552,0.0,0.4633263794521283,0.0,0.0,0.0
2,7,2.7338999999999993,2.7338999999999993,0.9142104110264255,2.163644105701814,1.8196895889735738,0.0,0.3439545167282403,0.0,0.0,0.0
2,8,2.904,2.904,0.9150708993237923,2.2035972951688843,1.9889291006762075,0.0,0.2146681944926766,0.0,0.0,0.0
2,9,2.8355999999999995,2.8355999999999995,0.9147568642697284,2.3154570789132296,1.920843135730271,0.0,0.3946139431829585,0.0,0.0,0.0
2,10,2.8120000000000003,2.8120000000000003,0.914607264539773,2.1890581590919798,1.8973927354602274,0.0,0.2916654236317525,0.0,0.0,0.0
2,11,3.2861000000000007,3.2861000000000007,1.114816166151174,2.1712838338488267,2.1712838338488267,0.0,0.0,0.0,0.0,0.0
2,12,3.2810000000000006,3.2810000000000006,1.090302196850916,2.1906978031490847,2.1906978031490847,0.0,0.0,0.0,0.0,0.0
2,13,3.2618,3.2618,1.0168823713266812,2.2934853067244365,2.244917628673319,0.0,0.04856767805111761,0.0,0.0,0.0
2,14,3.2360000000000007,3.2360000000000007,1.123386865889744,2.1126131341102568,2.1126131341102568,0.0,0.0,0.0,0.0,0.0
2,15,3.2686,3.2686,1.016946129763903,2.412519055612134,2.251653870236097,0.0,0.160865185376037,0.0,0.0,0.0
2,16,2.8779000000000003,2.8779000000000003,1.014963989280828,2.2979571233121865,1.8629360107191721,0.0,0.43502111259301424,0.0,0.0,0.0
2,17,2.6,2.6,0.5748542589321075,2.0251457410678926,2.0251457410678926,0.0,0.0,0.0,0.0,0.0
2,18,2.4674000000000005,2.4674000000000005,0.27987447540499755,2.187525524595003,2.187525524595003,0.0,0.0,0.0,0.0,0.0
2,19,2.5596999999999994,2.5596999999999994,0.41587290500176044,2.143827094998239,2.143827094998239,0.0,0.0,0.0,0.0,0.0
2,20,2.3735,2.3735,0.3262207024879147,2.0472792975120853,2.0472792975120853,0.0,0.0,0.0,0.0,0.0
2,21,2.4331000000000005,2.4331000000000005,0.20935127867905656,2.223748721320944,2.223748721320944,0.0,0.0,0.0,0.0,0.0
2,22,2.8314000000000004,2.8314000000000004,1.01472643027927,2.2777249459659035,1.8166735697207304,0.0,0.4610513762451731,0.0,0.0,0.0
2,23,2.8305000000000002,2.8305000000000002,0.9147143060697908,2.2472242791630643,1.9157856939302094,0.0,0.33143858523285485,0.0,0.0,0.0
2,24,2.4875,2.4875,0.9129878537467819,2.2014149871278303,1.574512146253218,0.0,0.6269028408746125,0.0,0.0,0.0
3,1,2.1919,2.1919,0.11152154932960108,2.2481973184043054,2.080378450670399,0.0,0.16781886773390647,0.0,0.0,0.0
3,2,2.3535000000000004,2.3535000000000004,0.15742744270644682,2.1960725572935536,2.1960725572935536,0.0,0.0,0.0,0.0,0.0
3,3,2.3467000000000002,2.3467000000000002,0.1862247333907412,2.160475266609259,2.160475266609259,0.0,0.0,0.0,0.0,0.0
3,4,2.3673,2.3673,0.24674922765892182,2.1205507723410784,2.1205507723410784,0.0,0.0,0.0,0.0,0.0
3,5,2.3906,2.3906,0.258711120970363,2.131888879029637,2.131888879029637,0.0,0.0,0.0,0.0,0.0
3,6,2.4448,2.4448,1.012693423114384,1.8776990835934584,1.4321065768856158,0.0,0.44559250670784245,0.0,0.0,0.0
3,7,2.7338999999999993,2.7338999999999993,0.9141982480139712,2.1149920558845516,1.8197017519860281,0.0,0.2952903038985235,0.0,0.0,0.0
3,8,2.904,2.904,0.9150701059160613,2.200423664245293,1.9889298940839386,0.0,0.21149377016135418,0.0,0.0,0.0
3,9,2.8355999999999995,2.8355999999999995,0.9147572256007704,2.316902403081738,1.9208427743992291,0.0,0.396059628682509,0.0,0.0,0.0
3,10,2.8120000000000003,2.8120000000000003,0.9146180673356021,2.2322693424085265,1.8973819326643981,0.0,0.33488740974412834,0.0,0.0,0.0
3,11,3.2861000000000007,3.2861000000000007,1.1308932079303866,2.155206792069614,2.155206792069614,0.0,0.0,0.0,0.0,0.0
3,12,3.2810000000000006,3.2810000000000006,1.1078861501797626,2.173113849820238,2.173113849820238,0.0,0.0,0.0,0.0,0.0
3,13,3.2618,3.2618,1.0168823212529452,2.293285011780279,2.244917678747055,0.0,0.04836733303322405,0.0,0.0,0.0
3,14,3.2360000000000007,3.2360000000000007,1.0895202524755119,2.146479747524489,2.146479747524489,0.0,0.0,0.0,0.0,0.0
3,15,3.2686,3.2686,1.0169243248947217,2.3252995788869244,2.2516756751052784,0.0,0.07362390378164596,0.0,0.0,0.0
3,16,2.8779000000000003,2.8779000000000003,1.0149427741731347,2.213096692538687,1.8629572258268656,0.0,0.3501394667118214,0.0,0.0,0.0
3,17,2.6,2.6,0.3702641789730494,2.2297358210269507,2.2297358210269507,0.0,0.0,0.0,0.0,0.0
3,18,2.4674000000000005,2.4674000000000005,0.36862666677750466,2.098773333222496,2.098773333222496,0.0,0.0,0.0,0.0,0.0
3,19,2.5596999999999994,2.5596999999999994,0.48577104243672986,2.0739289575632696,2.0739289575632696,0.0,0.0,0.0,0.0,0.0
3,20,2.3735,2.3735,0.22620706125290546,2.1472929387470945,2.1472929387470945,0.0,0.0,0.0,0.0,0.0
3,21,2.4331000000000005,2.4331000000000005,0.11278703556781863,2.486142271274514,2.320312964432182,0.0,0.16582930684233219,0.0,0.0,0.0
3,22,2.8314000000000004,2.8314000000000004,1.0147267664396644,2.2790695875434426,1.8166732335603362,0.0,0.4623963539831065,0.0,0.0,0.0
3,23,2.8305000000000002,2.8305000000000002,0.9147085813759434,2.2243255037731107,1.9157914186240568,0.0,0.3085340851490538,0.0,0.0,0.0
3,24,2.4875,2.4875,0.9129904370075684,2.211748030273645,1.5745095629924313,0.0,0.6372384672812136,0.0,0.0,0.0
4,1,2.1919,2.1919,0.1115047837398134,2.181134959253605,2.0803952162601864,0.0,0.10073974299341856,0.0,0.0,0.0
4,2,2.3535000000000004,2.3535000000000004,0.161574144507465,2.1919258554925354,2.1919258554925354,0.0,0.0,0.0,0.0,0.0
4,3,2.3467000000000002,2.3467000000000002,0.1625219655125849,2.1841780344874153,2.1841780344874153,0.0,0.0,0.0,0.0,0.0
4,4,2.3673,2.3673,0.17986389968644456,2.1874361003135556,2.1874361003135556,0.0,0.0,0.0,0.0,0.0
4,5,2.3906,2.3906,0.18697812151171744,2.2036218784882826,2.2036218784882826,0.0,0.0,0.0,0.0,0.0
4,6,2.4448,2.4448,1.0126787359824574,1.818950555888104,1.4321212640175425,0.0,0.3868292918705617,0.0,0.0,0.0
4,7,2.7338999999999993,2.7338999999999993,0.9142456176087175,2.304470434869738,1.8196543823912819,0.0,0.48481605247845594,0.0,0.0,0.0
4,8,2.904,2.904,0.9150703676158989,2.201470463595359,1.988929632384101,0.0,0.212540831211258,0.0,0.0,0.0
4,9,2.8355999999999995,2.8355999999999995,0.9147396118270991,2.2464473083961316,1.9208603881729003,0.0,0.3255869202232312,0.0,0.0,0.0
4,10,2.8120000000000003,2.8120000000000003,0.9145824680329875,2.0898721319498703,1.8974175319670128,0.0,0.19245459998285752,0.0,0.0,0.0
4,11,3.2861000000000007,3.2861000000000007,1.0643905771868538,2.221709422813147,2.221709422813147,0.0,0.0,0.0,0.0,0.0
4,12,3.2810000000000006,3.2810000000000006,1.094958455957134,2.1860415440428667,2.1860415440428667,0.0,0.0,0.0,0.0,0.0
4,13,3.2618,3.2618,1.0340855408969878,2.2277144591030122,2.2277144591030122,0.0,0.0,0.0,0.0,0.0
4,14,3.2360000000000007,3.2360000000000007,1.1656534698512377,2.070346530148763,2.070346530148763,0.0,0.0,0.0,0.0,0.0
4,15,3.2686,3.2686,1.0169443269713365,2.4053078853454437,2.251655673028664,0.0,0.15365221231677995,0.0,0.0,0.0
4,16,2.8779000000000003,2.8779000000000003,1.014936619885095,2.1884795403805595,1.862963380114905,0.0,0.32551616026565433,0.0,0.0,0.0
4,17,2.6,2.6,0.43528648796102054,2.1647135120389795,2.1647135120389795,0.0,0.0,0.0,0.0,0.0
4,18,2.4674000000000005,2.4674000000000005,0.35555674873965604,2.1118432512603444,2.1118432512603444,0.0,0.0,0.0,0.0,0.0
4,19,2.5596999999999994,2.5596999999999994,0.4251308701193519,2.1345691298806475,2.1345691298806475,0.0,0.0,0.0,0.0,0.0
4,20,2.3735,2.3735,0.14784598066865762,2.2256540193313423,2.2256540193313423,0.0,0.0,0.0,0.0,0.0
4,21,2.4331000000000005,2.4331000000000005,0.11276152896492833,2.3841158597132868,2.3203384710350723,0.0,0.06377738867821461,0.0,0.0,0.0
4,22,2.8314000000000004,2.8314000000000004,1.0147403870474967,2.333552018872815,1.8166596129525037,0.0,0.5168924059203113,0.0,0.0,0.0
4,23,2.8305000000000002,2.8305000000000002,0.9147106263055618,2.2325052222468393,1.9157893736944385,0.0,0.31671584855240087,0.0,0.0,0.0
4,24,2.4875,2.4875,0.9129502170474136,2.0508681896543486,1.574549782952586,0.0,0.4763184067017624,0.0,0.0,0.0
5,1,2.1919,2.1919,0.11151587173039251,2.225486921570013,2.0803841282696074,0.0,0.14510279330040537,0.0,0.0,0.0
5,2,2.3535000000000004,2.3535000000000004,0.14043867476957406,2.2130613252304263,2.2130613252304263,0.0,0.0,0.0,0.0,0.0
5,3,2.3467000000000002,2.3467000000000002,0.1702411239706234,2.176458876029377,2.176458876029377,0.0,0.0,0.0,0.0,0.0
5,4,2.3673,2.3673,0.15552094628141688,2.2117790537185833,2.2117790537185833,0.0,0.0,0.0,0.0,0.0
5,5,2.3906,2.3906,0.2780498671484035,2.1125501328515965,2.1125501328515965,0.0,0.0,0.0,0.0,0.0
5,6,2.4448,2.4448,1.012689083218771,1.8603395011415802,1.432110916781229,0.0,0.42822858436035127,0.0,0.0,0.0
5,7,2.7338999999999993,2.7338999999999993,0.9141980468679457,2.114187471782754,1.8197019531320535,0.0,0.2944855186507004,0.0,0.0,0.0
5,8,2.904,2.904,0.9150776395460667,2.2305581842668234,1.9889223604539332,0.0,0.24163582381289017,0.0,0.0,0.0
5,9,2.8355999999999995,2.8355999999999995,0.9147334716735649,2.2218866942594366,1.9208665283264346,0.0,0.30102016593300207,0.0,0.0,0.0
5,10,2.8120000000000003,2.8120000000000003,0.9146276456753012,2.270582701204856,1.8973723543246992,0.0,0.373210346880157,0.0,0.0,0.0
5,11,3.2861000000000007,3.2861000000000007,1.1987889957523126,2.087311004247688,2.087311004247688,0.0,0.0,0.0,0.0,0.0
5,12,3.2810000000000006,3.2810000000000006,1.0170117691063252,2.427076425300551,2.263988230893675,0.0,0.1630881944068754,0.0,0.0,0.0
5,13,3.2618,3.2618,1.0641078132259438,2.197692186774056,2.197692186774056,0.0,0.0,0.0,0.0,0.0
5,14,3.2360000000000007,3.2360000000000007,1.108805511965722,2.1271944880342786,2.1271944880342786,0.0,0.0,0.0,0.0,0.0
5,15,3.2686,3.2686,1.0169293035436282,2.345214174512268,2.251670696456372,0.0,0.09354347805589602,0.0,0.0,0.0
5,16,2.8779000000000003,2.8779000000000003,1.014972327322341,2.331309289363909,1.8629276726776594,0.0,0.46838161668624956,0.0,0.0,0.0
5,17,2.6,2.6,0.42326942838095727,2.176730571619043,2.176730571619043,0.0,0.0,0.0,0.0,0.0
5,18,2.4674000000000005,2.4674000000000005,0.33875262362919756,2.128647376370803,2.128647376370803,0.0,0.0,0.0,0.0,0.0
5,19,2.5596999999999994,2.5596999999999994,0.4281669086501734,2.131533091349826,2.131533091349826,0.0,0.0,0.0,0.0,0.0
5,20,2.3735,2.3735,0.22945002334021947,2.1440499766597805,2.1440499766597805,0.0,0.0,0.0,0.0,0.0
5,21,2.4331000000000005,2.4331000000000005,0.11276296325388219,2.389853015528688,2.3203370367461185,0.0,0.06951597878256982,0.0,0.0,0.0
5,22,2.8314000000000004,2.8314000000000004,1.0147309643930837,2.2958614012210043,1.8166690356069166,0.0,0.47919236561408773,0.0,0.0,0.0
5,23,2.8305000000000002,2.8305000000000002,0.9147174594405159,2.2598377620634746,1.9157825405594844,0.0,0.34405522150399026,0.0,0.0,0.0
5,24,2.4875,2.4875,0.9129597974994368,2.0891899977470785,1.574540202500563,0.0,0.5146497952465154,0.0,0.0,0.0
6,1,2.1919,2.1919,0.11152127268646157,2.2470907458462674,2.0803787273135383,0.0,0.16671201853272904,0.0,0.0,0.0
6,2,2.3535000000000004,2.3535000000000004,0.21934281818985468,2.1341571818101457,2.1341571818101457,0.0,0.0,0.0,0.0,0.0
6,3,2.3467000000000002,2.3467000000000002,0.16071971064574253,2.1859802893542577,2.1859802893542577,0.0,0.0,0.0,0.0,0.0
6,4,2.3673,2.3673,0.2670514473958838,2.1002485526041164,2.1002485526041164,0.0,0.0,0.0,0.0,0.0
6,5,2.3906,2.3906,0.28963383506076834,2.1009661649392317,2.1009661649392317,0.0,0.0,0.0,0.0,0.0
6,6,2.4448,2.4448,1.0126966827794517,1.8907377438642916,1.4321033172205482,0.0,0.4586344266437433,0.0,0.0,0.0
6,7,2.7338999999999993,2.7338999999999993,0.9141899484627357,2.081793850942884,1.8197100515372635,0.0,0.2620837994056203,0.0,0.0,0.0
6,8,2.904,2.904,0.9150289730786625,2.035892314649775,1.9889710269213374,0.0,0.04692128772843773,0.0,0.0,0.0
6,9,2.8355999999999995,2.8355999999999995,0.9147409042299443,2.2516169197769718,1.920859095770055,0.0,0.33075782400691656,0.0,0.0,0.0
6,10,2.8120000000000003,2.8120000000000003,0.9146999377135849,2.559750854339782,1.8973000622864153,0.0,0.6624507920533664,0.0,0.0,0.0
6,11,3.2861000000000007,3.2861000000000007,1.127017815934364,2.1590821840656367,2.1590821840656367,0.0,0.0,0.0,0.0,0.0
6,12,3.2810000000000006,3.2810000000000006,1.212448189001345,2.0685518109986556,2.0685518109986556,0.0,0.0,0.0,0.0,0.0
6,13,3.2618,3.2618,1.0206983297417875,2.2411016702582125,2.2411016702582125,0.0,0.0,0.0,0.0,0.0
6,14,3.2360000000000007,3.2360000000000007,1.096855062277271,2.1391449377227296,2.1391449377227296,0.0,0.0,0.0,0.0,0.0
6,15,3.2686,3.2686,1.0169345276087585,2.3661104350339395,2.2516654723912417,0.0,0.11444496264269777,0.0,0.0,0.0
6,16,2.8779000000000003,2.8779000000000003,1.0149448908263337,2.221563305334644,1.8629551091736667,0.0,0.3586081961609773,0.0,0.0,0.0
6,17,2.6,2.6,0.32399826981274726,2.276001730187253,2.276001730187253,0.0,0.0,0.0,0.0,0.0
6,18,2.4674000000000005,2.4674000000000005,0.30856483325633643,2.158835166743664,2.158835166743664,0.0,0.0,0.0,0.0,0.0
6,19,2.5596999999999994,2.5596999999999994,0.41022841605067617,2.1494715839493233,2.1494715839493233,0.0,0.0,0.0,0.0,0.0
6,20,2.3735,2.3735,0.31657572824997793,2.056924271750022,2.056924271750022,0.0,0.0,0.0,0.0,0.0
6,21,2.4331000000000005,2.4331000000000005,0.11278713622726727,2.4865449090690497,2.3203128637727333,0.0,0.16623204529631647,0.0,0.0,0.0
6,22,2.8314000000000004,2.8314000000000004,1.0147033757425215,2.1855067989713497,1.816696624257479,0.0,0.3688101747138707,0.0,0.0,0.0
6,23,2.8305000000000002,2.8305000000000002,0.914714712260779,2.2488490431159756,1.9157852877392212,0.0,0.33306375537675437,0.0,0.0,0.0
6,24,2.4875,2.4875,0.9129648437076536,2.10937483061426,1.5745351562923462,0.0,0.5348396743219137,0.0,0.0,0.0
7,1,2.1919,2.1919,0.11152064455452394,2.244578218095728,2.080379355445476,0.0,0.16419886265025185,0.0,0.0,0.0
7,2,2.3535000000000004,2.3535000000000004,0.17139897348478783,2.1821010265152125,2.1821010265152125,0.0,0.0,0.0,0.0,0.0
7,3,2.3467000000000002,2.3467000000000002,0.18944790804434275,2.1572520919556575,2.1572520919556575,0.0,0.0,0.0,0.0,0.0
7,4,2.3673,2.3673,0.21375515696077363,2.1535448430392266,2.1535448430392266,0.0,0.0,0.0,0.0,0.0
7,5,2.3906,2.3906,0.39265552008553595,1.997944479914464,1.997944479914464,0.0,0.0,0.0,0.0,0.0
7,6,2.4448,2.4448,1.0126601116611298,1.7444532705769278,1.43213988833887,0.0,0.3123133822380577,0.0,0.0,0.0
7,7,2.7338999999999993,2.7338999999999993,0.9142024112344525,2.1316449378098645,1.8196975887655469,0.0,0.31194734904431765,0.0,0.0,0.0
7,8,2.904,2.904,0.9150573963748095,2.1495854992381913,1.9889426036251905,0.0,0.16064289561300094,0.0,0.0,0.0
7,9,2.8355999999999995,2.8355999999999995,0.9147355660996437,2.230264398574575,1.9208644339003558,0.0,0.3093999646742194,0.0,0.0,0.0
7,10,2.8120000000000003,2.8120000000000003,0.914600084699287,2.160338797147915,1.8973999153007133,0.0,0.2629388818472018,0.0,0.0,0.0
7,11,3.2861000000000007,3.2861000000000007,1.0831555174120049,2.202944482587996,2.202944482587996,0.0,0.0,0.0,0.0,0.0
7,12,3.2810000000000006,3.2810000000000006,1.0286559156023207,2.25234408439768,2.25234408439768,0.0,0.0,0.0,0.0,0.0
7,13,3.2618,3.2618,1.0705124455015937,2.1912875544984063,2.1912875544984063,0.0,0.0,0.0,0.0,0.0
7,14,3.2360000000000007,3.2360000000000007,1.1611835563344401,2.0748164436655605,2.0748164436655605,0.0,0.0,0.0,0.0,0.0
7,15,3.2686,3.2686,1.0169195434713407,2.3061738853626714,2.2516804565286597,0.0,0.05449342883401187,0.0,0.0,0.0
7,16,2.8779000000000003,2.8779000000000003,1.0149798978745628,2.361591498251288,1.8629201021254373,0.0,0.49867139612585054,0.0,0.0,0.0
7,17,2.6,2.6,0.4164968994918823,2.183503100508118,2.183503100508118,0.0,0.0,0.0,0.0,0.0
7,18,2.4674000000000005,2.4674000000000005,0.30084216706944433,2.166557832930556,2.166557832930556,0.0,0.0,0.0,0.0,0.0
7,19,2.5596999999999994,2.5596999999999994,0.3614356743214029,2.1982643256785965,2.1982643256785965,0.0,0.0,0.0,0.0,0.0
7,20,2.3735,2.3735,0.2462261351051649,2.127273864894835,2.127273864894835,0.0,0.0,0.0,0.0,0.0
7,21,2.4331000000000005,2.4331000000000005,0.11275596968344934,2.3618787337973086,2.320344030316551,0.0,0.04153470348075747,0.0,0.0,0.0
7,22,2.8314000000000004,2.8314000000000004,1.0146819548736898,2.0998233236456647,1.8167180451263105,0.0,0.2831052785193542,0.0,0.0,0.0
7,23,2.8305000000000002,2.8305000000000002,0.9147378358303565,2.341343321426008,1.9157621641696436,0.0,0.4255811572563645,0.0,0.0,0.0
7,24,2.4875,2.4875,0.9130014512669121,2.2558050676482932,1.5744985487330876,0.0,0.6813065189152056,0.0,0.0,0.0
8,1,2.1919,2.1919,0.11152143934404224,2.247757376168903,2.0803785606559577,0.0,0.16737881551294542,0.0,0.0,0.0
8,2,2.3535000000000004,2.3535000000000004,0.36149632114990915,1.9920036788500912,1.9920036788500912,0.0,0.0,0.0,0.0,0.0
8,3,2.3467000000000002,2.3467000000000002,0.2078618239698149,2.1388381760301853,2.1388381760301853,0.0,0.0,0.0,0.0,0.0
8,4,2.3673,2.3673,0.265159376974871,2.102140623025129,2.102140623025129,0.0,0.0,0.0,0.0,0.0
8,5,2.3906,2.3906,0.2845700825094504,2.1060299174905497,2.1060299174905497,0.0,0.0,0.0,0.0,0.0
8,6,2.4448,2.4448,1.0126634979639415,1.7579984818238106,1.4321365020360584,0.0,0.3258619797877522,0.0,0.0,0.0
8,7,2.7338999999999993,2.7338999999999993,0.9141824714007146,2.051885602858304,1.8197175285992846,0.0,0.23216807425901942,0.0,0.0,0.0
8,8,2.904,2.904,0.9150524581895889,2.129832758355627,1.988947541810411,0.0,0.14088521654521613,0.0,0.0,0.0
8,9,2.8355999999999995,2.8355999999999995,0.914749455703646,2.2858228145836517,1.9208505442963535,0.0,0.3649722702872982,0.0,0.0,0.0
8,10,2.8120000000000003,2.8120000000000003,0.9146043144482376,2.177257792950571,1.8973956855517626,0.0,0.27986210739880835,0.0,0.0,0.0
8,11,3.2861000000000007,3.2861000000000007,1.1676244584825222,2.1184755415174785,2.1184755415174785,0.0,0.0,0.0,0.0,0.0
8,12,3.2810000000000006,3.2810000000000006,1.0405125053689117,2.240487494631089,2.240487494631089,0.0,0.0,0.0,0.0,0.0
8,13,3.2618,3.2618,1.037091143131748,2.224708856868252,2.224708856868252,0.0,0.0,0.0,0.0,0.0
8,14,3.2360000000000007,3.2360000000000007,1.0513571112433717,2.184642888756629,2.184642888756629,0.0,0.0,0.0,0.0,0.0
8,15,3.2686,3.2686,1.0169140942618031,2.2843770472122107,2.251685905738197,0.0,0.03269114147401353,0.0,0.0,0.0
8,16,2.8779000000000003,2.8779000000000003,1.0149780472840069,2.354189136027566,1.8629219527159935,0.0,0.49126718331157254,0.0,0.0,0.0
8,17,2.6,2.6,0.45397659194421225,2.146023408055788,2.146023408055788,0.0,0.0,0.0,0.0,0.0
8,18,2.4674000000000005,2.4674000000000005,0.3226129011171066,2.144787098882894,2.144787098882894,0.0,0.0,0.0,0.0,0.0
8,19,2.5596999999999994,2.5596999999999994,0.44364470516312204,2.1160552948368774,2.1160552948368774,0.0,0.0,0.0,0.0,0.0
8,20,2.3735,2.3735,0.2983977606331578,2.075102239366842,2.075102239366842,0.0,0.0,0.0,0.0,0.0
8,21,2.4331000000000005,2.4331000000000005,0.11275497234501594,2.3578893800637073,2.3203450276549846,0.0,0.03754435240872275,0.0,0.0,0.0
8,22,2.8314000000000004,2.8314000000000004,1.014741908502509,2.3396378389213823,1.8166580914974917,0.0,0.5229797474238908,0.0,0.0,0.0
8,23,2.8305000000000002,2.8305000000000002,0.9146990388214244,2.1861552856979216,1.9158009611785758,0.0,0.2703543245193458,0.0,0.0,0.0
8,24,2.4875,2.4875,0.9129863396799854,2.195358719941477,1.5745136603200143,0.0,0.6208450596214624,0.0,0.0,0.0
9,1,2.1919,2.1919,0.11151949104021289,2.2399641608515206,2.080380508959787,0.0,0.15958365189173354,0.0,0.0,0.0
9,2,2.3535000000000004,2.3535000000000004,0.1286192807269506,2.2248807192730498,2.2248807192730498,0.0,0.0,0.0,0.0,0.0
9,3,2.3467000000000002,2.3467000000000002,0.1361340020099049,2.2105659979900953,2.2105659979900953,0.0,0.0,0.0,0.0,0.0
9,4,2.3673,2.3673,0.1548112795094565,2.2124887204905437,2.2124887204905437,0.0,0.0,0.0,0.0,0.0
9,5,2.3906,2.3906,0.27121938985406135,2.1193806101459387,2.1193806101459387,0.0,0.0,0.0,0.0,0.0
9,6,2.4448,2.4448,1.0126638030410289,1.7592187901733156,1.432136196958971,0.0,0.32708259321434463,0.0,0.0,0.0
9,7,2.7338999999999993,2.7338999999999993,0.91419323398287,2.094935931479785,1.8197067660171293,0.0,0.2752291654626555,0.0,0.0,0.0
9,8,2.904,2.904,0.9150752320666002,2.220928266400782,1.9889247679333997,0.0,0.23200349846738244,0.0,0.0,0.0
9,9,2.8355999999999995,2.8355999999999995,0.91475218003793,2.2967201517197995,1.9208478199620695,0.0,0.37587233175773005,0.0,0.0,0.0
9,10,2.8120000000000003,2.8120000000000003,0.9146286339280467,2.27453571218659,1.8973713660719536,0.0,0.37716434611463634,0.0,0.0,0.0
9,11,3.2861000000000007,3.2861000000000007,1.1937498146564467,2.092350185343554,2.092350185343554,0.0,0.0,0.0,0.0,0.0
9,12,3.2810000000000006,3.2810000000000006,1.174499971252553,2.1065000287474476,2.1065000287474476,0.0,0.0,0.0,0.0,0.0
9,13,3.2618,3.2618,1.070338669561111,2.191461330438889,2.191461330438889,0.0,0.0,0.0,0.0,0.0
9,14,3.2360000000000007,3.2360000000000007,1.1256571102257062,2.1103428897742944,2.1103428897742944,0.0,0.0,0.0,0.0,0.0
9,15,3.2686,3.2686,1.0169210716752093,2.3122867008372427,2.251678928324791,0.0,0.06060777251245186,0.0,0.0,0.0
9,16,2.8779000000000003,2.8779000000000003,1.0149535298480599,2.256119392239438,1.8629464701519405,0.0,0.3931729220874973,0.0,0.0,0.0
9,17,2.6,2.6,0.5497150134385356,2.0502849865614645,2.0502849865614645,0.0,0.0,0.0,0.0,0.0
9,18,2.4674000000000005,2.4674000000000005,0.37280082153346816,2.0945991784665323,2.0945991784665323,0.0,0.0,0.0,0.0,0.0
9,19,2.5596999999999994,2.5596999999999994,0.40643175359111927,2.15326824640888,2.15326824640888,0.0,0.0,0.0,0.0,0.0
9,20,2.3735,2.3735,0.29301045825832883,2.080489541741671,2.080489541741671,0.0,0.0,0.0,0.0,0.0
9,21,2.4331000000000005,2.4331000000000005,0.1127533878163531,2.3515512654123905,2.3203466121836476,0.0,0.03120465322874308,0.0,0.0,0.0
9,22,2.8314000000000004,2.8314000000000004,1.0147084166699063,2.205670508510834,1.816691583330094,0.0,0.38897892518073973,0.0,0.0,0.0
9,23,2.8305000000000002,2.8305000000000002,0.914716847742454,2.257390969815999,1.9157831522575464,0.0,0.3416078175584528,0.0,0.0,0.0
9,24,2.4875,2.4875,0.9129609338765806,2.0937355063223135,1.5745390661234193,0.0,0.5191964401988943,0.0,0.0,0.0
10,1,2.1919,2.1919,0.11150852762107155,2.1961104842861574,2.0803914723789285,0.0,0.115719011907229,0.0,0.0,0.0
10,2,2.3535000000000004,2.3535000000000004,0.11233920686559115,2.2868274623645495,2.241160793134409,0.0,0.04566666923014026,0.0,0.0,0.0
10,3,2.3467000000000002,2.3467000000000002,0.18483816737989844,2.161861832620102,2.161861832620102,0.0,0.0,0.0,0.0,0.0
10,4,2.3673,2.3673,0.21908670903115368,2.1482132909688465,2.1482132909688465,0.0,0.0,0.0,0.0,0.0
10,5,2.3906,2.3906,0.11253046386503313,2.3098554601324572,2.278069536134967,0.0,0.031785923997490306,0.0,0.0,0.0
10,6,2.4448,2.4448,1.0126753142034919,1.8052634400255176,1.432124685796508,0.0,0.37313875422900966,0.0,0.0,0.0
10,7,2.7338999999999993,2.7338999999999993,0.9141899071702496,2.081628680998435,1.8197100928297498,0.0,0.2619185881686851,0.0,0.0,0.0
10,8,2.904,2.904,0.9150784542742298,2.233817096919104,1.98892154572577,0.0,0.24489555119333395,0.0,0.0,0.0
10,9,2.8355999999999995,2.8355999999999995,0.9147332976334552,2.2211905338207742,1.9208667023665442,0.0,0.30032383145423003,0.0,0.0,0.0
10,10,2.8120000000000003,2.8120000000000003,0.9146230703515387,2.2522814061545398,1.8973769296484617,0.0,0.35490447650607815,0.0,0.0,0.0
10,11,3.2861000000000007,3.2861000000000007,1.1653097077291164,2.1207902922708843,2.1207902922708843,0.0,0.0,0.0,0.0,0.0
10,12,3.2810000000000006,3.2810000000000006,1.0752511305565853,2.2057488694434153,2.2057488694434153,0.0,0.0,0.0,0.0,0.0
10,13,3.2618,3.2618,1.0169513070851808,2.569228340723217,2.244848692914819,0.0,0.3243796478083978,0.0,0.0,0.0
10,14,3.2360000000000007,3.2360000000000007,1.110715230062472,2.1252847699375286,2.1252847699375286,0.0,0.0,0.0,0.0,0.0
10,15,3.2686,3.2686,1.0788224906450843,2.189777509354916,2.189777509354916,0.0,0.0,0.0,0.0,0.0
10,16,2.8779000000000003,2.8779000000000003,1.0149559313582823,2.2657254331292203,1.862944068641718,0.0,0.40278136448750224,0.0,0.0,0.0
10,17,2.6,2.6,0.43286729941383983,2.1671327005861603,2.1671327005861603,0.0,0.0,0.0,0.0,0.0
10,18,2.4674000000000005,2.4674000000000005,0.41216211987217477,2.0552378801278257,2.0552378801278257,0.0,0.0,0.0,0.0,0.0
10,19,2.5596999999999994,2.5596999999999994,0.41161906329335585,2.1480809367066436,2.1480809367066436,0.0,0.0,0.0,0.0,0.0
10,20,2.3735,2.3735,0.22305230745019644,2.1504476925498035,2.1504476925498035,0.0,0.0,0.0,0.0,0.0
10,21,2.4331000000000005,2.4331000000000005,0.11275557728911328,2.3603091564530834,2.320344422710887,0.0,0.03996473374219617,0.0,0.0,0.0
10,22,2.8314000000000004,2.8314000000000004,1.0146839431744072,2.1077765265152406,1.8167160568255931,0.0,0.2910604696896475,0.0,0.0,0.0
10,23,2.8305000000000002,2.8305000000000002,0.9147239320639597,2.2857282558389755,1.9157760679360405,0.0,0.36995218790293505,0.0,0.0,0.0
10,24,2.4875,2.4875,0.9129799621737692,2.169848695076915,1.5745200378262307,0.0,0.5953286572506845,0.0,0.0,0.0
11,1,2.1919,2.1919,0.11152032472531989,2.243298901279565,2.08037967527468,0.0,0.16291922600488493,0.0,0.0,0.0
11,2,2.3535000000000004,2.3535000000000004,0.13732933551942583,2.2161706644805745,2.2161706644805745,0.0,0.0,0.0,0.0,0.0
11,3,2.3467000000000002,2.3467000000000002,0.15642857773052166,2.1902714222694786,2.1902714222694786,0.0,0.0,0.0,0.0,0.0
11,4,2.3673,2.3673,0.23458542790012737,2.132714572099873,2.132714572099873,0.0,0.0,0.0,0.0,0.0
11,5,2.3906,2.3906,0.24906861971025585,2.141531380289744,2.141531380289744,0.0,0.0,0.0,0.0,0.0
11,6,2.4448,2.4448,1.0126886445066408,1.8585846526203222,1.432111355493359,0.0,0.426473297126963,0.0,0.0,0.0
11,7,2.7338999999999993,2.7338999999999993,0.9141543010267057,1.9392041068226742,1.8197456989732936,0.0,0.11945840784938055,0.0,0.0,0.0
11,8,2.904,2.904,0.9150641070813271,2.176428325308322,1.988935892918673,0.0,0.1874924323896493,0.0,0.0,0.0
11,9,2.8355999999999995,2.8355999999999995,0.9147547653956065,2.3070615824262037,1.920845234604393,0.0,0.3862163478218108,0.0,0.0,0.0
11,10,2.8120000000000003,2.8120000000000003,0.9145909747002471,2.123898800988316,1.897409025299753,0.0,0.226489775688563,0.0,0.0,0.0
11,11,3.2861000000000007,3.2861000000000007,1.1284164734813245,2.1576835265186762,2.1576835265186762,0.0,0.0,0.0,0.0,0.0
11,12,3.2810000000000006,3.2810000000000006,1.016978977530838,2.295910123351393,2.2640210224691626,0.0,0.031889100882230514,0.0,0.0,0.0
11,13,3.2618,3.2618,1.056538682819315,2.205261317180685,2.205261317180685,0.0,0.0,0.0,0.0,0.0
11,14,3.2360000000000007,3.2360000000000007,1.138241802388325,2.0977581976116757,2.0977581976116757,0.0,0.0,0.0,0.0,0.0
11,15,3.2686,3.2686,1.016915225709073,2.2889028362920505,2.2516847742909274,0.0,0.03721806200112332,0.0,0.0,0.0
11,16,2.8779000000000003,2.8779000000000003,1.0149500304777332,2.2421219109332102,1.8629499695222669,0.0,0.37917194141094324,0.0,0.0,0.0
11,17,2.6,2.6,0.45399799930193163,2.1460020006980685,2.1460020006980685,0.0,0.0,0.0,0.0,0.0
11,18,2.4674000000000005,2.4674000000000005,0.2986085016563531,2.1687914983436474,2.1687914983436474,0.0,0.0,0.0,0.0,0.0
11,19,2.5596999999999994,2.5596999999999994,0.42779618181179524,2.131903818188204,2.131903818188204,0.0,0.0,0.0,0.0,0.0
11,20,2.3735,2.3735,0.2818327386262105,2.0916672613737894,2.0916672613737894,0.0,0.0,0.0,0.0,0.0
11,21,2.4331000000000005,2.4331000000000005,0.11276686748953167,2.4054699581266394,2.320333132510469,0.0,0.08513682561617063,0.0,0.0,0.0
11,22,2.8314000000000004,2.8314000000000004,1.0147064433365154,2.1977771749470514,1.816693556663485,0.0,0.3810836182835663,0.0,0.0,0.0
11,23,2.8305000000000002,2.8305000000000002,0.9147127286524828,2.2409146099309587,1.9157872713475175,0.0,0.3251273385834412,0.0,0.0,0.0
11,24,2.4875,2.4875,0.9129574613574728,2.0798454298912015,1.5745425386425271,0.0,0.5053028912486744,0.0,0.0,0.0
12,1,2.1919,2.1919,0.11154443396551701,2.3397358620680158,2.080355566034483,0.0,0.2593802960335328,0.0,0.0,0.0
12,2,2.3535000000000004,2.3535000000000004,0.22281532706028218,2.130684672939718,2.130684672939718,0.0,0.0,0.0,0.0,0.0
12,3,2.3467000000000002,2.3467000000000002,0.16920060859595099,2.1774993914040492,2.1774993914040492,0.0,0.0,0.0,0.0,0.0
12,4,2.3673,2.3673,0.21602074245729774,2.1512792575427024,2.1512792575427024,0.0,0.0,0.0,0.0,0.0
12,5,2.3906,2.3906,0.26114860675724305,2.129451393242757,2.129451393242757,0.0,0.0,0.0,0.0,0.0
12,6,2.4448,2.4448,1.0126885939449517,1.8583824058649938,1.4321114060550482,0.0,0.42627099980994576,0.0,0.0,0.0
12,7,2.7338999999999993,2.7338999999999993,0.9141877796807524,2.0731187230094075,1.8197122203192468,0.0,0.2534065026901605,0.0,0.0,0.0
12,8,2.904,2.904,0.9150772952208008,2.2291808832032873,1.988922704779199,0.0,0.24025817842408825,0.0,0.0,0.0
12,9,2.8355999999999995,2.8355999999999995,0.9147348665833333,2.227466333333035,1.9208651334166662,0.0,0.3066011999163689,0.0,0.0,0.0
12,10,2.8120000000000003,2.8120000000000003,0.9146042285319278,2.17691412771112,1.8973957714680725,0.0,0.27951835624304744,0.0,0.0,0.0
12,11,3.2861000000000007,3.2861000000000007,1.0836482487869432,2.2024517512130575,2.2024517512130575,0.0,0.0,0.0,0.0,0.0
12,12,3.2810000000000006,3.2810000000000006,1.1163190578828028,2.1646809421171977,2.1646809421171977,0.0,0.0,0.0,0.0,0.0
12,13,3.2618,3.2618,1.0168801769221507,2.2847076886026843,2.2449198230778493,0.0,0.03978786552483493,0.0,0.0,0.0
12,14,3.2360000000000007,3.2360000000000007,1.0343951413317156,2.201604858668285,2.201604858668285,0.0,0.0,0.0,0.0,0.0
12,15,3.2686,3.2686,1.0169233256445596,2.3213025782384538,2.2516766743554406,0.0,0.06962590388301315,0.0,0.0,0.0
12,16,2.8779000000000003,2.8779000000000003,1.0149491758946818,2.2387035787270557,1.8629508241053185,0.0,0.3757527546217372,0.0,0.0,0.0
12,17,2.6,2.6,0.2304002018561424,2.3695997981438577,2.3695997981438577,0.0,0.0,0.0,0.0,0.0
12,18,2.4674000000000005,2.4674000000000005,0.3532686370348399,2.1141313629651606,2.1141313629651606,0.0,0.0,0.0,0.0,0.0
12,19,2.5596999999999994,2.5596999999999994,0.46821736233862987,2.0914826376613695,2.0914826376613695,0.0,0.0,0.0,0.0,0.0
12,20,2.3735,2.3735,0.3092019498732359,2.064298050126764,2.064298050126764,0.0,0.0,0.0,0.0,0.0
12,21,2.4331000000000005,2.4331000000000005,0.11277180701655166,2.425228066206605,2.3203281929834487,0.0,0.10489987322315598,0.0,0.0,0.0
12,22,2.8314000000000004,2.8314000000000004,1.0146470905597211,1.9603660677707555,1.8167529094402792,0.0,0.14361315833047628,0.0,0.0,0.0
12,23,2.8305000000000002,2.8305000000000002,0.914711679632903,2.2367185316117184,1.9157883203670973,0.0,0.3209302112446212,0.0,0.0,0.0
12,24,2.4875,2.4875,0.9129673554309864,2.119421723945426,1.5745326445690133,0.0,0.5448890793764124,0.0,0.0,0.0
13,1,2.1919,2.1919,0.1115113639209437,2.2074556837747883,2.080388636079056,0.0,0.12706704769573202,0.0,0.0,0.0
13,2,2.3535000000000004,2.3535000000000004,0.11620792554847403,2.2372920744515263,2.2372920744515263,0.0,0.0,0.0,0.0,0.0
13,3,2.3467000000000002,2.3467000000000002,0.1930885719649562,2.153611428035044,2.153611428035044,0.0,0.0,0.0,0.0,0.0
13,4,2.3673,2.3673,0.2517338624038561,2.115566137596144,2.115566137596144,0.0,0.0,0.0,0.0,0.0
13,5,2.3906,2.3906,0.28138094214939446,2.1092190578506056,2.1092190578506056,0.0,0.0,0.0,0.0,0.0
13,6,2.4448,2.4448,1.0127053133395436,1.925259984232093,1.4320946866604563,0.0,0.49316529757163663,0.0,0.0,0.0
13,7,2.7338999999999993,2.7338999999999993,0.9141889183880978,2.077673552390885,1.8197110816119015,0.0,0.2579624707789834,0.0,0.0,0.0
13,8,2.904,2.904,0.9150751795574551,2.2207182298201458,1.988924820442545,0.0,0.23179340937760096,0.0,0.0,0.0
13,9,2.8355999999999995,2.8355999999999995,0.9147642054396379,2.344821758551591,1.9208357945603616,0.0,0.42398596399122934,0.0,0.0,0.0
13,10,2.8120000000000003,2.8120000000000003,0.9146192743358564,2.2370973434257695,1.897380725664144,0.0,0.33971661776162565,0.0,0.0,0.0
13,11,3.2861000000000007,3.2861000000000007,1.1287960506425216,2.157303949357479,2.157303949357479,0.0,0.0,0.0,0.0,0.0
13,12,3.2810000000000006,3.2810000000000006,1.1267714613072704,2.1542285386927302,2.1542285386927302,0.0,0.0,0.0,0.0,0.0
13,13,3.2618,3.2618,1.016899479675367,2.3619187014677365,2.244900520324633,0.0,0.11701818114310347,0.0,0.0,0.0
13,14,3.2360000000000007,3.2360000000000007,1.04688116442893,2.1891188355710707,2.1891188355710707,0.0,0.0,0.0,0.0,0.0
13,15,3.2686,3.2686,1.0425896145677678,2.2260103854322324,2.2260103854322324,0.0,0.0,0.0,0.0,0.0
13,16,2.8779000000000003,2.8779000000000003,1.014965263809833,2.3030552393320463,1.8629347361901674,0.0,0.44012050314187895,0.0,0.0,0.0
13,17,2.6,2.6,0.4678270071442783,2.132172992855722,2.132172992855722,0.0,0.0,0.0,0.0,0.0
13,18,2.4674000000000005,2.4674000000000005,0.28148589072997376,2.1859141092700267,2.1859141092700267,0.0,0.0,0.0,0.0,0.0
13,19,2.5596999999999994,2.5596999999999994,0.44457008269271947,2.11512991730728,2.11512991730728,0.0,0.0,0.0,0.0,0.0
13,20,2.3735,2.3735,0.30575059336971133,2.0677494066302886,2.0677494066302886,0.0,0.0,0.0,0.0,0.0
13,21,2.4331000000000005,2.4331000000000005,0.11276840646772197,2.41162587088788,2.3203315935322784,0.0,0.09129427735560143,0.0,0.0,0.0
13,22,2.8314000000000004,2.8314000000000004,1.0147073561087812,2.2014282640107723,1.8166926438912192,0.0,0.3847356201195531,0.0,0.0,0.0
13,23,2.8305000000000002,2.8305000000000002,0.9147336247354686,2.3244989418742863,1.9157663752645315,0.0,0.40873256660975466,0.0,0.0,0.0
13,24,2.4875,2.4875,0.9129849182382024,2.189672952809507,1.5745150817617974,0.0,0.6151578710477097,0.0,0.0,0.0
14,1,2.1919,2.1919,0.11151250402571786,2.2120161028714334,2.080387495974282,0.0,0.13162860689715125,0.0,0.0,0.0
14,2,2.3535000000000004,2.3535000000000004,0.11233157286616628,2.256291464665077,2.241168427133834,0.0,0.015123037531243042,0.0,0.0,0.0
14,3,2.3467000000000002,2.3467000000000002,0.27706290001360756,2.0696370999863927,2.0696370999863927,0.0,0.0,0.0,0.0,0.0
14,4,2.3673,2.3673,0.16048524706950484,2.2068147529304953,2.2068147529304953,0.0,0.0,0.0,0.0,0.0
14,5,2.3906,2.3906,0.2776549352441302,2.11294506475587,2.11294506475587,0.0,0.0,0.0,0.0,0.0
14,6,2.4448,2.4448,1.01268748610665,1.8539510526574934,1.43211251389335,0.0,0.42183853876414346,0.0,0.0,0.0
14,7,2.7338999999999993,2.7338999999999993,0.9141854276566128,2.0637106264510545,1.8197145723433865,0.0,0.243996054107668,0.0,0.0,0.0
14,8,2.904,2.904,0.9150668446564991,2.1873786259965,1.9889331553435008,0.0,0.198445470652999,0.0,0.0,0.0
14,9,2.8355999999999995,2.8355999999999995,0.9146935961582479,2.0623846329914484,1.9209064038417516,0.0,0.14147822914969677,0.0,0.0,0.0
14,10,2.8120000000000003,2.8120000000000003,0.9146281571654468,2.272628661787075,1.8973718428345534,0.0,0.3752568189525215,0.0,0.0,0.0
14,11,3.2861000000000007,3.2861000000000007,1.2463247459010933,2.0397752540989074,2.0397752540989074,0.0,0.0,0.0,0.0,0.0
14,12,3.2810000000000006,3.2810000000000006,1.0730869283409676,2.207913071659033,2.207913071659033,0.0,0.0,0.0,0.0,0.0
14,13,3.2618,3.2618,1.0779513405383434,2.1838486594616566,2.1838486594616566,0.0,0.0,0.0,0.0,0.0
14,14,3.2360000000000007,3.2360000000000007,1.128473615075869,2.1075263849241317,2.1075263849241317,0.0,0.0,0.0,0.0,0.0
14,15,3.2686,3.2686,1.0169485354131782,2.4221416527125736,2.251651464586822,0.0,0.17049018812575156,0.0,0.0,0.0
14,16,2.8779000000000003,2.8779000000000003,1.014922640945881,2.1325637835238007,1.8629773590541194,0.0,0.26958642446968134,0.0,0.0,0.0
14,17,2.6,2.6,0.5076310386853486,2.0923689613146514,2.0923689613146514,0.0,0.0,0.0,0.0,0.0
14,18,2.4674000000000005,2.4674000000000005,0.3349346072358306,2.13246539276417,2.13246539276417,0.0,0.0,0.0,0.0,0.0
14,19,2.5596999999999994,2.5596999999999994,0.35875548368967314,2.2009445163103263,2.2009445163103263,0.0,0.0,0.0,0.0,0.0
14,20,2.3735,2.3735,0.32503936684325163,2.0484606331567483,2.0484606331567483,0.0,0.0,0.0,0.0,0.0
14,21,2.4331000000000005,2.4331000000000005,0.11275314601799488,2.3505840719795046,2.320346853982006,0.0,0.030237217997498983,0.0,0.0,0.0
14,22,2.8314000000000004,2.8314000000000004,1.0147033984760185,2.185597732960396,1.8166966015239818,0.0,0.3689011314364141,0.0,0.0,0.0
14,23,2.8305000000000002,2.8305000000000002,0.914703656361263,2.204625445052139,1.9157963436387373,0.0,0.288829101413402,0.0,0.0,0.0
14,24,2.4875,2.4875,0.9129702783140604,2.1311132562417296,1.5745297216859395,0.0,0.5565835345557902,0.0,0.0,0.0
15,1,2.1919,2.1919,0.11152233688838456,2.2513475535381913,2.0803776631116153,0.0,0.17096989042657587,0.0,0.0,0.0
15,2,2.3535000000000004,2.3535000000000004,0.15762005632207554,2.195879943677925,2.195879943677925,0.0,0.0,0.0,0.0,0.0
15,3,2.3467000000000002,2.3467000000000002,0.42096468069875836,1.9257353193012419,1.9257353193012419,0.0,0.0,0.0,0.0,0.0
15,4,2.3673,2.3673,0.21756301141486922,2.149736988585131,2.149736988585131,0.0,0.0,0.0,0.0,0.0
15,5,2.3906,2.3906,0.3809069022889391,2.009693097711061,2.009693097711061,0.0,0.0,0.0,0.0,0.0
15,6,2.4448,2.4448,1.0126932365688215,1.876952901343571,1.4321067634311784,0.0,0.4448461379123926,0.0,0.0,0.0
15,7,2.7338999999999993,2.7338999999999993,0.9142124489567116,2.1717958268464095,1.8196875510432877,0.0,0.35210827580312176,0.0,0.0,0.0
15,8,2.904,2.904,0.9150585350967446,2.1541403869783564,1.9889414649032553,0.0,0.16519892207510112,0.0,0.0,0.0
15,9,2.8355999999999995,2.8355999999999995,0.9147476518691499,2.2786074765991766,1.9208523481308495,0.0,0.357755128468327,0.0,0.0,0.0
15,10,2.8120000000000003,2.8120000000000003,0.914619366332149,2.2374653285960453,1.8973806336678511,0.0,0.34008469492819404,0.0,0.0,0.0
15,11,3.2861000000000007,3.2861000000000007,1.017004129297372,2.2945171894876557,2.2690958707026287,0.0,0.02542131878502696,0.0,0.0,0.0
15,12,3.2810000000000006,3.2810000000000006,1.0758968324281701,2.2051031675718304,2.2051031675718304,0.0,0.0,0.0,0.0,0.0
15,13,3.2618,3.2618,1.0168782843374784,2.2771373499133523,2.244921715662522,0.0,0.032215634250830516,0.0,0.0,0.0
15,14,3.2360000000000007,3.2360000000000007,1.0747391382396012,2.1612608617603994,2.1612608617603994,0.0,0.0,0.0,0.0,0.0
15,15,3.2686,3.2686,1.0169431075868887,2.4004303475540785,2.2516568924131115,0.0,0.14877345514096685,0.0,0.0,0.0
15,16,2.8779000000000003,2.8779000000000003,1.014959493550044,2.279974200175393,1.8629405064499565,0.0,0.4170336937254364,0.0,0.0,0.0
15,17,2.6,2.6,0.4321250225343771,2.167874977465623,2.167874977465623,0.0,0.0,0.0,0.0,0.0
15,18,2.4674000000000005,2.4674000000000005,0.3378707211715182,2.1295292788284823,2.1295292788284823,0.0,0.0,0.0,0.0,0.0
15,19,2.5596999999999994,2.5596999999999994,0.5831211785636539,1.9765788214363456,1.9765788214363456,0.0,0.0,0.0,0.0,0.0
15,20,2.3735,2.3735,0.24612545668068497,2.127374543319315,2.127374543319315,0.0,0.0,0.0,0.0,0.0
15,21,2.4331000000000005,2.4331000000000005,0.11278551130150095,2.480045206003772,2.3203144886984997,0.0,0.15973071730527233,0.0,0.0,0.0
15,22,2.8314000000000004,2.8314000000000004,1.0147116296625018,2.218522478892819,1.8166883703374985,0.0,0.4018341085553202,0.0,0.0,0.0
15,23,2.8305000000000002,2.8305000000000002,0.9147060510487489,2.214204194995474,1.9157939489512512,0.0,0.2984102460442227,0.0,0.0,0.0
15,24,2.4875,2.4875,0.9129725044091704,2.140017636681846,1.5745274955908295,0.0,0.5654901410910168,0.0,0.0,0.0
16,1,2.1919,2.1919,0.11150821588448023,2.1948635379209023,2.0803917841155197,0.0,0.11447175380538255,0.0,0.0,0.0
16,2,2.3535000000000004,2.3535000000000004,0.11233325531534023,2.2630212613609126,2.24116674468466,0.0,0.021854516676252503,0.0,0.0,0.0
16,3,2.3467000000000002,2.3467000000000002,0.11231128616187988,2.3111446475194994,2.23438871383812,0.0,0.07675593368137909,0.0,0.0,0.0
16,4,2.3673,2.3673,0.2332789315004824,2.134021068499518,2.134021068499518,0.0,0.0,0.0,0.0,0.0
16,5,2.3906,2.3906,0.20526482768339882,2.1853351723166012,2.1853351723166012,0.0,0.0,0.0,0.0,0.0
16,6,2.4448,2.4448,1.0126731476055804,1.7965970483791995,1.4321268523944195,0.0,0.36447019598478003,0.0,0.0,0.0
16,7,2.7338999999999993,2.7338999999999993,0.9142165620711373,2.188248284549263,1.819683437928862,0.0,0.368564846620401,0.0,0.0,0.0
16,8,2.904,2.904,0.915040793277567,2.0831731102678663,1.9889592067224329,0.0,0.09421390354543346,0.0,0.0,0.0
16,9,2.8355999999999995,2.8355999999999995,0.9147337925168662,2.2231700674644115,1.9208662074831333,0.0,0.3023038599812782,0.0,0.0,0.0
16,10,2.8120000000000003,2.8120000000000003,0.914620655621545,2.242622486180169,1.8973793443784552,0.0,0.34524314180171367,0.0,0.0,0.0
16,11,3.2861000000000007,3.2861000000000007,1.1354562110782953,2.1506437889217054,2.1506437889217054,0.0,0.0,0.0,0.0,0.0
16,12,3.2810000000000006,3.2810000000000006,1.1506759989019222,2.1303240010980784,2.1303240010980784,0.0,0.0,0.0,0.0,0.0
16,13,3.2618,3.2618,1.0168885590493846,2.318236197537974,2.2449114409506157,0.0,0.0733247565873586,0.0,0.0,0.0
16,14,3.2360000000000007,3.2360000000000007,1.102513049165927,2.1334869508340737,2.1334869508340737,0.0,0.0,0.0,0.0,0.0
16,15,3.2686,3.2686,1.0169226454545237,2.318581818094229,2.2516773545454765,0.0,0.06690446354875224,0.0,0.0,0.0
16,16,2.8779000000000003,2.8779000000000003,1.0149760529403746,2.346211761498477,1.8629239470596257,0.0,0.48328781443885127,0.0,0.0,0.0
16,17,2.6,2.6,0.4159245296371834,2.1840754703628167,2.1840754703628167,0.0,0.0,0.0,0.0,0.0
16,18,2.4674000000000005,2.4674000000000005,0.33126847912042257,2.136131520879578,2.136131520879578,0.0,0.0,0.0,0.0,0.0
16,19,2.5596999999999994,2.5596999999999994,0.3167291329677768,2.2429708670322226,2.2429708670322226,0.0,0.0,0.0,0.0,0.0
16,20,2.3735,2.3735,0.2073460240374443,2.1661539759625557,2.1661539759625557,0.0,0.0,0.0,0.0,0.0
16,21,2.4331000000000005,2.4331000000000005,0.1670199080355994,2.266080091964401,2.266080091964401,0.0,0.0,0.0,0.0,0.0
16,22,2.8314000000000004,2.8314000000000004,1.0147042108905298,2.1888473910047903,1.8166957891094708,0.0,0.3721516018953196,0.0,0.0,0.0
16,23,2.8305000000000002,2.8305000000000002,0.9147104306363125,2.231722545249813,1.9157895693636877,0.0,0.3159329758861251,0.0,0.0,0.0
16,24,2.4875,2.4875,0.9130247965483855,2.3491861935421947,1.5744752034516143,0.0,0.7747109900905804,0.0,0.0,0.0
17,1,2.1919,2.1919,0.11148935115865315,2.1194046346125743,2.080410648841347,0.0,0.03899398577122752,0.0,0.0,0.0
17,2,2.3535000000000004,2.3535000000000004,0.15064486873902805,2.2028551312609723,2.2028551312609723,0.0,0.0,0.0,0.0,0.0
17,3,2.3467000000000002,2.3467000000000002,0.11229885662054873,2.2614264821948855,2.2344011433794515,0.0,0.027025338815434008,0.0,0.0,0.0
17,4,2.3673,2.3673,0.24161856093020528,2.125681439069795,2.125681439069795,0.0,0.0,0.0,0.0,0.0
17,5,2.3906,2.3906,0.3676920398244472,2.022907960175553,2.022907960175553,0.0,0.0,0.0,0.0,0.0
17,6,2.4448,2.4448,1.0127129483929171,1.9558001977263246,1.4320870516070827,0.0,0.5237131461192419,0.0,0.0,0.0
17,7,2.7338999999999993,2.7338999999999993,0.9141929746566859,2.093898626743659,1.8197070253433134,0.0,0.2741916014003456,0.0,0.0,0.0
17,8,2.904,2.904,0.9150490085453077,2.1160341812308583,1.9889509914546921,0.0,0.12708318977616606,0.0,0.0,0.0
17,9,2.8355999999999995,2.8355999999999995,0.914749395374495,2.2855814979795244,1.9208506046255045,0.0,0.36473089335401987,0.0,0.0,0.0
17,10,2.8120000000000003,2.8120000000000003,0.914615707538393,2.222830153572232,1.8973842924616071,0.0,0.3254458611106247,0.0,0.0,0.0
17,11,3.2861000000000007,3.2861000000000007,1.1513176798336184,2.1347823201663823,2.1347823201663823,0.0,0.0,0.0,0.0,0.0
17,12,3.2810000000000006,3.2810000000000006,1.1402567952185225,2.140743204781478,2.140743204781478,0.0,0.0,0.0,0.0,0.0
17,13,3.2618,3.2618,1.036693050840444,2.225106949159556,2.225106949159556,0.0,0.0,0.0,0.0,0.0
17,14,3.2360000000000007,3.2360000000000007,1.1479299449774012,2.0880700550225995,2.0880700550225995,0.0,0.0,0.0,0.0,0.0
17,15,3.2686,3.2686,1.0169103256559866,2.2693026239458143,2.251689674344014,0.0,0.017612949601800598,0.0,0.0,0.0
17,16,2.8779000000000003,2.8779000000000003,1.014957721193646,2.2728847745840266,1.8629422788063543,0.0,0.4099424957776723,0.0,0.0,0.0
17,17,2.6,2.6,0.4267027184537673,2.173297281546233,2.173297281546233,0.0,0.0,0.0,0.0,0.0
17,18,2.4674000000000005,2.4674000000000005,0.35725453612410796,2.1101454638758925,2.1101454638758925,0.0,0.0,0.0,0.0,0.0
17,19,2.5596999999999994,2.5596999999999994,0.5853809504780252,1.9743190495219742,1.9743190495219742,0.0,0.0,0.0,0.0,0.0
17,20,2.3735,2.3735,0.27926382109538483,2.094236178904615,2.094236178904615,0.0,0.0,0.0,0.0,0.0
17,21,2.4331000000000005,2.4331000000000005,0.11275608898771514,2.3623559508604837,2.3203439110122854,0.0,0.04201203984819832,0.0,0.0,0.0
17,22,2.8314000000000004,2.8314000000000004,1.01474533534841,2.353345222525206,1.8166546646515904,0.0,0.5366905578736153,0.0,0.0,0.0
17,23,2.8305000000000002,2.8305000000000002,0.914702638195032,2.200552780127545,1.9157973618049682,0.0,0.28475541832257656,0.0,0.0,0.0
17,24,2.4875,2.4875,0.9129792685535233,2.167074214093167,1.5745207314464764,0.0,0.5925534826466906,0.0,0.0,0.0
18,1,2.1919,2.1919,0.11150555245689074,2.184209827562927,2.0803944475431093,0.0,0.10381538001981792,0.0,0.0,0.0
18,2,2.3535000000000004,2.3535000000000004,0.16861566805909245,2.184884331940908,2.184884331940908,0.0,0.0,0.0,0.0,0.0
18,3,2.3467000000000002,2.3467000000000002,0.1806776396923242,2.166022360307676,2.166022360307676,0.0,0.0,0.0,0.0,0.0
18,4,2.3673,2.3673,0.16741267936663728,2.199887320633363,2.199887320633363,0.0,0.0,0.0,0.0,0.0
18,5,2.3906,2.3906,0.26455381317280136,2.1260461868271987,2.1260461868271987,0.0,0.0,0.0,0.0,0.0
18,6,2.4448,2.4448,1.0126894772449189,1.8619156057333355,1.432110522755081,0.0,0.4298050829782545,0.0,0.0,0.0
18,7,2.7338999999999993,2.7338999999999993,0.9141993799307782,2.1195197231125427,1.8197006200692212,0.0,0.2998191030433215,0.0,0.0,0.0
18,8,2.904,2.904,0.9150604065994936,2.1616263979743433,1.9889395934005063,0.0,0.172686804573837,0.0,0.0,0.0
18,9,2.8355999999999995,2.8355999999999995,0.9147491939029897,2.284775611958906,1.9208508060970098,0.0,0.36392480586189624,0.0,0.0,0.0
18,10,2.8120000000000003,2.8120000000000003,0.9146110838714898,2.2043354859592084,1.8973889161285105,0.0,0.3069465698306979,0.0,0.0,0.0
18,11,3.2861000000000007,3.2861000000000007,1.2084530228120367,2.077646977187964,2.077646977187964,0.0,0.0,0.0,0.0,0.0
18,12,3.2810000000000006,3.2810000000000006,1.0970575657356614,2.183942434264339,2.183942434264339,0.0,0.0,0.0,0.0,0.0
18,13,3.2618,3.2618,1.016879922361374,2.2836894454963113,2.2449200776386258,0.0,0.038769367857685255,0.0,0.0,0.0
18,14,3.2360000000000007,3.2360000000000007,1.033006460227734,2.2029935397722666,2.2029935397722666,0.0,0.0,0.0,0.0,0.0
18,15,3.2686,3.2686,1.0169238833106928,2.3235332427708286,2.2516761166893073,0.0,0.07185712608152117,0.0,0.0,0.0
18,16,2.8779000000000003,2.8779000000000003,1.0149520786794441,2.2503147177765683,1.8629479213205562,0.0,0.38736679645601213,0.0,0.0,0.0
18,17,2.6,2.6,0.4777684313157713,2.122231568684229,2.122231568684229,0.0,0.0,0.0,0.0,0.0
18,18,2.4674000000000005,2.4674000000000005,0.24695404747351457,2.220445952526486,2.220445952526486,0.0,0.0,0.0,0.0,0.0
18,19,2.5596999999999994,2.5596999999999994,0.4546635656822522,2.1050364343177472,2.1050364343177472,0.0,0.0,0.0,0.0,0.0
18,20,2.3735,2.3735,0.13329963629217767,2.2402003637078223,2.2402003637078223,0.0,0.0,0.0,0.0,0.0
18,21,2.4331000000000005,2.4331000000000005,0.11276684577367158,2.40538309468626,2.320333154226329,0.0,0.0850499404599313,0.0,0.0,0.0
18,22,2.8314000000000004,2.8314000000000004,1.014696035309351,2.156145066290294,1.8167039646906493,0.0,0.3394411015996448,0.0,0.0,0.0
18,23,2.8305000000000002,2.8305000000000002,0.9147138118373673,2.245247349469262,1.9157861881626328,0.0,0.32946116130662906,0.0,0.0,0.0
18,24,2.4875,2.4875,0.9129695606243506,2.1282424974026055,1.5745304393756492,0.0,0.5537120580269563,0.0,0.0,0.0
19,1,2.1919,2.1919,0.11151653432371496,2.2281372948597973,2.080383465676285,0.0,0.14775382918351226,0.0,0.0,0.0
19,2,2.3535000000000004,2.3535000000000004,0.11232956193830931,2.248247753237238,2.2411704380616913,0.0,0.0070773151755469665,0.0,0.0,0.0
19,3,2.3467000000000002,2.3467000000000002,0.15787806557955264,2.1888219344204476,2.1888219344204476,0.0,0.0,0.0,0.0,0.0
19,4,2.3673,2.3673,0.25086893482361905,2.116431065176381,2.116431065176381,0.0,0.0,0.0,0.0,0.0
19,5,2.3906,2.3906,0.2070796974535094,2.1835203025464907,2.1835203025464907,0.0,0.0,0.0,0.0,0.0
19,6,2.4448,2.4448,1.0126733034661357,1.7972204906006382,1.4321266965338642,0.0,0.365093794066774,0.0,0.0,0.0
19,7,2.7338999999999993,2.7338999999999993,0.9141833524198353,2.0554096793409125,1.819716647580164,0.0,0.2356930317607484,0.0,0.0,0.0
19,8,2.904,2.904,0.9150708041400641,2.203216560256267,1.9889291958599358,0.0,0.21428736439633123,0.0,0.0,0.0
19,9,2.8355999999999995,2.8355999999999995,0.9147593457870449,2.3253831481794207,1.9208406542129546,0.0,0.40454249396646613,0.0,0.0,0.0
19,10,2.8120000000000003,2.8120000000000003,0.9146189448219594,2.2357792878375355,1.897381055178041,0.0,0.33839823265949465,0.0,0.0,0.0
19,11,3.2861000000000007,3.2861000000000007,1.103919693113109,2.1821803068868917,2.1821803068868917,0.0,0.0,0.0,0.0,0.0
19,12,3.2810000000000006,3.2810000000000006,1.1782533993647792,2.1027466006352213,2.1027466006352213,0.0,0.0,0.0,0.0,0.0
19,13,3.2618,3.2618,1.0168800137260117,2.284054904046387,2.2449199862739886,0.0,0.039134917772398414,0.0,0.0,0.0
19,14,3.2360000000000007,3.2360000000000007,1.07828851609273,2.1577114839072706,2.1577114839072706,0.0,0.0,0.0,0.0,0.0
19,15,3.2686,3.2686,1.0169464028838553,2.413611535421195,2.251653597116145,0.0,0.16195793830505,0.0,0.0,0.0
19,16,2.8779000000000003,2.8779000000000003,1.0149550899431459,2.262359772582966,1.8629449100568545,0.0,0.39941486252611147,0.0,0.0,0.0
19,17,2.6,2.6,0.3338618960306712,2.266138103969329,2.266138103969329,0.0,0.0,0.0,0.0,0.0
19,18,2.4674000000000005,2.4674000000000005,0.26795912701255364,2.199440872987447,2.199440872987447,0.0,0.0,0.0,0.0,0.0
19,19,2.5596999999999994,2.5596999999999994,0.4092956951085833,2.150404304891416,2.150404304891416,0.0,0.0,0.0,0.0,0.0
19,20,2.3735,2.3735,0.2411932250992268,2.132306774900773,2.132306774900773,0.0,0.0,0.0,0.0,0.0
19,21,2.4331000000000005,2.4331000000000005,0.15144317732523893,2.2816568226747616,2.2816568226747616,0.0,0.0,0.0,0.0,0.0
19,22,2.8314000000000004,2.8314000000000004,1.014709563801886,2.2102590364293255,1.8166904361981144,0.0,0.393568600231211,0.0,0.0,0.0
19,23,2.8305000000000002,2.8305000000000002,0.9147134064601186,2.2436258404739884,1.9157865935398817,0.0,0.3278392469341067,0.0,0.0,0.0
19,24,2.4875,2.4875,0.912959440662693,2.0877626507717255,1.574540559337307,0.0,0.5132220914344187,0.0,0.0,0.0
20,1,2.1919,2.1919,0.11153243365127652,2.2917346051060448,2.0803675663487233,0.0,0.21136703875732132,0.0,0.0,0.0
20,2,2.3535000000000004,2.3535000000000004,0.19700846675724293,2.1564915332427574,2.1564915332427574,0.0,0.0,0.0,0.0,0.0
20,3,2.3467000000000002,2.3467000000000002,0.14558047017714149,2.2011195298228587,2.2011195298228587,0.0,0.0,0.0,0.0,0.0
20,4,2.3673,2.3673,0.2193777124197509,2.1479222875802493,2.1479222875802493,0.0,0.0,0.0,0.0,0.0
20,5,2.3906,2.3906,0.2738275287482672,2.116772471251733,2.116772471251733,0.0,0.0,0.0,0.0,0.0
20,6,2.4448,2.4448,1.0126715323651903,1.7901360868192617,1.4321284676348096,0.0,0.35800761918445223,0.0,0.0,0.0
20,7,2.7338999999999993,2.7338999999999993,0.9141957897353689,2.1051589414753753,1.8197042102646304,0.0,0.2854547312107448,0.0,0.0,0.0
20,8,2.904,2.904,0.9150655691878251,2.182276751300442,1.9889344308121748,0.0,0.19334232048826738,0.0,0.0,0.0
20,9,2.8355999999999995,2.8355999999999995,0.9185348752336078,1.9170651247663917,1.9170651247663917,0.0,0.0,0.0,0.0,0.0
20,10,2.8120000000000003,2.8120000000000003,0.9146514130257587,2.365652103034762,1.8973485869742417,0.0,0.46830351606052034,0.0,0.0,0.0
20,11,3.2861000000000007,3.2861000000000007,1.4102782525488915,1.8758217474511092,1.8758217474511092,0.0,0.0,0.0,0.0,0.0
20,12,3.2810000000000006,3.2810000000000006,1.0610730920702456,2.219926907929755,2.219926907929755,0.0,0.0,0.0,0.0,0.0
20,13,3.2618,3.2618,1.0197200200746845,2.2420799799253155,2.2420799799253155,0.0,0.0,0.0,0.0,0.0
20,14,3.2360000000000007,3.2360000000000007,1.0390660907486997,2.196933909251301,2.196933909251301,0.0,0.0,0.0,0.0,0.0
20,15,3.2686,3.2686,1.0169325369432611,2.3581477730439753,2.251667463056739,0.0,0.10648030998723612,0.0,0.0,0.0
20,16,2.8779000000000003,2.8779000000000003,1.0149291873643305,2.1587494573220303,1.8629708126356699,0.0,0.29577864468636045,0.0,0.0,0.0
20,17,2.6,2.6,0.4020343436816902,2.19796565631831,2.19796565631831,0.0,0.0,0.0,0.0,0.0
20,18,2.4674000000000005,2.4674000000000005,0.31999717230537295,2.1474028276946275,2.1474028276946275,0.0,0.0,0.0,0.0,0.0
20,19,2.5596999999999994,2.5596999999999994,0.3653766959621345,2.194323304037865,2.194323304037865,0.0,0.0,0.0,0.0,0.0
20,20,2.3735,2.3735,0.23595689522965424,2.1375431047703457,2.1375431047703457,0.0,0.0,0.0,0.0,0.0
20,21,2.4331000000000005,2.4331000000000005,0.11276518164837858,2.398726593514282,2.320334818351622,0.0,0.07839177516266017,0.0,0.0,0.0
20,22,2.8314000000000004,2.8314000000000004,1.0147386522735846,2.326612923224259,1.816661347726416,0.0,0.5099515754978433,0.0,0.0,0.0
20,23,2.8305000000000002,2.8305000000000002,0.9147178105014904,2.26124200596118,1.9157821894985099,0.0,0.3454598164626703,0.0,0.0,0.0
20,24,2.4875,2.4875,0.9129350439150624,1.990175660249658,1.5745649560849375,0.0,0.4156107041647207,0.0,0.0,0.0
21,1,2.1919,2.1919,0.11149721853243383,2.1508741297352842,2.080402781467566,0.0,0.07047134826771811,0.0,0.0,0.0
21,2,2.3535000000000004,2.3535000000000004,0.159881306873622,2.1936186931263784,2.1936186931263784,0.0,0.0,0.0,0.0,0.0
21,3,2.3467000000000002,2.3467000000000002,0.3754019306182945,1.9712980693817057,1.9712980693817057,0.0,0.0,0.0,0.0,0.0
21,4,2.3673,2.3673,0.28877696127628916,2.078523038723711,2.078523038723711,0.0,0.0,0.0,0.0,0.0
21,5,2.3906,2.3906,0.22886724372396383,2.1617327562760362,2.1617327562760362,0.0,0.0,0.0,0.0,0.0
21,6,2.4448,2.4448,1.012688740279533,1.8589677441907408,1.4321112597204668,0.0,0.42685648447027413,0.0,0.0,0.0
21,7,2.7338999999999993,2.7338999999999993,0.9141976944149138,2.1127776596552974,1.8197023055850856,0.0,0.2930753540702119,0.0,0.0,0.0
21,8,2.904,2.904,0.915076162378199,2.224649512795956,1.988923837621801,0.0,0.23572567517415488,0.0,0.0,0.0
21,9,2.8355999999999995,2.8355999999999995,0.9147374478336786,2.2377913347145624,1.9208625521663207,0.0,0.3169287825482415,0.0,0.0,0.0
21,10,2.8120000000000003,2.8120000000000003,0.9146251840289852,2.2607361159405683,1.897374815971015,0.0,0.36336129996955324,0.0,0.0,0.0
21,11,3.2861000000000007,3.2861000000000007,1.1969822002672417,2.089117799732759,2.089117799732759,0.0,0.0,0.0,0.0,0.0
21,12,3.2810000000000006,3.2810000000000006,1.0496321131405075,2.231367886859493,2.231367886859493,0.0,0.0,0.0,0.0,0.0
21,13,3.2618,3.2618,1.0168883659594614,2.31746383784552,2.2449116340405384,0.0,0.07255220380498151,0.0,0.0,0.0
21,14,3.2360000000000007,3.2360000000000007,1.1122686697538473,2.1237313302461533,2.1237313302461533,0.0,0.0,0.0,0.0,0.0
21,15,3.2686,3.2686,1.0169169403644966,2.295761457986753,2.2516830596355035,0.0,0.044078398351249604,0.0,0.0,0.0
21,16,2.8779000000000003,2.8779000000000003,1.014993792220935,2.4171688837402647,1.8629062077790652,0.0,0.5542626759611995,0.0,0.0,0.0
21,17,2.6,2.6,0.397537326212535,2.202462673787465,2.202462673787465,0.0,0.0,0.0,0.0,0.0
21,18,2.4674000000000005,2.4674000000000005,0.3386029133158277,2.128797086684173,2.128797086684173,0.0,0.0,0.0,0.0,0.0
21,19,2.5596999999999994,2.5596999999999994,0.4203585344006311,2.1393414655993683,2.1393414655993683,0.0,0.0,0.0,0.0,0.0
21,20,2.3735,2.3735,0.20114039681262774,2.172359603187372,2.172359603187372,0.0,0.0,0.0,0.0,0.0
21,21,2.4331000000000005,2.4331000000000005,0.11275831952489496,2.3712780995797775,2.3203416804751056,0.0,0.050936419104672004,0.0,0.0,0.0
21,22,2.8314000000000004,2.8314000000000004,1.0147139194521109,2.227681637329217,1.8166860805478895,0.0,0.4109955567813274,0.0,0.0,0.0
21,23,2.8305000000000002,2.8305000000000002,0.9147089303301329,2.2257213205314734,1.9157910696698672,0.0,0.3099302508616061,0.0,0.0,0.0
21,24,2.4875,2.4875,0.9129369241251623,1.9976965006487757,1.5745630758748375,0.0,0.4231334247739381,0.0,0.0,0.0
22,1,2.1919,2.1919,0.11151163145306162,2.208525812246463,2.0803883685469384,0.0,0.12813744369952448,0.0,0.0,0.0
22,2,2.3535000000000004,2.3535000000000004,0.1876329628271769,2.1658670371728235,2.1658670371728235,0.0,0.0,0.0,0.0,0.0
22,3,2.3467000000000002,2.3467000000000002,0.11748730498301363,2.2292126950169866,2.2292126950169866,0.0,0.0,0.0,0.0,0.0
22,4,2.3673,2.3673,0.2525237154496147,2.1147762845503855,2.1147762845503855,0.0,0.0,0.0,0.0,0.0
22,5,2.3906,2.3906,0.2970725450089109,2.093527454991089,2.093527454991089,0.0,0.0,0.0,0.0,0.0
22,6,2.4448,2.4448,1.0126944435529457,1.8817808378407834,1.4321055564470542,0.0,0.44967528139372925,0.0,0.0,0.0
22,7,2.7338999999999993,2.7338999999999993,0.9142035479451036,2.1361917804142303,1.8196964520548957,0.0,0.3164953283593346,0.0,0.0,0.0
22,8,2.904,2.904,0.915019630446039,1.9985217841555392,1.988980369553961,0.0,0.009541414601578202,0.0,0.0,0.0
22,9,2.8355999999999995,2.8355999999999995,0.9147381601870723,2.240640748289182,1.9208618398129271,0.0,0.319778908476255,0.0,0.0,0.0
22,10,2.8120000000000003,2.8120000000000003,0.9146461955427818,2.344782171127363,1.8973538044572185,0.0,0.4474283666701444,0.0,0.0,0.0
22,11,3.2861000000000007,3.2861000000000007,1.074046336789011,2.2120536632109897,2.2120536632109897,0.0,0.0,0.0,0.0,0.0
22,12,3.2810000000000006,3.2810000000000006,1.0830776561851856,2.197922343814815,2.197922343814815,0.0,0.0,0.0,0.0,0.0
22,13,3.2618,3.2618,1.0380993676186732,2.223700632381327,2.223700632381327,0.0,0.0,0.0,0.0,0.0
22,14,3.2360000000000007,3.2360000000000007,1.0750424733641673,2.1609575266358334,2.1609575266358334,0.0,0.0,0.0,0.0,0.0
22,15,3.2686,3.2686,1.0169428489128611,2.399395651444158,2.251657151087139,0.0,0.14773850035701874,0.0,0.0,0.0
22,16,2.8779000000000003,2.8779000000000003,1.0149698578243218,2.321431297287251,1.8629301421756785,0.0,0.4585011551115723,0.0,0.0,0.0
22,17,2.6,2.6,0.46522048275694106,2.134779517243059,2.134779517243059,0.0,0.0,0.0,0.0,0.0
22,18,2.4674000000000005,2.4674000000000005,0.30581125877872717,2.1615887412212733,2.1615887412212733,0.0,0.0,0.0,0.0,0.0
22,19,2.5596999999999994,2.5596999999999994,0.3631822189125615,2.196517781087438,2.196517781087438,0.0,0.0,0.0,0.0,0.0
22,20,2.3735,2.3735,0.16998030265507236,2.2035196973449276,2.2035196973449276,0.0,0.0,0.0,0.0,0.0
22,21,2.4331000000000005,2.4331000000000005,0.11277139322496522,2.423572899860849,2.320328606775035,0.0,0.10324429308581375,0.0,0.0,0.0
22,22,2.8314000000000004,2.8314000000000004,1.0147163941853745,2.237580570383659,1.8166836058146258,0.0,0.4208969645690329,0.0,0.0,0.0
22,23,2.8305000000000002,2.8305000000000002,0.9147232695294564,2.2830781178255153,1.9157767304705438,0.0,0.3673013873549714,0.0,0.0,0.0
22,24,2.4875,2.4875,0.9130037515236463,2.265006094585333,1.5744962484763536,0.0,0.6905098461089795,0.0,0.0,0.0
23,1,2.1919,2.1919,0.11151735427954991,2.231417118199635,2.08038264572045,0.0,0.1510344724791849,0.0,0.0,0.0
23,2,2.3535000000000004,2.3535000000000004,0.11233826737065962,2.2830694826384277,2.2411617326293407,0.0,0.04190775000908693,0.0,0.0,0.0
23,3,2.3467000000000002,2.3467000000000002,0.13448253992142023,2.21221746007858,2.21221746007858,0.0,0.0,0.0,0.0,0.0
23,4,2.3673,2.3673,0.11240829611860512,2.287184474420443,2.254891703881395,0.0,0.03229277053904775,0.0,0.0,0.0
23,5,2.3906,2.3906,0.2533489165496663,2.1372510834503338,2.1372510834503338,0.0,0.0,0.0,0.0,0.0
23,6,2.4448,2.4448,1.0127101867309163,1.9447535497225457,1.4320898132690836,0.0,0.512663736453462,0.0,0.0,0.0
23,7,2.7338999999999993,2.7338999999999993,0.9142033065339189,2.1352261356757283,1.8196966934660805,0.0,0.31552944220964785,0.0,0.0,0.0
23,8,2.904,2.904,0.915048906969399,2.1156278775957884,1.988951093030601,0.0,0.1266767845651875,0.0,0.0,0.0
23,9,2.8355999999999995,2.8355999999999995,0.914742272343468,2.257089373872349,1.9208577276565313,0.0,0.3362316462158178,0.0,0.0,0.0
23,10,2.8120000000000003,2.8120000000000003,0.9146190787139203,2.236314855681184,1.89738092128608,0.0,0.3389339343951039,0.0,0.0,0.0
23,11,3.2861000000000007,3.2861000000000007,1.1215111698039841,2.1645888301960166,2.1645888301960166,0.0,0.0,0.0,0.0,0.0
23,12,3.2810000000000006,3.2810000000000006,1.1483326634082132,2.1326673365917874,2.1326673365917874,0.0,0.0,0.0,0.0,0.0
23,13,3.2618,3.2618,1.0224911435121609,2.239308856487839,2.239308856487839,0.0,0.0,0.0,0.0,0.0
23,14,3.2360000000000007,3.2360000000000007,1.0710519059910109,2.16494809400899,2.16494809400899,0.0,0.0,0.0,0.0,0.0
23,15,3.2686,3.2686,1.0169331795918903,2.360718367561016,2.25166682040811,0.0,0.10905154715290621,0.0,0.0,0.0
23,16,2.8779000000000003,2.8779000000000003,1.0149379769650264,2.193907860105154,1.862962023034974,0.0,0.33094583707018,0.0,0.0,0.0
23,17,2.6,2.6,0.45291625663387824,2.147083743366122,2.147083743366122,0.0,0.0,0.0,0.0,0.0
23,18,2.4674000000000005,2.4674000000000005,0.24118060331708513,2.2262193966829154,2.2262193966829154,0.0,0.0,0.0,0.0,0.0
23,19,2.5596999999999994,2.5596999999999994,0.4232117516814178,2.1364882483185816,2.1364882483185816,0.0,0.0,0.0,0.0,0.0
23,20,2.3735,2.3735,0.2099246571979636,2.1635753428020363,2.1635753428020363,0.0,0.0,0.0,0.0,0.0
23,21,2.4331000000000005,2.4331000000000005,0.11278633701521121,2.483348060844825,2.3203136629847894,0.0,0.1630343978600358,0.0,0.0,0.0
23,22,2.8314000000000004,2.8314000000000004,1.014728341391429,2.2853693946018,1.8166716586085714,0.0,0.4686977359932285,0.0,0.0,0.0
23,23,2.8305000000000002,2.8305000000000002,0.9147333689487608,2.3234757950430125,1.9157666310512393,0.0,0.40770916399177304,0.0,0.0,0.0
23,24,2.4875,2.4875,0.9129604351282853,2.0917405131410804,1.5745395648717144,0.0,0.5172009482693659,0.0,0.0,0.0
24,1,2.1919,2.1919,0.11151409612098415,2.2183844839365547,2.080385903879016,0.0,0.13799858005753893,0.0,0.0,0.0
24,2,2.3535000000000004,2.3535000000000004,0.11233085739733567,2.2534295893426313,2.2411691426026645,0.0,0.012260446739966568,0.0,0.0,0.0
24,3,2.3467000000000002,2.3467000000000002,0.2664291916474313,2.080270808352569,2.080270808352569,0.0,0.0,0.0,0.0,0.0
24,4,2.3673,2.3673,0.11240033947822796,2.255357912911789,2.2548996605217724,0.0,0.00045825239001666407,0.0,0.0,0.0
24,5,2.3906,2.3906,0.27276848056819514,2.117831519431805,2.117831519431805,0.0,0.0,0.0,0.0,0.0
24,6,2.4448,2.4448,1.0127244289984239,2.0017226197539184,1.432075571001576,0.0,0.5696470487523425,0.0,0.0,0.0
24,7,2.7338999999999993,2.7338999999999993,0.9141983753173254,2.115501269301319,1.8197016246826738,0.0,0.29579964461864516,0.0,0.0,0.0
24,8,2.904,2.904,0.9150682596016019,2.1930384064074966,1.9889317403983982,0.0,0.20410666600909855,0.0,0.0,0.0
24,9,2.8355999999999995,2.8355999999999995,0.9147474041805257,2.2776167221026284,1.9208525958194738,0.0,0.3567641262831547,0.0,0.0,0.0
24,10,2.8120000000000003,2.8120000000000003,0.9145900572498972,2.1202289995887136,1.897409942750103,0.0,0.22281905683861047,0.0,0.0,0.0
24,11,3.2861000000000007,3.2861000000000007,1.0624274802686302,2.2236725197313705,2.2236725197313705,0.0,0.0,0.0,0.0,0.0
24,12,3.2810000000000006,3.2810000000000006,1.0195023648341368,2.2614976351658638,2.2614976351658638,0.0,0.0,0.0,0.0,0.0
24,13,3.2618,3.2618,1.0168757646267614,2.2670585070451352,2.244924235373239,0.0,0.02213427167189652,0.0,0.0,0.0
24,14,3.2360000000000007,3.2360000000000007,1.2498890494683503,1.9861109505316503,1.9861109505316503,0.0,0.0,0.0,0.0,0.0
24,15,3.2686,3.2686,1.016912862536166,2.27945014466367,2.251687137463834,0.0,0.027763007199835932,0.0,0.0,0.0
24,16,2.8779000000000003,2.8779000000000003,1.0149797316239921,2.3609264959683145,1.8629202683760082,0.0,0.4980062275923063,0.0,0.0,0.0
24,17,2.6,2.6,0.5175697785305005,2.0824302214694996,2.0824302214694996,0.0,0.0,0.0,0.0,0.0
24,18,2.4674000000000005,2.4674000000000005,0.3326373531222271,2.1347626468777734,2.1347626468777734,0.0,0.0,0.0,0.0,0.0
24,19,2.5596999999999994,2.5596999999999994,0.4259293836283513,2.133770616371648,2.133770616371648,0.0,0.0,0.0,0.0,0.0
24,20,2.3735,2.3735,0.22747233230171782,2.146027667698282,2.146027667698282,0.0,0.0,0.0,0.0,0.0
24,21,2.4331000000000005,2.4331000000000005,0.11276684406267326,2.405376250693023,2.3203331559373273,0.0,0.08504309475569596,0.0,0.0,0.0
24,22,2.8314000000000004,2.8314000000000004,1.014708346749129,2.2053908254012797,1.8166916532508717,0.0,0.38869917215040817,0.0,0.0,0.0
24,23,2.8305000000000002,2.8305000000000002,0.9147136821396564,2.2447285586256154,1.9157863178603438,0.0,0.32894224076527157,0.0,0.0,0.0
24,24,2.4875,2.4875,0.9129483992659319,2.043597063727374,1.5745516007340679,0.0,0.4690454629933062,0.0,0.0,0.0
25,1,2.1919,2.1919,0.11151024515826316,2.2029806330526363,2.080389754841737,0.0,0.12259087821089945,0.0,0.0,0.0
25,2,2.3535000000000004,2.3535000000000004,0.11237824729785961,2.442989191438409,2.2411217527021408,0.0,0.20186743873626822,0.0,0.0,0.0
25,3,2.3467000000000002,2.3467000000000002,0.15881493727940965,2.1878850627205906,2.1878850627205906,0.0,0.0,0.0,0.0,0.0
25,4,2.3673,2.3673,0.23275269360803152,2.1345473063919687,2.1345473063919687,0.0,0.0,0.0,0.0,0.0
25,5,2.3906,2.3906,0.23788696437989953,2.1527130356201005,2.1527130356201005,0.0,0.0,0.0,0.0,0.0
25,6,2.4448,2.4448,1.0127076818018388,1.9347338334131639,1.432092318198161,0.0,0.5026415152150028,0.0,0.0,0.0
25,7,2.7338999999999993,2.7338999999999993,0.9142116895466882,2.168758186752816,1.8196883104533113,0.0,0.3490698762995047,0.0,0.0,0.0
25,8,2.904,2.904,0.9150593674326738,2.1574697306949027,1.988940632567326,0.0,0.16852909812757655,0.0,0.0,0.0
25,9,2.8355999999999995,2.8355999999999995,0.9147429604157173,2.2598416628692246,1.920857039584282,0.0,0.3389846232849425,0.0,0.0,0.0
25,10,2.8120000000000003,2.8120000000000003,0.9146175553281101,2.2302213124402552,1.8973824446718903,0.0,0.332838867768365,0.0,0.0,0.0
25,11,3.2861000000000007,3.2861000000000007,1.1499308908738546,2.136169109126146,2.136169109126146,0.0,0.0,0.0,0.0,0.0
25,12,3.2810000000000006,3.2810000000000006,1.1204782171958145,2.160521782804186,2.160521782804186,0.0,0.0,0.0,0.0,0.0
25,13,3.2618,3.2618,1.0391053697331167,2.2226946302668833,2.2226946302668833,0.0,0.0,0.0,0.0,0.0
25,14,3.2360000000000007,3.2360000000000007,1.1242364474524411,2.1117635525475595,2.1117635525475595,0.0,0.0,0.0,0.0,0.0
25,15,3.2686,3.2686,1.0169342293028434,2.3649172113734314,2.251665770697157,0.0,0.11325144067627457,0.0,0.0,0.0
25,16,2.8779000000000003,2.8779000000000003,1.014980694116737,2.3647764669476237,1.8629193058832634,0.0,0.5018571610643603,0.0,0.0,0.0
25,17,2.6,2.6,0.3726142342914658,2.2273857657085343,2.2273857657085343,0.0,0.0,0.0,0.0,0.0
25,18,2.4674000000000005,2.4674000000000005,0.21290741255224505,2.281650208980163,2.2544925874477553,0.0,0.027157621532407486,0.0,0.0,0.0
25,19,2.5596999999999994,2.5596999999999994,0.5535276214898195,2.00617237851018,2.00617237851018,0.0,0.0,0.0,0.0,0.0
25,20,2.3735,2.3735,0.24875588570702245,2.1247441142929775,2.1247441142929775,0.0,0.0,0.0,0.0,0.0
25,21,2.4331000000000005,2.4331000000000005,0.1127698719688123,2.4174878752491455,2.320330128031188,0.0,0.09715774721795736,0.0,0.0,0.0
25,22,2.8314000000000004,2.8314000000000004,1.0147135637757059,2.2262589317098023,1.8166864362242945,0.0,0.4095724954855078,0.0,0.0,0.0
25,23,2.8305000000000002,2.8305000000000002,0.9147147914640441,2.2491658561762335,1.9157852085359561,0.0,0.3333806476402774,0.0,0.0,0.0
25,24,2.4875,2.4875,0.9129759891695725,2.1539566782896693,1.5745240108304275,0.0,0.5794326674592419,0.0,0.0,0.0
26,1,2.1919,2.1919,0.11152498892469384,2.2619556987753406,2.080375011075306,0.0,0.18158068770003452,0.0,0.0,0.0
26,2,2.3535000000000004,2.3535000000000004,0.11232925145480914,2.24700581923653,2.241170748545191,0.0,0.005835070691338637,0.0,0.0,0.0
26,3,2.3467000000000002,2.3467000000000002,0.18225936324040326,2.164440636759597,2.164440636759597,0.0,0.0,0.0,0.0,0.0
26,4,2.3673,2.3673,0.3105067950302858,2.0567932049697144,2.0567932049697144,0.0,0.0,0.0,0.0,0.0
26,5,2.3906,2.3906,0.27272931964019476,2.1178706803598053,2.1178706803598053,0.0,0.0,0.0,0.0,0.0
26,6,2.4448,2.4448,1.0126890334255707,1.8601403283409221,1.4321109665744292,0.0,0.428029361766493,0.0,0.0,0.0
26,7,2.7338999999999993,2.7338999999999993,0.9142298360619968,2.2413442479870613,1.8196701639380026,0.0,0.4216740840490588,0.0,0.0,0.0
26,8,2.904,2.904,0.9150770337906338,2.2281351625350023,1.9889229662093661,0.0,0.23921219632563617,0.0,0.0,0.0
26,9,2.8355999999999995,2.8355999999999995,0.9147243695357314,2.1854781429256747,1.920875630464268,0.0,0.26460251246140665,0.0,0.0,0.0
26,10,2.8120000000000003,2.8120000000000003,0.9146300203991834,2.280081596733683,1.8973699796008168,0.0,0.38271161713286606,0.0,0.0,0.0
26,11,3.2861000000000007,3.2861000000000007,1.2270804583710797,2.059019541628921,2.059019541628921,0.0,0.0,0.0,0.0,0.0
26,12,3.2810000000000006,3.2810000000000006,1.0770314474698117,2.203968552530189,2.203968552530189,0.0,0.0,0.0,0.0,0.0
26,13,3.2618,3.2618,1.0168857191093412,2.3068764373643376,2.244914280890659,0.0,0.06196215647367864,0.0,0.0,0.0
26,14,3.2360000000000007,3.2360000000000007,1.0837521671633445,2.152247832836656,2.152247832836656,0.0,0.0,0.0,0.0,0.0
26,15,3.2686,3.2686,1.0169262787300957,2.333114920382448,2.2516737212699045,0.0,0.08144119911254355,0.0,0.0,0.0
26,16,2.8779000000000003,2.8779000000000003,1.0149466233480549,2.2284933922193533,1.8629533766519455,0.0,0.3655400155674078,0.0,0.0,0.0
26,17,2.6,2.6,0.45405112764826994,2.14594887235173,2.14594887235173,0.0,0.0,0.0,0.0,0.0
26,18,2.4674000000000005,2.4674000000000005,0.3330570104839614,2.134342989516039,2.134342989516039,0.0,0.0,0.0,0.0,0.0
26,19,2.5596999999999994,2.5596999999999994,0.4020090517036419,2.1576909482963575,2.1576909482963575,0.0,0.0,0.0,0.0,0.0
26,20,2.3735,2.3735,0.320661400503476,2.052838599496524,2.052838599496524,0.0,0.0,0.0,0.0,0.0
26,21,2.4331000000000005,2.4331000000000005,0.1127620274939173,2.386109975669136,2.320337972506083,0.0,0.06577200316305278,0.0,0.0,0.0
26,22,2.8314000000000004,2.8314000000000004,1.0147170441613507,2.2401804742887714,1.8166829558386497,0.0,0.42349751845012173,0.0,0.0,0.0
26,23,2.8305000000000002,2.8305000000000002,0.9146883046591099,2.143218636439553,1.9158116953408904,0.0,0.22740694109866277,0.0,0.0,0.0
26,24,2.4875,2.4875,0.912976898140498,2.157592561991844,1.5745231018595018,0.0,0.5830694601323421,0.0,0.0,0.0
27,1,2.1919,2.1919,0.11152672064437075,2.2688825774829704,2.080373279355629,0.0,0.18850929812734118,0.0,0.0,0.0
27,2,2.3535000000000004,2.3535000000000004,0.12271095414369304,2.2307890458563073,2.2307890458563073,0.0,0.0,0.0,0.0,0.0
27,3,2.3467000000000002,2.3467000000000002,0.21026844192759286,2.1364315580724074,2.1364315580724074,0.0,0.0,0.0,0.0,0.0
27,4,2.3673,2.3673,0.11242011106547564,2.3344442619025596,2.2548798889345245,0.0,0.07956437296803506,0.0,0.0,0.0
27,5,2.3906,2.3906,0.2718509462443581,2.118749053755642,2.118749053755642,0.0,0.0,0.0,0.0,0.0
27,6,2.4448,2.4448,1.0127099981358312,1.9439991693824679,1.4320900018641687,0.0,0.5119091675182992,0.0,0.0,0.0
27,7,2.7338999999999993,2.7338999999999993,0.9141862041517465,2.0668166069858125,1.8197137958482528,0.0,0.2471028111375596,0.0,0.0,0.0
27,8,2.904,2.904,0.9150613377313297,2.1653509253186214,1.9889386622686702,0.0,0.17641226304995117,0.0,0.0,0.0
27,9,2.8355999999999995,2.8355999999999995,0.9147145125699137,2.146050279654636,1.9208854874300858,0.0,0.22516479222455033,0.0,0.0,0.0
27,10,2.8120000000000003,2.8120000000000003,0.9146216294421201,2.2465177684802473,1.8973783705578802,0.0,0.34913939792236715,0.0,0.0,0.0
27,11,3.2861000000000007,3.2861000000000007,1.114945153931922,2.1711548460680787,2.1711548460680787,0.0,0.0,0.0,0.0,0.0
27,12,3.2810000000000006,3.2810000000000006,1.1121210820932155,2.168878917906785,2.168878917906785,0.0,0.0,0.0,0.0,0.0
27,13,3.2618,3.2618,1.0242078173453413,2.2375921826546588,2.2375921826546588,0.0,0.0,0.0,0.0,0.0
27,14,3.2360000000000007,3.2360000000000007,1.1887793925098915,2.047220607490109,2.047220607490109,0.0,0.0,0.0,0.0,0.0
27,15,3.2686,3.2686,1.0169150727745309,2.2882910981234317,2.2516849272254693,0.0,0.036606170897962365,0.0,0.0,0.0
27,16,2.8779000000000003,2.8779000000000003,1.0149761399921848,2.3465599687396335,1.8629238600078155,0.0,0.48363610873181806,0.0,0.0,0.0
27,17,2.6,2.6,0.4085170594218557,2.1914829405781444,2.1914829405781444,0.0,0.0,0.0,0.0,0.0
27,18,2.4674000000000005,2.4674000000000005,0.32593799537606305,2.1414620046239374,2.1414620046239374,0.0,0.0,0.0,0.0,0.0
27,19,2.5596999999999994,2.5596999999999994,0.5603700778084508,1.9993299221915486,1.9993299221915486,0.0,0.0,0.0,0.0,0.0
27,20,2.3735,2.3735,0.32579886963989235,2.0477011303601076,2.0477011303601076,0.0,0.0,0.0,0.0,0.0
27,21,2.4331000000000005,2.4331000000000005,0.11279501624519593,2.518064980783678,2.3203049837548044,0.0,0.1977599970288736,0.0,0.0,0.0
27,22,2.8314000000000004,2.8314000000000004,1.0147084163800808,2.2056693492092245,1.8166915836199196,0.0,0.38897776558930497,0.0,0.0,0.0
27,23,2.8305000000000002,2.8305000000000002,0.9146759983684907,2.093993473962791,1.9158240016315096,0.0,0.17816947233128144,0.0,0.0,0.0
27,24,2.4875,2.4875,0.9129750593120484,2.1502372481932848,1.5745249406879513,0.0,0.5757123075053333,0.0,0.0,0.0
28,1,2.1919,2.1919,0.11152736923107306,2.2714769242922674,2.080372630768927,0.0,0.19110429352334055,0.0,0.0,0.0
28,2,2.3535000000000004,2.3535000000000004,0.144293322828557,2.2092066771714434,2.2092066771714434,0.0,0.0,0.0,0.0,0.0
28,3,2.3467000000000002,2.3467000000000002,0.11229311678977247,2.2384671590898444,2.234406883210228,0.0,0.004060275879616632,0.0,0.0,0.0
28,4,2.3673,2.3673,0.2406648022838005,2.1266351977161997,2.1266351977161997,0.0,0.0,0.0,0.0,0.0
28,5,2.3906,2.3906,0.3303690660136054,2.0602309339863947,2.0602309339863947,0.0,0.0,0.0,0.0,0.0
28,6,2.4448,2.4448,1.012695049783194,1.8842057588334147,1.432104950216806,0.0,0.45210080861660873,0.0,0.0,0.0
28,7,2.7338999999999993,2.7338999999999993,0.9141951351589755,2.102540635902267,1.819704864841024,0.0,0.28283577106124336,0.0,0.0,0.0
28,8,2.904,2.904,0.9150400027898701,2.0800111594801396,1.98895999721013,0.0,0.09105116227000976,0.0,0.0,0.0
28,9,2.8355999999999995,2.8355999999999995,0.914732751982363,2.2190079294521428,1.9208672480176365,0.0,0.29814068143450634,0.0,0.0,0.0
28,10,2.8120000000000003,2.8120000000000003,0.9146235030758005,2.2540123032020887,1.8973764969241997,0.0,0.35663580627788893,0.0,0.0,0.0
28,11,3.2861000000000007,3.2861000000000007,1.14472800852548,2.1413719914745206,2.1413719914745206,0.0,0.0,0.0,0.0,0.0
28,12,3.2810000000000006,3.2810000000000006,1.0896194235689083,2.1913805764310923,2.1913805764310923,0.0,0.0,0.0,0.0,0.0
28,13,3.2618,3.2618,1.0723859172831736,2.1894140827168265,2.1894140827168265,0.0,0.0,0.0,0.0,0.0
28,14,3.2360000000000007,3.2360000000000007,1.0650936303666305,2.17090636963337,2.17090636963337,0.0,0.0,0.0,0.0,0.0
28,15,3.2686,3.2686,1.3176100579628063,1.950989942037194,1.950989942037194,0.0,0.0,0.0,0.0,0.0
28,16,2.8779000000000003,2.8779000000000003,1.0149578611864576,2.2734447458305147,1.8629421388135428,0.0,0.410502607016972,0.0,0.0,0.0
28,17,2.6,2.6,0.3784573970573475,2.2215426029426526,2.2215426029426526,0.0,0.0,0.0,0.0,0.0
28,18,2.4674000000000005,2.4674000000000005,0.27535127334785425,2.1920487266521462,2.1920487266521462,0.0,0.0,0.0,0.0,0.0
28,19,2.5596999999999994,2.5596999999999994,0.385056711357767,2.1746432886422324,2.1746432886422324,0.0,0.0,0.0,0.0,0.0
28,20,2.3735,2.3735,0.18491809017420824,2.1885819098257917,2.1885819098257917,0.0,0.0,0.0,0.0,0.0
28,21,2.4331000000000005,2.4331000000000005,0.11278228313267818,2.4671325307127026,2.320317716867322,0.0,0.14681481384538025,0.0,0.0,0.0
28,22,2.8314000000000004,2.8314000000000004,1.0147132595808952,2.2250421524664468,1.8166867404191054,0.0,0.4083554120473415,0.0,0.0,0.0
28,23,2.8305000000000002,2.8305000000000002,0.9147269696259586,2.297878503834056,1.9157730303740417,0.0,0.38210547346001444,0.0,0.0,0.0
28,24,2.4875,2.4875,0.9129636441141017,2.104576456406834,1.5745363558858982,0.0,0.5300401005209358,0.0,0.0,0.0
29,1,2.1919,2.1919,0.11154377068501918,2.3370827400767222,2.080356229314981,0.0,0.25672651076174147,0.0,0.0,0.0
29,2,2.3535000000000004,2.3535000000000004,0.11285149897077851,2.240648501029222,2.240648501029222,0.0,0.0,0.0,0.0,0.0
29,3,2.3467000000000002,2.3467000000000002,0.37096261057450386,1.9757373894254964,1.9757373894254964,0.0,0.0,0.0,0.0,0.0
29,4,2.3673,2.3673,0.21376196024146177,2.1535380397585384,2.1535380397585384,0.0,0.0,0.0,0.0,0.0
29,5,2.3906,2.3906,0.2902127723589838,2.1003872276410163,2.1003872276410163,0.0,0.0,0.0,0.0,0.0
29,6,2.4448,2.4448,1.0126903472714122,1.865395711706121,1.4321096527285877,0.0,0.43328605897753325,0.0,0.0,0.0
29,7,2.7338999999999993,2.7338999999999993,0.9141763810520884,2.0275242083535154,1.819723618947911,0.0,0.20780058940560453,0.0,0.0,0.0
29,8,2.904,2.904,0.9150561011025654,2.1444044102615973,1.9889438988974346,0.0,0.15546051136416283,0.0,0.0,0.0
29,9,2.8355999999999995,2.8355999999999995,0.9147418792821274,2.255517128509515,1.920858120717872,0.0,0.3346590077916427,0.0,0.0,0.0
29,10,2.8120000000000003,2.8120000000000003,0.9146532180582652,2.3728722330605034,1.8973467819417351,0.0,0.4755254511187683,0.0,0.0,0.0
29,11,3.2861000000000007,3.2861000000000007,1.1720012946923277,2.114098705307673,2.114098705307673,0.0,0.0,0.0,0.0,0.0
29,12,3.2810000000000006,3.2810000000000006,1.0285976671181682,2.2524023328818323,2.2524023328818323,0.0,0.0,0.0,0.0,0.0
29,13,3.2618,3.2618,1.0169146499529116,2.422599811646436,2.2448853500470882,0.0,0.17771446159934734,0.0,0.0,0.0
29,14,3.2360000000000007,3.2360000000000007,1.1183145315882692,2.1176854684117314,2.1176854684117314,0.0,0.0,0.0,0.0,0.0
29,15,3.2686,3.2686,1.016938335402526,2.3813416101041556,2.2516616645974743,0.0,0.12967994550668138,0.0,0.0,0.0
29,16,2.8779000000000003,2.8779000000000003,1.0149637785037045,2.297114014818063,1.862936221496296,0.0,0.4341777933217671,0.0,0.0,0.0
29,17,2.6,2.6,0.4833105943970595,2.1166894056029406,2.1166894056029406,0.0,0.0,0.0,0.0,0.0
29,18,2.4674000000000005,2.4674000000000005,0.21290129429993004,2.2571771997201022,2.2544987057000703,0.0,0.0026784940200317853,0.0,0.0,0.0
29,19,2.5596999999999994,2.5596999999999994,0.43616661597528683,2.1235333840247126,2.1235333840247126,0.0,0.0,0.0,0.0,0.0
29,20,2.3735,2.3735,0.2148059890160532,2.1586940109839468,2.1586940109839468,0.0,0.0,0.0,0.0,0.0
29,21,2.4331000000000005,2.4331000000000005,0.1127608462251194,2.3813849004775527,2.320339153774881,0.0,0.0610457467026716,0.0,0.0,0.0
29,22,2.8314000000000004,2.8314000000000004,1.0147140074512897,2.2280336340443836,1.8166859925487109,0.0,0.4113476414956728,0.0,0.0,0.0
29,23,2.8305000000000002,2.8305000000000002,0.9147242287950427,2.286915180170462,1.9157757712049577,0.0,0.37113940896550457,0.0,0.0,0.0
29,24,2.4875,2.4875,0.9129587680251287,2.0850721005146813,1.5745412319748713,0.0,0.5105308685398101,0.0,0.0,0.0
30,1,2.1919,2.1919,0.11150984294045636,2.201371761825443,2.0803901570595436,0.0,0.12098160476589954,0.0,0.0,0.0
30,2,2.3535000000000004,2.3535000000000004,0.16533945033451003,2.1881605496654903,2.1881605496654903,0.0,0.0,0.0,0.0,0.0
30,3,2.3467000000000002,2.3467000000000002,0.16679702076703373,2.1799029792329665,2.1799029792329665,0.0,0.0,0.0,0.0,0.0
30,4,2.3673,2.3673,0.21957939173302687,2.1477206082669733,2.1477206082669733,0.0,0.0,0.0,0.0,0.0
30,5,2.3906,2.3906,0.2915010487020684,2.0990989512979317,2.0990989512979317,0.0,0.0,0.0,0.0,0.0
30,6,2.4448,2.4448,1.012691454358417,1.8698240597257918,1.432108545641583,0.0,0.43771551408420895,0.0,0.0,0.0
30,7,2.7338999999999993,2.7338999999999993,0.9141783852268633,2.0355409074533695,1.8197216147731359,0.0,0.21581929268023348,0.0,0.0,0.0
30,8,2.904,2.904,0.9150545080842378,2.1380323369510448,1.988945491915762,0.0,0.1490868450352827,0.0,0.0,0.0
30,9,2.8355999999999995,2.8355999999999995,0.9147355508776086,2.2302035104342943,1.9208644491223907,0.0,0.3093390613119035,0.0,0.0,0.0
30,10,2.8120000000000003,2.8120000000000003,0.9146119289172325,2.207715668929808,1.8973880710827677,0.0,0.3103275978470401,0.0,0.0,0.0
30,11,3.2861000000000007,3.2861000000000007,1.1487861312939835,2.137313868706017,2.137313868706017,0.0,0.0,0.0,0.0,0.0
30,12,3.2810000000000006,3.2810000000000006,1.0895234245368712,2.1914765754631294,2.1914765754631294,0.0,0.0,0.0,0.0,0.0
30,13,3.2618,3.2618,1.0168781145872792,2.2764583491164085,2.244921885412721,0.0,0.03153646370368757,0.0,0.0,0.0
30,14,3.2360000000000007,3.2360000000000007,1.0612004060632412,2.1747995939367595,2.1747995939367595,0.0,0.0,0.0,0.0,0.0
30,15,3.2686,3.2686,1.0579279867003537,2.2106720132996465,2.2106720132996465,0.0,0.0,0.0,0.0,0.0
30,16,2.8779000000000003,2.8779000000000003,1.0149677629770908,2.3130519083630823,1.8629322370229096,0.0,0.4501196713401727,0.0,0.0,0.0
30,17,2.6,2.6,0.41134722187915296,2.188652778120847,2.188652778120847,0.0,0.0,0.0,0.0,0.0
30,18,2.4674000000000005,2.4674000000000005,0.35482307831004567,2.112576921689955,2.112576921689955,0.0,0.0,0.0,0.0,0.0
30,19,2.5596999999999994,2.5596999999999994,0.427325077780194,2.1323749222198054,2.1323749222198054,0.0,0.0,0.0,0.0,0.0
30,20,2.3735,2.3735,0.2029528594441432,2.1705471405558567,2.1705471405558567,0.0,0.0,0.0,0.0,0.0
30,21,2.4331000000000005,2.4331000000000005,0.11275445753770084,2.355830150803329,2.3203455424622996,0.0,0.035484608341029386,0.0,0.0,0.0
30,22,2.8314000000000004,2.8314000000000004,1.0147225054937001,2.262025803686636,1.8166774945063002,0.0,0.44534830918033563,0.0,0.0,0.0
30,23,2.8305000000000002,2.8305000000000002,0.9147315764075924,2.3163056303692775,1.9157684235924077,0.0,0.40053720677686966,0.0,0.0,0.0
30,24,2.4875,2.4875,0.9129674157937695,2.1196631750776844,1.5745325842062303,0.0,0.5451305908714541,0.0,0.0,0.0
31,1,2.1919,2.1919,0.11147973473596656,2.080938943866258,2.0804202652640336,0.0,0.0005186786022248202,0.0,0.0,0.0
31,2,2.3535000000000004,2.3535000000000004,0.30996331166803914,2.0435366883319612,2.0435366883319612,0.0,0.0,0.0,0.0,0.0
31,3,2.3467000000000002,2.3467000000000002,0.12455819289006742,2.222141807109933,2.222141807109933,0.0,0.0,0.0,0.0,0.0
31,4,2.3673,2.3673,0.2258326321496229,2.1414673678503773,2.1414673678503773,0.0,0.0,0.0,0.0,0.0
31,5,2.3906,2.3906,0.2577131975255793,2.1328868024744208,2.1328868024744208,0.0,0.0,0.0,0.0,0.0
31,6,2.4448,2.4448,1.012694201269197,1.8808117028464615,1.4321057987308028,0.0,0.4487059041156588,0.0,0.0,0.0
31,7,2.7338999999999993,2.7338999999999993,0.9141950297521954,2.1021190087813295,1.819704970247804,0.0,0.28241403853352554,0.0,0.0,0.0
31,8,2.904,2.904,0.9150557473256432,2.142989302572688,1.9889442526743566,0.0,0.15404504989833112,0.0,0.0,0.0
31,9,2.8355999999999995,2.8355999999999995,0.9147534269799491,2.3017079197964976,1.9208465730200504,0.0,0.38086134677644723,0.0,0.0,0.0
31,10,2.8120000000000003,2.8120000000000003,0.9146242850294595,2.257140117837765,1.8973757149705408,0.0,0.3597644028672242,0.0,0.0,0.0
31,11,3.2861000000000007,3.2861000000000007,1.111836777502491,2.1742632224975096,2.1742632224975096,0.0,0.0,0.0,0.0,0.0
31,12,3.2810000000000006,3.2810000000000006,1.0249239273987327,2.256076072601268,2.256076072601268,0.0,0.0,0.0,0.0,0.0
31,13,3.2618,3.2618,1.0168863735878881,2.309494351551988,2.244913626412112,0.0,0.0645807251398759,0.0,0.0,0.0
31,14,3.2360000000000007,3.2360000000000007,1.0525813097715364,2.1834186902284642,2.1834186902284642,0.0,0.0,0.0,0.0,0.0
31,15,3.2686,3.2686,1.0169170374998016,2.2961499992063508,2.2516829625001984,0.0,0.04446703670615215,0.0,0.0,0.0
31,16,2.8779000000000003,2.8779000000000003,1.0149983804524678,2.435521809871273,1.8629016195475325,0.0,0.5726201903237407,0.0,0.0,0.0
31,17,2.6,2.6,0.41748948813953923,2.182510511860461,2.182510511860461,0.0,0.0,0.0,0.0,0.0
31,18,2.4674000000000005,2.4674000000000005,0.2129046557786575,2.2706231146299283,2.254495344221343,0.0,0.01612777040858529,0.0,0.0,0.0
31,19,2.5596999999999994,2.5596999999999994,0.413217634006398,2.1464823659936014,2.1464823659936014,0.0,0.0,0.0,0.0,0.0
31,20,2.3735,2.3735,0.26732110830233147,2.1061788916976685,2.1061788916976685,0.0,0.0,0.0,0.0,0.0
31,21,2.4331000000000005,2.4331000000000005,0.21122513943663446,2.221874860563366,2.221874860563366,0.0,0.0,0.0,0.0,0.0
31,22,2.8314000000000004,2.8314000000000004,1.0147291393645006,2.288561286888503,1.8166708606354998,0.0,0.47189042625300304,0.0,0.0,0.0
31,23,2.8305000000000002,2.8305000000000002,0.9147091157863176,2.226463145270385,1.9157908842136826,0.0,0.3106722610567023,0.0,0.0,0.0
31,24,2.4875,2.4875,0.9129735966080995,2.144386432398001,1.5745264033919004,0.0,0.5698600290061006,0.0,0.0,0.0
32,1,2.1919,2.1919,0.11150350611696394,2.1760244678557648,2.080396493883036,0.0,0.09562797397272874,0.0,0.0,0.0
32,2,2.3535000000000004,2.3535000000000004,0.11233628243091559,2.275129723662351,2.241163717569085,0.0,0.03396600609326633,0.0,0.0,0.0
32,3,2.3467000000000002,2.3467000000000002,0.16424588400693674,2.1824541159930635,2.1824541159930635,0.0,0.0,0.0,0.0,0.0
32,4,2.3673,2.3673,0.20228092294584332,2.165019077054157,2.165019077054157,0.0,0.0,0.0,0.0,0.0
32,5,2.3906,2.3906,0.30924313803414893,2.081356861965851,2.081356861965851,0.0,0.0,0.0,0.0,0.0
32,6,2.4448,2.4448,1.0126886075380974,1.858436778447769,1.4321113924619024,0.0,0.42632538598586667,0.0,0.0,0.0
32,7,2.7338999999999993,2.7338999999999993,0.9142246967169161,2.220786867664058,1.8196753032830832,0.0,0.4011115643809746,0.0,0.0,0.0
32,8,2.904,2.904,0.9150623721091298,2.1694884365190346,1.9889376278908701,0.0,0.18055080862816442,0.0,0.0,0.0
32,9,2.8355999999999995,2.8355999999999995,0.914743581803512,2.262327214047825,1.9208564181964873,0.0,0.34147079585133777,0.0,0.0,0.0
32,10,2.8120000000000003,2.8120000000000003,0.9146358384351619,2.303353740647598,1.8973641615648384,0.0,0.40598957908275957,0.0,0.0,0.0
32,11,3.2861000000000007,3.2861000000000007,1.1090056832970965,2.177094316702904,2.177094316702904,0.0,0.0,0.0,0.0,0.0
32,12,3.2810000000000006,3.2810000000000006,1.030378083424389,2.2506219165756116,2.2506219165756116,0.0,0.0,0.0,0.0,0.0
32,13,3.2618,3.2618,1.0169520195150417,2.572078060166553,2.244847980484958,0.0,0.32723007968159457,0.0,0.0,0.0
32,14,3.2360000000000007,3.2360000000000007,1.1286768155511044,2.107323184448896,2.107323184448896,0.0,0.0,0.0,0.0,0.0
32,15,3.2686,3.2686,1.0169372082467938,2.3768329871745912,2.2516627917532066,0.0,0.12517019542138474,0.0,0.0,0.0
32,16,2.8779000000000003,2.8779000000000003,1.014962393978074,2.291575912295817,1.8629376060219265,0.0,0.42863830627389066,0.0,0.0,0.0
32,17,2.6,2.6,0.41820945264310305,2.181790547356897,2.181790547356897,0.0,0.0,0.0,0.0,0.0
32,18,2.4674000000000005,2.4674000000000005,0.3170326293130352,2.1503673706869653,2.1503673706869653,0.0,0.0,0.0,0.0,0.0
32,19,2.5596999999999994,2.5596999999999994,0.4208411271969883,2.138858872803011,2.138858872803011,0.0,0.0,0.0,0.0,0.0
32,20,2.3735,2.3735,0.2542351727535208,2.119264827246479,2.119264827246479,0.0,0.0,0.0,0.0,0.0
32,21,2.4331000000000005,2.4331000000000005,0.11276959374133722,2.4163749653487967,2.3203304062586634,0.0,0.09604455909013343,0.0,0.0,0.0
32,22,2.8314000000000004,2.8314000000000004,1.0147120007908526,2.2200069922963173,1.8166879992091478,0.0,0.40331899308716945,0.0,0.0,0.0
32,23,2.8305000000000002,2.8305000000000002,0.9147090497724881,2.226199089952538,1.9157909502275121,0.0,0.310408139725026,0.0,0.0,0.0
32,24,2.4875,2.4875,0.912939619704515,2.0084788180597863,1.5745603802954848,0.0,0.4339184377643015,0.0,0.0,0.0
33,1,2.1919,2.1919,0.11152301045107867,2.2540418043146664,2.0803769895489213,0.0,0.17366481476574508,0.0,0.0,0.0
33,2,2.3535000000000004,2.3535000000000004,0.15566510539050427,2.197834894609496,2.197834894609496,0.0,0.0,0.0,0.0,0.0
33,3,2.3467000000000002,2.3467000000000002,0.23680205998420067,2.1098979400157996,2.1098979400157996,0.0,0.0,0.0,0.0,0.0
33,4,2.3673,2.3673,0.22465911647457393,2.1426408835254263,2.1426408835254263,0.0,0.0,0.0,0.0,0.0
33,5,2.3906,2.3906,0.3242269796384143,2.0663730203615858,2.0663730203615858,0.0,0.0,0.0,0.0,0.0
33,6,2.4448,2.4448,1.0127093432836713,1.9413797607439576,1.4320906567163285,0.0,0.5092891040276292,0.0,0.0,0.0
33,7,2.7338999999999993,2.7338999999999993,0.9141937656669588,2.097062667834888,1.8197062343330406,0.0,0.27735643350184747,0.0,0.0,0.0
33,8,2.904,2.904,0.9150611507582981,2.1646030331922956,1.988938849241702,0.0,0.1756641839505938,0.0,0.0,0.0
33,9,2.8355999999999995,2.8355999999999995,0.9147057761613732,2.11110464549268,1.9208942238386264,0.0,0.19021042165405355,0.0,0.0,0.0
33,10,2.8120000000000003,2.8120000000000003,0.9146235102659678,2.254041063871102,1.8973764897340324,0.0,0.35666457413706965,0.0,0.0,0.0
33,11,3.2861000000000007,3.2861000000000007,1.1609077727591348,2.125192227240866,2.125192227240866,0.0,0.0,0.0,0.0,0.0
33,12,3.2810000000000006,3.2810000000000006,1.0742746642501104,2.20672533574989,2.20672533574989,0.0,0.0,0.0,0.0,0.0
33,13,3.2618,3.2618,1.0168706915588113,2.2467662352451017,2.244929308441189,0.0,0.0018369268039128972,0.0,0.0,0.0
33,14,3.2360000000000007,3.2360000000000007,1.0502494722648468,2.185750527735154,2.185750527735154,0.0,0.0,0.0,0.0,0.0
33,15,3.2686,3.2686,1.0169244276670355,2.325710668141358,2.2516755723329647,0.0,0.0740350958083934,0.0,0.0,0.0
33,16,2.8779000000000003,2.8779000000000003,1.0149721137753023,2.3304551012088623,1.862927886224698,0.0,0.4675272149841643,0.0,0.0,0.0
33,17,2.6,2.6,0.4943029361106208,2.1056970638893793,2.1056970638893793,0.0,0.0,0.0,0.0,0.0
33,18,2.4674000000000005,2.4674000000000005,0.21292061325395828,2.334453015833105,2.254479386746042,0.0,0.07997362908706275,0.0,0.0,0.0
33,19,2.5596999999999994,2.5596999999999994,0.44448848049772227,2.115211519502277,2.115211519502277,0.0,0.0,0.0,0.0,0.0
33,20,2.3735,2.3735,0.11244600052772857,2.3140021109142426,2.2610539994722716,0.0,0.0529481114419712,0.0,0.0,0.0
33,21,2.4331000000000005,2.4331000000000005,0.11279796561238753,2.5298624495500697,2.320302034387613,0.0,0.20956041516245671,0.0,0.0,0.0
33,22,2.8314000000000004,2.8314000000000004,1.014708057351475,2.2042332347862477,1.8166919426485253,0.0,0.38754129213772237,0.0,0.0,0.0
33,23,2.8305000000000002,2.8305000000000002,0.914748084907646,2.3823396305841,1.915751915092354,0.0,0.4665877154917458,0.0,0.0,0.0
33,24,2.4875,2.4875,0.9129814896106041,2.175958442416373,1.5745185103893957,0.0,0.6014399320269772,0.0,0.0,0.0
34,1,2.1919,2.1919,0.11148810209059246,2.1144083623698147,2.0804118979094075,0.0,0.03399646446040716,0.0,0.0,0.0
34,2,2.3535000000000004,2.3535000000000004,0.11233562554732204,2.2725021892881383,2.241164374452678,0.0,0.03133781483545997,0.0,0.0,0.0
34,3,2.3467000000000002,2.3467000000000002,0.11423186496127302,2.232468135038727,2.232468135038727,0.0,0.0,0.0,0.0,0.0
34,4,2.3673,2.3673,0.2613260838978264,2.1059739161021738,2.1059739161021738,0.0,0.0,0.0,0.0,0.0
34,5,2.3906,2.3906,0.2504594940982252,2.140140505901775,2.140140505901775,0.0,0.0,0.0,0.0,0.0
34,6,2.4448,2.4448,1.0126857497061805,1.8470054507805251,1.4321142502938193,0.0,0.4148912004867059,0.0,0.0,0.0
34,7,2.7338999999999993,2.7338999999999993,0.9142237761762523,2.217104705008913,1.819676223823747,0.0,0.39742848118516594,0.0,0.0,0.0
34,8,2.904,2.904,0.9151089255512478,2.355702204991014,1.9888910744487522,0.0,0.3668111305422618,0.0,0.0,0.0
34,9,2.8355999999999995,2.8355999999999995,0.9147119629301572,2.1358517206288337,1.9208880370698422,0.0,0.21496368355899143,0.0,0.0,0.0
34,10,2.8120000000000003,2.8120000000000003,0.9146158301980233,2.2233207920929448,1.897384169801977,0.0,0.32593662229096776,0.0,0.0,0.0
34,11,3.2861000000000007,3.2861000000000007,1.1687157018003798,2.117384298199621,2.117384298199621,0.0,0.0,0.0,0.0,0.0
34,12,3.2810000000000006,3.2810000000000006,1.1469105275749683,2.1340894724250323,2.1340894724250323,0.0,0.0,0.0,0.0,0.0
34,13,3.2618,3.2618,1.0169042675598374,2.3810702393497034,2.2448957324401624,0.0,0.1361745069095408,0.0,0.0,0.0
34,14,3.2360000000000007,3.2360000000000007,1.0836332530163748,2.152366746983626,2.152366746983626,0.0,0.0,0.0,0.0,0.0
34,15,3.2686,3.2686,1.0169365539456583,2.374215782632965,2.2516634460543417,0.0,0.12255233657862319,0.0,0.0,0.0
34,16,2.8779000000000003,2.8779000000000003,1.0149351803541782,2.182721416712623,1.8629648196458222,0.0,0.3197565970668008,0.0,0.0,0.0
34,17,2.6,2.6,0.4222385756067508,2.1777614243932493,2.1777614243932493,0.0,0.0,0.0,0.0,0.0
34,18,2.4674000000000005,2.4674000000000005,0.35098021695216364,2.116419783047837,2.116419783047837,0.0,0.0,0.0,0.0,0.0
34,19,2.5596999999999994,2.5596999999999994,0.41018477796632125,2.149515222033678,2.149515222033678,0.0,0.0,0.0,0.0,0.0
34,20,2.3735,2.3735,0.23482353396202527,2.1386764660379747,2.1386764660379747,0.0,0.0,0.0,0.0,0.0
34,21,2.4331000000000005,2.4331000000000005,0.1127634287143914,2.3917148575655736,2.320336571285609,0.0,0.07137828627996448,0.0,0.0,0.0
34,22,2.8314000000000004,2.8314000000000004,1.0147175646130626,2.242262281135983,1.8166824353869377,0.0,0.4255798457490453,0.0,0.0,0.0
34,23,2.8305000000000002,2.8305000000000002,0.9147196704698878,2.268681879551155,1.9157803295301123,0.0,0.3529015500210425,0.0,0.0,0.0
34,24,2.4875,2.4875,0.9129988430360512,2.2453721442047163,1.5745011569639487,0.0,0.6708709872407677,0.0,0.0,0.0
35,1,2.1919,2.1919,0.11150980103250335,2.201204130013388,2.0803901989674967,0.0,0.12081393104589161,0.0,0.0,0.0
35,2,2.3535000000000004,2.3535000000000004,0.11236631603633927,2.3952641453570616,2.2411336839636613,0.0,0.15413046139340048,0.0,0.0,0.0
35,3,2.3467000000000002,2.3467000000000002,0.1601664895828847,2.1865335104171155,2.1865335104171155,0.0,0.0,0.0,0.0,0.0
35,4,2.3673,2.3673,0.11241305068096663,2.3062027238664746,2.2548869493190336,0.0,0.05131577454744107,0.0,0.0,0.0
35,5,2.3906,2.3906,0.2920588023666353,2.0985411976333648,2.0985411976333648,0.0,0.0,0.0,0.0,0.0
35,6,2.4448,2.4448,1.0127201387545668,1.9845616443244951,1.432079861245433,0.0,0.5524817830790619,0.0,0.0,0.0
35,7,2.7338999999999993,2.7338999999999993,0.9141971325987068,2.1105303948271033,1.8197028674012925,0.0,0.29082752742581075,0.0,0.0,0.0
35,8,2.904,2.904,0.9150606174674517,2.1624698698067863,1.988939382532548,0.0,0.17353048727423814,0.0,0.0,0.0
35,9,2.8355999999999995,2.8355999999999995,0.9147296849317618,2.2067397270469167,1.9208703150682376,0.0,0.285869411978679,0.0,0.0,0.0
35,10,2.8120000000000003,2.8120000000000003,0.9146367764035046,2.3071056140181208,1.8973632235964957,0.0,0.4097423904216251,0.0,0.0,0.0
35,11,3.2861000000000007,3.2861000000000007,1.1262133538349857,2.159886646165015,2.159886646165015,0.0,0.0,0.0,0.0,0.0
35,12,3.2810000000000006,3.2810000000000006,1.0169796335635777,2.2985342543108525,2.264020366436423,0.0,0.03451388787442955,0.0,0.0,0.0
35,13,3.2618,3.2618,1.0168841237359227,2.3004949436904036,2.2449158762640775,0.0,0.055579067426326234,0.0,0.0,0.0
35,14,3.2360000000000007,3.2360000000000007,1.1251667908597875,2.110833209140213,2.110833209140213,0.0,0.0,0.0,0.0,0.0
35,15,3.2686,3.2686,1.016925375227239,2.329500908955389,2.2516746247727615,0.0,0.07782628418262771,0.0,0.0,0.0
35,16,2.8779000000000003,2.8779000000000003,1.0149605805240545,2.2843220962180184,1.8629394194759459,0.0,0.4213826767420726,0.0,0.0,0.0
35,17,2.6,2.6,0.4444299929318234,2.1555700070681767,2.1555700070681767,0.0,0.0,0.0,0.0,0.0
35,18,2.4674000000000005,2.4674000000000005,0.3124648601085558,2.1549351398914447,2.1549351398914447,0.0,0.0,0.0,0.0,0.0
35,19,2.5596999999999994,2.5596999999999994,0.39821195392173125,2.161488046078268,2.161488046078268,0.0,0.0,0.0,0.0,0.0
35,20,2.3735,2.3735,0.1316881925061737,2.2418118074938262,2.2418118074938262,0.0,0.0,0.0,0.0,0.0
35,21,2.4331000000000005,2.4331000000000005,0.11275196776392882,2.345871055715251,2.3203480322360717,0.0,0.02552302347917923,0.0,0.0,0.0
35,22,2.8314000000000004,2.8314000000000004,1.0147165302203167,2.238124710152989,1.8166834697796836,0.0,0.4214412403733052,0.0,0.0,0.0
35,23,2.8305000000000002,2.8305000000000002,0.9147187753675048,2.2651014700190246,1.9157812246324954,0.0,0.34932024538652917,0.0,0.0,0.0
35,24,2.4875,2.4875,0.912986736050759,2.1969442030359128,1.5745132639492407,0.0,0.6224309390866719,0.0,0.0,0.0
36,1,2.1919,2.1919,0.11151426140469009,2.219045618760316,2.08038573859531,0.0,0.13865988016500594,0.0,0.0,0.0
36,2,2.3535000000000004,2.3535000000000004,0.2751708222806397,2.0783291777193607,2.0783291777193607,0.0,0.0,0.0,0.0,0.0
36,3,2.3467000000000002,2.3467000000000002,0.20893711410155147,2.1377628858984488,2.1377628858984488,0.0,0.0,0.0,0.0,0.0
36,4,2.3673,2.3673,0.20874134521675503,2.158558654783245,2.158558654783245,0.0,0.0,0.0,0.0,0.0
36,5,2.3906,2.3906,0.2952520197159716,2.0953479802840285,2.0953479802840285,0.0,0.0,0.0,0.0,0.0
36,6,2.4448,2.4448,1.0126837043568082,1.8388240532906344,1.4321162956431917,0.0,0.4067077576474427,0.0,0.0,0.0
36,7,2.7338999999999993,2.7338999999999993,0.9141901124814631,2.0824499258524978,1.8197098875185362,0.0,0.26274003833396153,0.0,0.0,0.0
36,8,2.904,2.904,0.9150878698796658,2.271479518663134,1.988912130120334,0.0,0.28256738854279995,0.0,0.0,0.0
36,9,2.8355999999999995,2.8355999999999995,0.9147186555992071,2.162622396828337,1.9208813444007924,0.0,0.24174105242754473,0.0,0.0,0.0
36,10,2.8120000000000003,2.8120000000000003,0.914615285993048,2.22114397219166,1.8973847140069524,0.0,0.32375925818470785,0.0,0.0,0.0
36,11,3.2861000000000007,3.2861000000000007,1.1786469359472656,2.107453064052735,2.107453064052735,0.0,0.0,0.0,0.0,0.0
36,12,3.2810000000000006,3.2810000000000006,1.0248183322209856,2.256181667779015,2.256181667779015,0.0,0.0,0.0,0.0,0.0
36,13,3.2618,3.2618,1.016887627652056,2.3145106082240168,2.244912372347944,0.0,0.06959823587607272,0.0,0.0,0.0
36,14,3.2360000000000007,3.2360000000000007,1.0785943837354304,2.1574056162645703,2.1574056162645703,0.0,0.0,0.0,0.0,0.0
36,15,3.2686,3.2686,1.0169188774170157,2.3035096680624974,2.2516811225829847,0.0,0.051828545479512766,0.0,0.0,0.0
36,16,2.8779000000000003,2.8779000000000003,1.0149597937147619,2.2811748590475016,1.8629402062852385,0.0,0.4182346527622632,0.0,0.0,0.0
36,17,2.6,2.6,0.4397118863160139,2.160288113683986,2.160288113683986,0.0,0.0,0.0,0.0,0.0
36,18,2.4674000000000005,2.4674000000000005,0.3217009692241568,2.1456990307758437,2.1456990307758437,0.0,0.0,0.0,0.0,0.0
36,19,2.5596999999999994,2.5596999999999994,0.40803315409133045,2.151666845908669,2.151666845908669,0.0,0.0,0.0,0.0,0.0
36,20,2.3735,2.3735,0.255625268927699,2.117874731072301,2.117874731072301,0.0,0.0,0.0,0.0,0.0
36,21,2.4331000000000005,2.4331000000000005,0.11276872525367346,2.4129010146938055,2.320331274746327,0.0,0.09256973994747844,0.0,0.0,0.0
36,22,2.8314000000000004,2.8314000000000004,1.0147386750921075,2.3267041973156584,1.816661324907893,0.0,0.5100428724077654,0.0,0.0,0.0
36,23,2.8305000000000002,2.8305000000000002,0.9147047104673341,2.208841869336538,1.915795289532666,0.0,0.29304657980387183,0.0,0.0,0.0
36,24,2.4875,2.4875,0.9129866945795907,2.1967783183628677,1.574513305420409,0.0,0.6222650129424586,0.0,0.0,0.0
37,1,2.1919,2.1919,0.1115321328339761,2.2905313359043817,2.0803678671660237,0.0,0.2101634687383579,0.0,0.0,0.0
37,2,2.3535000000000004,2.3535000000000004,0.16473677504266027,2.18876322495734,2.18876322495734,0.0,0.0,0.0,0.0,0.0
37,3,2.3467000000000002,2.3467000000000002,0.17403585429544854,2.1726641457045517,2.1726641457045517,0.0,0.0,0.0,0.0,0.0
37,4,2.3673,2.3673,0.16805675606723192,2.1992432439327683,2.1992432439327683,0.0,0.0,0.0,0.0,0.0
37,5,2.3906,2.3906,0.2560092768752673,2.1345907231247327,2.1345907231247327,0.0,0.0,0.0,0.0,0.0
37,6,2.4448,2.4448,1.0126692984605254,1.7812004681598,1.4321307015394744,0.0,0.3490697666203255,0.0,0.0,0.0
37,7,2.7338999999999993,2.7338999999999993,0.9142150344132375,2.182137652950011,1.8196849655867617,0.0,0.3624526873632491,0.0,0.0,0.0
37,8,2.904,2.904,0.9150664386274971,2.1857545099883304,1.9889335613725028,0.0,0.19682094861582766,0.0,0.0,0.0
37,9,2.8355999999999995,2.8355999999999995,0.914739489751136,2.245959004543647,1.9208605102488634,0.0,0.3250984942947833,0.0,0.0,0.0
37,10,2.8120000000000003,2.8120000000000003,0.9146316097458995,2.286438983597896,1.8973683902541008,0.0,0.38907059334379523,0.0,0.0,0.0
37,11,3.2861000000000007,3.2861000000000007,1.1538389385787209,2.13226106142128,2.13226106142128,0.0,0.0,0.0,0.0,0.0
37,12,3.2810000000000006,3.2810000000000006,1.0841638851771993,2.1968361148228013,2.1968361148228013,0.0,0.0,0.0,0.0,0.0
37,13,3.2618,3.2618,1.0168704401011712,2.245760404684854,2.2449295598988286,0.0,0.0008308447860250201,0.0,0.0,0.0
37,14,3.2360000000000007,3.2360000000000007,1.0465698538237893,2.1894301461762113,2.1894301461762113,0.0,0.0,0.0,0.0,0.0
37,15,3.2686,3.2686,1.0169386902490387,2.382760996154657,2.2516613097509612,0.0,0.13109968640369574,0.0,0.0,0.0
37,16,2.8779000000000003,2.8779000000000003,1.0149822336033791,2.370934413516135,1.8629177663966212,0.0,0.5080166471195139,0.0,0.0,0.0
37,17,2.6,2.6,0.42239872034182735,2.1776012796581727,2.1776012796581727,0.0,0.0,0.0,0.0,0.0
37,18,2.4674000000000005,2.4674000000000005,0.2993332310501957,2.1680667689498048,2.1680667689498048,0.0,0.0,0.0,0.0,0.0
37,19,2.5596999999999994,2.5596999999999994,0.31712175765773987,2.2425782423422596,2.2425782423422596,0.0,0.0,0.0,0.0,0.0
37,20,2.3735,2.3735,0.2758665025762208,2.097633497423779,2.097633497423779,0.0,0.0,0.0,0.0,0.0
37,21,2.4331000000000005,2.4331000000000005,0.11277886673051787,2.4534669220714536,2.3203211332694824,0.0,0.13314578880197095,0.0,0.0,0.0
37,22,2.8314000000000004,2.8314000000000004,1.0147224262434191,2.261708802561958,1.8166775737565812,0.0,0.4450312288053765,0.0,0.0,0.0
37,23,2.8305000000000002,2.8305000000000002,0.9147161675894381,2.25467035775242,1.915783832410562,0.0,0.3388865253418579,0.0,0.0,0.0
37,24,2.4875,2.4875,0.9129762470629033,2.154988251612896,1.5745237529370966,0.0,0.5804644986757996,0.0,0.0,0.0
38,1,2.1919,2.1919,0.11152591760349854,2.2656704139941697,2.0803740823965016,0.0,0.18529633159766828,0.0,0.0,0.0
38,2,2.3535000000000004,2.3535000000000004,0.11233755952056215,2.2802380822486032,2.2411624404794384,0.0,0.03907564176916503,0.0,0.0,0.0
38,3,2.3467000000000002,2.3467000000000002,0.2537782467936678,2.0929217532063324,2.0929217532063324,0.0,0.0,0.0,0.0,0.0
38,4,2.3673,2.3673,0.24772969697191183,2.1195703030280884,2.1195703030280884,0.0,0.0,0.0,0.0,0.0
38,5,2.3906,2.3906,0.2771110969604367,2.1134889030395634,2.1134889030395634,0.0,0.0,0.0,0.0,0.0
38,6,2.4448,2.4448,1.0126994753823175,1.9019081553285986,1.4321005246176823,0.0,0.46980763071091636,0.0,0.0,0.0
38,7,2.7338999999999993,2.7338999999999993,0.9142078134274598,2.1532537098391344,1.8196921865725395,0.0,0.33356152326659494,0.0,0.0,0.0
38,8,2.904,2.904,0.9150796640304166,2.2386561216664935,1.9889203359695833,0.0,0.24973578569691024,0.0,0.0,0.0
38,9,2.8355999999999995,2.8355999999999995,0.914737191309258,2.2367652370320674,1.9208628086907416,0.0,0.315902428341326,0.0,0.0,0.0
38,10,2.8120000000000003,2.8120000000000003,0.9146504072515491,2.36162900619634,1.8973495927484512,0.0,0.4642794134478889,0.0,0.0,0.0
38,11,3.2861000000000007,3.2861000000000007,1.1695061341165665,2.1165938658834342,2.1165938658834342,0.0,0.0,0.0,0.0,0.0
38,12,3.2810000000000006,3.2810000000000006,1.1069631393867363,2.1740368606132643,2.1740368606132643,0.0,0.0,0.0,0.0,0.0
38,13,3.2618,3.2618,1.0168741186639214,2.2604746556849795,2.2449258813360786,0.0,0.015548774348900785,0.0,0.0,0.0
38,14,3.2360000000000007,3.2360000000000007,1.0540424825328158,2.181957517467185,2.181957517467185,0.0,0.0,0.0,0.0,0.0
38,15,3.2686,3.2686,1.0169176932879513,2.2987731518054275,2.251682306712049,0.0,0.047090845093378686,0.0,0.0,0.0
38,16,2.8779000000000003,2.8779000000000003,1.014952962945609,2.2538517824358397,1.8629470370543912,0.0,0.39090474538144837,0.0,0.0,0.0
38,17,2.6,2.6,0.3817087578329694,2.2182912421670307,2.2182912421670307,0.0,0.0,0.0,0.0,0.0
38,18,2.4674000000000005,2.4674000000000005,0.24133880902974703,2.2260611909702535,2.2260611909702535,0.0,0.0,0.0,0.0,0.0
38,19,2.5596999999999994,2.5596999999999994,0.48335967229616195,2.0763403277038375,2.0763403277038375,0.0,0.0,0.0,0.0,0.0
38,20,2.3735,2.3735,0.22510273852388885,2.148397261476111,2.148397261476111,0.0,0.0,0.0,0.0,0.0
38,21,2.4331000000000005,2.4331000000000005,0.11275433258191962,2.3553303276784727,2.320345667418081,0.0,0.03498466026039186,0.0,0.0,0.0
38,22,2.8314000000000004,2.8314000000000004,1.0146822073322614,2.1008331579316133,1.8167177926677391,0.0,0.28411536526387426,0.0,0.0,0.0
38,23,2.8305000000000002,2.8305000000000002,0.9147143950787847,2.247580315138702,1.9157856049212154,0.0,0.3317947102174864,0.0,0.0,0.0
38,24,2.4875,2.4875,0.912974893212846,2.1495728513836547,1.5745251067871537,0.0,0.5750477445965009,0.0,0.0,0.0
39,1,2.1919,2.1919,0.12115840456706817,2.070741595432932,2.070741595432932,0.0,0.0,0.0,0.0,0.0
39,2,2.3535000000000004,2.3535000000000004,0.12296012127912403,2.2305398787208763,2.2305398787208763,0.0,0.0,0.0,0.0,0.0
39,3,2.3467000000000002,2.3467000000000002,0.11229546870319343,2.2478748127736594,2.2344045312968066,0.0,0.013470281476852614,0.0,0.0,0.0
39,4,2.3673,2.3673,0.16203134721256296,2.2052686527874372,2.2052686527874372,0.0,0.0,0.0,0.0,0.0
39,5,2.3906,2.3906,0.29786112903937445,2.0927388709606256,2.0927388709606256,0.0,0.0,0.0,0.0,0.0
39,6,2.4448,2.4448,1.0126683623083768,1.7774558595655765,1.432131637691623,0.0,0.3453242218739535,0.0,0.0,0.0
39,7,2.7338999999999993,2.7338999999999993,0.9141930518243142,2.094207297256878,1.8197069481756851,0.0,0.27450034908119303,0.0,0.0,0.0
39,8,2.904,2.904,0.9151001443420111,2.320577368044612,1.9888998556579889,0.0,0.331677512386623,0.0,0.0,0.0
39,9,2.8355999999999995,2.8355999999999995,0.9147394728338368,2.245891335347162,1.9208605271661625,0.0,0.3250308081809993,0.0,0.0,0.0
39,10,2.8120000000000003,2.8120000000000003,0.9146196849085925,2.2387396343698898,1.8973803150914077,0.0,0.34135931927848195,0.0,0.0,0.0
39,11,3.2861000000000007,3.2861000000000007,1.1194460157472794,2.1666539842527213,2.1666539842527213,0.0,0.0,0.0,0.0,0.0
39,12,3.2810000000000006,3.2810000000000006,1.2819204870815075,1.999079512918493,1.999079512918493,0.0,0.0,0.0,0.0,0.0
39,13,3.2618,3.2618,1.0168706486387156,2.246594554861832,2.2449293513612845,0.0,0.0016652035005474408,0.0,0.0,0.0
39,14,3.2360000000000007,3.2360000000000007,1.0167404113777756,2.2416455111019817,2.2192595886222253,0.0,0.02238592247975657,0.0,0.0,0.0
39,15,3.2686,3.2686,1.016933890892372,2.36356356948718,2.2516661091076284,0.0,0.11189746037955184,0.0,0.0,0.0
39,16,2.8779000000000003,2.8779000000000003,1.0149598194247316,2.2812776989259027,1.8629401805752688,0.0,0.4183375183506339,0.0,0.0,0.0
39,17,2.6,2.6,0.35509868172339853,2.2449013182766016,2.2449013182766016,0.0,0.0,0.0,0.0,0.0
39,18,2.4674000000000005,2.4674000000000005,0.2523404030050238,2.2150595969949767,2.2150595969949767,0.0,0.0,0.0,0.0,0.0
39,19,2.5596999999999994,2.5596999999999994,0.5294460578718345,2.030253942128165,2.030253942128165,0.0,0.0,0.0,0.0,0.0
39,20,2.3735,2.3735,0.30996053045728056,2.0635394695427194,2.0635394695427194,0.0,0.0,0.0,0.0,0.0
39,21,2.4331000000000005,2.4331000000000005,0.11276249147846844,2.387965913873715,2.320337508521532,0.0,0.06762840535218277,0.0,0.0,0.0
39,22,2.8314000000000004,2.8314000000000004,1.0146933391427915,2.145360400051818,1.8167066608572089,0.0,0.32865373919460916,0.0,0.0,0.0
39,23,2.8305000000000002,2.8305000000000002,0.9147102545355483,2.2310181421933444,1.915789745464452,0.0,0.31522839672889247,0.0,0.0,0.0
39,24,2.4875,2.4875,0.9129752379309669,2.1509517238673883,1.574524762069033,0.0,0.5764269617983554,0.0,0.0,0.0
40,1,2.1919,2.1919,0.1115170064734738,2.230025893895174,2.080382993526526,0.0,0.14964290036864764,0.0,0.0,0.0
40,2,2.3535000000000004,2.3535000000000004,0.1264018155924136,2.227098184407587,2.227098184407587,0.0,0.0,0.0,0.0,0.0
40,3,2.3467000000000002,2.3467000000000002,0.18862699289294182,2.1580730071070584,2.1580730071070584,0.0,0.0,0.0,0.0,0.0
40,4,2.3673,2.3673,0.14757729370910422,2.219722706290896,2.219722706290896,0.0,0.0,0.0,0.0,0.0
40,5,2.3906,2.3906,0.3349362823830555,2.0556637176169446,2.0556637176169446,0.0,0.0,0.0,0.0,0.0
40,6,2.4448,2.4448,1.0126912597446807,1.8690456047804573,1.4321087402553192,0.0,0.43693686452513814,0.0,0.0,0.0
40,7,2.7338999999999993,2.7338999999999993,0.914192913941346,2.093655765384349,1.8197070860586533,0.0,0.27394867932569555,0.0,0.0,0.0
40,8,2.904,2.904,0.9150605080552493,2.162032220997196,1.9889394919447505,0.0,0.17309272905244544,0.0,0.0,0.0
40,9,2.8355999999999995,2.8355999999999995,0.914747294230988,2.277176923951797,1.9208527057690115,0.0,0.3563242181827857,0.0,0.0,0.0
40,10,2.8120000000000003,2.8120000000000003,0.9146003248989029,2.1612995956112506,1.8973996751010973,0.0,0.2638999205101532,0.0,0.0,0.0
40,11,3.2861000000000007,3.2861000000000007,1.151529254272138,2.1345707457278627,2.1345707457278627,0.0,0.0,0.0,0.0,0.0
40,12,3.2810000000000006,3.2810000000000006,1.079188748481981,2.2018112515180195,2.2018112515180195,0.0,0.0,0.0,0.0,0.0
40,13,3.2618,3.2618,1.2430159116003394,2.0187840883996606,2.0187840883996606,0.0,0.0,0.0,0.0,0.0
40,14,3.2360000000000007,3.2360000000000007,1.1360797602564627,2.099920239743538,2.099920239743538,0.0,0.0,0.0,0.0,0.0
40,15,3.2686,3.2686,1.025130715565735,2.243469284434265,2.243469284434265,0.0,0.0,0.0,0.0,0.0
40,16,2.8779000000000003,2.8779000000000003,1.0149524776947694,2.2519107790771034,1.862947522305231,0.0,0.3889632567718723,0.0,0.0,0.0
40,17,2.6,2.6,0.3851735640187819,2.214826435981218,2.214826435981218,0.0,0.0,0.0,0.0,0.0
40,18,2.4674000000000005,2.4674000000000005,0.33061004875245636,2.136789951247544,2.136789951247544,0.0,0.0,0.0,0.0,0.0
40,19,2.5596999999999994,2.5596999999999994,0.37935367710465506,2.1803463228953444,2.1803463228953444,0.0,0.0,0.0,0.0,0.0
40,20,2.3735,2.3735,0.18557195312665442,2.1879280468733455,2.1879280468733455,0.0,0.0,0.0,0.0,0.0
40,21,2.4331000000000005,2.4331000000000005,0.11276458589437972,2.396343577518847,2.320335414105621,0.0,0.0760081634132261,0.0,0.0,0.0
40,22,2.8314000000000004,2.8314000000000004,1.0147015237413786,2.178098794399968,1.816698476258622,0.0,0.361400318141346,0.0,0.0,0.0
40,23,2.8305000000000002,2.8305000000000002,0.9147311368736355,2.314547494541694,1.9157688631263647,0.0,0.3987786314153292,0.0,0.0,0.0
40,24,2.4875,2.4875,0.9129731522867842,2.142609147136992,1.5745268477132157,0.0,0.5680822994237765,0.0,0.0,0.0
41,1,2.1919,2.1919,0.11151323581698273,2.2149432679308996,2.080386764183017,0.0,0.13455650374788236,0.0,0.0,0.0
41,2,2.3535000000000004,2.3535000000000004,0.13309095788988579,2.2204090421101146,2.2204090421101146,0.0,0.0,0.0,0.0,0.0
41,3,2.3467000000000002,2.3467000000000002,0.1900419515276628,2.1566580484723374,2.1566580484723374,0.0,0.0,0.0,0.0,0.0
41,4,2.3673,2.3673,0.19085282279934512,2.176447177200655,2.176447177200655,0.0,0.0,0.0,0.0,0.0
41,5,2.3906,2.3906,0.23343751736660945,2.1571624826333906,2.1571624826333906,0.0,0.0,0.0,0.0,0.0
41,6,2.4448,2.4448,1.0126865758857981,1.8503101692505393,1.4321134241142017,0.0,0.41819674513633753,0.0,0.0,0.0
41,7,2.7338999999999993,2.7338999999999993,0.9141962254848526,2.106901939410349,1.8197037745151468,0.0,0.28719816489520245,0.0,0.0,0.0
41,8,2.904,2.904,0.9150726218112393,2.21048724495717,1.9889273781887606,0.0,0.22155986676840955,0.0,0.0,0.0
41,9,2.8355999999999995,2.8355999999999995,0.9147122409298519,2.1369637194078366,1.9208877590701476,0.0,0.21607596033768905,0.0,0.0,0.0
41,10,2.8120000000000003,2.8120000000000003,0.9146421348546883,2.328539418752951,1.897357865145312,0.0,0.4311815536076391,0.0,0.0,0.0
41,11,3.2861000000000007,3.2861000000000007,1.0170003766244222,2.2795064976889883,2.2690996233755785,0.0,0.010406874313409809,0.0,0.0,0.0
41,12,3.2810000000000006,3.2810000000000006,1.0454702400007938,2.235529759999207,2.235529759999207,0.0,0.0,0.0,0.0,0.0
41,13,3.2618,3.2618,1.0607995090887123,2.2010004909112877,2.2010004909112877,0.0,0.0,0.0,0.0,0.0
41,14,3.2360000000000007,3.2360000000000007,1.069709662917671,2.1662903370823297,2.1662903370823297,0.0,0.0,0.0,0.0,0.0
41,15,3.2686,3.2686,1.016926696621438,2.3347864857520313,2.251673303378562,0.0,0.0831131823734691,0.0,0.0,0.0
41,16,2.8779000000000003,2.8779000000000003,1.0149756726677774,2.3446906711093938,1.862924327332223,0.0,0.4817663437771708,0.0,0.0,0.0
41,17,2.6,2.6,0.44123554668282594,2.158764453317174,2.158764453317174,0.0,0.0,0.0,0.0,0.0
41,18,2.4674000000000005,2.4674000000000005,0.2921430388939119,2.1752569611060886,2.1752569611060886,0.0,0.0,0.0,0.0,0.0
41,19,2.5596999999999994,2.5596999999999994,0.5078206385188393,2.05187936148116,2.05187936148116,0.0,0.0,0.0,0.0,0.0
41,20,2.3735,2.3735,0.29271290908573455,2.0807870909142654,2.0807870909142654,0.0,0.0,0.0,0.0,0.0
41,21,2.4331000000000005,2.4331000000000005,0.11275909623690875,2.374384947634967,2.3203409037630918,0.0,0.05404404387187525,0.0,0.0,0.0
41,22,2.8314000000000004,2.8314000000000004,1.014720418534728,2.2536779677979877,1.8166795814652725,0.0,0.43699838633271526,0.0,0.0,0.0
41,23,2.8305000000000002,2.8305000000000002,0.914706653679706,2.2166147188239202,1.915793346320294,0.0,0.30082137250362606,0.0,0.0,0.0
41,24,2.4875,2.4875,0.9129676910727517,2.1207642910064295,1.5745323089272483,0.0,0.5462319820791813,0.0,0.0,0.0
42,1,2.1919,2.1919,0.11152530804995835,2.263232199833343,2.0803746919500417,0.0,0.18285750788330152,0.0,0.0,0.0
42,2,2.3535000000000004,2.3535000000000004,0.11234410087893153,2.306403515726064,2.2411558991210687,0.0,0.06524761660499521,0.0,0.0,0.0
42,3,2.3467000000000002,2.3467000000000002,0.25663385369639613,2.090066146303604,2.090066146303604,0.0,0.0,0.0,0.0,0.0
42,4,2.3673,2.3673,0.24000113285017788,2.1272988671498223,2.1272988671498223,0.0,0.0,0.0,0.0,0.0
42,5,2.3906,2.3906,0.32238570888532037,2.0682142911146797,2.0682142911146797,0.0,0.0,0.0,0.0,0.0
42,6,2.4448,2.4448,1.0126877154610436,1.854868470232457,1.4321122845389562,0.0,0.4227561856935007,0.0,0.0,0.0
42,7,2.7338999999999993,2.7338999999999993,0.9141948349542849,2.1013398171393933,1.8197051650457143,0.0,0.2816346520936789,0.0,0.0,0.0
42,8,2.904,2.904,0.9150648991006451,2.179596402580642,1.9889351008993548,0.0,0.19066130168128703,0.0,0.0,0.0
42,9,2.8355999999999995,2.8355999999999995,0.9147661571727332,2.352628690932758,1.9208338428272662,0.0,0.4317948481054916,0.0,0.0,0.0
42,10,2.8120000000000003,2.8120000000000003,0.9146100933415421,2.200373366168386,1.897389906658458,0.0,0.302983459509928,0.0,0.0,0.0
42,11,3.2861000000000007,3.2861000000000007,1.1506085568690532,2.1354914431309475,2.1354914431309475,0.0,0.0,0.0,0.0,0.0
42,12,3.2810000000000006,3.2810000000000006,1.1905559087957442,2.0904440912042563,2.0904440912042563,0.0,0.0,0.0,0.0,0.0
42,13,3.2618,3.2618,1.0168767679163446,2.2710716653784475,2.2449232320836554,0.0,0.026148433294792106,0.0,0.0,0.0
42,14,3.2360000000000007,3.2360000000000007,1.1609706438875498,2.075029356112451,2.075029356112451,0.0,0.0,0.0,0.0,0.0
42,15,3.2686,3.2686,1.0169165029929665,2.2940119718659036,2.2516834970070336,0.0,0.04232847485886981,0.0,0.0,0.0
42,16,2.8779000000000003,2.8779000000000003,1.014968644481149,2.31657792459558,1.8629313555188514,0.0,0.4536465690767288,0.0,0.0,0.0
42,17,2.6,2.6,0.41857358646838394,2.181426413531616,2.181426413531616,0.0,0.0,0.0,0.0,0.0
42,18,2.4674000000000005,2.4674000000000005,0.31262697384946714,2.1547730261505333,2.1547730261505333,0.0,0.0,0.0,0.0,0.0
42,19,2.5596999999999994,2.5596999999999994,0.4173698258827443,2.142330174117255,2.142330174117255,0.0,0.0,0.0,0.0,0.0
42,20,2.3735,2.3735,0.23957733493554878,2.133922665064451,2.133922665064451,0.0,0.0,0.0,0.0,0.0
42,21,2.4331000000000005,2.4331000000000005,0.1536394319839669,2.2794605680160336,2.2794605680160336,0.0,0.0,0.0,0.0,0.0
42,22,2.8314000000000004,2.8314000000000004,1.0147058511539053,2.1954084445067896,1.816694148846095,0.0,0.3787142956606945,0.0,0.0,0.0
42,23,2.8305000000000002,2.8305000000000002,0.9146906656336643,2.1526625346569173,1.9158093343663358,0.0,0.23685320029058132,0.0,0.0,0.0
42,24,2.4875,2.4875,0.9129595479272474,2.0881917089897852,1.5745404520727524,0.0,0.5136512569170328,0.0,0.0,0.0
43,1,2.1919,2.1919,0.1114881150124595,2.1144600498380224,2.0804118849875404,0.0,0.03404816485048193,0.0,0.0,0.0
43,2,2.3535000000000004,2.3535000000000004,0.1574610507532439,2.1960389492467565,2.1960389492467565,0.0,0.0,0.0,0.0,0.0
43,3,2.3467000000000002,2.3467000000000002,0.22673846744665171,2.1199615325533485,2.1199615325533485,0.0,0.0,0.0,0.0,0.0
43,4,2.3673,2.3673,0.24458474051448587,2.1227152594855143,2.1227152594855143,0.0,0.0,0.0,0.0,0.0
43,5,2.3906,2.3906,0.3466740554185086,2.0439259445814915,2.0439259445814915,0.0,0.0,0.0,0.0,0.0
43,6,2.4448,2.4448,1.0127000852368981,1.9043475736505173,1.4320999147631017,0.0,0.4722476588874156,0.0,0.0,0.0
43,7,2.7338999999999993,2.7338999999999993,0.9141836606452307,2.056642580922587,1.8197163393547686,0.0,0.23692624156781839,0.0,0.0,0.0
43,8,2.904,2.904,0.915065007603381,2.180030413524,1.9889349923966189,0.0,0.19109542112738098,0.0,0.0,0.0
43,9,2.8355999999999995,2.8355999999999995,0.9147414626549716,2.2538506198860553,1.920858537345028,0.0,0.3329920825410274,0.0,0.0,0.0
43,10,2.8120000000000003,2.8120000000000003,0.91460444391635,2.177775665399951,1.8973955560836502,0.0,0.28038010931630086,0.0,0.0,0.0
43,11,3.2861000000000007,3.2861000000000007,1.122044935329443,2.1640550646705576,2.1640550646705576,0.0,0.0,0.0,0.0,0.0
43,12,3.2810000000000006,3.2810000000000006,1.052070077343008,2.2289299226569925,2.2289299226569925,0.0,0.0,0.0,0.0,0.0
43,13,3.2618,3.2618,1.0168811837388942,2.288734955576911,2.244918816261106,0.0,0.043816139315805414,0.0,0.0,0.0
43,14,3.2360000000000007,3.2360000000000007,1.1113257923197155,2.124674207680285,2.124674207680285,0.0,0.0,0.0,0.0,0.0
43,15,3.2686,3.2686,1.0169413061847847,2.3932247391384736,2.2516586938152154,0.0,0.141566045323258,0.0,0.0,0.0
43,16,2.8779000000000003,2.8779000000000003,1.014981129328617,2.366517314468469,1.862918870671383,0.0,0.5035984437970858,0.0,0.0,0.0
43,17,2.6,2.6,0.47372197392165427,2.126278026078346,2.126278026078346,0.0,0.0,0.0,0.0,0.0
43,18,2.4674000000000005,2.4674000000000005,0.312812644383206,2.1545873556167945,2.1545873556167945,0.0,0.0,0.0,0.0,0.0
43,19,2.5596999999999994,2.5596999999999994,0.39449812701123843,2.165201872988761,2.165201872988761,0.0,0.0,0.0,0.0,0.0
43,20,2.3735,2.3735,0.3359069448330487,2.037593055166951,2.037593055166951,0.0,0.0,0.0,0.0,0.0
43,21,2.4331000000000005,2.4331000000000005,0.11275177442766858,2.345097710674306,2.320348225572332,0.0,0.024749485101974153,0.0,0.0,0.0
43,22,2.8314000000000004,2.8314000000000004,1.014751213914929,2.376859488601881,1.8166487860850715,0.0,0.5602107025168094,0.0,0.0,0.0
43,23,2.8305000000000002,2.8305000000000002,0.9146648189544823,2.04927581792899,1.915835181045518,0.0,0.13344063688347207,0.0,0.0,0.0
43,24,2.4875,2.4875,0.9129540765584832,2.0663062339325053,1.5745459234415167,0.0,0.4917603104909887,0.0,0.0,0.0
44,1,2.1919,2.1919,0.12795506012237245,2.0639449398776275,2.0639449398776275,0.0,0.0,0.0,0.0,0.0
44,2,2.3535000000000004,2.3535000000000004,0.1682599617991558,2.1852400382008446,2.1852400382008446,0.0,0.0,0.0,0.0,0.0
44,3,2.3467000000000002,2.3467000000000002,0.1935193215703559,2.1531806784296443,2.1531806784296443,0.0,0.0,0.0,0.0,0.0
44,4,2.3673,2.3673,0.26345417895613643,2.1038458210438638,2.1038458210438638,0.0,0.0,0.0,0.0,0.0
44,5,2.3906,2.3906,0.2541499749875826,2.1364500250124174,2.1364500250124174,0.0,0.0,0.0,0.0,0.0
44,6,2.4448,2.4448,1.0126802430393584,1.8249787834915603,1.4321197569606414,0.0,0.39285902653091886,0.0,0.0,0.0
44,7,2.7338999999999993,2.7338999999999993,0.914200784286272,2.1251371450883303,1.8196992157137273,0.0,0.305437929374603,0.0,0.0,0.0
44,8,2.904,2.904,0.9150603345543298,2.161338217319074,1.9889396654456701,0.0,0.17239855187340392,0.0,0.0,0.0
44,9,2.8355999999999995,2.8355999999999995,0.9147471561721436,2.2766246885743286,1.9208528438278558,0.0,0.35577184474647283,0.0,0.0,0.0
44,10,2.8120000000000003,2.8120000000000003,0.9146077535902729,2.191014361091341,1.8973922464097273,0.0,0.2936221146816135,0.0,0.0,0.0
44,11,3.2861000000000007,3.2861000000000007,1.1647713342226824,2.1213286657773183,2.1213286657773183,0.0,0.0,0.0,0.0,0.0
44,12,3.2810000000000006,3.2810000000000006,1.056822418816607,2.2241775811833935,2.2241775811833935,0.0,0.0,0.0,0.0,0.0
44,13,3.2618,3.2618,1.0168892393462936,2.320957385173795,2.2449107606537066,0.0,0.07604662452008848,0.0,0.0,0.0
44,14,3.2360000000000007,3.2360000000000007,1.0546422587064876,2.181357741293513,2.181357741293513,0.0,0.0,0.0,0.0,0.0
44,15,3.2686,3.2686,1.0169383294350585,2.3813177402338694,2.2516616705649417,0.0,0.12965606966892773,0.0,0.0,0.0
44,16,2.8779000000000003,2.8779000000000003,1.014936432405654,2.187729622615939,1.8629635675943463,0.0,0.3247660550215925,0.0,0.0,0.0
44,17,2.6,2.6,0.29976076198980195,2.300239238010198,2.300239238010198,0.0,0.0,0.0,0.0,0.0
44,18,2.4674000000000005,2.4674000000000005,0.4100322233085478,2.0573677766914527,2.0573677766914527,0.0,0.0,0.0,0.0,0.0
44,19,2.5596999999999994,2.5596999999999994,0.3546400551997504,2.205059944800249,2.205059944800249,0.0,0.0,0.0,0.0,0.0
44,20,2.3735,2.3735,0.3036980156590987,2.0698019843409012,2.0698019843409012,0.0,0.0,0.0,0.0,0.0
44,21,2.4331000000000005,2.4331000000000005,0.14891414047704732,2.284185859522953,2.284185859522953,0.0,0.0,0.0,0.0,0.0
44,22,2.8314000000000004,2.8314000000000004,1.0147326639211758,2.30265951358895,1.8166673360788246,0.0,0.48599217751012513,0.0,0.0,0.0
44,23,2.8305000000000002,2.8305000000000002,0.9147236214742533,2.2844858970134156,1.915776378525747,0.0,0.36870951848766875,0.0,0.0,0.0
44,24,2.4875,2.4875,0.9129728823500015,2.1415294000061773,1.5745271176499984,0.0,0.567002282356179,0.0,0.0,0.0
45,1,2.1919,2.1919,0.11150894396379815,2.1977758551925866,2.080391056036202,0.0,0.11738479915638475,0.0,0.0,0.0
45,2,2.3535000000000004,2.3535000000000004,0.2124209718422616,2.1410790281577388,2.1410790281577388,0.0,0.0,0.0,0.0,0.0
45,3,2.3467000000000002,2.3467000000000002,0.15163834540155285,2.1950616545984474,2.1950616545984474,0.0,0.0,0.0,0.0,0.0
45,4,2.3673,2.3673,0.1948623255509605,2.1724376744490397,2.1724376744490397,0.0,0.0,0.0,0.0,0.0
45,5,2.3906,2.3906,0.3945597974660422,1.9960402025339579,1.9960402025339579,0.0,0.0,0.0,0.0,0.0
45,6,2.4448,2.4448,1.012647444455204,1.6937844468740195,1.4321525555447958,0.0,0.2616318913292237,0.0,0.0,0.0
45,7,2.7338999999999993,2.7338999999999993,0.9141748831922534,2.0215327690136293,1.819725116807746,0.0,0.20180765220588337,0.0,0.0,0.0
45,8,2.904,2.904,0.9150535988472077,2.1343953888309075,1.9889464011527922,0.0,0.14544898767811532,0.0,0.0,0.0
45,9,2.8355999999999995,2.8355999999999995,0.9147334624584994,2.221849833997547,1.9208665375415,0.0,0.30098329645604716,0.0,0.0,0.0
45,10,2.8120000000000003,2.8120000000000003,0.9146253429641973,2.2613718567891263,1.897374657035803,0.0,0.36399719975332334,0.0,0.0,0.0
45,11,3.2861000000000007,3.2861000000000007,1.1562584378476233,2.1298415621523774,2.1298415621523774,0.0,0.0,0.0,0.0,0.0
45,12,3.2810000000000006,3.2810000000000006,1.1685800448444015,2.112419955155599,2.112419955155599,0.0,0.0,0.0,0.0,0.0
45,13,3.2618,3.2618,1.0168769702113303,2.2718808453211614,2.2449230297886698,0.0,0.026957815532491658,0.0,0.0,0.0
45,14,3.2360000000000007,3.2360000000000007,1.0167498288029901,2.2793152119607365,2.2192501711970105,0.0,0.060065040763725985,0.0,0.0,0.0
45,15,3.2686,3.2686,1.0169168546398988,2.295418559595193,2.2516831453601016,0.0,0.04373541423509164,0.0,0.0,0.0
45,16,2.8779000000000003,2.8779000000000003,1.0149412219511305,2.206887804521835,1.86295877804887,0.0,0.3439290264729651,0.0,0.0,0.0
45,17,2.6,2.6,0.3924032123745853,2.207596787625415,2.207596787625415,0.0,0.0,0.0,0.0,0.0
45,18,2.4674000000000005,2.4674000000000005,0.38817424514922827,2.079225754850772,2.079225754850772,0.0,0.0,0.0,0.0,0.0
45,19,2.5596999999999994,2.5596999999999994,0.3891625507104952,2.170537449289504,2.170537449289504,0.0,0.0,0.0,0.0,0.0
45,20,2.3735,2.3735,0.3549304048098265,2.0185695951901734,2.0185695951901734,0.0,0.0,0.0,0.0,0.0
45,21,2.4331000000000005,2.4331000000000005,0.1127527934637731,2.349173855092348,2.320347206536227,0.0,0.028826648556120604,0.0,0.0,0.0
45,22,2.8314000000000004,2.8314000000000004,1.0146936487415528,2.1465987950971197,1.8167063512584476,0.0,0.3298924438386721,0.0,0.0,0.0
45,23,2.8305000000000002,2.8305000000000002,0.914721222388875,2.2748895554998807,1.9157787776111252,0.0,0.35911077788875545,0.0,0.0,0.0
45,24,2.4875,2.4875,0.912965644915725,2.1125796628995417,1.5745343550842748,0.0,0.5380453078152668,0.0,0.0,0.0
46,1,2.1919,2.1919,0.11149219710843297,2.1307884337318432,2.080407802891567,0.0,0.05038063084027625,0.0,0.0,0.0
46,2,2.3535000000000004,2.3535000000000004,0.11233303800318568,2.262152012742697,2.241166961996815,0.0,0.020985050745882375,0.0,0.0,0.0
46,3,2.3467000000000002,2.3467000000000002,0.2585529173577541,2.088147082642246,2.088147082642246,0.0,0.0,0.0,0.0,0.0
46,4,2.3673,2.3673,0.2235621069436129,2.1437378930563873,2.1437378930563873,0.0,0.0,0.0,0.0,0.0
46,5,2.3906,2.3906,0.21451256992965373,2.1760874300703463,2.1760874300703463,0.0,0.0,0.0,0.0,0.0
46,6,2.4448,2.4448,1.0126969980381302,1.8919987785785426,1.4321030019618697,0.0,0.4598957766166729,0.0,0.0,0.0
46,7,2.7338999999999993,2.7338999999999993,0.914151350838828,1.9274033553122614,1.8197486491611712,0.0,0.10765470615109007,0.0,0.0,0.0
46,8,2.904,2.904,0.9150545866871614,2.13834674864576,1.9889454133128384,0.0,0.14940133533292144,0.0,0.0,0.0
46,9,2.8355999999999995,2.8355999999999995,0.9147559266070776,2.311706428310228,1.9208440733929217,0.0,0.39086235491730636,0.0,0.0,0.0
46,10,2.8120000000000003,2.8120000000000003,0.9146207813925364,2.2431255701454607,1.8973792186074638,0.0,0.3457463515379968,0.0,0.0,0.0
46,11,3.2861000000000007,3.2861000000000007,1.1702948259469035,2.115805174053097,2.115805174053097,0.0,0.0,0.0,0.0,0.0
46,12,3.2810000000000006,3.2810000000000006,1.161854292541122,2.1191457074588786,2.1191457074588786,0.0,0.0,0.0,0.0,0.0
46,13,3.2618,3.2618,1.0168851509428691,2.3046037714764953,2.244914849057131,0.0,0.05968892241936441,0.0,0.0,0.0
46,14,3.2360000000000007,3.2360000000000007,1.0167357426587076,2.2229706348303155,2.219264257341293,0.0,0.003706377489022472,0.0,0.0,0.0
46,15,3.2686,3.2686,1.0169354457193847,2.369782877538257,2.2516645542806155,0.0,0.11811832325764138,0.0,0.0,0.0
46,16,2.8779000000000003,2.8779000000000003,1.014982934467937,2.373737871748571,1.8629170655320633,0.0,0.5108208062165077,0.0,0.0,0.0
46,17,2.6,2.6,0.35386149984449666,2.2461385001555034,2.2461385001555034,0.0,0.0,0.0,0.0,0.0
46,18,2.4674000000000005,2.4674000000000005,0.3253189119460944,2.142081088053906,2.142081088053906,0.0,0.0,0.0,0.0,0.0
46,19,2.5596999999999994,2.5596999999999994,0.436348663420981,2.1233513365790184,2.1233513365790184,0.0,0.0,0.0,0.0,0.0
46,20,2.3735,2.3735,0.24102387175241624,2.1324761282475837,2.1324761282475837,0.0,0.0,0.0,0.0,0.0
46,21,2.4331000000000005,2.4331000000000005,0.11275586577260979,2.361463090439122,2.3203441342273905,0.0,0.04111895621173137,0.0,0.0,0.0
46,22,2.8314000000000004,2.8314000000000004,1.014716838954761,2.2393596479297635,1.8166831610452394,0.0,0.4226764868845241,0.0,0.0,0.0
46,23,2.8305000000000002,2.8305000000000002,0.9147076474713302,2.2205898853205044,1.91579235252867,0.0,0.3047975327918343,0.0,0.0,0.0
46,24,2.4875,2.4875,0.9129474999320955,2.0399997283816136,1.5745525000679044,0.0,0.4654472283137092,0.0,0.0,0.0
47,1,2.1919,2.1919,0.11150950692793715,2.20002771174861,2.0803904930720627,0.0,0.11963721867654697,0.0,0.0,0.0
47,2,2.3535000000000004,2.3535000000000004,0.1123325512288931,2.2602049155723485,2.2411674487711073,0.0,0.019037466801241215,0.0,0.0,0.0
47,3,2.3467000000000002,2.3467000000000002,0.22888214839414278,2.1178178516058574,2.1178178516058574,0.0,0.0,0.0,0.0,0.0
47,4,2.3673,2.3673,0.22397129395449644,2.1433287060455037,2.1433287060455037,0.0,0.0,0.0,0.0,0.0
47,5,2.3906,2.3906,0.2810293153696235,2.1095706846303766,2.1095706846303766,0.0,0.0,0.0,0.0,0.0
47,6,2.4448,2.4448,1.0126995006039685,1.9020090419320517,1.4321004993960313,0.0,0.4699085425360203,0.0,0.0,0.0
47,7,2.7338999999999993,2.7338999999999993,0.914190722829996,2.084891319983937,1.8197092771700034,0.0,0.26518204281393365,0.0,0.0,0.0
47,8,2.904,2.904,0.9150175484389631,1.990193755852387,1.9889824515610368,0.0,0.0012113042913501904,0.0,0.0,0.0
47,9,2.8355999999999995,2.8355999999999995,0.9147205212886177,2.1700851544706015,1.9208794787113819,0.0,0.2492056757592197,0.0,0.0,0.0
47,10,2.8120000000000003,2.8120000000000003,0.914606336680893,2.185346723571629,1.8973936633191073,0.0,0.28795306025252154,0.0,0.0,0.0
47,11,3.2861000000000007,3.2861000000000007,1.2312536280076638,2.054846371992337,2.054846371992337,0.0,0.0,0.0,0.0,0.0
47,12,3.2810000000000006,3.2810000000000006,1.0169759557001143,2.2838228004574184,2.2640240442998865,0.0,0.019798756157532127,0.0,0.0,0.0
47,13,3.2618,3.2618,1.0168822481650732,2.292992660292529,2.244917751834927,0.0,0.048074908457602095,0.0,0.0,0.0
47,14,3.2360000000000007,3.2360000000000007,1.081741154340809,2.1542588456591916,2.1542588456591916,0.0,0.0,0.0,0.0,0.0
47,15,3.2686,3.2686,1.0169181159925886,2.3004639703543193,2.2516818840074118,0.0,0.04878208634690773,0.0,0.0,0.0
47,16,2.8779000000000003,2.8779000000000003,1.0149503490480558,2.243396192222979,1.8629496509519445,0.0,0.38044654127103444,0.0,0.0,0.0
47,17,2.6,2.6,0.3731276902550733,2.226872309744927,2.226872309744927,0.0,0.0,0.0,0.0,0.0
47,18,2.4674000000000005,2.4674000000000005,0.3317177116137402,2.1356822883862603,2.1356822883862603,0.0,0.0,0.0,0.0,0.0
47,19,2.5596999999999994,2.5596999999999994,0.382955371247907,2.1767446287520924,2.1767446287520924,0.0,0.0,0.0,0.0,0.0
47,20,2.3735,2.3735,0.2798395301565879,2.093660469843412,2.093660469843412,0.0,0.0,0.0,0.0,0.0
47,21,2.4331000000000005,2.4331000000000005,0.11276499435224285,2.3979774089714043,2.320335005647758,0.0,0.07764240332364669,0.0,0.0,0.0
47,22,2.8314000000000004,2.8314000000000004,1.0147565490638282,2.3982000841988773,1.8166434509361722,0.0,0.5815566332627051,0.0,0.0,0.0
47,23,2.8305000000000002,2.8305000000000002,0.9147142801384267,2.2471205537068464,1.9157857198615735,0.0,0.33133483384527285,0.0,0.0,0.0
47,24,2.4875,2.4875,0.9129912385766761,2.214954306704262,1.5745087614233237,0.0,0.6404455452809383,0.0,0.0,0.0
48,1,2.1919,2.1919,0.11152437974261488,2.2595189704594794,2.080375620257385,0.0,0.17914335020209426,0.0,0.0,0.0
48,2,2.3535000000000004,2.3535000000000004,0.11236142416347705,2.375696653908203,2.241138575836523,0.0,0.13455807807167985,0.0,0.0,0.0
48,3,2.3467000000000002,2.3467000000000002,0.11230439494117346,2.2835797646938256,2.2343956050588267,0.0,0.04918415963499885,0.0,0.0,0.0
48,4,2.3673,2.3673,0.18631118070731345,2.1809888192926867,2.1809888192926867,0.0,0.0,0.0,0.0,0.0
48,5,2.3906,2.3906,0.33812558971187734,2.0524744102881227,2.0524744102881227,0.0,0.0,0.0,0.0,0.0
48,6,2.4448,2.4448,1.0126911901019957,1.8687670340405427,1.4321088098980042,0.0,0.4366582241425385,0.0,0.0,0.0
48,7,2.7338999999999993,2.7338999999999993,0.9141648796274685,1.9815185098741186,1.8197351203725307,0.0,0.16178338950158777,0.0,0.0,0.0
48,8,2.904,2.904,0.915070179473615,2.200717894459882,1.9889298205263848,0.0,0.2117880739334973,0.0,0.0,0.0
48,9,2.8355999999999995,2.8355999999999995,0.9147359624538651,2.231849815460567,1.9208640375461343,0.0,0.3109857779144327,0.0,0.0,0.0
48,10,2.8120000000000003,2.8120000000000003,0.9146123824323706,2.209529729482403,1.8973876175676296,0.0,0.31214211191477315,0.0,0.0,0.0
48,11,3.2861000000000007,3.2861000000000007,1.0496082685835404,2.2364917314164603,2.2364917314164603,0.0,0.0,0.0,0.0,0.0
48,12,3.2810000000000006,3.2810000000000006,1.1526499358244937,2.128350064175507,2.128350064175507,0.0,0.0,0.0,0.0,0.0
48,13,3.2618,3.2618,1.0168736073538587,2.258429415434124,2.2449263926461414,0.0,0.013503022787982544,0.0,0.0,0.0
48,14,3.2360000000000007,3.2360000000000007,1.0824182604613468,2.153581739538654,2.153581739538654,0.0,0.0,0.0,0.0,0.0
48,15,3.2686,3.2686,1.0169288168032322,2.3432672129283896,2.251671183196768,0.0,0.09159602973162151,0.0,0.0,0.0
48,16,2.8779000000000003,2.8779000000000003,1.0149767889397507,2.349155759002835,1.8629232110602496,0.0,0.4862325479425853,0.0,0.0,0.0
48,17,2.6,2.6,0.4466311744928846,2.1533688255071155,2.1533688255071155,0.0,0.0,0.0,0.0,0.0
48,18,2.4674000000000005,2.4674000000000005,0.39487223245114755,2.072527767548853,2.072527767548853,0.0,0.0,0.0,0.0,0.0
48,19,2.5596999999999994,2.5596999999999994,0.5035501581781427,2.0561498418218567,2.0561498418218567,0.0,0.0,0.0,0.0,0.0
48,20,2.3735,2.3735,0.24959245342470515,2.123907546575295,2.123907546575295,0.0,0.0,0.0,0.0,0.0
48,21,2.4331000000000005,2.4331000000000005,0.13755732792522712,2.2955426720747734,2.2955426720747734,0.0,0.0,0.0,0.0,0.0
48,22,2.8314000000000004,2.8314000000000004,1.0147034541114663,2.185820274750903,1.8166965458885342,0.0,0.3691237288623689,0.0,0.0,0.0
48,23,2.8305000000000002,2.8305000000000002,0.9147119530326159,2.2378121304636007,1.9157880469673843,0.0,0.32202408349621636,0.0,0.0,0.0
48,24,2.4875,2.4875,0.9129704716985463,2.131886794185198,1.5745295283014535,0.0,0.5573572658837447,0.0,0.0,0.0
49,1,2.1919,2.1919,0.11150569744540242,2.1847897816096844,2.0803943025545975,0.0,0.10439547905508686,0.0,0.0,0.0
49,2,2.3535000000000004,2.3535000000000004,0.1157339252664471,2.2377660747335533,2.2377660747335533,0.0,0.0,0.0,0.0,0.0
49,3,2.3467000000000002,2.3467000000000002,0.2545556419066721,2.092144358093328,2.092144358093328,0.0,0.0,0.0,0.0,0.0
49,4,2.3673,2.3673,0.196993352404653,2.170306647595347,2.170306647595347,0.0,0.0,0.0,0.0,0.0
49,5,2.3906,2.3906,0.4220596851265852,1.9685403148734149,1.9685403148734149,0.0,0.0,0.0,0.0,0.0
49,6,2.4448,2.4448,1.012694482112905,1.8819350776779116,1.432105517887095,0.0,0.44982955979081674,0.0,0.0,0.0
49,7,2.7338999999999993,2.7338999999999993,0.9142018977516733,2.1295910066928263,1.819698102248326,0.0,0.30989290444450024,0.0,0.0,0.0
49,8,2.904,2.904,0.9150690200530912,2.196080212364912,1.9889309799469088,0.0,0.20714923241800343,0.0,0.0,0.0
49,9,2.8355999999999995,2.8355999999999995,0.9146738781579569,1.9835126318275358,1.9209261218420426,0.0,0.0625865099854932,0.0,0.0,0.0
49,10,2.8120000000000003,2.8120000000000003,0.9146152538269223,2.221015307689098,1.897384746173078,0.0,0.3236305615160202,0.0,0.0,0.0
49,11,3.2861000000000007,3.2861000000000007,1.1838325438821076,2.102267456117893,2.102267456117893,0.0,0.0,0.0,0.0,0.0
49,12,3.2810000000000006,3.2810000000000006,1.100640498732464,2.1803595012675365,2.1803595012675365,0.0,0.0,0.0,0.0,0.0
49,13,3.2618,3.2618,1.016880385522534,2.285542090134965,2.244919614477466,0.0,0.04062247565749855,0.0,0.0,0.0
49,14,3.2360000000000007,3.2360000000000007,1.076597550264088,2.1594024497359126,2.1594024497359126,0.0,0.0,0.0,0.0,0.0
49,15,3.2686,3.2686,1.016931867655747,2.355470622987744,2.2516681323442533,0.0,0.10380249064349079,0.0,0.0,0.0
49,16,2.8779000000000003,2.8779000000000003,1.0149609879159784,2.2859516639140494,1.8629390120840217,0.0,0.42301265183002756,0.0,0.0,0.0
49,17,2.6,2.6,0.4262368189195129,2.173763181080487,2.173763181080487,0.0,0.0,0.0,0.0,0.0
49,18,2.4674000000000005,2.4674000000000005,0.37269463125767865,2.094705368742322,2.094705368742322,0.0,0.0,0.0,0.0,0.0
49,19,2.5596999999999994,2.5596999999999994,0.49115368856596175,2.0685463114340377,2.0685463114340377,0.0,0.0,0.0,0.0,0.0
49,20,2.3735,2.3735,0.2286006808920633,2.1448993191079366,2.1448993191079366,0.0,0.0,0.0,0.0,0.0
49,21,2.4331000000000005,2.4331000000000005,0.1357652610472111,2.2973347389527894,2.2973347389527894,0.0,0.0,0.0,0.0,0.0
49,22,2.8314000000000004,2.8314000000000004,1.014708533384868,2.2061373683576986,1.8166914666151324,0.0,0.3894459017425661,0.0,0.0,0.0
49,23,2.8305000000000002,2.8305000000000002,0.9147092940790725,2.227176316290133,1.9157907059209278,0.0,0.3113856103692051,0.0,0.0,0.0
49,24,2.4875,2.4875,0.9129638527454063,2.1054109816249382,1.5745361472545936,0.0,0.5308748343703447,0.0,0.0,0.0
50,1,2.1919,2.1919,0.11152427099529616,2.2590839811846446,2.080375729004704,0.0,0.1787082521799408,0.0,0.0,0.0
50,2,2.3535000000000004,2.3535000000000004,0.11234130218334945,2.2952087333977964,2.241158697816651,0.0,0.05405003558114549,0.0,0.0,0.0
50,3,2.3467000000000002,2.3467000000000002,0.158185518972505,2.1885144810274952,2.1885144810274952,0.0,0.0,0.0,0.0,0.0
50,4,2.3673,2.3673,0.24576684167295948,2.1215331583270407,2.1215331583270407,0.0,0.0,0.0,0.0,0.0
50,5,2.3906,2.3906,0.1814368103905335,2.2091631896094666,2.2091631896094666,0.0,0.0,0.0,0.0,0.0
50,6,2.4448,2.4448,1.0127220650932676,1.9922669991279995,1.4320779349067323,0.0,0.5601890642212672,0.0,0.0,0.0
50,7,2.7338999999999993,2.7338999999999993,0.914229282736307,2.239130945227937,1.8196707172636923,0.0,0.41946022796424476,0.0,0.0,0.0
50,8,2.904,2.904,0.9150921795425407,2.2887181701627477,1.988907820457459,0.0,0.2998103497052885,0.0,0.0,0.0
50,9,2.8355999999999995,2.8355999999999995,0.9147308673626112,2.2114694504447967,1.9208691326373883,0.0,0.29060031780740847,0.0,0.0,0.0
50,10,2.8120000000000003,2.8120000000000003,0.9146101402076743,2.200560830696925,1.897389859792326,0.0,0.3031709709045989,0.0,0.0,0.0
50,11,3.2861000000000007,3.2861000000000007,1.284365585274998,2.0017344147250027,2.0017344147250027,0.0,0.0,0.0,0.0,0.0
50,12,3.2810000000000006,3.2810000000000006,1.062223446521319,2.2187765534786816,2.2187765534786816,0.0,0.0,0.0,0.0,0.0
50,13,3.2618,3.2618,1.169200561646973,2.092599438353027,2.092599438353027,0.0,0.0,0.0,0.0,0.0
50,14,3.2360000000000007,3.2360000000000007,1.177838336242135,2.0581616637578657,2.0581616637578657,0.0,0.0,0.0,0.0,0.0
50,15,3.2686,3.2686,1.0169238587539733,2.323435015893052,2.251676141246027,0.0,0.07175887464702524,0.0,0.0,0.0
50,16,2.8779000000000003,2.8779000000000003,1.0149552531096646,2.26301243865807,1.8629447468903357,0.0,0.4000676917677343,0.0,0.0,0.0
50,17,2.6,2.6,0.41107199882477286,2.1889280011752272,2.1889280011752272,0.0,0.0,0.0,0.0,0.0
50,18,2.4674000000000005,2.4674000000000005,0.2129086359678152,2.2865438712607427,2.254491364032185,0.0,0.032052507228557375,0.0,0.0,0.0
50,19,2.5596999999999994,2.5596999999999994,0.38802385126392425,2.171676148736075,2.171676148736075,0.0,0.0,0.0,0.0,0.0
50,20,2.3735,2.3735,0.178418003901208,2.195081996098792,2.195081996098792,0.0,0.0,0.0,0.0,0.0
50,21,2.4331000000000005,2.4331000000000005,0.11275962979993163,2.376519199726525,2.3203403702000687,0.0,0.056178829526456295,0.0,0.0,0.0
50,22,2.8314000000000004,2.8314000000000004,1.0147265233877782,2.278097379999022,1.8166734766122221,0.0,0.4614239033867997,0.0,0.0,0.0
50,23,2.8305000000000002,2.8305000000000002,0.9146861522114775,2.134608845910015,1.9158138477885227,0.0,0.21879499812149228,0.0,0.0,0.0
50,24,2.4875,2.4875,0.9129607704179747,2.093081671898872,1.574539229582025,0.0,0.5185424423168468,0.0,0.0,0.0
