0.0,0.0,0.0,0.0,0.0,0.0,0.0,0.0,0.0,0.0,0.0,0.0,0.0,0.0,0.0,0.0,0.0,0.0,0.0,0.0,0.0,0.0,0.0,0.0
0.0,0.0,0.0,0.0,0.0,0.0,0.0,0.0,0.0,0.0,0.0,0.0,0.0,0.0,0.0,0.0,0.0,0.0,0.0,0.0,0.0,0.0,0.0,0.0
0.0,0.0,0.0,0.0,0.0,0.0,0.0,0.0,0.0,0.0,0.0,0.0,0.0,0.0,0.0,0.0,0.0,0.0,0.0,0.0,0.0,0.0,0.0,0.0
3.0,3.0,3.0,2.4,1.8,2.4,3.0,3.0,3.0,2.4,3.0,3.0,3.0,3.0,3.0,3.0,3.0,3.0,3.0,3.0,3.0,3.0,3.0,3.0
2.26667,1.66667,1.6,1.0,1.0,1.6,1.66667,2.26667,1.73333,2.33333,2.93333,2.33333,1.73333,2.33333,2.4,3.0,2.4,3.0,3.0,3.0,2.4,3.0,2.4,2.33333
0.0,0.0,0.0,0.0,0.0,0.0,0.0,0.0,0.0,0.0,0.0,0.0,0.0,0.0,0.0,0.0,0.0,0.1,0.3,0.3,0.1,0.3,0.1,0.1
0.0,0.0,0.0,0.0,0.0,0.25,0.45,0.65,0.85,0.8,1.0,1.0,1.0,1.0,1.0,1.0,1.0,1.0,1.0,1.0,1.0,1.0,0.8,1.0
0.0,0.0,0.0,0.0,0.0,0.0,0.0,0.0,0.0,0.0,0.0,0.0,0.0,0.0,0.0,0.0,0.0,0.0,0.0,0.0,0.0,0.0,0.0,0.0
0.0,0.0,0.0,0.0,0.0,0.0,0.0,0.0,0.0,0.0,0.0,0.0,0.0,0.0,0.0,0.0,0.0,0.0,0.0,0.0,0.0,0.0,0.0,0.0
3.0,3.0,3.0,2.4,1.8,2.4,3.0,3.0,3.0,2.4,3.0,3.0,3.0,3.0,3.0,3.0,3.0,3.0,3.0,3.0,3.0,3.0,3.0,3.0
2.53333,1.83333,1.7,1.0,1.0,1.7,1.83333,1.83333,1.83333,2.53333,3.23333,2.53333,1.83333,1.96667,2.66667,3.36667,2.8,3.5,3.5,3.5,2.8,3.5,2.8,2.66667
0.0,0.0,0.0,0.0,0.0,0.0,0.0,0.0,0.0,0.0,0.0,0.0,0.0,0.0,0.0,0.0,0.0,0.0,0.0,0.0,0.0,0.0,0.0,0.0
0.0,0.0,0.0,0.0,0.0,0.0,0.0,0.0,0.0,0.0,0.0,0.0,0.0,0.0,0.0,0.0,0.0,0.0,0.0,0.0,0.0,0.0,0.0,0.0
0.0,0.0,0.0,0.0,0.0,0.25,0.45,0.65,0.85,0.8,1.0,1.0,1.0,1.0,0.8,1.0,1.0,1.0,1.0,1.0,1.0,1.0,0.8,1.0
0.0,0.0,0.0,0.0,0.0,0.0,0.0,0.0,0.0,0.0,0.0,0.0,0.0,0.0,0.0,0.0,0.0,0.08,0.3,0.3,0.08,0.0,0.0,0.0
0.0,0.0,0.0,0.0,0.0,0.25,0.45,0.65,0.85,0.8,1.0,1.0,1.0,1.0,1.0,1.0,1.0,1.0,1.0,1.0,1.0,1.0,0.8,1.0
0.0,0.0,0.0,0.0,0.0,0.0,0.0,0.0,0.0,0.0,0.0,0.0,0.0,0.0,0.0,0.0,0.0,0.08,0.3,0.3,0.08,0.0,0.0,0.0
0.0,0.0,0.0,0.0,0.0,0.0,0.0,0.0,0.0,0.0,0.0,0.0,0.0,0.0,0.0,0.0,0.0,0.08,0.3,0.3,0.08,0.0,0.0,0.0
0.0,0.0,0.0,0.0,0.0,0.25,0.45,0.65,0.85,0.8,1.0,1.0,1.0,1.0,0.8,1.0,1.0,1.0,1.0,1.0,1.0,1.0,0.8,1.0
2.33333,1.83333,1.33333,0.83333,0.5,1.0,1.5,1.83333,1.83333,2.0,2.5,2.33333,1.83333,1.83333,2.0,2.5,2.0,2.5,2.5,2.5,2.0,2.5,2.0,2.5
0.0,0.0,0.0,0.0,0.0,0.5,0.5,0.5,0.5,0.5,1.0,0.5,0.5,0.5,0.5,0.5,1.0,1.5,2.0,2.5,2.0,1.5,1.0,0.5
0.0,0.0,0.0,0.0,0.0,0.25,0.45,0.65,0.85,0.8,1.0,1.0,1.0,1.0,0.8,1.0,1.0,1.0,1.0,1.0,1.0,1.0,0.8,1.0
0.0,0.0,0.0,0.0,0.0,0.25,0.45,0.65,0.85,0.8,1.0,1.0,1.0,1.0,1.0,1.0,1.0,1.0,1.0,1.0,1.0,1.0,0.8,1.0
0.0,0.0,0.0,0.0,0.0,0.5,0.5,0.5,0.5,0.5,0.9,0.5,0.5,0.5,0.5,0.5,0.9,1.3,1.7,2.0,1.6,1.3,0.9,0.5
2.0,1.6,1.2,0.8,0.5,0.9,1.3,1.7,1.5,1.6,2.0,2.0,1.6,2.0,1.6,2.0,2.0,2.0,2.0,2.0,2.0,2.0,1.6,2.0
0.0,0.0,0.0,0.0,0.0,0.25,0.45,0.65,0.85,0.8,1.0,1.0,1.0,1.0,1.0,1.0,1.0,1.0,1.0,1.0,1.0,1.0,0.8,1.0
4.2,3.36,3.36,2.52,1.68,2.52,3.36,4.2,4.2,3.36,4.2,4.2,4.2,4.2,4.2,4.2,4.2,4.2,4.2,4.2,4.2,4.2,4.2,4.2
2.06667,1.22667,1.0,1.0,1.0,1.0,1.22667,2.06667,1.45333,2.29333,3.13333,2.90667,2.06667,2.06667,2.29333,3.13333,2.52,3.36,4.2,4.2,3.36,4.2,3.36,2.52
3.0,3.0,3.0,2.4,1.8,2.4,3.0,3.0,3.0,2.4,3.0,3.0,3.0,3.0,3.0,3.0,3.0,3.0,3.0,3.0,3.0,3.0,3.0,3.0
0.0,0.0,0.0,0.0,0.3,0.3,0.3,0.3,0.3,0.3,0.63333,0.3,0.0,0.0,0.0,0.0,0.0,0.3,0.8,0.8,0.3,0.8,0.3,0.3
0.0,0.0,0.0,0.0,0.0,0.0,0.0,0.0,0.0,0.0,0.0,0.0,0.0,0.0,0.0,0.0,0.0,0.1,0.3,0.3,0.1,0.3,0.1,0.1
0.0,0.0,0.0,0.0,0.0,0.0,0.0,0.0,0.0,0.0,0.0,0.0,0.0,0.0,0.0,0.0,0.0,0.0,0.0,0.0,0.0,0.0,0.0,0.0
0.0,0.0,0.0,0.0,0.0,0.0,0.0,0.0,0.0,0.0,0.0,0.0,0.0,0.0,0.0,0.0,0.0,0.0,0.0,0.0,0.0,0.0,0.0,0.0
0.0,0.0,0.0,0.0,0.0,0.0,0.0,0.0,0.0,0.0,0.0,0.0,0.0,0.0,0.0,0.25,0.4,0.6,0.8,1.0,0.8,0.6,0.4,0.25
0.0,0.0,0.0,0.0,0.0,0.0,0.0,0.0,0.0,0.0,0.0,0.0,0.0,0.0,0.0,0.25,0.25,0.3,0.5,0.7,0.5,0.3,0.25,0.25
2.1,1.5,1.5,0.0,0.0,0.0,0.0,0.0,0.0,0.0,0.0,1.5,1.5,2.0,2.4,3.0,2.4,3.0,3.0,3.0,2.5,3.0,2.4,2.5
0.0,0.0,0.0,0.0,0.0,0.0,0.0,0.0,0.0,0.0,0.0,0.0,0.0,0.0,0.0,0.25,0.4,0.6,0.8,1.0,0.8,0.6,0.4,0.25
0.0,0.0,0.0,0.0,0.0,0.1,0.0,0.0,0.0,0.0,0.0,0.0,0.0,0.0,0.0,0.0,0.0,0.1,0.3,0.3,0.1,0.1,0.1,0.0
2.26667,1.66667,1.6,1.0,1.0,1.6,1.66667,2.26667,1.73333,2.33333,2.93333,2.33333,1.73333,1.8,2.4,3.0,2.4,3.0,3.0,3.0,2.4,3.0,2.4,2.33333
2.0,2.0,2.0,1.6,1.2,1.6,2.0,2.0,2.0,1.6,2.0,2.0,2.0,2.0,2.0,2.0,2.0,2.0,2.0,2.0,2.0,2.0,2.0,2.0
0.0,0.0,0.0,0.0,0.0,0.0,0.0,0.0,0.0,0.0,0.0,0.0,0.0,0.0,0.0,0.0,0.0,0.0,0.0,0.0,0.0,0.0,0.0,0.0
0.0,0.0,0.0,0.0,0.0,0.2,0.0,0.0,0.0,0.0,0.0,0.0,0.0,0.0,0.0,0.0,0.0,0.2,0.5,0.5,0.2,0.4,0.2,0.0
3.0,3.0,3.0,2.4,1.8,2.4,3.0,3.0,3.0,2.4,3.0,3.0,3.0,3.0,3.0,3.0,3.0,3.0,3.0,3.0,3.0,3.0,3.0,3.0
2.26667,1.66667,1.6,1.0,1.0,1.6,1.66667,1.66667,1.73333,2.33333,2.93333,2.33333,1.73333,2.33333,2.4,3.0,2.4,3.0,3.0,3.0,2.4,3.0,2.4,2.33333
3.0,3.0,3.0,2.4,1.8,2.4,3.0,3.0,3.0,2.4,3.0,3.0,3.0,3.0,3.0,3.0,3.0,3.0,3.0,3.0,3.0,3.0,3.0,3.0
0.0,0.0,0.0,0.0,0.0,0.0,0.0,0.0,0.0,0.0,0.0,0.0,0.0,0.0,0.0,0.0,0.0,0.0,0.0,0.0,0.0,0.0,0.0,0.0
0.0,0.0,0.0,0.0,0.0,0.0,0.0,0.0,0.0,0.0,0.0,0.0,0.0,0.0,0.0,0.25,0.4,0.6,0.8,1.0,0.8,0.6,0.4,0.25
0.0,0.0,0.0,0.0,0.0,0.0,0.0,0.0,0.0,0.0,0.0,0.0,0.0,0.0,0.0,0.25,0.25,0.3,0.5,0.7,0.5,0.3,0.25,0.25
0.0,0.0,0.0,0.0,0.0,0.0,0.0,0.0,0.0,0.0,0.0,0.0,0.0,0.0,0.0,0.0,0.0,0.0,0.0,0.0,0.0,0.0,0.0,0.0
0.0,0.0,0.0,0.0,0.0,0.25,0.25,0.0,0.0,0.0,0.0,0.0,0.0,0.0,0.0,0.0,0.0,0.0,0.25,0.5,0.25,0.33333,0.25,0.25
0.0,0.0,0.0,0.0,0.0,0.0,0.0,0.0,0.0,0.0,0.0,0.0,0.0,0.0,0.0,0.25,0.4,0.6,0.8,1.0,0.8,0.6,0.4,0.25
0.0,0.0,0.0,0.0,0.0,0.0,0.0,0.0,0.0,0.0,0.0,0.0,0.0,0.0,0.0,0.25,0.25,0.3,0.5,0.7,0.5,0.3,0.25,0.25
0.0,0.0,0.0,0.0,0.0,0.0,0.0,0.0,0.0,0.0,0.0,0.0,0.0,0.0,0.0,0.25,0.4,0.6,0.8,1.0,0.8,0.6,0.4,0.25
0.0,0.0,0.0,0.0,0.0,0.25,0.25,0.0,0.0,0.0,0.0,0.0,0.0,0.0,0.0,0.0,0.0,0.0,0.25,0.5,0.25,0.25,0.0,0.0
0.0,0.0,0.0,0.0,0.0,0.0,0.0,0.0,0.0,0.0,0.0,0.0,0.0,0.0,0.0,0.0,0.0,0.0,0.0,0.0,0.0,0.0,0.0,0.0
0.0,0.0,0.0,0.0,0.0,0.0,0.0,0.0,0.0,0.0,0.0,0.0,0.0,0.0,0.0,0.0,0.0,0.0,0.0,0.0,0.0,0.0,0.0,0.0
0.0,0.0,0.0,0.0,0.0,0.0,0.0,0.0,0.0,0.0,0.0,0.0,0.0,0.0,0.0,0.0,0.0,0.0,0.0,0.0,0.0,0.0,0.0,0.0
3.0,3.0,3.0,2.4,1.8,2.4,3.0,3.0,3.0,2.4,3.0,3.0,3.0,3.0,3.0,3.0,3.0,3.0,3.0,3.0,3.0,3.0,3.0,3.0
2.26667,1.66667,1.6,1.0,1.0,1.6,1.66667,1.66667,1.73333,2.33333,2.93333,2.33333,1.73333,2.33333,2.4,3.0,2.4,3.0,3.0,3.0,2.4,3.0,2.4,2.33333
0.0,0.0,0.0,0.0,0.0,0.0,0.0,0.0,0.0,0.0,0.0,0.0,0.0,0.0,0.0,0.0,0.0,0.1,0.3,0.3,0.1,0.3,0.1,0.1
0.0,0.0,0.0,0.0,0.0,0.25,0.45,0.65,0.85,0.8,1.0,1.0,1.0,1.0,1.0,1.0,1.0,1.0,1.0,1.0,1.0,1.0,0.8,1.0
0.0,0.0,0.0,0.0,0.0,0.0,0.0,0.0,0.0,0.0,0.0,0.0,0.0,0.0,0.0,0.0,0.0,0.0,0.0,0.0,0.0,0.0,0.0,0.0
0.0,0.0,0.0,0.0,0.0,0.0,0.0,0.0,0.0,0.0,0.0,0.0,0.0,0.0,0.0,0.0,0.0,0.0,0.0,0.0,0.0,0.0,0.0,0.0
3.0,3.0,3.0,2.4,1.8,2.4,3.0,3.0,3.0,2.4,3.0,3.0,3.0,3.0,3.0,3.0,3.0,3.0,3.0,3.0,3.0,3.0,3.0,3.0
2.53333,1.83333,1.7,1.0,1.0,1.7,1.83333,1.83333,1.83333,2.53333,3.23333,2.53333,1.83333,1.96667,2.66667,3.36667,2.8,3.5,3.5,3.5,2.8,3.5,2.8,2.66667
0.0,0.0,0.0,0.0,0.0,0.0,0.0,0.0,0.0,0.0,0.0,0.0,0.0,0.0,0.0,0.0,0.0,0.08,0.3,0.3,0.08,0.0,0.0,0.0
0.0,0.0,0.0,0.0,0.0,0.0,0.0,0.0,0.0,0.0,0.0,0.0,0.0,0.0,0.0,0.0,0.0,0.08,0.3,0.3,0.08,0.0,0.0,0.0
0.0,0.0,0.0,0.0,0.0,0.25,0.45,0.65,0.85,0.8,1.0,1.0,1.0,1.0,0.8,1.0,1.0,1.0,1.0,1.0,1.0,1.0,0.8,1.0
0.0,0.0,0.0,0.0,0.0,0.0,0.0,0.0,0.0,0.0,0.0,0.0,0.0,0.0,0.0,0.0,0.0,0.08,0.3,0.3,0.08,0.0,0.0,0.0
0.0,0.0,0.0,0.0,0.0,0.25,0.45,0.65,0.85,0.8,1.0,1.0,1.0,1.0,1.0,1.0,1.0,1.0,1.0,1.0,1.0,1.0,0.8,1.0
0.0,0.0,0.0,0.0,0.0,0.0,0.0,0.0,0.0,0.0,0.0,0.0,0.0,0.0,0.0,0.0,0.0,0.08,0.3,0.3,0.08,0.0,0.0,0.0
0.0,0.0,0.0,0.0,0.0,0.0,0.0,0.0,0.0,0.0,0.0,0.0,0.0,0.0,0.0,0.0,0.0,0.08,0.3,0.3,0.08,0.0,0.0,0.0
0.0,0.0,0.0,0.0,0.0,0.25,0.45,0.65,0.85,0.8,1.0,1.0,1.0,1.0,0.8,1.0,1.0,1.0,1.0,1.0,1.0,1.0,0.8,1.0
2.33333,1.83333,1.33333,0.83333,0.5,1.0,1.5,1.83333,1.83333,2.0,2.5,2.33333,1.83333,1.83333,2.0,2.5,2.0,2.5,2.5,2.5,2.0,2.5,2.0,2.5
0.0,0.0,0.0,0.0,0.0,0.5,0.5,0.5,0.5,0.5,1.0,0.5,0.5,0.5,0.5,0.5,1.0,1.5,2.0,2.5,2.0,1.5,1.0,0.5
0.0,0.0,0.0,0.0,0.0,0.25,0.45,0.65,0.85,0.8,1.0,1.0,1.0,1.0,0.8,1.0,1.0,1.0,1.0,1.0,1.0,1.0,0.8,1.0
0.0,0.0,0.0,0.0,0.0,0.25,0.45,0.65,0.85,0.8,1.0,1.0,1.0,1.0,1.0,1.0,1.0,1.0,1.0,1.0,1.0,1.0,0.8,1.0
0.0,0.0,0.0,0.0,0.0,0.5,0.5,0.5,0.5,0.5,0.9,0.5,0.5,0.5,0.5,0.5,0.9,1.3,1.7,2.0,1.6,1.3,0.9,0.5
2.0,1.6,1.2,0.8,0.5,0.9,1.3,1.7,1.5,1.6,2.0,2.0,1.6,2.0,1.6,2.0,2.0,2.0,2.0,2.0,2.0,2.0,1.6,2.0
0.0,0.0,0.0,0.0,0.0,0.25,0.45,0.65,0.85,0.8,1.0,1.0,1.0,1.0,1.0,1.0,1.0,1.0,1.0,1.0,1.0,1.0,0.8,1.0
4.2,4.2,3.36,2.52,1.68,2.52,3.36,4.2,4.2,3.36,4.2,4.2,4.2,4.2,4.2,4.2,4.2,4.2,4.2,4.2,4.2,4.2,4.2,4.2
2.06667,1.22667,1.84,1.0,1.0,1.0,1.22667,2.06667,1.45333,2.29333,3.13333,2.90667,2.06667,2.06667,2.29333,3.13333,2.52,3.36,4.2,4.2,3.36,4.2,3.36,2.52
3.0,3.0,3.0,2.4,1.8,2.4,3.0,3.0,3.0,2.4,3.0,3.0,3.0,3.0,3.0,3.0,3.0,3.0,3.0,3.0,3.0,3.0,3.0,3.0
0.0,0.0,0.0,0.0,0.3,0.3,0.3,0.3,0.3,0.3,0.63333,0.3,0.0,0.0,0.0,0.0,0.0,0.3,0.8,0.8,0.3,0.8,0.3,0.3
0.0,0.0,0.0,0.0,0.0,0.0,0.0,0.0,0.0,0.0,0.0,0.0,0.0,0.0,0.0,0.0,0.0,0.1,0.3,0.3,0.1,0.3,0.1,0.1
0.0,0.0,0.0,0.0,0.0,0.0,0.0,0.0,0.0,0.0,0.0,0.0,0.0,0.0,0.0,0.0,0.0,0.0,0.0,0.0,0.0,0.0,0.0,0.0
0.0,0.0,0.0,0.0,0.0,0.0,0.0,0.0,0.0,0.0,0.0,0.0,0.0,0.0,0.0,0.0,0.0,0.0,0.0,0.0,0.0,0.0,0.0,0.0
0.0,0.0,0.0,0.0,0.0,0.0,0.0,0.0,0.0,0.0,0.0,0.0,0.0,0.0,0.0,0.25,0.4,0.6,0.8,1.0,0.8,0.6,0.4,0.25
0.0,0.0,0.0,0.0,0.0,0.0,0.0,0.0,0.0,0.0,0.0,0.0,0.0,0.0,0.0,0.25,0.25,0.3,0.5,0.7,0.5,0.3,0.25,0.25
2.1,1.5,1.5,0.0,0.0,0.0,0.0,0.0,0.0,0.0,0.0,1.5,1.5,2.0,2.4,3.0,2.4,3.0,3.0,3.0,2.5,3.0,2.4,2.5
0.0,0.0,0.0,0.0,0.0,0.0,0.0,0.0,0.0,0.0,0.0,0.0,0.0,0.0,0.0,0.25,0.4,0.6,0.8,1.0,0.8,0.6,0.4,0.25
0.0,0.0,0.0,0.0,0.0,0.1,0.0,0.0,0.0,0.0,0.0,0.0,0.0,0.0,0.0,0.0,0.0,0.1,0.3,0.3,0.1,0.1,0.1,0.0
2.26667,1.66667,1.6,1.0,1.0,1.6,1.66667,2.04383,1.73333,2.33333,2.93333,2.33333,1.73333,2.33333,2.4,3.0,2.4,3.0,3.0,3.0,2.4,3.0,2.4,2.33333
2.0,2.0,2.0,1.6,1.2,1.6,2.0,2.0,2.0,1.6,2.0,2.0,2.0,2.0,2.0,2.0,2.0,2.0,2.0,2.0,2.0,2.0,2.0,2.0
0.0,0.0,0.0,0.0,0.0,0.0,0.0,0.0,0.0,0.0,0.0,0.0,0.0,0.0,0.0,0.0,0.0,0.0,0.0,0.0,0.0,0.0,0.0,0.0
0.0,0.0,0.0,0.0,0.0,0.2,0.0,0.0,0.0,0.0,0.0,0.0,0.0,0.0,0.0,0.0,0.0,0.2,0.5,0.5,0.2,0.4,0.2,0.0
3.0,3.0,3.0,2.4,1.8,2.4,3.0,3.0,3.0,2.4,3.0,3.0,3.0,3.0,3.0,3.0,3.0,3.0,3.0,3.0,3.0,3.0,3.0,3.0
2.26667,1.66667,1.6,1.0,1.0,1.6,1.66667,2.26667,1.73333,2.33333,2.93333,2.33333,1.73333,1.8,2.4,3.0,2.4,3.0,3.0,3.0,2.4,3.0,2.4,2.33333
3.0,3.0,3.0,2.4,1.8,2.4,3.0,3.0,3.0,2.4,3.0,3.0,3.0,3.0,3.0,3.0,3.0,3.0,3.0,3.0,3.0,3.0,3.0,3.0
0.0,0.0,0.0,0.0,0.0,0.0,0.0,0.0,0.0,0.0,0.0,0.0,0.0,0.0,0.0,0.0,0.0,0.0,0.0,0.0,0.0,0.0,0.0,0.0
0.0,0.0,0.0,0.0,0.0,0.0,0.0,0.0,0.0,0.0,0.0,0.0,0.0,0.0,0.0,0.25,0.4,0.6,0.8,1.0,0.8,0.6,0.4,0.25
0.0,0.0,0.0,0.0,0.0,0.0,0.0,0.0,0.0,0.0,0.0,0.0,0.0,0.0,0.0,0.25,0.25,0.3,0.5,0.7,0.5,0.3,0.25,0.25
0.0,0.0,0.0,0.0,0.0,0.0,0.0,0.0,0.0,0.0,0.0,0.0,0.0,0.0,0.0,0.0,0.0,0.0,0.0,0.0,0.0,0.0,0.0,0.0
0.0,0.0,0.0,0.0,0.0,0.25,0.25,0.0,0.0,0.0,0.0,0.0,0.0,0.0,0.0,0.0,0.0,0.0,0.25,0.5,0.25,0.33333,0.25,0.25
0.0,0.0,0.0,0.0,0.0,0.0,0.0,0.0,0.0,0.0,0.0,0.0,0.0,0.0,0.0,0.25,0.4,0.6,0.8,1.0,0.8,0.6,0.4,0.25
0.0,0.0,0.0,0.0,0.0,0.0,0.0,0.0,0.0,0.0,0.0,0.0,0.0,0.0,0.0,0.25,0.25,0.3,0.5,0.7,0.5,0.3,0.25,0.25
0.0,0.0,0.0,0.0,0.0,0.0,0.0,0.0,0.0,0.0,0.0,0.0,0.0,0.0,0.0,0.25,0.4,0.6,0.8,1.0,0.8,0.6,0.4,0.25
0.0,0.0,0.0,0.0,0.0,0.25,0.25,0.0,0.0,0.0,0.0,0.0,0.0,0.0,0.0,0.0,0.0,0.0,0.25,0.5,0.25,0.25,0.0,0.0
0.0,0.0,0.0,0.0,0.0,0.0,0.0,0.0,0.0,0.0,0.0,0.0,0.0,0.0,0.0,0.0,0.0,0.0,0.0,0.0,0.0,0.0,0.0,0.0
0.0,0.0,0.0,0.0,0.0,0.0,0.0,0.0,0.0,0.0,0.0,0.0,0.0,0.0,0.0,0.0,0.0,0.0,0.0,0.0,0.0,0.0,0.0,0.0
0.0,0.0,0.0,0.0,0.0,0.0,0.0,0.0,0.0,0.0,0.0,0.0,0.0,0.0,0.0,0.0,0.0,0.0,0.0,0.0,0.0,0.0,0.0,0.0
3.0,3.0,3.0,2.4,1.8,2.4,3.0,3.0,3.0,2.4,3.0,3.0,3.0,3.0,3.0,3.0,3.0,3.0,3.0,3.0,3.0,3.0,3.0,3.0
2.26667,1.66667,1.6,1.0,1.0,1.6,1.66667,2.26667,1.73333,2.33333,2.93333,2.33333,1.73333,1.8,2.4,3.0,2.4,3.0,3.0,3.0,2.4,3.0,2.4,2.33333
0.0,0.0,0.0,0.0,0.0,0.0,0.0,0.0,0.0,0.0,0.0,0.0,0.0,0.0,0.0,0.0,0.0,0.1,0.3,0.3,0.1,0.3,0.1,0.1
0.0,0.0,0.0,0.0,0.0,0.25,0.45,0.65,0.85,0.8,1.0,1.0,1.0,1.0,1.0,1.0,1.0,1.0,1.0,1.0,1.0,1.0,0.8,1.0
0.0,0.0,0.0,0.0,0.0,0.0,0.0,0.0,0.0,0.0,0.0,0.0,0.0,0.0,0.0,0.0,0.0,0.0,0.0,0.0,0.0,0.0,0.0,0.0
0.0,0.0,0.0,0.0,0.0,0.0,0.0,0.0,0.0,0.0,0.0,0.0,0.0,0.0,0.0,0.0,0.0,0.0,0.0,0.0,0.0,0.0,0.0,0.0
3.0,3.0,3.0,2.4,1.8,2.4,3.0,3.0,3.0,2.4,3.0,3.0,3.0,3.0,3.0,3.0,3.0,3.0,3.0,3.0,3.0,3.0,3.0,3.0
2.53333,1.83333,1.7,1.0,1.0,1.7,1.83333,1.83333,1.83333,2.53333,3.23333,2.53333,1.83333,1.96667,2.66667,3.36667,2.8,3.5,3.5,3.5,2.8,3.5,2.8,2.66667
0.0,0.0,0.0,0.0,0.0,0.0,0.0,0.0,0.0,0.0,0.0,0.0,0.0,0.0,0.0,0.0,0.0,0.08,0.3,0.3,0.08,0.0,0.0,0.0
0.0,0.0,0.0,0.0,0.0,0.0,0.0,0.0,0.0,0.0,0.0,0.0,0.0,0.0,0.0,0.0,0.0,0.08,0.3,0.3,0.08,0.0,0.0,0.0
0.0,0.0,0.0,0.0,0.0,0.25,0.45,0.65,0.85,0.8,1.0,1.0,1.0,1.0,0.8,1.0,1.0,1.0,1.0,1.0,1.0,1.0,0.8,1.0
0.0,0.0,0.0,0.0,0.0,0.0,0.0,0.0,0.0,0.0,0.0,0.0,0.0,0.0,0.0,0.0,0.0,0.08,0.3,0.3,0.08,0.0,0.0,0.0
0.0,0.0,0.0,0.0,0.0,0.25,0.45,0.65,0.85,0.8,1.0,1.0,1.0,1.0,1.0,1.0,1.0,1.0,1.0,1.0,1.0,1.0,0.8,1.0
0.0,0.0,0.0,0.0,0.0,0.0,0.0,0.0,0.0,0.0,0.0,0.0,0.0,0.0,0.0,0.0,0.0,0.08,0.3,0.3,0.08,0.0,0.0,0.0
0.0,0.0,0.0,0.0,0.0,0.0,0.0,0.0,0.0,0.0,0.0,0.0,0.0,0.0,0.0,0.0,0.0,0.08,0.3,0.3,0.08,0.0,0.0,0.0
0.0,0.0,0.0,0.0,0.0,0.25,0.45,0.65,0.85,0.8,1.0,1.0,1.0,1.0,0.8,1.0,1.0,1.0,1.0,1.0,1.0,1.0,0.8,1.0
2.33333,1.83333,1.33333,0.83333,0.5,1.0,1.5,1.83333,1.83333,2.0,2.5,2.33333,1.83333,1.83333,2.0,2.5,2.0,2.5,2.5,2.5,2.0,2.5,2.0,2.5
0.99074,0.5,0.5,0.5,0.5,0.5,0.5,0.5,0.5,0.5,1.0,0.5,0.5,0.5,0.5,0.5,1.0,1.5,2.0,2.5,2.0,1.5,1.0,0.5
0.0,0.0,0.0,0.0,0.0,0.25,0.45,0.65,0.85,0.8,1.0,1.0,1.0,1.0,0.8,1.0,1.0,1.0,1.0,1.0,1.0,1.0,0.8,1.0
0.0,0.0,0.0,0.0,0.0,0.25,0.45,0.65,0.85,0.8,1.0,1.0,1.0,1.0,1.0,1.0,1.0,1.0,1.0,1.0,1.0,1.0,0.8,1.0
0.0,0.0,0.0,0.0,0.0,0.5,0.5,0.5,0.5,0.5,0.9,0.5,0.5,0.5,0.5,0.5,0.9,1.3,1.7,2.0,1.6,1.3,0.9,0.5
2.0,1.6,1.2,0.8,0.5,0.9,1.3,1.7,1.5,1.6,2.0,2.0,1.90294,2.0,1.6,2.0,2.0,2.0,2.0,2.0,2.0,2.0,1.6,2.0
0.0,0.0,0.0,0.0,0.0,0.25,0.45,0.65,0.85,0.8,1.0,1.0,1.0,1.0,1.0,1.0,1.0,1.0,1.0,1.0,1.0,1.0,0.8,1.0
4.2,4.2,3.36,2.52,1.68,2.52,3.36,4.2,4.2,3.36,4.2,4.2,4.2,4.2,4.2,4.2,4.2,4.2,4.2,4.2,4.2,4.2,4.2,4.2
2.06667,1.22667,1.84,1.0,1.0,1.0,1.22667,2.06667,1.45333,2.29333,3.13333,2.90667,2.06667,2.06667,2.29333,3.13333,3.13333,3.97333,4.2,4.2,3.36,4.2,3.36,2.52
3.0,3.0,3.0,2.4,1.8,2.4,3.0,3.0,3.0,2.4,3.0,3.0,3.0,3.0,3.0,3.0,3.0,3.0,3.0,3.0,3.0,3.0,3.0,3.0
0.0,0.0,0.0,0.0,0.3,0.3,0.3,0.3,0.3,0.3,0.63333,0.3,0.0,0.0,0.0,0.0,0.0,0.3,0.8,0.8,0.3,0.8,0.3,0.3
0.0,0.0,0.0,0.0,0.0,0.0,0.0,0.0,0.0,0.0,0.0,0.0,0.0,0.0,0.0,0.0,0.0,0.1,0.3,0.3,0.1,0.3,0.1,0.1
0.0,0.0,0.0,0.0,0.0,0.0,0.0,0.0,0.0,0.0,0.0,0.0,0.0,0.0,0.0,0.0,0.0,0.0,0.0,0.0,0.0,0.0,0.0,0.0
0.0,0.0,0.0,0.0,0.0,0.0,0.0,0.0,0.0,0.0,0.0,0.0,0.0,0.0,0.0,0.0,0.0,0.0,0.0,0.0,0.0,0.0,0.0,0.0
0.0,0.0,0.0,0.0,0.0,0.0,0.0,0.0,0.0,0.0,0.0,0.0,0.0,0.0,0.0,0.25,0.4,0.6,0.8,1.0,0.8,0.6,0.4,0.25
0.0,0.0,0.0,0.0,0.0,0.0,0.0,0.0,0.0,0.0,0.0,0.0,0.0,0.0,0.0,0.25,0.25,0.3,0.5,0.7,0.5,0.3,0.25,0.25
2.1,1.5,1.5,0.0,0.0,0.0,0.0,0.0,0.0,0.0,0.0,1.5,1.5,2.0,2.4,3.0,2.4,3.0,3.0,3.0,2.5,3.0,2.4,2.5
0.0,0.0,0.0,0.0,0.0,0.0,0.0,0.0,0.0,0.0,0.0,0.0,0.0,0.0,0.0,0.25,0.4,0.6,0.8,1.0,0.8,0.6,0.4,0.25
0.0,0.0,0.0,0.0,0.0,0.1,0.0,0.0,0.0,0.0,0.0,0.0,0.0,0.0,0.0,0.0,0.0,0.1,0.3,0.3,0.1,0.1,0.1,0.0
2.26667,1.66667,1.6,1.0,1.0,1.6,1.66667,2.26667,1.73333,2.33333,2.93333,2.33333,1.73333,2.33333,2.4,3.0,2.4,3.0,3.0,3.0,2.4,3.0,2.4,2.33333
2.0,2.0,2.0,1.6,1.2,1.6,2.0,2.0,2.0,1.6,2.0,2.0,2.0,2.0,2.0,2.0,2.0,2.0,2.0,2.0,2.0,2.0,2.0,2.0
0.0,0.0,0.0,0.0,0.0,0.0,0.0,0.0,0.0,0.0,0.0,0.0,0.0,0.0,0.0,0.0,0.0,0.0,0.0,0.0,0.0,0.0,0.0,0.0
0.0,0.0,0.0,0.0,0.0,0.2,0.0,0.0,0.0,0.0,0.0,0.0,0.0,0.0,0.0,0.0,0.0,0.2,0.5,0.5,0.2,0.4,0.2,0.0
3.0,3.0,3.0,2.4,1.8,2.4,3.0,3.0,3.0,2.4,3.0,3.0,3.0,3.0,3.0,3.0,3.0,3.0,3.0,3.0,3.0,3.0,3.0,3.0
2.26667,1.66667,1.6,1.0,1.0,1.6,1.66667,2.26667,1.73333,2.33333,2.93333,2.33333,1.73333,2.33333,2.4,3.0,2.4,3.0,3.0,3.0,2.4,3.0,2.4,2.33333
3.0,3.0,3.0,2.4,1.8,2.4,3.0,3.0,3.0,2.4,3.0,3.0,3.0,3.0,3.0,3.0,3.0,3.0,3.0,3.0,3.0,3.0,3.0,3.0
0.0,0.0,0.0,0.0,0.0,0.0,0.0,0.0,0.0,0.0,0.0,0.0,0.0,0.0,0.0,0.0,0.0,0.0,0.0,0.0,0.0,0.0,0.0,0.0
0.0,0.0,0.0,0.0,0.0,0.0,0.0,0.0,0.0,0.0,0.0,0.0,0.0,0.0,0.0,0.25,0.4,0.6,0.8,1.0,0.8,0.6,0.4,0.25
0.0,0.0,0.0,0.0,0.0,0.0,0.0,0.0,0.0,0.0,0.0,0.0,0.0,0.0,0.0,0.25,0.25,0.3,0.5,0.7,0.5,0.3,0.25,0.25
0.0,0.0,0.0,0.0,0.0,0.0,0.0,0.0,0.0,0.0,0.0,0.0,0.0,0.0,0.0,0.0,0.0,0.0,0.0,0.0,0.0,0.0,0.0,0.0
0.0,0.0,0.0,0.0,0.0,0.25,0.25,0.0,0.0,0.0,0.0,0.0,0.0,0.0,0.0,0.0,0.0,0.0,0.25,0.5,0.25,0.33333,0.25,0.25
0.0,0.0,0.0,0.0,0.0,0.0,0.0,0.0,0.0,0.0,0.0,0.0,0.0,0.0,0.0,0.25,0.4,0.6,0.8,1.0,0.8,0.6,0.4,0.25
0.0,0.0,0.0,0.0,0.0,0.0,0.0,0.0,0.0,0.0,0.0,0.0,0.0,0.0,0.0,0.25,0.25,0.3,0.5,0.7,0.5,0.3,0.25,0.25
0.0,0.0,0.0,0.0,0.0,0.0,0.0,0.0,0.0,0.0,0.0,0.0,0.0,0.0,0.0,0.25,0.4,0.6,0.8,1.0,0.8,0.6,0.4,0.25
0.0,0.0,0.0,0.0,0.0,0.25,0.25,0.0,0.0,0.0,0.0,0.0,0.0,0.0,0.0,0.0,0.0,0.0,0.25,0.5,0.25,0.25,0.0,0.0
0.0,0.0,0.0,0.0,0.0,0.0,0.0,0.0,0.0,0.0,0.0,0.0,0.0,0.0,0.0,0.0,0.0,0.0,0.0,0.0,0.0,0.0,0.0,0.0
0.0,0.0,0.0,0.0,0.0,0.0,0.0,0.0,0.0,0.0,0.0,0.0,0.0,0.0,0.0,0.0,0.0,0.0,0.0,0.0,0.0,0.0,0.0,0.0
0.0,0.0,0.0,0.0,0.0,0.0,0.0,0.0,0.0,0.0,0.0,0.0,0.0,0.0,0.0,0.0,0.0,0.0,0.0,0.0,0.0,0.0,0.0,0.0
3.0,3.0,3.0,2.4,1.8,2.4,3.0,3.0,3.0,2.4,3.0,3.0,3.0,3.0,3.0,3.0,3.0,3.0,3.0,3.0,3.0,3.0,3.0,3.0
2.26667,1.66667,1.6,1.0,1.0,1.6,1.66667,2.26667,1.73333,2.33333,2.93333,2.33333,1.73333,1.8,2.4,3.0,2.4,3.0,3.0,3.0,2.4,3.0,2.4,2.33333
0.0,0.0,0.0,0.0,0.0,0.0,0.0,0.0,0.0,0.0,0.0,0.0,0.0,0.0,0.0,0.0,0.0,0.1,0.3,0.3,0.1,0.3,0.1,0.1
0.0,0.0,0.0,0.0,0.0,0.25,0.45,0.65,0.85,0.8,1.0,1.0,1.0,1.0,1.0,1.0,1.0,1.0,1.0,1.0,1.0,1.0,0.8,1.0
0.0,0.0,0.0,0.0,0.0,0.0,0.0,0.0,0.0,0.0,0.0,0.0,0.0,0.0,0.0,0.0,0.0,0.0,0.0,0.0,0.0,0.0,0.0,0.0
0.0,0.0,0.0,0.0,0.0,0.0,0.0,0.0,0.0,0.0,0.0,0.0,0.0,0.0,0.0,0.0,0.0,0.0,0.0,0.0,0.0,0.0,0.0,0.0
3.0,3.0,3.0,2.4,1.8,2.4,3.0,3.0,3.0,2.4,3.0,3.0,3.0,3.0,3.0,3.0,3.0,3.0,3.0,3.0,3.0,3.0,3.0,3.0
2.53333,1.83333,1.7,1.0,1.0,1.7,1.83333,1.83333,1.83333,2.53333,3.23333,2.53333,1.83333,1.96667,2.66667,3.36667,2.8,3.5,3.5,3.5,2.8,3.5,2.8,2.66667
0.0,0.0,0.0,0.0,0.0,0.0,0.0,0.0,0.0,0.0,0.0,0.0,0.0,0.0,0.0,0.0,0.0,0.08,0.3,0.3,0.08,0.0,0.0,0.0
0.0,0.0,0.0,0.0,0.0,0.0,0.0,0.0,0.0,0.0,0.0,0.0,0.0,0.0,0.0,0.0,0.0,0.08,0.3,0.3,0.08,0.0,0.0,0.0
0.0,0.0,0.0,0.0,0.0,0.25,0.45,0.65,0.85,0.8,1.0,1.0,1.0,1.0,0.8,1.0,1.0,1.0,1.0,1.0,1.0,1.0,0.8,1.0
0.0,0.0,0.0,0.0,0.0,0.0,0.0,0.0,0.0,0.0,0.0,0.0,0.0,0.0,0.0,0.0,0.0,0.08,0.3,0.3,0.08,0.0,0.0,0.0
0.0,0.0,0.0,0.0,0.0,0.25,0.45,0.65,0.85,0.8,1.0,1.0,1.0,1.0,1.0,1.0,1.0,1.0,1.0,1.0,1.0,1.0,0.8,1.0
0.0,0.0,0.0,0.0,0.0,0.0,0.0,0.0,0.0,0.0,0.0,0.0,0.0,0.0,0.0,0.0,0.0,0.08,0.3,0.3,0.08,0.0,0.0,0.0
0.0,0.0,0.0,0.0,0.0,0.0,0.0,0.0,0.0,0.0,0.0,0.0,0.0,0.0,0.0,0.0,0.0,0.08,0.3,0.3,0.08,0.0,0.0,0.0
0.0,0.0,0.0,0.0,0.0,0.25,0.45,0.65,0.85,0.8,1.0,1.0,1.0,1.0,0.8,1.0,1.0,1.0,1.0,1.0,1.0,1.0,0.8,1.0
2.33333,1.83333,1.33333,0.83333,0.5,1.0,1.5,1.83333,1.83333,2.0,2.5,2.33333,1.83333,1.83333,2.0,2.5,2.0,2.5,2.5,2.5,2.45651,2.5,2.0,2.5
0.0,0.0,0.0,0.0,0.0,0.5,0.5,0.5,0.5,0.5,1.0,0.5,0.5,0.5,0.5,0.5,1.0,1.5,2.0,2.5,2.0,1.5,1.0,0.5
0.0,0.0,0.0,0.0,0.0,0.25,0.45,0.65,0.85,0.8,1.0,1.0,1.0,1.0,0.8,1.0,1.0,1.0,1.0,1.0,1.0,1.0,0.8,1.0
0.0,0.0,0.0,0.0,0.0,0.25,0.45,0.65,0.85,0.8,1.0,1.0,1.0,1.0,1.0,1.0,1.0,1.0,1.0,1.0,1.0,1.0,0.8,1.0
0.0,0.0,0.0,0.0,0.0,0.5,0.5,0.5,0.5,0.5,0.9,0.5,0.5,0.5,0.5,0.5,0.9,1.3,1.7,2.0,1.6,1.3,0.9,0.5
2.0,1.6,1.2,0.8,0.5,0.9,1.3,1.7,1.5,1.6,2.0,2.0,2.0,2.0,1.6,2.0,2.0,2.0,2.0,2.0,2.0,2.0,1.6,2.0
0.0,0.0,0.0,0.0,0.0,0.25,0.45,0.65,0.85,0.8,1.0,1.0,1.0,1.0,1.0,1.0,1.0,1.0,1.0,1.0,1.0,1.0,0.8,1.0
4.2,4.2,3.36,2.52,1.68,2.52,3.36,4.2,4.2,3.36,4.2,4.2,4.2,4.2,4.2,4.2,4.2,4.2,4.2,4.2,4.2,4.2,4.2,4.2
2.06667,1.22667,1.84,1.0,1.0,1.0,1.22667,2.06667,1.45333,2.29333,3.13333,2.90667,2.06667,2.06667,2.29333,3.13333,2.52,3.36,4.2,4.2,3.36,4.2,3.36,2.52
3.0,3.0,3.0,2.4,1.8,2.4,3.0,3.0,3.0,2.4,3.0,3.0,3.0,3.0,3.0,3.0,3.0,3.0,3.0,3.0,3.0,3.0,3.0,3.0
0.0,0.0,0.0,0.0,0.3,0.3,0.3,0.3,0.3,0.3,0.63333,0.3,0.0,0.0,0.0,0.0,0.0,0.3,0.8,0.8,0.3,0.8,0.3,0.3
0.0,0.0,0.0,0.0,0.0,0.0,0.0,0.0,0.0,0.0,0.0,0.0,0.0,0.0,0.0,0.0,0.0,0.1,0.3,0.3,0.1,0.3,0.1,0.1
0.0,0.0,0.0,0.0,0.0,0.0,0.0,0.0,0.0,0.0,0.0,0.0,0.0,0.0,0.0,0.0,0.0,0.0,0.0,0.0,0.0,0.0,0.0,0.0
0.0,0.0,0.0,0.0,0.0,0.0,0.0,0.0,0.0,0.0,0.0,0.0,0.0,0.0,0.0,0.0,0.0,0.0,0.0,0.0,0.0,0.0,0.0,0.0
0.0,0.0,0.0,0.0,0.0,0.0,0.0,0.0,0.0,0.0,0.0,0.0,0.0,0.0,0.0,0.25,0.4,0.6,0.8,1.0,0.8,0.6,0.4,0.25
0.0,0.0,0.0,0.0,0.0,0.0,0.0,0.0,0.0,0.0,0.0,0.0,0.0,0.0,0.0,0.25,0.25,0.3,0.5,0.7,0.5,0.3,0.25,0.25
2.1,1.5,1.5,0.0,0.0,0.0,0.0,0.0,0.0,0.0,0.0,1.5,1.5,2.0,2.4,3.0,2.4,3.0,3.0,3.0,2.5,3.0,2.4,2.5
0.0,0.0,0.0,0.0,0.0,0.0,0.0,0.0,0.0,0.0,0.0,0.0,0.0,0.0,0.0,0.25,0.4,0.6,0.8,1.0,0.8,0.6,0.4,0.25
0.0,0.0,0.0,0.0,0.0,0.1,0.0,0.0,0.0,0.0,0.0,0.0,0.0,0.0,0.0,0.0,0.0,0.1,0.3,0.3,0.1,0.1,0.1,0.0
2.26667,1.66667,1.6,1.0,1.0,1.6,1.66667,2.26667,1.73333,2.33333,2.93333,2.33333,1.73333,2.33333,2.4,3.0,2.4,3.0,3.0,3.0,2.4,3.0,2.4,2.33333
2.0,2.0,2.0,1.6,1.2,1.6,2.0,2.0,2.0,1.6,2.0,2.0,2.0,2.0,2.0,2.0,2.0,2.0,2.0,2.0,2.0,2.0,2.0,2.0
0.0,0.0,0.0,0.0,0.0,0.0,0.0,0.0,0.0,0.0,0.0,0.0,0.0,0.0,0.0,0.0,0.0,0.0,0.0,0.0,0.0,0.0,0.0,0.0
0.0,0.0,0.0,0.0,0.0,0.2,0.0,0.0,0.0,0.0,0.0,0.0,0.0,0.0,0.0,0.0,0.0,0.2,0.5,0.5,0.2,0.4,0.2,0.0
3.0,3.0,3.0,2.4,1.8,2.4,3.0,3.0,3.0,2.4,3.0,3.0,3.0,3.0,3.0,3.0,3.0,3.0,3.0,3.0,3.0,3.0,3.0,3.0
2.26667,1.66667,1.6,1.0,1.0,1.6,1.66667,2.26667,1.73333,2.33333,2.93333,2.33333,1.73333,1.8,2.4,3.0,2.4,3.0,3.0,3.0,2.4,3.0,2.4,2.33333
3.0,3.0,3.0,2.4,1.8,2.4,3.0,3.0,3.0,2.4,3.0,3.0,3.0,3.0,3.0,3.0,3.0,3.0,3.0,3.0,3.0,3.0,3.0,3.0
0.0,0.0,0.0,0.0,0.0,0.0,0.0,0.0,0.0,0.0,0.0,0.0,0.0,0.0,0.0,0.0,0.0,0.0,0.0,0.0,0.0,0.0,0.0,0.0
0.0,0.0,0.0,0.0,0.0,0.25,0.25,0.25,0.25,0.25,0.45,0.25,0.25,0.25,0.25,0.25,0.4,0.6,0.8,1.0,0.8,0.6,0.4,0.25
0.0,0.0,0.0,0.0,0.0,0.0,0.0,0.0,0.0,0.0,0.0,0.0,0.0,0.0,0.0,0.25,0.25,0.3,0.5,0.7,0.5,0.3,0.25,0.25
0.0,0.0,0.0,0.0,0.0,0.0,0.0,0.0,0.0,0.0,0.0,0.0,0.0,0.0,0.0,0.0,0.0,0.0,0.0,0.0,0.0,0.0,0.0,0.0
0.0,0.0,0.0,0.0,0.0,0.25,0.25,0.0,0.0,0.0,0.0,0.0,0.0,0.0,0.0,0.0,0.0,0.0,0.25,0.5,0.25,0.33333,0.25,0.25
0.0,0.0,0.0,0.0,0.0,0.25,0.25,0.25,0.25,0.25,0.45,0.25,0.25,0.25,0.25,0.25,0.4,0.6,0.8,1.0,0.8,0.6,0.4,0.25
0.0,0.0,0.0,0.0,0.0,0.0,0.0,0.0,0.0,0.0,0.0,0.0,0.0,0.0,0.0,0.25,0.25,0.3,0.5,0.7,0.5,0.3,0.25,0.25
0.0,0.0,0.0,0.0,0.0,0.25,0.25,0.25,0.25,0.25,0.45,0.25,0.25,0.25,0.25,0.25,0.4,0.6,0.8,1.0,0.8,0.6,0.4,0.25
0.0,0.0,0.0,0.0,0.0,0.25,0.25,0.0,0.0,0.0,0.0,0.0,0.0,0.0,0.0,0.0,0.0,0.0,0.25,0.5,0.25,0.25,0.0,0.0
0.0,0.0,0.0,0.0,0.0,0.0,0.0,0.0,0.0,0.0,0.0,0.0,0.0,0.0,0.0,0.0,0.0,0.0,0.0,0.0,0.0,0.0,0.0,0.0
0.0,0.0,0.0,0.0,0.0,0.0,0.0,0.0,0.0,0.0,0.0,0.0,0.0,0.0,0.0,0.0,0.0,0.0,0.0,0.0,0.0,0.0,0.0,0.0
0.0,0.0,0.0,0.0,0.0,0.0,0.0,0.0,0.0,0.0,0.0,0.0,0.0,0.0,0.0,0.0,0.0,0.0,0.0,0.0,0.0,0.0,0.0,0.0
3.0,3.0,3.0,2.4,1.8,2.4,3.0,3.0,3.0,2.4,3.0,3.0,3.0,3.0,3.0,3.0,3.0,3.0,3.0,3.0,3.0,3.0,3.0,3.0
2.26667,1.66667,1.6,1.0,1.0,1.6,1.66667,2.26667,1.73333,2.33333,2.93333,2.33333,1.73333,2.33333,2.4,3.0,2.4,3.0,3.0,3.0,2.4,3.0,2.4,2.33333
0.0,0.0,0.0,0.0,0.0,0.0,0.0,0.0,0.0,0.0,0.0,0.0,0.0,0.0,0.0,0.0,0.0,0.1,0.3,0.3,0.1,0.3,0.1,0.1
0.0,0.0,0.0,0.0,0.0,0.25,0.45,0.65,0.85,0.8,1.0,1.0,1.0,1.0,1.0,1.0,1.0,1.0,1.0,1.0,1.0,1.0,0.8,1.0
0.0,0.0,0.0,0.0,0.0,0.0,0.0,0.0,0.0,0.0,0.0,0.0,0.0,0.0,0.0,0.0,0.0,0.0,0.0,0.0,0.0,0.0,0.0,0.0
0.0,0.0,0.0,0.0,0.0,0.0,0.0,0.0,0.0,0.0,0.0,0.0,0.0,0.0,0.0,0.0,0.0,0.0,0.0,0.0,0.0,0.0,0.0,0.0
3.0,3.0,2.93333,2.33333,1.73333,2.33333,2.93333,3.0,3.0,2.4,3.0,3.0,3.0,3.0,3.0,3.0,3.0,3.0,3.0,3.0,3.0,3.0,3.0,3.0
2.53333,1.83333,1.7,1.0,1.0,1.7,1.83333,1.83333,1.26667,1.96667,2.66667,2.53333,1.83333,1.96667,2.66667,3.36667,2.8,3.5,3.5,3.5,2.8,3.5,2.8,2.66667
0.0,0.0,0.0,0.0,0.0,0.0,0.0,0.0,0.0,0.0,0.0,0.0,0.0,0.0,0.0,0.0,0.0,0.08,0.3,0.3,0.08,0.0,0.0,0.0
0.0,0.0,0.0,0.0,0.0,0.0,0.0,0.0,0.0,0.0,0.0,0.0,0.0,0.0,0.0,0.0,0.0,0.08,0.3,0.3,0.08,0.0,0.0,0.0
0.0,0.0,0.0,0.0,0.0,0.25,0.45,0.65,0.85,0.8,1.0,1.0,1.0,1.0,0.8,1.0,1.0,1.0,1.0,1.0,1.0,1.0,0.8,1.0
0.0,0.0,0.0,0.0,0.0,0.0,0.0,0.0,0.0,0.0,0.0,0.0,0.0,0.0,0.0,0.0,0.0,0.08,0.3,0.3,0.08,0.0,0.0,0.0
0.0,0.0,0.0,0.0,0.0,0.25,0.45,0.65,0.85,0.8,1.0,1.0,1.0,1.0,1.0,1.0,1.0,1.0,1.0,1.0,1.0,1.0,0.8,1.0
0.0,0.0,0.0,0.0,0.0,0.0,0.0,0.0,0.0,0.0,0.0,0.0,0.0,0.0,0.0,0.0,0.0,0.08,0.3,0.3,0.08,0.0,0.0,0.0
0.0,0.0,0.0,0.0,0.0,0.0,0.0,0.0,0.0,0.0,0.0,0.0,0.0,0.0,0.0,0.0,0.0,0.08,0.3,0.3,0.08,0.0,0.0,0.0
0.0,0.0,0.0,0.0,0.0,0.25,0.45,0.65,0.85,0.8,1.0,1.0,1.0,1.0,0.8,1.0,1.0,1.0,1.0,1.0,1.0,1.0,0.8,1.0
2.33333,1.83333,1.33333,0.83333,0.5,1.0,1.5,1.83333,1.83333,2.0,2.5,2.33333,1.83333,1.83333,2.0,2.5,2.0,2.5,2.5,2.5,2.5,2.5,2.0,2.5
0.0,0.0,0.0,0.0,0.0,0.5,0.5,0.5,0.5,0.5,1.0,0.5,0.5,0.5,0.5,0.5,1.0,1.5,2.0,2.5,2.0,1.5,1.0,0.5
0.0,0.0,0.0,0.0,0.0,0.25,0.45,0.65,0.85,0.8,1.0,1.0,1.0,1.0,0.8,1.0,1.0,1.0,1.0,1.0,1.0,1.0,0.8,1.0
0.0,0.0,0.0,0.0,0.0,0.25,0.45,0.65,0.85,0.8,1.0,1.0,1.0,1.0,1.0,1.0,1.0,1.0,1.0,1.0,1.0,1.0,0.8,1.0
0.0,0.0,0.0,0.0,0.0,0.5,0.5,0.5,0.5,0.5,0.9,0.5,0.5,0.5,0.5,0.5,0.9,1.3,1.7,2.0,1.6,1.3,0.9,0.5
1.98025,1.58025,1.18025,0.78025,0.5,0.9,1.3,1.7,1.5,1.6,2.0,2.0,2.0,2.0,1.6,2.0,2.0,2.0,2.0,2.0,2.0,2.0,1.6,2.0
0.0,0.0,0.0,0.0,0.0,0.25,0.45,0.65,0.85,0.8,1.0,1.0,1.0,1.0,1.0,1.0,1.0,1.0,1.0,1.0,1.0,1.0,0.8,1.0
4.2,4.2,3.36,2.52,1.68,2.52,3.36,4.2,4.2,3.36,4.2,4.2,4.2,4.2,4.2,4.2,4.2,4.2,4.2,4.2,4.2,4.2,4.2,4.2
2.06667,1.22667,1.84,1.0,1.0,1.0,1.22667,2.06667,1.45333,2.29333,3.13333,2.90667,2.06667,2.06667,2.29333,3.13333,2.52,3.36,4.2,4.2,3.36,4.2,3.36,2.52
3.0,3.0,3.0,2.4,1.8,2.4,3.0,3.0,3.0,2.4,3.0,3.0,3.0,3.0,3.0,3.0,3.0,3.0,3.0,3.0,3.0,3.0,3.0,3.0
0.0,0.0,0.0,0.0,0.3,0.3,0.3,0.3,0.3,0.3,0.63445,0.3,0.0,0.0,0.0,0.0,0.0,0.3,0.8,0.8,0.3,0.8,0.3,0.3
0.0,0.0,0.0,0.0,0.0,0.0,0.0,0.0,0.0,0.0,0.0,0.0,0.0,0.0,0.0,0.0,0.0,0.1,0.3,0.3,0.1,0.3,0.1,0.1
0.0,0.0,0.0,0.0,0.0,0.0,0.0,0.0,0.0,0.0,0.0,0.0,0.0,0.0,0.0,0.0,0.0,0.0,0.0,0.0,0.0,0.0,0.0,0.0
0.0,0.0,0.0,0.0,0.0,0.0,0.0,0.0,0.0,0.0,0.0,0.0,0.0,0.0,0.0,0.0,0.0,0.0,0.0,0.0,0.0,0.0,0.0,0.0
0.0,0.0,0.0,0.0,0.0,0.25,0.25,0.25,0.25,0.25,0.45,0.25,0.25,0.25,0.25,0.25,0.4,0.6,0.8,1.0,0.8,0.6,0.4,0.25
0.0,0.0,0.0,0.0,0.0,0.0,0.0,0.0,0.0,0.0,0.0,0.0,0.0,0.0,0.0,0.25,0.25,0.3,0.5,0.7,0.5,0.3,0.25,0.25
2.1,1.5,1.5,0.0,0.0,0.0,0.0,0.0,0.0,0.0,0.0,1.5,1.5,2.0,2.4,3.0,2.5,3.0,3.0,3.0,2.5,3.0,2.4,2.5
0.0,0.0,0.0,0.0,0.0,0.25,0.25,0.25,0.25,0.25,0.45,0.25,0.25,0.25,0.25,0.25,0.4,0.6,0.8,1.0,0.8,0.6,0.4,0.25
0.0,0.0,0.0,0.0,0.0,0.1,0.0,0.0,0.0,0.0,0.0,0.0,0.0,0.0,0.0,0.0,0.0,0.1,0.3,0.3,0.1,0.1,0.1,0.0
2.26667,1.66667,1.6,1.0,1.0,1.6,1.66667,2.26667,1.73333,2.33333,2.93333,2.33333,1.73333,2.33333,2.4,3.0,2.4,3.0,3.0,3.0,2.4,3.0,2.4,2.33333
2.0,2.0,2.0,1.6,1.2,1.6,2.0,2.0,2.0,1.6,2.0,2.0,2.0,2.0,2.0,2.0,2.0,2.0,2.0,2.0,2.0,2.0,2.0,2.0
0.0,0.0,0.0,0.0,0.0,0.0,0.0,0.0,0.0,0.0,0.0,0.0,0.0,0.0,0.0,0.0,0.0,0.0,0.0,0.0,0.0,0.0,0.0,0.0
0.0,0.0,0.0,0.0,0.0,0.2,0.0,0.0,0.0,0.0,0.0,0.0,0.0,0.0,0.0,0.0,0.0,0.2,0.5,0.5,0.2,0.4,0.2,0.0
3.0,3.0,2.93333,2.33333,1.73333,2.33333,2.93333,3.0,3.0,2.4,3.0,3.0,3.0,3.0,3.0,3.0,3.0,3.0,3.0,3.0,3.0,3.0,3.0,3.0
2.26667,1.66667,1.6,1.0,1.0,1.6,1.66667,2.26667,1.73333,2.33333,2.93333,2.33333,1.73333,2.33333,2.4,3.0,2.4,3.0,3.0,3.0,2.4,3.0,2.4,2.33333
3.0,3.0,3.0,2.4,1.8,2.4,3.0,3.0,3.0,2.4,3.0,3.0,3.0,3.0,3.0,3.0,3.0,3.0,3.0,3.0,3.0,3.0,3.0,3.0
0.0,0.0,0.0,0.0,0.0,0.0,0.0,0.0,0.0,0.0,0.0,0.0,0.0,0.0,0.0,0.0,0.0,0.0,0.0,0.0,0.0,0.0,0.0,0.0
0.0,0.0,0.0,0.0,0.0,0.25,0.25,0.25,0.25,0.25,0.45,0.25,0.25,0.25,0.25,0.25,0.4,0.6,0.8,1.0,0.8,0.6,0.4,0.25
0.0,0.0,0.0,0.0,0.0,0.0,0.0,0.0,0.0,0.0,0.0,0.0,0.0,0.0,0.0,0.25,0.25,0.3,0.5,0.7,0.5,0.3,0.25,0.25
0.0,0.0,0.0,0.0,0.0,0.0,0.0,0.0,0.0,0.0,0.0,0.0,0.0,0.0,0.0,0.0,0.0,0.0,0.0,0.0,0.0,0.0,0.0,0.0
0.0,0.0,0.0,0.0,0.0,0.25,0.25,0.0,0.0,0.0,0.0,0.0,0.0,0.0,0.0,0.0,0.0,0.0,0.25,0.5,0.25,0.33333,0.25,0.25
0.0,0.0,0.0,0.0,0.0,0.25,0.25,0.25,0.25,0.25,0.45,0.25,0.25,0.25,0.25,0.25,0.4,0.6,0.8,1.0,0.8,0.6,0.4,0.25
0.0,0.0,0.0,0.0,0.0,0.0,0.0,0.0,0.0,0.0,0.0,0.0,0.0,0.0,0.0,0.25,0.25,0.3,0.5,0.7,0.5,0.3,0.25,0.25
0.0,0.0,0.0,0.0,0.0,0.25,0.25,0.25,0.25,0.25,0.45,0.25,0.25,0.25,0.25,0.25,0.4,0.6,0.8,1.0,0.8,0.6,0.4,0.25
0.0,0.0,0.0,0.0,0.0,0.25,0.25,0.0,0.0,0.0,0.0,0.0,0.0,0.0,0.0,0.0,0.0,0.0,0.25,0.5,0.25,0.25,0.0,0.0
0.0,0.0,0.0,0.0,0.0,0.0,0.0,0.0,0.0,0.0,0.0,0.0,0.0,0.0,0.0,0.0,0.0,0.0,0.0,0.0,0.0,0.0,0.0,0.0
0.0,0.0,0.0,0.0,0.0,0.0,0.0,0.0,0.0,0.0,0.0,0.0,0.0,0.0,0.0,0.0,0.0,0.0,0.0,0.0,0.0,0.0,0.0,0.0
0.0,0.0,0.0,0.0,0.0,0.0,0.0,0.0,0.0,0.0,0.0,0.0,0.0,0.0,0.0,0.0,0.0,0.0,0.0,0.0,0.0,0.0,0.0,0.0
3.0,3.0,3.0,2.4,1.8,2.4,3.0,3.0,3.0,2.4,3.0,3.0,3.0,3.0,3.0,3.0,3.0,3.0,3.0,3.0,3.0,3.0,3.0,3.0
2.26667,1.66667,1.6,1.0,1.0,1.6,1.66667,2.26667,1.73333,2.33333,2.93333,2.33333,1.73333,2.33333,2.4,3.0,2.4,3.0,3.0,3.0,2.4,3.0,2.4,2.33333
0.0,0.0,0.0,0.0,0.0,0.0,0.0,0.0,0.0,0.0,0.0,0.0,0.0,0.0,0.0,0.0,0.0,0.1,0.3,0.3,0.1,0.3,0.1,0.1
0.0,0.0,0.0,0.0,0.0,0.25,0.45,0.65,0.85,0.8,1.0,1.0,1.0,1.0,1.0,1.0,1.0,1.0,1.0,1.0,1.0,1.0,0.8,1.0
0.0,0.0,0.0,0.0,0.0,0.0,0.0,0.0,0.0,0.0,0.0,0.0,0.0,0.0,0.0,0.0,0.0,0.0,0.0,0.0,0.0,0.0,0.0,0.0
0.0,0.0,0.0,0.0,0.0,0.0,0.0,0.0,0.0,0.0,0.0,0.0,0.0,0.0,0.0,0.0,0.0,0.0,0.0,0.0,0.0,0.0,0.0,0.0
3.0,3.0,2.93333,2.33333,1.73333,2.33333,2.93333,3.0,3.0,2.4,3.0,3.0,3.0,3.0,3.0,3.0,3.0,3.0,3.0,3.0,3.0,3.0,3.0,3.0
2.53333,1.83333,1.7,1.0,1.0,1.7,1.83333,1.83333,1.26667,1.96667,2.66667,2.53333,1.83333,1.96667,2.66667,3.36667,2.8,3.5,3.5,3.5,2.8,3.5,2.8,2.66667
0.0,0.0,0.0,0.0,0.0,0.0,0.0,0.0,0.0,0.0,0.0,0.0,0.0,0.0,0.0,0.0,0.0,0.08,0.3,0.3,0.08,0.0,0.0,0.0
0.0,0.0,0.0,0.0,0.0,0.0,0.0,0.0,0.0,0.0,0.0,0.0,0.0,0.0,0.0,0.0,0.0,0.08,0.3,0.3,0.08,0.0,0.0,0.0
0.0,0.0,0.0,0.0,0.0,0.25,0.45,0.65,0.85,0.8,1.0,1.0,1.0,1.0,0.8,1.0,1.0,1.0,1.0,1.0,1.0,1.0,0.8,1.0
0.0,0.0,0.0,0.0,0.0,0.0,0.0,0.0,0.0,0.0,0.0,0.0,0.0,0.0,0.0,0.0,0.0,0.08,0.3,0.3,0.08,0.0,0.0,0.0
0.0,0.0,0.0,0.0,0.0,0.25,0.45,0.65,0.85,0.8,1.0,1.0,1.0,1.0,1.0,1.0,1.0,1.0,1.0,1.0,1.0,1.0,0.8,1.0
0.0,0.0,0.0,0.0,0.0,0.0,0.0,0.0,0.0,0.0,0.0,0.0,0.0,0.0,0.0,0.0,0.0,0.08,0.3,0.3,0.08,0.0,0.0,0.0
0.0,0.0,0.0,0.0,0.0,0.0,0.0,0.0,0.0,0.0,0.0,0.0,0.0,0.0,0.0,0.0,0.0,0.08,0.3,0.3,0.08,0.0,0.0,0.0
0.0,0.0,0.0,0.0,0.0,0.25,0.45,0.65,0.85,0.8,1.0,1.0,1.0,1.0,0.8,1.0,1.0,1.0,1.0,1.0,1.0,1.0,0.8,1.0
2.33333,1.83333,1.33333,0.83333,0.5,1.0,1.5,1.83333,1.83333,2.0,2.5,2.33333,1.83333,1.83333,2.0,2.5,2.0,2.5,2.5,2.5,2.5,2.5,2.0,2.5
0.0,0.0,0.0,0.0,0.0,0.5,0.5,0.5,0.5,0.5,1.0,0.5,0.5,0.5,0.5,0.5,1.0,1.5,2.0,2.5,2.0,1.5,1.0,0.5
0.0,0.0,0.0,0.0,0.0,0.25,0.45,0.65,0.85,0.8,1.0,1.0,1.0,1.0,0.8,1.0,1.0,1.0,1.0,1.0,1.0,1.0,0.8,1.0
0.0,0.0,0.0,0.0,0.0,0.25,0.45,0.65,0.85,0.8,1.0,1.0,1.0,1.0,1.0,1.0,1.0,1.0,1.0,1.0,1.0,1.0,0.8,1.0
0.0,0.0,0.0,0.0,0.0,0.5,0.5,0.5,0.5,0.5,0.9,0.5,0.5,0.5,0.5,0.56095,0.96095,1.36095,1.76095,2.0,1.6,1.3,0.9,0.5
1.9,1.5,1.1,0.7,0.5,0.9,1.3,1.7,1.5,1.6,2.0,2.0,2.0,2.0,1.6,2.0,2.0,2.0,2.0,2.0,2.0,2.0,1.6,2.0
0.0,0.0,0.0,0.0,0.0,0.25,0.45,0.65,0.85,0.8,1.0,1.0,1.0,1.0,1.0,1.0,1.0,1.0,1.0,1.0,1.0,1.0,0.8,1.0
4.2,4.2,3.36,2.52,1.68,2.52,3.36,4.2,4.2,3.36,4.2,4.2,4.2,4.2,4.2,4.2,4.2,4.2,4.2,4.2,4.2,4.2,4.2,4.2
2.06667,1.22667,1.84,1.0,1.0,1.0,1.22667,2.06667,1.45333,2.29333,3.13333,2.90667,2.06667,2.06667,2.29333,3.13333,2.52,3.36,4.2,4.2,3.36,4.2,3.36,2.52
3.0,3.0,3.0,2.4,1.8,2.4,3.0,3.0,3.0,2.4,3.0,3.0,3.0,3.0,3.0,3.0,3.0,3.0,3.0,3.0,3.0,3.0,3.0,3.0
0.0,0.0,0.0,0.0,0.3,0.3,0.3,0.3,0.3,0.3,0.63333,0.3,0.0,0.0,0.0,0.0,0.0,0.3,0.8,0.8,0.3,0.8,0.3,0.3
0.0,0.0,0.0,0.0,0.0,0.0,0.0,0.0,0.0,0.0,0.0,0.0,0.0,0.0,0.0,0.0,0.0,0.1,0.3,0.3,0.1,0.3,0.1,0.1
0.0,0.0,0.0,0.0,0.0,0.0,0.0,0.0,0.0,0.0,0.0,0.0,0.0,0.0,0.0,0.0,0.0,0.0,0.0,0.0,0.0,0.0,0.0,0.0
0.0,0.0,0.0,0.0,0.0,0.0,0.0,0.0,0.0,0.0,0.0,0.0,0.0,0.0,0.0,0.0,0.0,0.0,0.0,0.0,0.0,0.0,0.0,0.0
0.0,0.0,0.0,0.0,0.0,0.25,0.25,0.25,0.25,0.25,0.45,0.25,0.25,0.25,0.25,0.25,0.4,0.6,0.8,1.0,0.8,0.6,0.4,0.25
0.0,0.0,0.0,0.0,0.0,0.0,0.0,0.0,0.0,0.0,0.0,0.0,0.0,0.0,0.0,0.25,0.25,0.3,0.5,0.7,0.5,0.3,0.25,0.25
2.1,1.5,1.5,0.0,0.0,0.0,0.0,0.0,0.0,0.0,0.0,1.5,1.5,2.0,2.4,3.0,2.5,3.0,3.0,3.0,2.5,3.0,2.4,2.5
0.0,0.0,0.0,0.0,0.0,0.25,0.25,0.25,0.25,0.25,0.45,0.25,0.25,0.25,0.25,0.25,0.4,0.6,0.8,1.0,0.8,0.6,0.4,0.25
0.0,0.0,0.0,0.0,0.0,0.1,0.0,0.0,0.0,0.0,0.0,0.0,0.0,0.0,0.0,0.0,0.0,0.1,0.3,0.3,0.1,0.1,0.1,0.0
2.26667,1.66667,1.6,1.0,1.0,1.6,1.66667,2.26667,1.73333,2.33333,2.93333,2.33333,1.73333,2.33333,2.4,3.0,2.4,3.0,3.0,3.0,2.4,3.0,2.4,2.33333
2.0,2.0,2.0,1.6,1.2,1.6,2.0,2.0,2.0,1.6,2.0,2.0,2.0,2.0,2.0,2.0,2.0,2.0,2.0,2.0,2.0,2.0,2.0,2.0
0.0,0.0,0.0,0.0,0.0,0.0,0.0,0.0,0.0,0.0,0.0,0.0,0.0,0.0,0.0,0.0,0.0,0.0,0.0,0.0,0.0,0.0,0.0,0.0
0.0,0.0,0.0,0.0,0.0,0.2,0.0,0.0,0.0,0.0,0.0,0.0,0.0,0.0,0.0,0.0,0.0,0.2,0.5,0.5,0.2,0.4,0.2,0.0
3.0,3.0,2.93333,2.33333,1.73333,2.33333,2.93333,3.0,3.0,2.4,3.0,3.0,3.0,3.0,3.0,3.0,3.0,3.0,3.0,3.0,3.0,3.0,3.0,3.0
2.26667,1.66667,1.6,1.0,1.0,1.6,1.66667,2.26667,1.73333,2.33333,2.93333,2.33333,1.73333,2.33333,2.4,3.0,2.4,3.0,3.0,3.0,2.4,3.0,2.4,2.33333
3.0,3.0,3.0,2.4,1.8,2.4,3.0,3.0,3.0,2.4,3.0,3.0,3.0,3.0,3.0,3.0,3.0,3.0,3.0,3.0,3.0,3.0,3.0,3.0
0.0,0.0,0.0,0.0,0.0,0.0,0.0,0.0,0.0,0.0,0.0,0.0,0.0,0.0,0.0,0.0,0.0,0.0,0.0,0.0,0.0,0.0,0.0,0.0
0.0,0.0,0.0,0.0,0.0,0.25,0.25,0.25,0.25,0.25,0.45,0.25,0.25,0.25,0.25,0.25,0.4,0.6,0.8,1.0,0.8,0.6,0.4,0.25
0.0,0.0,0.0,0.0,0.0,0.0,0.0,0.0,0.0,0.0,0.0,0.0,0.0,0.0,0.0,0.25,0.25,0.3,0.5,0.7,0.5,0.3,0.25,0.25
0.0,0.0,0.0,0.0,0.0,0.0,0.0,0.0,0.0,0.0,0.0,0.0,0.0,0.0,0.0,0.0,0.0,0.0,0.0,0.0,0.0,0.0,0.0,0.0
0.0,0.0,0.0,0.0,0.0,0.25,0.25,0.0,0.0,0.0,0.0,0.0,0.0,0.0,0.0,0.0,0.0,0.0,0.25,0.5,0.25,0.33333,0.25,0.25
0.0,0.0,0.0,0.0,0.0,0.25,0.25,0.25,0.25,0.25,0.45,0.25,0.25,0.25,0.25,0.25,0.4,0.6,0.8,1.0,0.8,0.6,0.4,0.25
0.0,0.0,0.0,0.0,0.0,0.0,0.0,0.0,0.0,0.0,0.0,0.0,0.0,0.0,0.0,0.25,0.25,0.3,0.5,0.7,0.5,0.3,0.25,0.25
0.0,0.0,0.0,0.0,0.0,0.25,0.25,0.25,0.25,0.25,0.45,0.25,0.25,0.25,0.25,0.25,0.4,0.6,0.8,1.0,0.8,0.6,0.4,0.25
0.0,0.0,0.0,0.0,0.0,0.25,0.25,0.0,0.0,0.0,0.0,0.0,0.0,0.0,0.0,0.0,0.0,0.0,0.25,0.5,0.25,0.25,0.0,0.0
0.0,0.0,0.0,0.0,0.0,0.0,0.0,0.0,0.0,0.0,0.0,0.0,0.0,0.0,0.0,0.0,0.0,0.0,0.0,0.0,0.0,0.0,0.0,0.0
0.0,0.0,0.0,0.0,0.0,0.0,0.0,0.0,0.0,0.0,0.0,0.0,0.0,0.0,0.0,0.0,0.0,0.0,0.0,0.0,0.0,0.0,0.0,0.0
0.0,0.0,0.0,0.0,0.0,0.0,0.0,0.0,0.0,0.0,0.0,0.0,0.0,0.0,0.0,0.0,0.0,0.0,0.0,0.0,0.0,0.0,0.0,0.0
3.0,3.0,3.0,2.4,1.8,2.4,3.0,3.0,3.0,2.4,3.0,3.0,3.0,3.0,3.0,3.0,3.0,3.0,3.0,3.0,3.0,3.0,3.0,3.0
2.26667,1.66667,1.6,1.0,1.0,1.6,1.66667,2.26667,1.73333,2.33333,2.93333,2.33333,1.73333,2.33333,2.4,3.0,2.4,3.0,3.0,3.0,2.4,3.0,2.4,2.33333
0.0,0.0,0.0,0.0,0.0,0.0,0.0,0.0,0.0,0.0,0.0,0.0,0.0,0.0,0.0,0.0,0.0,0.1,0.3,0.3,0.1,0.3,0.1,0.1
0.0,0.0,0.0,0.0,0.0,0.25,0.45,0.65,0.85,0.8,1.0,1.0,1.0,1.0,1.0,1.0,1.0,1.0,1.0,1.0,1.0,1.0,0.8,1.0
0.0,0.0,0.0,0.0,0.0,0.0,0.0,0.0,0.0,0.0,0.0,0.0,0.0,0.0,0.0,0.0,0.0,0.0,0.0,0.0,0.0,0.0,0.0,0.0
0.0,0.0,0.0,0.0,0.0,0.0,0.0,0.0,0.0,0.0,0.0,0.0,0.0,0.0,0.0,0.0,0.0,0.0,0.0,0.0,0.0,0.0,0.0,0.0
3.0,3.0,2.93333,2.33333,1.73333,2.33333,2.93333,3.0,3.0,2.4,3.0,3.0,3.0,3.0,3.0,3.0,3.0,3.0,3.0,3.0,3.0,3.0,3.0,3.0
2.53333,1.83333,1.7,1.0,1.0,1.7,1.83333,1.83333,1.83333,2.53333,3.23333,2.53333,1.83333,1.96667,2.66667,3.36667,2.8,3.5,3.5,3.5,2.8,3.5,2.8,2.66667
0.0,0.0,0.0,0.0,0.0,0.0,0.0,0.0,0.0,0.0,0.0,0.0,0.0,0.0,0.0,0.0,0.0,0.08,0.3,0.3,0.08,0.0,0.0,0.0
0.0,0.0,0.0,0.0,0.0,0.0,0.0,0.0,0.0,0.0,0.0,0.0,0.0,0.0,0.0,0.0,0.0,0.08,0.3,0.3,0.08,0.0,0.0,0.0
0.0,0.0,0.0,0.0,0.0,0.25,0.45,0.65,0.85,0.8,1.0,1.0,1.0,1.0,0.8,1.0,1.0,1.0,1.0,1.0,1.0,1.0,0.8,1.0
0.0,0.0,0.0,0.0,0.0,0.0,0.0,0.0,0.0,0.0,0.0,0.0,0.0,0.0,0.0,0.0,0.0,0.08,0.3,0.3,0.08,0.0,0.0,0.0
0.0,0.0,0.0,0.0,0.0,0.25,0.45,0.65,0.85,0.8,1.0,1.0,1.0,1.0,1.0,1.0,1.0,1.0,1.0,1.0,1.0,1.0,0.8,1.0
0.0,0.0,0.0,0.0,0.0,0.0,0.0,0.0,0.0,0.0,0.0,0.0,0.0,0.0,0.0,0.0,0.0,0.08,0.3,0.3,0.08,0.0,0.0,0.0
0.0,0.0,0.0,0.0,0.0,0.0,0.0,0.0,0.0,0.0,0.0,0.0,0.0,0.0,0.0,0.0,0.0,0.08,0.3,0.3,0.08,0.0,0.0,0.0
0.0,0.0,0.0,0.0,0.0,0.25,0.45,0.65,0.85,0.8,1.0,1.0,1.0,1.0,0.8,1.0,1.0,1.0,1.0,1.0,1.0,1.0,0.8,1.0
2.33333,1.83333,1.33333,0.83333,0.5,1.0,1.5,1.83333,1.83333,2.0,2.5,2.33333,1.83333,1.83333,2.0,2.5,2.0,2.5,2.5,2.5,2.5,2.5,2.0,2.5
0.0,0.0,0.0,0.0,0.0,0.5,0.5,0.5,0.5,0.5,1.0,0.5,0.5,0.5,0.5,0.5,1.0,1.5,2.0,2.5,2.0,1.5,1.0,0.5
0.0,0.0,0.0,0.0,0.0,0.25,0.45,0.65,0.85,0.8,1.0,1.0,1.0,1.0,0.8,1.0,1.0,1.0,1.0,1.0,1.0,1.0,0.8,1.0
0.0,0.0,0.0,0.0,0.0,0.25,0.45,0.65,0.85,0.8,1.0,1.0,1.0,1.0,1.0,1.0,1.0,1.0,1.0,1.0,1.0,1.0,0.8,1.0
0.0,0.0,0.0,0.0,0.0,0.5,0.5,0.5,0.5,0.5,0.9,0.5,0.5,0.5,0.5,0.6,1.0,1.4,1.8,2.0,1.6,1.3,0.9,0.5
1.9,1.5,1.1,0.7,0.5,0.9,1.3,1.7,1.5,1.6,2.0,2.0,2.0,2.0,1.6,2.0,2.0,2.0,2.0,2.0,2.0,2.0,1.6,2.0
0.0,0.0,0.0,0.0,0.0,0.25,0.45,0.65,0.85,0.8,1.0,1.0,1.0,1.0,1.0,1.0,1.0,1.0,1.0,1.0,1.0,1.0,0.8,1.0
4.2,4.2,3.36,2.52,1.68,2.52,3.36,4.2,4.2,3.36,4.2,4.2,4.2,4.2,4.2,4.2,4.2,4.2,4.2,4.2,4.2,4.2,4.2,4.2
2.06667,1.22667,1.84,1.0,1.0,1.0,1.22667,2.06667,1.45333,2.29333,3.13333,2.90667,2.06667,2.06667,2.29333,3.13333,2.52,3.36,4.2,4.2,3.36,4.2,3.36,2.52
3.0,3.0,3.0,2.4,1.8,2.4,3.0,3.0,3.0,2.4,3.0,3.0,3.0,3.0,3.0,3.0,3.0,3.0,3.0,3.0,3.0,3.0,3.0,3.0
0.0,0.0,0.0,0.0,0.3,0.3,0.3,0.3,0.3,0.3,0.63333,0.3,0.0,0.0,0.0,0.0,0.0,0.3,0.8,0.8,0.3,0.8,0.3,0.3
0.0,0.0,0.0,0.0,0.0,0.0,0.0,0.0,0.0,0.0,0.0,0.0,0.0,0.0,0.0,0.0,0.0,0.1,0.3,0.3,0.1,0.3,0.1,0.1
0.0,0.0,0.0,0.0,0.0,0.0,0.0,0.0,0.0,0.0,0.0,0.0,0.0,0.0,0.0,0.0,0.0,0.0,0.0,0.0,0.0,0.0,0.0,0.0
0.0,0.0,0.0,0.0,0.0,0.0,0.0,0.0,0.0,0.0,0.0,0.0,0.0,0.0,0.0,0.0,0.0,0.0,0.0,0.0,0.0,0.0,0.0,0.0
0.0,0.0,0.0,0.0,0.0,0.25,0.25,0.25,0.25,0.25,0.45,0.25,0.25,0.25,0.25,0.25,0.4,0.6,0.8,1.0,0.8,0.6,0.4,0.25
0.0,0.0,0.0,0.0,0.0,0.0,0.0,0.0,0.0,0.0,0.0,0.0,0.0,0.0,0.0,0.25,0.25,0.3,0.5,0.7,0.5,0.3,0.25,0.25
2.1,1.5,1.5,0.0,0.0,0.0,0.0,0.0,0.0,0.0,0.0,1.5,1.5,2.0,2.4,3.0,2.4,3.0,3.0,3.0,2.5,3.0,2.4,2.5
0.0,0.0,0.0,0.0,0.0,0.25,0.25,0.25,0.25,0.25,0.45,0.25,0.25,0.25,0.25,0.25,0.4,0.6,0.8,1.0,0.8,0.6,0.4,0.25
0.0,0.0,0.0,0.0,0.0,0.1,0.0,0.0,0.0,0.0,0.0,0.0,0.0,0.0,0.0,0.0,0.0,0.1,0.3,0.3,0.1,0.1,0.1,0.0
2.26667,1.66667,1.6,1.0,1.0,1.6,1.66667,2.26667,1.73333,2.33333,2.93333,2.33333,1.73333,2.33333,2.4,3.0,2.4,3.0,3.0,3.0,2.4,3.0,2.4,2.33333
2.0,2.0,2.0,1.6,1.2,1.6,2.0,2.0,2.0,1.6,2.0,2.0,2.0,2.0,2.0,2.0,2.0,2.0,2.0,2.0,2.0,2.0,2.0,2.0
0.0,0.0,0.0,0.0,0.0,0.0,0.0,0.0,0.0,0.0,0.0,0.0,0.0,0.0,0.0,0.0,0.0,0.0,0.0,0.0,0.0,0.0,0.0,0.0
0.0,0.0,0.0,0.0,0.0,0.2,0.0,0.0,0.0,0.0,0.0,0.0,0.0,0.0,0.0,0.0,0.0,0.2,0.5,0.5,0.2,0.4,0.2,0.0
3.0,3.0,2.93333,2.33333,1.73333,2.33333,2.93333,3.0,3.0,2.4,3.0,3.0,3.0,3.0,3.0,3.0,3.0,3.0,3.0,3.0,3.0,3.0,3.0,3.0
2.26667,1.66667,1.6,1.0,1.0,1.6,1.66667,2.26667,1.73333,2.33333,2.93333,2.33333,1.73333,2.33333,2.4,3.0,2.4,3.0,3.0,3.0,2.4,3.0,2.4,2.33333
3.0,3.0,3.0,2.4,1.8,2.4,3.0,3.0,3.0,2.4,3.0,3.0,3.0,3.0,3.0,3.0,3.0,3.0,3.0,3.0,3.0,3.0,3.0,3.0
0.0,0.0,0.0,0.0,0.0,0.0,0.0,0.0,0.0,0.0,0.0,0.0,0.0,0.0,0.0,0.0,0.0,0.0,0.0,0.0,0.0,0.0,0.0,0.0
0.0,0.0,0.0,0.0,0.0,0.25,0.25,0.25,0.25,0.25,0.45,0.25,0.25,0.25,0.25,0.25,0.4,0.6,0.8,1.0,0.8,0.6,0.4,0.25
0.0,0.0,0.0,0.0,0.0,0.0,0.0,0.0,0.0,0.0,0.0,0.0,0.0,0.0,0.0,0.25,0.25,0.3,0.5,0.7,0.5,0.3,0.25,0.25
0.0,0.0,0.0,0.0,0.0,0.0,0.0,0.0,0.0,0.0,0.0,0.0,0.0,0.0,0.0,0.0,0.0,0.0,0.0,0.0,0.0,0.0,0.0,0.0
0.0,0.0,0.0,0.0,0.0,0.25,0.25,0.0,0.0,0.0,0.0,0.0,0.0,0.0,0.0,0.0,0.0,0.0,0.25,0.5,0.25,0.33333,0.25,0.25
0.0,0.0,0.0,0.0,0.0,0.25,0.25,0.25,0.25,0.25,0.45,0.25,0.25,0.25,0.25,0.25,0.4,0.6,0.8,1.0,0.8,0.6,0.4,0.25
0.0,0.0,0.0,0.0,0.0,0.0,0.0,0.0,0.0,0.0,0.0,0.0,0.0,0.0,0.0,0.25,0.25,0.25,0.45,0.65,0.45,0.25,0.25,0.25
0.0,0.0,0.0,0.0,0.0,0.25,0.25,0.25,0.25,0.25,0.45,0.25,0.25,0.25,0.25,0.25,0.4,0.6,0.8,1.0,0.8,0.6,0.4,0.25
0.0,0.0,0.0,0.0,0.0,0.25,0.25,0.0,0.0,0.0,0.0,0.0,0.0,0.0,0.0,0.0,0.0,0.0,0.25,0.5,0.25,0.25,0.0,0.0
0.0,0.0,0.0,0.0,0.0,0.0,0.0,0.0,0.0,0.0,0.0,0.0,0.0,0.0,0.0,0.0,0.0,0.0,0.0,0.0,0.0,0.0,0.0,0.0
0.0,0.0,0.0,0.0,0.0,0.0,0.0,0.0,0.0,0.0,0.0,0.0,0.0,0.0,0.0,0.0,0.0,0.0,0.0,0.0,0.0,0.0,0.0,0.0
0.0,0.0,0.0,0.0,0.0,0.0,0.0,0.0,0.0,0.0,0.0,0.0,0.0,0.0,0.0,0.0,0.0,0.0,0.0,0.0,0.0,0.0,0.0,0.0
3.0,3.0,3.0,2.4,1.8,2.4,3.0,3.0,3.0,2.4,3.0,3.0,3.0,3.0,3.0,3.0,3.0,3.0,3.0,3.0,3.0,3.0,3.0,3.0
2.26667,1.66667,1.6,1.0,1.0,1.6,1.66667,2.26667,1.73333,2.33333,2.93333,2.33333,1.73333,2.33333,2.4,3.0,2.4,3.0,3.0,3.0,2.4,3.0,2.4,2.33333
0.0,0.0,0.0,0.0,0.0,0.0,0.0,0.0,0.0,0.0,0.0,0.0,0.0,0.0,0.0,0.0,0.0,0.1,0.3,0.3,0.1,0.3,0.1,0.1
0.0,0.0,0.0,0.0,0.0,0.25,0.45,0.65,0.85,0.8,1.0,1.0,1.0,1.0,0.8,1.0,1.0,1.0,1.0,1.0,1.0,1.0,0.8,1.0
0.0,0.0,0.0,0.0,0.0,0.0,0.0,0.0,0.0,0.0,0.0,0.0,0.0,0.0,0.0,0.0,0.0,0.0,0.0,0.0,0.0,0.0,0.0,0.0
0.0,0.0,0.0,0.0,0.0,0.0,0.0,0.0,0.0,0.0,0.0,0.0,0.0,0.0,0.0,0.0,0.0,0.0,0.0,0.0,0.0,0.0,0.0,0.0
3.0,3.0,2.93333,2.33333,1.73333,2.33333,2.93333,3.0,3.0,2.4,3.0,3.0,3.0,3.0,3.0,3.0,3.0,3.0,3.0,3.0,3.0,3.0,3.0,3.0
2.53333,1.83333,1.7,1.0,1.0,1.7,1.83333,1.83333,1.83333,2.53333,3.23333,2.53333,1.83333,1.96667,2.66667,3.36667,2.8,3.5,3.5,3.5,2.8,3.5,2.8,2.66667
0.0,0.0,0.0,0.0,0.0,0.0,0.0,0.0,0.0,0.0,0.0,0.0,0.0,0.0,0.0,0.0,0.0,0.08,0.3,0.3,0.08,0.0,0.0,0.0
0.0,0.0,0.0,0.0,0.0,0.0,0.0,0.0,0.0,0.0,0.0,0.0,0.0,0.0,0.0,0.0,0.0,0.08,0.3,0.3,0.08,0.0,0.0,0.0
0.0,0.0,0.0,0.0,0.0,0.25,0.45,0.65,0.85,0.8,1.0,1.0,1.0,1.0,0.8,1.0,1.0,1.0,1.0,1.0,1.0,1.0,0.8,1.0
0.0,0.0,0.0,0.0,0.0,0.0,0.0,0.0,0.0,0.0,0.0,0.0,0.0,0.0,0.0,0.0,0.0,0.08,0.3,0.3,0.08,0.0,0.0,0.0
0.0,0.0,0.0,0.0,0.0,0.25,0.45,0.65,0.85,0.8,1.0,1.0,1.0,1.0,1.0,1.0,1.0,1.0,1.0,1.0,1.0,1.0,0.8,1.0
0.0,0.0,0.0,0.0,0.0,0.0,0.0,0.0,0.0,0.0,0.0,0.0,0.0,0.0,0.0,0.0,0.0,0.08,0.3,0.3,0.08,0.0,0.0,0.0
0.0,0.0,0.0,0.0,0.0,0.0,0.0,0.0,0.0,0.0,0.0,0.0,0.0,0.0,0.0,0.0,0.0,0.08,0.3,0.3,0.08,0.0,0.0,0.0
0.0,0.0,0.0,0.0,0.0,0.25,0.45,0.65,0.85,0.8,1.0,1.0,1.0,1.0,0.8,1.0,1.0,1.0,1.0,1.0,1.0,1.0,0.8,1.0
2.33333,1.83333,1.33333,0.83333,0.5,1.0,1.5,1.83333,1.5,2.0,2.5,2.33333,1.83333,1.83333,2.0,2.5,2.0,2.5,2.5,2.5,2.5,2.5,2.0,2.5
0.0,0.0,0.0,0.0,0.0,0.5,0.5,0.5,0.5,0.5,1.0,0.5,0.5,0.5,0.5,0.5,1.0,1.5,2.0,2.5,2.0,1.5,1.0,0.5
0.0,0.0,0.0,0.0,0.0,0.25,0.45,0.65,0.85,0.8,1.0,1.0,1.0,1.0,0.8,1.0,1.0,1.0,1.0,1.0,1.0,1.0,0.8,1.0
0.0,0.0,0.0,0.0,0.0,0.25,0.45,0.65,0.85,0.8,1.0,1.0,1.0,1.0,0.8,1.0,1.0,1.0,1.0,1.0,1.0,1.0,0.8,1.0
0.0,0.0,0.0,0.0,0.0,0.5,0.5,0.5,0.5,0.5,0.9,0.5,0.5,0.5,0.5,0.6,1.0,1.4,1.8,2.0,1.6,1.3,0.9,0.5
1.9,1.5,1.1,0.7,0.5,0.9,1.3,1.7,1.5,1.6,2.0,2.0,2.0,2.0,1.6,2.0,2.0,2.0,2.0,2.0,2.0,2.0,1.6,2.0
0.0,0.0,0.0,0.0,0.0,0.25,0.45,0.65,0.85,0.8,1.0,1.0,1.0,1.0,0.8,1.0,1.0,1.0,1.0,1.0,1.0,1.0,0.8,1.0
4.2,4.2,3.36,2.52,1.68,2.52,3.36,4.2,4.2,3.36,4.2,4.2,4.2,4.2,4.2,4.2,4.2,4.2,4.2,4.2,4.2,4.2,4.2,4.2
2.06667,1.22667,1.84,1.0,1.0,1.347,1.22667,2.06667,1.45333,2.29333,3.13333,2.90667,2.06667,2.06667,2.29333,3.13333,2.52,3.36,4.2,4.2,3.36,4.2,3.36,2.52
3.0,3.0,3.0,2.4,1.8,2.4,3.0,3.0,3.0,2.4,3.0,3.0,3.0,3.0,3.0,3.0,3.0,3.0,3.0,3.0,3.0,3.0,3.0,3.0
0.0,0.0,0.0,0.0,0.3,0.3,0.3,0.3,0.3,0.3,0.63333,0.3,0.0,0.0,0.0,0.0,0.0,0.3,0.8,0.8,0.3,0.8,0.3,0.3
0.0,0.0,0.0,0.0,0.0,0.0,0.0,0.0,0.0,0.0,0.0,0.0,0.0,0.0,0.0,0.0,0.0,0.1,0.3,0.3,0.1,0.3,0.1,0.1
0.0,0.0,0.0,0.0,0.0,0.0,0.0,0.0,0.0,0.0,0.0,0.0,0.0,0.0,0.0,0.0,0.0,0.0,0.0,0.0,0.0,0.0,0.0,0.0
0.0,0.0,0.0,0.0,0.0,0.0,0.0,0.0,0.0,0.0,0.0,0.0,0.0,0.0,0.0,0.0,0.0,0.0,0.0,0.0,0.0,0.0,0.0,0.0
0.0,0.0,0.0,0.0,0.0,0.25,0.25,0.25,0.25,0.25,0.45,0.25,0.25,0.25,0.25,0.25,0.4,0.6,0.8,1.0,0.8,0.6,0.4,0.25
0.0,0.0,0.0,0.0,0.0,0.0,0.0,0.0,0.0,0.0,0.0,0.0,0.0,0.0,0.0,0.25,0.25,0.3,0.5,0.7,0.5,0.3,0.25,0.25
2.1,1.5,1.5,0.0,0.0,0.0,0.0,0.0,0.0,0.0,0.0,1.5,1.5,2.0,2.4,3.0,2.4,3.0,3.0,3.0,2.5,3.0,2.4,2.5
0.0,0.0,0.0,0.0,0.0,0.25,0.25,0.25,0.25,0.25,0.45,0.25,0.25,0.25,0.25,0.25,0.4,0.6,0.8,1.0,0.8,0.6,0.4,0.25
0.0,0.0,0.0,0.0,0.0,0.1,0.0,0.0,0.0,0.0,0.0,0.0,0.0,0.0,0.0,0.0,0.0,0.1,0.3,0.3,0.1,0.1,0.1,0.0
2.26667,1.66667,1.6,1.0,1.0,1.6,1.66667,2.26667,1.73333,2.33333,2.93333,2.33333,1.73333,2.33333,2.4,3.0,2.4,3.0,3.0,3.0,2.4,3.0,2.4,2.33333
2.0,2.0,2.0,1.6,1.2,1.6,2.0,2.0,2.0,1.6,2.0,2.0,2.0,2.0,2.0,2.0,2.0,2.0,2.0,2.0,2.0,2.0,2.0,2.0
0.0,0.0,0.0,0.0,0.0,0.0,0.0,0.0,0.0,0.0,0.0,0.0,0.0,0.0,0.0,0.0,0.0,0.0,0.0,0.0,0.0,0.0,0.0,0.0
0.0,0.0,0.0,0.0,0.0,0.2,0.0,0.0,0.0,0.0,0.0,0.0,0.0,0.0,0.0,0.0,0.0,0.2,0.5,0.5,0.2,0.4,0.2,0.0
3.0,3.0,2.93333,2.33333,1.73333,2.33333,2.93333,3.0,3.0,2.4,3.0,3.0,3.0,3.0,3.0,3.0,3.0,3.0,3.0,3.0,3.0,3.0,3.0,3.0
2.26667,1.66667,1.6,1.0,1.0,1.6,1.66667,2.26667,1.73333,2.33333,2.93333,2.33333,1.73333,2.33333,2.4,3.0,2.4,3.0,3.0,3.0,2.4,3.0,2.4,2.33333
3.0,3.0,3.0,2.4,1.8,2.4,3.0,3.0,3.0,2.4,3.0,3.0,3.0,3.0,3.0,3.0,3.0,3.0,3.0,3.0,3.0,3.0,3.0,3.0
0.0,0.0,0.0,0.0,0.0,0.0,0.0,0.0,0.0,0.0,0.0,0.0,0.0,0.0,0.0,0.0,0.0,0.0,0.0,0.0,0.0,0.0,0.0,0.0
0.0,0.0,0.0,0.0,0.0,0.25,0.25,0.25,0.25,0.25,0.45,0.25,0.25,0.25,0.25,0.25,0.4,0.6,0.8,1.0,0.8,0.6,0.4,0.25
0.0,0.0,0.0,0.0,0.0,0.0,0.0,0.0,0.0,0.0,0.0,0.0,0.0,0.0,0.0,0.25,0.25,0.3,0.5,0.7,0.5,0.3,0.25,0.25
0.0,0.0,0.0,0.0,0.0,0.0,0.0,0.0,0.0,0.0,0.0,0.0,0.0,0.0,0.0,0.0,0.0,0.0,0.0,0.0,0.0,0.0,0.0,0.0
0.0,0.0,0.0,0.0,0.0,0.25,0.25,0.0,0.0,0.0,0.0,0.0,0.0,0.0,0.0,0.0,0.0,0.0,0.25,0.5,0.25,0.33333,0.25,0.25
0.0,0.0,0.0,0.0,0.0,0.25,0.25,0.25,0.25,0.25,0.45,0.25,0.25,0.25,0.25,0.25,0.4,0.6,0.8,1.0,0.8,0.6,0.4,0.25
0.0,0.0,0.0,0.0,0.0,0.0,0.0,0.0,0.0,0.0,0.0,0.0,0.0,0.0,0.0,0.25,0.25,0.3,0.5,0.7,0.5,0.3,0.25,0.25
0.0,0.0,0.0,0.0,0.0,0.25,0.25,0.25,0.25,0.25,0.45,0.25,0.25,0.25,0.25,0.25,0.4,0.6,0.8,1.0,0.8,0.6,0.4,0.25
0.0,0.0,0.0,0.0,0.0,0.25,0.25,0.0,0.0,0.0,0.0,0.0,0.0,0.0,0.0,0.0,0.0,0.0,0.25,0.5,0.25,0.25,0.0,0.0
0.0,0.0,0.0,0.0,0.0,0.0,0.0,0.0,0.0,0.0,0.0,0.0,0.0,0.0,0.0,0.0,0.0,0.0,0.0,0.0,0.0,0.0,0.0,0.0
0.0,0.0,0.0,0.0,0.0,0.0,0.0,0.0,0.0,0.0,0.0,0.0,0.0,0.0,0.0,0.0,0.0,0.0,0.0,0.0,0.0,0.0,0.0,0.0
0.0,0.0,0.0,0.0,0.0,0.0,0.0,0.0,0.0,0.0,0.0,0.0,0.0,0.0,0.0,0.0,0.0,0.0,0.0,0.0,0.0,0.0,0.0,0.0
3.0,3.0,3.0,2.4,1.8,2.4,3.0,3.0,3.0,2.4,3.0,3.0,3.0,3.0,3.0,3.0,3.0,3.0,3.0,3.0,3.0,3.0,3.0,3.0
2.26667,1.66667,1.6,1.0,1.0,1.6,1.66667,2.26667,1.73333,2.33333,2.93333,2.33333,1.73333,2.33333,2.4,3.0,2.4,3.0,3.0,3.0,2.4,3.0,2.4,2.33333
0.0,0.0,0.0,0.0,0.0,0.0,0.0,0.0,0.0,0.0,0.0,0.0,0.0,0.0,0.0,0.0,0.0,0.1,0.3,0.3,0.1,0.3,0.1,0.1
0.0,0.0,0.0,0.0,0.0,0.25,0.45,0.65,0.85,0.8,1.0,1.0,1.0,1.0,0.8,1.0,1.0,1.0,1.0,1.0,1.0,1.0,0.8,1.0
0.0,0.0,0.0,0.0,0.0,0.0,0.0,0.0,0.0,0.0,0.0,0.0,0.0,0.0,0.0,0.0,0.0,0.0,0.0,0.0,0.0,0.0,0.0,0.0
0.0,0.0,0.0,0.0,0.0,0.0,0.0,0.0,0.0,0.0,0.0,0.0,0.0,0.0,0.0,0.0,0.0,0.0,0.0,0.0,0.0,0.0,0.0,0.0
3.0,3.0,2.93333,2.33333,1.73333,2.33333,2.93333,3.0,3.0,2.4,3.0,3.0,3.0,3.0,3.0,3.0,3.0,3.0,3.0,3.0,3.0,3.0,3.0,3.0
2.53333,1.83333,1.7,1.0,1.0,1.7,1.83333,1.83333,1.26667,1.96667,2.66667,2.53333,1.83333,1.96667,2.66667,3.36667,2.8,3.5,3.5,3.5,2.8,3.5,2.8,2.66667
0.0,0.0,0.0,0.0,0.0,0.0,0.0,0.0,0.0,0.0,0.0,0.0,0.0,0.0,0.0,0.0,0.0,0.0,0.0,0.0,0.0,0.0,0.0,0.0
0.0,0.0,0.0,0.0,0.0,0.0,0.0,0.0,0.0,0.0,0.0,0.0,0.0,0.0,0.0,0.0,0.0,0.08,0.3,0.3,0.08,0.0,0.0,0.0
0.0,0.0,0.0,0.0,0.0,0.25,0.45,0.65,0.85,0.8,1.0,1.0,1.0,1.0,0.8,1.0,1.0,1.0,1.0,1.0,1.0,1.0,0.8,1.0
0.0,0.0,0.0,0.0,0.0,0.0,0.0,0.0,0.0,0.0,0.0,0.0,0.0,0.0,0.0,0.0,0.0,0.08,0.3,0.3,0.08,0.0,0.0,0.0
0.0,0.0,0.0,0.0,0.0,0.25,0.45,0.65,0.85,0.8,1.0,1.0,1.0,1.0,0.8,1.0,1.0,1.0,1.0,1.0,1.0,1.0,0.8,1.0
0.0,0.0,0.0,0.0,0.0,0.0,0.0,0.0,0.0,0.0,0.0,0.0,0.0,0.0,0.0,0.0,0.0,0.08,0.3,0.3,0.08,0.0,0.0,0.0
0.0,0.0,0.0,0.0,0.0,0.0,0.0,0.0,0.0,0.0,0.0,0.0,0.0,0.0,0.0,0.0,0.0,0.08,0.3,0.3,0.08,0.0,0.0,0.0
0.0,0.0,0.0,0.0,0.0,0.25,0.45,0.65,0.85,0.8,1.0,1.0,1.0,1.0,0.8,1.0,1.0,1.0,1.0,1.0,1.0,1.0,0.8,1.0
2.33333,1.83333,1.33333,0.83333,0.5,1.0,1.5,1.83333,1.51696,2.0,2.5,2.33333,1.83333,1.83333,2.0,2.5,2.0,2.5,2.5,2.5,2.5,2.5,2.0,2.5
0.0,0.0,0.0,0.0,0.0,0.5,0.5,0.5,0.5,0.5,1.0,0.5,0.5,0.5,0.5,0.5,1.0,1.5,2.0,2.5,2.0,1.5,1.0,0.5
0.0,0.0,0.0,0.0,0.0,0.25,0.45,0.65,0.85,0.8,1.0,1.0,1.0,1.0,0.8,1.0,1.0,1.0,1.0,1.0,1.0,1.0,0.8,1.0
0.0,0.0,0.0,0.0,0.0,0.25,0.45,0.65,0.85,0.8,1.0,1.0,1.0,1.0,0.8,1.0,1.0,1.0,1.0,1.0,1.0,1.0,0.8,1.0
0.0,0.0,0.0,0.0,0.0,0.5,0.5,0.5,0.5,0.5,0.9,0.5,0.5,0.5,0.5,0.6,1.0,1.4,1.8,2.0,1.6,1.3,0.9,0.5
1.9,1.5,1.1,0.7,0.5,0.9,1.3,1.7,1.5,1.6,2.0,2.0,2.0,2.0,1.6,2.0,2.0,2.0,2.0,2.0,2.0,2.0,1.6,2.0
0.0,0.0,0.0,0.0,0.0,0.25,0.45,0.65,0.85,0.8,1.0,1.0,1.0,1.0,0.8,1.0,1.0,1.0,1.0,1.0,1.0,1.0,0.8,1.0
4.2,4.2,3.36,2.52,1.68,2.52,3.36,4.2,4.2,3.36,4.2,4.2,4.2,4.2,4.2,4.2,4.2,4.2,4.2,4.2,4.2,4.2,4.2,4.2
2.06667,1.22667,1.84,1.0,1.0,1.84,1.22667,2.06667,1.45333,2.29333,3.13333,2.90667,2.06667,2.06667,2.52,3.36,2.52,3.36,4.2,4.2,3.36,4.2,3.36,2.52
3.0,3.0,3.0,2.4,1.8,2.4,3.0,3.0,3.0,2.4,3.0,3.0,3.0,3.0,3.0,3.0,3.0,3.0,3.0,3.0,3.0,3.0,3.0,3.0
0.0,0.0,0.0,0.0,0.3,0.3,0.3,0.3,0.3,0.3,0.63333,0.3,0.0,0.0,0.0,0.0,0.0,0.3,0.8,0.8,0.3,0.8,0.3,0.3
0.0,0.0,0.0,0.0,0.0,0.0,0.0,0.0,0.0,0.0,0.0,0.0,0.0,0.0,0.0,0.0,0.0,0.1,0.3,0.3,0.1,0.3,0.1,0.1
0.0,0.0,0.0,0.0,0.0,0.0,0.0,0.0,0.0,0.0,0.0,0.0,0.0,0.0,0.0,0.0,0.0,0.0,0.0,0.0,0.0,0.0,0.0,0.0
0.0,0.0,0.0,0.0,0.0,0.0,0.0,0.0,0.0,0.0,0.0,0.0,0.0,0.0,0.0,0.0,0.0,0.0,0.0,0.0,0.0,0.0,0.0,0.0
0.0,0.0,0.0,0.0,0.0,0.25,0.25,0.25,0.25,0.25,0.45,0.25,0.25,0.25,0.25,0.25,0.4,0.6,0.8,1.0,0.8,0.6,0.4,0.25
0.0,0.0,0.0,0.0,0.0,0.0,0.0,0.0,0.0,0.0,0.0,0.0,0.0,0.0,0.0,0.25,0.25,0.3,0.5,0.7,0.5,0.3,0.25,0.25
2.1,1.5,1.5,0.0,0.0,0.0,0.0,0.0,0.0,0.0,0.0,1.5,1.5,2.0,2.4,3.0,2.4,3.0,3.0,3.0,2.5,3.0,2.4,2.5
0.0,0.0,0.0,0.0,0.0,0.25,0.25,0.25,0.25,0.25,0.45,0.25,0.25,0.25,0.25,0.25,0.4,0.6,0.8,1.0,0.8,0.6,0.4,0.25
0.0,0.0,0.0,0.0,0.0,0.1,0.0,0.0,0.0,0.0,0.0,0.0,0.0,0.0,0.0,0.0,0.0,0.1,0.3,0.3,0.1,0.1,0.1,0.0
2.26667,1.66667,1.6,1.0,1.0,1.6,1.66667,2.26667,1.73333,2.33333,2.93333,2.33333,1.73333,2.33333,2.4,3.0,2.4,3.0,3.0,3.0,2.4,3.0,2.4,2.33333
2.0,2.0,2.0,1.6,1.2,1.6,2.0,2.0,2.0,1.6,2.0,2.0,2.0,2.0,2.0,2.0,2.0,2.0,2.0,2.0,2.0,2.0,2.0,2.0
0.0,0.0,0.0,0.0,0.0,0.0,0.0,0.0,0.0,0.0,0.0,0.0,0.0,0.0,0.0,0.0,0.0,0.0,0.0,0.0,0.0,0.0,0.0,0.0
0.0,0.0,0.0,0.0,0.0,0.2,0.0,0.0,0.0,0.0,0.0,0.0,0.0,0.0,0.0,0.0,0.0,0.2,0.5,0.5,0.2,0.4,0.2,0.0
3.0,3.0,2.93333,2.33333,1.73333,2.33333,2.93333,3.0,3.0,2.4,3.0,3.0,3.0,3.0,3.0,3.0,3.0,3.0,3.0,3.0,3.0,3.0,3.0,3.0
2.26667,1.66667,1.6,1.0,1.0,1.6,1.66667,2.26667,1.73333,2.33333,2.93333,2.33333,1.73333,2.33333,2.4,3.0,2.4,3.0,3.0,3.0,2.4,3.0,2.4,2.33333
3.0,3.0,3.0,2.4,1.8,2.4,3.0,3.0,3.0,2.4,3.0,3.0,3.0,3.0,3.0,3.0,3.0,3.0,3.0,3.0,3.0,3.0,3.0,3.0
0.0,0.0,0.0,0.0,0.0,0.0,0.0,0.0,0.0,0.0,0.0,0.0,0.0,0.0,0.0,0.0,0.0,0.0,0.0,0.0,0.0,0.0,0.0,0.0
0.0,0.0,0.0,0.0,0.0,0.25,0.25,0.25,0.25,0.25,0.45,0.25,0.25,0.25,0.25,0.25,0.4,0.6,0.8,1.0,0.8,0.6,0.4,0.25
0.0,0.0,0.0,0.0,0.0,0.0,0.0,0.0,0.0,0.0,0.0,0.0,0.0,0.0,0.0,0.25,0.25,0.3,0.5,0.7,0.5,0.3,0.25,0.25
0.0,0.0,0.0,0.0,0.0,0.0,0.0,0.0,0.0,0.0,0.0,0.0,0.0,0.0,0.0,0.0,0.0,0.0,0.0,0.0,0.0,0.0,0.0,0.0
0.0,0.0,0.0,0.0,0.0,0.25,0.25,0.0,0.0,0.0,0.0,0.0,0.0,0.0,0.0,0.0,0.0,0.0,0.25,0.5,0.25,0.33333,0.25,0.25
0.0,0.0,0.0,0.0,0.0,0.25,0.25,0.25,0.25,0.25,0.45,0.25,0.25,0.25,0.25,0.25,0.4,0.6,0.8,1.0,0.8,0.6,0.4,0.25
0.0,0.0,0.0,0.0,0.0,0.0,0.0,0.0,0.0,0.0,0.0,0.0,0.0,0.0,0.0,0.25,0.25,0.3,0.5,0.7,0.5,0.3,0.25,0.25
0.0,0.0,0.0,0.0,0.0,0.25,0.25,0.25,0.25,0.25,0.45,0.25,0.25,0.25,0.25,0.25,0.4,0.6,0.8,1.0,0.8,0.6,0.4,0.25
0.0,0.0,0.0,0.0,0.0,0.25,0.25,0.0,0.0,0.0,0.0,0.0,0.0,0.0,0.0,0.0,0.0,0.0,0.25,0.5,0.25,0.25,0.0,0.0
0.0,0.0,0.0,0.0,0.0,0.0,0.0,0.0,0.0,0.0,0.0,0.0,0.0,0.0,0.0,0.0,0.0,0.0,0.0,0.0,0.0,0.0,0.0,0.0
0.0,0.0,0.0,0.0,0.0,0.0,0.0,0.0,0.0,0.0,0.0,0.0,0.0,0.0,0.0,0.0,0.0,0.0,0.0,0.0,0.0,0.0,0.0,0.0
0.0,0.0,0.0,0.0,0.0,0.0,0.0,0.0,0.0,0.0,0.0,0.0,0.0,0.0,0.0,0.0,0.0,0.0,0.0,0.0,0.0,0.0,0.0,0.0
3.0,3.0,3.0,2.4,1.8,2.4,3.0,3.0,3.0,2.4,3.0,3.0,3.0,3.0,3.0,3.0,3.0,3.0,3.0,3.0,3.0,3.0,3.0,3.0
2.26667,1.66667,1.6,1.0,1.0,1.6,1.66667,2.26667,1.73333,2.33333,2.93333,2.33333,1.73333,2.33333,2.4,3.0,2.4,3.0,3.0,3.0,2.4,3.0,2.4,2.33333
0.0,0.0,0.0,0.0,0.0,0.0,0.0,0.0,0.0,0.0,0.0,0.0,0.0,0.0,0.0,0.0,0.0,0.1,0.3,0.3,0.1,0.3,0.1,0.1
0.0,0.0,0.0,0.0,0.0,0.25,0.45,0.65,0.85,0.8,1.0,1.0,1.0,1.0,0.8,1.0,1.0,1.0,1.0,1.0,1.0,1.0,0.8,1.0
0.0,0.0,0.0,0.0,0.0,0.0,0.0,0.0,0.0,0.0,0.0,0.0,0.0,0.0,0.0,0.0,0.0,0.0,0.0,0.0,0.0,0.0,0.0,0.0
0.0,0.0,0.0,0.0,0.0,0.0,0.0,0.0,0.0,0.0,0.0,0.0,0.0,0.0,0.0,0.0,0.0,0.0,0.0,0.0,0.0,0.0,0.0,0.0
3.0,3.0,2.93333,2.33333,1.73333,2.33333,2.93333,3.0,3.0,2.4,3.0,3.0,3.0,3.0,3.0,3.0,3.0,3.0,3.0,3.0,3.0,3.0,3.0,3.0
2.53333,1.83333,1.7,1.0,1.0,1.7,1.83333,1.83333,1.83333,2.53333,3.23333,2.53333,1.83333,1.96667,2.66667,3.36667,2.8,3.5,3.5,3.5,2.8,3.5,2.8,2.66667
0.0,0.0,0.0,0.0,0.0,0.0,0.0,0.0,0.0,0.0,0.0,0.0,0.0,0.0,0.0,0.0,0.0,0.0,0.0,0.0,0.0,0.0,0.0,0.0
0.0,0.0,0.0,0.0,0.0,0.0,0.0,0.0,0.0,0.0,0.0,0.0,0.0,0.0,0.0,0.0,0.0,0.08,0.3,0.3,0.08,0.0,0.0,0.0
0.0,0.0,0.0,0.0,0.0,0.25,0.45,0.65,0.85,0.8,1.0,1.0,1.0,1.0,0.8,1.0,1.0,1.0,1.0,1.0,1.0,1.0,0.8,1.0
0.0,0.0,0.0,0.0,0.0,0.0,0.0,0.0,0.0,0.0,0.0,0.0,0.0,0.0,0.0,0.0,0.0,0.08,0.3,0.3,0.08,0.0,0.0,0.0
0.0,0.0,0.0,0.0,0.0,0.25,0.45,0.65,0.85,0.8,1.0,1.0,1.0,1.0,0.8,1.0,1.0,1.0,1.0,1.0,1.0,1.0,0.8,1.0
0.0,0.0,0.0,0.0,0.0,0.0,0.0,0.0,0.0,0.0,0.0,0.0,0.0,0.0,0.0,0.0,0.0,0.08,0.3,0.3,0.08,0.0,0.0,0.0
0.0,0.0,0.0,0.0,0.0,0.0,0.0,0.0,0.0,0.0,0.0,0.0,0.0,0.0,0.0,0.0,0.0,0.08,0.3,0.3,0.08,0.0,0.0,0.0
0.0,0.0,0.0,0.0,0.0,0.25,0.45,0.65,0.85,0.8,1.0,1.0,1.0,1.0,0.8,1.0,1.0,1.0,1.0,1.0,1.0,1.0,0.8,1.0
2.33333,1.83333,1.33333,0.83333,0.5,1.0,1.5,1.83333,1.83333,2.0,2.5,2.33333,1.83333,1.83333,2.0,2.5,2.0,2.5,2.5,2.5,2.5,2.5,2.0,2.5
0.0,0.0,0.0,0.0,0.0,0.5,0.5,0.5,0.5,0.5,1.0,0.5,0.5,0.5,0.5,0.5,1.0,1.5,2.0,2.5,2.0,1.5,1.0,0.5
0.0,0.0,0.0,0.0,0.0,0.25,0.45,0.65,0.85,0.8,1.0,1.0,1.0,1.0,0.8,1.0,1.0,1.0,1.0,1.0,1.0,1.0,0.8,1.0
0.0,0.0,0.0,0.0,0.0,0.25,0.45,0.65,0.85,0.8,1.0,1.0,1.0,1.0,0.8,1.0,1.0,1.0,1.0,1.0,1.0,1.0,0.8,1.0
0.0,0.0,0.0,0.0,0.0,0.5,0.5,0.5,0.5,0.5,0.9,0.5,0.5,0.5,0.5,0.6,1.0,1.4,1.8,2.0,1.6,1.3,0.9,0.5
1.9,1.5,1.1,0.7,0.5,0.9,1.3,1.7,1.5,1.6,2.0,2.0,2.0,2.0,1.6,2.0,2.0,2.0,2.0,2.0,2.0,2.0,1.6,2.0
0.0,0.0,0.0,0.0,0.0,0.25,0.45,0.65,0.85,0.8,1.0,1.0,1.0,1.0,0.8,1.0,1.0,1.0,1.0,1.0,1.0,1.0,0.8,1.0
4.2,4.2,3.36,2.52,1.68,2.52,3.36,4.2,4.2,3.36,4.2,4.2,4.2,4.2,4.2,4.2,4.2,4.2,4.2,4.2,4.2,4.2,4.2,4.2
2.06667,1.22667,1.84,1.0,1.0,1.84,2.06667,2.06667,1.45333,2.29333,3.13333,2.90667,2.06667,2.06667,2.52,3.36,2.52,3.36,4.2,4.2,3.36,4.2,3.36,2.52
3.0,3.0,3.0,2.4,1.8,2.4,3.0,3.0,3.0,2.4,3.0,3.0,3.0,3.0,3.0,3.0,3.0,3.0,3.0,3.0,3.0,3.0,3.0,3.0
0.0,0.0,0.0,0.0,0.3,0.3,0.3,0.3,0.3,0.3,0.63333,0.3,0.0,0.0,0.0,0.0,0.0,0.3,0.8,0.8,0.3,0.8,0.3,0.3
0.0,0.0,0.0,0.0,0.0,0.0,0.0,0.0,0.0,0.0,0.0,0.0,0.0,0.0,0.0,0.0,0.0,0.1,0.3,0.3,0.1,0.3,0.1,0.1
0.0,0.0,0.0,0.0,0.0,0.0,0.0,0.0,0.0,0.0,0.0,0.0,0.0,0.0,0.0,0.0,0.0,0.0,0.0,0.0,0.0,0.0,0.0,0.0
0.0,0.0,0.0,0.0,0.0,0.0,0.0,0.0,0.0,0.0,0.0,0.0,0.0,0.0,0.0,0.0,0.0,0.0,0.0,0.0,0.0,0.0,0.0,0.0
0.0,0.0,0.0,0.0,0.0,0.25,0.25,0.25,0.25,0.25,0.45,0.25,0.25,0.25,0.25,0.25,0.4,0.6,0.8,1.0,0.8,0.6,0.4,0.25
0.0,0.0,0.0,0.0,0.0,0.0,0.0,0.0,0.0,0.0,0.0,0.0,0.0,0.0,0.0,0.25,0.25,0.3,0.5,0.7,0.5,0.3,0.25,0.25
2.1,1.5,1.5,0.0,0.0,0.0,0.0,0.0,0.0,0.0,0.0,1.5,1.5,2.0,2.4,3.0,2.4,3.0,3.0,3.0,2.5,3.0,2.4,2.5
0.0,0.0,0.0,0.0,0.0,0.25,0.25,0.25,0.25,0.25,0.45,0.25,0.25,0.25,0.25,0.25,0.4,0.6,0.8,1.0,0.8,0.6,0.4,0.25
0.0,0.0,0.0,0.0,0.0,0.1,0.0,0.0,0.0,0.0,0.0,0.0,0.0,0.0,0.0,0.0,0.0,0.1,0.3,0.3,0.1,0.1,0.1,0.0
2.26667,1.66667,1.6,1.0,1.0,1.6,1.66667,2.26667,1.73333,2.33333,2.93333,2.33333,1.73333,2.33333,2.4,3.0,2.4,3.0,3.0,3.0,2.4,3.0,2.4,2.33333
2.0,2.0,2.0,1.6,1.2,1.6,2.0,2.0,2.0,1.6,2.0,2.0,2.0,2.0,2.0,2.0,2.0,2.0,2.0,2.0,2.0,2.0,2.0,2.0
0.0,0.0,0.0,0.0,0.0,0.0,0.0,0.0,0.0,0.0,0.0,0.0,0.0,0.0,0.0,0.0,0.0,0.0,0.0,0.0,0.0,0.0,0.0,0.0
0.0,0.0,0.0,0.0,0.0,0.2,0.0,0.0,0.0,0.0,0.0,0.0,0.0,0.0,0.0,0.0,0.0,0.2,0.5,0.5,0.2,0.35492,0.2,0.0
3.0,3.0,2.93333,2.33333,1.73333,2.33333,2.93333,3.0,3.0,2.4,3.0,3.0,3.0,3.0,3.0,3.0,3.0,3.0,3.0,3.0,3.0,3.0,3.0,3.0
2.26667,1.66667,1.6,1.0,1.0,1.6,1.66667,2.26667,1.73333,2.33333,2.93333,2.33333,1.73333,2.33333,2.4,3.0,2.4,3.0,3.0,3.0,2.4,3.0,2.4,2.33333
3.0,3.0,3.0,2.4,1.8,2.4,3.0,3.0,3.0,2.4,3.0,3.0,3.0,3.0,3.0,3.0,3.0,3.0,3.0,3.0,3.0,3.0,3.0,3.0
0.0,0.0,0.0,0.0,0.0,0.0,0.0,0.0,0.0,0.0,0.0,0.0,0.0,0.0,0.0,0.0,0.0,0.0,0.0,0.0,0.0,0.0,0.0,0.0
0.0,0.0,0.0,0.0,0.0,0.25,0.25,0.25,0.25,0.25,0.45,0.25,0.25,0.25,0.25,0.25,0.4,0.6,0.8,1.0,0.8,0.6,0.4,0.25
0.0,0.0,0.0,0.0,0.0,0.0,0.0,0.0,0.0,0.0,0.0,0.0,0.0,0.0,0.0,0.25,0.25,0.3,0.5,0.7,0.5,0.3,0.25,0.25
0.0,0.0,0.0,0.0,0.0,0.0,0.0,0.0,0.0,0.0,0.0,0.0,0.0,0.0,0.0,0.0,0.0,0.0,0.0,0.0,0.0,0.0,0.0,0.0
0.0,0.0,0.0,0.0,0.0,0.25,0.25,0.0,0.0,0.0,0.0,0.0,0.0,0.0,0.0,0.0,0.0,0.0,0.25,0.5,0.25,0.33333,0.25,0.25
0.0,0.0,0.0,0.0,0.0,0.25,0.25,0.25,0.25,0.25,0.45,0.25,0.25,0.25,0.25,0.25,0.4,0.6,0.8,1.0,0.8,0.6,0.4,0.25
0.0,0.0,0.0,0.0,0.0,0.0,0.0,0.0,0.0,0.0,0.0,0.0,0.0,0.0,0.0,0.25,0.25,0.25,0.45,0.65,0.45,0.25,0.25,0.25
0.0,0.0,0.0,0.0,0.0,0.25,0.25,0.25,0.25,0.25,0.45,0.25,0.25,0.25,0.25,0.25,0.4,0.6,0.8,1.0,0.8,0.6,0.4,0.25
0.0,0.0,0.0,0.0,0.0,0.25,0.25,0.0,0.0,0.0,0.0,0.0,0.0,0.0,0.0,0.0,0.0,0.0,0.25,0.5,0.25,0.25,0.0,0.0
0.0,0.0,0.0,0.0,0.0,0.0,0.0,0.0,0.0,0.0,0.0,0.0,0.0,0.0,0.0,0.0,0.0,0.0,0.0,0.0,0.0,0.0,0.0,0.0
0.0,0.0,0.0,0.0,0.0,0.0,0.0,0.0,0.0,0.0,0.0,0.0,0.0,0.0,0.0,0.0,0.0,0.0,0.0,0.0,0.0,0.0,0.0,0.0
0.0,0.0,0.0,0.0,0.0,0.0,0.0,0.0,0.0,0.0,0.0,0.0,0.0,0.0,0.0,0.0,0.0,0.0,0.0,0.0,0.0,0.0,0.0,0.0
3.0,3.0,3.0,2.4,1.8,2.4,3.0,3.0,3.0,2.4,3.0,3.0,3.0,3.0,3.0,3.0,3.0,3.0,3.0,3.0,3.0,3.0,3.0,3.0
2.26667,1.66667,1.6,1.0,1.0,1.6,1.66667,2.26667,1.73333,2.33333,2.93333,2.33333,1.73333,2.33333,2.4,3.0,2.4,3.0,3.0,3.0,2.4,3.0,2.4,2.33333
0.0,0.0,0.0,0.0,0.0,0.0,0.0,0.0,0.0,0.0,0.0,0.0,0.0,0.0,0.0,0.0,0.0,0.1,0.3,0.3,0.1,0.3,0.1,0.1
0.0,0.0,0.0,0.0,0.0,0.25,0.45,0.65,0.85,0.8,1.0,1.0,1.0,1.0,0.83741,1.0,1.0,1.0,1.0,1.0,1.0,1.0,0.8,1.0
0.0,0.0,0.0,0.0,0.0,0.0,0.0,0.0,0.0,0.0,0.0,0.0,0.0,0.0,0.0,0.0,0.0,0.0,0.0,0.0,0.0,0.0,0.0,0.0
0.0,0.0,0.0,0.0,0.0,0.0,0.0,0.0,0.0,0.0,0.0,0.0,0.0,0.0,0.0,0.0,0.0,0.0,0.0,0.0,0.0,0.0,0.0,0.0
3.0,3.0,2.93333,2.33333,1.73333,2.33333,2.93333,3.0,3.0,2.4,3.0,3.0,3.0,3.0,3.0,3.0,3.0,3.0,3.0,3.0,3.0,3.0,3.0,3.0
2.53333,1.83333,1.7,1.0,1.0,1.7,1.83333,1.83333,1.83333,2.53333,3.23333,2.53333,1.83333,1.96667,2.66667,3.36667,2.8,3.5,3.5,3.5,2.8,3.5,2.8,2.66667
0.0,0.0,0.0,0.0,0.0,0.0,0.0,0.0,0.0,0.0,0.0,0.0,0.0,0.0,0.0,0.0,0.0,0.08,0.3,0.3,0.08,0.0,0.0,0.0
0.0,0.0,0.0,0.0,0.0,0.0,0.0,0.0,0.0,0.0,0.0,0.0,0.0,0.0,0.0,0.0,0.0,0.08,0.3,0.3,0.08,0.0,0.0,0.0
0.0,0.0,0.0,0.0,0.0,0.25,0.45,0.65,0.85,0.8,1.0,1.0,1.0,1.0,0.8,1.0,1.0,1.0,1.0,1.0,1.0,1.0,0.8,1.0
0.0,0.0,0.0,0.0,0.0,0.0,0.0,0.0,0.0,0.0,0.0,0.0,0.0,0.0,0.0,0.0,0.0,0.08,0.3,0.3,0.08,0.0,0.0,0.0
0.0,0.0,0.0,0.0,0.0,0.25,0.45,0.65,0.85,0.8,1.0,1.0,1.0,1.0,1.0,1.0,1.0,1.0,1.0,1.0,1.0,1.0,0.8,1.0
0.0,0.0,0.0,0.0,0.0,0.0,0.0,0.0,0.0,0.0,0.0,0.0,0.0,0.0,0.0,0.0,0.0,0.08,0.3,0.3,0.08,0.0,0.0,0.0
0.0,0.0,0.0,0.0,0.0,0.0,0.0,0.0,0.0,0.0,0.0,0.0,0.0,0.0,0.0,0.0,0.0,0.08,0.3,0.3,0.08,0.0,0.0,0.0
0.0,0.0,0.0,0.0,0.0,0.25,0.45,0.65,0.85,0.8,1.0,1.0,1.0,1.0,0.8,1.0,1.0,1.0,1.0,1.0,1.0,1.0,0.8,1.0
2.33333,1.83333,1.33333,0.83333,0.5,1.0,1.5,1.83333,1.83333,2.0,2.5,2.33333,1.83333,1.83333,2.0,2.5,2.0,2.5,2.5,2.5,2.5,2.5,2.0,2.5
0.0,0.0,0.0,0.0,0.0,0.5,0.5,0.5,0.5,0.5,1.0,0.5,0.5,0.5,0.5,0.5,1.0,1.5,2.0,2.5,2.0,1.5,1.0,0.5
0.0,0.0,0.0,0.0,0.0,0.25,0.45,0.65,0.85,0.8,1.0,1.0,1.0,1.0,0.8,1.0,1.0,1.0,1.0,1.0,1.0,1.0,0.8,1.0
0.0,0.0,0.0,0.0,0.0,0.25,0.45,0.65,0.85,0.8,1.0,1.0,1.0,1.0,1.0,1.0,1.0,1.0,1.0,1.0,1.0,1.0,0.8,1.0
0.0,0.0,0.0,0.0,0.0,0.5,0.5,0.5,0.5,0.5,0.9,0.5,0.5,0.5,0.5,0.6,1.0,1.4,1.8,2.0,1.6,1.3,0.9,0.5
1.9,1.5,1.1,0.7,0.5,0.9,1.3,1.7,1.5,1.6,2.0,2.0,2.0,2.0,1.6,2.0,2.0,2.0,2.0,2.0,2.0,2.0,1.6,2.0
0.0,0.0,0.0,0.0,0.0,0.25,0.45,0.65,0.85,0.8,1.0,1.0,1.0,1.0,1.0,1.0,1.0,1.0,1.0,1.0,1.0,1.0,0.8,1.0
4.2,3.36,3.36,2.52,1.68,2.52,3.36,4.2,4.2,3.36,4.2,4.2,4.2,4.2,4.2,4.2,4.2,4.2,4.2,4.2,4.2,4.2,4.2,4.2
2.06667,1.22667,1.84,1.0,1.0,1.84,2.06667,2.06667,1.45333,2.29333,3.13333,2.90667,2.06667,2.06667,2.90667,3.74667,3.13333,3.97333,4.2,4.2,3.36,4.2,3.36,2.52
3.0,3.0,3.0,2.4,1.8,2.4,3.0,3.0,3.0,2.4,3.0,3.0,3.0,3.0,3.0,3.0,3.0,3.0,3.0,3.0,3.0,3.0,3.0,3.0
0.0,0.0,0.0,0.0,0.3,0.3,0.3,0.3,0.3,0.3,0.63333,0.3,0.0,0.0,0.0,0.0,0.0,0.3,0.8,0.8,0.3,0.8,0.3,0.3
0.0,0.0,0.0,0.0,0.0,0.0,0.0,0.0,0.0,0.0,0.0,0.0,0.0,0.0,0.0,0.0,0.0,0.1,0.3,0.3,0.1,0.3,0.1,0.1
0.0,0.0,0.0,0.0,0.0,0.0,0.0,0.0,0.0,0.0,0.0,0.0,0.0,0.0,0.0,0.0,0.0,0.0,0.0,0.0,0.0,0.0,0.0,0.0
0.0,0.0,0.0,0.0,0.0,0.0,0.0,0.0,0.0,0.0,0.0,0.0,0.0,0.0,0.0,0.0,0.0,0.0,0.0,0.0,0.0,0.0,0.0,0.0
0.0,0.0,0.0,0.0,0.0,0.25,0.25,0.25,0.25,0.25,0.45,0.25,0.25,0.25,0.25,0.25,0.4,0.6,0.8,1.0,0.8,0.6,0.4,0.25
0.0,0.0,0.0,0.0,0.0,0.0,0.0,0.0,0.0,0.0,0.0,0.0,0.0,0.0,0.0,0.25,0.25,0.3,0.5,0.7,0.5,0.3,0.25,0.25
2.1,1.5,1.5,0.0,0.0,0.0,0.0,0.0,0.0,0.0,0.0,1.5,1.5,2.0,2.4,3.0,2.4,3.0,3.0,3.0,2.5,3.0,2.4,2.5
0.0,0.0,0.0,0.0,0.0,0.25,0.25,0.25,0.25,0.25,0.45,0.25,0.25,0.25,0.25,0.25,0.4,0.6,0.8,1.0,0.8,0.6,0.4,0.25
0.0,0.0,0.0,0.0,0.0,0.1,0.0,0.0,0.0,0.0,0.0,0.0,0.0,0.0,0.0,0.0,0.0,0.1,0.3,0.3,0.1,0.1,0.1,0.0
2.26667,1.66667,1.6,1.0,1.0,1.6,1.66667,2.26667,1.73333,2.33333,2.93333,2.33333,1.73333,2.33333,2.4,3.0,2.4,3.0,3.0,3.0,2.4,3.0,2.4,2.33333
2.0,2.0,2.0,1.6,1.2,1.6,2.0,2.0,2.0,1.6,2.0,2.0,2.0,2.0,2.0,2.0,2.0,2.0,2.0,2.0,2.0,2.0,2.0,2.0
0.0,0.0,0.0,0.0,0.0,0.0,0.0,0.0,0.0,0.0,0.0,0.0,0.0,0.0,0.0,0.0,0.0,0.0,0.0,0.0,0.0,0.0,0.0,0.0
0.0,0.0,0.0,0.0,0.0,0.2,0.0,0.0,0.0,0.0,0.0,0.0,0.0,0.0,0.0,0.0,0.0,0.2,0.5,0.5,0.2,0.4,0.2,0.0
3.0,3.0,2.93333,2.33333,1.73333,2.33333,2.93333,3.0,3.0,2.4,3.0,3.0,3.0,3.0,3.0,3.0,3.0,3.0,3.0,3.0,3.0,3.0,3.0,3.0
2.26667,1.66667,1.6,1.0,1.0,1.6,1.66667,2.26667,1.73333,2.33333,2.93333,2.33333,1.73333,2.33333,2.4,3.0,2.4,3.0,3.0,3.0,2.4,3.0,2.4,2.33333
3.0,3.0,3.0,2.4,1.8,2.4,3.0,3.0,3.0,2.4,3.0,3.0,3.0,3.0,3.0,3.0,3.0,3.0,3.0,3.0,3.0,3.0,3.0,3.0
0.0,0.0,0.0,0.0,0.0,0.0,0.0,0.0,0.0,0.0,0.0,0.0,0.0,0.0,0.0,0.0,0.0,0.0,0.0,0.0,0.0,0.0,0.0,0.0
0.0,0.0,0.0,0.0,0.0,0.25,0.25,0.25,0.25,0.25,0.45,0.25,0.25,0.25,0.25,0.25,0.4,0.6,0.8,1.0,0.8,0.6,0.4,0.25
0.0,0.0,0.0,0.0,0.0,0.0,0.0,0.0,0.0,0.0,0.0,0.0,0.0,0.0,0.0,0.25,0.25,0.3,0.5,0.7,0.5,0.3,0.25,0.25
0.0,0.0,0.0,0.0,0.0,0.0,0.0,0.0,0.0,0.0,0.0,0.0,0.0,0.0,0.0,0.0,0.0,0.0,0.0,0.0,0.0,0.0,0.0,0.0
0.0,0.0,0.0,0.0,0.0,0.25,0.25,0.0,0.0,0.0,0.0,0.0,0.0,0.0,0.0,0.0,0.0,0.0,0.25,0.5,0.25,0.33333,0.25,0.25
0.0,0.0,0.0,0.0,0.0,0.25,0.25,0.25,0.25,0.25,0.45,0.25,0.25,0.25,0.25,0.25,0.4,0.6,0.8,1.0,0.8,0.6,0.4,0.25
0.0,0.0,0.0,0.0,0.0,0.0,0.0,0.0,0.0,0.0,0.0,0.0,0.0,0.0,0.0,0.25,0.25,0.3,0.5,0.7,0.5,0.3,0.25,0.25
0.0,0.0,0.0,0.0,0.0,0.25,0.25,0.25,0.25,0.25,0.45,0.25,0.25,0.25,0.25,0.25,0.4,0.6,0.8,1.0,0.8,0.6,0.4,0.25
0.0,0.0,0.0,0.0,0.0,0.25,0.25,0.0,0.0,0.0,0.0,0.0,0.0,0.0,0.0,0.0,0.0,0.0,0.25,0.5,0.25,0.25,0.0,0.0
0.0,0.0,0.0,0.0,0.0,0.0,0.0,0.0,0.0,0.0,0.0,0.0,0.0,0.0,0.0,0.0,0.0,0.0,0.0,0.0,0.0,0.0,0.0,0.0
0.0,0.0,0.0,0.0,0.0,0.0,0.0,0.0,0.0,0.0,0.0,0.0,0.0,0.0,0.0,0.0,0.0,0.0,0.0,0.0,0.0,0.0,0.0,0.0
0.0,0.0,0.0,0.0,0.0,0.0,0.0,0.0,0.0,0.0,0.0,0.0,0.0,0.0,0.0,0.0,0.0,0.0,0.0,0.0,0.0,0.0,0.0,0.0
3.0,3.0,3.0,2.4,1.8,2.4,3.0,3.0,3.0,2.4,3.0,3.0,3.0,3.0,3.0,3.0,3.0,3.0,3.0,3.0,3.0,3.0,3.0,3.0
2.26667,1.66667,1.6,1.0,1.0,1.6,1.66667,2.26667,1.73333,2.33333,2.93333,2.33333,1.73333,2.33333,2.4,3.0,2.4,3.0,3.0,3.0,2.4,3.0,2.4,2.33333
0.0,0.0,0.0,0.0,0.0,0.0,0.0,0.0,0.0,0.0,0.0,0.0,0.0,0.0,0.0,0.0,0.0,0.1,0.3,0.3,0.1,0.3,0.1,0.1
0.0,0.0,0.0,0.0,0.0,0.25,0.45,0.65,0.85,0.8,1.0,1.0,1.0,1.0,1.0,1.0,1.0,1.0,1.0,1.0,1.0,1.0,0.8,1.0
0.0,0.0,0.0,0.0,0.0,0.0,0.0,0.0,0.0,0.0,0.0,0.0,0.0,0.0,0.0,0.0,0.0,0.0,0.0,0.0,0.0,0.0,0.0,0.0
0.0,0.0,0.0,0.0,0.0,0.0,0.0,0.0,0.0,0.0,0.0,0.0,0.0,0.0,0.0,0.0,0.0,0.0,0.0,0.0,0.0,0.0,0.0,0.0
3.0,3.0,2.93333,2.33333,1.73333,2.33333,2.93333,3.0,3.0,2.4,3.0,3.0,3.0,3.0,3.0,3.0,3.0,3.0,3.0,3.0,3.0,3.0,3.0,3.0
2.53333,1.83333,1.7,1.0,1.0,1.7,1.83333,1.83333,1.83333,2.53333,3.23333,2.53333,1.83333,1.96667,2.66667,3.36667,2.8,3.5,3.5,3.5,2.8,3.5,2.8,2.66667
0.0,0.0,0.0,0.0,0.0,0.0,0.0,0.0,0.0,0.0,0.0,0.0,0.0,0.0,0.0,0.0,0.0,0.08,0.3,0.3,0.08,0.0,0.0,0.0
0.0,0.0,0.0,0.0,0.0,0.0,0.0,0.0,0.0,0.0,0.0,0.0,0.0,0.0,0.0,0.0,0.0,0.0,0.0,0.0,0.0,0.0,0.0,0.0
0.0,0.0,0.0,0.0,0.0,0.25,0.45,0.65,0.85,0.8,1.0,1.0,1.0,1.0,0.8,1.0,1.0,1.0,1.0,1.0,1.0,1.0,0.8,1.0
0.0,0.0,0.0,0.0,0.0,0.0,0.0,0.0,0.0,0.0,0.0,0.0,0.0,0.0,0.0,0.0,0.0,0.08,0.3,0.3,0.08,0.0,0.0,0.0
0.0,0.0,0.0,0.0,0.0,0.25,0.45,0.65,0.85,0.8,1.0,1.0,1.0,1.0,1.0,1.0,1.0,1.0,1.0,1.0,1.0,1.0,0.8,1.0
0.0,0.0,0.0,0.0,0.0,0.0,0.0,0.0,0.0,0.0,0.0,0.0,0.0,0.0,0.0,0.0,0.0,0.08,0.3,0.3,0.08,0.0,0.0,0.0
0.0,0.0,0.0,0.0,0.0,0.0,0.0,0.0,0.0,0.0,0.0,0.0,0.0,0.0,0.0,0.0,0.0,0.08,0.3,0.3,0.08,0.0,0.0,0.0
0.0,0.0,0.0,0.0,0.0,0.25,0.45,0.65,0.85,0.8,1.0,1.0,1.0,1.0,0.8,1.0,1.0,1.0,1.0,1.0,1.0,1.0,0.8,1.0
2.33333,1.83333,1.33333,0.83333,0.5,1.0,1.5,1.83333,1.83333,2.0,2.5,2.33333,1.83333,1.83333,2.0,2.5,2.0,2.5,2.5,2.5,2.5,2.5,2.0,2.5
0.0,0.0,0.0,0.0,0.0,0.5,0.5,0.5,0.5,0.5,1.0,0.5,0.5,0.5,0.5,0.5,1.0,1.5,2.0,2.5,2.0,1.5,1.0,0.5
0.0,0.0,0.0,0.0,0.0,0.25,0.45,0.65,0.85,0.8,1.0,1.0,1.0,1.0,0.8,1.0,1.0,1.0,1.0,1.0,1.0,1.0,0.8,1.0
0.0,0.0,0.0,0.0,0.0,0.25,0.45,0.65,0.85,0.8,1.0,1.0,1.0,1.0,1.0,1.0,1.0,1.0,1.0,1.0,1.0,1.0,0.8,1.0
0.0,0.0,0.0,0.0,0.0,0.5,0.5,0.5,0.5,0.5,0.9,0.5,0.5,0.5,0.5,0.6,1.0,1.4,1.8,2.0,1.6,1.3,0.9,0.5
1.9,1.5,1.1,0.7,0.5,0.9,1.3,1.7,1.5,1.6,2.0,2.0,2.0,2.0,1.6,2.0,2.0,2.0,2.0,2.0,2.0,2.0,1.6,2.0
0.0,0.0,0.0,0.0,0.0,0.25,0.45,0.65,0.85,0.8,1.0,1.0,1.0,1.0,1.0,1.0,1.0,1.0,1.0,1.0,1.0,1.0,0.8,1.0
4.2,3.36,3.36,2.52,1.68,2.52,3.36,4.2,4.2,3.36,4.2,4.2,4.2,4.2,4.2,4.2,4.2,4.2,4.2,4.2,4.2,4.2,4.2,4.2
2.06667,1.22667,1.84,1.0,1.0,1.84,2.06667,2.06667,1.45333,2.29333,3.13333,2.90667,2.06667,2.06667,2.52,3.36,2.52,3.36,4.2,4.2,3.36,4.2,3.36,2.52
3.0,3.0,3.0,2.4,1.8,2.4,3.0,3.0,3.0,2.4,3.0,3.0,3.0,3.0,3.0,3.0,3.0,3.0,3.0,3.0,3.0,3.0,3.0,3.0
0.0,0.0,0.0,0.0,0.3,0.3,0.3,0.3,0.3,0.3,0.63333,0.3,0.0,0.0,0.0,0.0,0.0,0.3,0.8,0.8,0.3,0.8,0.3,0.3
0.0,0.0,0.0,0.0,0.0,0.0,0.0,0.0,0.0,0.0,0.0,0.0,0.0,0.0,0.0,0.0,0.0,0.1,0.3,0.3,0.1,0.3,0.1,0.1
0.0,0.0,0.0,0.0,0.0,0.0,0.0,0.0,0.0,0.0,0.0,0.0,0.0,0.0,0.0,0.0,0.0,0.0,0.0,0.0,0.0,0.0,0.0,0.0
0.0,0.0,0.0,0.0,0.0,0.0,0.0,0.0,0.0,0.0,0.0,0.0,0.0,0.0,0.0,0.0,0.0,0.0,0.0,0.0,0.0,0.0,0.0,0.0
0.0,0.0,0.0,0.0,0.0,0.25,0.25,0.25,0.25,0.25,0.45,0.25,0.25,0.25,0.25,0.25,0.4,0.6,0.8,1.0,0.8,0.6,0.4,0.25
0.0,0.0,0.0,0.0,0.0,0.0,0.0,0.0,0.0,0.0,0.0,0.0,0.0,0.0,0.0,0.25,0.25,0.3,0.5,0.7,0.5,0.3,0.25,0.25
2.1,1.5,1.5,0.0,0.0,0.0,0.0,0.0,0.0,0.0,0.0,1.5,1.5,2.0,2.4,3.0,2.4,3.0,3.0,3.0,2.5,3.0,2.4,2.5
0.0,0.0,0.0,0.0,0.0,0.25,0.25,0.25,0.25,0.25,0.45,0.25,0.25,0.25,0.25,0.25,0.4,0.6,0.8,1.0,0.8,0.6,0.4,0.25
0.0,0.0,0.0,0.0,0.0,0.1,0.0,0.0,0.0,0.0,0.0,0.0,0.0,0.0,0.0,0.0,0.0,0.1,0.3,0.3,0.1,0.1,0.1,0.0
2.26667,1.66667,1.6,1.0,1.0,1.6,1.66667,2.26667,1.73333,2.33333,2.93333,2.33333,1.73333,2.33333,2.4,3.0,2.4,3.0,3.0,3.0,2.4,3.0,2.4,2.33333
2.0,2.0,2.0,1.6,1.2,1.6,2.0,2.0,2.0,1.6,2.0,2.0,2.0,2.0,2.0,2.0,2.0,2.0,2.0,2.0,2.0,2.0,2.0,2.0
0.0,0.0,0.0,0.0,0.0,0.0,0.0,0.0,0.0,0.0,0.0,0.0,0.0,0.0,0.0,0.0,0.0,0.0,0.0,0.0,0.0,0.0,0.0,0.0
0.0,0.0,0.0,0.0,0.0,0.2,0.0,0.0,0.0,0.0,0.0,0.0,0.0,0.0,0.0,0.0,0.0,0.2,0.5,0.5,0.2,0.4,0.2,0.0
3.0,3.0,2.93333,2.33333,1.73333,2.33333,2.93333,3.0,3.0,2.4,3.0,3.0,3.0,3.0,3.0,3.0,3.0,3.0,3.0,3.0,3.0,3.0,3.0,3.0
2.26667,1.66667,1.6,1.0,1.0,1.6,1.66667,2.26667,1.73333,2.33333,2.93333,2.33333,1.73333,2.33333,2.4,3.0,2.4,3.0,3.0,3.0,2.4,3.0,2.4,2.33333
3.0,3.0,3.0,2.4,1.8,2.4,3.0,3.0,3.0,2.4,3.0,3.0,3.0,3.0,3.0,3.0,3.0,3.0,3.0,3.0,3.0,3.0,3.0,3.0
0.0,0.0,0.0,0.0,0.0,0.0,0.0,0.0,0.0,0.0,0.0,0.0,0.0,0.0,0.0,0.0,0.0,0.0,0.0,0.0,0.0,0.0,0.0,0.0
0.0,0.0,0.0,0.0,0.0,0.25,0.25,0.25,0.25,0.25,0.45,0.25,0.25,0.25,0.25,0.25,0.4,0.6,0.8,1.0,0.8,0.6,0.4,0.25
0.0,0.0,0.0,0.0,0.0,0.0,0.0,0.0,0.0,0.0,0.0,0.0,0.0,0.0,0.0,0.25,0.25,0.3,0.5,0.7,0.5,0.3,0.25,0.25
0.0,0.0,0.0,0.0,0.0,0.0,0.0,0.0,0.0,0.0,0.0,0.0,0.0,0.0,0.0,0.0,0.0,0.0,0.0,0.0,0.0,0.0,0.0,0.0
0.0,0.0,0.0,0.0,0.0,0.25,0.25,0.0,0.0,0.0,0.0,0.0,0.0,0.0,0.0,0.0,0.0,0.0,0.25,0.5,0.25,0.33333,0.25,0.25
0.0,0.0,0.0,0.0,0.0,0.25,0.25,0.25,0.25,0.25,0.45,0.25,0.25,0.25,0.25,0.25,0.4,0.6,0.8,1.0,0.8,0.6,0.4,0.25
0.0,0.0,0.0,0.0,0.0,0.0,0.0,0.0,0.0,0.0,0.0,0.0,0.0,0.0,0.0,0.25,0.25,0.3,0.5,0.7,0.5,0.3,0.25,0.25
0.0,0.0,0.0,0.0,0.0,0.25,0.25,0.25,0.25,0.25,0.45,0.25,0.25,0.25,0.25,0.25,0.4,0.6,0.8,1.0,0.8,0.6,0.4,0.25
0.0,0.0,0.0,0.0,0.0,0.25,0.25,0.0,0.0,0.0,0.0,0.0,0.0,0.0,0.0,0.0,0.0,0.0,0.25,0.5,0.25,0.25,0.0,0.0
0.0,0.0,0.0,0.0,0.0,0.0,0.0,0.0,0.0,0.0,0.0,0.0,0.0,0.0,0.0,0.0,0.0,0.0,0.0,0.0,0.0,0.0,0.0,0.0
0.0,0.0,0.0,0.0,0.0,0.0,0.0,0.0,0.0,0.0,0.0,0.0,0.0,0.0,0.0,0.0,0.0,0.0,0.0,0.0,0.0,0.0,0.0,0.0
0.0,0.0,0.0,0.0,0.0,0.0,0.0,0.0,0.0,0.0,0.0,0.0,0.0,0.0,0.0,0.0,0.0,0.0,0.0,0.0,0.0,0.0,0.0,0.0
3.0,3.0,3.0,2.4,1.8,2.4,3.0,3.0,3.0,2.4,3.0,3.0,3.0,3.0,3.0,3.0,3.0,3.0,3.0,3.0,3.0,3.0,3.0,3.0
2.26667,1.66667,1.6,1.0,1.0,1.6,1.66667,2.26667,1.73333,2.33333,2.93333,2.33333,1.73333,2.33333,2.4,3.0,2.4,3.0,3.0,3.0,2.4,3.0,2.4,2.33333
0.0,0.0,0.0,0.0,0.0,0.0,0.0,0.0,0.0,0.0,0.0,0.0,0.0,0.0,0.0,0.0,0.0,0.1,0.3,0.3,0.1,0.3,0.1,0.1
0.0,0.0,0.0,0.0,0.0,0.25,0.45,0.65,0.85,0.8,1.0,1.0,1.0,1.0,1.0,1.0,1.0,1.0,1.0,1.0,1.0,1.0,0.8,1.0
0.0,0.0,0.0,0.0,0.0,0.0,0.0,0.0,0.0,0.0,0.0,0.0,0.0,0.0,0.0,0.0,0.0,0.0,0.0,0.0,0.0,0.0,0.0,0.0
0.0,0.0,0.0,0.0,0.0,0.0,0.0,0.0,0.0,0.0,0.0,0.0,0.0,0.0,0.0,0.0,0.0,0.0,0.0,0.0,0.0,0.0,0.0,0.0
3.0,3.0,2.93333,2.33333,1.73333,2.33333,2.93333,3.0,3.0,2.4,3.0,3.0,3.0,3.0,3.0,3.0,3.0,3.0,3.0,3.0,3.0,3.0,3.0,3.0
2.53333,1.83333,1.7,1.0,1.0,1.7,1.83333,1.83333,1.26667,1.96667,2.66667,2.53333,1.83333,1.96667,2.66667,3.36667,2.8,3.5,3.5,3.5,2.8,3.5,2.8,2.66667
0.0,0.0,0.0,0.0,0.0,0.0,0.0,0.0,0.0,0.0,0.0,0.0,0.0,0.0,0.0,0.0,0.0,0.08,0.3,0.3,0.08,0.0,0.0,0.0
0.0,0.0,0.0,0.0,0.0,0.0,0.0,0.0,0.0,0.0,0.0,0.0,0.0,0.0,0.0,0.0,0.0,0.08,0.3,0.3,0.08,0.0,0.0,0.0
0.0,0.0,0.0,0.0,0.0,0.25,0.45,0.65,0.85,0.8,1.0,1.0,1.0,1.0,0.8,1.0,1.0,1.0,1.0,1.0,1.0,1.0,0.8,1.0
0.0,0.0,0.0,0.0,0.0,0.0,0.0,0.0,0.0,0.0,0.0,0.0,0.0,0.0,0.0,0.0,0.0,0.08,0.3,0.3,0.08,0.0,0.0,0.0
0.0,0.0,0.0,0.0,0.0,0.25,0.45,0.65,0.85,0.8,1.0,1.0,1.0,1.0,1.0,1.0,1.0,1.0,1.0,1.0,1.0,1.0,0.8,1.0
0.0,0.0,0.0,0.0,0.0,0.0,0.0,0.0,0.0,0.0,0.0,0.0,0.0,0.0,0.0,0.0,0.0,0.08,0.3,0.3,0.08,0.0,0.0,0.0
0.0,0.0,0.0,0.0,0.0,0.0,0.0,0.0,0.0,0.0,0.0,0.0,0.0,0.0,0.0,0.0,0.0,0.08,0.3,0.3,0.08,0.0,0.0,0.0
0.0,0.0,0.0,0.0,0.0,0.25,0.45,0.65,0.85,0.8,1.0,1.0,1.0,1.0,0.8,1.0,1.0,1.0,1.0,1.0,1.0,1.0,0.8,1.0
2.33333,1.83333,1.33333,0.83333,0.5,1.0,1.5,1.83333,1.83333,2.0,2.5,2.33333,1.83333,1.83333,2.0,2.5,2.0,2.5,2.5,2.5,2.5,2.5,2.0,2.5
0.0,0.0,0.0,0.0,0.0,0.5,0.5,0.5,0.5,0.5,1.0,0.5,0.5,0.5,0.5,0.5,1.0,1.5,2.0,2.5,2.0,1.5,1.0,0.5
0.0,0.0,0.0,0.0,0.0,0.25,0.45,0.65,0.85,0.8,1.0,1.0,1.0,1.0,0.8,1.0,1.0,1.0,1.0,1.0,1.0,1.0,0.8,1.0
0.0,0.0,0.0,0.0,0.0,0.25,0.45,0.65,0.85,0.8,1.0,1.0,1.0,1.0,1.0,1.0,1.0,1.0,1.0,1.0,1.0,1.0,0.8,1.0
0.0,0.0,0.0,0.0,0.0,0.5,0.5,0.5,0.5,0.5,0.9,0.5,0.5,0.5,0.5,0.6,1.0,1.4,1.8,2.0,1.6,1.3,0.9,0.5
1.9,1.5,1.1,0.7,0.5,0.9,1.3,1.7,1.5,1.6,2.0,2.0,2.0,2.0,1.6,2.0,2.0,2.0,2.0,2.0,2.0,2.0,1.6,2.0
0.0,0.0,0.0,0.0,0.0,0.25,0.45,0.65,0.85,0.8,1.0,1.0,1.0,1.0,1.0,1.0,1.0,1.0,1.0,1.0,1.0,1.0,0.8,1.0
4.2,3.36,3.36,2.52,1.68,2.52,3.36,4.2,4.2,3.36,4.2,4.2,4.2,4.2,4.2,4.2,4.2,4.2,4.2,4.2,4.2,4.2,4.2,4.2
2.06667,1.22667,1.84,1.0,1.0,1.84,1.22667,2.06667,1.45333,2.29333,3.13333,2.90667,2.06667,2.06667,2.54982,3.38982,2.54982,3.38982,4.2,4.2,3.36,4.2,3.36,2.52
3.0,3.0,3.0,2.4,1.8,2.4,3.0,3.0,3.0,2.4,3.0,3.0,3.0,3.0,3.0,3.0,3.0,3.0,3.0,3.0,3.0,3.0,3.0,3.0
0.0,0.0,0.0,0.0,0.3,0.3,0.3,0.3,0.3,0.3,0.63333,0.3,0.0,0.0,0.0,0.0,0.0,0.3,0.8,0.8,0.3,0.8,0.3,0.3
0.0,0.0,0.0,0.0,0.0,0.0,0.0,0.0,0.0,0.0,0.0,0.0,0.0,0.0,0.0,0.0,0.0,0.1,0.3,0.3,0.1,0.3,0.1,0.1
0.0,0.0,0.0,0.0,0.0,0.0,0.0,0.0,0.0,0.0,0.0,0.0,0.0,0.0,0.0,0.0,0.0,0.0,0.0,0.0,0.0,0.0,0.0,0.0
0.0,0.0,0.0,0.0,0.0,0.0,0.0,0.0,0.0,0.0,0.0,0.0,0.0,0.0,0.0,0.0,0.0,0.0,0.0,0.0,0.0,0.0,0.0,0.0
0.0,0.0,0.0,0.0,0.0,0.25,0.25,0.25,0.25,0.25,0.45,0.25,0.25,0.25,0.25,0.25,0.4,0.6,0.8,1.0,0.8,0.6,0.4,0.25
0.0,0.0,0.0,0.0,0.0,0.0,0.0,0.0,0.0,0.0,0.0,0.0,0.0,0.0,0.0,0.25,0.25,0.3,0.5,0.7,0.5,0.3,0.25,0.25
2.32282,1.72282,1.5,0.0,0.0,0.0,0.0,0.0,0.0,0.0,0.0,1.5,1.5,2.0,2.4,3.0,2.4,3.0,3.0,3.0,2.5,3.0,2.4,2.5
0.0,0.0,0.0,0.0,0.0,0.25,0.25,0.25,0.25,0.25,0.45,0.25,0.25,0.25,0.25,0.25,0.4,0.6,0.8,1.0,0.8,0.6,0.4,0.25
0.0,0.0,0.0,0.0,0.0,0.1,0.0,0.0,0.0,0.0,0.0,0.0,0.0,0.0,0.0,0.0,0.0,0.1,0.3,0.3,0.1,0.1,0.1,0.0
2.26667,1.66667,1.6,1.0,1.0,1.6,1.66667,2.26667,1.73333,2.33333,2.93333,2.33333,1.73333,2.33333,2.4,3.0,2.4,3.0,3.0,3.0,2.4,3.0,2.4,2.33333
2.0,2.0,2.0,1.6,1.2,1.6,2.0,2.0,2.0,1.6,2.0,2.0,2.0,2.0,2.0,2.0,2.0,2.0,2.0,2.0,2.0,2.0,2.0,2.0
0.0,0.0,0.0,0.0,0.0,0.0,0.0,0.0,0.0,0.0,0.0,0.0,0.0,0.0,0.0,0.0,0.0,0.0,0.0,0.0,0.0,0.0,0.0,0.0
0.0,0.0,0.0,0.0,0.0,0.2,0.0,0.0,0.0,0.0,0.0,0.0,0.0,0.0,0.0,0.0,0.0,0.2,0.5,0.5,0.2,0.4,0.2,0.0
3.0,3.0,2.93333,2.33333,1.73333,2.33333,2.93333,3.0,3.0,2.4,3.0,3.0,3.0,3.0,3.0,3.0,3.0,3.0,3.0,3.0,3.0,3.0,3.0,3.0
2.26667,1.66667,1.6,1.0,1.0,1.6,1.66667,1.66667,1.73333,2.33333,2.93333,2.33333,1.73333,2.33333,2.4,3.0,2.4,3.0,3.0,3.0,2.4,3.0,2.4,2.33333
3.0,3.0,3.0,2.4,1.8,2.4,3.0,3.0,3.0,2.4,3.0,3.0,3.0,3.0,3.0,3.0,3.0,3.0,3.0,3.0,3.0,3.0,3.0,3.0
0.0,0.0,0.0,0.0,0.0,0.0,0.0,0.0,0.0,0.0,0.0,0.0,0.0,0.0,0.0,0.0,0.0,0.0,0.0,0.0,0.0,0.0,0.0,0.0
0.0,0.0,0.0,0.0,0.0,0.25,0.25,0.25,0.25,0.25,0.45,0.25,0.25,0.25,0.25,0.25,0.4,0.6,0.8,1.0,0.8,0.6,0.4,0.25
0.0,0.0,0.0,0.0,0.0,0.0,0.0,0.0,0.0,0.0,0.0,0.0,0.0,0.0,0.0,0.25,0.25,0.3,0.5,0.7,0.5,0.3,0.25,0.25
0.0,0.0,0.0,0.0,0.0,0.0,0.0,0.0,0.0,0.0,0.0,0.0,0.0,0.0,0.0,0.0,0.0,0.0,0.0,0.0,0.0,0.0,0.0,0.0
0.0,0.0,0.0,0.0,0.0,0.25,0.25,0.0,0.0,0.0,0.0,0.0,0.0,0.0,0.0,0.0,0.0,0.0,0.25,0.5,0.25,0.33333,0.25,0.25
0.0,0.0,0.0,0.0,0.0,0.25,0.25,0.25,0.25,0.25,0.45,0.25,0.25,0.25,0.25,0.25,0.4,0.6,0.8,1.0,0.8,0.6,0.4,0.25
0.0,0.0,0.0,0.0,0.0,0.0,0.0,0.0,0.0,0.0,0.0,0.0,0.0,0.0,0.0,0.25,0.25,0.3,0.5,0.7,0.5,0.3,0.25,0.25
0.0,0.0,0.0,0.0,0.0,0.25,0.25,0.25,0.25,0.25,0.45,0.25,0.25,0.25,0.25,0.25,0.4,0.6,0.8,1.0,0.8,0.6,0.4,0.25
0.0,0.0,0.0,0.0,0.0,0.25,0.25,0.0,0.0,0.0,0.0,0.0,0.0,0.0,0.0,0.0,0.0,0.0,0.25,0.5,0.25,0.25,0.0,0.0
0.0,0.0,0.0,0.0,0.0,0.0,0.0,0.0,0.0,0.0,0.0,0.0,0.0,0.0,0.0,0.0,0.0,0.0,0.0,0.0,0.0,0.0,0.0,0.0
0.0,0.0,0.0,0.0,0.0,0.0,0.0,0.0,0.0,0.0,0.0,0.0,0.0,0.0,0.0,0.0,0.0,0.0,0.0,0.0,0.0,0.0,0.0,0.0
0.0,0.0,0.0,0.0,0.0,0.0,0.0,0.0,0.0,0.0,0.0,0.0,0.0,0.0,0.0,0.0,0.0,0.0,0.0,0.0,0.0,0.0,0.0,0.0
3.0,3.0,3.0,2.4,1.8,2.4,3.0,3.0,3.0,2.4,3.0,3.0,3.0,3.0,3.0,3.0,3.0,3.0,3.0,3.0,3.0,3.0,3.0,3.0
2.26667,1.66667,1.6,1.0,1.0,1.6,1.66667,2.26667,1.73333,2.33333,2.93333,2.33333,1.73333,2.33333,2.4,3.0,2.4,3.0,3.0,3.0,2.4,3.0,2.4,2.33333
0.0,0.0,0.0,0.0,0.0,0.0,0.0,0.0,0.0,0.0,0.0,0.0,0.0,0.0,0.0,0.0,0.0,0.1,0.3,0.3,0.1,0.3,0.1,0.1
0.0,0.0,0.0,0.0,0.0,0.25,0.45,0.65,0.85,0.8,1.0,1.0,1.0,1.0,1.0,1.0,1.0,1.0,1.0,1.0,1.0,1.0,0.80969,1.0
0.0,0.0,0.0,0.0,0.0,0.0,0.0,0.0,0.0,0.0,0.0,0.0,0.0,0.0,0.0,0.0,0.0,0.0,0.0,0.0,0.0,0.0,0.0,0.0
0.0,0.0,0.0,0.0,0.0,0.0,0.0,0.0,0.0,0.0,0.0,0.0,0.0,0.0,0.0,0.0,0.0,0.0,0.0,0.0,0.0,0.0,0.0,0.0
3.0,3.0,2.93333,2.33333,1.73333,2.33333,2.93333,3.0,3.0,2.4,3.0,3.0,3.0,3.0,3.0,3.0,3.0,3.0,3.0,3.0,3.0,3.0,3.0,3.0
2.53333,1.83333,1.7,1.0,1.0,1.7,1.83333,1.83333,1.83333,2.53333,3.23333,2.53333,1.83333,1.96667,2.66667,3.36667,2.8,3.5,3.5,3.5,2.8,3.5,2.8,2.66667
0.0,0.0,0.0,0.0,0.0,0.0,0.0,0.0,0.0,0.0,0.0,0.0,0.0,0.0,0.0,0.0,0.0,0.08,0.3,0.3,0.08,0.0,0.0,0.0
0.0,0.0,0.0,0.0,0.0,0.0,0.0,0.0,0.0,0.0,0.0,0.0,0.0,0.0,0.0,0.0,0.0,0.08,0.3,0.3,0.08,0.0,0.0,0.0
0.0,0.0,0.0,0.0,0.0,0.25,0.45,0.65,0.85,0.8,1.0,1.0,1.0,1.0,0.8,1.0,1.0,1.0,1.0,1.0,1.0,1.0,0.8,1.0
0.0,0.0,0.0,0.0,0.0,0.0,0.0,0.0,0.0,0.0,0.0,0.0,0.0,0.0,0.0,0.0,0.0,0.08,0.3,0.3,0.08,0.0,0.0,0.0
0.0,0.0,0.0,0.0,0.0,0.25,0.45,0.65,0.85,0.8,1.0,1.0,1.0,1.0,1.0,1.0,1.0,1.0,1.0,1.0,1.0,1.0,1.0,1.0
0.0,0.0,0.0,0.0,0.0,0.0,0.0,0.0,0.0,0.0,0.0,0.0,0.0,0.0,0.0,0.0,0.0,0.08,0.3,0.3,0.08,0.0,0.0,0.0
0.0,0.0,0.0,0.0,0.0,0.0,0.0,0.0,0.0,0.0,0.0,0.0,0.0,0.0,0.0,0.0,0.0,0.08,0.3,0.3,0.08,0.0,0.0,0.0
0.0,0.0,0.0,0.0,0.0,0.25,0.45,0.65,0.85,0.8,1.0,1.0,1.0,1.0,0.8,1.0,1.0,1.0,1.0,1.0,1.0,1.0,0.8,1.0
2.33333,1.83333,1.33333,0.83333,0.5,1.0,1.5,1.83333,1.83333,2.0,2.5,2.33333,1.83333,1.83333,2.0,2.5,2.0,2.5,2.5,2.5,2.5,2.5,2.0,2.5
0.0,0.0,0.0,0.0,0.0,0.5,0.5,0.5,0.5,0.5,1.0,0.5,0.5,0.5,0.5,0.5,1.0,1.5,2.0,2.5,2.0,1.5,1.0,0.5
0.0,0.0,0.0,0.0,0.0,0.25,0.45,0.65,0.85,0.8,1.0,1.0,1.0,1.0,0.8,1.0,1.0,1.0,1.0,1.0,1.0,1.0,0.8,1.0
0.0,0.0,0.0,0.0,0.0,0.25,0.45,0.65,0.85,0.8,1.0,1.0,1.0,1.0,1.0,1.0,1.0,1.0,1.0,1.0,1.0,1.0,1.0,1.0
0.0,0.0,0.0,0.0,0.0,0.5,0.5,0.5,0.5,0.5,0.9,0.5,0.5,0.5,0.5,0.6,1.0,1.4,1.8,2.0,1.6,1.3,0.9,0.5
1.9,1.5,1.1,0.7,0.5,0.9,1.3,1.7,1.5,1.6,2.0,2.0,2.0,2.0,1.6,2.0,2.0,2.0,2.0,2.0,2.0,2.0,1.6,2.0
0.0,0.0,0.0,0.0,0.0,0.25,0.45,0.65,0.85,0.8,1.0,1.0,1.0,1.0,1.0,1.0,1.0,1.0,1.0,1.0,1.0,1.0,1.0,1.0
4.2,4.2,3.36,2.52,1.68,2.52,3.36,4.2,4.2,3.36,4.2,4.2,4.2,4.2,4.2,4.2,4.2,4.2,4.2,4.2,4.2,4.2,4.2,4.2
2.06667,1.22667,1.84,1.0,1.0,1.84,1.22667,2.06667,1.45333,2.29333,3.13333,2.90667,2.06667,2.06667,2.29333,3.13333,2.52,3.36,4.2,4.2,3.36,4.2,3.36,2.52
3.0,3.0,3.0,2.4,1.8,2.4,3.0,3.0,3.0,2.4,3.0,3.0,3.0,3.0,3.0,3.0,3.0,3.0,3.0,3.0,3.0,3.0,3.0,3.0
0.0,0.0,0.0,0.0,0.3,0.3,0.3,0.3,0.3,0.3,0.63333,0.3,0.0,0.0,0.0,0.0,0.0,0.3,0.8,0.8,0.3,0.8,0.3,0.3
0.0,0.0,0.0,0.0,0.0,0.0,0.0,0.0,0.0,0.0,0.0,0.0,0.0,0.0,0.0,0.0,0.0,0.1,0.3,0.3,0.1,0.3,0.1,0.1
0.0,0.0,0.0,0.0,0.0,0.0,0.0,0.0,0.0,0.0,0.0,0.0,0.0,0.0,0.0,0.0,0.0,0.0,0.0,0.0,0.0,0.0,0.0,0.0
0.0,0.0,0.0,0.0,0.0,0.0,0.0,0.0,0.0,0.0,0.0,0.0,0.0,0.0,0.0,0.0,0.0,0.0,0.0,0.0,0.0,0.0,0.0,0.0
0.0,0.0,0.0,0.0,0.0,0.25,0.25,0.25,0.25,0.25,0.45,0.25,0.25,0.25,0.25,0.25,0.4,0.6,0.8,1.0,0.8,0.6,0.4,0.25
0.0,0.0,0.0,0.0,0.0,0.0,0.0,0.0,0.0,0.0,0.0,0.0,0.0,0.0,0.0,0.25,0.25,0.3,0.5,0.7,0.5,0.3,0.25,0.25
2.1,1.5,1.5,0.0,0.0,0.0,0.0,0.0,0.0,0.0,0.0,1.5,1.5,2.0,2.4,3.0,2.49567,3.0,3.0,3.0,2.5,3.0,2.4,2.5
0.0,0.0,0.0,0.0,0.0,0.25,0.25,0.25,0.25,0.25,0.45,0.25,0.25,0.25,0.25,0.25,0.4,0.6,0.8,1.0,0.8,0.6,0.4,0.25
0.0,0.0,0.0,0.0,0.0,0.1,0.0,0.0,0.0,0.0,0.0,0.0,0.0,0.0,0.0,0.0,0.0,0.1,0.3,0.3,0.1,0.1,0.1,0.0
2.26667,1.66667,1.6,1.0,1.0,1.6,1.66667,2.26667,1.73333,2.33333,2.93333,2.33333,1.73333,2.33333,2.4,3.0,2.4,3.0,3.0,3.0,2.4,3.0,2.4,2.33333
2.0,2.0,2.0,1.6,1.2,1.6,2.0,2.0,2.0,1.6,2.0,2.0,2.0,2.0,2.0,2.0,2.0,2.0,2.0,2.0,2.0,2.0,2.0,2.0
0.0,0.0,0.0,0.0,0.0,0.0,0.0,0.0,0.0,0.0,0.0,0.0,0.0,0.0,0.0,0.0,0.0,0.0,0.0,0.0,0.0,0.0,0.0,0.0
0.0,0.0,0.0,0.0,0.0,0.2,0.0,0.0,0.0,0.0,0.0,0.0,0.0,0.0,0.0,0.0,0.0,0.2,0.5,0.5,0.2,0.4,0.2,0.0
3.0,3.0,2.93333,2.33333,1.73333,2.33333,2.93333,3.0,3.0,2.4,3.0,3.0,3.0,3.0,3.0,3.0,3.0,3.0,3.0,3.0,3.0,3.0,3.0,3.0
2.26667,1.66667,1.6,1.0,1.0,1.6,1.66667,2.26667,1.73333,2.33333,2.93333,2.33333,1.73333,2.33333,2.4,3.0,2.4,3.0,3.0,3.0,2.4,3.0,2.4,2.33333
3.0,3.0,3.0,2.4,1.8,2.4,3.0,3.0,3.0,2.4,3.0,3.0,3.0,3.0,3.0,3.0,3.0,3.0,3.0,3.0,3.0,3.0,3.0,3.0
0.0,0.0,0.0,0.0,0.0,0.0,0.0,0.0,0.0,0.0,0.0,0.0,0.0,0.0,0.0,0.0,0.0,0.0,0.0,0.0,0.0,0.0,0.0,0.0
0.0,0.0,0.0,0.0,0.0,0.25,0.25,0.25,0.25,0.25,0.45,0.25,0.25,0.25,0.25,0.25,0.4,0.6,0.8,1.0,0.8,0.6,0.4,0.25
0.0,0.0,0.0,0.0,0.0,0.0,0.0,0.0,0.0,0.0,0.0,0.0,0.0,0.0,0.0,0.25,0.25,0.25,0.45,0.65,0.45,0.25,0.25,0.25
0.0,0.0,0.0,0.0,0.0,0.0,0.0,0.0,0.0,0.0,0.0,0.0,0.0,0.0,0.0,0.0,0.0,0.0,0.0,0.0,0.0,0.0,0.0,0.0
0.0,0.0,0.0,0.0,0.0,0.25,0.25,0.0,0.0,0.0,0.0,0.0,0.0,0.0,0.0,0.0,0.0,0.0,0.25,0.5,0.25,0.33333,0.25,0.25
0.0,0.0,0.0,0.0,0.0,0.25,0.25,0.25,0.25,0.25,0.45,0.25,0.25,0.25,0.25,0.25,0.4,0.6,0.8,1.0,0.8,0.6,0.4,0.25
0.0,0.0,0.0,0.0,0.0,0.0,0.0,0.0,0.0,0.0,0.0,0.0,0.0,0.0,0.0,0.25,0.25,0.3,0.5,0.7,0.5,0.3,0.25,0.25
0.0,0.0,0.0,0.0,0.0,0.25,0.25,0.25,0.25,0.25,0.45,0.25,0.25,0.25,0.25,0.25,0.4,0.6,0.8,1.0,0.8,0.6,0.4,0.25
0.0,0.0,0.0,0.0,0.0,0.25,0.25,0.0,0.0,0.0,0.0,0.0,0.0,0.0,0.0,0.0,0.0,0.0,0.25,0.5,0.25,0.25,0.0,0.0
0.0,0.0,0.0,0.0,0.0,0.0,0.0,0.0,0.0,0.0,0.0,0.0,0.0,0.0,0.0,0.0,0.0,0.0,0.0,0.0,0.0,0.0,0.0,0.0
0.0,0.0,0.0,0.0,0.0,0.0,0.0,0.0,0.0,0.0,0.0,0.0,0.0,0.0,0.0,0.0,0.0,0.0,0.0,0.0,0.0,0.0,0.0,0.0
0.0,0.0,0.0,0.0,0.0,0.0,0.0,0.0,0.0,0.0,0.0,0.0,0.0,0.0,0.0,0.0,0.0,0.0,0.0,0.0,0.0,0.0,0.0,0.0
3.0,3.0,3.0,2.4,1.8,2.4,3.0,3.0,3.0,2.4,3.0,3.0,3.0,3.0,3.0,3.0,3.0,3.0,3.0,3.0,3.0,3.0,3.0,3.0
2.26667,1.66667,1.6,1.0,1.0,1.6,1.66667,2.26667,1.73333,2.33333,2.93333,2.33333,1.73333,2.33333,2.4,3.0,2.4,3.0,3.0,3.0,2.4,3.0,2.4,2.33333
0.0,0.0,0.0,0.0,0.0,0.0,0.0,0.0,0.0,0.0,0.0,0.0,0.0,0.0,0.0,0.0,0.0,0.1,0.3,0.3,0.1,0.3,0.1,0.1
0.0,0.0,0.0,0.0,0.0,0.25,0.45,0.65,0.85,0.8,1.0,1.0,1.0,1.0,1.0,1.0,1.0,1.0,1.0,1.0,1.0,1.0,1.0,1.0
0.0,0.0,0.0,0.0,0.0,0.0,0.0,0.0,0.0,0.0,0.0,0.0,0.0,0.0,0.0,0.0,0.0,0.0,0.0,0.0,0.0,0.0,0.0,0.0
0.0,0.0,0.0,0.0,0.0,0.0,0.0,0.0,0.0,0.0,0.0,0.0,0.0,0.0,0.0,0.0,0.0,0.0,0.0,0.0,0.0,0.0,0.0,0.0
3.0,3.0,2.94231,2.34231,1.74231,2.34231,2.94231,3.0,3.0,2.4,3.0,3.0,3.0,3.0,3.0,3.0,3.0,3.0,3.0,3.0,3.0,3.0,3.0,3.0
2.53333,1.83333,1.7,1.0,1.0,1.7,1.83333,1.83333,1.83333,2.53333,3.23333,2.53333,1.83333,1.96667,2.66667,3.36667,2.8,3.5,3.5,3.5,2.8,3.5,2.8,2.66667
0.0,0.0,0.0,0.0,0.0,0.0,0.0,0.0,0.0,0.0,0.0,0.0,0.0,0.0,0.0,0.0,0.0,0.08,0.3,0.3,0.08,0.0,0.0,0.0
0.0,0.0,0.0,0.0,0.0,0.0,0.0,0.0,0.0,0.0,0.0,0.0,0.0,0.0,0.0,0.0,0.0,0.08,0.3,0.3,0.08,0.0,0.0,0.0
0.0,0.0,0.0,0.0,0.0,0.25,0.45,0.65,0.85,0.8,1.0,1.0,1.0,1.0,0.8,1.0,1.0,1.0,1.0,1.0,1.0,1.0,0.8,1.0
0.0,0.0,0.0,0.0,0.0,0.0,0.0,0.0,0.0,0.0,0.0,0.0,0.0,0.0,0.0,0.0,0.0,0.08,0.3,0.3,0.08,0.0,0.0,0.0
0.0,0.0,0.0,0.0,0.0,0.25,0.45,0.65,0.85,0.8,1.0,1.0,1.0,1.0,1.0,1.0,1.0,1.0,1.0,1.0,1.0,1.0,1.0,1.0
0.0,0.0,0.0,0.0,0.0,0.0,0.0,0.0,0.0,0.0,0.0,0.0,0.0,0.0,0.0,0.0,0.0,0.08,0.3,0.3,0.08,0.0,0.0,0.0
0.0,0.0,0.0,0.0,0.0,0.0,0.0,0.0,0.0,0.0,0.0,0.0,0.0,0.0,0.0,0.0,0.0,0.08,0.3,0.3,0.08,0.0,0.0,0.0
0.0,0.0,0.0,0.0,0.0,0.25,0.45,0.65,0.85,0.8,1.0,1.0,1.0,1.0,0.8,1.0,1.0,1.0,1.0,1.0,1.0,1.0,0.8,1.0
2.33333,1.83333,1.33333,0.83333,0.5,1.0,1.5,1.83333,1.83333,2.0,2.5,2.33333,1.83333,1.83333,2.0,2.5,2.0,2.5,2.5,2.5,2.5,2.5,2.0,2.5
0.0,0.0,0.0,0.0,0.0,0.5,0.5,0.5,0.5,0.5,1.0,0.5,0.5,0.5,0.5,0.5,1.0,1.5,2.0,2.5,2.0,1.5,1.0,0.5
0.0,0.0,0.0,0.0,0.0,0.25,0.45,0.65,0.85,0.8,1.0,1.0,1.0,1.0,0.8,1.0,1.0,1.0,1.0,1.0,1.0,1.0,0.8,1.0
0.0,0.0,0.0,0.0,0.0,0.25,0.45,0.65,0.85,0.8,1.0,1.0,1.0,1.0,1.0,1.0,1.0,1.0,1.0,1.0,1.0,1.0,1.0,1.0
0.0,0.0,0.0,0.0,0.0,0.5,0.5,0.5,0.5,0.5,0.9,0.5,0.5,0.5,0.5,0.6,1.0,1.4,1.8,2.0,1.6,1.3,0.9,0.5
1.9,1.5,1.1,0.7,0.5,0.9,1.3,1.7,1.5,1.6,2.0,2.0,2.0,2.0,1.6,2.0,2.0,2.0,2.0,2.0,2.0,2.0,1.6,2.0
0.0,0.0,0.0,0.0,0.0,0.25,0.45,0.65,0.85,0.8,1.0,1.0,1.0,1.0,1.0,1.0,1.0,1.0,1.0,1.0,1.0,1.0,1.0,1.0
4.2,4.2,3.36,2.52,1.68,2.52,3.36,4.2,4.2,3.36,4.2,4.2,4.2,4.2,4.2,4.2,4.2,4.2,4.2,4.2,4.2,4.2,4.2,4.2
2.06667,1.22667,1.84,1.0,1.0,1.84,1.22667,2.06667,1.45333,2.29333,3.13333,2.90667,2.06667,2.06667,2.52,3.36,2.52,3.36,4.2,4.2,3.36,4.2,3.36,2.52
3.0,3.0,3.0,2.4,1.8,2.4,3.0,3.0,3.0,2.4,3.0,3.0,3.0,3.0,3.0,3.0,3.0,3.0,3.0,3.0,3.0,3.0,3.0,3.0
0.0,0.0,0.0,0.0,0.3,0.3,0.3,0.3,0.3,0.3,0.63333,0.3,0.0,0.0,0.0,0.0,0.0,0.3,0.8,0.8,0.3,0.8,0.3,0.3
0.0,0.0,0.0,0.0,0.0,0.0,0.0,0.0,0.0,0.0,0.0,0.0,0.0,0.0,0.0,0.0,0.0,0.1,0.3,0.3,0.1,0.3,0.1,0.1
0.0,0.0,0.0,0.0,0.0,0.0,0.0,0.0,0.0,0.0,0.0,0.0,0.0,0.0,0.0,0.0,0.0,0.0,0.0,0.0,0.0,0.0,0.0,0.0
0.0,0.0,0.0,0.0,0.0,0.0,0.0,0.0,0.0,0.0,0.0,0.0,0.0,0.0,0.0,0.0,0.0,0.0,0.0,0.0,0.0,0.0,0.0,0.0
0.0,0.0,0.0,0.0,0.0,0.25,0.25,0.25,0.25,0.25,0.45,0.25,0.25,0.25,0.25,0.25,0.4,0.6,0.8,1.0,0.8,0.6,0.4,0.25
0.0,0.0,0.0,0.0,0.0,0.0,0.0,0.0,0.0,0.0,0.0,0.0,0.0,0.0,0.0,0.25,0.25,0.29274,0.49274,0.69274,0.49274,0.29274,0.25,0.25
2.1,1.5,1.5,0.0,0.0,0.0,0.0,0.0,0.0,0.0,0.0,1.5,1.5,2.0,2.4,3.0,2.5,3.0,3.0,3.0,2.5,3.0,2.4,2.5
0.0,0.0,0.0,0.0,0.0,0.25,0.25,0.25,0.25,0.25,0.45,0.25,0.25,0.25,0.25,0.25,0.4,0.6,0.8,1.0,0.8,0.6,0.4,0.25
0.0,0.0,0.0,0.0,0.0,0.1,0.0,0.0,0.0,0.0,0.0,0.0,0.0,0.0,0.0,0.0,0.0,0.1,0.3,0.3,0.1,0.1,0.1,0.0
2.26667,1.66667,1.6,1.0,1.0,1.6,1.66667,2.26667,1.73333,2.33333,2.93333,2.33333,1.73333,2.33333,2.4,3.0,2.4,3.0,3.0,3.0,2.4,3.0,2.4,2.33333
2.0,2.0,2.0,1.6,1.2,1.6,2.0,2.0,2.0,1.6,2.0,2.0,2.0,2.0,2.0,2.0,2.0,2.0,2.0,2.0,2.0,2.0,2.0,2.0
0.0,0.0,0.0,0.0,0.0,0.0,0.0,0.0,0.0,0.0,0.0,0.0,0.0,0.0,0.0,0.0,0.0,0.0,0.0,0.0,0.0,0.0,0.0,0.0
0.0,0.0,0.0,0.0,0.0,0.2,0.0,0.0,0.0,0.0,0.0,0.0,0.0,0.0,0.0,0.0,0.0,0.2,0.5,0.5,0.2,0.4,0.2,0.0
3.0,3.0,3.0,2.4,1.8,2.4,3.0,3.0,3.0,2.4,3.0,3.0,3.0,3.0,3.0,3.0,3.0,3.0,3.0,3.0,3.0,3.0,3.0,3.0
2.26667,1.66667,1.6,1.0,1.0,1.6,1.66667,2.26667,1.73333,2.33333,2.93333,2.33333,1.73333,2.33333,2.4,3.0,2.4,3.0,3.0,3.0,2.4,3.0,2.4,2.33333
3.0,3.0,3.0,2.4,1.8,2.4,3.0,3.0,3.0,2.4,3.0,3.0,3.0,3.0,3.0,3.0,3.0,3.0,3.0,3.0,3.0,3.0,3.0,3.0
0.0,0.0,0.0,0.0,0.0,0.0,0.0,0.0,0.0,0.0,0.0,0.0,0.0,0.0,0.0,0.0,0.0,0.0,0.0,0.0,0.0,0.0,0.0,0.0
0.0,0.0,0.0,0.0,0.0,0.25,0.25,0.25,0.25,0.25,0.45,0.25,0.25,0.25,0.25,0.25,0.4,0.6,0.8,1.0,0.8,0.6,0.4,0.25
0.0,0.0,0.0,0.0,0.0,0.0,0.0,0.0,0.0,0.0,0.0,0.0,0.0,0.0,0.0,0.25,0.25,0.3,0.5,0.7,0.5,0.3,0.25,0.25
0.0,0.0,0.0,0.0,0.0,0.0,0.0,0.0,0.0,0.0,0.0,0.0,0.0,0.0,0.0,0.0,0.0,0.0,0.0,0.0,0.0,0.0,0.0,0.0
0.0,0.0,0.0,0.0,0.0,0.25,0.25,0.0,0.0,0.0,0.0,0.0,0.0,0.0,0.0,0.0,0.0,0.0,0.25,0.5,0.25,0.33333,0.25,0.25
0.0,0.0,0.0,0.0,0.0,0.25,0.25,0.25,0.25,0.25,0.45,0.25,0.25,0.25,0.25,0.25,0.4,0.6,0.8,1.0,0.8,0.6,0.4,0.25
0.0,0.0,0.0,0.0,0.0,0.0,0.0,0.0,0.0,0.0,0.0,0.0,0.0,0.0,0.0,0.25,0.25,0.3,0.5,0.7,0.5,0.3,0.25,0.25
0.0,0.0,0.0,0.0,0.0,0.25,0.25,0.25,0.25,0.25,0.45,0.25,0.25,0.25,0.25,0.25,0.4,0.6,0.8,1.0,0.8,0.6,0.4,0.25
0.0,0.0,0.0,0.0,0.0,0.25,0.25,0.0,0.0,0.0,0.0,0.0,0.0,0.0,0.0,0.0,0.0,0.0,0.25,0.5,0.25,0.25,0.0,0.0
0.0,0.0,0.0,0.0,0.0,0.0,0.0,0.0,0.0,0.0,0.0,0.0,0.0,0.0,0.0,0.0,0.0,0.0,0.0,0.0,0.0,0.0,0.0,0.0
0.0,0.0,0.0,0.0,0.0,0.0,0.0,0.0,0.0,0.0,0.0,0.0,0.0,0.0,0.0,0.0,0.0,0.0,0.0,0.0,0.0,0.0,0.0,0.0
0.0,0.0,0.0,0.0,0.0,0.0,0.0,0.0,0.0,0.0,0.0,0.0,0.0,0.0,0.0,0.0,0.0,0.0,0.0,0.0,0.0,0.0,0.0,0.0
3.0,3.0,3.0,2.4,1.8,2.4,3.0,3.0,3.0,2.4,3.0,3.0,3.0,3.0,3.0,3.0,3.0,3.0,3.0,3.0,3.0,3.0,3.0,3.0
2.26667,1.66667,1.6,1.0,1.0,1.6,1.66667,2.26667,1.73333,2.33333,2.93333,2.33333,1.73333,2.33333,2.4,3.0,2.4,3.0,3.0,3.0,2.4,3.0,2.4,2.33333
0.0,0.0,0.0,0.0,0.0,0.0,0.0,0.0,0.0,0.0,0.0,0.0,0.0,0.0,0.0,0.0,0.0,0.1,0.3,0.3,0.1,0.3,0.1,0.1
0.0,0.0,0.0,0.0,0.0,0.25,0.45,0.65,0.85,0.8,1.0,1.0,1.0,1.0,1.0,1.0,1.0,1.0,1.0,1.0,1.0,1.0,1.0,1.0
0.0,0.0,0.0,0.0,0.0,0.0,0.0,0.0,0.0,0.0,0.0,0.0,0.0,0.0,0.0,0.0,0.0,0.0,0.0,0.0,0.0,0.0,0.0,0.0
0.0,0.0,0.0,0.0,0.0,0.0,0.0,0.0,0.0,0.0,0.0,0.0,0.0,0.0,0.0,0.0,0.0,0.0,0.0,0.0,0.0,0.0,0.0,0.0
3.0,3.0,2.93333,2.33333,1.73333,2.33333,2.93333,3.0,3.0,2.4,3.0,3.0,3.0,3.0,3.0,3.0,3.0,3.0,3.0,3.0,3.0,3.0,3.0,3.0
2.53333,1.83333,1.7,1.0,1.0,1.7,1.83333,1.83333,1.83333,2.53333,3.23333,2.53333,1.83333,1.96667,2.66667,3.36667,2.8,3.5,3.5,3.5,2.8,3.5,2.8,2.66667
0.0,0.0,0.0,0.0,0.0,0.0,0.0,0.0,0.0,0.0,0.0,0.0,0.0,0.0,0.0,0.0,0.0,0.08,0.3,0.3,0.08,0.0,0.0,0.0
0.0,0.0,0.0,0.0,0.0,0.0,0.0,0.0,0.0,0.0,0.0,0.0,0.0,0.0,0.0,0.0,0.0,0.08,0.3,0.3,0.08,0.0,0.0,0.0
0.0,0.0,0.0,0.0,0.0,0.25,0.45,0.65,0.85,0.8,1.0,1.0,1.0,1.0,0.8,1.0,1.0,1.0,1.0,1.0,1.0,1.0,0.8,1.0
0.0,0.0,0.0,0.0,0.0,0.0,0.0,0.0,0.0,0.0,0.0,0.0,0.0,0.0,0.0,0.0,0.0,0.08,0.3,0.3,0.08,0.0,0.0,0.0
0.0,0.0,0.0,0.0,0.0,0.25,0.45,0.65,0.85,0.8,1.0,1.0,1.0,1.0,1.0,1.0,1.0,1.0,1.0,1.0,1.0,1.0,1.0,1.0
0.0,0.0,0.0,0.0,0.0,0.0,0.0,0.0,0.0,0.0,0.0,0.0,0.0,0.0,0.0,0.0,0.0,0.0,0.0,0.0,0.0,0.0,0.0,0.0
0.0,0.0,0.0,0.0,0.0,0.0,0.0,0.0,0.0,0.0,0.0,0.0,0.0,0.0,0.0,0.0,0.0,0.08,0.3,0.3,0.08,0.0,0.0,0.0
0.0,0.0,0.0,0.0,0.0,0.25,0.45,0.65,0.85,0.8,1.0,1.0,1.0,1.0,0.8,1.0,1.0,1.0,1.0,1.0,1.0,1.0,0.8,1.0
2.33333,1.83333,1.33333,0.83333,0.5,1.0,1.5,1.83333,1.83333,2.0,2.5,2.33333,1.83333,1.83333,2.0,2.5,2.0,2.5,2.5,2.5,2.5,2.5,2.0,2.5
0.0,0.0,0.0,0.0,0.0,0.5,0.5,0.5,0.5,0.5,1.0,0.5,0.5,0.5,0.5,0.5,1.0,1.5,2.0,2.5,2.0,1.5,1.0,0.5
0.0,0.0,0.0,0.0,0.0,0.25,0.45,0.65,0.85,0.8,1.0,1.0,1.0,1.0,0.8,1.0,1.0,1.0,1.0,1.0,1.0,1.0,0.8,1.0
0.0,0.0,0.0,0.0,0.0,0.25,0.45,0.65,0.85,0.8,1.0,1.0,1.0,1.0,1.0,1.0,1.0,1.0,1.0,1.0,1.0,1.0,1.0,1.0
0.0,0.0,0.0,0.0,0.0,0.5,0.5,0.5,0.5,0.5,0.9,0.5,0.5,0.5,0.5,0.6,1.0,1.4,1.8,2.0,1.6,1.3,0.9,0.5
1.9,1.5,1.1,0.7,0.5,0.9,1.3,1.7,1.5,1.6,2.0,2.0,2.0,2.0,1.6,2.0,2.0,2.0,2.0,2.0,2.0,2.0,1.6,2.0
0.0,0.0,0.0,0.0,0.0,0.25,0.45,0.65,0.85,0.8,1.0,1.0,1.0,1.0,1.0,1.0,1.0,1.0,1.0,1.0,1.0,1.0,1.0,1.0
4.2,4.01183,3.36,2.52,1.68,2.52,3.36,4.2,4.2,3.36,4.2,4.2,4.2,4.2,4.2,4.2,4.2,4.2,4.2,4.2,4.2,4.2,4.2,4.2
2.06667,1.22667,1.84,1.0,1.0,1.84,1.22667,2.06667,1.45333,2.29333,3.13333,2.90667,2.06667,2.06667,2.29333,3.13333,2.52,3.36,4.2,4.2,3.36,4.2,3.36,3.08909
3.0,3.0,3.0,2.4,1.8,2.4,3.0,3.0,3.0,2.4,3.0,3.0,3.0,3.0,3.0,3.0,3.0,3.0,3.0,3.0,3.0,3.0,3.0,3.0
0.0,0.0,0.0,0.0,0.3,0.3,0.3,0.3,0.3,0.3,0.63333,0.3,0.0,0.0,0.0,0.0,0.0,0.3,0.8,0.8,0.3,0.8,0.3,0.3
0.0,0.0,0.0,0.0,0.0,0.0,0.0,0.0,0.0,0.0,0.0,0.0,0.0,0.0,0.0,0.0,0.0,0.1,0.3,0.3,0.1,0.3,0.1,0.1
0.0,0.0,0.0,0.0,0.0,0.0,0.0,0.0,0.0,0.0,0.0,0.0,0.0,0.0,0.0,0.0,0.0,0.0,0.0,0.0,0.0,0.0,0.0,0.0
0.0,0.0,0.0,0.0,0.0,0.0,0.0,0.0,0.0,0.0,0.0,0.0,0.0,0.0,0.0,0.0,0.0,0.0,0.0,0.0,0.0,0.0,0.0,0.0
0.0,0.0,0.0,0.0,0.0,0.25,0.25,0.25,0.25,0.25,0.45,0.25,0.25,0.25,0.25,0.25,0.4,0.6,0.8,1.0,0.8,0.6,0.4,0.25
0.0,0.0,0.0,0.0,0.0,0.0,0.0,0.0,0.0,0.0,0.0,0.0,0.0,0.0,0.0,0.25,0.25,0.3,0.5,0.7,0.5,0.3,0.25,0.25
2.1,1.5,1.5,0.0,0.0,0.0,0.0,0.0,0.0,0.0,0.0,1.5,1.5,2.0,2.4,3.0,2.5,3.0,3.0,3.0,2.5,3.0,2.4,2.5
0.0,0.0,0.0,0.0,0.0,0.25,0.25,0.25,0.25,0.25,0.45,0.25,0.25,0.25,0.25,0.25,0.4,0.6,0.8,1.0,0.8,0.6,0.4,0.25
0.0,0.0,0.0,0.0,0.0,0.1,0.0,0.0,0.0,0.0,0.0,0.0,0.0,0.0,0.0,0.0,0.0,0.1,0.3,0.3,0.1,0.1,0.1,0.0
2.26667,1.66667,1.6,1.0,1.0,1.6,1.66667,2.26667,1.73333,2.33333,2.93333,2.33333,1.73333,2.33333,2.4,3.0,2.4,3.0,3.0,3.0,2.4,3.0,2.4,2.33333
2.0,2.0,2.0,1.6,1.2,1.6,2.0,2.0,2.0,1.6,2.0,2.0,2.0,2.0,2.0,2.0,2.0,2.0,2.0,2.0,2.0,2.0,2.0,2.0
0.0,0.0,0.0,0.0,0.0,0.0,0.0,0.0,0.0,0.0,0.0,0.0,0.0,0.0,0.0,0.0,0.0,0.0,0.0,0.0,0.0,0.0,0.0,0.0
0.0,0.0,0.0,0.0,0.0,0.2,0.0,0.0,0.0,0.0,0.0,0.0,0.0,0.0,0.0,0.0,0.0,0.2,0.5,0.5,0.2,0.4,0.2,0.0
3.0,3.0,2.93333,2.33333,1.73333,2.33333,2.93333,3.0,3.0,2.4,3.0,3.0,3.0,3.0,3.0,3.0,3.0,3.0,3.0,3.0,3.0,3.0,3.0,3.0
2.26667,1.66667,1.6,1.0,1.0,1.6,1.66667,2.26667,1.73333,2.33333,2.93333,2.33333,1.73333,2.33333,2.4,3.0,2.4,3.0,3.0,3.0,2.4,3.0,2.4,2.33333
3.0,3.0,3.0,2.4,1.8,2.4,3.0,3.0,3.0,2.4,3.0,3.0,3.0,3.0,3.0,3.0,3.0,3.0,3.0,3.0,3.0,3.0,3.0,3.0
0.0,0.0,0.0,0.0,0.0,0.0,0.0,0.0,0.0,0.0,0.0,0.0,0.0,0.0,0.0,0.0,0.0,0.0,0.0,0.0,0.0,0.0,0.0,0.0
0.0,0.0,0.0,0.0,0.0,0.25,0.25,0.25,0.25,0.25,0.45,0.25,0.25,0.25,0.25,0.25,0.4,0.6,0.8,1.0,0.8,0.6,0.4,0.25
0.0,0.0,0.0,0.0,0.0,0.0,0.0,0.0,0.0,0.0,0.0,0.0,0.0,0.0,0.0,0.25,0.25,0.3,0.5,0.7,0.5,0.3,0.25,0.25
0.0,0.0,0.0,0.0,0.0,0.0,0.0,0.0,0.0,0.0,0.0,0.0,0.0,0.0,0.0,0.0,0.0,0.0,0.0,0.0,0.0,0.0,0.0,0.0
0.0,0.0,0.0,0.0,0.0,0.25,0.25,0.0,0.0,0.0,0.0,0.0,0.0,0.0,0.0,0.0,0.0,0.0,0.25,0.5,0.25,0.33333,0.25,0.25
0.0,0.0,0.0,0.0,0.0,0.25,0.25,0.25,0.25,0.25,0.45,0.25,0.25,0.25,0.25,0.25,0.4,0.6,0.8,1.0,0.8,0.6,0.4,0.25
0.0,0.0,0.0,0.0,0.0,0.0,0.0,0.0,0.0,0.0,0.0,0.0,0.0,0.0,0.0,0.25,0.25,0.25,0.45,0.65,0.45,0.25,0.25,0.25
0.0,0.0,0.0,0.0,0.0,0.25,0.25,0.25,0.25,0.25,0.45,0.25,0.25,0.25,0.25,0.25,0.4,0.6,0.8,1.0,0.8,0.6,0.4,0.25
0.0,0.0,0.0,0.0,0.0,0.25,0.25,0.0,0.0,0.0,0.0,0.0,0.0,0.0,0.0,0.0,0.0,0.0,0.25,0.5,0.25,0.25,0.0,0.0
0.0,0.0,0.0,0.0,0.0,0.0,0.0,0.0,0.0,0.0,0.0,0.0,0.0,0.0,0.0,0.0,0.0,0.0,0.0,0.0,0.0,0.0,0.0,0.0
0.0,0.0,0.0,0.0,0.0,0.0,0.0,0.0,0.0,0.0,0.0,0.0,0.0,0.0,0.0,0.0,0.0,0.0,0.0,0.0,0.0,0.0,0.0,0.0
0.0,0.0,0.0,0.0,0.0,0.0,0.0,0.0,0.0,0.0,0.0,0.0,0.0,0.0,0.0,0.0,0.0,0.0,0.0,0.0,0.0,0.0,0.0,0.0
3.0,3.0,3.0,2.4,1.8,2.4,3.0,3.0,3.0,2.4,3.0,3.0,3.0,3.0,3.0,3.0,3.0,3.0,3.0,3.0,3.0,3.0,3.0,3.0
2.26667,1.66667,1.6,1.0,1.0,1.6,1.66667,2.26667,1.73333,2.33333,2.93333,2.33333,1.73333,2.33333,2.4,3.0,2.4,3.0,3.0,3.0,2.4,3.0,2.4,2.33333
0.0,0.0,0.0,0.0,0.0,0.0,0.0,0.0,0.0,0.0,0.0,0.0,0.0,0.0,0.0,0.0,0.0,0.1,0.3,0.3,0.1,0.3,0.1,0.1
0.0,0.0,0.0,0.0,0.0,0.25,0.45,0.65,0.85,0.8,1.0,1.0,1.0,1.0,1.0,1.0,1.0,1.0,1.0,1.0,1.0,1.0,1.0,1.0
0.0,0.0,0.0,0.0,0.0,0.0,0.0,0.0,0.0,0.0,0.0,0.0,0.0,0.0,0.0,0.0,0.0,0.0,0.0,0.0,0.0,0.0,0.0,0.0
0.0,0.0,0.0,0.0,0.0,0.0,0.0,0.0,0.0,0.0,0.0,0.0,0.0,0.0,0.0,0.0,0.0,0.0,0.0,0.0,0.0,0.0,0.0,0.0
3.0,3.0,3.0,2.4,1.8,2.4,3.0,3.0,3.0,2.4,3.0,3.0,3.0,3.0,3.0,3.0,3.0,3.0,3.0,3.0,3.0,3.0,3.0,3.0
2.53333,1.83333,1.7,1.0,1.0,1.7,1.83333,1.83333,1.83333,2.53333,3.23333,2.53333,1.83333,1.96667,2.66667,3.36667,2.8,3.5,3.5,3.5,2.8,3.5,2.8,2.66667
0.0,0.0,0.0,0.0,0.0,0.0,0.0,0.0,0.0,0.0,0.0,0.0,0.0,0.0,0.0,0.0,0.0,0.08,0.3,0.3,0.08,0.0,0.0,0.0
0.0,0.0,0.0,0.0,0.0,0.0,0.0,0.0,0.0,0.0,0.0,0.0,0.0,0.0,0.0,0.0,0.0,0.08,0.3,0.3,0.08,0.0,0.0,0.0
0.0,0.0,0.0,0.0,0.0,0.25,0.45,0.65,0.85,0.8,1.0,1.0,1.0,1.0,0.8,1.0,1.0,1.0,1.0,1.0,1.0,1.0,0.8,1.0
0.0,0.0,0.0,0.0,0.0,0.0,0.0,0.0,0.0,0.0,0.0,0.0,0.0,0.0,0.0,0.0,0.0,0.0,0.0,0.0,0.0,0.0,0.0,0.0
0.0,0.0,0.0,0.0,0.0,0.25,0.45,0.65,0.85,0.8,1.0,1.0,1.0,1.0,1.0,1.0,1.0,1.0,1.0,1.0,1.0,1.0,1.0,1.0
0.0,0.0,0.0,0.0,0.0,0.0,0.0,0.0,0.0,0.0,0.0,0.0,0.0,0.0,0.0,0.0,0.0,0.08,0.3,0.3,0.08,0.0,0.0,0.0
0.0,0.0,0.0,0.0,0.0,0.0,0.0,0.0,0.0,0.0,0.0,0.0,0.0,0.0,0.0,0.0,0.0,0.08,0.3,0.3,0.08,0.0,0.0,0.0
0.0,0.0,0.0,0.0,0.0,0.25,0.45,0.65,0.85,0.8,1.0,1.0,1.0,1.0,0.8,1.0,1.0,1.0,1.0,1.0,1.0,1.0,0.8,1.0
2.33333,1.83333,1.33333,0.83333,0.5,1.0,1.5,1.83333,1.83333,2.0,2.5,2.33333,1.83333,1.83333,2.0,2.5,2.0,2.5,2.5,2.5,2.5,2.5,2.0,2.5
0.0,0.0,0.0,0.0,0.0,0.5,0.5,0.5,0.5,0.5,1.0,0.5,0.5,0.5,0.5,0.5,1.0,1.5,2.0,2.5,2.0,1.5,1.0,0.5
0.0,0.0,0.0,0.0,0.0,0.25,0.45,0.65,0.85,0.8,1.0,1.0,1.0,1.0,0.8,1.0,1.0,1.0,1.0,1.0,1.0,1.0,0.8,1.0
0.0,0.0,0.0,0.0,0.0,0.25,0.45,0.65,0.85,0.8,1.0,1.0,1.0,1.0,1.0,1.0,1.0,1.0,1.0,1.0,1.0,1.0,1.0,1.0
0.0,0.0,0.0,0.0,0.0,0.5,0.5,0.5,0.5,0.5,0.9,0.5,0.5,0.5,0.5,0.6,1.0,1.4,1.8,2.0,1.6,1.3,0.9,0.5
1.9,1.5,1.1,0.7,0.5,0.9,1.3,1.7,1.5,1.6,2.0,2.0,2.0,2.0,1.6,2.0,2.0,2.0,2.0,2.0,2.0,2.0,1.6,2.0
0.0,0.0,0.0,0.0,0.0,0.25,0.45,0.65,0.85,0.8,1.0,1.0,1.0,1.0,1.0,1.0,1.0,1.0,1.0,1.0,1.0,1.0,1.0,1.0
4.2,4.2,3.36,2.52,1.68,2.52,3.36,4.2,4.2,3.36,4.2,4.2,4.2,4.2,4.2,4.2,4.2,4.2,4.2,4.2,4.2,4.2,4.2,4.2
2.06667,1.22667,1.84,1.0,1.0,1.84,1.22667,2.06667,1.45333,2.29333,3.13333,2.5483,1.7083,2.06667,2.52,3.36,2.52,3.36,4.2,4.2,3.36,4.2,3.36,3.13333
3.0,3.0,3.0,2.4,1.8,2.4,3.0,3.0,3.0,2.4,3.0,3.0,3.0,3.0,3.0,3.0,3.0,3.0,3.0,3.0,3.0,3.0,3.0,3.0
0.0,0.0,0.0,0.0,0.3,0.3,0.3,0.3,0.3,0.3,0.63333,0.3,0.0,0.0,0.0,0.0,0.0,0.3,0.8,0.8,0.3,0.8,0.3,0.3
0.0,0.0,0.0,0.0,0.0,0.0,0.0,0.0,0.0,0.0,0.0,0.0,0.0,0.0,0.0,0.0,0.0,0.1,0.3,0.3,0.1,0.3,0.1,0.1
0.0,0.0,0.0,0.0,0.0,0.0,0.0,0.0,0.0,0.0,0.0,0.0,0.0,0.0,0.0,0.0,0.0,0.0,0.0,0.0,0.0,0.0,0.0,0.0
0.0,0.0,0.0,0.0,0.0,0.0,0.0,0.0,0.0,0.0,0.0,0.0,0.0,0.0,0.0,0.0,0.0,0.0,0.0,0.0,0.0,0.0,0.0,0.0
0.0,0.0,0.0,0.0,0.0,0.25,0.25,0.25,0.25,0.25,0.45,0.25,0.25,0.25,0.25,0.25,0.4,0.6,0.8,1.0,0.8,0.6,0.4,0.25
0.0,0.0,0.0,0.0,0.0,0.0,0.0,0.0,0.0,0.0,0.0,0.0,0.0,0.0,0.0,0.25,0.25,0.25,0.45,0.65,0.45,0.25,0.25,0.25
2.1,1.5,1.5,0.0,0.0,0.0,0.0,0.0,0.0,0.0,0.0,1.5,1.5,2.0,2.4,3.0,2.5,3.0,3.0,3.0,2.5,3.0,2.4,2.5
0.0,0.0,0.0,0.0,0.0,0.25,0.25,0.25,0.25,0.25,0.45,0.25,0.25,0.25,0.25,0.25,0.4,0.6,0.8,1.0,0.8,0.6,0.4,0.25
0.0,0.0,0.0,0.0,0.0,0.1,0.0,0.0,0.0,0.0,0.0,0.0,0.0,0.0,0.0,0.0,0.0,0.1,0.3,0.3,0.1,0.1,0.1,0.0
2.26667,1.66667,1.6,1.0,1.0,1.6,1.66667,2.26667,1.73333,2.33333,2.93333,2.33333,1.73333,2.33333,2.4,3.0,2.4,3.0,3.0,3.0,2.4,3.0,2.4,2.33333
2.0,2.0,2.0,1.6,1.2,1.6,2.0,2.0,2.0,1.6,2.0,2.0,2.0,2.0,2.0,2.0,2.0,2.0,2.0,2.0,2.0,2.0,2.0,2.0
0.0,0.0,0.0,0.0,0.0,0.0,0.0,0.0,0.0,0.0,0.0,0.0,0.0,0.0,0.0,0.0,0.0,0.0,0.0,0.0,0.0,0.0,0.0,0.0
0.0,0.0,0.0,0.0,0.0,0.2,0.0,0.0,0.0,0.0,0.0,0.0,0.0,0.0,0.0,0.0,0.0,0.2,0.5,0.5,0.2,0.4,0.2,0.0
3.0,3.0,3.0,2.4,1.8,2.4,3.0,3.0,3.0,2.4,3.0,3.0,3.0,3.0,3.0,3.0,3.0,3.0,3.0,3.0,3.0,3.0,3.0,3.0
2.26667,1.66667,1.6,1.0,1.0,1.6,1.66667,2.26667,1.73333,2.33333,2.93333,2.33333,1.73333,2.33333,2.4,3.0,2.4,3.0,3.0,3.0,2.4,3.0,2.4,2.33333
3.0,3.0,3.0,2.4,1.8,2.4,3.0,3.0,3.0,2.4,3.0,3.0,3.0,3.0,3.0,3.0,3.0,3.0,3.0,3.0,3.0,3.0,3.0,3.0
0.0,0.0,0.0,0.0,0.0,0.0,0.0,0.0,0.0,0.0,0.0,0.0,0.0,0.0,0.0,0.0,0.0,0.0,0.0,0.0,0.0,0.0,0.0,0.0
0.0,0.0,0.0,0.0,0.0,0.25,0.25,0.25,0.25,0.25,0.45,0.25,0.25,0.25,0.25,0.25,0.4,0.6,0.8,1.0,0.8,0.6,0.4,0.25
0.0,0.0,0.0,0.0,0.0,0.0,0.0,0.0,0.0,0.0,0.0,0.0,0.0,0.0,0.0,0.25,0.25,0.3,0.5,0.7,0.5,0.3,0.25,0.25
0.0,0.0,0.0,0.0,0.0,0.0,0.0,0.0,0.0,0.0,0.0,0.0,0.0,0.0,0.0,0.0,0.0,0.0,0.0,0.0,0.0,0.0,0.0,0.0
0.0,0.0,0.0,0.0,0.0,0.25,0.25,0.0,0.0,0.0,0.0,0.0,0.0,0.0,0.0,0.0,0.0,0.0,0.25,0.5,0.25,0.33333,0.25,0.25
0.0,0.0,0.0,0.0,0.0,0.25,0.25,0.25,0.25,0.25,0.45,0.25,0.25,0.25,0.25,0.25,0.4,0.6,0.8,1.0,0.8,0.6,0.4,0.25
0.0,0.0,0.0,0.0,0.0,0.0,0.0,0.0,0.0,0.0,0.0,0.0,0.0,0.0,0.0,0.25,0.25,0.3,0.5,0.7,0.5,0.3,0.25,0.25
0.0,0.0,0.0,0.0,0.0,0.25,0.25,0.25,0.25,0.25,0.45,0.25,0.25,0.25,0.25,0.25,0.4,0.6,0.8,1.0,0.8,0.6,0.4,0.25
0.0,0.0,0.0,0.0,0.0,0.25,0.25,0.0,0.0,0.0,0.0,0.0,0.0,0.0,0.0,0.0,0.0,0.0,0.25,0.5,0.25,0.25,0.0,0.0
0.0,0.0,0.0,0.0,0.0,0.0,0.0,0.0,0.0,0.0,0.0,0.0,0.0,0.0,0.0,0.0,0.0,0.0,0.0,0.0,0.0,0.0,0.0,0.0
0.0,0.0,0.0,0.0,0.0,0.0,0.0,0.0,0.0,0.0,0.0,0.0,0.0,0.0,0.0,0.0,0.0,0.0,0.0,0.0,0.0,0.0,0.0,0.0
0.0,0.0,0.0,0.0,0.0,0.0,0.0,0.0,0.0,0.0,0.0,0.0,0.0,0.0,0.0,0.0,0.0,0.0,0.0,0.0,0.0,0.0,0.0,0.0
3.0,3.0,3.0,2.4,1.8,2.4,3.0,3.0,3.0,2.4,3.0,3.0,3.0,3.0,3.0,3.0,3.0,3.0,3.0,3.0,3.0,3.0,3.0,3.0
2.26667,1.66667,1.6,1.0,1.0,1.6,1.66667,2.26667,1.73333,2.33333,2.93333,2.33333,1.73333,1.8,2.4,3.0,2.4,3.0,3.0,3.0,2.4,3.0,2.4,2.33333
0.0,0.0,0.0,0.0,0.0,0.0,0.0,0.0,0.0,0.0,0.0,0.0,0.0,0.0,0.0,0.0,0.0,0.1,0.3,0.3,0.1,0.3,0.1,0.1
0.0,0.0,0.0,0.0,0.0,0.25,0.45,0.65,0.85,0.8,1.0,1.0,1.0,1.0,1.0,1.0,1.0,1.0,1.0,1.0,1.0,1.0,1.0,1.0
0.0,0.0,0.0,0.0,0.0,0.0,0.0,0.0,0.0,0.0,0.0,0.0,0.0,0.0,0.0,0.0,0.0,0.0,0.0,0.0,0.0,0.0,0.0,0.0
0.0,0.0,0.0,0.0,0.0,0.0,0.0,0.0,0.0,0.0,0.0,0.0,0.0,0.0,0.0,0.0,0.0,0.0,0.0,0.0,0.0,0.0,0.0,0.0
3.0,3.0,3.0,2.4,1.8,2.4,3.0,3.0,3.0,2.4,3.0,3.0,3.0,3.0,3.0,3.0,3.0,3.0,3.0,3.0,3.0,3.0,3.0,3.0
2.53333,1.83333,1.7,1.0,1.0,1.7,1.83333,1.83333,1.46585,2.16585,2.86585,2.53333,1.83333,1.96667,2.66667,3.36667,2.8,3.5,3.5,3.5,2.8,3.5,2.8,2.66667
0.0,0.0,0.0,0.0,0.0,0.0,0.0,0.0,0.0,0.0,0.0,0.0,0.0,0.0,0.0,0.0,0.0,0.08,0.3,0.3,0.08,0.0,0.0,0.0
0.0,0.0,0.0,0.0,0.0,0.0,0.0,0.0,0.0,0.0,0.0,0.0,0.0,0.0,0.0,0.0,0.0,0.08,0.3,0.3,0.08,0.0,0.0,0.0
0.0,0.0,0.0,0.0,0.0,0.25,0.45,0.65,0.85,0.8,1.0,1.0,1.0,1.0,0.8,1.0,1.0,1.0,1.0,1.0,1.0,1.0,0.8,1.0
0.0,0.0,0.0,0.0,0.0,0.0,0.0,0.0,0.0,0.0,0.0,0.0,0.0,0.0,0.0,0.0,0.0,0.0,0.0,0.0,0.0,0.0,0.0,0.0
0.0,0.0,0.0,0.0,0.0,0.25,0.45,0.65,0.85,0.8,1.0,1.0,1.0,1.0,1.0,1.0,1.0,1.0,1.0,1.0,1.0,1.0,1.0,1.0
0.0,0.0,0.0,0.0,0.0,0.0,0.0,0.0,0.0,0.0,0.0,0.0,0.0,0.0,0.0,0.0,0.0,0.08,0.3,0.3,0.08,0.0,0.0,0.0
0.0,0.0,0.0,0.0,0.0,0.0,0.0,0.0,0.0,0.0,0.0,0.0,0.0,0.0,0.0,0.0,0.0,0.08,0.3,0.3,0.08,0.0,0.0,0.0
0.0,0.0,0.0,0.0,0.0,0.25,0.45,0.65,0.85,0.8,1.0,1.0,1.0,1.0,0.8,1.0,1.0,1.0,1.0,1.0,1.0,1.0,0.8,1.0
2.33333,1.83333,1.33333,0.83333,0.5,1.0,1.5,1.83333,1.5,2.0,2.5,2.33333,1.83333,1.83333,2.0,2.5,2.0,2.5,2.5,2.5,2.5,2.5,2.0,2.5
0.0,0.0,0.0,0.0,0.0,0.5,0.5,0.5,0.5,0.5,1.0,0.5,0.5,0.5,0.5,0.5,1.0,1.5,2.0,2.5,2.0,1.5,1.0,0.5
0.0,0.0,0.0,0.0,0.0,0.25,0.45,0.65,0.85,0.8,1.0,1.0,1.0,1.0,0.8,1.0,1.0,1.0,1.0,1.0,1.0,1.0,0.8,1.0
0.0,0.0,0.0,0.0,0.0,0.25,0.45,0.65,0.85,0.8,1.0,1.0,1.0,1.0,1.0,1.0,1.0,1.0,1.0,1.0,1.0,1.0,1.0,1.0
0.0,0.0,0.0,0.0,0.0,0.5,0.5,0.5,0.5,0.5,0.9,0.5,0.5,0.5,0.5,0.6,1.0,1.4,1.8,2.0,1.6,1.3,0.9,0.5
2.0,1.6,1.2,0.8,0.5,0.9,1.3,1.7,1.5,1.6,2.0,2.0,2.0,2.0,1.6,2.0,2.0,2.0,2.0,2.0,2.0,2.0,1.6,2.0
0.0,0.0,0.0,0.0,0.0,0.25,0.45,0.65,0.85,0.8,1.0,1.0,1.0,1.0,1.0,1.0,1.0,1.0,1.0,1.0,1.0,1.0,1.0,1.0
4.2,4.2,3.36,2.52,1.68,2.52,3.36,4.2,4.2,3.36,4.2,4.2,4.2,4.2,4.2,4.2,4.2,4.2,4.2,4.2,4.2,4.2,4.2,4.2
2.06667,1.22667,1.72139,1.0,1.0,1.84,1.22667,2.06667,1.45333,2.29333,3.13333,2.29333,1.45333,2.06667,2.29333,3.13333,2.52,3.36,4.2,4.2,3.36,4.2,3.36,3.13333
3.0,3.0,3.0,2.4,1.8,2.4,3.0,3.0,3.0,2.4,3.0,3.0,3.0,3.0,3.0,3.0,3.0,3.0,3.0,3.0,3.0,3.0,3.0,3.0
0.0,0.0,0.0,0.0,0.3,0.3,0.3,0.3,0.3,0.3,0.63333,0.3,0.0,0.0,0.0,0.0,0.0,0.3,0.8,0.8,0.3,0.8,0.3,0.3
0.0,0.0,0.0,0.0,0.0,0.0,0.0,0.0,0.0,0.0,0.0,0.0,0.0,0.0,0.0,0.0,0.0,0.1,0.3,0.3,0.1,0.3,0.1,0.1
0.0,0.0,0.0,0.0,0.0,0.0,0.0,0.0,0.0,0.0,0.0,0.0,0.0,0.0,0.0,0.0,0.0,0.0,0.0,0.0,0.0,0.0,0.0,0.0
0.0,0.0,0.0,0.0,0.0,0.0,0.0,0.0,0.0,0.0,0.0,0.0,0.0,0.0,0.0,0.0,0.0,0.0,0.0,0.0,0.0,0.0,0.0,0.0
0.0,0.0,0.0,0.0,0.0,0.25,0.25,0.25,0.25,0.25,0.45,0.25,0.25,0.25,0.25,0.25,0.4,0.6,0.8,1.0,0.8,0.6,0.4,0.25
0.0,0.0,0.0,0.0,0.0,0.0,0.0,0.0,0.0,0.0,0.0,0.0,0.0,0.0,0.0,0.25,0.25,0.3,0.5,0.7,0.5,0.3,0.25,0.25
2.1,1.5,1.5,0.0,0.0,0.0,0.0,0.0,0.0,0.0,0.0,1.5,1.5,2.0,2.4,3.0,2.5,3.0,3.0,3.0,2.5,3.0,2.4,2.5
0.0,0.0,0.0,0.0,0.0,0.25,0.25,0.25,0.25,0.25,0.45,0.25,0.25,0.25,0.25,0.25,0.4,0.6,0.8,1.0,0.8,0.6,0.4,0.25
0.0,0.0,0.0,0.0,0.0,0.1,0.0,0.0,0.0,0.0,0.0,0.0,0.0,0.0,0.0,0.0,0.0,0.1,0.3,0.3,0.1,0.1,0.1,0.0
2.26667,1.66667,1.6,1.0,1.0,1.6,1.66667,2.26667,1.73333,2.33333,2.93333,2.33333,1.73333,1.8,2.4,3.0,2.4,3.0,3.0,3.0,2.4,3.0,2.4,2.33333
2.0,2.0,2.0,1.6,1.2,1.6,2.0,2.0,2.0,1.6,2.0,2.0,2.0,2.0,2.0,2.0,2.0,2.0,2.0,2.0,2.0,2.0,2.0,2.0
0.0,0.0,0.0,0.0,0.0,0.0,0.0,0.0,0.0,0.0,0.0,0.0,0.0,0.0,0.0,0.0,0.0,0.0,0.0,0.0,0.0,0.0,0.0,0.0
0.0,0.0,0.0,0.0,0.0,0.2,0.0,0.0,0.0,0.0,0.0,0.0,0.0,0.0,0.0,0.0,0.0,0.2,0.5,0.5,0.2,0.4,0.2,0.0
3.0,3.0,3.0,2.4,1.8,2.4,3.0,3.0,3.0,2.4,3.0,3.0,3.0,3.0,3.0,3.0,3.0,3.0,3.0,3.0,3.0,3.0,3.0,3.0
2.26667,1.66667,1.6,1.0,1.0,1.6,1.66667,2.26667,1.73333,2.33333,2.93333,2.33333,1.73333,1.8,2.4,3.0,2.4,3.0,3.0,3.0,2.4,3.0,2.4,2.33333
3.0,3.0,3.0,2.4,1.8,2.4,3.0,3.0,3.0,2.4,3.0,3.0,3.0,3.0,3.0,3.0,3.0,3.0,3.0,3.0,3.0,3.0,3.0,3.0
0.0,0.0,0.0,0.0,0.0,0.0,0.0,0.0,0.0,0.0,0.0,0.0,0.0,0.0,0.0,0.0,0.0,0.0,0.0,0.0,0.0,0.0,0.0,0.0
0.0,0.0,0.0,0.0,0.0,0.25,0.25,0.25,0.25,0.25,0.45,0.25,0.25,0.25,0.25,0.25,0.4,0.6,0.8,1.0,0.8,0.6,0.4,0.25
0.0,0.0,0.0,0.0,0.0,0.0,0.0,0.0,0.0,0.0,0.0,0.0,0.0,0.0,0.0,0.25,0.25,0.3,0.5,0.7,0.5,0.3,0.25,0.25
0.0,0.0,0.0,0.0,0.0,0.0,0.0,0.0,0.0,0.0,0.0,0.0,0.0,0.0,0.0,0.0,0.0,0.0,0.0,0.0,0.0,0.0,0.0,0.0
0.0,0.0,0.0,0.0,0.0,0.25,0.25,0.0,0.0,0.0,0.0,0.0,0.0,0.0,0.0,0.0,0.0,0.0,0.25,0.5,0.25,0.33333,0.25,0.25
0.0,0.0,0.0,0.0,0.0,0.25,0.25,0.25,0.25,0.25,0.45,0.25,0.25,0.25,0.25,0.25,0.4,0.6,0.8,1.0,0.8,0.6,0.4,0.25
0.0,0.0,0.0,0.0,0.0,0.0,0.0,0.0,0.0,0.0,0.0,0.0,0.0,0.0,0.0,0.25,0.25,0.3,0.5,0.7,0.5,0.3,0.25,0.25
0.0,0.0,0.0,0.0,0.0,0.25,0.25,0.25,0.25,0.25,0.45,0.25,0.25,0.25,0.25,0.25,0.4,0.6,0.8,1.0,0.8,0.6,0.4,0.25
0.0,0.0,0.0,0.0,0.0,0.25,0.25,0.0,0.0,0.0,0.0,0.0,0.0,0.0,0.0,0.0,0.0,0.0,0.25,0.5,0.25,0.25,0.0,0.0
0.0,0.0,0.0,0.0,0.0,0.0,0.0,0.0,0.0,0.0,0.0,0.0,0.0,0.0,0.0,0.0,0.0,0.0,0.0,0.0,0.0,0.0,0.0,0.0
0.0,0.0,0.0,0.0,0.0,0.0,0.0,0.0,0.0,0.0,0.0,0.0,0.0,0.0,0.0,0.0,0.0,0.0,0.0,0.0,0.0,0.0,0.0,0.0
0.0,0.0,0.0,0.0,0.0,0.0,0.0,0.0,0.0,0.0,0.0,0.0,0.0,0.0,0.0,0.0,0.0,0.0,0.0,0.0,0.0,0.0,0.0,0.0
3.0,3.0,3.0,2.4,1.8,2.4,3.0,3.0,3.0,2.4,3.0,3.0,3.0,3.0,3.0,3.0,3.0,3.0,3.0,3.0,3.0,3.0,3.0,3.0
2.26667,1.66667,1.6,1.0,1.0,1.6,1.66667,2.26667,1.73333,2.33333,2.93333,2.33333,1.73333,2.33333,2.4,3.0,2.4,3.0,3.0,3.0,2.4,3.0,2.4,2.33333
0.0,0.0,0.0,0.0,0.0,0.0,0.0,0.0,0.0,0.0,0.0,0.0,0.0,0.0,0.0,0.0,0.0,0.1,0.3,0.3,0.1,0.3,0.1,0.1
0.0,0.0,0.0,0.0,0.0,0.25,0.45,0.65,0.85,0.8,1.0,1.0,1.0,1.0,1.0,1.0,1.0,1.0,1.0,1.0,1.0,1.0,1.0,1.0
0.0,0.0,0.0,0.0,0.0,0.0,0.0,0.0,0.0,0.0,0.0,0.0,0.0,0.0,0.0,0.0,0.0,0.0,0.0,0.0,0.0,0.0,0.0,0.0
0.0,0.0,0.0,0.0,0.0,0.0,0.0,0.0,0.0,0.0,0.0,0.0,0.0,0.0,0.0,0.0,0.0,0.0,0.0,0.0,0.0,0.0,0.0,0.0
3.0,3.0,3.0,2.4,1.8,2.4,3.0,3.0,3.0,2.4,3.0,3.0,3.0,3.0,3.0,3.0,3.0,3.0,3.0,3.0,3.0,3.0,3.0,3.0
2.53333,1.83333,1.7,1.0,1.0,1.7,1.83333,1.83333,1.26667,1.96667,2.66667,2.53333,1.83333,1.96667,2.66667,3.36667,2.8,3.5,3.5,3.5,2.8,3.5,2.8,2.66667
0.0,0.0,0.0,0.0,0.0,0.0,0.0,0.0,0.0,0.0,0.0,0.0,0.0,0.0,0.0,0.0,0.0,0.08,0.3,0.3,0.08,0.0,0.0,0.0
0.0,0.0,0.0,0.0,0.0,0.0,0.0,0.0,0.0,0.0,0.0,0.0,0.0,0.0,0.0,0.0,0.0,0.08,0.3,0.3,0.08,0.0,0.0,0.0
0.0,0.0,0.0,0.0,0.0,0.25,0.45,0.65,0.85,0.8,1.0,1.0,1.0,1.0,0.8,1.0,1.0,1.0,1.0,1.0,1.0,1.0,0.8,1.0
0.0,0.0,0.0,0.0,0.0,0.0,0.0,0.0,0.0,0.0,0.0,0.0,0.0,0.0,0.0,0.0,0.0,0.0,0.0,0.0,0.0,0.0,0.0,0.0
0.0,0.0,0.0,0.0,0.0,0.25,0.45,0.65,0.85,0.8,1.0,1.0,1.0,1.0,1.0,1.0,1.0,1.0,1.0,1.0,1.0,1.0,1.0,1.0
0.0,0.0,0.0,0.0,0.0,0.0,0.0,0.0,0.0,0.0,0.0,0.0,0.0,0.0,0.0,0.0,0.0,0.0,0.0,0.0,0.0,0.0,0.0,0.0
0.0,0.0,0.0,0.0,0.0,0.0,0.0,0.0,0.0,0.0,0.0,0.0,0.0,0.0,0.0,0.0,0.0,0.08,0.3,0.3,0.08,0.0,0.0,0.0
0.0,0.0,0.0,0.0,0.0,0.25,0.45,0.65,0.85,0.8,1.0,1.0,1.0,1.0,0.8,1.0,1.0,1.0,1.0,1.0,1.0,1.0,0.8,1.0
2.33333,1.83333,1.33333,0.83333,0.5,1.0,1.5,1.83333,1.5,2.0,2.5,2.33333,1.83333,1.83333,2.0,2.5,2.0,2.5,2.5,2.5,2.0,2.5,2.0,2.5
0.0,0.0,0.0,0.0,0.0,0.5,0.5,0.5,0.5,0.5,1.0,0.5,0.5,0.5,0.5,0.5,1.0,1.5,2.0,2.5,2.0,1.5,1.0,0.5
0.0,0.0,0.0,0.0,0.0,0.25,0.45,0.65,0.85,0.8,1.0,1.0,1.0,1.0,0.8,1.0,1.0,1.0,1.0,1.0,1.0,1.0,0.8,1.0
0.0,0.0,0.0,0.0,0.0,0.25,0.45,0.65,0.85,0.8,1.0,1.0,1.0,1.0,1.0,1.0,1.0,1.0,1.0,1.0,1.0,1.0,1.0,1.0
0.0,0.0,0.0,0.0,0.0,0.5,0.5,0.5,0.5,0.5,0.9,0.5,0.5,0.5,0.5,0.6,1.0,1.4,1.8,2.0,1.6,1.3,0.9,0.5
2.0,1.6,1.2,0.8,0.5,0.9,1.3,1.7,1.5,1.6,2.0,2.0,2.0,2.0,1.6,2.0,2.0,2.0,2.0,2.0,2.0,2.0,1.6,2.0
0.0,0.0,0.0,0.0,0.0,0.25,0.45,0.65,0.85,0.8,1.0,1.0,1.0,1.0,1.0,1.0,1.0,1.0,1.0,1.0,1.0,1.0,1.0,1.0
4.2,3.36,3.36,2.52,1.68,2.52,3.36,4.2,4.2,3.36,4.2,4.2,4.2,4.2,4.2,4.2,4.2,4.2,4.2,4.2,4.2,4.2,4.2,4.2
2.06667,1.22667,1.0,1.0,1.0,1.84,1.60033,2.06667,1.45333,2.29333,3.13333,2.90667,2.06667,2.06667,2.90667,3.74667,2.90667,3.74667,4.2,4.2,3.36,4.2,3.36,3.13333
3.0,3.0,3.0,2.4,1.8,2.4,3.0,3.0,3.0,2.4,3.0,3.0,3.0,3.0,3.0,3.0,3.0,3.0,3.0,3.0,3.0,3.0,3.0,3.0
0.0,0.0,0.0,0.0,0.3,0.3,0.3,0.3,0.3,0.3,0.63333,0.3,0.0,0.0,0.0,0.0,0.0,0.3,0.8,0.8,0.3,0.8,0.3,0.3
0.0,0.0,0.0,0.0,0.0,0.0,0.0,0.0,0.0,0.0,0.0,0.0,0.0,0.0,0.0,0.0,0.0,0.1,0.3,0.3,0.1,0.3,0.1,0.1
0.0,0.0,0.0,0.0,0.0,0.0,0.0,0.0,0.0,0.0,0.0,0.0,0.0,0.0,0.0,0.0,0.0,0.0,0.0,0.0,0.0,0.0,0.0,0.0
0.0,0.0,0.0,0.0,0.0,0.0,0.0,0.0,0.0,0.0,0.0,0.0,0.0,0.0,0.0,0.0,0.0,0.0,0.0,0.0,0.0,0.0,0.0,0.0
0.0,0.0,0.0,0.0,0.0,0.25,0.25,0.25,0.25,0.25,0.45,0.25,0.25,0.25,0.25,0.25,0.4,0.6,0.8,1.0,0.8,0.6,0.4,0.25
0.0,0.0,0.0,0.0,0.0,0.0,0.0,0.0,0.0,0.0,0.0,0.0,0.0,0.0,0.0,0.25,0.25,0.25,0.45,0.65,0.45,0.25,0.25,0.25
2.1,1.5,1.5,0.0,0.0,0.0,0.0,0.0,0.0,0.0,0.0,1.5,1.5,2.0,2.4,3.0,2.5,3.0,3.0,3.0,2.5,3.0,2.4,2.5
0.0,0.0,0.0,0.0,0.0,0.25,0.25,0.25,0.25,0.25,0.45,0.25,0.25,0.25,0.25,0.25,0.4,0.6,0.8,1.0,0.8,0.6,0.4,0.25
0.0,0.0,0.0,0.0,0.0,0.1,0.0,0.0,0.0,0.0,0.0,0.0,0.0,0.0,0.0,0.0,0.0,0.1,0.3,0.3,0.1,0.1,0.1,0.0
2.26667,1.66667,1.6,1.0,1.0,1.6,1.66667,2.26667,1.73333,2.33333,2.93333,2.33333,1.73333,1.8,2.4,3.0,2.4,3.0,3.0,3.0,2.4,3.0,2.4,2.33333
2.0,2.0,2.0,1.6,1.2,1.6,2.0,2.0,2.0,1.6,2.0,2.0,2.0,2.0,2.0,2.0,2.0,2.0,2.0,2.0,2.0,2.0,2.0,2.0
0.0,0.0,0.0,0.0,0.0,0.0,0.0,0.0,0.0,0.0,0.0,0.0,0.0,0.0,0.0,0.0,0.0,0.0,0.0,0.0,0.0,0.0,0.0,0.0
0.0,0.0,0.0,0.0,0.0,0.2,0.0,0.0,0.0,0.0,0.0,0.0,0.0,0.0,0.0,0.0,0.0,0.2,0.5,0.5,0.2,0.4,0.2,0.0
3.0,3.0,3.0,2.4,1.8,2.4,3.0,3.0,3.0,2.4,3.0,3.0,3.0,3.0,3.0,3.0,3.0,3.0,3.0,3.0,3.0,3.0,3.0,3.0
2.26667,1.66667,1.6,1.0,1.0,1.6,1.66667,2.26667,1.73333,2.33333,2.93333,2.33333,1.73333,1.8,2.4,3.0,2.4,3.0,3.0,3.0,2.4,3.0,2.4,2.33333
3.0,3.0,3.0,2.4,1.8,2.4,3.0,3.0,3.0,2.4,3.0,3.0,3.0,3.0,3.0,3.0,3.0,3.0,3.0,3.0,3.0,3.0,3.0,3.0
0.0,0.0,0.0,0.0,0.0,0.0,0.0,0.0,0.0,0.0,0.0,0.0,0.0,0.0,0.0,0.0,0.0,0.0,0.0,0.0,0.0,0.0,0.0,0.0
0.0,0.0,0.0,0.0,0.0,0.25,0.25,0.25,0.25,0.25,0.45,0.25,0.25,0.25,0.25,0.25,0.4,0.6,0.8,1.0,0.8,0.6,0.4,0.25
0.0,0.0,0.0,0.0,0.0,0.0,0.0,0.0,0.0,0.0,0.0,0.0,0.0,0.0,0.0,0.25,0.25,0.25,0.45,0.65,0.45,0.25,0.25,0.25
0.0,0.0,0.0,0.0,0.0,0.0,0.0,0.0,0.0,0.0,0.0,0.0,0.0,0.0,0.0,0.0,0.0,0.0,0.0,0.0,0.0,0.0,0.0,0.0
0.0,0.0,0.0,0.0,0.0,0.25,0.25,0.0,0.0,0.0,0.0,0.0,0.0,0.0,0.0,0.0,0.0,0.0,0.25,0.5,0.25,0.33333,0.25,0.25
0.0,0.0,0.0,0.0,0.0,0.25,0.25,0.25,0.25,0.25,0.45,0.25,0.25,0.25,0.25,0.25,0.4,0.6,0.8,1.0,0.8,0.6,0.4,0.25
0.0,0.0,0.0,0.0,0.0,0.0,0.0,0.0,0.0,0.0,0.0,0.0,0.0,0.0,0.0,0.25,0.25,0.3,0.5,0.7,0.5,0.3,0.25,0.25
0.0,0.0,0.0,0.0,0.0,0.25,0.25,0.25,0.25,0.25,0.45,0.25,0.25,0.25,0.25,0.25,0.4,0.6,0.8,1.0,0.8,0.6,0.4,0.25
0.0,0.0,0.0,0.0,0.0,0.25,0.25,0.0,0.0,0.0,0.0,0.0,0.0,0.0,0.0,0.0,0.0,0.0,0.25,0.5,0.25,0.25,0.0,0.0
0.0,0.0,0.0,0.0,0.0,0.0,0.0,0.0,0.0,0.0,0.0,0.0,0.0,0.0,0.0,0.0,0.0,0.0,0.0,0.0,0.0,0.0,0.0,0.0
0.0,0.0,0.0,0.0,0.0,0.0,0.0,0.0,0.0,0.0,0.0,0.0,0.0,0.0,0.0,0.0,0.0,0.0,0.0,0.0,0.0,0.0,0.0,0.0
0.0,0.0,0.0,0.0,0.0,0.0,0.0,0.0,0.0,0.0,0.0,0.0,0.0,0.0,0.0,0.0,0.0,0.0,0.0,0.0,0.0,0.0,0.0,0.0
3.0,3.0,3.0,2.4,1.8,2.4,3.0,3.0,3.0,2.4,3.0,3.0,3.0,3.0,3.0,3.0,3.0,3.0,3.0,3.0,3.0,3.0,3.0,3.0
2.26667,1.66667,1.6,1.0,1.0,1.6,1.66667,2.26667,1.73333,2.33333,2.93333,2.33333,1.73333,1.8,2.4,3.0,2.4,3.0,3.0,3.0,2.4,3.0,2.4,2.33333
0.0,0.0,0.0,0.0,0.0,0.0,0.0,0.0,0.0,0.0,0.0,0.0,0.0,0.0,0.0,0.0,0.0,0.1,0.3,0.3,0.1,0.3,0.1,0.1
0.0,0.0,0.0,0.0,0.0,0.25,0.45,0.65,0.85,0.8,1.0,1.0,1.0,1.0,1.0,1.0,1.0,1.0,1.0,1.0,1.0,1.0,1.0,1.0
0.0,0.0,0.0,0.0,0.0,0.0,0.0,0.0,0.0,0.0,0.0,0.0,0.0,0.0,0.0,0.0,0.0,0.0,0.0,0.0,0.0,0.0,0.0,0.0
0.0,0.0,0.0,0.0,0.0,0.0,0.0,0.0,0.0,0.0,0.0,0.0,0.0,0.0,0.0,0.0,0.0,0.0,0.0,0.0,0.0,0.0,0.0,0.0
3.0,3.0,3.0,2.4,1.8,2.4,3.0,3.0,3.0,2.4,3.0,3.0,3.0,3.0,3.0,3.0,3.0,3.0,3.0,3.0,3.0,3.0,3.0,3.0
2.53333,1.83333,1.7,1.0,1.0,1.7,1.83333,1.83333,1.83333,2.53333,3.23333,2.53333,1.83333,1.96667,2.66667,3.36667,2.8,3.5,3.5,3.5,2.8,3.5,2.8,2.66667
0.0,0.0,0.0,0.0,0.0,0.0,0.0,0.0,0.0,0.0,0.0,0.0,0.0,0.0,0.0,0.0,0.0,0.08,0.3,0.3,0.08,0.0,0.0,0.0
0.0,0.0,0.0,0.0,0.0,0.0,0.0,0.0,0.0,0.0,0.0,0.0,0.0,0.0,0.0,0.0,0.0,0.08,0.3,0.3,0.08,0.0,0.0,0.0
0.0,0.0,0.0,0.0,0.0,0.25,0.45,0.65,0.85,0.8,1.0,1.0,1.0,1.0,0.8,1.0,1.0,1.0,1.0,1.0,1.0,1.0,0.8,1.0
0.0,0.0,0.0,0.0,0.0,0.0,0.0,0.0,0.0,0.0,0.0,0.0,0.0,0.0,0.0,0.0,0.0,0.08,0.3,0.3,0.08,0.0,0.0,0.0
0.0,0.0,0.0,0.0,0.0,0.25,0.45,0.65,0.85,0.8,1.0,1.0,1.0,1.0,1.0,1.0,1.0,1.0,1.0,1.0,1.0,1.0,1.0,1.0
0.0,0.0,0.0,0.0,0.0,0.0,0.0,0.0,0.0,0.0,0.0,0.0,0.0,0.0,0.0,0.0,0.0,0.0,0.0,0.0,0.0,0.0,0.0,0.0
0.0,0.0,0.0,0.0,0.0,0.0,0.0,0.0,0.0,0.0,0.0,0.0,0.0,0.0,0.0,0.0,0.0,0.08,0.3,0.3,0.08,0.0,0.0,0.0
0.0,0.0,0.0,0.0,0.0,0.25,0.45,0.65,0.85,0.8,1.0,1.0,1.0,1.0,0.8,1.0,1.0,1.0,1.0,1.0,1.0,1.0,0.8,1.0
2.33333,1.83333,1.33333,0.83333,0.5,1.0,1.5,1.83333,1.5,2.0,2.5,2.33333,1.83333,1.83333,2.0,2.5,2.0,2.5,2.5,2.5,2.5,2.5,2.0,2.5
0.0,0.0,0.0,0.0,0.0,0.5,0.5,0.5,0.5,0.5,1.0,0.5,0.5,0.5,0.5,0.5,1.0,1.5,2.0,2.5,2.0,1.5,1.0,0.5
0.0,0.0,0.0,0.0,0.0,0.25,0.45,0.65,0.85,0.8,1.0,1.0,1.0,1.0,0.8,1.0,1.0,1.0,1.0,1.0,1.0,1.0,0.8,1.0
0.0,0.0,0.0,0.0,0.0,0.25,0.45,0.65,0.85,0.8,1.0,1.0,1.0,1.0,1.0,1.0,1.0,1.0,1.0,1.0,1.0,1.0,1.0,1.0
0.0,0.0,0.0,0.0,0.0,0.5,0.5,0.5,0.5,0.5,0.9,0.5,0.5,0.5,0.5,0.6,1.0,1.4,1.8,2.0,1.6,1.3,0.9,0.5
2.0,1.6,1.2,0.8,0.5,0.9,1.3,1.7,1.5,1.6,2.0,2.0,2.0,2.0,1.6,2.0,2.0,2.0,2.0,2.0,2.0,2.0,1.6,2.0
0.0,0.0,0.0,0.0,0.0,0.25,0.45,0.65,0.85,0.8,1.0,1.0,1.0,1.0,1.0,1.0,1.0,1.0,1.0,1.0,1.0,1.0,1.0,1.0
4.2,3.36,3.36,2.52,1.68,2.52,3.36,4.2,4.2,3.36,4.2,4.2,4.2,4.2,4.2,4.2,4.2,4.2,4.2,4.2,4.2,4.2,4.2,4.2
2.06667,1.22667,1.84,1.0,1.0,1.84,2.06667,2.06667,1.45333,2.29333,3.13333,2.29333,1.45333,2.06667,2.48131,3.32131,2.52,3.36,4.2,4.2,3.36,4.2,3.36,3.13333
3.0,3.0,3.0,2.4,1.8,2.4,3.0,3.0,3.0,2.4,3.0,3.0,3.0,3.0,3.0,3.0,3.0,3.0,3.0,3.0,3.0,3.0,3.0,3.0
0.0,0.0,0.0,0.0,0.3,0.3,0.3,0.3,0.3,0.3,0.63333,0.3,0.0,0.0,0.0,0.0,0.0,0.3,0.8,0.8,0.3,0.8,0.3,0.3
0.0,0.0,0.0,0.0,0.0,0.0,0.0,0.0,0.0,0.0,0.0,0.0,0.0,0.0,0.0,0.0,0.0,0.1,0.3,0.3,0.1,0.3,0.1,0.1
0.0,0.0,0.0,0.0,0.0,0.0,0.0,0.0,0.0,0.0,0.0,0.0,0.0,0.0,0.0,0.0,0.0,0.0,0.0,0.0,0.0,0.0,0.0,0.0
0.0,0.0,0.0,0.0,0.0,0.0,0.0,0.0,0.0,0.0,0.0,0.0,0.0,0.0,0.0,0.0,0.0,0.0,0.0,0.0,0.0,0.0,0.0,0.0
0.0,0.0,0.0,0.0,0.0,0.25,0.25,0.25,0.25,0.25,0.45,0.25,0.25,0.25,0.25,0.25,0.4,0.6,0.8,1.0,0.8,0.6,0.4,0.25
0.0,0.0,0.0,0.0,0.0,0.0,0.0,0.0,0.0,0.0,0.0,0.0,0.0,0.0,0.0,0.25,0.25,0.3,0.5,0.7,0.5,0.3,0.25,0.25
2.1,1.5,1.5,0.0,0.0,0.0,0.0,0.0,0.0,0.0,0.0,1.5,1.5,2.0,2.4,3.0,2.5,3.0,3.0,3.0,2.5,3.0,2.4,2.5
0.0,0.0,0.0,0.0,0.0,0.25,0.25,0.25,0.25,0.25,0.45,0.25,0.25,0.25,0.25,0.25,0.4,0.6,0.8,1.0,0.8,0.6,0.4,0.25
0.0,0.0,0.0,0.0,0.0,0.1,0.0,0.0,0.0,0.0,0.0,0.0,0.0,0.0,0.0,0.0,0.0,0.1,0.3,0.3,0.1,0.1,0.1,0.0
2.26667,1.66667,1.6,1.0,1.0,1.6,1.66667,2.26667,1.73333,2.33333,2.93333,2.33333,1.73333,1.8,2.4,3.0,2.4,3.0,3.0,3.0,2.4,3.0,2.4,2.33333
2.0,2.0,2.0,1.6,1.2,1.6,2.0,2.0,2.0,1.6,2.0,2.0,2.0,2.0,2.0,2.0,2.0,2.0,2.0,2.0,2.0,2.0,2.0,2.0
0.0,0.0,0.0,0.0,0.0,0.0,0.0,0.0,0.0,0.0,0.0,0.0,0.0,0.0,0.0,0.0,0.0,0.0,0.0,0.0,0.0,0.0,0.0,0.0
0.0,0.0,0.0,0.0,0.0,0.2,0.0,0.0,0.0,0.0,0.0,0.0,0.0,0.0,0.0,0.0,0.0,0.2,0.5,0.5,0.2,0.4,0.2,0.0
3.0,3.0,3.0,2.4,1.8,2.4,3.0,3.0,3.0,2.4,3.0,3.0,3.0,3.0,3.0,3.0,3.0,3.0,3.0,3.0,3.0,3.0,3.0,3.0
2.26667,1.66667,1.6,1.0,1.0,1.6,1.66667,2.26667,1.73333,2.33333,2.93333,2.33333,1.73333,1.88286,2.4,3.0,2.4,3.0,3.0,3.0,2.4,3.0,2.4,2.33333
3.0,3.0,2.93333,2.33333,1.73333,2.33333,2.93333,3.0,3.0,2.4,3.0,3.0,3.0,3.0,3.0,3.0,3.0,3.0,3.0,3.0,3.0,3.0,3.0,3.0
0.0,0.0,0.0,0.0,0.0,0.0,0.0,0.0,0.0,0.0,0.0,0.0,0.0,0.0,0.0,0.0,0.0,0.0,0.0,0.0,0.0,0.0,0.0,0.0
0.0,0.0,0.0,0.0,0.0,0.25,0.25,0.25,0.25,0.25,0.45,0.25,0.25,0.25,0.25,0.25,0.4,0.6,0.8,1.0,0.8,0.6,0.4,0.25
0.0,0.0,0.0,0.0,0.0,0.0,0.0,0.0,0.0,0.0,0.0,0.0,0.0,0.0,0.0,0.25,0.25,0.3,0.5,0.7,0.5,0.3,0.25,0.25
0.0,0.0,0.0,0.0,0.0,0.0,0.0,0.0,0.0,0.0,0.0,0.0,0.0,0.0,0.0,0.0,0.0,0.0,0.0,0.0,0.0,0.0,0.0,0.0
0.0,0.0,0.0,0.0,0.0,0.25,0.25,0.0,0.0,0.0,0.0,0.0,0.0,0.0,0.0,0.0,0.0,0.0,0.25,0.5,0.25,0.33333,0.25,0.25
0.0,0.0,0.0,0.0,0.0,0.25,0.25,0.25,0.25,0.25,0.45,0.25,0.25,0.25,0.25,0.25,0.4,0.6,0.8,1.0,0.8,0.6,0.4,0.25
0.0,0.0,0.0,0.0,0.0,0.0,0.0,0.0,0.0,0.0,0.0,0.0,0.0,0.0,0.0,0.25,0.25,0.3,0.5,0.7,0.5,0.3,0.25,0.25
0.0,0.0,0.0,0.0,0.0,0.25,0.25,0.25,0.25,0.25,0.45,0.25,0.25,0.25,0.25,0.25,0.4,0.6,0.8,1.0,0.8,0.6,0.4,0.25
0.0,0.0,0.0,0.0,0.0,0.25,0.25,0.0,0.0,0.0,0.0,0.0,0.0,0.0,0.0,0.0,0.0,0.0,0.25,0.5,0.25,0.25,0.0,0.0
