0.0,0.0,0.0,0.0,0.0,0.0,0.0,0.0,0.0,0.0,0.0,0.0,0.0,0.0,0.0,0.0,0.0,0.05,0.3,0.3,0.05,0.0,0.0,0.0
0.0,0.0,0.0,0.0,0.0,0.0,0.0,0.0,0.0,0.0,0.0,0.0,0.0,0.0,0.0,0.0,0.0,0.05,0.3,0.3,0.05,0.0,0.0,0.0
0.0,0.0,0.0,0.0,0.0,0.0,0.0,0.0,0.0,0.0,0.0,0.0,0.0,0.0,0.0,0.0,0.0,0.05,0.3,0.3,0.05,0.0,0.0,0.0
3.0,3.0,2.92609,2.32609,1.72609,2.32609,2.92609,3.0,3.0,2.4,3.0,3.0,3.0,3.0,3.0,3.0,3.0,3.0,3.0,3.0,3.0,3.0,3.0,3.0
2.23541,1.63541,1.6,1.0,1.0,1.6,2.14123,2.51181,1.91181,2.4,3.0,2.87759,2.33787,2.89818,2.50624,3.0,2.42478,3.0,3.0,3.0,2.55042,3.0,2.4,2.51667
0.0,0.0,0.0,0.0,0.0,0.1,0.0,0.0,0.0,0.0,0.0,0.0,0.0,0.0,0.0,0.0,0.0,0.0,0.1,0.3,0.1,0.0,0.0,0.0
0.0,0.0,0.0,0.0,0.0,0.25,0.45,0.65,0.85,0.8,1.0,1.0,1.0,1.0,1.0,1.0,1.0,1.0,1.0,1.0,1.0,1.0,0.8,1.0
0.0,0.0,0.0,0.0,0.05,0.28071,0.05,0.0,0.0,0.0,0.0,0.0,0.0,0.0,0.0,0.0,0.0,0.0,0.0,0.0,0.0,0.0,0.0,0.0
0.0,0.0,0.0,0.0,0.05,0.28071,0.05,0.0,0.0,0.0,0.0,0.0,0.0,0.0,0.0,0.0,0.0,0.0,0.0,0.0,0.0,0.0,0.0,0.0
3.0,3.0,2.92609,2.32609,1.72609,2.32609,2.92609,3.0,3.0,2.4,3.0,3.0,3.0,3.0,3.0,3.0,3.0,3.0,3.0,3.0,3.0,3.0,3.0,3.0
2.28541,1.58541,1.7,1.0,1.0,1.7,2.14123,2.8,2.1,2.8,3.5,2.87759,2.33787,2.89818,2.8,3.5,2.8,3.5,3.5,3.5,2.8,3.5,2.8,2.51667
0.0,0.0,0.0,0.0,0.0,0.0,0.0,0.0,0.0,0.0,0.0,0.0,0.0,0.0,0.0,0.0,0.0,0.0,0.0,0.0,0.0,0.0,0.0,0.0
0.0,0.0,0.0,0.0,0.0,0.0,0.0,0.0,0.0,0.0,0.0,0.0,0.0,0.0,0.0,0.0,0.0,0.0,0.0,0.0,0.0,0.0,0.0,0.0
0.0,0.0,0.0,0.0,0.0,0.0,0.0,0.0,0.0,0.0,0.0,0.0,0.0,0.0,0.25,0.45,0.65,0.85,1.0,1.0,1.0,1.0,0.8,1.0
0.0,0.0,0.0,0.0,0.0,0.0,0.0,0.0,0.0,0.0,0.0,0.0,0.0,0.0,0.0,0.0,0.0,0.0,0.0,0.0,0.0,0.0,0.0,0.0
0.0,0.0,0.0,0.0,0.0,0.25,0.45,0.65,0.85,0.8,1.0,1.0,1.0,1.0,1.0,1.0,1.0,1.0,1.0,1.0,1.0,1.0,0.8,1.0
0.0,0.0,0.0,0.0,0.0,0.0,0.0,0.0,0.0,0.0,0.0,0.0,0.0,0.0,0.0,0.0,0.0,0.0,0.0,0.0,0.0,0.0,0.0,0.0
0.0,0.0,0.0,0.0,0.0,0.0,0.0,0.0,0.0,0.0,0.0,0.0,0.0,0.0,0.0,0.0,0.0,0.0,0.08,0.3,0.08,0.0,0.0,0.0
0.0,0.0,0.0,0.0,0.0,0.0,0.0,0.0,0.0,0.0,0.0,0.0,0.0,0.0,0.25,0.45,0.65,0.85,1.0,1.0,1.0,1.0,0.8,1.0
2.22803,1.72803,1.22803,0.72803,0.5,1.0,1.5,2.0,2.00829,2.0,2.5,2.22372,2.14443,2.22675,2.16916,2.5,2.15719,2.36346,2.5,2.5,2.17565,2.5,2.0,2.1707
0.5,0.5,1.0,0.5,0.5,1.0,0.5,0.5,0.96472,1.46472,1.96472,1.46472,0.96472,0.5,0.88077,1.38077,1.5,2.0,2.5,2.5,2.0,2.36322,1.86322,1.36322
0.0,0.0,0.0,0.0,0.0,0.0,0.0,0.0,0.0,0.0,0.0,0.0,0.0,0.0,0.25,0.45,0.65,0.85,1.0,1.0,1.0,1.0,0.8,1.0
0.0,0.0,0.0,0.0,0.0,0.25,0.45,0.65,0.85,0.8,1.0,1.0,1.0,1.0,1.0,1.0,1.0,1.0,1.0,1.0,1.0,1.0,0.8,1.0
0.65346,0.5,0.9,0.5,0.5,0.9,0.5,0.5,0.9,1.3,1.7,1.3,0.9,0.5,0.9,1.3,1.2,1.6,2.0,2.0,1.6,2.0,1.6,1.2
1.90932,1.50932,1.10932,0.70932,0.5,0.9,1.3,1.7,1.86875,1.6,2.0,2.0,2.0,2.0,2.0,2.0,2.0,2.0,2.0,2.0,2.0,2.0,1.6,2.0
0.0,0.0,0.0,0.0,0.0,0.25,0.45,0.65,0.85,0.8,1.0,1.0,1.0,1.0,1.0,1.0,1.0,1.0,1.0,1.0,1.0,1.0,0.8,1.0
4.2,3.62673,3.36,2.52,1.68,2.52,3.36,4.2,4.2,3.36,4.2,4.2,4.2,4.2,4.2,4.2,4.2,4.2,4.2,4.2,4.2,4.2,4.15727,4.2
2.35541,1.51541,1.84,1.0,1.0,1.84,2.15678,2.99677,2.52,3.36,4.2,3.36,2.52,2.89818,3.36,4.2,3.36,3.8287,4.2,4.2,3.36,4.2,3.36,2.52053
3.0,3.0,2.92609,2.32609,1.72609,2.32609,2.92609,3.0,3.0,2.4,3.0,3.0,3.0,3.0,3.0,3.0,3.0,3.0,3.0,3.0,3.0,3.0,3.0,3.0
0.0,0.3,0.67757,0.3,0.3,0.8,0.3,0.3,0.3,0.3,0.8,0.3,0.0,0.0,0.0,0.0,0.0,0.3,0.8,0.8,0.3,0.8,0.3,0.0
0.0,0.0,0.0,0.0,0.0,0.1,0.0,0.0,0.0,0.0,0.0,0.0,0.0,0.0,0.0,0.0,0.0,0.0,0.1,0.3,0.1,0.0,0.0,0.0
0.0,0.0,0.0,0.0,0.05,0.28071,0.05,0.0,0.0,0.0,0.0,0.0,0.0,0.0,0.0,0.0,0.0,0.05,0.3,0.3,0.05,0.0,0.0,0.0
0.0,0.0,0.0,0.0,0.0,0.0,0.0,0.0,0.0,0.0,0.0,0.0,0.0,0.0,0.0,0.0,0.0,0.0,0.0,0.0,0.0,0.0,0.0,0.0
0.0,0.0,0.0,0.0,0.0,0.0,0.0,0.0,0.0,0.0,0.0,0.0,0.0,0.0,0.0,0.25,0.40324,0.60324,0.80324,1.0,0.8,0.65,0.45,0.25
0.0,0.0,0.0,0.0,0.0,0.0,0.0,0.0,0.0,0.0,0.0,0.0,0.0,0.0,0.0,0.0,0.0,0.25,0.45,0.62321,0.42321,0.25,0.0,0.0
2.23541,1.63541,1.5,0.0,0.0,0.0,0.0,0.0,0.0,0.0,0.0,0.0,0.0,0.0,1.5,2.1,2.42478,3.0,3.0,3.0,2.55042,3.0,2.4,2.51667
0.0,0.0,0.0,0.0,0.0,0.0,0.0,0.0,0.0,0.0,0.0,0.0,0.0,0.0,0.0,0.25,0.40324,0.60324,0.80324,1.0,0.8,0.65,0.45,0.25
0.0,0.0,0.0,0.0,0.0,0.1,0.0,0.0,0.0,0.0,0.0,0.0,0.0,0.0,0.0,0.0,0.0,0.0,0.1,0.3,0.1,0.0,0.0,0.0
2.23541,1.63541,1.6,1.0,1.0,1.6,2.14123,2.51181,1.91181,2.4,3.0,2.87759,2.33787,2.89818,2.50624,3.0,2.42478,3.0,3.0,3.0,2.55042,3.0,2.4,2.51667
2.0,2.0,2.0,1.6,1.2,1.6,2.0,2.0,2.0,1.6,2.0,2.0,2.0,2.0,2.0,2.0,2.0,2.0,2.0,2.0,2.0,2.0,2.0,2.0
0.0,0.0,0.0,0.0,0.0,0.0,0.0,0.0,0.0,0.0,0.0,0.0,0.0,0.0,0.0,0.0,0.0,0.0,0.0,0.0,0.0,0.0,0.0,0.0
0.0,0.0,0.2,0.0,0.0,0.2,0.0,0.0,0.0,0.0,0.2,0.0,0.0,0.0,0.0,0.0,0.0,0.2,0.5,0.5,0.2,0.0,0.0,0.0
3.0,3.0,2.92609,2.32609,1.72609,2.32609,2.92609,3.0,3.0,2.4,3.0,3.0,3.0,3.0,3.0,3.0,3.0,3.0,3.0,3.0,3.0,3.0,3.0,3.0
2.23541,1.63541,1.6,1.0,1.0,1.6,2.14123,2.51181,1.91181,2.4,3.0,2.87759,2.33787,2.89818,2.50624,3.0,2.42478,3.0,3.0,3.0,2.55042,3.0,2.4,2.51667
3.0,3.0,2.92609,2.32609,1.72609,2.32609,2.92609,3.0,3.0,2.4,3.0,3.0,3.0,3.0,3.0,3.0,3.0,3.0,3.0,3.0,3.0,3.0,3.0,3.0
0.0,0.0,0.0,0.0,0.0,0.0,0.0,0.0,0.0,0.0,0.0,0.0,0.0,0.0,0.0,0.0,0.0,0.0,0.0,0.0,0.0,0.0,0.0,0.0
0.0,0.0,0.0,0.0,0.0,0.0,0.0,0.0,0.0,0.0,0.0,0.0,0.0,0.0,0.0,0.25,0.40324,0.60324,0.80324,1.0,0.8,0.65,0.45,0.25
0.0,0.0,0.0,0.0,0.0,0.0,0.0,0.0,0.0,0.0,0.0,0.0,0.0,0.0,0.0,0.0,0.0,0.25,0.45,0.62321,0.42321,0.25,0.0,0.0
0.0,0.0,0.0,0.0,0.0,0.0,0.0,0.0,0.0,0.0,0.0,0.0,0.0,0.0,0.0,0.0,0.0,0.0,0.0,0.0,0.0,0.0,0.0,0.0
0.0,0.0,0.0,0.0,0.0,0.25,0.25,0.0,0.0,0.0,0.0,0.0,0.0,0.0,0.0,0.0,0.0,0.0,0.25,0.5,0.25,0.0,0.0,0.0
0.0,0.0,0.0,0.0,0.0,0.0,0.0,0.0,0.0,0.0,0.0,0.0,0.0,0.0,0.0,0.25,0.40324,0.60324,0.80324,1.0,0.8,0.65,0.45,0.25
0.0,0.0,0.0,0.0,0.0,0.0,0.0,0.0,0.0,0.0,0.0,0.0,0.0,0.0,0.0,0.0,0.0,0.25,0.45,0.62321,0.42321,0.25,0.0,0.0
0.0,0.0,0.0,0.0,0.0,0.0,0.0,0.0,0.0,0.0,0.0,0.0,0.0,0.0,0.0,0.25,0.40324,0.60324,0.80324,1.0,0.8,0.65,0.45,0.25
0.0,0.0,0.0,0.0,0.0,0.25,0.25,0.0,0.0,0.0,0.0,0.0,0.0,0.0,0.0,0.0,0.0,0.0,0.25,0.5,0.25,0.0,0.0,0.0
0.0,0.0,0.0,0.0,0.0,0.0,0.0,0.0,0.0,0.0,0.0,0.0,0.0,0.0,0.0,0.0,0.0,0.05,0.3,0.3,0.05,0.0,0.0,0.0
0.0,0.0,0.0,0.0,0.0,0.0,0.0,0.0,0.0,0.0,0.0,0.0,0.0,0.0,0.0,0.0,0.0,0.05,0.3,0.3,0.05,0.0,0.0,0.0
0.0,0.0,0.0,0.0,0.0,0.0,0.0,0.0,0.0,0.0,0.0,0.0,0.0,0.0,0.0,0.0,0.0,0.05,0.3,0.3,0.05,0.0,0.0,0.0
3.0,3.0,2.92609,2.32609,1.72609,2.32609,2.92609,3.0,3.0,2.4,3.0,3.0,3.0,3.0,3.0,3.0,3.0,3.0,3.0,3.0,3.0,3.0,3.0,3.0
2.23541,1.63541,1.6,1.0,1.0,1.6,2.14123,2.51181,1.91181,2.4,3.0,2.87759,2.33787,2.89818,2.50624,3.0,2.42478,3.0,3.0,3.0,2.55042,3.0,2.4,2.51667
0.0,0.0,0.0,0.0,0.0,0.1,0.0,0.0,0.0,0.0,0.0,0.0,0.0,0.0,0.0,0.0,0.0,0.0,0.1,0.3,0.1,0.0,0.0,0.0
0.0,0.0,0.0,0.0,0.0,0.25,0.45,0.65,0.85,0.8,1.0,1.0,1.0,1.0,1.0,1.0,1.0,1.0,1.0,1.0,1.0,1.0,0.8,1.0
0.0,0.0,0.0,0.0,0.05,0.28071,0.05,0.0,0.0,0.0,0.0,0.0,0.0,0.0,0.0,0.0,0.0,0.0,0.0,0.0,0.0,0.0,0.0,0.0
0.0,0.0,0.0,0.0,0.05,0.28071,0.05,0.0,0.0,0.0,0.0,0.0,0.0,0.0,0.0,0.0,0.0,0.0,0.0,0.0,0.0,0.0,0.0,0.0
3.0,3.0,2.92609,2.32609,1.72609,2.32609,2.92609,3.0,3.0,2.4,3.0,3.0,3.0,3.0,3.0,3.0,3.0,3.0,3.0,3.0,3.0,3.0,3.0,3.0
2.28541,1.58541,1.7,1.0,1.0,1.7,2.14123,2.8,2.1,2.8,3.5,2.87759,2.33787,2.89818,2.8,3.5,2.8,3.5,3.5,3.5,2.8,3.5,2.8,2.51667
0.0,0.0,0.0,0.0,0.0,0.0,0.0,0.0,0.0,0.0,0.0,0.0,0.0,0.0,0.0,0.0,0.0,0.0,0.0,0.0,0.0,0.0,0.0,0.0
0.0,0.0,0.0,0.0,0.0,0.0,0.0,0.0,0.0,0.0,0.0,0.0,0.0,0.0,0.0,0.0,0.0,0.0,0.0,0.0,0.0,0.0,0.0,0.0
0.0,0.0,0.0,0.0,0.0,0.0,0.0,0.0,0.0,0.0,0.0,0.0,0.0,0.0,0.25,0.45,0.65,0.85,1.0,1.0,1.0,1.0,0.8,1.0
0.0,0.0,0.0,0.0,0.0,0.0,0.0,0.0,0.0,0.0,0.0,0.0,0.0,0.0,0.0,0.0,0.0,0.0,0.0,0.0,0.0,0.0,0.0,0.0
0.0,0.0,0.0,0.0,0.0,0.25,0.45,0.65,0.85,0.8,1.0,1.0,1.0,1.0,1.0,1.0,1.0,1.0,1.0,1.0,1.0,1.0,0.8,1.0
0.0,0.0,0.0,0.0,0.0,0.0,0.0,0.0,0.0,0.0,0.0,0.0,0.0,0.0,0.0,0.0,0.0,0.0,0.0,0.0,0.0,0.0,0.0,0.0
0.0,0.0,0.0,0.0,0.0,0.0,0.0,0.0,0.0,0.0,0.0,0.0,0.0,0.0,0.0,0.0,0.0,0.0,0.08,0.3,0.08,0.0,0.0,0.0
0.0,0.0,0.0,0.0,0.0,0.0,0.0,0.0,0.0,0.0,0.0,0.0,0.0,0.0,0.25,0.45,0.65,0.85,1.0,1.0,1.0,1.0,0.8,1.0
2.22803,1.72803,1.22803,0.72803,0.5,1.0,1.5,2.0,2.00829,2.0,2.5,2.22372,2.14443,2.22675,2.16916,2.5,2.15719,2.36346,2.5,2.5,2.17565,2.5,2.0,2.1707
0.5,0.5,1.0,0.5,0.5,1.0,0.5,0.5,0.96472,1.46472,1.96472,1.46472,0.96472,0.5,0.88077,1.38077,1.5,2.0,2.5,2.5,2.0,2.36322,1.86322,1.36322
0.0,0.0,0.0,0.0,0.0,0.0,0.0,0.0,0.0,0.0,0.0,0.0,0.0,0.0,0.25,0.45,0.65,0.85,1.0,1.0,1.0,1.0,0.8,1.0
0.0,0.0,0.0,0.0,0.0,0.25,0.45,0.65,0.85,0.8,1.0,1.0,1.0,1.0,1.0,1.0,1.0,1.0,1.0,1.0,1.0,1.0,0.8,1.0
0.0,0.0,0.0,0.0,0.0,0.5,0.5,0.5,0.9,1.3,1.7,1.3,0.9,0.5,0.9,1.3,1.2,1.6,2.0,2.0,1.6,2.0,1.6,1.2
1.90932,1.50932,1.10932,0.70932,0.5,0.9,1.3,1.7,1.86875,1.6,2.0,2.0,2.0,2.0,2.0,2.0,2.0,2.0,2.0,2.0,2.0,2.0,1.6,2.0
0.0,0.0,0.0,0.0,0.0,0.25,0.45,0.65,0.85,0.8,1.0,1.0,1.0,1.0,1.0,1.0,1.0,1.0,1.0,1.0,1.0,1.0,0.8,1.0
4.2,3.62673,3.36,2.52,1.68,2.52,3.36,4.2,4.2,3.36,4.2,4.2,4.2,4.2,4.2,4.2,4.2,4.2,4.2,4.2,4.2,4.2,4.15727,4.2
2.35541,1.51541,1.84,1.0,1.0,1.84,2.15678,2.99677,2.52,3.36,4.2,3.36,2.52,2.89818,3.36,4.2,3.36,3.8287,4.2,4.2,3.36,4.2,3.36,2.52053
3.0,3.0,2.92609,2.32609,1.72609,2.32609,2.92609,3.0,3.0,2.4,3.0,3.0,3.0,3.0,3.0,3.0,3.0,3.0,3.0,3.0,3.0,3.0,3.0,3.0
0.0,0.3,0.67757,0.3,0.3,0.8,0.3,0.3,0.3,0.3,0.8,0.3,0.0,0.0,0.0,0.0,0.0,0.3,0.8,0.8,0.3,0.8,0.3,0.0
0.0,0.0,0.0,0.0,0.0,0.1,0.0,0.0,0.0,0.0,0.0,0.0,0.0,0.0,0.0,0.0,0.0,0.0,0.1,0.3,0.1,0.0,0.0,0.0
0.0,0.0,0.0,0.0,0.05,0.28071,0.05,0.0,0.0,0.0,0.0,0.0,0.0,0.0,0.0,0.0,0.0,0.05,0.3,0.3,0.05,0.0,0.0,0.0
0.0,0.0,0.0,0.0,0.0,0.0,0.0,0.0,0.0,0.0,0.0,0.0,0.0,0.0,0.0,0.0,0.0,0.0,0.0,0.0,0.0,0.0,0.0,0.0
0.0,0.0,0.0,0.0,0.0,0.0,0.0,0.0,0.0,0.0,0.0,0.0,0.0,0.0,0.0,0.25,0.40324,0.60324,0.80324,1.0,0.8,0.65,0.45,0.25
0.0,0.0,0.0,0.0,0.0,0.0,0.0,0.0,0.0,0.0,0.0,0.0,0.0,0.0,0.0,0.0,0.0,0.25,0.45,0.62321,0.42321,0.25,0.0,0.0
2.23541,1.63541,1.5,0.0,0.0,0.0,0.0,0.0,0.0,0.0,0.0,0.0,0.0,0.0,1.5,2.1,2.42478,3.0,3.0,3.0,2.55042,3.0,2.4,2.51667
0.0,0.0,0.0,0.0,0.0,0.0,0.0,0.0,0.0,0.0,0.0,0.0,0.0,0.0,0.0,0.25,0.40324,0.60324,0.80324,1.0,0.8,0.65,0.45,0.25
0.0,0.0,0.0,0.0,0.0,0.1,0.0,0.0,0.0,0.0,0.0,0.0,0.0,0.0,0.0,0.0,0.0,0.0,0.1,0.3,0.1,0.0,0.0,0.0
2.23541,1.63541,1.6,1.0,1.0,1.6,2.14123,2.51181,1.91181,2.4,3.0,2.87759,2.33787,2.89818,2.50624,3.0,2.42478,3.0,3.0,3.0,2.55042,3.0,2.4,2.51667
2.0,2.0,2.0,1.6,1.2,1.6,2.0,2.0,2.0,1.6,2.0,2.0,2.0,2.0,2.0,2.0,2.0,2.0,2.0,2.0,2.0,2.0,2.0,2.0
0.0,0.0,0.0,0.0,0.0,0.0,0.0,0.0,0.0,0.0,0.0,0.0,0.0,0.0,0.0,0.0,0.0,0.0,0.0,0.0,0.0,0.0,0.0,0.0
0.0,0.0,0.2,0.0,0.0,0.2,0.0,0.0,0.0,0.0,0.2,0.0,0.0,0.0,0.0,0.0,0.0,0.2,0.5,0.5,0.2,0.0,0.0,0.0
3.0,3.0,2.92609,2.32609,1.72609,2.32609,2.92609,3.0,3.0,2.4,3.0,3.0,3.0,3.0,3.0,3.0,3.0,3.0,3.0,3.0,3.0,3.0,3.0,3.0
2.23541,1.63541,1.6,1.0,1.0,1.6,2.14123,2.51181,1.91181,2.4,3.0,2.87759,2.33787,2.89818,2.50624,3.0,2.42478,3.0,3.0,3.0,2.55042,3.0,2.4,2.51667
3.0,3.0,2.92609,2.32609,1.72609,2.32609,2.92609,3.0,3.0,2.4,3.0,3.0,3.0,3.0,3.0,3.0,3.0,3.0,3.0,3.0,3.0,3.0,3.0,3.0
0.0,0.0,0.0,0.0,0.0,0.0,0.0,0.0,0.0,0.0,0.0,0.0,0.0,0.0,0.0,0.0,0.0,0.0,0.0,0.0,0.0,0.0,0.0,0.0
0.0,0.0,0.0,0.0,0.0,0.0,0.0,0.0,0.0,0.0,0.0,0.0,0.0,0.0,0.0,0.25,0.40324,0.60324,0.80324,1.0,0.8,0.65,0.45,0.25
0.0,0.0,0.0,0.0,0.0,0.0,0.0,0.0,0.0,0.0,0.0,0.0,0.0,0.0,0.0,0.0,0.0,0.25,0.45,0.62321,0.42321,0.25,0.0,0.0
0.0,0.0,0.0,0.0,0.0,0.0,0.0,0.0,0.0,0.0,0.0,0.0,0.0,0.0,0.0,0.0,0.0,0.0,0.0,0.0,0.0,0.0,0.0,0.0
0.0,0.0,0.0,0.0,0.0,0.25,0.25,0.0,0.0,0.0,0.0,0.0,0.0,0.0,0.0,0.0,0.0,0.0,0.25,0.5,0.25,0.0,0.0,0.0
0.0,0.0,0.0,0.0,0.0,0.0,0.0,0.0,0.0,0.0,0.0,0.0,0.0,0.0,0.0,0.25,0.40324,0.60324,0.80324,1.0,0.8,0.65,0.45,0.25
0.0,0.0,0.0,0.0,0.0,0.0,0.0,0.0,0.0,0.0,0.0,0.0,0.0,0.0,0.0,0.0,0.0,0.25,0.45,0.62321,0.42321,0.25,0.0,0.0
0.0,0.0,0.0,0.0,0.0,0.0,0.0,0.0,0.0,0.0,0.0,0.0,0.0,0.0,0.0,0.25,0.40324,0.60324,0.80324,1.0,0.8,0.65,0.45,0.25
0.0,0.0,0.0,0.0,0.0,0.25,0.25,0.0,0.0,0.0,0.0,0.0,0.0,0.0,0.0,0.0,0.0,0.0,0.25,0.5,0.25,0.0,0.0,0.0
0.0,0.0,0.0,0.0,0.0,0.0,0.0,0.0,0.0,0.0,0.0,0.0,0.0,0.0,0.0,0.0,0.0,0.05,0.3,0.3,0.05,0.0,0.0,0.0
0.0,0.0,0.0,0.0,0.0,0.0,0.0,0.0,0.0,0.0,0.0,0.0,0.0,0.0,0.0,0.0,0.0,0.05,0.3,0.3,0.05,0.0,0.0,0.0
0.0,0.0,0.0,0.0,0.0,0.0,0.0,0.0,0.0,0.0,0.0,0.0,0.0,0.0,0.0,0.0,0.0,0.05,0.3,0.3,0.05,0.0,0.0,0.0
3.0,3.0,2.92609,2.32609,1.72609,2.32609,2.92609,3.0,3.0,2.4,3.0,3.0,3.0,3.0,3.0,3.0,3.0,3.0,3.0,3.0,3.0,3.0,3.0,3.0
2.23541,1.63541,1.6,1.0,1.0,1.6,2.14123,2.51181,1.91181,2.4,3.0,2.87759,2.33787,2.89818,2.50624,3.0,2.42478,3.0,3.0,3.0,2.55042,3.0,2.4,2.51667
0.0,0.0,0.0,0.0,0.0,0.1,0.0,0.0,0.0,0.0,0.0,0.0,0.0,0.0,0.0,0.0,0.0,0.0,0.1,0.3,0.1,0.0,0.0,0.0
0.0,0.0,0.0,0.0,0.0,0.25,0.45,0.65,0.85,0.8,1.0,1.0,1.0,1.0,1.0,1.0,1.0,1.0,1.0,1.0,1.0,1.0,0.8,1.0
0.0,0.0,0.0,0.0,0.05,0.28071,0.05,0.0,0.0,0.0,0.0,0.0,0.0,0.0,0.0,0.0,0.0,0.0,0.0,0.0,0.0,0.0,0.0,0.0
0.0,0.0,0.0,0.0,0.05,0.28071,0.05,0.0,0.0,0.0,0.0,0.0,0.0,0.0,0.0,0.0,0.0,0.0,0.0,0.0,0.0,0.0,0.0,0.0
3.0,3.0,2.92609,2.32609,1.72609,2.32609,2.92609,3.0,3.0,2.4,3.0,3.0,3.0,3.0,3.0,3.0,3.0,3.0,3.0,3.0,3.0,3.0,3.0,3.0
2.28541,1.58541,1.7,1.0,1.0,1.7,2.14123,2.8,2.1,2.8,3.5,2.87759,2.33787,2.89818,2.8,3.5,2.8,3.5,3.5,3.5,2.8,3.5,2.8,2.51667
0.0,0.0,0.0,0.0,0.0,0.0,0.0,0.0,0.0,0.0,0.0,0.0,0.0,0.0,0.0,0.0,0.0,0.0,0.0,0.0,0.0,0.0,0.0,0.0
0.0,0.0,0.0,0.0,0.0,0.0,0.0,0.0,0.0,0.0,0.0,0.0,0.0,0.0,0.0,0.0,0.0,0.0,0.0,0.0,0.0,0.0,0.0,0.0
0.0,0.0,0.0,0.0,0.0,0.0,0.0,0.0,0.0,0.0,0.0,0.0,0.0,0.0,0.25,0.45,0.65,0.85,1.0,1.0,1.0,1.0,0.8,1.0
0.0,0.0,0.0,0.0,0.0,0.0,0.0,0.0,0.0,0.0,0.0,0.0,0.0,0.0,0.0,0.0,0.0,0.0,0.0,0.0,0.0,0.0,0.0,0.0
0.0,0.0,0.0,0.0,0.0,0.25,0.45,0.65,0.85,0.8,1.0,1.0,1.0,1.0,1.0,1.0,1.0,1.0,1.0,1.0,1.0,1.0,0.8,1.0
0.0,0.0,0.0,0.0,0.0,0.0,0.0,0.0,0.0,0.0,0.0,0.0,0.0,0.0,0.0,0.0,0.0,0.0,0.0,0.0,0.0,0.0,0.0,0.0
0.0,0.0,0.0,0.0,0.0,0.0,0.0,0.0,0.0,0.0,0.0,0.0,0.0,0.0,0.0,0.0,0.0,0.0,0.08,0.3,0.08,0.0,0.0,0.0
0.0,0.0,0.0,0.0,0.0,0.0,0.0,0.0,0.0,0.0,0.0,0.0,0.0,0.0,0.25,0.45,0.65,0.85,1.0,1.0,1.0,1.0,0.8,1.0
2.22803,1.72803,1.22803,0.72803,0.5,1.0,1.5,2.0,2.00829,2.0,2.5,2.22372,2.14443,2.22675,2.16916,2.5,2.15719,2.36346,2.5,2.5,2.17565,2.5,2.0,2.1707
0.5,0.5,1.0,0.5,0.5,1.0,0.5,0.5,0.96472,1.46472,1.96472,1.46472,0.96472,0.5,0.88077,1.38077,1.5,2.0,2.5,2.5,2.0,2.36322,1.86322,1.36322
0.0,0.0,0.0,0.0,0.0,0.0,0.0,0.0,0.0,0.0,0.0,0.0,0.0,0.0,0.25,0.45,0.65,0.85,1.0,1.0,1.0,1.0,0.8,1.0
0.0,0.0,0.0,0.0,0.0,0.25,0.45,0.65,0.85,0.8,1.0,1.0,1.0,1.0,1.0,1.0,1.0,1.0,1.0,1.0,1.0,1.0,0.8,1.0
0.0,0.0,0.0,0.0,0.0,0.5,0.5,0.5,0.9,1.3,1.7,1.3,0.9,0.5,0.9,1.3,1.2,1.6,2.0,2.0,1.6,2.0,1.6,1.2
1.90932,1.50932,1.10932,0.70932,0.5,0.9,1.3,1.7,1.86875,1.6,2.0,2.0,2.0,2.0,2.0,2.0,2.0,2.0,2.0,2.0,2.0,2.0,1.6,2.0
0.0,0.0,0.0,0.0,0.0,0.25,0.45,0.65,0.85,0.8,1.0,1.0,1.0,1.0,1.0,1.0,1.0,1.0,1.0,1.0,1.0,1.0,0.8,1.0
4.2,3.62673,3.36,2.52,1.68,2.52,3.36,4.2,4.2,3.36,4.2,4.2,4.2,4.2,4.2,4.2,4.2,4.2,4.2,4.2,4.2,4.2,4.15727,4.2
2.35541,1.51541,1.84,1.0,1.0,1.84,2.15678,2.99677,2.52,3.36,4.2,3.36,2.52,2.89818,3.36,4.2,3.36,3.8287,4.2,4.2,3.36,4.2,3.36,2.52053
3.0,3.0,2.92609,2.32609,1.72609,2.32609,2.92609,3.0,3.0,2.4,3.0,3.0,3.0,3.0,3.0,3.0,3.0,3.0,3.0,3.0,3.0,3.0,3.0,3.0
0.0,0.3,0.67757,0.3,0.3,0.8,0.3,0.3,0.3,0.3,0.8,0.3,0.0,0.0,0.0,0.0,0.0,0.3,0.8,0.8,0.3,0.8,0.3,0.0
0.0,0.0,0.0,0.0,0.0,0.1,0.0,0.0,0.0,0.0,0.0,0.0,0.0,0.0,0.0,0.0,0.0,0.0,0.1,0.3,0.1,0.0,0.0,0.0
0.0,0.0,0.0,0.0,0.05,0.28071,0.05,0.0,0.0,0.0,0.0,0.0,0.0,0.0,0.0,0.0,0.0,0.05,0.3,0.3,0.05,0.0,0.0,0.0
0.0,0.0,0.0,0.0,0.0,0.0,0.0,0.0,0.0,0.0,0.0,0.0,0.0,0.0,0.0,0.0,0.0,0.0,0.0,0.0,0.0,0.0,0.0,0.0
0.0,0.0,0.0,0.0,0.0,0.0,0.0,0.0,0.0,0.0,0.0,0.0,0.0,0.0,0.0,0.25,0.40324,0.60324,0.80324,1.0,0.8,0.65,0.45,0.25
0.0,0.0,0.0,0.0,0.0,0.0,0.0,0.0,0.0,0.0,0.0,0.0,0.0,0.0,0.0,0.0,0.0,0.25,0.45,0.62321,0.42321,0.25,0.0,0.0
2.23541,1.63541,1.5,0.0,0.0,0.0,0.0,0.0,0.0,0.0,0.0,0.0,0.0,0.0,1.5,2.1,2.42478,3.0,3.0,3.0,2.55042,3.0,2.4,2.51667
0.0,0.0,0.0,0.0,0.0,0.0,0.0,0.0,0.0,0.0,0.0,0.0,0.0,0.0,0.0,0.25,0.40324,0.60324,0.80324,1.0,0.8,0.65,0.45,0.25
0.0,0.0,0.0,0.0,0.0,0.1,0.0,0.0,0.0,0.0,0.0,0.0,0.0,0.0,0.0,0.0,0.0,0.0,0.1,0.3,0.1,0.0,0.0,0.0
2.23541,1.63541,1.6,1.0,1.0,1.6,2.14123,2.51181,1.91181,2.4,3.0,2.87759,2.33787,2.89818,2.50624,3.0,2.42478,3.0,3.0,3.0,2.55042,3.0,2.4,2.51667
2.0,2.0,2.0,1.6,1.2,1.6,2.0,2.0,2.0,1.6,2.0,2.0,2.0,2.0,2.0,2.0,2.0,2.0,2.0,2.0,2.0,2.0,2.0,2.0
0.0,0.0,0.0,0.0,0.0,0.0,0.0,0.0,0.0,0.0,0.0,0.0,0.0,0.0,0.0,0.0,0.0,0.0,0.0,0.0,0.0,0.0,0.0,0.0
0.0,0.0,0.2,0.0,0.0,0.2,0.0,0.0,0.0,0.0,0.2,0.0,0.0,0.0,0.0,0.0,0.0,0.2,0.5,0.5,0.2,0.0,0.0,0.0
3.0,3.0,2.92609,2.32609,1.72609,2.32609,2.92609,3.0,3.0,2.4,3.0,3.0,3.0,3.0,3.0,3.0,3.0,3.0,3.0,3.0,3.0,3.0,3.0,3.0
2.23541,1.63541,1.6,1.0,1.0,1.6,2.14123,2.51181,1.91181,2.4,3.0,2.87759,2.33787,2.89818,2.50624,3.0,2.42478,3.0,3.0,3.0,2.55042,3.0,2.4,2.51667
3.0,3.0,2.92609,2.32609,1.72609,2.32609,2.92609,3.0,3.0,2.4,3.0,3.0,3.0,3.0,3.0,3.0,3.0,3.0,3.0,3.0,3.0,3.0,3.0,3.0
0.0,0.0,0.0,0.0,0.0,0.0,0.0,0.0,0.0,0.0,0.0,0.0,0.0,0.0,0.0,0.0,0.0,0.0,0.0,0.0,0.0,0.0,0.0,0.0
0.0,0.0,0.0,0.0,0.0,0.0,0.0,0.0,0.0,0.0,0.0,0.0,0.0,0.0,0.0,0.25,0.40324,0.60324,0.80324,1.0,0.8,0.65,0.45,0.25
0.0,0.0,0.0,0.0,0.0,0.0,0.0,0.0,0.0,0.0,0.0,0.0,0.0,0.0,0.0,0.0,0.0,0.25,0.45,0.62321,0.42321,0.25,0.0,0.0
0.0,0.0,0.0,0.0,0.0,0.0,0.0,0.0,0.0,0.0,0.0,0.0,0.0,0.0,0.0,0.0,0.0,0.0,0.0,0.0,0.0,0.0,0.0,0.0
0.0,0.0,0.0,0.0,0.0,0.25,0.25,0.0,0.0,0.0,0.0,0.0,0.0,0.0,0.0,0.0,0.0,0.0,0.25,0.5,0.25,0.0,0.0,0.0
0.0,0.0,0.0,0.0,0.0,0.0,0.0,0.0,0.0,0.0,0.0,0.0,0.0,0.0,0.0,0.25,0.40324,0.60324,0.80324,1.0,0.8,0.65,0.45,0.25
0.0,0.0,0.0,0.0,0.0,0.0,0.0,0.0,0.0,0.0,0.0,0.0,0.0,0.0,0.0,0.0,0.0,0.25,0.45,0.62321,0.42321,0.25,0.0,0.0
0.0,0.0,0.0,0.0,0.0,0.0,0.0,0.0,0.0,0.0,0.0,0.0,0.0,0.0,0.0,0.25,0.40324,0.60324,0.80324,1.0,0.8,0.65,0.45,0.25
0.0,0.0,0.0,0.0,0.0,0.25,0.25,0.0,0.0,0.0,0.0,0.0,0.0,0.0,0.0,0.0,0.0,0.0,0.25,0.5,0.25,0.0,0.0,0.0
0.0,0.0,0.0,0.0,0.0,0.0,0.0,0.0,0.0,0.0,0.0,0.0,0.0,0.0,0.0,0.0,0.0,0.05,0.3,0.3,0.05,0.0,0.0,0.0
0.0,0.0,0.0,0.0,0.0,0.0,0.0,0.0,0.0,0.0,0.0,0.0,0.0,0.0,0.0,0.0,0.0,0.05,0.3,0.3,0.05,0.0,0.0,0.0
0.0,0.0,0.0,0.0,0.0,0.0,0.0,0.0,0.0,0.0,0.0,0.0,0.0,0.0,0.0,0.0,0.0,0.05,0.3,0.3,0.05,0.0,0.0,0.0
3.0,3.0,2.92609,2.32609,1.72609,2.32609,2.92609,3.0,3.0,2.4,3.0,3.0,3.0,3.0,3.0,3.0,3.0,3.0,3.0,3.0,3.0,3.0,3.0,3.0
2.23541,1.63541,1.6,1.0,1.0,1.6,2.14123,2.51181,1.91181,2.4,3.0,2.87759,2.33787,2.89818,2.50624,3.0,2.42478,3.0,3.0,3.0,2.55042,3.0,2.4,2.51667
0.0,0.0,0.0,0.0,0.0,0.1,0.0,0.0,0.0,0.0,0.0,0.0,0.0,0.0,0.0,0.0,0.0,0.0,0.1,0.3,0.1,0.0,0.0,0.0
0.0,0.0,0.0,0.0,0.0,0.25,0.45,0.65,0.85,0.8,1.0,1.0,1.0,1.0,1.0,1.0,1.0,1.0,1.0,1.0,1.0,1.0,0.8,1.0
0.0,0.0,0.0,0.0,0.05,0.28071,0.05,0.0,0.0,0.0,0.0,0.0,0.0,0.0,0.0,0.0,0.0,0.0,0.0,0.0,0.0,0.0,0.0,0.0
0.0,0.0,0.0,0.0,0.05,0.28071,0.05,0.0,0.0,0.0,0.0,0.0,0.0,0.0,0.0,0.0,0.0,0.0,0.0,0.0,0.0,0.0,0.0,0.0
3.0,3.0,2.92609,2.32609,1.72609,2.32609,2.92609,3.0,3.0,2.4,3.0,3.0,3.0,3.0,3.0,3.0,3.0,3.0,3.0,3.0,3.0,3.0,3.0,3.0
2.28541,1.58541,1.7,1.0,1.0,1.7,2.14123,2.8,2.1,2.8,3.5,2.87759,2.33787,2.89818,2.8,3.5,2.8,3.5,3.5,3.5,2.8,3.5,2.8,2.51667
0.0,0.0,0.0,0.0,0.0,0.0,0.0,0.0,0.0,0.0,0.0,0.0,0.0,0.0,0.0,0.0,0.0,0.0,0.0,0.0,0.0,0.0,0.0,0.0
0.0,0.0,0.0,0.0,0.0,0.0,0.0,0.0,0.0,0.0,0.0,0.0,0.0,0.0,0.0,0.0,0.0,0.0,0.0,0.0,0.0,0.0,0.0,0.0
0.0,0.0,0.0,0.0,0.0,0.0,0.0,0.0,0.0,0.0,0.0,0.0,0.0,0.0,0.25,0.45,0.65,0.85,1.0,1.0,1.0,1.0,0.8,1.0
0.0,0.0,0.0,0.0,0.0,0.0,0.0,0.0,0.0,0.0,0.0,0.0,0.0,0.0,0.0,0.0,0.0,0.0,0.0,0.0,0.0,0.0,0.0,0.0
0.0,0.0,0.0,0.0,0.0,0.25,0.45,0.65,0.85,0.8,1.0,1.0,1.0,1.0,1.0,1.0,1.0,1.0,1.0,1.0,1.0,1.0,0.8,1.0
0.0,0.0,0.0,0.0,0.0,0.0,0.0,0.0,0.0,0.0,0.0,0.0,0.0,0.0,0.0,0.0,0.0,0.0,0.0,0.0,0.0,0.0,0.0,0.0
0.0,0.0,0.0,0.0,0.0,0.0,0.0,0.0,0.0,0.0,0.0,0.0,0.0,0.0,0.0,0.0,0.0,0.0,0.08,0.3,0.08,0.0,0.0,0.0
0.0,0.0,0.0,0.0,0.0,0.0,0.0,0.0,0.0,0.0,0.0,0.0,0.0,0.0,0.25,0.45,0.65,0.85,1.0,1.0,1.0,1.0,0.8,1.0
2.22803,1.72803,1.22803,0.72803,0.5,1.0,1.5,2.0,2.00829,2.0,2.5,2.22372,2.14443,2.22675,2.16916,2.5,2.15719,2.36346,2.5,2.5,2.17565,2.5,2.0,2.1707
0.5,0.5,1.0,0.5,0.5,1.0,0.5,0.5,0.96472,1.46472,1.96472,1.46472,0.96472,0.5,0.88077,1.38077,1.5,2.0,2.5,2.5,2.0,2.36322,1.86322,1.36322
0.0,0.0,0.0,0.0,0.0,0.0,0.0,0.0,0.0,0.0,0.0,0.0,0.0,0.0,0.25,0.45,0.65,0.85,1.0,1.0,1.0,1.0,0.8,1.0
0.0,0.0,0.0,0.0,0.0,0.25,0.45,0.65,0.85,0.8,1.0,1.0,1.0,1.0,1.0,1.0,1.0,1.0,1.0,1.0,1.0,1.0,0.8,1.0
0.0,0.0,0.0,0.0,0.0,0.5,0.5,0.5,0.9,1.3,1.7,1.3,0.9,0.5,0.9,1.3,1.2,1.6,2.0,2.0,1.6,2.0,1.6,1.2
1.90932,1.50932,1.10932,0.70932,0.5,0.9,1.3,1.7,1.86875,1.6,2.0,2.0,2.0,2.0,2.0,2.0,2.0,2.0,2.0,2.0,2.0,2.0,1.6,2.0
0.0,0.0,0.0,0.0,0.0,0.25,0.45,0.65,0.85,0.8,1.0,1.0,1.0,1.0,1.0,1.0,1.0,1.0,1.0,1.0,1.0,1.0,0.8,1.0
4.2,3.62673,3.36,2.52,1.68,2.52,3.36,4.2,4.2,3.36,4.2,4.2,4.2,4.2,4.2,4.2,4.2,4.2,4.2,4.2,4.2,4.2,4.15727,4.2
2.35541,1.51541,1.84,1.0,1.0,1.84,2.15678,2.99677,2.52,3.36,4.2,3.36,2.52,2.89818,3.36,4.2,3.36,3.8287,4.2,4.2,3.36,4.2,3.36,2.52053
3.0,3.0,2.92609,2.32609,1.72609,2.32609,2.92609,3.0,3.0,2.4,3.0,3.0,3.0,3.0,3.0,3.0,3.0,3.0,3.0,3.0,3.0,3.0,3.0,3.0
0.0,0.3,0.67757,0.3,0.3,0.8,0.3,0.3,0.3,0.3,0.8,0.3,0.0,0.0,0.0,0.0,0.0,0.3,0.8,0.8,0.3,0.8,0.3,0.0
0.0,0.0,0.0,0.0,0.0,0.1,0.0,0.0,0.0,0.0,0.0,0.0,0.0,0.0,0.0,0.0,0.0,0.0,0.1,0.3,0.1,0.0,0.0,0.0
0.0,0.0,0.0,0.0,0.05,0.28071,0.05,0.0,0.0,0.0,0.0,0.0,0.0,0.0,0.0,0.0,0.0,0.05,0.3,0.3,0.05,0.0,0.0,0.0
0.0,0.0,0.0,0.0,0.0,0.0,0.0,0.0,0.0,0.0,0.0,0.0,0.0,0.0,0.0,0.0,0.0,0.0,0.0,0.0,0.0,0.0,0.0,0.0
0.0,0.0,0.0,0.0,0.0,0.0,0.0,0.0,0.0,0.0,0.0,0.0,0.0,0.0,0.0,0.25,0.40324,0.60324,0.80324,1.0,0.8,0.65,0.45,0.25
0.0,0.0,0.0,0.0,0.0,0.0,0.0,0.0,0.0,0.0,0.0,0.0,0.0,0.0,0.0,0.0,0.0,0.25,0.45,0.62321,0.42321,0.25,0.0,0.0
2.23541,1.63541,1.5,0.0,0.0,0.0,0.0,0.0,0.0,0.0,0.0,0.0,0.0,0.0,1.5,2.1,2.42478,3.0,3.0,3.0,2.55042,3.0,2.4,2.51667
0.0,0.0,0.0,0.0,0.0,0.0,0.0,0.0,0.0,0.0,0.0,0.0,0.0,0.0,0.0,0.25,0.40324,0.60324,0.80324,1.0,0.8,0.65,0.45,0.25
0.0,0.0,0.0,0.0,0.0,0.1,0.0,0.0,0.0,0.0,0.0,0.0,0.0,0.0,0.0,0.0,0.0,0.0,0.1,0.3,0.1,0.0,0.0,0.0
2.23541,1.63541,1.6,1.0,1.0,1.6,2.14123,2.51181,1.91181,2.4,3.0,2.87759,2.33787,2.89818,2.50624,3.0,2.42478,3.0,3.0,3.0,2.55042,3.0,2.4,2.51667
2.0,2.0,2.0,1.6,1.2,1.6,2.0,2.0,2.0,1.6,2.0,2.0,2.0,2.0,2.0,2.0,2.0,2.0,2.0,2.0,2.0,2.0,2.0,2.0
0.0,0.0,0.0,0.0,0.0,0.0,0.0,0.0,0.0,0.0,0.0,0.0,0.0,0.0,0.0,0.0,0.0,0.0,0.0,0.0,0.0,0.0,0.0,0.0
0.0,0.0,0.2,0.0,0.0,0.2,0.0,0.0,0.0,0.0,0.2,0.0,0.0,0.0,0.0,0.0,0.0,0.2,0.5,0.5,0.2,0.0,0.0,0.0
3.0,3.0,2.92609,2.32609,1.72609,2.32609,2.92609,3.0,3.0,2.4,3.0,3.0,3.0,3.0,3.0,3.0,3.0,3.0,3.0,3.0,3.0,3.0,3.0,3.0
2.23541,1.63541,1.6,1.0,1.0,1.6,2.14123,2.51181,1.91181,2.4,3.0,2.87759,2.33787,2.89818,2.50624,3.0,2.42478,3.0,3.0,3.0,2.55042,3.0,2.4,2.51667
3.0,3.0,2.92609,2.32609,1.72609,2.32609,2.92609,3.0,3.0,2.4,3.0,3.0,3.0,3.0,3.0,3.0,3.0,3.0,3.0,3.0,3.0,3.0,3.0,3.0
0.0,0.0,0.0,0.0,0.0,0.0,0.0,0.0,0.0,0.0,0.0,0.0,0.0,0.0,0.0,0.0,0.0,0.0,0.0,0.0,0.0,0.0,0.0,0.0
0.0,0.0,0.0,0.0,0.0,0.0,0.0,0.0,0.0,0.0,0.0,0.0,0.0,0.0,0.0,0.25,0.40324,0.60324,0.80324,1.0,0.8,0.65,0.45,0.25
0.0,0.0,0.0,0.0,0.0,0.0,0.0,0.0,0.0,0.0,0.0,0.0,0.0,0.0,0.0,0.0,0.0,0.25,0.45,0.62321,0.42321,0.25,0.0,0.0
0.0,0.0,0.0,0.0,0.0,0.0,0.0,0.0,0.0,0.0,0.0,0.0,0.0,0.0,0.0,0.0,0.0,0.0,0.0,0.0,0.0,0.0,0.0,0.0
0.0,0.0,0.0,0.0,0.0,0.25,0.25,0.0,0.0,0.0,0.0,0.0,0.0,0.0,0.0,0.0,0.0,0.0,0.25,0.5,0.25,0.0,0.0,0.0
0.0,0.0,0.0,0.0,0.0,0.0,0.0,0.0,0.0,0.0,0.0,0.0,0.0,0.0,0.0,0.25,0.40324,0.60324,0.80324,1.0,0.8,0.65,0.45,0.25
0.0,0.0,0.0,0.0,0.0,0.0,0.0,0.0,0.0,0.0,0.0,0.0,0.0,0.0,0.0,0.0,0.0,0.25,0.45,0.62321,0.42321,0.25,0.0,0.0
0.0,0.0,0.0,0.0,0.0,0.0,0.0,0.0,0.0,0.0,0.0,0.0,0.0,0.0,0.0,0.25,0.40324,0.60324,0.80324,1.0,0.8,0.65,0.45,0.25
0.0,0.0,0.0,0.0,0.0,0.25,0.25,0.0,0.0,0.0,0.0,0.0,0.0,0.0,0.0,0.0,0.0,0.0,0.25,0.5,0.25,0.0,0.0,0.0
0.0,0.0,0.0,0.0,0.0,0.0,0.0,0.0,0.0,0.0,0.0,0.0,0.0,0.0,0.0,0.0,0.0,0.05,0.3,0.3,0.05,0.0,0.0,0.0
0.0,0.0,0.0,0.0,0.0,0.0,0.0,0.0,0.0,0.0,0.0,0.0,0.0,0.0,0.0,0.0,0.0,0.05,0.3,0.3,0.05,0.0,0.0,0.0
0.0,0.0,0.0,0.0,0.0,0.0,0.0,0.0,0.0,0.0,0.0,0.0,0.0,0.0,0.0,0.0,0.0,0.05,0.3,0.3,0.05,0.0,0.0,0.0
3.0,3.0,2.92609,2.32609,1.72609,2.32609,2.92609,3.0,3.0,2.4,3.0,3.0,3.0,3.0,3.0,3.0,3.0,3.0,3.0,3.0,3.0,3.0,3.0,3.0
2.23541,1.63541,1.6,1.0,1.0,1.6,2.14123,2.51181,1.91181,2.4,3.0,2.87759,2.33787,2.89818,2.50624,3.0,2.42478,3.0,3.0,3.0,2.55042,3.0,2.4,2.51667
0.0,0.0,0.0,0.0,0.0,0.1,0.0,0.0,0.0,0.0,0.0,0.0,0.0,0.0,0.0,0.0,0.0,0.0,0.1,0.3,0.1,0.0,0.0,0.0
0.0,0.0,0.0,0.0,0.0,0.25,0.45,0.65,0.85,0.8,1.0,1.0,1.0,1.0,1.0,1.0,1.0,1.0,1.0,1.0,1.0,1.0,0.8,1.0
0.0,0.0,0.0,0.0,0.05,0.28071,0.05,0.0,0.0,0.0,0.0,0.0,0.0,0.0,0.0,0.0,0.0,0.0,0.0,0.0,0.0,0.0,0.0,0.0
0.0,0.0,0.0,0.0,0.05,0.28071,0.05,0.0,0.0,0.0,0.0,0.0,0.0,0.0,0.0,0.0,0.0,0.0,0.0,0.0,0.0,0.0,0.0,0.0
3.0,3.0,2.92609,2.32609,1.72609,2.32609,2.92609,3.0,3.0,2.4,3.0,3.0,3.0,3.0,3.0,3.0,3.0,3.0,3.0,3.0,3.0,3.0,3.0,3.0
2.28541,1.58541,1.7,1.0,1.0,1.7,2.14123,2.8,2.1,2.8,3.5,2.87759,2.33787,2.89818,2.8,3.5,2.8,3.5,3.5,3.5,2.8,3.5,2.8,2.51667
0.0,0.0,0.0,0.0,0.0,0.0,0.0,0.0,0.0,0.0,0.0,0.0,0.0,0.0,0.0,0.0,0.0,0.0,0.0,0.0,0.0,0.0,0.0,0.0
0.0,0.0,0.0,0.0,0.0,0.0,0.0,0.0,0.0,0.0,0.0,0.0,0.0,0.0,0.0,0.0,0.0,0.0,0.0,0.0,0.0,0.0,0.0,0.0
0.0,0.0,0.0,0.0,0.0,0.0,0.0,0.0,0.0,0.0,0.0,0.0,0.0,0.0,0.25,0.45,0.65,0.85,1.0,1.0,1.0,1.0,0.8,1.0
0.0,0.0,0.0,0.0,0.0,0.0,0.0,0.0,0.0,0.0,0.0,0.0,0.0,0.0,0.0,0.0,0.0,0.0,0.0,0.0,0.0,0.0,0.0,0.0
0.0,0.0,0.0,0.0,0.0,0.25,0.45,0.65,0.85,0.8,1.0,1.0,1.0,1.0,1.0,1.0,1.0,1.0,1.0,1.0,1.0,1.0,0.8,1.0
0.0,0.0,0.0,0.0,0.0,0.0,0.0,0.0,0.0,0.0,0.0,0.0,0.0,0.0,0.0,0.0,0.0,0.0,0.0,0.0,0.0,0.0,0.0,0.0
0.0,0.0,0.0,0.0,0.0,0.0,0.0,0.0,0.0,0.0,0.0,0.0,0.0,0.0,0.0,0.0,0.0,0.0,0.08,0.3,0.08,0.0,0.0,0.0
0.0,0.0,0.0,0.0,0.0,0.0,0.0,0.0,0.0,0.0,0.0,0.0,0.0,0.0,0.25,0.45,0.65,0.85,1.0,1.0,1.0,1.0,0.8,1.0
2.22803,1.72803,1.22803,0.72803,0.5,1.0,1.5,2.0,2.00829,2.0,2.5,2.22372,2.14443,2.22675,2.16916,2.5,2.15719,2.36346,2.5,2.5,2.17565,2.5,2.0,2.1707
0.5,0.5,1.0,0.5,0.5,1.0,0.5,0.5,0.96472,1.46472,1.96472,1.46472,0.96472,0.5,0.88077,1.38077,1.5,2.0,2.5,2.5,2.0,2.36322,1.86322,1.36322
0.0,0.0,0.0,0.0,0.0,0.0,0.0,0.0,0.0,0.0,0.0,0.0,0.0,0.0,0.25,0.45,0.65,0.85,1.0,1.0,1.0,1.0,0.8,1.0
0.0,0.0,0.0,0.0,0.0,0.25,0.45,0.65,0.85,0.8,1.0,1.0,1.0,1.0,1.0,1.0,1.0,1.0,1.0,1.0,1.0,1.0,0.8,1.0
0.0,0.0,0.0,0.0,0.0,0.5,0.5,0.5,0.9,1.3,1.7,1.3,0.9,0.5,0.9,1.3,1.2,1.6,2.0,2.0,1.6,2.0,1.6,1.2
1.90932,1.50932,1.10932,0.70932,0.5,0.9,1.3,1.7,1.86875,1.6,2.0,2.0,2.0,2.0,2.0,2.0,2.0,2.0,2.0,2.0,2.0,2.0,1.6,2.0
0.0,0.0,0.0,0.0,0.0,0.25,0.45,0.65,0.85,0.8,1.0,1.0,1.0,1.0,1.0,1.0,1.0,1.0,1.0,1.0,1.0,1.0,0.8,1.0
4.2,3.62673,3.36,2.52,1.68,2.52,3.36,4.2,4.2,3.36,4.2,4.2,4.2,4.2,4.2,4.2,4.2,4.2,4.2,4.2,4.2,4.2,4.15727,4.2
2.35541,1.51541,1.84,1.0,1.0,1.84,2.15678,2.99677,2.52,3.36,4.2,3.36,2.52,2.89818,3.36,4.2,3.36,3.8287,4.2,4.2,3.36,4.2,3.36,2.52053
3.0,3.0,2.92609,2.32609,1.72609,2.32609,2.92609,3.0,3.0,2.4,3.0,3.0,3.0,3.0,3.0,3.0,3.0,3.0,3.0,3.0,3.0,3.0,3.0,3.0
0.0,0.3,0.67757,0.3,0.3,0.8,0.3,0.3,0.3,0.3,0.8,0.3,0.0,0.0,0.0,0.0,0.0,0.3,0.8,0.8,0.3,0.8,0.3,0.0
0.0,0.0,0.0,0.0,0.0,0.1,0.0,0.0,0.0,0.0,0.0,0.0,0.0,0.0,0.0,0.0,0.0,0.0,0.1,0.3,0.1,0.0,0.0,0.0
0.0,0.0,0.0,0.0,0.05,0.28071,0.05,0.0,0.0,0.0,0.0,0.0,0.0,0.0,0.0,0.0,0.0,0.05,0.3,0.3,0.05,0.0,0.0,0.0
0.0,0.0,0.0,0.0,0.0,0.0,0.0,0.0,0.0,0.0,0.0,0.0,0.0,0.0,0.0,0.0,0.0,0.0,0.0,0.0,0.0,0.0,0.0,0.0
0.0,0.0,0.0,0.0,0.0,0.0,0.0,0.0,0.0,0.0,0.0,0.0,0.0,0.0,0.0,0.25,0.40324,0.60324,0.80324,1.0,0.8,0.65,0.45,0.25
0.0,0.0,0.0,0.0,0.0,0.0,0.0,0.0,0.0,0.0,0.0,0.0,0.0,0.0,0.0,0.0,0.0,0.25,0.45,0.62321,0.42321,0.25,0.0,0.0
2.23541,1.63541,1.5,0.0,0.0,0.0,0.0,0.0,0.0,0.0,0.0,0.0,0.0,0.0,1.5,2.1,2.42478,3.0,3.0,3.0,2.55042,3.0,2.4,2.51667
0.0,0.0,0.0,0.0,0.0,0.0,0.0,0.0,0.0,0.0,0.0,0.0,0.0,0.0,0.0,0.25,0.40324,0.60324,0.80324,1.0,0.8,0.65,0.45,0.25
0.0,0.0,0.0,0.0,0.0,0.1,0.0,0.0,0.0,0.0,0.0,0.0,0.0,0.0,0.0,0.0,0.0,0.0,0.1,0.3,0.1,0.0,0.0,0.0
2.23541,1.63541,1.6,1.0,1.0,1.6,2.14123,2.51181,1.91181,2.4,3.0,2.87759,2.33787,2.89818,2.50624,3.0,2.42478,3.0,3.0,3.0,2.55042,3.0,2.4,2.51667
2.0,2.0,2.0,1.6,1.2,1.6,2.0,2.0,2.0,1.6,2.0,2.0,2.0,2.0,2.0,2.0,2.0,2.0,2.0,2.0,2.0,2.0,2.0,2.0
0.0,0.0,0.0,0.0,0.0,0.0,0.0,0.0,0.0,0.0,0.0,0.0,0.0,0.0,0.0,0.0,0.0,0.0,0.0,0.0,0.0,0.0,0.0,0.0
0.0,0.0,0.2,0.0,0.0,0.2,0.0,0.0,0.0,0.0,0.2,0.0,0.0,0.0,0.0,0.0,0.0,0.2,0.5,0.5,0.2,0.0,0.0,0.0
3.0,3.0,2.92609,2.32609,1.72609,2.32609,2.92609,3.0,3.0,2.4,3.0,3.0,3.0,3.0,3.0,3.0,3.0,3.0,3.0,3.0,3.0,3.0,3.0,3.0
2.23541,1.63541,1.6,1.0,1.0,1.6,2.14123,2.51181,1.91181,2.4,3.0,2.87759,2.33787,2.89818,2.50624,3.0,2.42478,3.0,3.0,3.0,2.55042,3.0,2.4,2.51667
3.0,3.0,2.92609,2.32609,1.72609,2.32609,2.92609,3.0,3.0,2.4,3.0,3.0,3.0,3.0,3.0,3.0,3.0,3.0,3.0,3.0,3.0,3.0,3.0,3.0
0.0,0.0,0.0,0.0,0.0,0.0,0.0,0.0,0.0,0.0,0.0,0.0,0.0,0.0,0.0,0.0,0.0,0.0,0.0,0.0,0.0,0.0,0.0,0.0
0.0,0.0,0.0,0.0,0.0,0.0,0.0,0.0,0.0,0.0,0.0,0.0,0.0,0.0,0.0,0.25,0.40324,0.60324,0.80324,1.0,0.8,0.65,0.45,0.25
0.0,0.0,0.0,0.0,0.0,0.0,0.0,0.0,0.0,0.0,0.0,0.0,0.0,0.0,0.0,0.0,0.0,0.25,0.45,0.62321,0.42321,0.25,0.0,0.0
0.0,0.0,0.0,0.0,0.0,0.0,0.0,0.0,0.0,0.0,0.0,0.0,0.0,0.0,0.0,0.0,0.0,0.0,0.0,0.0,0.0,0.0,0.0,0.0
0.0,0.0,0.0,0.0,0.0,0.25,0.25,0.0,0.0,0.0,0.0,0.0,0.0,0.0,0.0,0.0,0.0,0.0,0.25,0.5,0.25,0.0,0.0,0.0
0.0,0.0,0.0,0.0,0.0,0.0,0.0,0.0,0.0,0.0,0.0,0.0,0.0,0.0,0.0,0.25,0.40324,0.60324,0.80324,1.0,0.8,0.65,0.45,0.25
0.0,0.0,0.0,0.0,0.0,0.0,0.0,0.0,0.0,0.0,0.0,0.0,0.0,0.0,0.0,0.0,0.0,0.25,0.45,0.62321,0.42321,0.25,0.0,0.0
0.0,0.0,0.0,0.0,0.0,0.0,0.0,0.0,0.0,0.0,0.0,0.0,0.0,0.0,0.0,0.25,0.40324,0.60324,0.80324,1.0,0.8,0.65,0.45,0.25
0.0,0.0,0.0,0.0,0.0,0.25,0.25,0.0,0.0,0.0,0.0,0.0,0.0,0.0,0.0,0.0,0.0,0.0,0.25,0.5,0.25,0.0,0.0,0.0
0.0,0.0,0.0,0.0,0.0,0.0,0.0,0.0,0.0,0.0,0.0,0.0,0.0,0.0,0.0,0.0,0.0,0.05,0.3,0.3,0.05,0.0,0.0,0.0
0.0,0.0,0.0,0.0,0.0,0.0,0.0,0.0,0.0,0.0,0.0,0.0,0.0,0.0,0.0,0.0,0.0,0.05,0.3,0.3,0.05,0.0,0.0,0.0
0.0,0.0,0.0,0.0,0.0,0.0,0.0,0.0,0.0,0.0,0.0,0.0,0.0,0.0,0.0,0.0,0.0,0.05,0.3,0.3,0.05,0.0,0.0,0.0
3.0,3.0,2.92609,2.32609,1.72609,2.32609,2.92609,3.0,3.0,2.4,3.0,3.0,3.0,3.0,3.0,3.0,3.0,3.0,3.0,3.0,3.0,3.0,3.0,3.0
2.23541,1.63541,1.6,1.0,1.0,1.6,2.14123,2.51181,1.91181,2.4,3.0,2.87759,2.33787,2.89818,2.50624,3.0,2.42478,3.0,3.0,3.0,2.55042,3.0,2.4,2.51667
0.0,0.0,0.0,0.0,0.0,0.1,0.0,0.0,0.0,0.0,0.0,0.0,0.0,0.0,0.0,0.0,0.0,0.0,0.1,0.3,0.1,0.0,0.0,0.0
0.0,0.0,0.0,0.0,0.0,0.25,0.45,0.65,0.85,0.8,1.0,1.0,1.0,1.0,1.0,1.0,1.0,1.0,1.0,1.0,1.0,1.0,0.8,1.0
0.0,0.0,0.0,0.0,0.05,0.28071,0.05,0.0,0.0,0.0,0.0,0.0,0.0,0.0,0.0,0.0,0.0,0.0,0.0,0.0,0.0,0.0,0.0,0.0
0.0,0.0,0.0,0.0,0.05,0.28071,0.05,0.0,0.0,0.0,0.0,0.0,0.0,0.0,0.0,0.0,0.0,0.0,0.0,0.0,0.0,0.0,0.0,0.0
3.0,3.0,2.92609,2.32609,1.72609,2.32609,2.92609,3.0,3.0,2.4,3.0,3.0,3.0,3.0,3.0,3.0,3.0,3.0,3.0,3.0,3.0,3.0,3.0,3.0
2.28541,1.58541,1.7,1.0,1.0,1.7,2.14123,2.8,2.1,2.8,3.5,2.87759,2.33787,2.89818,2.8,3.5,2.8,3.5,3.5,3.5,2.8,3.5,2.8,2.51667
0.0,0.0,0.0,0.0,0.0,0.0,0.0,0.0,0.0,0.0,0.0,0.0,0.0,0.0,0.0,0.0,0.0,0.0,0.0,0.0,0.0,0.0,0.0,0.0
0.0,0.0,0.0,0.0,0.0,0.0,0.0,0.0,0.0,0.0,0.0,0.0,0.0,0.0,0.0,0.0,0.0,0.0,0.0,0.0,0.0,0.0,0.0,0.0
0.0,0.0,0.0,0.0,0.0,0.0,0.0,0.0,0.0,0.0,0.0,0.0,0.0,0.0,0.25,0.45,0.65,0.85,1.0,1.0,1.0,1.0,0.8,1.0
0.0,0.0,0.0,0.0,0.0,0.0,0.0,0.0,0.0,0.0,0.0,0.0,0.0,0.0,0.0,0.0,0.0,0.0,0.0,0.0,0.0,0.0,0.0,0.0
0.0,0.0,0.0,0.0,0.0,0.25,0.45,0.65,0.85,0.8,1.0,1.0,1.0,1.0,1.0,1.0,1.0,1.0,1.0,1.0,1.0,1.0,0.8,1.0
0.0,0.0,0.0,0.0,0.0,0.0,0.0,0.0,0.0,0.0,0.0,0.0,0.0,0.0,0.0,0.0,0.0,0.0,0.0,0.0,0.0,0.0,0.0,0.0
0.0,0.0,0.0,0.0,0.0,0.0,0.0,0.0,0.0,0.0,0.0,0.0,0.0,0.0,0.0,0.0,0.0,0.0,0.08,0.3,0.08,0.0,0.0,0.0
0.0,0.0,0.0,0.0,0.0,0.0,0.0,0.0,0.0,0.0,0.0,0.0,0.0,0.0,0.25,0.45,0.65,0.85,1.0,1.0,1.0,1.0,0.8,1.0
2.22803,1.72803,1.22803,0.72803,0.5,1.0,1.5,2.0,2.00829,2.0,2.5,2.22372,2.14443,2.22675,2.16916,2.5,2.15719,2.36346,2.5,2.5,2.17565,2.5,2.0,2.1707
0.0,0.0,0.0,0.0,0.0,0.0,0.0,0.0,0.0,0.5,1.0,0.5,0.5,0.5,0.88077,1.38077,1.5,2.0,2.5,2.5,2.0,2.36322,1.86322,1.36322
0.0,0.0,0.0,0.0,0.0,0.0,0.0,0.0,0.0,0.0,0.0,0.0,0.0,0.0,0.25,0.45,0.65,0.85,1.0,1.0,1.0,1.0,0.8,1.0
0.0,0.0,0.0,0.0,0.0,0.25,0.45,0.65,0.85,0.8,1.0,1.0,1.0,1.0,1.0,1.0,1.0,1.0,1.0,1.0,1.0,1.0,0.8,1.0
0.0,0.0,0.0,0.0,0.0,0.5,0.5,0.5,0.9,1.3,1.7,1.3,0.9,0.5,0.9,1.3,1.2,1.6,2.0,2.0,1.6,2.0,1.6,1.2
1.90932,1.50932,1.10932,0.70932,0.5,0.9,1.3,1.7,1.86875,1.6,2.0,2.0,2.0,2.0,2.0,2.0,2.0,2.0,2.0,2.0,2.0,2.0,1.6,2.0
0.0,0.0,0.0,0.0,0.0,0.25,0.45,0.65,0.85,0.8,1.0,1.0,1.0,1.0,1.0,1.0,1.0,1.0,1.0,1.0,1.0,1.0,0.8,1.0
4.2,3.62673,3.36,2.52,1.68,2.52,3.36,4.2,4.2,3.36,4.2,4.2,4.2,4.2,4.2,4.2,4.2,4.2,4.2,4.2,4.2,4.2,4.15727,4.2
2.35541,1.51541,1.84,1.0,1.0,1.84,2.15678,2.99677,2.52,3.36,4.2,3.36,2.52,2.89818,3.36,4.2,3.36,3.8287,4.2,4.2,3.36,4.2,3.36,2.52053
3.0,3.0,2.92609,2.32609,1.72609,2.32609,2.92609,3.0,3.0,2.4,3.0,3.0,3.0,3.0,3.0,3.0,3.0,3.0,3.0,3.0,3.0,3.0,3.0,3.0
0.0,0.3,0.67757,0.3,0.3,0.8,0.3,0.3,0.3,0.3,0.8,0.3,0.0,0.0,0.0,0.0,0.0,0.3,0.8,0.8,0.3,0.8,0.3,0.0
0.0,0.0,0.0,0.0,0.0,0.1,0.0,0.0,0.0,0.0,0.0,0.0,0.0,0.0,0.0,0.0,0.0,0.0,0.1,0.3,0.1,0.0,0.0,0.0
0.0,0.0,0.0,0.0,0.05,0.28071,0.05,0.0,0.0,0.0,0.0,0.0,0.0,0.0,0.0,0.0,0.0,0.05,0.3,0.3,0.05,0.0,0.0,0.0
0.0,0.0,0.0,0.0,0.0,0.0,0.0,0.0,0.0,0.0,0.0,0.0,0.0,0.0,0.0,0.0,0.0,0.0,0.0,0.0,0.0,0.0,0.0,0.0
0.0,0.0,0.0,0.0,0.0,0.0,0.0,0.0,0.0,0.0,0.0,0.0,0.0,0.0,0.0,0.25,0.40324,0.60324,0.80324,1.0,0.8,0.65,0.45,0.25
0.0,0.0,0.0,0.0,0.0,0.0,0.0,0.0,0.0,0.0,0.0,0.0,0.0,0.0,0.0,0.0,0.0,0.25,0.45,0.62321,0.42321,0.25,0.0,0.0
2.23541,1.63541,1.5,0.0,0.0,0.0,0.0,0.0,0.0,0.0,0.0,0.0,0.0,0.0,1.5,2.1,2.42478,3.0,3.0,3.0,2.55042,3.0,2.4,2.51667
0.0,0.0,0.0,0.0,0.0,0.0,0.0,0.0,0.0,0.0,0.0,0.0,0.0,0.0,0.0,0.25,0.40324,0.60324,0.80324,1.0,0.8,0.65,0.45,0.25
0.0,0.0,0.0,0.0,0.0,0.1,0.0,0.0,0.0,0.0,0.0,0.0,0.0,0.0,0.0,0.0,0.0,0.0,0.1,0.3,0.1,0.0,0.0,0.0
2.23541,1.63541,1.6,1.0,1.0,1.6,2.14123,2.51181,1.91181,2.4,3.0,2.87759,2.33787,2.89818,2.50624,3.0,2.42478,3.0,3.0,3.0,2.55042,3.0,2.4,2.51667
2.0,2.0,2.0,1.6,1.2,1.6,2.0,2.0,2.0,1.6,2.0,2.0,2.0,2.0,2.0,2.0,2.0,2.0,2.0,2.0,2.0,2.0,2.0,2.0
0.0,0.0,0.0,0.0,0.0,0.0,0.0,0.0,0.0,0.0,0.0,0.0,0.0,0.0,0.0,0.0,0.0,0.0,0.0,0.0,0.0,0.0,0.0,0.0
0.0,0.0,0.2,0.0,0.0,0.2,0.0,0.0,0.0,0.0,0.2,0.0,0.0,0.0,0.0,0.0,0.0,0.2,0.5,0.5,0.2,0.0,0.0,0.0
3.0,3.0,2.92609,2.32609,1.72609,2.32609,2.92609,3.0,3.0,2.4,3.0,3.0,3.0,3.0,3.0,3.0,3.0,3.0,3.0,3.0,3.0,3.0,3.0,3.0
2.23541,1.63541,1.6,1.0,1.0,1.6,2.14123,2.51181,1.91181,2.4,3.0,2.87759,2.33787,2.89818,2.50624,3.0,2.42478,3.0,3.0,3.0,2.55042,3.0,2.4,2.51667
3.0,3.0,2.92609,2.32609,1.72609,2.32609,2.92609,3.0,3.0,2.4,3.0,3.0,3.0,3.0,3.0,3.0,3.0,3.0,3.0,3.0,3.0,3.0,3.0,3.0
0.0,0.0,0.0,0.0,0.0,0.0,0.0,0.0,0.0,0.0,0.0,0.0,0.0,0.0,0.0,0.0,0.0,0.0,0.0,0.0,0.0,0.0,0.0,0.0
0.0,0.0,0.0,0.0,0.0,0.0,0.0,0.0,0.0,0.0,0.0,0.0,0.0,0.0,0.0,0.25,0.40324,0.60324,0.80324,1.0,0.8,0.65,0.45,0.25
0.0,0.0,0.0,0.0,0.0,0.0,0.0,0.0,0.0,0.0,0.0,0.0,0.0,0.0,0.0,0.0,0.0,0.25,0.45,0.62321,0.42321,0.25,0.0,0.0
0.0,0.0,0.0,0.0,0.0,0.0,0.0,0.0,0.0,0.0,0.0,0.0,0.0,0.0,0.0,0.0,0.0,0.0,0.0,0.0,0.0,0.0,0.0,0.0
0.0,0.0,0.0,0.0,0.0,0.25,0.25,0.0,0.0,0.0,0.0,0.0,0.0,0.0,0.0,0.0,0.0,0.0,0.25,0.5,0.25,0.0,0.0,0.0
0.0,0.0,0.0,0.0,0.0,0.0,0.0,0.0,0.0,0.0,0.0,0.0,0.0,0.0,0.0,0.25,0.40324,0.60324,0.80324,1.0,0.8,0.65,0.45,0.25
0.0,0.0,0.0,0.0,0.0,0.0,0.0,0.0,0.0,0.0,0.0,0.0,0.0,0.0,0.0,0.0,0.0,0.25,0.45,0.62321,0.42321,0.25,0.0,0.0
0.0,0.0,0.0,0.0,0.0,0.0,0.0,0.0,0.0,0.0,0.0,0.0,0.0,0.0,0.0,0.25,0.40324,0.60324,0.80324,1.0,0.8,0.65,0.45,0.25
0.0,0.0,0.0,0.0,0.0,0.25,0.25,0.0,0.0,0.0,0.0,0.0,0.0,0.0,0.0,0.0,0.0,0.0,0.25,0.5,0.25,0.0,0.0,0.0
0.0,0.0,0.0,0.0,0.0,0.0,0.0,0.0,0.0,0.0,0.0,0.0,0.0,0.0,0.0,0.0,0.0,0.05,0.3,0.3,0.05,0.0,0.0,0.0
0.0,0.0,0.0,0.0,0.0,0.0,0.0,0.0,0.0,0.0,0.0,0.0,0.0,0.0,0.0,0.0,0.0,0.05,0.3,0.3,0.05,0.0,0.0,0.0
0.0,0.0,0.0,0.0,0.0,0.0,0.0,0.0,0.0,0.0,0.0,0.0,0.0,0.0,0.0,0.0,0.0,0.05,0.3,0.3,0.05,0.0,0.0,0.0
3.0,3.0,2.92609,2.32609,1.72609,2.32609,2.92609,3.0,3.0,2.4,3.0,3.0,3.0,3.0,3.0,3.0,3.0,3.0,3.0,3.0,3.0,3.0,3.0,3.0
2.23541,1.63541,1.6,1.0,1.0,1.6,2.14123,2.51181,1.91181,2.4,3.0,2.87759,2.33787,2.89818,2.50624,3.0,2.42478,3.0,3.0,3.0,2.55042,3.0,2.4,2.51667
0.0,0.0,0.0,0.0,0.0,0.1,0.0,0.0,0.0,0.0,0.0,0.0,0.0,0.0,0.0,0.0,0.0,0.0,0.1,0.3,0.1,0.0,0.0,0.0
0.0,0.0,0.0,0.0,0.0,0.25,0.45,0.65,0.85,0.8,1.0,1.0,1.0,1.0,1.0,1.0,1.0,1.0,1.0,1.0,1.0,1.0,0.8,1.0
0.0,0.0,0.0,0.0,0.05,0.28071,0.05,0.0,0.0,0.0,0.0,0.0,0.0,0.0,0.0,0.0,0.0,0.0,0.0,0.0,0.0,0.0,0.0,0.0
0.0,0.0,0.0,0.0,0.05,0.28071,0.05,0.0,0.0,0.0,0.0,0.0,0.0,0.0,0.0,0.0,0.0,0.0,0.0,0.0,0.0,0.0,0.0,0.0
3.0,3.0,2.92609,2.32609,1.72609,2.32609,2.92609,3.0,3.0,2.4,3.0,3.0,3.0,3.0,3.0,3.0,3.0,3.0,3.0,3.0,3.0,3.0,3.0,3.0
2.28541,1.58541,1.7,1.0,1.0,1.7,2.14123,2.8,2.1,2.8,3.5,2.87759,2.33787,2.89818,2.8,3.5,2.8,3.5,3.5,3.5,2.8,3.5,2.8,2.51667
0.0,0.0,0.0,0.0,0.0,0.0,0.0,0.0,0.0,0.0,0.0,0.0,0.0,0.0,0.0,0.0,0.0,0.0,0.0,0.0,0.0,0.0,0.0,0.0
0.0,0.0,0.0,0.0,0.0,0.0,0.0,0.0,0.0,0.0,0.0,0.0,0.0,0.0,0.0,0.0,0.0,0.0,0.0,0.0,0.0,0.0,0.0,0.0
0.0,0.0,0.0,0.0,0.0,0.0,0.0,0.0,0.0,0.0,0.0,0.0,0.0,0.0,0.25,0.45,0.65,0.85,1.0,1.0,1.0,1.0,0.8,1.0
0.0,0.0,0.0,0.0,0.0,0.0,0.0,0.0,0.0,0.0,0.0,0.0,0.0,0.0,0.0,0.0,0.0,0.0,0.0,0.0,0.0,0.0,0.0,0.0
0.0,0.0,0.0,0.0,0.0,0.25,0.45,0.65,0.85,0.8,1.0,1.0,1.0,1.0,1.0,1.0,1.0,1.0,1.0,1.0,1.0,1.0,0.8,1.0
0.0,0.0,0.0,0.0,0.0,0.0,0.0,0.0,0.0,0.0,0.0,0.0,0.0,0.0,0.0,0.0,0.0,0.0,0.0,0.0,0.0,0.0,0.0,0.0
0.0,0.0,0.0,0.0,0.0,0.0,0.0,0.0,0.0,0.0,0.0,0.0,0.0,0.0,0.0,0.0,0.0,0.0,0.08,0.3,0.08,0.0,0.0,0.0
0.0,0.0,0.0,0.0,0.0,0.0,0.0,0.0,0.0,0.0,0.0,0.0,0.0,0.0,0.25,0.45,0.65,0.85,1.0,1.0,1.0,1.0,0.8,1.0
2.22803,1.72803,1.22803,0.72803,0.5,1.0,1.5,2.0,2.00829,2.0,2.5,2.22372,2.14443,2.22675,2.16916,2.5,2.15719,2.36346,2.5,2.5,2.17565,2.5,2.0,2.1707
0.0,0.0,0.0,0.0,0.0,0.0,0.0,0.0,0.0,0.5,1.0,0.5,0.5,0.5,0.88077,1.38077,1.5,2.0,2.5,2.5,2.0,2.36322,1.86322,1.36322
0.0,0.0,0.0,0.0,0.0,0.0,0.0,0.0,0.0,0.0,0.0,0.0,0.0,0.0,0.25,0.45,0.65,0.85,1.0,1.0,1.0,1.0,0.8,1.0
0.0,0.0,0.0,0.0,0.0,0.25,0.45,0.65,0.85,0.8,1.0,1.0,1.0,1.0,1.0,1.0,1.0,1.0,1.0,1.0,1.0,1.0,0.8,1.0
0.0,0.0,0.0,0.0,0.0,0.5,0.5,0.5,0.9,1.3,1.7,1.3,0.9,0.5,0.9,1.3,1.2,1.6,2.0,2.0,1.6,2.0,1.6,1.2
1.90932,1.50932,1.10932,0.70932,0.5,0.9,1.3,1.7,1.86875,1.6,2.0,2.0,2.0,2.0,2.0,2.0,2.0,2.0,2.0,2.0,2.0,2.0,1.6,2.0
0.0,0.0,0.0,0.0,0.0,0.25,0.45,0.65,0.85,0.8,1.0,1.0,1.0,1.0,1.0,1.0,1.0,1.0,1.0,1.0,1.0,1.0,0.8,1.0
4.2,3.62673,3.36,2.52,1.68,2.52,3.36,4.2,4.2,3.36,4.2,4.2,4.2,4.2,4.2,4.2,4.2,4.2,4.2,4.2,4.2,4.2,4.15727,4.2
2.35541,1.51541,1.84,1.0,1.0,1.84,2.15678,2.99677,2.52,3.36,4.2,3.36,2.52,2.89818,3.36,4.2,3.36,3.8287,4.2,4.2,3.36,4.2,3.36,2.52053
3.0,3.0,2.92609,2.32609,1.72609,2.32609,2.92609,3.0,3.0,2.4,3.0,3.0,3.0,3.0,3.0,3.0,3.0,3.0,3.0,3.0,3.0,3.0,3.0,3.0
0.0,0.3,0.67757,0.3,0.3,0.8,0.3,0.3,0.3,0.3,0.8,0.3,0.0,0.0,0.0,0.0,0.0,0.3,0.8,0.8,0.3,0.8,0.3,0.0
0.0,0.0,0.0,0.0,0.0,0.1,0.0,0.0,0.0,0.0,0.0,0.0,0.0,0.0,0.0,0.0,0.0,0.0,0.1,0.3,0.1,0.0,0.0,0.0
0.0,0.0,0.0,0.0,0.05,0.28071,0.05,0.0,0.0,0.0,0.0,0.0,0.0,0.0,0.0,0.0,0.0,0.05,0.3,0.3,0.05,0.0,0.0,0.0
0.0,0.0,0.0,0.0,0.0,0.0,0.0,0.0,0.0,0.0,0.0,0.0,0.0,0.0,0.0,0.0,0.0,0.0,0.0,0.0,0.0,0.0,0.0,0.0
0.0,0.0,0.0,0.0,0.0,0.0,0.0,0.0,0.0,0.0,0.0,0.0,0.0,0.0,0.0,0.25,0.40324,0.60324,0.80324,1.0,0.8,0.65,0.45,0.25
0.0,0.0,0.0,0.0,0.0,0.0,0.0,0.0,0.0,0.0,0.0,0.0,0.0,0.0,0.0,0.0,0.0,0.25,0.45,0.62321,0.42321,0.25,0.0,0.0
2.23541,1.63541,1.5,0.0,0.0,0.0,0.0,0.0,0.0,0.0,0.0,0.0,0.0,0.0,1.5,2.1,2.42478,3.0,3.0,3.0,2.55042,3.0,2.4,2.51667
0.0,0.0,0.0,0.0,0.0,0.0,0.0,0.0,0.0,0.0,0.0,0.0,0.0,0.0,0.0,0.25,0.40324,0.60324,0.80324,1.0,0.8,0.65,0.45,0.25
0.0,0.0,0.0,0.0,0.0,0.1,0.0,0.0,0.0,0.0,0.0,0.0,0.0,0.0,0.0,0.0,0.0,0.0,0.1,0.3,0.1,0.0,0.0,0.0
2.23541,1.63541,1.6,1.0,1.0,1.6,2.14123,2.51181,1.91181,2.4,3.0,2.87759,2.33787,2.89818,2.50624,3.0,2.42478,3.0,3.0,3.0,2.55042,3.0,2.4,2.51667
2.0,2.0,2.0,1.6,1.2,1.6,2.0,2.0,2.0,1.6,2.0,2.0,2.0,2.0,2.0,2.0,2.0,2.0,2.0,2.0,2.0,2.0,2.0,2.0
0.0,0.0,0.0,0.0,0.0,0.0,0.0,0.0,0.0,0.0,0.0,0.0,0.0,0.0,0.0,0.0,0.0,0.0,0.0,0.0,0.0,0.0,0.0,0.0
0.0,0.0,0.2,0.0,0.0,0.2,0.0,0.0,0.0,0.0,0.2,0.0,0.0,0.0,0.0,0.0,0.0,0.2,0.5,0.5,0.2,0.0,0.0,0.0
3.0,3.0,2.92609,2.32609,1.72609,2.32609,2.92609,3.0,3.0,2.4,3.0,3.0,3.0,3.0,3.0,3.0,3.0,3.0,3.0,3.0,3.0,3.0,3.0,3.0
2.23541,1.63541,1.6,1.0,1.0,1.6,2.14123,2.51181,1.91181,2.4,3.0,2.87759,2.33787,2.89818,2.50624,3.0,2.42478,3.0,3.0,3.0,2.55042,3.0,2.4,2.51667
3.0,3.0,2.92609,2.32609,1.72609,2.32609,2.92609,3.0,3.0,2.4,3.0,3.0,3.0,3.0,3.0,3.0,3.0,3.0,3.0,3.0,3.0,3.0,3.0,3.0
0.0,0.0,0.0,0.0,0.0,0.0,0.0,0.0,0.0,0.0,0.0,0.0,0.0,0.0,0.0,0.0,0.0,0.0,0.0,0.0,0.0,0.0,0.0,0.0
0.0,0.0,0.0,0.0,0.0,0.0,0.0,0.0,0.0,0.0,0.0,0.0,0.0,0.0,0.0,0.25,0.40324,0.60324,0.80324,1.0,0.8,0.65,0.45,0.25
0.0,0.0,0.0,0.0,0.0,0.0,0.0,0.0,0.0,0.0,0.0,0.0,0.0,0.0,0.0,0.0,0.0,0.25,0.45,0.62321,0.42321,0.25,0.0,0.0
0.0,0.0,0.0,0.0,0.0,0.0,0.0,0.0,0.0,0.0,0.0,0.0,0.0,0.0,0.0,0.0,0.0,0.0,0.0,0.0,0.0,0.0,0.0,0.0
0.0,0.0,0.0,0.0,0.0,0.25,0.25,0.0,0.0,0.0,0.0,0.0,0.0,0.0,0.0,0.0,0.0,0.0,0.25,0.5,0.25,0.0,0.0,0.0
0.0,0.0,0.0,0.0,0.0,0.0,0.0,0.0,0.0,0.0,0.0,0.0,0.0,0.0,0.0,0.25,0.40324,0.60324,0.80324,1.0,0.8,0.65,0.45,0.25
0.0,0.0,0.0,0.0,0.0,0.0,0.0,0.0,0.0,0.0,0.0,0.0,0.0,0.0,0.0,0.0,0.0,0.25,0.45,0.62321,0.42321,0.25,0.0,0.0
0.0,0.0,0.0,0.0,0.0,0.0,0.0,0.0,0.0,0.0,0.0,0.0,0.0,0.0,0.0,0.25,0.40324,0.60324,0.80324,1.0,0.8,0.65,0.45,0.25
0.0,0.0,0.0,0.0,0.0,0.25,0.25,0.0,0.0,0.0,0.0,0.0,0.0,0.0,0.0,0.0,0.0,0.0,0.25,0.5,0.25,0.0,0.0,0.0
0.0,0.0,0.0,0.0,0.0,0.0,0.0,0.0,0.0,0.0,0.0,0.0,0.0,0.0,0.0,0.0,0.0,0.05,0.3,0.3,0.05,0.0,0.0,0.0
0.0,0.0,0.0,0.0,0.0,0.0,0.0,0.0,0.0,0.0,0.0,0.0,0.0,0.0,0.0,0.0,0.0,0.05,0.3,0.3,0.05,0.0,0.0,0.0
0.0,0.0,0.0,0.0,0.0,0.0,0.0,0.0,0.0,0.0,0.0,0.0,0.0,0.0,0.0,0.0,0.0,0.05,0.3,0.3,0.05,0.0,0.0,0.0
3.0,3.0,2.92609,2.32609,1.72609,2.32609,2.92609,3.0,3.0,2.4,3.0,3.0,3.0,3.0,3.0,3.0,3.0,3.0,3.0,3.0,3.0,3.0,3.0,3.0
2.23541,1.63541,1.6,1.0,1.0,1.6,2.14123,2.51181,1.91181,2.4,3.0,2.87759,2.33787,2.89818,2.50624,3.0,2.42478,3.0,3.0,3.0,2.55042,3.0,2.4,2.51667
0.0,0.0,0.0,0.0,0.0,0.1,0.0,0.0,0.0,0.0,0.0,0.0,0.0,0.0,0.0,0.0,0.0,0.0,0.1,0.3,0.1,0.0,0.0,0.0
0.0,0.0,0.0,0.0,0.0,0.25,0.45,0.65,0.85,0.8,1.0,1.0,1.0,1.0,1.0,1.0,1.0,1.0,1.0,1.0,1.0,1.0,0.8,1.0
0.0,0.0,0.0,0.0,0.05,0.28071,0.05,0.0,0.0,0.0,0.0,0.0,0.0,0.0,0.0,0.0,0.0,0.0,0.0,0.0,0.0,0.0,0.0,0.0
0.0,0.0,0.0,0.0,0.05,0.28071,0.05,0.0,0.0,0.0,0.0,0.0,0.0,0.0,0.0,0.0,0.0,0.0,0.0,0.0,0.0,0.0,0.0,0.0
3.0,3.0,2.92609,2.32609,1.72609,2.32609,2.92609,3.0,3.0,2.4,3.0,3.0,3.0,3.0,3.0,3.0,3.0,3.0,3.0,3.0,3.0,3.0,3.0,3.0
2.28541,1.58541,1.7,1.0,1.0,1.7,2.14123,2.8,2.1,2.8,3.5,2.87759,2.33787,2.89818,2.8,3.5,2.8,3.5,3.5,3.5,2.8,3.5,2.8,2.51667
0.0,0.0,0.0,0.0,0.0,0.0,0.0,0.0,0.0,0.0,0.0,0.0,0.0,0.0,0.0,0.0,0.0,0.0,0.0,0.0,0.0,0.0,0.0,0.0
0.0,0.0,0.0,0.0,0.0,0.0,0.0,0.0,0.0,0.0,0.0,0.0,0.0,0.0,0.0,0.0,0.0,0.0,0.0,0.0,0.0,0.0,0.0,0.0
0.0,0.0,0.0,0.0,0.0,0.0,0.0,0.0,0.0,0.0,0.0,0.0,0.0,0.0,0.25,0.45,0.65,0.85,1.0,1.0,1.0,1.0,0.8,1.0
0.0,0.0,0.0,0.0,0.0,0.0,0.0,0.0,0.0,0.0,0.0,0.0,0.0,0.0,0.0,0.0,0.0,0.0,0.0,0.0,0.0,0.0,0.0,0.0
0.0,0.0,0.0,0.0,0.0,0.25,0.45,0.65,0.85,0.8,1.0,1.0,1.0,1.0,1.0,1.0,1.0,1.0,1.0,1.0,1.0,1.0,0.8,1.0
0.0,0.0,0.0,0.0,0.0,0.0,0.0,0.0,0.0,0.0,0.0,0.0,0.0,0.0,0.0,0.0,0.0,0.0,0.0,0.0,0.0,0.0,0.0,0.0
0.0,0.0,0.0,0.0,0.0,0.0,0.0,0.0,0.0,0.0,0.0,0.0,0.0,0.0,0.0,0.0,0.0,0.0,0.08,0.3,0.08,0.0,0.0,0.0
0.0,0.0,0.0,0.0,0.0,0.0,0.0,0.0,0.0,0.0,0.0,0.0,0.0,0.0,0.25,0.45,0.65,0.85,1.0,1.0,1.0,1.0,0.8,1.0
2.22803,1.72803,1.22803,0.72803,0.5,1.0,1.5,2.0,2.00829,2.0,2.5,2.22372,2.14443,2.22675,2.16916,2.5,2.15719,2.36346,2.5,2.5,2.17565,2.5,2.0,2.1707
0.0,0.0,0.0,0.0,0.0,0.0,0.0,0.0,0.0,0.5,1.0,0.5,0.5,0.5,0.88077,1.38077,1.5,2.0,2.5,2.5,2.0,2.36322,1.86322,1.36322
0.0,0.0,0.0,0.0,0.0,0.0,0.0,0.0,0.0,0.0,0.0,0.0,0.0,0.0,0.25,0.45,0.65,0.85,1.0,1.0,1.0,1.0,0.8,1.0
0.0,0.0,0.0,0.0,0.0,0.25,0.45,0.65,0.85,0.8,1.0,1.0,1.0,1.0,1.0,1.0,1.0,1.0,1.0,1.0,1.0,1.0,0.8,1.0
0.0,0.0,0.0,0.0,0.0,0.5,0.5,0.5,0.9,1.3,1.7,1.3,0.9,0.5,0.9,1.3,1.2,1.6,2.0,2.0,1.6,2.0,1.6,1.2
1.90932,1.50932,1.10932,0.70932,0.5,0.9,1.3,1.7,1.86875,1.6,2.0,2.0,2.0,2.0,2.0,2.0,2.0,2.0,2.0,2.0,2.0,2.0,1.6,2.0
0.0,0.0,0.0,0.0,0.0,0.25,0.45,0.65,0.85,0.8,1.0,1.0,1.0,1.0,1.0,1.0,1.0,1.0,1.0,1.0,1.0,1.0,0.8,1.0
4.2,3.62673,3.36,2.52,1.68,2.52,3.36,4.2,4.2,3.36,4.2,4.2,4.2,4.2,4.2,4.2,4.2,4.2,4.2,4.2,4.2,4.2,4.15727,4.2
2.35541,1.51541,1.84,1.0,1.0,1.84,2.15678,2.99677,2.52,3.36,4.2,3.36,2.52,2.89818,3.36,4.2,3.36,3.8287,4.2,4.2,3.36,4.2,3.36,2.52053
3.0,3.0,2.92609,2.32609,1.72609,2.32609,2.92609,3.0,3.0,2.4,3.0,3.0,3.0,3.0,3.0,3.0,3.0,3.0,3.0,3.0,3.0,3.0,3.0,3.0
0.0,0.3,0.67757,0.3,0.3,0.8,0.3,0.3,0.3,0.3,0.8,0.3,0.0,0.0,0.0,0.0,0.0,0.3,0.8,0.8,0.3,0.8,0.3,0.0
0.0,0.0,0.0,0.0,0.0,0.1,0.0,0.0,0.0,0.0,0.0,0.0,0.0,0.0,0.0,0.0,0.0,0.0,0.1,0.3,0.1,0.0,0.0,0.0
0.0,0.0,0.0,0.0,0.05,0.28071,0.05,0.0,0.0,0.0,0.0,0.0,0.0,0.0,0.0,0.0,0.0,0.05,0.3,0.3,0.05,0.0,0.0,0.0
0.0,0.0,0.0,0.0,0.0,0.0,0.0,0.0,0.0,0.0,0.0,0.0,0.0,0.0,0.0,0.0,0.0,0.0,0.0,0.0,0.0,0.0,0.0,0.0
0.0,0.0,0.0,0.0,0.0,0.0,0.0,0.0,0.0,0.0,0.0,0.0,0.0,0.0,0.0,0.25,0.40324,0.60324,0.80324,1.0,0.8,0.65,0.45,0.25
0.0,0.0,0.0,0.0,0.0,0.0,0.0,0.0,0.0,0.0,0.0,0.0,0.0,0.0,0.0,0.0,0.0,0.25,0.45,0.62321,0.42321,0.25,0.0,0.0
2.23541,1.63541,1.5,0.0,0.0,0.0,0.0,0.0,0.0,0.0,0.0,0.0,0.0,0.0,1.5,2.1,2.42478,3.0,3.0,3.0,2.55042,3.0,2.4,2.51667
0.0,0.0,0.0,0.0,0.0,0.0,0.0,0.0,0.0,0.0,0.0,0.0,0.0,0.0,0.0,0.25,0.40324,0.60324,0.80324,1.0,0.8,0.65,0.45,0.25
0.0,0.0,0.0,0.0,0.0,0.1,0.0,0.0,0.0,0.0,0.0,0.0,0.0,0.0,0.0,0.0,0.0,0.0,0.1,0.3,0.1,0.0,0.0,0.0
2.23541,1.63541,1.6,1.0,1.0,1.6,2.14123,2.51181,1.91181,2.4,3.0,2.87759,2.33787,2.89818,2.50624,3.0,2.42478,3.0,3.0,3.0,2.55042,3.0,2.4,2.51667
2.0,2.0,2.0,1.6,1.2,1.6,2.0,2.0,2.0,1.6,2.0,2.0,2.0,2.0,2.0,2.0,2.0,2.0,2.0,2.0,2.0,2.0,2.0,2.0
0.0,0.0,0.0,0.0,0.0,0.0,0.0,0.0,0.0,0.0,0.0,0.0,0.0,0.0,0.0,0.0,0.0,0.0,0.0,0.0,0.0,0.0,0.0,0.0
0.0,0.0,0.2,0.0,0.0,0.2,0.0,0.0,0.0,0.0,0.2,0.0,0.0,0.0,0.0,0.0,0.0,0.2,0.5,0.5,0.2,0.0,0.0,0.0
3.0,3.0,2.92609,2.32609,1.72609,2.32609,2.92609,3.0,3.0,2.4,3.0,3.0,3.0,3.0,3.0,3.0,3.0,3.0,3.0,3.0,3.0,3.0,3.0,3.0
2.23541,1.63541,1.6,1.0,1.0,1.6,2.14123,2.51181,1.91181,2.4,3.0,2.87759,2.33787,2.89818,2.50624,3.0,2.42478,3.0,3.0,3.0,2.55042,3.0,2.4,2.51667
3.0,3.0,2.92609,2.32609,1.72609,2.32609,2.92609,3.0,3.0,2.4,3.0,3.0,3.0,3.0,3.0,3.0,3.0,3.0,3.0,3.0,3.0,3.0,3.0,3.0
0.0,0.0,0.0,0.0,0.0,0.0,0.0,0.0,0.0,0.0,0.0,0.0,0.0,0.0,0.0,0.0,0.0,0.0,0.0,0.0,0.0,0.0,0.0,0.0
0.0,0.0,0.0,0.0,0.0,0.0,0.0,0.0,0.0,0.0,0.0,0.0,0.0,0.0,0.0,0.25,0.40324,0.60324,0.80324,1.0,0.8,0.65,0.45,0.25
0.0,0.0,0.0,0.0,0.0,0.0,0.0,0.0,0.0,0.0,0.0,0.0,0.0,0.0,0.0,0.0,0.0,0.25,0.45,0.62321,0.42321,0.25,0.0,0.0
0.0,0.0,0.0,0.0,0.0,0.0,0.0,0.0,0.0,0.0,0.0,0.0,0.0,0.0,0.0,0.0,0.0,0.0,0.0,0.0,0.0,0.0,0.0,0.0
0.0,0.0,0.0,0.0,0.0,0.25,0.25,0.0,0.0,0.0,0.0,0.0,0.0,0.0,0.0,0.0,0.0,0.0,0.25,0.5,0.25,0.0,0.0,0.0
0.0,0.0,0.0,0.0,0.0,0.0,0.0,0.0,0.0,0.0,0.0,0.0,0.0,0.0,0.0,0.25,0.40324,0.60324,0.80324,1.0,0.8,0.65,0.45,0.25
0.0,0.0,0.0,0.0,0.0,0.0,0.0,0.0,0.0,0.0,0.0,0.0,0.0,0.0,0.0,0.0,0.0,0.25,0.45,0.62321,0.42321,0.25,0.0,0.0
0.0,0.0,0.0,0.0,0.0,0.0,0.0,0.0,0.0,0.0,0.0,0.0,0.0,0.0,0.0,0.25,0.40324,0.60324,0.80324,1.0,0.8,0.65,0.45,0.25
0.0,0.0,0.0,0.0,0.0,0.25,0.25,0.0,0.0,0.0,0.0,0.0,0.0,0.0,0.0,0.0,0.0,0.0,0.25,0.5,0.25,0.0,0.0,0.0
0.0,0.0,0.0,0.0,0.0,0.0,0.0,0.0,0.0,0.0,0.0,0.0,0.0,0.0,0.0,0.0,0.0,0.05,0.3,0.3,0.05,0.0,0.0,0.0
0.0,0.0,0.0,0.0,0.0,0.0,0.0,0.0,0.0,0.0,0.0,0.0,0.0,0.0,0.0,0.0,0.0,0.05,0.3,0.3,0.05,0.0,0.0,0.0
0.0,0.0,0.0,0.0,0.0,0.0,0.0,0.0,0.0,0.0,0.0,0.0,0.0,0.0,0.0,0.0,0.0,0.05,0.3,0.3,0.05,0.0,0.0,0.0
3.0,3.0,2.92609,2.32609,1.72609,2.32609,2.92609,3.0,3.0,2.4,3.0,3.0,3.0,3.0,3.0,3.0,3.0,3.0,3.0,3.0,3.0,3.0,3.0,3.0
2.23541,1.63541,1.6,1.0,1.0,1.6,2.14123,2.51181,1.91181,2.4,3.0,2.87759,2.33787,2.89818,2.50624,3.0,2.42478,3.0,3.0,3.0,2.55042,3.0,2.4,2.51667
0.0,0.0,0.0,0.0,0.0,0.1,0.0,0.0,0.0,0.0,0.0,0.0,0.0,0.0,0.0,0.0,0.0,0.0,0.1,0.3,0.1,0.0,0.0,0.0
0.0,0.0,0.0,0.0,0.0,0.25,0.45,0.65,0.85,0.8,1.0,1.0,1.0,1.0,1.0,1.0,1.0,1.0,1.0,1.0,1.0,1.0,0.8,1.0
0.0,0.0,0.0,0.0,0.05,0.28071,0.05,0.0,0.0,0.0,0.0,0.0,0.0,0.0,0.0,0.0,0.0,0.0,0.0,0.0,0.0,0.0,0.0,0.0
0.0,0.0,0.0,0.0,0.05,0.28071,0.05,0.0,0.0,0.0,0.0,0.0,0.0,0.0,0.0,0.0,0.0,0.0,0.0,0.0,0.0,0.0,0.0,0.0
3.0,3.0,2.92609,2.32609,1.72609,2.32609,2.92609,3.0,3.0,2.4,3.0,3.0,3.0,3.0,3.0,3.0,3.0,3.0,3.0,3.0,3.0,3.0,3.0,3.0
2.28541,1.58541,1.7,1.0,1.0,1.7,2.14123,2.8,2.1,2.8,3.5,2.87759,2.33787,2.89818,2.8,3.5,2.8,3.5,3.5,3.5,2.8,3.5,2.8,2.51667
0.0,0.0,0.0,0.0,0.0,0.0,0.0,0.0,0.0,0.0,0.0,0.0,0.0,0.0,0.0,0.0,0.0,0.0,0.0,0.0,0.0,0.0,0.0,0.0
0.0,0.0,0.0,0.0,0.0,0.0,0.0,0.0,0.0,0.0,0.0,0.0,0.0,0.0,0.0,0.0,0.0,0.0,0.0,0.0,0.0,0.0,0.0,0.0
0.0,0.0,0.0,0.0,0.0,0.0,0.0,0.0,0.0,0.0,0.0,0.0,0.0,0.0,0.25,0.45,0.65,0.85,1.0,1.0,1.0,1.0,0.8,1.0
0.0,0.0,0.0,0.0,0.0,0.0,0.0,0.0,0.0,0.0,0.0,0.0,0.0,0.0,0.0,0.0,0.0,0.0,0.0,0.0,0.0,0.0,0.0,0.0
0.0,0.0,0.0,0.0,0.0,0.25,0.45,0.65,0.85,0.8,1.0,1.0,1.0,1.0,1.0,1.0,1.0,1.0,1.0,1.0,1.0,1.0,0.8,1.0
0.0,0.0,0.0,0.0,0.0,0.0,0.0,0.0,0.0,0.0,0.0,0.0,0.0,0.0,0.0,0.0,0.0,0.0,0.0,0.0,0.0,0.0,0.0,0.0
0.0,0.0,0.0,0.0,0.0,0.0,0.0,0.0,0.0,0.0,0.0,0.0,0.0,0.0,0.0,0.0,0.0,0.0,0.08,0.3,0.08,0.0,0.0,0.0
0.0,0.0,0.0,0.0,0.0,0.0,0.0,0.0,0.0,0.0,0.0,0.0,0.0,0.0,0.25,0.45,0.65,0.85,1.0,1.0,1.0,1.0,0.8,1.0
2.22803,1.72803,1.22803,0.72803,0.5,1.0,1.5,2.0,2.00829,2.0,2.5,2.22372,2.14443,2.22675,2.16916,2.5,2.15719,2.36346,2.5,2.5,2.17565,2.5,2.0,2.1707
0.0,0.0,0.0,0.0,0.0,0.5,0.5,0.5,0.96472,1.46472,1.96472,1.46472,0.96472,0.5,0.88077,1.38077,1.5,2.0,2.5,2.5,2.0,2.36322,1.86322,1.36322
0.0,0.0,0.0,0.0,0.0,0.0,0.0,0.0,0.0,0.0,0.0,0.0,0.0,0.0,0.25,0.45,0.65,0.85,1.0,1.0,1.0,1.0,0.8,1.0
0.0,0.0,0.0,0.0,0.0,0.25,0.45,0.65,0.85,0.8,1.0,1.0,1.0,1.0,1.0,1.0,1.0,1.0,1.0,1.0,1.0,1.0,0.8,1.0
0.0,0.0,0.0,0.0,0.0,0.5,0.5,0.5,0.9,1.3,1.7,1.3,0.9,0.5,0.9,1.3,1.2,1.6,2.0,2.0,1.6,2.0,1.6,1.2
1.90932,1.50932,1.10932,0.70932,0.5,0.9,1.3,1.7,1.86875,1.6,2.0,2.0,2.0,2.0,2.0,2.0,2.0,2.0,2.0,2.0,2.0,2.0,1.6,2.0
0.0,0.0,0.0,0.0,0.0,0.25,0.45,0.65,0.85,0.8,1.0,1.0,1.0,1.0,1.0,1.0,1.0,1.0,1.0,1.0,1.0,1.0,0.8,1.0
4.2,3.62673,3.36,2.52,1.68,2.52,3.36,4.2,4.2,3.36,4.2,4.2,4.2,4.2,4.2,4.2,4.2,4.2,4.2,4.2,4.2,4.2,4.15727,4.2
2.35541,1.51541,1.84,1.0,1.0,1.84,2.15678,2.99677,2.52,3.36,4.2,3.36,2.52,2.89818,3.36,4.2,3.36,3.8287,4.2,4.2,3.36,4.2,3.36,2.52053
3.0,3.0,2.92609,2.32609,1.72609,2.32609,2.92609,3.0,3.0,2.4,3.0,3.0,3.0,3.0,3.0,3.0,3.0,3.0,3.0,3.0,3.0,3.0,3.0,3.0
0.0,0.3,0.67757,0.3,0.3,0.8,0.3,0.3,0.3,0.3,0.8,0.3,0.0,0.0,0.0,0.0,0.0,0.3,0.8,0.8,0.3,0.8,0.3,0.0
0.0,0.0,0.0,0.0,0.0,0.1,0.0,0.0,0.0,0.0,0.0,0.0,0.0,0.0,0.0,0.0,0.0,0.0,0.1,0.3,0.1,0.0,0.0,0.0
0.0,0.0,0.0,0.0,0.05,0.28071,0.05,0.0,0.0,0.0,0.0,0.0,0.0,0.0,0.0,0.0,0.0,0.05,0.3,0.3,0.05,0.0,0.0,0.0
0.0,0.0,0.0,0.0,0.0,0.0,0.0,0.0,0.0,0.0,0.0,0.0,0.0,0.0,0.0,0.0,0.0,0.0,0.0,0.0,0.0,0.0,0.0,0.0
0.0,0.0,0.0,0.0,0.0,0.0,0.0,0.0,0.0,0.0,0.0,0.0,0.0,0.0,0.0,0.25,0.40324,0.60324,0.80324,1.0,0.8,0.65,0.45,0.25
0.0,0.0,0.0,0.0,0.0,0.0,0.0,0.0,0.0,0.0,0.0,0.0,0.0,0.0,0.0,0.0,0.0,0.25,0.45,0.62321,0.42321,0.25,0.0,0.0
2.23541,1.63541,1.5,0.0,0.0,0.0,0.0,0.0,0.0,0.0,0.0,0.0,0.0,0.0,1.5,2.1,2.42478,3.0,3.0,3.0,2.55042,3.0,2.4,2.51667
0.0,0.0,0.0,0.0,0.0,0.0,0.0,0.0,0.0,0.0,0.0,0.0,0.0,0.0,0.0,0.25,0.40324,0.60324,0.80324,1.0,0.8,0.65,0.45,0.25
0.0,0.0,0.0,0.0,0.0,0.1,0.0,0.0,0.0,0.0,0.0,0.0,0.0,0.0,0.0,0.0,0.0,0.0,0.1,0.3,0.1,0.0,0.0,0.0
2.23541,1.63541,1.6,1.0,1.0,1.6,2.14123,2.51181,1.91181,2.4,3.0,2.87759,2.33787,2.89818,2.50624,3.0,2.42478,3.0,3.0,3.0,2.55042,3.0,2.4,2.51667
2.0,2.0,2.0,1.6,1.2,1.6,2.0,2.0,2.0,1.6,2.0,2.0,2.0,2.0,2.0,2.0,2.0,2.0,2.0,2.0,2.0,2.0,2.0,2.0
0.0,0.0,0.0,0.0,0.0,0.0,0.0,0.0,0.0,0.0,0.0,0.0,0.0,0.0,0.0,0.0,0.0,0.0,0.0,0.0,0.0,0.0,0.0,0.0
0.0,0.0,0.2,0.0,0.0,0.2,0.0,0.0,0.0,0.0,0.2,0.0,0.0,0.0,0.0,0.0,0.0,0.2,0.5,0.5,0.2,0.0,0.0,0.0
3.0,3.0,2.92609,2.32609,1.72609,2.32609,2.92609,3.0,3.0,2.4,3.0,3.0,3.0,3.0,3.0,3.0,3.0,3.0,3.0,3.0,3.0,3.0,3.0,3.0
2.23541,1.63541,1.6,1.0,1.0,1.6,2.14123,2.51181,1.91181,2.4,3.0,2.87759,2.33787,2.89818,2.50624,3.0,2.42478,3.0,3.0,3.0,2.55042,3.0,2.4,2.51667
3.0,3.0,2.92609,2.32609,1.72609,2.32609,2.92609,3.0,3.0,2.4,3.0,3.0,3.0,3.0,3.0,3.0,3.0,3.0,3.0,3.0,3.0,3.0,3.0,3.0
0.0,0.0,0.0,0.0,0.0,0.0,0.0,0.0,0.0,0.0,0.0,0.0,0.0,0.0,0.0,0.0,0.0,0.0,0.0,0.0,0.0,0.0,0.0,0.0
0.0,0.0,0.0,0.0,0.0,0.0,0.0,0.0,0.0,0.0,0.0,0.0,0.0,0.0,0.0,0.25,0.40324,0.60324,0.80324,1.0,0.8,0.65,0.45,0.25
0.0,0.0,0.0,0.0,0.0,0.0,0.0,0.0,0.0,0.0,0.0,0.0,0.0,0.0,0.0,0.0,0.0,0.25,0.45,0.62321,0.42321,0.25,0.0,0.0
0.0,0.0,0.0,0.0,0.0,0.0,0.0,0.0,0.0,0.0,0.0,0.0,0.0,0.0,0.0,0.0,0.0,0.0,0.0,0.0,0.0,0.0,0.0,0.0
0.0,0.0,0.0,0.0,0.0,0.25,0.25,0.0,0.0,0.0,0.0,0.0,0.0,0.0,0.0,0.0,0.0,0.0,0.25,0.5,0.25,0.0,0.0,0.0
0.0,0.0,0.0,0.0,0.0,0.0,0.0,0.0,0.0,0.0,0.0,0.0,0.0,0.0,0.0,0.25,0.40324,0.60324,0.80324,1.0,0.8,0.65,0.45,0.25
0.0,0.0,0.0,0.0,0.0,0.0,0.0,0.0,0.0,0.0,0.0,0.0,0.0,0.0,0.0,0.0,0.0,0.25,0.45,0.62321,0.42321,0.25,0.0,0.0
0.0,0.0,0.0,0.0,0.0,0.0,0.0,0.0,0.0,0.0,0.0,0.0,0.0,0.0,0.0,0.25,0.40324,0.60324,0.80324,1.0,0.8,0.65,0.45,0.25
0.0,0.0,0.0,0.0,0.0,0.25,0.25,0.0,0.0,0.0,0.0,0.0,0.0,0.0,0.0,0.0,0.0,0.0,0.25,0.5,0.25,0.0,0.0,0.0
0.0,0.0,0.0,0.0,0.0,0.0,0.0,0.0,0.0,0.0,0.0,0.0,0.0,0.0,0.0,0.0,0.0,0.05,0.3,0.3,0.05,0.0,0.0,0.0
0.0,0.0,0.0,0.0,0.0,0.0,0.0,0.0,0.0,0.0,0.0,0.0,0.0,0.0,0.0,0.0,0.0,0.05,0.3,0.3,0.05,0.0,0.0,0.0
0.0,0.0,0.0,0.0,0.0,0.0,0.0,0.0,0.0,0.0,0.0,0.0,0.0,0.0,0.0,0.0,0.0,0.05,0.3,0.3,0.05,0.0,0.0,0.0
3.0,3.0,2.92609,2.32609,1.72609,2.32609,2.92609,3.0,3.0,2.4,3.0,3.0,3.0,3.0,3.0,3.0,3.0,3.0,3.0,3.0,3.0,3.0,3.0,3.0
2.23541,1.63541,1.6,1.0,1.0,1.6,2.14123,2.51181,1.91181,2.4,3.0,2.87759,2.33787,2.89818,2.50624,3.0,2.42478,3.0,3.0,3.0,2.55042,3.0,2.4,2.51667
0.0,0.0,0.0,0.0,0.0,0.1,0.0,0.0,0.0,0.0,0.0,0.0,0.0,0.0,0.0,0.0,0.0,0.0,0.1,0.3,0.1,0.0,0.0,0.0
0.0,0.0,0.0,0.0,0.0,0.25,0.45,0.65,0.85,0.8,1.0,1.0,1.0,1.0,1.0,1.0,1.0,1.0,1.0,1.0,1.0,1.0,0.8,1.0
0.0,0.0,0.0,0.0,0.05,0.28071,0.05,0.0,0.0,0.0,0.0,0.0,0.0,0.0,0.0,0.0,0.0,0.0,0.0,0.0,0.0,0.0,0.0,0.0
0.0,0.0,0.0,0.0,0.05,0.28071,0.05,0.0,0.0,0.0,0.0,0.0,0.0,0.0,0.0,0.0,0.0,0.0,0.0,0.0,0.0,0.0,0.0,0.0
3.0,3.0,2.92609,2.32609,1.72609,2.32609,2.92609,3.0,3.0,2.4,3.0,3.0,3.0,3.0,3.0,3.0,3.0,3.0,3.0,3.0,3.0,3.0,3.0,3.0
2.28541,1.58541,1.7,1.0,1.0,1.7,2.14123,2.8,2.1,2.8,3.5,2.87759,2.33787,2.89818,2.8,3.5,2.8,3.5,3.5,3.5,2.8,3.5,2.8,2.51667
0.0,0.0,0.0,0.0,0.0,0.0,0.0,0.0,0.0,0.0,0.0,0.0,0.0,0.0,0.0,0.0,0.0,0.0,0.0,0.0,0.0,0.0,0.0,0.0
0.0,0.0,0.0,0.0,0.0,0.0,0.0,0.0,0.0,0.0,0.0,0.0,0.0,0.0,0.0,0.0,0.0,0.0,0.0,0.0,0.0,0.0,0.0,0.0
0.0,0.0,0.0,0.0,0.0,0.0,0.0,0.0,0.0,0.0,0.0,0.0,0.0,0.0,0.25,0.45,0.65,0.85,1.0,1.0,1.0,1.0,0.8,1.0
0.0,0.0,0.0,0.0,0.0,0.0,0.0,0.0,0.0,0.0,0.0,0.0,0.0,0.0,0.0,0.0,0.0,0.0,0.0,0.0,0.0,0.0,0.0,0.0
0.0,0.0,0.0,0.0,0.0,0.25,0.45,0.65,0.85,0.8,1.0,1.0,1.0,1.0,1.0,1.0,1.0,1.0,1.0,1.0,1.0,1.0,0.8,1.0
0.0,0.0,0.0,0.0,0.0,0.0,0.0,0.0,0.0,0.0,0.0,0.0,0.0,0.0,0.0,0.0,0.0,0.0,0.0,0.0,0.0,0.0,0.0,0.0
0.0,0.0,0.0,0.0,0.0,0.0,0.0,0.0,0.0,0.0,0.0,0.0,0.0,0.0,0.0,0.0,0.0,0.0,0.08,0.3,0.08,0.0,0.0,0.0
0.0,0.0,0.0,0.0,0.0,0.0,0.0,0.0,0.0,0.0,0.0,0.0,0.0,0.0,0.25,0.45,0.65,0.85,1.0,1.0,1.0,1.0,0.8,1.0
2.22803,1.72803,1.22803,0.72803,0.5,1.0,1.5,2.0,2.00829,2.0,2.5,2.22372,2.14443,2.22675,2.16916,2.5,2.15719,2.36346,2.5,2.5,2.17565,2.5,2.0,2.1707
0.0,0.0,0.0,0.0,0.0,0.5,0.5,0.5,0.96472,1.46472,1.96472,1.46472,0.96472,0.5,0.88077,1.38077,1.5,2.0,2.5,2.5,2.0,2.36322,1.86322,1.36322
0.0,0.0,0.0,0.0,0.0,0.0,0.0,0.0,0.0,0.0,0.0,0.0,0.0,0.0,0.25,0.45,0.65,0.85,1.0,1.0,1.0,1.0,0.8,1.0
0.0,0.0,0.0,0.0,0.0,0.25,0.45,0.65,0.85,0.8,1.0,1.0,1.0,1.0,1.0,1.0,1.0,1.0,1.0,1.0,1.0,1.0,0.8,1.0
0.0,0.0,0.0,0.0,0.0,0.5,0.5,0.5,0.9,1.3,1.7,1.3,0.9,0.5,0.9,1.3,1.2,1.6,2.0,2.0,1.6,2.0,1.6,1.2
1.90932,1.50932,1.10932,0.70932,0.5,0.9,1.3,1.7,1.86875,1.6,2.0,2.0,2.0,2.0,2.0,2.0,2.0,2.0,2.0,2.0,2.0,2.0,1.6,2.0
0.0,0.0,0.0,0.0,0.0,0.25,0.45,0.65,0.85,0.8,1.0,1.0,1.0,1.0,1.0,1.0,1.0,1.0,1.0,1.0,1.0,1.0,0.8,1.0
4.2,3.62673,3.36,2.52,1.68,2.52,3.36,4.2,4.2,3.36,4.2,4.2,4.2,4.2,4.2,4.2,4.2,4.2,4.2,4.2,4.2,4.2,4.15727,4.2
2.35541,1.51541,1.84,1.0,1.0,1.84,2.15678,2.99677,2.52,3.36,4.2,3.36,2.52,2.89818,3.36,4.2,3.36,3.8287,4.2,4.2,3.36,4.2,3.36,2.52053
3.0,3.0,2.92609,2.32609,1.72609,2.32609,2.92609,3.0,3.0,2.4,3.0,3.0,3.0,3.0,3.0,3.0,3.0,3.0,3.0,3.0,3.0,3.0,3.0,3.0
0.0,0.3,0.67757,0.3,0.3,0.8,0.3,0.3,0.3,0.3,0.8,0.3,0.0,0.0,0.0,0.0,0.0,0.3,0.8,0.8,0.3,0.8,0.3,0.0
0.0,0.0,0.0,0.0,0.0,0.1,0.0,0.0,0.0,0.0,0.0,0.0,0.0,0.0,0.0,0.0,0.0,0.0,0.1,0.3,0.1,0.0,0.0,0.0
0.0,0.0,0.0,0.0,0.05,0.28071,0.05,0.0,0.0,0.0,0.0,0.0,0.0,0.0,0.0,0.0,0.0,0.05,0.3,0.3,0.05,0.0,0.0,0.0
0.0,0.0,0.0,0.0,0.0,0.0,0.0,0.0,0.0,0.0,0.0,0.0,0.0,0.0,0.0,0.0,0.0,0.0,0.0,0.0,0.0,0.0,0.0,0.0
0.0,0.0,0.0,0.0,0.0,0.0,0.0,0.0,0.0,0.0,0.0,0.0,0.0,0.0,0.0,0.25,0.40324,0.60324,0.80324,1.0,0.8,0.65,0.45,0.25
0.0,0.0,0.0,0.0,0.0,0.0,0.0,0.0,0.0,0.0,0.0,0.0,0.0,0.0,0.0,0.0,0.0,0.25,0.45,0.62321,0.42321,0.25,0.0,0.0
2.1,1.5,0.0,0.0,0.0,0.0,0.0,0.0,0.0,0.0,1.5,2.1,2.33787,2.89818,2.50624,3.0,2.42478,3.0,3.0,3.0,2.55042,3.0,2.4,2.51667
0.0,0.0,0.0,0.0,0.0,0.0,0.0,0.0,0.0,0.0,0.0,0.0,0.0,0.0,0.0,0.25,0.40324,0.60324,0.80324,1.0,0.8,0.65,0.45,0.25
0.0,0.0,0.0,0.0,0.0,0.1,0.0,0.0,0.0,0.0,0.0,0.0,0.0,0.0,0.0,0.0,0.0,0.0,0.1,0.3,0.1,0.0,0.0,0.0
2.23541,1.63541,1.6,1.0,1.0,1.6,2.14123,2.51181,1.91181,2.4,3.0,2.87759,2.33787,2.89818,2.50624,3.0,2.42478,3.0,3.0,3.0,2.55042,3.0,2.4,2.51667
2.0,2.0,2.0,1.6,1.2,1.6,2.0,2.0,2.0,1.6,2.0,2.0,2.0,2.0,2.0,2.0,2.0,2.0,2.0,2.0,2.0,2.0,2.0,2.0
0.0,0.0,0.0,0.0,0.0,0.0,0.0,0.0,0.0,0.0,0.0,0.0,0.0,0.0,0.0,0.0,0.0,0.0,0.0,0.0,0.0,0.0,0.0,0.0
0.0,0.0,0.2,0.0,0.0,0.2,0.0,0.0,0.0,0.0,0.2,0.0,0.0,0.0,0.0,0.0,0.0,0.2,0.5,0.5,0.2,0.0,0.0,0.0
3.0,3.0,2.92609,2.32609,1.72609,2.32609,2.92609,3.0,3.0,2.4,3.0,3.0,3.0,3.0,3.0,3.0,3.0,3.0,3.0,3.0,3.0,3.0,3.0,3.0
2.23541,1.63541,1.6,1.0,1.0,1.6,2.14123,2.51181,1.91181,2.4,3.0,2.87759,2.33787,2.89818,2.50624,3.0,2.42478,3.0,3.0,3.0,2.55042,3.0,2.4,2.51667
3.0,3.0,2.92609,2.32609,1.72609,2.32609,2.92609,3.0,3.0,2.4,3.0,3.0,3.0,3.0,3.0,3.0,3.0,3.0,3.0,3.0,3.0,3.0,3.0,3.0
0.0,0.0,0.0,0.0,0.0,0.0,0.0,0.0,0.0,0.0,0.0,0.0,0.0,0.0,0.0,0.0,0.0,0.0,0.0,0.0,0.0,0.0,0.0,0.0
0.0,0.0,0.0,0.0,0.0,0.0,0.0,0.0,0.0,0.0,0.0,0.0,0.0,0.0,0.0,0.25,0.40324,0.60324,0.80324,1.0,0.8,0.65,0.45,0.25
0.0,0.0,0.0,0.0,0.0,0.0,0.0,0.0,0.0,0.0,0.0,0.0,0.0,0.0,0.0,0.0,0.0,0.25,0.45,0.62321,0.42321,0.25,0.0,0.0
0.0,0.0,0.0,0.0,0.0,0.0,0.0,0.0,0.0,0.0,0.0,0.0,0.0,0.0,0.0,0.0,0.0,0.0,0.0,0.0,0.0,0.0,0.0,0.0
0.0,0.0,0.0,0.0,0.0,0.25,0.25,0.0,0.0,0.0,0.0,0.0,0.0,0.0,0.0,0.0,0.0,0.0,0.25,0.5,0.25,0.0,0.0,0.0
0.0,0.0,0.0,0.0,0.0,0.0,0.0,0.0,0.0,0.0,0.0,0.0,0.0,0.0,0.0,0.25,0.40324,0.60324,0.80324,1.0,0.8,0.65,0.45,0.25
0.0,0.0,0.0,0.0,0.0,0.0,0.0,0.0,0.0,0.0,0.0,0.0,0.0,0.0,0.0,0.0,0.0,0.25,0.45,0.62321,0.42321,0.25,0.0,0.0
0.0,0.0,0.0,0.0,0.0,0.0,0.0,0.0,0.0,0.0,0.0,0.0,0.0,0.0,0.0,0.25,0.40324,0.60324,0.80324,1.0,0.8,0.65,0.45,0.25
0.0,0.0,0.0,0.0,0.0,0.25,0.25,0.0,0.0,0.0,0.0,0.0,0.0,0.0,0.0,0.0,0.0,0.0,0.25,0.5,0.25,0.0,0.0,0.0
0.0,0.0,0.0,0.0,0.0,0.0,0.0,0.0,0.0,0.0,0.0,0.0,0.0,0.0,0.0,0.0,0.0,0.05,0.3,0.3,0.05,0.0,0.0,0.0
0.0,0.0,0.0,0.0,0.0,0.0,0.0,0.0,0.0,0.0,0.0,0.0,0.0,0.0,0.0,0.0,0.0,0.05,0.3,0.3,0.05,0.0,0.0,0.0
0.0,0.0,0.0,0.0,0.0,0.0,0.0,0.0,0.0,0.0,0.0,0.0,0.0,0.0,0.0,0.0,0.0,0.05,0.3,0.3,0.05,0.0,0.0,0.0
3.0,3.0,2.92609,2.32609,1.72609,2.32609,2.92609,3.0,3.0,2.4,3.0,3.0,3.0,3.0,3.0,3.0,3.0,3.0,3.0,3.0,3.0,3.0,3.0,3.0
2.23541,1.63541,1.6,1.0,1.0,1.6,2.14123,2.51181,1.91181,2.4,3.0,2.87759,2.33787,2.89818,2.50624,3.0,2.42478,3.0,3.0,3.0,2.55042,3.0,2.4,2.51667
0.0,0.0,0.0,0.0,0.0,0.1,0.0,0.0,0.0,0.0,0.0,0.0,0.0,0.0,0.0,0.0,0.0,0.0,0.1,0.3,0.1,0.0,0.0,0.0
0.0,0.0,0.0,0.0,0.0,0.25,0.45,0.65,0.85,0.8,1.0,1.0,1.0,1.0,1.0,1.0,1.0,1.0,1.0,1.0,1.0,1.0,0.8,1.0
0.0,0.0,0.0,0.0,0.05,0.28071,0.05,0.0,0.0,0.0,0.0,0.0,0.0,0.0,0.0,0.0,0.0,0.0,0.0,0.0,0.0,0.0,0.0,0.0
0.0,0.0,0.0,0.0,0.05,0.28071,0.05,0.0,0.0,0.0,0.0,0.0,0.0,0.0,0.0,0.0,0.0,0.0,0.0,0.0,0.0,0.0,0.0,0.0
3.0,3.0,2.92609,2.32609,1.72609,2.32609,2.92609,3.0,3.0,2.4,3.0,3.0,3.0,3.0,3.0,3.0,3.0,3.0,3.0,3.0,3.0,3.0,3.0,3.0
2.28541,1.58541,1.7,1.0,1.0,1.7,2.14123,2.8,2.1,2.8,3.5,2.87759,2.33787,2.89818,2.8,3.5,2.8,3.5,3.5,3.5,2.8,3.5,2.8,2.51667
0.0,0.0,0.0,0.0,0.0,0.0,0.0,0.0,0.0,0.0,0.0,0.0,0.0,0.0,0.0,0.0,0.0,0.0,0.0,0.0,0.0,0.0,0.0,0.0
0.0,0.0,0.0,0.0,0.0,0.0,0.0,0.0,0.0,0.0,0.0,0.0,0.0,0.0,0.0,0.0,0.0,0.0,0.0,0.0,0.0,0.0,0.0,0.0
0.0,0.0,0.0,0.0,0.0,0.0,0.0,0.0,0.0,0.0,0.0,0.0,0.0,0.0,0.25,0.45,0.65,0.85,1.0,1.0,1.0,1.0,0.8,1.0
0.0,0.0,0.0,0.0,0.0,0.0,0.0,0.0,0.0,0.0,0.0,0.0,0.0,0.0,0.0,0.0,0.0,0.0,0.0,0.0,0.0,0.0,0.0,0.0
0.0,0.0,0.0,0.0,0.0,0.25,0.45,0.65,0.85,0.8,1.0,1.0,1.0,1.0,1.0,1.0,1.0,1.0,1.0,1.0,1.0,1.0,0.8,1.0
0.0,0.0,0.0,0.0,0.0,0.0,0.0,0.0,0.0,0.0,0.0,0.0,0.0,0.0,0.0,0.0,0.0,0.0,0.0,0.0,0.0,0.0,0.0,0.0
0.0,0.0,0.0,0.0,0.0,0.0,0.0,0.0,0.0,0.0,0.0,0.0,0.0,0.0,0.0,0.0,0.0,0.0,0.08,0.3,0.08,0.0,0.0,0.0
0.0,0.0,0.0,0.0,0.0,0.0,0.0,0.0,0.0,0.0,0.0,0.0,0.0,0.0,0.25,0.45,0.65,0.85,1.0,1.0,1.0,1.0,0.8,1.0
2.22803,1.72803,1.22803,0.72803,0.5,1.0,1.5,2.0,2.00829,2.0,2.5,2.22372,2.14443,2.22675,2.16916,2.5,2.15719,2.36346,2.5,2.5,2.17565,2.5,2.0,2.1707
0.0,0.0,0.0,0.0,0.0,0.5,0.5,0.5,0.96472,1.46472,1.96472,1.46472,0.96472,0.5,0.88077,1.38077,1.5,2.0,2.5,2.5,2.0,2.36322,1.86322,1.36322
0.0,0.0,0.0,0.0,0.0,0.0,0.0,0.0,0.0,0.0,0.0,0.0,0.0,0.0,0.25,0.45,0.65,0.85,1.0,1.0,1.0,1.0,0.8,1.0
0.0,0.0,0.0,0.0,0.0,0.25,0.45,0.65,0.85,0.8,1.0,1.0,1.0,1.0,1.0,1.0,1.0,1.0,1.0,1.0,1.0,1.0,0.8,1.0
0.0,0.0,0.0,0.0,0.0,0.5,0.5,0.5,0.9,1.3,1.7,1.3,0.9,0.5,0.9,1.3,1.2,1.6,2.0,2.0,1.6,2.0,1.6,1.2
1.90932,1.50932,1.10932,0.70932,0.5,0.9,1.3,1.7,1.86875,1.6,2.0,2.0,2.0,2.0,2.0,2.0,2.0,2.0,2.0,2.0,2.0,2.0,1.6,2.0
0.0,0.0,0.0,0.0,0.0,0.25,0.45,0.65,0.85,0.8,1.0,1.0,1.0,1.0,1.0,1.0,1.0,1.0,1.0,1.0,1.0,1.0,0.8,1.0
4.2,3.62673,3.36,2.52,1.68,2.52,3.36,4.2,4.2,3.36,4.2,4.2,4.2,4.2,4.2,4.2,4.2,4.2,4.2,4.2,4.2,4.2,4.15727,4.2
2.35541,1.51541,1.84,1.0,1.0,1.84,2.15678,2.99677,2.52,3.36,4.2,3.36,2.52,2.89818,3.36,4.2,3.36,3.8287,4.2,4.2,3.36,4.2,3.36,2.52053
3.0,3.0,2.92609,2.32609,1.72609,2.32609,2.92609,3.0,3.0,2.4,3.0,3.0,3.0,3.0,3.0,3.0,3.0,3.0,3.0,3.0,3.0,3.0,3.0,3.0
0.0,0.3,0.67757,0.3,0.3,0.8,0.3,0.3,0.3,0.3,0.8,0.3,0.0,0.0,0.0,0.0,0.0,0.3,0.8,0.8,0.3,0.8,0.3,0.0
0.0,0.0,0.0,0.0,0.0,0.1,0.0,0.0,0.0,0.0,0.0,0.0,0.0,0.0,0.0,0.0,0.0,0.0,0.1,0.3,0.1,0.0,0.0,0.0
0.0,0.0,0.0,0.0,0.05,0.28071,0.05,0.0,0.0,0.0,0.0,0.0,0.0,0.0,0.0,0.0,0.0,0.05,0.3,0.3,0.05,0.0,0.0,0.0
0.0,0.0,0.0,0.0,0.0,0.0,0.0,0.0,0.0,0.0,0.0,0.0,0.0,0.0,0.0,0.0,0.0,0.0,0.0,0.0,0.0,0.0,0.0,0.0
0.0,0.0,0.0,0.0,0.0,0.0,0.0,0.0,0.0,0.0,0.0,0.0,0.0,0.0,0.0,0.25,0.40324,0.60324,0.80324,1.0,0.8,0.65,0.45,0.25
0.0,0.0,0.0,0.0,0.0,0.0,0.0,0.0,0.0,0.0,0.0,0.0,0.0,0.0,0.0,0.0,0.0,0.25,0.45,0.62321,0.42321,0.25,0.0,0.0
2.1,1.5,0.0,0.0,0.0,0.0,0.0,0.0,0.0,0.0,1.5,2.1,2.33787,2.89818,2.50624,3.0,2.42478,3.0,3.0,3.0,2.55042,3.0,2.4,2.51667
0.0,0.0,0.0,0.0,0.0,0.0,0.0,0.0,0.0,0.0,0.0,0.0,0.0,0.0,0.0,0.25,0.40324,0.60324,0.80324,1.0,0.8,0.65,0.45,0.25
0.0,0.0,0.0,0.0,0.0,0.1,0.0,0.0,0.0,0.0,0.0,0.0,0.0,0.0,0.0,0.0,0.0,0.0,0.1,0.3,0.1,0.0,0.0,0.0
2.23541,1.63541,1.6,1.0,1.0,1.6,2.14123,2.51181,1.91181,2.4,3.0,2.87759,2.33787,2.89818,2.50624,3.0,2.42478,3.0,3.0,3.0,2.55042,3.0,2.4,2.51667
2.0,2.0,2.0,1.6,1.2,1.6,2.0,2.0,2.0,1.6,2.0,2.0,2.0,2.0,2.0,2.0,2.0,2.0,2.0,2.0,2.0,2.0,2.0,2.0
0.0,0.0,0.0,0.0,0.0,0.0,0.0,0.0,0.0,0.0,0.0,0.0,0.0,0.0,0.0,0.0,0.0,0.0,0.0,0.0,0.0,0.0,0.0,0.0
0.0,0.0,0.2,0.0,0.0,0.2,0.0,0.0,0.0,0.0,0.2,0.0,0.0,0.0,0.0,0.0,0.0,0.2,0.5,0.5,0.2,0.0,0.0,0.0
3.0,3.0,2.92609,2.32609,1.72609,2.32609,2.92609,3.0,3.0,2.4,3.0,3.0,3.0,3.0,3.0,3.0,3.0,3.0,3.0,3.0,3.0,3.0,3.0,3.0
2.23541,1.63541,1.6,1.0,1.0,1.6,2.14123,2.51181,1.91181,2.4,3.0,2.87759,2.33787,2.89818,2.50624,3.0,2.42478,3.0,3.0,3.0,2.55042,3.0,2.4,2.51667
3.0,3.0,2.92609,2.32609,1.72609,2.32609,2.92609,3.0,3.0,2.4,3.0,3.0,3.0,3.0,3.0,3.0,3.0,3.0,3.0,3.0,3.0,3.0,3.0,3.0
0.0,0.0,0.0,0.0,0.0,0.0,0.0,0.0,0.0,0.0,0.0,0.0,0.0,0.0,0.0,0.0,0.0,0.0,0.0,0.0,0.0,0.0,0.0,0.0
0.0,0.0,0.0,0.0,0.0,0.0,0.0,0.0,0.0,0.0,0.0,0.0,0.0,0.0,0.0,0.25,0.40324,0.60324,0.80324,1.0,0.8,0.65,0.45,0.25
0.0,0.0,0.0,0.0,0.0,0.0,0.0,0.0,0.0,0.0,0.0,0.0,0.0,0.0,0.0,0.0,0.0,0.25,0.45,0.62321,0.42321,0.25,0.0,0.0
0.0,0.0,0.0,0.0,0.0,0.0,0.0,0.0,0.0,0.0,0.0,0.0,0.0,0.0,0.0,0.0,0.0,0.0,0.0,0.0,0.0,0.0,0.0,0.0
0.0,0.0,0.0,0.0,0.0,0.25,0.25,0.0,0.0,0.0,0.0,0.0,0.0,0.0,0.0,0.0,0.0,0.0,0.25,0.5,0.25,0.0,0.0,0.0
0.0,0.0,0.0,0.0,0.0,0.0,0.0,0.0,0.0,0.0,0.0,0.0,0.0,0.0,0.0,0.25,0.40324,0.60324,0.80324,1.0,0.8,0.65,0.45,0.25
0.0,0.0,0.0,0.0,0.0,0.0,0.0,0.0,0.0,0.0,0.0,0.0,0.0,0.0,0.0,0.0,0.0,0.25,0.45,0.62321,0.42321,0.25,0.0,0.0
0.0,0.0,0.0,0.0,0.0,0.0,0.0,0.0,0.0,0.0,0.0,0.0,0.0,0.0,0.0,0.25,0.40324,0.60324,0.80324,1.0,0.8,0.65,0.45,0.25
0.0,0.0,0.0,0.0,0.0,0.25,0.25,0.0,0.0,0.0,0.0,0.0,0.0,0.0,0.0,0.0,0.0,0.0,0.25,0.5,0.25,0.0,0.0,0.0
0.0,0.0,0.0,0.0,0.0,0.0,0.0,0.0,0.0,0.0,0.0,0.0,0.0,0.0,0.0,0.0,0.0,0.05,0.3,0.3,0.05,0.0,0.0,0.0
0.0,0.0,0.0,0.0,0.0,0.0,0.0,0.0,0.0,0.0,0.0,0.0,0.0,0.0,0.0,0.0,0.0,0.05,0.3,0.3,0.05,0.0,0.0,0.0
0.0,0.0,0.0,0.0,0.0,0.0,0.0,0.0,0.0,0.0,0.0,0.0,0.0,0.0,0.0,0.0,0.0,0.05,0.3,0.3,0.05,0.0,0.0,0.0
3.0,3.0,2.92609,2.32609,1.72609,2.32609,2.92609,3.0,3.0,2.4,3.0,3.0,3.0,3.0,3.0,3.0,3.0,3.0,3.0,3.0,3.0,3.0,3.0,3.0
2.23541,1.63541,1.6,1.0,1.0,1.6,2.14123,2.51181,1.91181,2.4,3.0,2.87759,2.33787,2.89818,2.50624,3.0,2.42478,3.0,3.0,3.0,2.55042,3.0,2.4,2.51667
0.0,0.0,0.0,0.0,0.0,0.1,0.0,0.0,0.0,0.0,0.0,0.0,0.0,0.0,0.0,0.0,0.0,0.0,0.1,0.3,0.1,0.0,0.0,0.0
0.0,0.0,0.0,0.0,0.0,0.25,0.45,0.65,0.85,0.8,1.0,1.0,1.0,1.0,1.0,1.0,1.0,1.0,1.0,1.0,1.0,1.0,0.8,1.0
0.0,0.0,0.0,0.0,0.05,0.28071,0.05,0.0,0.0,0.0,0.0,0.0,0.0,0.0,0.0,0.0,0.0,0.0,0.0,0.0,0.0,0.0,0.0,0.0
0.0,0.0,0.0,0.0,0.05,0.28071,0.05,0.0,0.0,0.0,0.0,0.0,0.0,0.0,0.0,0.0,0.0,0.0,0.0,0.0,0.0,0.0,0.0,0.0
3.0,3.0,2.92609,2.32609,1.72609,2.32609,2.92609,3.0,3.0,2.4,3.0,3.0,3.0,3.0,3.0,3.0,3.0,3.0,3.0,3.0,3.0,3.0,3.0,3.0
2.28541,1.58541,1.7,1.0,1.0,1.7,2.14123,2.8,2.1,2.8,3.5,2.87759,2.33787,2.89818,2.8,3.5,2.8,3.5,3.5,3.5,2.8,3.5,2.8,2.51667
0.0,0.0,0.0,0.0,0.0,0.0,0.0,0.0,0.0,0.0,0.0,0.0,0.0,0.0,0.0,0.0,0.0,0.0,0.0,0.0,0.0,0.0,0.0,0.0
0.0,0.0,0.0,0.0,0.0,0.0,0.0,0.0,0.0,0.0,0.0,0.0,0.0,0.0,0.0,0.0,0.0,0.0,0.0,0.0,0.0,0.0,0.0,0.0
0.0,0.0,0.0,0.0,0.0,0.0,0.0,0.0,0.0,0.0,0.0,0.0,0.0,0.0,0.25,0.45,0.65,0.85,1.0,1.0,1.0,1.0,0.8,1.0
0.0,0.0,0.0,0.0,0.0,0.0,0.0,0.0,0.0,0.0,0.0,0.0,0.0,0.0,0.0,0.0,0.0,0.0,0.0,0.0,0.0,0.0,0.0,0.0
0.0,0.0,0.0,0.0,0.0,0.25,0.45,0.65,0.85,0.8,1.0,1.0,1.0,1.0,1.0,1.0,1.0,1.0,1.0,1.0,1.0,1.0,0.8,1.0
0.0,0.0,0.0,0.0,0.0,0.0,0.0,0.0,0.0,0.0,0.0,0.0,0.0,0.0,0.0,0.0,0.0,0.0,0.0,0.0,0.0,0.0,0.0,0.0
0.0,0.0,0.0,0.0,0.0,0.0,0.0,0.0,0.0,0.0,0.0,0.0,0.0,0.0,0.0,0.0,0.0,0.0,0.08,0.3,0.08,0.0,0.0,0.0
0.0,0.0,0.0,0.0,0.0,0.0,0.0,0.0,0.0,0.0,0.0,0.0,0.0,0.0,0.25,0.45,0.65,0.85,1.0,1.0,1.0,1.0,0.8,1.0
2.22803,1.72803,1.22803,0.72803,0.5,1.0,1.5,2.0,2.00829,2.0,2.5,2.22372,2.14443,2.22675,2.16916,2.5,2.15719,2.36346,2.5,2.5,2.17565,2.5,2.0,2.1707
0.0,0.0,0.0,0.0,0.0,0.5,0.5,0.5,0.96472,1.46472,1.96472,1.46472,0.96472,0.5,0.88077,1.38077,1.5,2.0,2.5,2.5,2.0,2.36322,1.86322,1.36322
0.0,0.0,0.0,0.0,0.0,0.0,0.0,0.0,0.0,0.0,0.0,0.0,0.0,0.0,0.25,0.45,0.65,0.85,1.0,1.0,1.0,1.0,0.8,1.0
0.0,0.0,0.0,0.0,0.0,0.25,0.45,0.65,0.85,0.8,1.0,1.0,1.0,1.0,1.0,1.0,1.0,1.0,1.0,1.0,1.0,1.0,0.8,1.0
0.0,0.0,0.0,0.0,0.0,0.5,0.5,0.5,0.9,1.3,1.7,1.3,0.9,0.5,0.9,1.3,1.2,1.6,2.0,2.0,1.6,2.0,1.6,1.2
1.90932,1.50932,1.10932,0.70932,0.5,0.9,1.3,1.7,1.86875,1.6,2.0,2.0,2.0,2.0,2.0,2.0,2.0,2.0,2.0,2.0,2.0,2.0,1.6,2.0
0.0,0.0,0.0,0.0,0.0,0.25,0.45,0.65,0.85,0.8,1.0,1.0,1.0,1.0,1.0,1.0,1.0,1.0,1.0,1.0,1.0,1.0,0.8,1.0
4.2,3.62673,3.36,2.52,1.68,2.52,3.36,4.2,4.2,3.36,4.2,4.2,4.2,4.2,4.2,4.2,4.2,4.2,4.2,4.2,4.2,4.2,4.15727,4.2
2.35541,1.51541,1.84,1.0,1.0,1.84,2.15678,2.99677,2.52,3.36,4.2,3.36,2.52,2.89818,3.36,4.2,3.36,3.8287,4.2,4.2,3.36,4.2,3.36,2.52053
3.0,3.0,2.92609,2.32609,1.72609,2.32609,2.92609,3.0,3.0,2.4,3.0,3.0,3.0,3.0,3.0,3.0,3.0,3.0,3.0,3.0,3.0,3.0,3.0,3.0
0.0,0.3,0.67757,0.3,0.3,0.8,0.3,0.3,0.3,0.3,0.8,0.3,0.0,0.0,0.0,0.0,0.0,0.3,0.8,0.8,0.3,0.8,0.3,0.0
0.0,0.0,0.0,0.0,0.0,0.1,0.0,0.0,0.0,0.0,0.0,0.0,0.0,0.0,0.0,0.0,0.0,0.0,0.1,0.3,0.1,0.0,0.0,0.0
0.0,0.0,0.0,0.0,0.05,0.28071,0.05,0.0,0.0,0.0,0.0,0.0,0.0,0.0,0.0,0.0,0.0,0.05,0.3,0.3,0.05,0.0,0.0,0.0
0.0,0.0,0.0,0.0,0.0,0.0,0.0,0.0,0.0,0.0,0.0,0.0,0.0,0.0,0.0,0.0,0.0,0.0,0.0,0.0,0.0,0.0,0.0,0.0
0.0,0.0,0.0,0.0,0.0,0.0,0.0,0.0,0.0,0.0,0.0,0.0,0.0,0.0,0.0,0.25,0.40324,0.60324,0.80324,1.0,0.8,0.65,0.45,0.25
0.0,0.0,0.0,0.0,0.0,0.0,0.0,0.0,0.0,0.0,0.0,0.0,0.0,0.0,0.0,0.0,0.0,0.25,0.45,0.62321,0.42321,0.25,0.0,0.0
2.1,1.5,0.0,0.0,0.0,0.0,0.0,0.0,0.0,0.0,1.5,2.1,2.33787,2.89818,2.50624,3.0,2.42478,3.0,3.0,3.0,2.55042,3.0,2.4,2.51667
0.0,0.0,0.0,0.0,0.0,0.0,0.0,0.0,0.0,0.0,0.0,0.0,0.0,0.0,0.0,0.25,0.40324,0.60324,0.80324,1.0,0.8,0.65,0.45,0.25
0.0,0.0,0.0,0.0,0.0,0.1,0.0,0.0,0.0,0.0,0.0,0.0,0.0,0.0,0.0,0.0,0.0,0.0,0.1,0.3,0.1,0.0,0.0,0.0
2.23541,1.63541,1.6,1.0,1.0,1.6,2.14123,2.51181,1.91181,2.4,3.0,2.87759,2.33787,2.89818,2.50624,3.0,2.42478,3.0,3.0,3.0,2.55042,3.0,2.4,2.51667
2.0,2.0,2.0,1.6,1.2,1.6,2.0,2.0,2.0,1.6,2.0,2.0,2.0,2.0,2.0,2.0,2.0,2.0,2.0,2.0,2.0,2.0,2.0,2.0
0.0,0.0,0.0,0.0,0.0,0.0,0.0,0.0,0.0,0.0,0.0,0.0,0.0,0.0,0.0,0.0,0.0,0.0,0.0,0.0,0.0,0.0,0.0,0.0
0.0,0.0,0.2,0.0,0.0,0.2,0.0,0.0,0.0,0.0,0.2,0.0,0.0,0.0,0.0,0.0,0.0,0.2,0.5,0.5,0.2,0.0,0.0,0.0
3.0,3.0,2.92609,2.32609,1.72609,2.32609,2.92609,3.0,3.0,2.4,3.0,3.0,3.0,3.0,3.0,3.0,3.0,3.0,3.0,3.0,3.0,3.0,3.0,3.0
2.23541,1.63541,1.6,1.0,1.0,1.6,2.14123,2.51181,1.91181,2.4,3.0,2.87759,2.33787,2.89818,2.50624,3.0,2.42478,3.0,3.0,3.0,2.55042,3.0,2.4,2.51667
3.0,3.0,2.92609,2.32609,1.72609,2.32609,2.92609,3.0,3.0,2.4,3.0,3.0,3.0,3.0,3.0,3.0,3.0,3.0,3.0,3.0,3.0,3.0,3.0,3.0
0.0,0.0,0.0,0.0,0.0,0.0,0.0,0.0,0.0,0.0,0.0,0.0,0.0,0.0,0.0,0.0,0.0,0.0,0.0,0.0,0.0,0.0,0.0,0.0
0.0,0.0,0.0,0.0,0.0,0.0,0.0,0.0,0.0,0.0,0.0,0.0,0.0,0.0,0.0,0.25,0.40324,0.60324,0.80324,1.0,0.8,0.65,0.45,0.25
0.0,0.0,0.0,0.0,0.0,0.0,0.0,0.0,0.0,0.0,0.0,0.0,0.0,0.0,0.0,0.0,0.0,0.25,0.45,0.62321,0.42321,0.25,0.0,0.0
0.0,0.0,0.0,0.0,0.0,0.0,0.0,0.0,0.0,0.0,0.0,0.0,0.0,0.0,0.0,0.0,0.0,0.0,0.0,0.0,0.0,0.0,0.0,0.0
0.0,0.0,0.0,0.0,0.0,0.25,0.25,0.0,0.0,0.0,0.0,0.0,0.0,0.0,0.0,0.0,0.0,0.0,0.25,0.5,0.25,0.0,0.0,0.0
0.0,0.0,0.0,0.0,0.0,0.0,0.0,0.0,0.0,0.0,0.0,0.0,0.0,0.0,0.0,0.25,0.40324,0.60324,0.80324,1.0,0.8,0.65,0.45,0.25
0.0,0.0,0.0,0.0,0.0,0.0,0.0,0.0,0.0,0.0,0.0,0.0,0.0,0.0,0.0,0.0,0.0,0.25,0.45,0.62321,0.42321,0.25,0.0,0.0
0.0,0.0,0.0,0.0,0.0,0.0,0.0,0.0,0.0,0.0,0.0,0.0,0.0,0.0,0.0,0.25,0.40324,0.60324,0.80324,1.0,0.8,0.65,0.45,0.25
0.0,0.0,0.0,0.0,0.0,0.25,0.25,0.0,0.0,0.0,0.25,0.25,0.0,0.0,0.0,0.0,0.0,0.0,0.25,0.5,0.25,0.0,0.0,0.0
0.0,0.0,0.0,0.0,0.0,0.0,0.0,0.0,0.0,0.0,0.0,0.0,0.0,0.0,0.0,0.0,0.0,0.05,0.3,0.3,0.05,0.0,0.0,0.0
0.0,0.0,0.0,0.0,0.0,0.0,0.0,0.0,0.0,0.0,0.0,0.0,0.0,0.0,0.0,0.0,0.0,0.05,0.3,0.3,0.05,0.0,0.0,0.0
0.0,0.0,0.0,0.0,0.0,0.0,0.0,0.0,0.0,0.0,0.0,0.0,0.0,0.0,0.0,0.0,0.0,0.05,0.3,0.3,0.05,0.0,0.0,0.0
3.0,3.0,2.92609,2.32609,1.72609,2.32609,2.92609,3.0,3.0,2.4,3.0,3.0,3.0,3.0,3.0,3.0,3.0,3.0,3.0,3.0,3.0,3.0,3.0,3.0
2.23541,1.63541,1.6,1.0,1.0,1.6,2.14123,2.51181,1.91181,2.4,3.0,2.87759,2.33787,2.89818,2.50624,3.0,2.42478,3.0,3.0,3.0,2.55042,3.0,2.4,2.51667
0.0,0.0,0.0,0.0,0.0,0.1,0.0,0.0,0.0,0.0,0.0,0.0,0.0,0.0,0.0,0.0,0.0,0.0,0.1,0.3,0.1,0.0,0.0,0.0
0.0,0.0,0.0,0.0,0.0,0.25,0.45,0.65,0.85,0.8,1.0,1.0,1.0,1.0,1.0,1.0,1.0,1.0,1.0,1.0,1.0,1.0,0.8,1.0
0.0,0.0,0.0,0.0,0.05,0.28071,0.05,0.0,0.0,0.0,0.0,0.0,0.0,0.0,0.0,0.0,0.0,0.0,0.0,0.0,0.0,0.0,0.0,0.0
0.0,0.0,0.0,0.0,0.05,0.28071,0.05,0.0,0.0,0.0,0.0,0.0,0.0,0.0,0.0,0.0,0.0,0.05,0.3,0.3,0.05,0.0,0.0,0.0
3.0,3.0,2.92609,2.32609,1.72609,2.32609,2.92609,3.0,3.0,2.4,3.0,3.0,3.0,3.0,3.0,3.0,3.0,3.0,3.0,3.0,3.0,3.0,3.0,3.0
2.28541,1.58541,1.7,1.0,1.0,1.7,2.14123,2.8,2.1,2.8,3.5,2.87759,2.33787,2.89818,2.8,3.5,2.8,3.5,3.5,3.5,2.8,3.5,2.8,2.51667
0.0,0.0,0.0,0.0,0.0,0.0,0.0,0.0,0.0,0.0,0.0,0.0,0.0,0.0,0.0,0.0,0.0,0.0,0.0,0.0,0.0,0.0,0.0,0.0
0.0,0.0,0.0,0.0,0.0,0.0,0.0,0.0,0.0,0.0,0.0,0.0,0.0,0.0,0.0,0.0,0.0,0.0,0.0,0.0,0.0,0.0,0.0,0.0
0.0,0.0,0.0,0.0,0.0,0.0,0.0,0.0,0.0,0.0,0.0,0.0,0.0,0.0,0.25,0.45,0.65,0.85,1.0,1.0,1.0,1.0,0.8,1.0
0.0,0.0,0.0,0.0,0.0,0.0,0.0,0.0,0.0,0.0,0.0,0.0,0.0,0.0,0.0,0.0,0.0,0.0,0.0,0.0,0.0,0.0,0.0,0.0
0.0,0.0,0.0,0.0,0.0,0.25,0.45,0.65,0.85,0.8,1.0,1.0,1.0,1.0,1.0,1.0,1.0,1.0,1.0,1.0,1.0,1.0,0.8,1.0
0.0,0.0,0.0,0.0,0.0,0.0,0.0,0.0,0.0,0.0,0.0,0.0,0.0,0.0,0.0,0.0,0.0,0.0,0.0,0.0,0.0,0.0,0.0,0.0
0.0,0.0,0.0,0.0,0.0,0.0,0.0,0.0,0.0,0.0,0.0,0.0,0.0,0.0,0.0,0.0,0.0,0.0,0.08,0.3,0.08,0.0,0.0,0.0
0.0,0.0,0.0,0.0,0.0,0.0,0.0,0.0,0.0,0.0,0.0,0.0,0.0,0.0,0.25,0.45,0.65,0.85,1.0,1.0,1.0,1.0,0.8,1.0
2.22803,1.72803,1.22803,0.72803,0.5,1.0,1.5,2.0,2.00829,2.0,2.5,2.22372,2.14443,2.22675,2.16916,2.5,2.15719,2.36346,2.5,2.5,2.17565,2.5,2.0,2.1707
0.0,0.0,0.0,0.0,0.0,0.5,0.5,0.5,0.96472,1.46472,1.96472,1.46472,0.96472,0.5,0.88077,1.38077,1.5,2.0,2.5,2.5,2.0,2.36322,1.86322,1.36322
0.0,0.0,0.0,0.0,0.0,0.0,0.0,0.0,0.0,0.0,0.0,0.0,0.0,0.0,0.25,0.45,0.65,0.85,1.0,1.0,1.0,1.0,0.8,1.0
0.0,0.0,0.0,0.0,0.0,0.25,0.45,0.65,0.85,0.8,1.0,1.0,1.0,1.0,1.0,1.0,1.0,1.0,1.0,1.0,1.0,1.0,0.8,1.0
0.0,0.0,0.0,0.0,0.0,0.5,0.5,0.5,0.9,1.3,1.7,1.3,0.9,0.5,0.9,1.3,1.2,1.6,2.0,2.0,1.6,2.0,1.6,1.2
1.90932,1.50932,1.10932,0.70932,0.5,0.9,1.3,1.7,1.86875,1.6,2.0,2.0,2.0,2.0,2.0,2.0,2.0,2.0,2.0,2.0,2.0,2.0,1.6,2.0
0.0,0.0,0.0,0.0,0.0,0.25,0.45,0.65,0.85,0.8,1.0,1.0,1.0,1.0,1.0,1.0,1.0,1.0,1.0,1.0,1.0,1.0,0.8,1.0
4.2,3.62673,3.36,2.52,1.68,2.52,3.36,4.2,4.2,3.36,4.2,4.2,4.2,4.2,4.2,4.2,4.2,4.2,4.2,4.2,4.2,4.2,4.15727,4.2
2.35541,1.51541,1.84,1.0,1.0,1.84,2.15678,2.99677,2.52,3.36,4.2,3.36,2.52,2.89818,3.36,4.2,3.36,3.8287,4.2,4.2,3.36,4.2,3.36,2.52053
3.0,3.0,2.92609,2.32609,1.72609,2.32609,2.92609,3.0,3.0,2.4,3.0,3.0,3.0,3.0,3.0,3.0,3.0,3.0,3.0,3.0,3.0,3.0,3.0,3.0
0.0,0.3,0.67757,0.3,0.3,0.8,0.3,0.3,0.3,0.3,0.8,0.3,0.0,0.0,0.0,0.0,0.0,0.3,0.8,0.8,0.3,0.8,0.3,0.0
0.0,0.0,0.0,0.0,0.0,0.1,0.0,0.0,0.0,0.0,0.0,0.0,0.0,0.0,0.0,0.0,0.0,0.0,0.1,0.3,0.1,0.0,0.0,0.0
0.0,0.0,0.0,0.0,0.05,0.28071,0.05,0.0,0.0,0.0,0.0,0.0,0.0,0.0,0.0,0.0,0.0,0.05,0.3,0.3,0.05,0.0,0.0,0.0
0.0,0.0,0.0,0.0,0.0,0.0,0.0,0.0,0.0,0.0,0.0,0.0,0.0,0.0,0.0,0.0,0.0,0.0,0.0,0.0,0.0,0.0,0.0,0.0
0.0,0.0,0.0,0.0,0.0,0.0,0.0,0.0,0.0,0.0,0.0,0.0,0.0,0.0,0.0,0.25,0.40324,0.60324,0.80324,1.0,0.8,0.65,0.45,0.25
0.0,0.0,0.0,0.0,0.0,0.0,0.0,0.0,0.0,0.0,0.0,0.0,0.0,0.0,0.0,0.0,0.0,0.25,0.45,0.62321,0.42321,0.25,0.0,0.0
2.1,1.5,0.0,0.0,0.0,0.0,0.0,0.0,0.0,0.0,1.5,2.1,2.33787,2.89818,2.50624,3.0,2.42478,3.0,3.0,3.0,2.55042,3.0,2.4,2.51667
0.0,0.0,0.0,0.0,0.0,0.0,0.0,0.0,0.0,0.0,0.0,0.0,0.0,0.0,0.0,0.25,0.40324,0.60324,0.80324,1.0,0.8,0.65,0.45,0.25
0.0,0.0,0.0,0.0,0.0,0.1,0.0,0.0,0.0,0.0,0.0,0.0,0.0,0.0,0.0,0.0,0.0,0.0,0.1,0.3,0.1,0.0,0.0,0.0
2.23541,1.63541,1.6,1.0,1.0,1.6,2.14123,2.51181,1.91181,2.4,3.0,2.87759,2.33787,2.89818,2.50624,3.0,2.42478,3.0,3.0,3.0,2.55042,3.0,2.4,2.51667
2.0,2.0,2.0,1.6,1.2,1.6,2.0,2.0,2.0,1.6,2.0,2.0,2.0,2.0,2.0,2.0,2.0,2.0,2.0,2.0,2.0,2.0,2.0,2.0
0.0,0.0,0.0,0.0,0.0,0.0,0.0,0.0,0.0,0.0,0.0,0.0,0.0,0.0,0.0,0.0,0.0,0.0,0.0,0.0,0.0,0.0,0.0,0.0
0.0,0.0,0.2,0.0,0.0,0.2,0.0,0.0,0.0,0.0,0.2,0.0,0.0,0.0,0.0,0.0,0.0,0.2,0.5,0.5,0.2,0.0,0.0,0.0
3.0,3.0,2.92609,2.32609,1.72609,2.32609,2.92609,3.0,3.0,2.4,3.0,3.0,3.0,3.0,3.0,3.0,3.0,3.0,3.0,3.0,3.0,3.0,3.0,3.0
2.23541,1.63541,1.6,1.0,1.0,1.6,2.14123,2.51181,1.91181,2.4,3.0,2.87759,2.33787,2.89818,2.50624,3.0,2.42478,3.0,3.0,3.0,2.55042,3.0,2.4,2.51667
3.0,3.0,2.92609,2.32609,1.72609,2.32609,2.92609,3.0,3.0,2.4,3.0,3.0,3.0,3.0,3.0,3.0,3.0,3.0,3.0,3.0,3.0,3.0,3.0,3.0
0.0,0.0,0.0,0.0,0.0,0.0,0.0,0.0,0.0,0.0,0.0,0.0,0.0,0.0,0.0,0.0,0.0,0.0,0.0,0.0,0.0,0.0,0.0,0.0
0.0,0.0,0.0,0.0,0.0,0.0,0.0,0.0,0.0,0.0,0.0,0.0,0.0,0.0,0.0,0.25,0.40324,0.60324,0.80324,1.0,0.8,0.65,0.45,0.25
0.0,0.0,0.0,0.0,0.0,0.0,0.0,0.0,0.0,0.0,0.0,0.0,0.0,0.0,0.0,0.0,0.0,0.25,0.45,0.62321,0.42321,0.25,0.0,0.0
0.0,0.0,0.0,0.0,0.0,0.0,0.0,0.0,0.0,0.0,0.0,0.0,0.0,0.0,0.0,0.0,0.0,0.0,0.0,0.0,0.0,0.0,0.0,0.0
0.0,0.0,0.0,0.0,0.0,0.25,0.25,0.0,0.0,0.0,0.0,0.0,0.0,0.0,0.0,0.0,0.0,0.0,0.25,0.5,0.25,0.0,0.0,0.0
0.0,0.0,0.0,0.0,0.0,0.0,0.0,0.0,0.0,0.0,0.0,0.0,0.0,0.0,0.0,0.25,0.40324,0.60324,0.80324,1.0,0.8,0.65,0.45,0.25
0.0,0.0,0.0,0.0,0.0,0.0,0.0,0.0,0.0,0.0,0.0,0.0,0.0,0.0,0.0,0.0,0.0,0.25,0.45,0.62321,0.42321,0.25,0.0,0.0
0.0,0.0,0.0,0.0,0.0,0.0,0.0,0.0,0.0,0.0,0.0,0.0,0.0,0.0,0.0,0.25,0.40324,0.60324,0.80324,1.0,0.8,0.65,0.45,0.25
0.0,0.0,0.0,0.0,0.0,0.25,0.25,0.0,0.0,0.0,0.25,0.25,0.0,0.0,0.0,0.0,0.0,0.0,0.25,0.5,0.25,0.0,0.0,0.0
0.0,0.0,0.0,0.0,0.0,0.0,0.0,0.0,0.0,0.0,0.0,0.0,0.0,0.0,0.0,0.0,0.0,0.05,0.3,0.3,0.05,0.0,0.0,0.0
0.0,0.0,0.0,0.0,0.0,0.0,0.0,0.0,0.0,0.0,0.0,0.0,0.0,0.0,0.0,0.0,0.0,0.05,0.3,0.3,0.05,0.0,0.0,0.0
0.0,0.0,0.0,0.0,0.0,0.0,0.0,0.0,0.0,0.0,0.0,0.0,0.0,0.0,0.0,0.0,0.0,0.05,0.3,0.3,0.05,0.0,0.0,0.0
3.0,3.0,2.92609,2.32609,1.72609,2.32609,2.92609,3.0,3.0,2.4,3.0,3.0,3.0,3.0,3.0,3.0,3.0,3.0,3.0,3.0,3.0,3.0,3.0,3.0
2.23541,1.63541,1.6,1.0,1.0,1.6,2.14123,2.51181,1.91181,2.4,3.0,2.87759,2.33787,2.89818,2.50624,3.0,2.42478,3.0,3.0,3.0,2.55042,3.0,2.4,2.51667
0.0,0.0,0.0,0.0,0.0,0.1,0.0,0.0,0.0,0.0,0.0,0.0,0.0,0.0,0.0,0.0,0.0,0.0,0.1,0.3,0.1,0.0,0.0,0.0
0.0,0.0,0.0,0.0,0.0,0.25,0.45,0.65,0.85,0.8,1.0,1.0,1.0,1.0,1.0,1.0,1.0,1.0,1.0,1.0,1.0,1.0,0.8,1.0
0.0,0.0,0.0,0.0,0.05,0.28071,0.05,0.0,0.0,0.0,0.0,0.0,0.0,0.0,0.0,0.0,0.0,0.0,0.0,0.0,0.0,0.0,0.0,0.0
0.0,0.0,0.0,0.0,0.05,0.28071,0.05,0.0,0.0,0.0,0.0,0.0,0.0,0.0,0.0,0.0,0.0,0.05,0.3,0.3,0.05,0.0,0.0,0.0
3.0,3.0,2.92609,2.32609,1.72609,2.32609,2.92609,3.0,3.0,2.4,3.0,3.0,3.0,3.0,3.0,3.0,3.0,3.0,3.0,3.0,3.0,3.0,3.0,3.0
2.28541,1.58541,1.7,1.0,1.0,1.7,2.14123,2.8,2.1,2.8,3.5,2.87759,2.33787,2.89818,2.8,3.5,2.8,3.5,3.5,3.5,2.8,3.5,2.8,2.51667
0.0,0.0,0.0,0.0,0.0,0.0,0.0,0.0,0.0,0.0,0.0,0.0,0.0,0.0,0.0,0.0,0.0,0.0,0.0,0.0,0.0,0.0,0.0,0.0
0.0,0.0,0.0,0.0,0.0,0.0,0.0,0.0,0.0,0.0,0.0,0.0,0.0,0.0,0.0,0.0,0.0,0.0,0.0,0.0,0.0,0.0,0.0,0.0
0.0,0.0,0.0,0.0,0.0,0.0,0.0,0.0,0.0,0.0,0.0,0.0,0.0,0.0,0.25,0.45,0.65,0.85,1.0,1.0,1.0,1.0,0.8,1.0
0.0,0.0,0.0,0.0,0.0,0.0,0.0,0.0,0.0,0.0,0.0,0.0,0.0,0.0,0.0,0.0,0.0,0.0,0.0,0.0,0.0,0.0,0.0,0.0
0.0,0.0,0.0,0.0,0.0,0.25,0.45,0.65,0.85,0.8,1.0,1.0,1.0,1.0,1.0,1.0,1.0,1.0,1.0,1.0,1.0,1.0,0.8,1.0
0.0,0.0,0.0,0.0,0.0,0.0,0.0,0.0,0.0,0.0,0.0,0.0,0.0,0.0,0.0,0.0,0.0,0.0,0.0,0.0,0.0,0.0,0.0,0.0
0.0,0.0,0.0,0.0,0.0,0.0,0.0,0.0,0.0,0.0,0.0,0.0,0.0,0.0,0.0,0.0,0.0,0.0,0.08,0.3,0.08,0.0,0.0,0.0
0.0,0.0,0.0,0.0,0.0,0.0,0.0,0.0,0.0,0.0,0.0,0.0,0.0,0.0,0.25,0.45,0.65,0.85,1.0,1.0,1.0,1.0,0.8,1.0
2.22803,1.72803,1.22803,0.72803,0.5,1.0,1.5,2.0,2.00829,2.0,2.5,2.22372,2.14443,2.22675,2.16916,2.5,2.15719,2.36346,2.5,2.5,2.17565,2.5,2.0,2.1707
0.0,0.0,0.0,0.0,0.0,0.5,0.5,0.5,0.96472,1.46472,1.96472,1.46472,0.96472,0.5,0.88077,1.38077,1.5,2.0,2.5,2.5,2.0,2.36322,1.86322,1.36322
0.0,0.0,0.0,0.0,0.0,0.0,0.0,0.0,0.0,0.0,0.0,0.0,0.0,0.0,0.25,0.45,0.65,0.85,1.0,1.0,1.0,1.0,0.8,1.0
0.0,0.0,0.0,0.0,0.0,0.25,0.45,0.65,0.85,0.8,1.0,1.0,1.0,1.0,1.0,1.0,1.0,1.0,1.0,1.0,1.0,1.0,0.8,1.0
0.0,0.0,0.0,0.0,0.0,0.5,0.5,0.5,0.9,1.3,1.7,1.3,0.9,0.5,0.9,1.3,1.2,1.6,2.0,2.0,1.6,2.0,1.6,1.2
1.90932,1.50932,1.10932,0.70932,0.5,0.9,1.3,1.7,1.86875,1.6,2.0,2.0,2.0,2.0,2.0,2.0,2.0,2.0,2.0,2.0,2.0,2.0,1.6,2.0
0.0,0.0,0.0,0.0,0.0,0.25,0.45,0.65,0.85,0.8,1.0,1.0,1.0,1.0,1.0,1.0,1.0,1.0,1.0,1.0,1.0,1.0,0.8,1.0
4.2,3.62673,3.36,2.52,1.68,2.52,3.36,4.2,4.2,3.36,4.2,4.2,4.2,4.2,4.2,4.2,4.2,4.2,4.2,4.2,4.2,4.2,4.15727,4.2
2.35541,1.51541,1.84,1.0,1.0,1.84,2.15678,2.99677,2.52,3.36,4.2,3.36,2.52,2.89818,3.36,4.2,3.36,3.8287,4.2,4.2,3.36,4.2,3.36,2.52053
3.0,3.0,2.92609,2.32609,1.72609,2.32609,2.92609,3.0,3.0,2.4,3.0,3.0,3.0,3.0,3.0,3.0,3.0,3.0,3.0,3.0,3.0,3.0,3.0,3.0
0.0,0.3,0.67757,0.3,0.3,0.8,0.3,0.3,0.3,0.3,0.8,0.3,0.0,0.0,0.0,0.0,0.0,0.3,0.8,0.8,0.3,0.8,0.3,0.0
0.0,0.0,0.0,0.0,0.0,0.1,0.0,0.0,0.0,0.0,0.0,0.0,0.0,0.0,0.0,0.0,0.0,0.0,0.1,0.3,0.1,0.0,0.0,0.0
0.0,0.0,0.0,0.0,0.05,0.28071,0.05,0.0,0.0,0.0,0.0,0.0,0.0,0.0,0.0,0.0,0.0,0.05,0.3,0.3,0.05,0.0,0.0,0.0
0.0,0.0,0.0,0.0,0.0,0.0,0.0,0.0,0.0,0.0,0.0,0.0,0.0,0.0,0.0,0.0,0.0,0.0,0.0,0.0,0.0,0.0,0.0,0.0
0.0,0.0,0.0,0.0,0.0,0.0,0.0,0.0,0.0,0.0,0.0,0.0,0.0,0.0,0.0,0.25,0.40324,0.60324,0.80324,1.0,0.8,0.65,0.45,0.25
0.0,0.0,0.0,0.0,0.0,0.0,0.0,0.0,0.0,0.0,0.0,0.0,0.0,0.0,0.0,0.0,0.0,0.25,0.45,0.62321,0.42321,0.25,0.0,0.0
2.1,1.5,0.0,0.0,0.0,0.0,0.0,0.0,0.0,0.0,1.5,2.1,2.33787,2.89818,2.50624,3.0,2.42478,3.0,3.0,3.0,2.55042,3.0,2.4,2.51667
0.0,0.0,0.0,0.0,0.0,0.0,0.0,0.0,0.0,0.0,0.0,0.0,0.0,0.0,0.0,0.25,0.40324,0.60324,0.80324,1.0,0.8,0.65,0.45,0.25
0.0,0.0,0.0,0.0,0.0,0.1,0.0,0.0,0.0,0.0,0.0,0.0,0.0,0.0,0.0,0.0,0.0,0.0,0.1,0.3,0.1,0.0,0.0,0.0
2.23541,1.63541,1.6,1.0,1.0,1.6,2.14123,2.51181,1.91181,2.4,3.0,2.87759,2.33787,2.89818,2.50624,3.0,2.42478,3.0,3.0,3.0,2.55042,3.0,2.4,2.51667
2.0,2.0,2.0,1.6,1.2,1.6,2.0,2.0,2.0,1.6,2.0,2.0,2.0,2.0,2.0,2.0,2.0,2.0,2.0,2.0,2.0,2.0,2.0,2.0
0.0,0.0,0.0,0.0,0.0,0.0,0.0,0.0,0.0,0.0,0.0,0.0,0.0,0.0,0.0,0.0,0.0,0.0,0.0,0.0,0.0,0.0,0.0,0.0
0.0,0.0,0.2,0.0,0.0,0.2,0.0,0.0,0.0,0.0,0.2,0.0,0.0,0.0,0.0,0.0,0.0,0.2,0.5,0.5,0.2,0.0,0.0,0.0
3.0,3.0,2.92609,2.32609,1.72609,2.32609,2.92609,3.0,3.0,2.4,3.0,3.0,3.0,3.0,3.0,3.0,3.0,3.0,3.0,3.0,3.0,3.0,3.0,3.0
2.23541,1.63541,1.6,1.0,1.0,1.6,2.14123,2.51181,1.91181,2.4,3.0,2.87759,2.33787,2.89818,2.50624,3.0,2.42478,3.0,3.0,3.0,2.55042,3.0,2.4,2.51667
3.0,3.0,2.92609,2.32609,1.72609,2.32609,2.92609,3.0,3.0,2.4,3.0,3.0,3.0,3.0,3.0,3.0,3.0,3.0,3.0,3.0,3.0,3.0,3.0,3.0
0.0,0.0,0.0,0.0,0.0,0.0,0.0,0.0,0.0,0.0,0.0,0.0,0.0,0.0,0.0,0.0,0.0,0.0,0.0,0.0,0.0,0.0,0.0,0.0
0.0,0.0,0.0,0.0,0.0,0.0,0.0,0.0,0.0,0.0,0.0,0.0,0.0,0.0,0.0,0.25,0.40324,0.60324,0.80324,1.0,0.8,0.65,0.45,0.25
0.0,0.0,0.0,0.0,0.0,0.0,0.0,0.0,0.0,0.0,0.0,0.0,0.0,0.0,0.0,0.0,0.0,0.25,0.45,0.62321,0.42321,0.25,0.0,0.0
0.0,0.0,0.0,0.0,0.0,0.0,0.0,0.0,0.0,0.0,0.0,0.0,0.0,0.0,0.0,0.0,0.0,0.0,0.0,0.0,0.0,0.0,0.0,0.0
0.0,0.0,0.0,0.0,0.0,0.25,0.25,0.0,0.0,0.0,0.0,0.0,0.0,0.0,0.0,0.0,0.0,0.0,0.25,0.5,0.25,0.0,0.0,0.0
0.0,0.0,0.0,0.0,0.0,0.0,0.0,0.0,0.0,0.0,0.0,0.0,0.0,0.0,0.0,0.25,0.40324,0.60324,0.80324,1.0,0.8,0.65,0.45,0.25
0.0,0.0,0.0,0.0,0.0,0.0,0.0,0.0,0.0,0.0,0.0,0.0,0.0,0.0,0.0,0.0,0.0,0.25,0.45,0.62321,0.42321,0.25,0.0,0.0
0.0,0.0,0.0,0.0,0.0,0.0,0.0,0.0,0.0,0.0,0.0,0.0,0.0,0.0,0.0,0.25,0.40324,0.60324,0.80324,1.0,0.8,0.65,0.45,0.25
0.0,0.0,0.0,0.0,0.0,0.25,0.25,0.0,0.0,0.0,0.25,0.25,0.0,0.0,0.0,0.0,0.0,0.0,0.25,0.5,0.25,0.0,0.0,0.0
0.0,0.0,0.0,0.0,0.0,0.0,0.0,0.0,0.0,0.0,0.0,0.0,0.0,0.0,0.0,0.0,0.0,0.05,0.3,0.3,0.05,0.0,0.0,0.0
0.0,0.0,0.0,0.0,0.0,0.0,0.0,0.0,0.0,0.0,0.0,0.0,0.0,0.0,0.0,0.0,0.0,0.05,0.3,0.3,0.05,0.0,0.0,0.0
0.0,0.0,0.0,0.0,0.05,0.28071,0.05,0.0,0.0,0.0,0.0,0.0,0.0,0.0,0.0,0.0,0.0,0.0,0.0,0.0,0.0,0.0,0.0,0.0
3.0,3.0,2.92609,2.32609,1.72609,2.32609,2.92609,3.0,3.0,2.4,3.0,3.0,3.0,3.0,3.0,3.0,3.0,3.0,3.0,3.0,3.0,3.0,3.0,3.0
2.23541,1.63541,1.6,1.0,1.0,1.6,2.14123,2.51181,1.91181,2.4,3.0,2.87759,2.33787,2.89818,2.50624,3.0,2.42478,3.0,3.0,3.0,2.55042,3.0,2.4,2.51667
0.0,0.0,0.0,0.0,0.0,0.1,0.0,0.0,0.0,0.0,0.0,0.0,0.0,0.0,0.0,0.0,0.0,0.0,0.1,0.3,0.1,0.0,0.0,0.0
0.0,0.0,0.0,0.0,0.0,0.25,0.45,0.65,0.85,0.8,1.0,1.0,1.0,1.0,1.0,1.0,1.0,1.0,1.0,1.0,1.0,1.0,0.8,1.0
0.0,0.0,0.0,0.0,0.05,0.28071,0.05,0.0,0.0,0.0,0.0,0.0,0.0,0.0,0.0,0.0,0.0,0.0,0.0,0.0,0.0,0.0,0.0,0.0
0.0,0.0,0.0,0.0,0.05,0.28071,0.05,0.0,0.0,0.0,0.0,0.0,0.0,0.0,0.0,0.0,0.0,0.05,0.3,0.3,0.05,0.0,0.0,0.0
3.0,3.0,2.92609,2.32609,1.72609,2.32609,2.92609,3.0,3.0,2.4,3.0,3.0,3.0,3.0,3.0,3.0,3.0,3.0,3.0,3.0,3.0,3.0,3.0,3.0
2.28541,1.58541,1.7,1.0,1.0,1.7,2.14123,2.8,2.1,2.8,3.5,2.87759,2.33787,2.89818,2.8,3.5,2.8,3.5,3.5,3.5,2.8,3.5,2.8,2.51667
0.0,0.0,0.0,0.0,0.0,0.0,0.0,0.0,0.0,0.0,0.0,0.0,0.0,0.0,0.0,0.0,0.0,0.0,0.0,0.0,0.0,0.0,0.0,0.0
0.0,0.0,0.0,0.0,0.0,0.0,0.0,0.0,0.0,0.0,0.0,0.0,0.0,0.0,0.0,0.0,0.0,0.0,0.0,0.0,0.0,0.0,0.0,0.0
0.0,0.0,0.0,0.0,0.0,0.0,0.0,0.0,0.0,0.0,0.0,0.0,0.0,0.0,0.25,0.45,0.65,0.85,1.0,1.0,1.0,1.0,0.8,1.0
0.0,0.0,0.0,0.0,0.0,0.0,0.0,0.0,0.0,0.0,0.0,0.0,0.0,0.0,0.0,0.0,0.0,0.0,0.0,0.0,0.0,0.0,0.0,0.0
0.0,0.0,0.0,0.0,0.0,0.25,0.45,0.65,0.85,0.8,1.0,1.0,1.0,1.0,1.0,1.0,1.0,1.0,1.0,1.0,1.0,1.0,0.8,1.0
0.0,0.0,0.0,0.0,0.0,0.0,0.0,0.0,0.0,0.0,0.0,0.0,0.0,0.0,0.0,0.0,0.0,0.0,0.0,0.0,0.0,0.0,0.0,0.0
0.0,0.0,0.0,0.0,0.0,0.0,0.0,0.0,0.0,0.0,0.0,0.0,0.0,0.0,0.0,0.0,0.0,0.0,0.08,0.3,0.08,0.0,0.0,0.0
0.0,0.0,0.0,0.0,0.0,0.0,0.0,0.0,0.0,0.0,0.0,0.0,0.0,0.0,0.25,0.45,0.65,0.85,1.0,1.0,1.0,1.0,0.8,1.0
2.22803,1.72803,1.22803,0.72803,0.5,1.0,1.5,2.0,2.00829,2.0,2.5,2.22372,2.14443,2.22675,2.16916,2.5,2.15719,2.36346,2.5,2.5,2.17565,2.5,2.0,2.1707
0.0,0.0,0.0,0.0,0.0,0.5,0.5,0.5,0.96472,1.46472,1.96472,1.46472,0.96472,0.5,0.88077,1.38077,1.5,2.0,2.5,2.5,2.0,2.36322,1.86322,1.36322
0.0,0.0,0.0,0.0,0.0,0.0,0.0,0.0,0.0,0.0,0.0,0.0,0.0,0.0,0.25,0.45,0.65,0.85,1.0,1.0,1.0,1.0,0.8,1.0
0.0,0.0,0.0,0.0,0.0,0.25,0.45,0.65,0.85,0.8,1.0,1.0,1.0,1.0,1.0,1.0,1.0,1.0,1.0,1.0,1.0,1.0,0.8,1.0
0.0,0.0,0.0,0.0,0.0,0.5,0.5,0.5,0.9,1.3,1.7,1.3,0.9,0.5,0.9,1.3,1.2,1.6,2.0,2.0,1.6,2.0,1.6,1.2
1.90932,1.50932,1.10932,0.70932,0.5,0.9,1.3,1.7,1.86875,1.6,2.0,2.0,2.0,2.0,2.0,2.0,2.0,2.0,2.0,2.0,2.0,2.0,1.6,2.0
0.0,0.0,0.0,0.0,0.0,0.25,0.45,0.65,0.85,0.8,1.0,1.0,1.0,1.0,1.0,1.0,1.0,1.0,1.0,1.0,1.0,1.0,0.8,1.0
4.2,3.62673,3.36,2.52,1.68,2.52,3.36,4.2,4.2,3.36,4.2,4.2,4.2,4.2,4.2,4.2,4.2,4.2,4.2,4.2,4.2,4.2,4.15727,4.2
2.35541,1.51541,1.84,1.0,1.0,1.84,2.15678,2.99677,2.52,3.36,4.2,3.36,2.52,2.89818,3.36,4.2,3.36,3.8287,4.2,4.2,3.36,4.2,3.36,2.52053
3.0,3.0,2.92609,2.32609,1.72609,2.32609,2.92609,3.0,3.0,2.4,3.0,3.0,3.0,3.0,3.0,3.0,3.0,3.0,3.0,3.0,3.0,3.0,3.0,3.0
0.0,0.3,0.67757,0.3,0.3,0.8,0.3,0.3,0.3,0.3,0.8,0.3,0.0,0.0,0.0,0.0,0.0,0.3,0.8,0.8,0.3,0.8,0.3,0.0
0.0,0.0,0.0,0.0,0.0,0.1,0.0,0.0,0.0,0.0,0.0,0.0,0.0,0.0,0.0,0.0,0.0,0.0,0.1,0.3,0.1,0.0,0.0,0.0
0.0,0.0,0.0,0.0,0.05,0.28071,0.05,0.0,0.0,0.0,0.0,0.0,0.0,0.0,0.0,0.0,0.0,0.05,0.3,0.3,0.05,0.0,0.0,0.0
0.0,0.0,0.0,0.0,0.0,0.0,0.0,0.0,0.0,0.0,0.0,0.0,0.0,0.0,0.0,0.0,0.0,0.0,0.0,0.0,0.0,0.0,0.0,0.0
0.0,0.0,0.0,0.0,0.0,0.0,0.0,0.0,0.0,0.0,0.0,0.0,0.0,0.0,0.0,0.25,0.40324,0.60324,0.80324,1.0,0.8,0.65,0.45,0.25
0.0,0.0,0.0,0.0,0.0,0.0,0.0,0.0,0.0,0.0,0.0,0.0,0.0,0.0,0.0,0.0,0.0,0.25,0.45,0.62321,0.42321,0.25,0.0,0.0
2.1,1.5,0.0,0.0,0.0,0.0,0.0,0.0,0.0,0.0,1.5,2.1,2.33787,2.89818,2.50624,3.0,2.42478,3.0,3.0,3.0,2.55042,3.0,2.4,2.51667
0.0,0.0,0.0,0.0,0.0,0.0,0.0,0.0,0.0,0.0,0.0,0.0,0.0,0.0,0.0,0.25,0.40324,0.60324,0.80324,1.0,0.8,0.65,0.45,0.25
0.0,0.0,0.0,0.0,0.0,0.1,0.0,0.0,0.0,0.0,0.0,0.0,0.0,0.0,0.0,0.0,0.0,0.0,0.1,0.3,0.1,0.0,0.0,0.0
2.23541,1.63541,1.6,1.0,1.0,1.6,2.14123,2.51181,1.91181,2.4,3.0,2.87759,2.33787,2.89818,2.50624,3.0,2.42478,3.0,3.0,3.0,2.55042,3.0,2.4,2.51667
2.0,2.0,2.0,1.6,1.2,1.6,2.0,2.0,2.0,1.6,2.0,2.0,2.0,2.0,2.0,2.0,2.0,2.0,2.0,2.0,2.0,2.0,2.0,2.0
0.0,0.0,0.0,0.0,0.0,0.0,0.0,0.0,0.0,0.0,0.0,0.0,0.0,0.0,0.0,0.0,0.0,0.0,0.0,0.0,0.0,0.0,0.0,0.0
0.0,0.0,0.2,0.0,0.0,0.2,0.0,0.0,0.0,0.0,0.2,0.0,0.0,0.0,0.0,0.0,0.0,0.2,0.5,0.5,0.2,0.0,0.0,0.0
3.0,3.0,2.92609,2.32609,1.72609,2.32609,2.92609,3.0,3.0,2.4,3.0,3.0,3.0,3.0,3.0,3.0,3.0,3.0,3.0,3.0,3.0,3.0,3.0,3.0
2.23541,1.63541,1.6,1.0,1.0,1.6,2.14123,2.51181,1.91181,2.4,3.0,2.87759,2.33787,2.89818,2.50624,3.0,2.42478,3.0,3.0,3.0,2.55042,3.0,2.4,2.51667
3.0,3.0,2.92609,2.32609,1.72609,2.32609,2.92609,3.0,3.0,2.4,3.0,3.0,3.0,3.0,3.0,3.0,3.0,3.0,3.0,3.0,3.0,3.0,3.0,3.0
0.0,0.0,0.0,0.0,0.0,0.0,0.0,0.0,0.0,0.0,0.0,0.0,0.0,0.0,0.0,0.0,0.0,0.0,0.0,0.0,0.0,0.0,0.0,0.0
0.0,0.0,0.0,0.0,0.0,0.0,0.0,0.0,0.0,0.0,0.0,0.0,0.0,0.0,0.0,0.25,0.40324,0.60324,0.80324,1.0,0.8,0.65,0.45,0.25
0.0,0.0,0.0,0.0,0.0,0.0,0.0,0.0,0.0,0.0,0.0,0.0,0.0,0.0,0.0,0.0,0.0,0.25,0.45,0.62321,0.42321,0.25,0.0,0.0
0.0,0.0,0.0,0.0,0.0,0.0,0.0,0.0,0.0,0.0,0.0,0.0,0.0,0.0,0.0,0.0,0.0,0.0,0.0,0.0,0.0,0.0,0.0,0.0
0.0,0.0,0.0,0.0,0.0,0.25,0.25,0.0,0.0,0.0,0.0,0.0,0.0,0.0,0.0,0.0,0.0,0.0,0.25,0.5,0.25,0.0,0.0,0.0
0.0,0.0,0.0,0.0,0.0,0.0,0.0,0.0,0.0,0.0,0.0,0.0,0.0,0.0,0.0,0.25,0.40324,0.60324,0.80324,1.0,0.8,0.65,0.45,0.25
0.0,0.0,0.0,0.0,0.0,0.0,0.0,0.0,0.0,0.0,0.0,0.0,0.0,0.0,0.0,0.0,0.0,0.25,0.45,0.62321,0.42321,0.25,0.0,0.0
0.0,0.0,0.0,0.0,0.0,0.0,0.0,0.0,0.0,0.0,0.0,0.0,0.0,0.0,0.0,0.25,0.40324,0.60324,0.80324,1.0,0.8,0.65,0.45,0.25
0.0,0.0,0.0,0.0,0.0,0.25,0.25,0.0,0.0,0.0,0.25,0.25,0.0,0.0,0.0,0.0,0.0,0.0,0.25,0.5,0.25,0.0,0.0,0.0
0.0,0.0,0.0,0.0,0.0,0.0,0.0,0.0,0.0,0.0,0.0,0.0,0.0,0.0,0.0,0.0,0.0,0.05,0.3,0.3,0.05,0.0,0.0,0.0
0.0,0.0,0.0,0.0,0.0,0.0,0.0,0.0,0.0,0.0,0.0,0.0,0.0,0.0,0.0,0.0,0.0,0.05,0.3,0.3,0.05,0.0,0.0,0.0
0.0,0.0,0.0,0.0,0.05,0.28071,0.05,0.0,0.0,0.0,0.0,0.0,0.0,0.0,0.0,0.0,0.0,0.0,0.0,0.0,0.0,0.0,0.0,0.0
3.0,3.0,2.92609,2.32609,1.72609,2.32609,2.92609,3.0,3.0,2.4,3.0,3.0,3.0,3.0,3.0,3.0,3.0,3.0,3.0,3.0,3.0,3.0,3.0,3.0
2.23541,1.63541,1.6,1.0,1.0,1.6,2.14123,2.51181,1.91181,2.4,3.0,2.87759,2.33787,2.89818,2.50624,3.0,2.42478,3.0,3.0,3.0,2.55042,3.0,2.4,2.51667
0.0,0.0,0.0,0.0,0.0,0.1,0.0,0.0,0.0,0.0,0.0,0.0,0.0,0.0,0.0,0.0,0.0,0.0,0.1,0.3,0.1,0.0,0.0,0.0
0.0,0.0,0.0,0.0,0.0,0.25,0.45,0.65,0.85,0.8,1.0,1.0,1.0,1.0,1.0,1.0,1.0,1.0,1.0,1.0,1.0,1.0,0.8,1.0
0.0,0.0,0.0,0.0,0.05,0.28071,0.05,0.0,0.0,0.0,0.0,0.0,0.0,0.0,0.0,0.0,0.0,0.0,0.0,0.0,0.0,0.0,0.0,0.0
0.0,0.0,0.0,0.0,0.05,0.28071,0.05,0.0,0.0,0.0,0.0,0.0,0.0,0.0,0.0,0.0,0.0,0.05,0.3,0.3,0.05,0.0,0.0,0.0
3.0,3.0,2.92609,2.32609,1.72609,2.32609,2.92609,3.0,3.0,2.4,3.0,3.0,3.0,3.0,3.0,3.0,3.0,3.0,3.0,3.0,3.0,3.0,3.0,3.0
2.28541,1.58541,1.7,1.0,1.0,1.7,2.14123,2.8,2.1,2.8,3.5,2.87759,2.33787,2.89818,2.8,3.5,2.8,3.5,3.5,3.5,2.8,3.5,2.8,2.51667
0.0,0.0,0.0,0.0,0.0,0.0,0.0,0.0,0.0,0.0,0.0,0.0,0.0,0.0,0.0,0.0,0.0,0.0,0.0,0.0,0.0,0.0,0.0,0.0
0.0,0.0,0.0,0.0,0.0,0.0,0.0,0.0,0.0,0.0,0.0,0.0,0.0,0.0,0.0,0.0,0.0,0.0,0.0,0.0,0.0,0.0,0.0,0.0
0.0,0.0,0.0,0.0,0.0,0.0,0.0,0.0,0.0,0.0,0.0,0.0,0.0,0.0,0.25,0.45,0.65,0.85,1.0,1.0,1.0,1.0,0.8,1.0
0.0,0.0,0.0,0.0,0.0,0.0,0.0,0.0,0.0,0.0,0.0,0.0,0.0,0.0,0.0,0.0,0.0,0.0,0.0,0.0,0.0,0.0,0.0,0.0
0.0,0.0,0.0,0.0,0.0,0.25,0.45,0.65,0.85,0.8,1.0,1.0,1.0,1.0,1.0,1.0,1.0,1.0,1.0,1.0,1.0,1.0,0.8,1.0
0.0,0.0,0.0,0.0,0.0,0.0,0.0,0.0,0.0,0.0,0.0,0.0,0.0,0.0,0.0,0.0,0.0,0.0,0.0,0.0,0.0,0.0,0.0,0.0
0.0,0.0,0.0,0.0,0.0,0.0,0.0,0.0,0.0,0.0,0.0,0.0,0.0,0.0,0.0,0.0,0.0,0.0,0.08,0.3,0.08,0.0,0.0,0.0
0.0,0.0,0.0,0.0,0.0,0.0,0.0,0.0,0.0,0.0,0.0,0.0,0.0,0.0,0.25,0.45,0.65,0.85,1.0,1.0,1.0,1.0,0.8,1.0
2.22803,1.72803,1.22803,0.72803,0.5,1.0,1.5,2.0,2.00829,2.0,2.5,2.22372,2.14443,2.22675,2.16916,2.5,2.15719,2.36346,2.5,2.5,2.17565,2.5,2.0,2.1707
0.0,0.0,0.0,0.0,0.0,0.5,0.5,0.5,0.96472,1.46472,1.96472,1.46472,0.96472,0.5,0.88077,1.38077,1.5,2.0,2.5,2.5,2.0,2.36322,1.86322,1.36322
0.0,0.0,0.0,0.0,0.0,0.0,0.0,0.0,0.0,0.0,0.0,0.0,0.0,0.0,0.25,0.45,0.65,0.85,1.0,1.0,1.0,1.0,0.8,1.0
0.0,0.0,0.0,0.0,0.0,0.25,0.45,0.65,0.85,0.8,1.0,1.0,1.0,1.0,1.0,1.0,1.0,1.0,1.0,1.0,1.0,1.0,0.8,1.0
0.0,0.0,0.0,0.0,0.0,0.5,0.5,0.5,0.9,1.3,1.7,1.3,0.9,0.5,0.9,1.3,1.2,1.6,2.0,2.0,1.6,2.0,1.6,1.2
1.90932,1.50932,1.10932,0.70932,0.5,0.9,1.3,1.7,1.86875,1.6,2.0,2.0,2.0,2.0,2.0,2.0,2.0,2.0,2.0,2.0,2.0,2.0,1.6,2.0
0.0,0.0,0.0,0.0,0.0,0.25,0.45,0.65,0.85,0.8,1.0,1.0,1.0,1.0,1.0,1.0,1.0,1.0,1.0,1.0,1.0,1.0,0.8,1.0
4.2,3.62673,3.36,2.52,1.68,2.52,3.36,4.2,4.2,3.36,4.2,4.2,4.2,4.2,4.2,4.2,4.2,4.2,4.2,4.2,4.2,4.2,4.15727,4.2
2.35541,1.51541,1.84,1.0,1.0,1.84,2.15678,2.99677,2.52,3.36,4.2,3.36,2.52,2.89818,3.36,4.2,3.36,3.8287,4.2,4.2,3.36,4.2,3.36,2.52053
3.0,3.0,2.92609,2.32609,1.72609,2.32609,2.92609,3.0,3.0,2.4,3.0,3.0,3.0,3.0,3.0,3.0,3.0,3.0,3.0,3.0,3.0,3.0,3.0,3.0
0.0,0.3,0.67757,0.3,0.3,0.8,0.3,0.3,0.3,0.3,0.8,0.3,0.0,0.0,0.0,0.0,0.0,0.3,0.8,0.8,0.3,0.8,0.3,0.0
0.0,0.0,0.0,0.0,0.0,0.1,0.0,0.0,0.0,0.0,0.0,0.0,0.0,0.0,0.0,0.0,0.0,0.0,0.1,0.3,0.1,0.0,0.0,0.0
0.0,0.0,0.0,0.0,0.05,0.28071,0.05,0.0,0.0,0.0,0.0,0.0,0.0,0.0,0.0,0.0,0.0,0.05,0.3,0.3,0.05,0.0,0.0,0.0
0.0,0.0,0.0,0.0,0.0,0.0,0.0,0.0,0.0,0.0,0.0,0.0,0.0,0.0,0.0,0.0,0.0,0.0,0.0,0.0,0.0,0.0,0.0,0.0
0.0,0.0,0.0,0.0,0.0,0.0,0.0,0.0,0.0,0.0,0.0,0.0,0.0,0.0,0.0,0.25,0.40324,0.60324,0.80324,1.0,0.8,0.65,0.45,0.25
0.0,0.0,0.0,0.0,0.0,0.0,0.0,0.0,0.0,0.0,0.0,0.0,0.0,0.0,0.0,0.0,0.0,0.25,0.45,0.62321,0.42321,0.25,0.0,0.0
2.1,1.5,0.0,0.0,0.0,0.0,0.0,0.0,0.0,0.0,1.5,2.1,2.33787,2.89818,2.50624,3.0,2.42478,3.0,3.0,3.0,2.55042,3.0,2.4,2.51667
0.0,0.0,0.0,0.0,0.0,0.0,0.0,0.0,0.0,0.0,0.0,0.0,0.0,0.0,0.0,0.25,0.40324,0.60324,0.80324,1.0,0.8,0.65,0.45,0.25
0.0,0.0,0.0,0.0,0.0,0.1,0.0,0.0,0.0,0.0,0.0,0.0,0.0,0.0,0.0,0.0,0.0,0.0,0.1,0.3,0.1,0.0,0.0,0.0
2.23541,1.63541,1.6,1.0,1.0,1.6,2.14123,2.51181,1.91181,2.4,3.0,2.87759,2.33787,2.89818,2.50624,3.0,2.42478,3.0,3.0,3.0,2.55042,3.0,2.4,2.51667
2.0,2.0,2.0,1.6,1.2,1.6,2.0,2.0,2.0,1.6,2.0,2.0,2.0,2.0,2.0,2.0,2.0,2.0,2.0,2.0,2.0,2.0,2.0,2.0
0.0,0.0,0.0,0.0,0.0,0.0,0.0,0.0,0.0,0.0,0.0,0.0,0.0,0.0,0.0,0.0,0.0,0.0,0.0,0.0,0.0,0.0,0.0,0.0
0.0,0.0,0.2,0.0,0.0,0.2,0.0,0.0,0.0,0.0,0.2,0.0,0.0,0.0,0.0,0.0,0.0,0.2,0.5,0.5,0.2,0.0,0.0,0.0
3.0,3.0,2.92609,2.32609,1.72609,2.32609,2.92609,3.0,3.0,2.4,3.0,3.0,3.0,3.0,3.0,3.0,3.0,3.0,3.0,3.0,3.0,3.0,3.0,3.0
2.23541,1.63541,1.6,1.0,1.0,1.6,2.14123,2.51181,1.91181,2.4,3.0,2.87759,2.33787,2.89818,2.50624,3.0,2.42478,3.0,3.0,3.0,2.55042,3.0,2.4,2.51667
3.0,3.0,2.92609,2.32609,1.72609,2.32609,2.92609,3.0,3.0,2.4,3.0,3.0,3.0,3.0,3.0,3.0,3.0,3.0,3.0,3.0,3.0,3.0,3.0,3.0
0.0,0.0,0.0,0.0,0.0,0.0,0.0,0.0,0.0,0.0,0.0,0.0,0.0,0.0,0.0,0.0,0.0,0.0,0.0,0.0,0.0,0.0,0.0,0.0
0.0,0.0,0.0,0.0,0.0,0.0,0.0,0.0,0.0,0.0,0.0,0.0,0.0,0.0,0.0,0.25,0.40324,0.60324,0.80324,1.0,0.8,0.65,0.45,0.25
0.0,0.0,0.0,0.0,0.0,0.0,0.0,0.0,0.0,0.0,0.0,0.0,0.0,0.0,0.0,0.0,0.0,0.25,0.45,0.62321,0.42321,0.25,0.0,0.0
0.0,0.0,0.0,0.0,0.0,0.0,0.0,0.0,0.0,0.0,0.0,0.0,0.0,0.0,0.0,0.0,0.0,0.0,0.0,0.0,0.0,0.0,0.0,0.0
0.0,0.0,0.0,0.0,0.0,0.25,0.25,0.0,0.0,0.0,0.0,0.0,0.0,0.0,0.0,0.0,0.0,0.0,0.25,0.5,0.25,0.0,0.0,0.0
0.0,0.0,0.0,0.0,0.0,0.0,0.0,0.0,0.0,0.0,0.0,0.0,0.0,0.0,0.0,0.25,0.40324,0.60324,0.80324,1.0,0.8,0.65,0.45,0.25
0.0,0.0,0.0,0.0,0.0,0.0,0.0,0.0,0.0,0.0,0.0,0.0,0.0,0.0,0.0,0.0,0.0,0.25,0.45,0.62321,0.42321,0.25,0.0,0.0
0.0,0.0,0.0,0.0,0.0,0.0,0.0,0.0,0.0,0.0,0.0,0.0,0.0,0.0,0.0,0.25,0.40324,0.60324,0.80324,1.0,0.8,0.65,0.45,0.25
0.0,0.0,0.0,0.0,0.0,0.25,0.25,0.0,0.0,0.0,0.25,0.25,0.0,0.0,0.0,0.0,0.0,0.0,0.25,0.5,0.25,0.0,0.0,0.0
0.0,0.0,0.0,0.0,0.0,0.0,0.0,0.0,0.0,0.0,0.0,0.0,0.0,0.0,0.0,0.0,0.0,0.05,0.3,0.3,0.05,0.0,0.0,0.0
0.0,0.0,0.0,0.0,0.0,0.0,0.0,0.0,0.0,0.0,0.0,0.0,0.0,0.0,0.0,0.0,0.0,0.05,0.3,0.3,0.05,0.0,0.0,0.0
0.0,0.0,0.0,0.0,0.05,0.28071,0.05,0.0,0.0,0.0,0.0,0.0,0.0,0.0,0.0,0.0,0.0,0.0,0.0,0.0,0.0,0.0,0.0,0.0
3.0,3.0,2.92609,2.32609,1.72609,2.32609,2.92609,3.0,3.0,2.4,3.0,3.0,3.0,3.0,3.0,3.0,3.0,3.0,3.0,3.0,3.0,3.0,3.0,3.0
2.23541,1.63541,1.6,1.0,1.0,1.6,2.14123,2.51181,1.91181,2.4,3.0,2.87759,2.33787,2.89818,2.50624,3.0,2.42478,3.0,3.0,3.0,2.55042,3.0,2.4,2.51667
0.0,0.0,0.0,0.0,0.0,0.1,0.0,0.0,0.0,0.0,0.0,0.0,0.0,0.0,0.0,0.0,0.0,0.0,0.1,0.3,0.1,0.0,0.0,0.0
0.0,0.0,0.0,0.0,0.0,0.25,0.45,0.65,0.85,0.8,1.0,1.0,1.0,1.0,1.0,1.0,1.0,1.0,1.0,1.0,1.0,1.0,0.8,1.0
0.0,0.0,0.0,0.0,0.05,0.28071,0.05,0.0,0.0,0.0,0.0,0.0,0.0,0.0,0.0,0.0,0.0,0.0,0.0,0.0,0.0,0.0,0.0,0.0
0.0,0.0,0.0,0.0,0.05,0.28071,0.05,0.0,0.0,0.0,0.0,0.0,0.0,0.0,0.0,0.0,0.0,0.05,0.3,0.3,0.05,0.0,0.0,0.0
3.0,3.0,2.92609,2.32609,1.72609,2.32609,2.92609,3.0,3.0,2.4,3.0,3.0,3.0,3.0,3.0,3.0,3.0,3.0,3.0,3.0,3.0,3.0,3.0,3.0
2.28541,1.58541,1.7,1.0,1.0,1.7,2.14123,2.8,2.1,2.8,3.5,2.87759,2.33787,2.89818,2.8,3.5,2.8,3.5,3.5,3.5,2.8,3.5,2.8,2.51667
0.0,0.0,0.0,0.0,0.0,0.0,0.0,0.0,0.0,0.0,0.0,0.0,0.0,0.0,0.0,0.0,0.0,0.0,0.0,0.0,0.0,0.0,0.0,0.0
0.0,0.0,0.0,0.0,0.0,0.0,0.0,0.0,0.0,0.0,0.0,0.0,0.0,0.0,0.0,0.0,0.0,0.0,0.0,0.0,0.0,0.0,0.0,0.0
0.0,0.0,0.0,0.0,0.0,0.0,0.0,0.0,0.0,0.0,0.0,0.0,0.0,0.0,0.25,0.45,0.65,0.85,1.0,1.0,1.0,1.0,0.8,1.0
0.0,0.0,0.0,0.0,0.0,0.0,0.0,0.0,0.0,0.0,0.0,0.0,0.0,0.0,0.0,0.0,0.0,0.0,0.0,0.0,0.0,0.0,0.0,0.0
0.0,0.0,0.0,0.0,0.0,0.25,0.45,0.65,0.85,0.8,1.0,1.0,1.0,1.0,1.0,1.0,1.0,1.0,1.0,1.0,1.0,1.0,0.8,1.0
0.0,0.0,0.0,0.0,0.0,0.0,0.0,0.0,0.0,0.0,0.0,0.0,0.0,0.0,0.0,0.0,0.0,0.0,0.0,0.0,0.0,0.0,0.0,0.0
0.0,0.0,0.0,0.0,0.0,0.0,0.0,0.0,0.0,0.0,0.0,0.0,0.0,0.0,0.0,0.0,0.0,0.0,0.08,0.3,0.08,0.0,0.0,0.0
0.0,0.0,0.0,0.0,0.0,0.0,0.0,0.0,0.0,0.0,0.0,0.0,0.0,0.0,0.25,0.45,0.65,0.85,1.0,1.0,1.0,1.0,0.8,1.0
2.22803,1.72803,1.22803,0.72803,0.5,1.0,1.5,2.0,2.00829,2.0,2.5,2.22372,2.14443,2.22675,2.16916,2.5,2.15719,2.36346,2.5,2.5,2.17565,2.5,2.0,2.1707
0.0,0.0,0.0,0.0,0.0,0.5,0.5,0.5,0.96472,1.46472,1.96472,1.46472,0.96472,0.5,0.88077,1.38077,1.5,2.0,2.5,2.5,2.0,2.36322,1.86322,1.36322
0.0,0.0,0.0,0.0,0.0,0.0,0.0,0.0,0.0,0.0,0.0,0.0,0.0,0.0,0.25,0.45,0.65,0.85,1.0,1.0,1.0,1.0,0.8,1.0
0.0,0.0,0.0,0.0,0.0,0.25,0.45,0.65,0.85,0.8,1.0,1.0,1.0,1.0,1.0,1.0,1.0,1.0,1.0,1.0,1.0,1.0,0.8,1.0
0.0,0.0,0.0,0.0,0.0,0.5,0.5,0.5,0.9,1.3,1.7,1.3,0.9,0.5,0.9,1.3,1.2,1.6,2.0,2.0,1.6,2.0,1.6,1.2
1.90932,1.50932,1.10932,0.70932,0.5,0.9,1.3,1.7,1.86875,1.6,2.0,2.0,2.0,2.0,2.0,2.0,2.0,2.0,2.0,2.0,2.0,2.0,1.6,2.0
0.0,0.0,0.0,0.0,0.0,0.25,0.45,0.65,0.85,0.8,1.0,1.0,1.0,1.0,1.0,1.0,1.0,1.0,1.0,1.0,1.0,1.0,0.8,1.0
4.2,3.62673,3.36,2.52,1.68,2.52,3.36,4.2,4.2,3.36,4.2,4.2,4.2,4.2,4.2,4.2,4.2,4.2,4.2,4.2,4.2,4.2,4.15727,4.2
2.35541,1.51541,1.84,1.0,1.0,1.84,2.15678,2.99677,2.52,3.36,4.2,3.36,2.52,2.89818,3.36,4.2,3.36,3.8287,4.2,4.2,3.36,4.2,3.36,2.52053
3.0,3.0,2.92609,2.32609,1.72609,2.32609,2.92609,3.0,3.0,2.4,3.0,3.0,3.0,3.0,3.0,3.0,3.0,3.0,3.0,3.0,3.0,3.0,3.0,3.0
0.0,0.3,0.67757,0.3,0.3,0.8,0.3,0.3,0.3,0.3,0.8,0.3,0.0,0.0,0.0,0.0,0.0,0.3,0.8,0.8,0.3,0.8,0.3,0.0
0.0,0.0,0.0,0.0,0.0,0.1,0.0,0.0,0.0,0.0,0.0,0.0,0.0,0.0,0.0,0.0,0.0,0.0,0.1,0.3,0.1,0.0,0.0,0.0
0.0,0.0,0.0,0.0,0.05,0.28071,0.05,0.0,0.0,0.0,0.0,0.0,0.0,0.0,0.0,0.0,0.0,0.05,0.3,0.3,0.05,0.0,0.0,0.0
0.0,0.0,0.0,0.0,0.0,0.0,0.0,0.0,0.0,0.0,0.0,0.0,0.0,0.0,0.0,0.0,0.0,0.0,0.0,0.0,0.0,0.0,0.0,0.0
0.0,0.0,0.0,0.0,0.0,0.0,0.0,0.0,0.0,0.0,0.0,0.0,0.0,0.0,0.0,0.25,0.40324,0.60324,0.80324,1.0,0.8,0.65,0.45,0.25
0.0,0.0,0.0,0.0,0.0,0.0,0.0,0.0,0.0,0.0,0.0,0.0,0.0,0.0,0.0,0.0,0.0,0.25,0.45,0.62321,0.42321,0.25,0.0,0.0
2.1,1.5,0.0,0.0,0.0,0.0,0.0,0.0,0.0,0.0,1.5,2.1,2.33787,2.89818,2.50624,3.0,2.42478,3.0,3.0,3.0,2.55042,3.0,2.4,2.51667
0.0,0.0,0.0,0.0,0.0,0.0,0.0,0.0,0.0,0.0,0.0,0.0,0.0,0.0,0.0,0.25,0.40324,0.60324,0.80324,1.0,0.8,0.65,0.45,0.25
0.0,0.0,0.0,0.0,0.0,0.1,0.0,0.0,0.0,0.0,0.0,0.0,0.0,0.0,0.0,0.0,0.0,0.0,0.1,0.3,0.1,0.0,0.0,0.0
2.23541,1.63541,1.6,1.0,1.0,1.6,2.14123,2.51181,1.91181,2.4,3.0,2.87759,2.33787,2.89818,2.50624,3.0,2.42478,3.0,3.0,3.0,2.55042,3.0,2.4,2.51667
2.0,2.0,2.0,1.6,1.2,1.6,2.0,2.0,2.0,1.6,2.0,2.0,2.0,2.0,2.0,2.0,2.0,2.0,2.0,2.0,2.0,2.0,2.0,2.0
0.0,0.0,0.0,0.0,0.0,0.0,0.0,0.0,0.0,0.0,0.0,0.0,0.0,0.0,0.0,0.0,0.0,0.0,0.0,0.0,0.0,0.0,0.0,0.0
0.0,0.0,0.2,0.0,0.0,0.2,0.0,0.0,0.0,0.0,0.2,0.0,0.0,0.0,0.0,0.0,0.0,0.2,0.5,0.5,0.2,0.0,0.0,0.0
3.0,3.0,2.92609,2.32609,1.72609,2.32609,2.92609,3.0,3.0,2.4,3.0,3.0,3.0,3.0,3.0,3.0,3.0,3.0,3.0,3.0,3.0,3.0,3.0,3.0
2.23541,1.63541,1.6,1.0,1.0,1.6,2.14123,2.51181,1.91181,2.4,3.0,2.87759,2.33787,2.89818,2.50624,3.0,2.42478,3.0,3.0,3.0,2.55042,3.0,2.4,2.51667
3.0,3.0,2.92609,2.32609,1.72609,2.32609,2.92609,3.0,3.0,2.4,3.0,3.0,3.0,3.0,3.0,3.0,3.0,3.0,3.0,3.0,3.0,3.0,3.0,3.0
0.0,0.0,0.0,0.0,0.0,0.0,0.0,0.0,0.0,0.0,0.0,0.0,0.0,0.0,0.0,0.0,0.0,0.0,0.0,0.0,0.0,0.0,0.0,0.0
0.0,0.0,0.0,0.0,0.0,0.0,0.0,0.0,0.0,0.0,0.0,0.0,0.0,0.0,0.0,0.25,0.40324,0.60324,0.80324,1.0,0.8,0.65,0.45,0.25
0.0,0.0,0.0,0.0,0.0,0.0,0.0,0.0,0.0,0.0,0.0,0.0,0.0,0.0,0.0,0.0,0.0,0.25,0.45,0.62321,0.42321,0.25,0.0,0.0
0.0,0.0,0.0,0.0,0.0,0.0,0.0,0.0,0.0,0.0,0.0,0.0,0.0,0.0,0.0,0.0,0.0,0.0,0.0,0.0,0.0,0.0,0.0,0.0
0.0,0.0,0.0,0.0,0.0,0.25,0.25,0.0,0.0,0.0,0.0,0.0,0.0,0.0,0.0,0.0,0.0,0.0,0.25,0.5,0.25,0.0,0.0,0.0
0.0,0.0,0.0,0.0,0.0,0.0,0.0,0.0,0.0,0.0,0.0,0.0,0.0,0.0,0.0,0.25,0.40324,0.60324,0.80324,1.0,0.8,0.65,0.45,0.25
0.0,0.0,0.0,0.0,0.0,0.0,0.0,0.0,0.0,0.0,0.0,0.0,0.0,0.0,0.0,0.0,0.0,0.25,0.45,0.62321,0.42321,0.25,0.0,0.0
0.0,0.0,0.0,0.0,0.0,0.0,0.0,0.0,0.0,0.0,0.0,0.0,0.0,0.0,0.0,0.25,0.40324,0.60324,0.80324,1.0,0.8,0.65,0.45,0.25
0.0,0.0,0.0,0.0,0.0,0.25,0.25,0.0,0.0,0.0,0.25,0.25,0.0,0.0,0.0,0.0,0.0,0.0,0.25,0.5,0.25,0.0,0.0,0.0
0.0,0.0,0.0,0.0,0.0,0.0,0.0,0.0,0.0,0.0,0.0,0.0,0.0,0.0,0.0,0.0,0.0,0.05,0.3,0.3,0.05,0.0,0.0,0.0
0.0,0.0,0.0,0.0,0.0,0.0,0.0,0.0,0.0,0.0,0.0,0.0,0.0,0.0,0.0,0.0,0.0,0.05,0.3,0.3,0.05,0.0,0.0,0.0
0.0,0.0,0.0,0.0,0.05,0.28071,0.05,0.0,0.0,0.0,0.0,0.0,0.0,0.0,0.0,0.0,0.0,0.0,0.0,0.0,0.0,0.0,0.0,0.0
3.0,3.0,2.92609,2.32609,1.72609,2.32609,2.92609,3.0,3.0,2.4,3.0,3.0,3.0,3.0,3.0,3.0,3.0,3.0,3.0,3.0,3.0,3.0,3.0,3.0
2.23541,1.63541,1.6,1.0,1.0,1.6,2.14123,2.51181,1.91181,2.4,3.0,2.87759,2.33787,2.89818,2.50624,3.0,2.42478,3.0,3.0,3.0,2.55042,3.0,2.4,2.51667
0.0,0.0,0.0,0.0,0.0,0.1,0.0,0.0,0.0,0.0,0.0,0.0,0.0,0.0,0.0,0.0,0.0,0.0,0.1,0.3,0.1,0.0,0.0,0.0
0.0,0.0,0.0,0.0,0.0,0.25,0.45,0.65,0.85,0.8,1.0,1.0,1.0,1.0,1.0,1.0,1.0,1.0,1.0,1.0,1.0,1.0,0.8,1.0
0.0,0.0,0.0,0.0,0.05,0.28071,0.05,0.0,0.0,0.0,0.0,0.0,0.0,0.0,0.0,0.0,0.0,0.0,0.0,0.0,0.0,0.0,0.0,0.0
0.0,0.0,0.0,0.0,0.05,0.28071,0.05,0.0,0.0,0.0,0.0,0.0,0.0,0.0,0.0,0.0,0.0,0.05,0.3,0.3,0.05,0.0,0.0,0.0
3.0,3.0,2.92609,2.32609,1.72609,2.32609,2.92609,3.0,3.0,2.4,3.0,3.0,3.0,3.0,3.0,3.0,3.0,3.0,3.0,3.0,3.0,3.0,3.0,3.0
2.28541,1.58541,1.7,1.0,1.0,1.7,2.14123,2.8,2.1,2.8,3.5,2.87759,2.33787,2.89818,2.8,3.5,2.8,3.5,3.5,3.5,2.8,3.5,2.8,2.51667
0.0,0.0,0.0,0.0,0.0,0.0,0.0,0.0,0.0,0.0,0.0,0.0,0.0,0.0,0.0,0.0,0.0,0.0,0.0,0.0,0.0,0.0,0.0,0.0
0.0,0.0,0.0,0.0,0.0,0.0,0.0,0.0,0.0,0.0,0.0,0.0,0.0,0.0,0.0,0.0,0.0,0.0,0.0,0.0,0.0,0.0,0.0,0.0
0.0,0.0,0.0,0.0,0.0,0.0,0.0,0.0,0.0,0.0,0.0,0.0,0.0,0.0,0.25,0.45,0.65,0.85,1.0,1.0,1.0,1.0,0.8,1.0
0.0,0.0,0.0,0.0,0.0,0.0,0.0,0.0,0.0,0.0,0.0,0.0,0.0,0.0,0.0,0.0,0.0,0.0,0.0,0.0,0.0,0.0,0.0,0.0
0.0,0.0,0.0,0.0,0.0,0.25,0.45,0.65,0.85,0.8,1.0,1.0,1.0,1.0,1.0,1.0,1.0,1.0,1.0,1.0,1.0,1.0,0.8,1.0
0.0,0.0,0.0,0.0,0.0,0.0,0.0,0.0,0.0,0.0,0.0,0.0,0.0,0.0,0.0,0.0,0.0,0.0,0.0,0.0,0.0,0.0,0.0,0.0
0.0,0.0,0.0,0.0,0.0,0.0,0.0,0.0,0.0,0.0,0.0,0.0,0.0,0.0,0.0,0.0,0.0,0.0,0.08,0.3,0.08,0.0,0.0,0.0
0.0,0.0,0.0,0.0,0.0,0.0,0.0,0.0,0.0,0.0,0.0,0.0,0.0,0.0,0.25,0.45,0.65,0.85,1.0,1.0,1.0,1.0,0.8,1.0
2.22803,1.72803,1.22803,0.72803,0.5,1.0,1.5,2.0,2.00829,2.0,2.5,2.22372,2.14443,2.22675,2.16916,2.5,2.15719,2.36346,2.5,2.5,2.17565,2.5,2.0,2.1707
0.0,0.0,0.0,0.0,0.0,0.5,0.5,0.5,0.96472,1.46472,1.96472,1.46472,0.96472,0.5,0.88077,1.38077,1.5,2.0,2.5,2.5,2.0,2.36322,1.86322,1.36322
0.0,0.0,0.0,0.0,0.0,0.25,0.45,0.65,0.85,0.8,1.0,1.0,1.0,1.0,1.0,1.0,1.0,1.0,1.0,1.0,1.0,1.0,0.8,1.0
0.0,0.0,0.0,0.0,0.0,0.25,0.45,0.65,0.85,0.8,1.0,1.0,1.0,1.0,1.0,1.0,1.0,1.0,1.0,1.0,1.0,1.0,0.8,1.0
0.0,0.0,0.0,0.0,0.0,0.5,0.5,0.5,0.9,1.3,1.7,1.3,0.9,0.5,0.9,1.3,1.2,1.6,2.0,2.0,1.6,2.0,1.6,1.2
1.90932,1.50932,1.10932,0.70932,0.5,0.9,1.3,1.7,1.86875,1.6,2.0,2.0,2.0,2.0,2.0,2.0,2.0,2.0,2.0,2.0,2.0,2.0,1.6,2.0
0.0,0.0,0.0,0.0,0.0,0.25,0.45,0.65,0.85,0.8,1.0,1.0,1.0,1.0,1.0,1.0,1.0,1.0,1.0,1.0,1.0,1.0,0.8,1.0
4.2,3.62673,3.36,2.52,1.68,2.52,3.36,4.2,4.2,3.36,4.2,4.2,4.2,4.2,4.2,4.2,4.2,4.2,4.2,4.2,4.2,4.2,4.15727,4.2
2.35541,1.51541,1.84,1.0,1.0,1.84,2.15678,2.99677,2.52,3.36,4.2,3.36,2.52,2.89818,3.36,4.2,3.36,3.8287,4.2,4.2,3.36,4.2,3.36,2.52053
3.0,3.0,2.92609,2.32609,1.72609,2.32609,2.92609,3.0,3.0,2.4,3.0,3.0,3.0,3.0,3.0,3.0,3.0,3.0,3.0,3.0,3.0,3.0,3.0,3.0
0.0,0.3,0.67757,0.3,0.3,0.8,0.3,0.3,0.3,0.3,0.8,0.3,0.0,0.0,0.0,0.0,0.0,0.3,0.8,0.8,0.3,0.8,0.3,0.0
0.0,0.0,0.0,0.0,0.0,0.1,0.0,0.0,0.0,0.0,0.0,0.0,0.0,0.0,0.0,0.0,0.0,0.0,0.1,0.3,0.1,0.0,0.0,0.0
0.0,0.0,0.0,0.0,0.05,0.28071,0.05,0.0,0.0,0.0,0.0,0.0,0.0,0.0,0.0,0.0,0.0,0.05,0.3,0.3,0.05,0.0,0.0,0.0
0.0,0.0,0.0,0.0,0.0,0.0,0.0,0.0,0.0,0.0,0.0,0.0,0.0,0.0,0.0,0.0,0.0,0.0,0.0,0.0,0.0,0.0,0.0,0.0
0.0,0.0,0.0,0.0,0.0,0.0,0.0,0.0,0.0,0.0,0.0,0.0,0.0,0.0,0.0,0.25,0.40324,0.60324,0.80324,1.0,0.8,0.65,0.45,0.25
0.0,0.0,0.0,0.0,0.0,0.0,0.0,0.0,0.0,0.0,0.0,0.0,0.0,0.0,0.0,0.0,0.0,0.25,0.45,0.62321,0.42321,0.25,0.0,0.0
2.1,1.5,0.0,0.0,0.0,0.0,0.0,0.0,0.0,0.0,1.5,2.1,2.33787,2.89818,2.50624,3.0,2.42478,3.0,3.0,3.0,2.55042,3.0,2.4,2.51667
0.0,0.0,0.0,0.0,0.0,0.0,0.0,0.0,0.0,0.0,0.0,0.0,0.0,0.0,0.0,0.25,0.40324,0.60324,0.80324,1.0,0.8,0.65,0.45,0.25
0.0,0.0,0.0,0.0,0.0,0.1,0.0,0.0,0.0,0.0,0.0,0.0,0.0,0.0,0.0,0.0,0.0,0.0,0.1,0.3,0.1,0.0,0.0,0.0
2.23541,1.63541,1.6,1.0,1.0,1.6,2.14123,2.51181,1.91181,2.4,3.0,2.87759,2.33787,2.89818,2.50624,3.0,2.42478,3.0,3.0,3.0,2.55042,3.0,2.4,2.51667
2.0,2.0,2.0,1.6,1.2,1.6,2.0,2.0,2.0,1.6,2.0,2.0,2.0,2.0,2.0,2.0,2.0,2.0,2.0,2.0,2.0,2.0,2.0,2.0
0.0,0.0,0.0,0.0,0.0,0.0,0.0,0.0,0.0,0.0,0.0,0.0,0.0,0.0,0.0,0.0,0.0,0.0,0.0,0.0,0.0,0.0,0.0,0.0
0.0,0.0,0.2,0.0,0.0,0.2,0.0,0.0,0.0,0.0,0.2,0.0,0.0,0.0,0.0,0.0,0.0,0.2,0.5,0.5,0.2,0.0,0.0,0.0
3.0,3.0,2.92609,2.32609,1.72609,2.32609,2.92609,3.0,3.0,2.4,3.0,3.0,3.0,3.0,3.0,3.0,3.0,3.0,3.0,3.0,3.0,3.0,3.0,3.0
2.23541,1.63541,1.6,1.0,1.0,1.6,2.14123,2.51181,1.91181,2.4,3.0,2.87759,2.33787,2.89818,2.50624,3.0,2.42478,3.0,3.0,3.0,2.55042,3.0,2.4,2.51667
3.0,3.0,2.92609,2.32609,1.72609,2.32609,2.92609,3.0,3.0,2.4,3.0,3.0,3.0,3.0,3.0,3.0,3.0,3.0,3.0,3.0,3.0,3.0,3.0,3.0
0.0,0.0,0.0,0.0,0.0,0.0,0.0,0.0,0.0,0.0,0.0,0.0,0.0,0.0,0.0,0.0,0.0,0.0,0.0,0.0,0.0,0.0,0.0,0.0
0.0,0.0,0.0,0.0,0.0,0.0,0.0,0.0,0.0,0.0,0.0,0.0,0.0,0.0,0.0,0.25,0.40324,0.60324,0.80324,1.0,0.8,0.65,0.45,0.25
0.0,0.0,0.0,0.0,0.0,0.0,0.0,0.0,0.0,0.0,0.0,0.0,0.0,0.0,0.0,0.0,0.0,0.25,0.45,0.62321,0.42321,0.25,0.0,0.0
0.0,0.0,0.0,0.0,0.0,0.0,0.0,0.0,0.0,0.0,0.0,0.0,0.0,0.0,0.0,0.0,0.0,0.0,0.0,0.0,0.0,0.0,0.0,0.0
0.0,0.0,0.0,0.0,0.0,0.25,0.25,0.0,0.0,0.0,0.0,0.0,0.0,0.0,0.0,0.0,0.0,0.0,0.25,0.5,0.25,0.0,0.0,0.0
0.0,0.0,0.0,0.0,0.0,0.0,0.0,0.0,0.0,0.0,0.0,0.0,0.0,0.0,0.0,0.25,0.40324,0.60324,0.80324,1.0,0.8,0.65,0.45,0.25
0.0,0.0,0.0,0.0,0.0,0.0,0.0,0.0,0.0,0.0,0.0,0.0,0.0,0.0,0.0,0.0,0.0,0.25,0.45,0.62321,0.42321,0.25,0.0,0.0
0.0,0.0,0.0,0.0,0.0,0.0,0.0,0.0,0.0,0.0,0.0,0.0,0.0,0.0,0.0,0.25,0.40324,0.60324,0.80324,1.0,0.8,0.65,0.45,0.25
0.0,0.0,0.0,0.0,0.0,0.25,0.25,0.0,0.0,0.0,0.25,0.25,0.0,0.0,0.0,0.0,0.0,0.0,0.25,0.5,0.25,0.0,0.0,0.0
0.0,0.0,0.0,0.0,0.0,0.0,0.0,0.0,0.0,0.0,0.0,0.0,0.0,0.0,0.0,0.0,0.0,0.05,0.3,0.3,0.05,0.0,0.0,0.0
0.0,0.0,0.0,0.0,0.0,0.0,0.0,0.0,0.0,0.0,0.0,0.0,0.0,0.0,0.0,0.0,0.0,0.05,0.3,0.3,0.05,0.0,0.0,0.0
0.0,0.0,0.0,0.0,0.05,0.28071,0.05,0.0,0.0,0.0,0.0,0.0,0.0,0.0,0.0,0.0,0.0,0.0,0.0,0.0,0.0,0.0,0.0,0.0
3.0,3.0,2.92609,2.32609,1.72609,2.32609,2.92609,3.0,3.0,2.4,3.0,3.0,3.0,3.0,3.0,3.0,3.0,3.0,3.0,3.0,3.0,3.0,3.0,3.0
2.23541,1.63541,1.6,1.0,1.0,1.6,2.14123,2.51181,1.91181,2.4,3.0,2.87759,2.33787,2.89818,2.50624,3.0,2.42478,3.0,3.0,3.0,2.55042,3.0,2.4,2.51667
0.0,0.0,0.0,0.0,0.0,0.1,0.0,0.0,0.0,0.0,0.0,0.0,0.0,0.0,0.0,0.0,0.0,0.0,0.1,0.3,0.1,0.0,0.0,0.0
0.0,0.0,0.0,0.0,0.0,0.25,0.45,0.65,0.85,0.8,1.0,1.0,1.0,1.0,1.0,1.0,1.0,1.0,1.0,1.0,1.0,1.0,0.8,1.0
0.0,0.0,0.0,0.0,0.05,0.28071,0.05,0.0,0.0,0.0,0.0,0.0,0.0,0.0,0.0,0.0,0.0,0.0,0.0,0.0,0.0,0.0,0.0,0.0
0.0,0.0,0.0,0.0,0.05,0.28071,0.05,0.0,0.0,0.0,0.0,0.0,0.0,0.0,0.0,0.0,0.0,0.05,0.3,0.3,0.05,0.0,0.0,0.0
3.0,3.0,2.92609,2.32609,1.72609,2.32609,2.92609,3.0,3.0,2.4,3.0,3.0,3.0,3.0,3.0,3.0,3.0,3.0,3.0,3.0,3.0,3.0,3.0,3.0
2.28541,1.58541,1.7,1.0,1.0,1.7,2.14123,2.8,2.1,2.8,3.5,2.87759,2.33787,2.89818,2.8,3.5,2.8,3.5,3.5,3.5,2.8,3.5,2.8,2.51667
0.0,0.0,0.0,0.0,0.0,0.0,0.0,0.0,0.0,0.0,0.0,0.0,0.0,0.0,0.0,0.0,0.0,0.0,0.0,0.0,0.0,0.0,0.0,0.0
0.0,0.0,0.0,0.0,0.0,0.0,0.0,0.0,0.0,0.0,0.0,0.0,0.0,0.0,0.0,0.0,0.0,0.0,0.0,0.0,0.0,0.0,0.0,0.0
0.0,0.0,0.0,0.0,0.0,0.0,0.0,0.0,0.0,0.0,0.0,0.0,0.0,0.0,0.25,0.45,0.65,0.85,1.0,1.0,1.0,1.0,0.8,1.0
0.0,0.0,0.0,0.0,0.0,0.0,0.0,0.0,0.0,0.0,0.0,0.0,0.0,0.0,0.0,0.0,0.0,0.0,0.0,0.0,0.0,0.0,0.0,0.0
0.0,0.0,0.0,0.0,0.0,0.25,0.45,0.65,0.85,0.8,1.0,1.0,1.0,1.0,1.0,1.0,1.0,1.0,1.0,1.0,1.0,1.0,0.8,1.0
0.0,0.0,0.0,0.0,0.0,0.0,0.0,0.0,0.0,0.0,0.0,0.0,0.0,0.0,0.0,0.0,0.0,0.0,0.0,0.0,0.0,0.0,0.0,0.0
0.0,0.0,0.0,0.0,0.0,0.0,0.0,0.0,0.0,0.0,0.0,0.0,0.0,0.0,0.0,0.0,0.0,0.0,0.08,0.3,0.08,0.0,0.0,0.0
0.0,0.0,0.0,0.0,0.0,0.25,0.45,0.65,0.85,0.8,1.0,1.0,1.0,1.0,1.0,1.0,1.0,1.0,1.0,1.0,1.0,1.0,0.8,1.0
2.22803,1.72803,1.22803,0.72803,0.5,1.0,1.5,2.0,2.00829,2.0,2.5,2.22372,2.14443,2.22675,2.16916,2.5,2.15719,2.36346,2.5,2.5,2.17565,2.5,2.0,2.1707
0.0,0.0,0.0,0.0,0.0,0.5,0.5,0.5,0.96472,1.46472,1.96472,1.46472,0.96472,0.5,0.88077,1.38077,1.5,2.0,2.5,2.5,2.0,2.36322,1.86322,1.36322
0.0,0.0,0.0,0.0,0.0,0.25,0.45,0.65,0.85,0.8,1.0,1.0,1.0,1.0,1.0,1.0,1.0,1.0,1.0,1.0,1.0,1.0,0.8,1.0
0.0,0.0,0.0,0.0,0.0,0.25,0.45,0.65,0.85,0.8,1.0,1.0,1.0,1.0,1.0,1.0,1.0,1.0,1.0,1.0,1.0,1.0,0.8,1.0
0.0,0.0,0.0,0.0,0.0,0.5,0.5,0.5,0.9,1.3,1.7,1.3,0.9,0.5,0.9,1.3,1.2,1.6,2.0,2.0,1.6,2.0,1.6,1.2
1.90932,1.50932,1.10932,0.70932,0.5,0.9,1.3,1.7,1.86875,1.6,2.0,2.0,2.0,2.0,2.0,2.0,2.0,2.0,2.0,2.0,2.0,2.0,1.6,2.0
0.0,0.0,0.0,0.0,0.0,0.25,0.45,0.65,0.85,0.8,1.0,1.0,1.0,1.0,1.0,1.0,1.0,1.0,1.0,1.0,1.0,1.0,0.8,1.0
4.2,3.62673,3.36,2.52,1.68,2.52,3.36,4.2,4.2,3.36,4.2,4.2,4.2,4.2,4.2,4.2,4.2,4.2,4.2,4.2,4.2,4.2,4.15727,4.2
2.35541,1.51541,1.84,1.0,1.0,1.84,2.15678,2.99677,2.52,3.36,4.2,3.36,2.52,2.89818,3.36,4.2,3.36,3.8287,4.2,4.2,3.36,4.2,3.36,2.52053
3.0,3.0,2.92609,2.32609,1.72609,2.32609,2.92609,3.0,3.0,2.4,3.0,3.0,3.0,3.0,3.0,3.0,3.0,3.0,3.0,3.0,3.0,3.0,3.0,3.0
0.0,0.3,0.67757,0.3,0.3,0.8,0.3,0.3,0.3,0.3,0.8,0.3,0.0,0.0,0.0,0.0,0.0,0.3,0.8,0.8,0.3,0.8,0.3,0.0
0.0,0.0,0.0,0.0,0.0,0.1,0.0,0.0,0.0,0.0,0.0,0.0,0.0,0.0,0.0,0.0,0.0,0.0,0.1,0.3,0.1,0.0,0.0,0.0
0.0,0.0,0.0,0.0,0.05,0.28071,0.05,0.0,0.0,0.0,0.0,0.0,0.0,0.0,0.0,0.0,0.0,0.05,0.3,0.3,0.05,0.0,0.0,0.0
0.0,0.0,0.0,0.0,0.0,0.0,0.0,0.0,0.0,0.0,0.0,0.0,0.0,0.0,0.0,0.0,0.0,0.0,0.0,0.0,0.0,0.0,0.0,0.0
0.0,0.0,0.0,0.0,0.0,0.0,0.0,0.0,0.0,0.0,0.0,0.0,0.0,0.0,0.0,0.25,0.40324,0.60324,0.80324,1.0,0.8,0.65,0.45,0.25
0.0,0.0,0.0,0.0,0.0,0.0,0.0,0.0,0.0,0.0,0.0,0.0,0.0,0.0,0.0,0.0,0.0,0.25,0.45,0.62321,0.42321,0.25,0.0,0.0
2.1,1.5,0.0,0.0,0.0,0.0,0.0,0.0,0.0,0.0,1.5,2.1,2.33787,2.89818,2.50624,3.0,2.42478,3.0,3.0,3.0,2.55042,3.0,2.4,2.51667
0.0,0.0,0.0,0.0,0.0,0.0,0.0,0.0,0.0,0.0,0.0,0.0,0.0,0.0,0.0,0.25,0.40324,0.60324,0.80324,1.0,0.8,0.65,0.45,0.25
0.0,0.0,0.0,0.0,0.0,0.1,0.0,0.0,0.0,0.0,0.0,0.0,0.0,0.0,0.0,0.0,0.0,0.0,0.1,0.3,0.1,0.0,0.0,0.0
2.23541,1.63541,1.6,1.0,1.0,1.6,2.14123,2.51181,1.91181,2.4,3.0,2.87759,2.33787,2.89818,2.50624,3.0,2.42478,3.0,3.0,3.0,2.55042,3.0,2.4,2.51667
2.0,2.0,2.0,1.6,1.2,1.6,2.0,2.0,2.0,1.6,2.0,2.0,2.0,2.0,2.0,2.0,2.0,2.0,2.0,2.0,2.0,2.0,2.0,2.0
0.0,0.0,0.0,0.0,0.0,0.0,0.0,0.0,0.0,0.0,0.0,0.0,0.0,0.0,0.0,0.0,0.0,0.0,0.0,0.0,0.0,0.0,0.0,0.0
0.0,0.0,0.2,0.0,0.0,0.2,0.0,0.0,0.0,0.0,0.2,0.0,0.0,0.0,0.0,0.0,0.0,0.2,0.5,0.5,0.2,0.0,0.0,0.0
3.0,3.0,2.92609,2.32609,1.72609,2.32609,2.92609,3.0,3.0,2.4,3.0,3.0,3.0,3.0,3.0,3.0,3.0,3.0,3.0,3.0,3.0,3.0,3.0,3.0
2.23541,1.63541,1.6,1.0,1.0,1.6,2.14123,2.51181,1.91181,2.4,3.0,2.87759,2.33787,2.89818,2.50624,3.0,2.42478,3.0,3.0,3.0,2.55042,3.0,2.4,2.51667
3.0,3.0,2.92609,2.32609,1.72609,2.32609,2.92609,3.0,3.0,2.4,3.0,3.0,3.0,3.0,3.0,3.0,3.0,3.0,3.0,3.0,3.0,3.0,3.0,3.0
0.0,0.0,0.0,0.0,0.0,0.0,0.0,0.0,0.0,0.0,0.0,0.0,0.0,0.0,0.0,0.0,0.0,0.0,0.0,0.0,0.0,0.0,0.0,0.0
0.0,0.0,0.0,0.0,0.0,0.0,0.0,0.0,0.0,0.0,0.0,0.0,0.0,0.0,0.0,0.25,0.40324,0.60324,0.80324,1.0,0.8,0.65,0.45,0.25
0.0,0.0,0.0,0.0,0.0,0.0,0.0,0.0,0.0,0.0,0.0,0.0,0.0,0.0,0.0,0.0,0.0,0.25,0.45,0.62321,0.42321,0.25,0.0,0.0
0.0,0.0,0.0,0.0,0.0,0.0,0.0,0.0,0.0,0.0,0.0,0.0,0.0,0.0,0.0,0.0,0.0,0.0,0.0,0.0,0.0,0.0,0.0,0.0
0.25,0.25,0.25,0.0,0.0,0.25,0.25,0.0,0.0,0.0,0.0,0.0,0.0,0.0,0.0,0.0,0.0,0.0,0.25,0.5,0.25,0.0,0.0,0.0
0.0,0.0,0.0,0.0,0.0,0.0,0.0,0.0,0.0,0.0,0.0,0.0,0.0,0.0,0.0,0.25,0.40324,0.60324,0.80324,1.0,0.8,0.65,0.45,0.25
0.0,0.0,0.0,0.0,0.0,0.0,0.0,0.0,0.0,0.0,0.0,0.0,0.0,0.0,0.0,0.0,0.0,0.25,0.45,0.62321,0.42321,0.25,0.0,0.0
0.0,0.0,0.0,0.0,0.0,0.0,0.0,0.0,0.0,0.0,0.0,0.0,0.0,0.0,0.0,0.25,0.40324,0.60324,0.80324,1.0,0.8,0.65,0.45,0.25
0.0,0.0,0.0,0.0,0.0,0.25,0.25,0.0,0.0,0.0,0.25,0.25,0.0,0.0,0.0,0.0,0.0,0.0,0.25,0.5,0.25,0.0,0.0,0.0
0.0,0.0,0.0,0.0,0.0,0.0,0.0,0.0,0.0,0.0,0.0,0.0,0.0,0.0,0.0,0.0,0.0,0.05,0.3,0.3,0.05,0.0,0.0,0.0
0.0,0.0,0.0,0.0,0.0,0.0,0.0,0.0,0.0,0.0,0.0,0.0,0.0,0.0,0.0,0.0,0.0,0.05,0.3,0.3,0.05,0.0,0.0,0.0
0.0,0.0,0.0,0.0,0.05,0.28071,0.05,0.0,0.0,0.0,0.0,0.0,0.0,0.0,0.0,0.0,0.0,0.0,0.0,0.0,0.0,0.0,0.0,0.0
3.0,3.0,2.92609,2.32609,1.72609,2.32609,2.92609,3.0,3.0,2.4,3.0,3.0,3.0,3.0,3.0,3.0,3.0,3.0,3.0,3.0,3.0,3.0,3.0,3.0
2.23541,1.63541,1.6,1.0,1.0,1.6,2.14123,2.51181,1.91181,2.4,3.0,2.87759,2.33787,2.89818,2.50624,3.0,2.42478,3.0,3.0,3.0,2.55042,3.0,2.4,2.51667
0.0,0.0,0.0,0.0,0.0,0.1,0.0,0.0,0.0,0.0,0.0,0.0,0.0,0.0,0.0,0.0,0.0,0.0,0.1,0.3,0.1,0.0,0.0,0.0
0.0,0.0,0.0,0.0,0.0,0.25,0.45,0.65,0.85,0.8,1.0,1.0,1.0,1.0,1.0,1.0,1.0,1.0,1.0,1.0,1.0,1.0,0.8,1.0
0.0,0.0,0.0,0.0,0.05,0.28071,0.05,0.0,0.0,0.0,0.0,0.0,0.0,0.0,0.0,0.0,0.0,0.0,0.0,0.0,0.0,0.0,0.0,0.0
0.0,0.0,0.0,0.0,0.05,0.28071,0.05,0.0,0.0,0.0,0.0,0.0,0.0,0.0,0.0,0.0,0.0,0.05,0.3,0.3,0.05,0.0,0.0,0.0
3.0,3.0,2.92609,2.32609,1.72609,2.32609,2.92609,3.0,3.0,2.4,3.0,3.0,3.0,3.0,3.0,3.0,3.0,3.0,3.0,3.0,3.0,3.0,3.0,3.0
2.28541,1.58541,1.7,1.0,1.0,1.7,2.14123,2.8,2.1,2.8,3.5,2.87759,2.33787,2.89818,2.8,3.5,2.8,3.5,3.5,3.5,2.8,3.5,2.8,2.51667
0.0,0.0,0.0,0.0,0.0,0.0,0.0,0.0,0.0,0.0,0.0,0.0,0.0,0.0,0.0,0.0,0.0,0.0,0.0,0.0,0.0,0.0,0.0,0.0
0.0,0.0,0.0,0.0,0.0,0.0,0.0,0.0,0.0,0.0,0.0,0.0,0.0,0.0,0.0,0.0,0.0,0.0,0.0,0.0,0.0,0.0,0.0,0.0
0.0,0.0,0.0,0.0,0.0,0.0,0.0,0.0,0.0,0.0,0.0,0.0,0.0,0.0,0.25,0.45,0.65,0.85,1.0,1.0,1.0,1.0,0.8,1.0
0.0,0.0,0.0,0.0,0.0,0.0,0.0,0.0,0.0,0.0,0.0,0.0,0.0,0.0,0.0,0.0,0.0,0.0,0.0,0.0,0.0,0.0,0.0,0.0
0.0,0.0,0.0,0.0,0.0,0.25,0.45,0.65,0.85,0.8,1.0,1.0,1.0,1.0,1.0,1.0,1.0,1.0,1.0,1.0,1.0,1.0,0.8,1.0
0.0,0.0,0.0,0.0,0.0,0.0,0.0,0.0,0.0,0.0,0.0,0.0,0.0,0.0,0.0,0.0,0.0,0.0,0.08,0.3,0.08,0.0,0.0,0.0
0.0,0.0,0.0,0.0,0.0,0.0,0.0,0.0,0.0,0.0,0.0,0.0,0.0,0.0,0.0,0.0,0.0,0.0,0.08,0.3,0.08,0.0,0.0,0.0
0.0,0.0,0.0,0.0,0.0,0.25,0.45,0.65,0.85,0.8,1.0,1.0,1.0,1.0,1.0,1.0,1.0,1.0,1.0,1.0,1.0,1.0,0.8,1.0
2.22803,1.72803,1.22803,0.72803,0.5,1.0,1.5,2.0,2.00829,2.0,2.5,2.22372,2.14443,2.22675,2.16916,2.5,2.15719,2.36346,2.5,2.5,2.17565,2.5,2.0,2.1707
0.0,0.0,0.0,0.0,0.0,0.5,0.5,0.5,0.96472,1.46472,1.96472,1.46472,0.96472,0.5,0.88077,1.38077,1.5,2.0,2.5,2.5,2.0,2.36322,1.86322,1.36322
0.0,0.0,0.0,0.0,0.0,0.25,0.45,0.65,0.85,0.8,1.0,1.0,1.0,1.0,1.0,1.0,1.0,1.0,1.0,1.0,1.0,1.0,0.8,1.0
0.0,0.0,0.0,0.0,0.0,0.25,0.45,0.65,0.85,0.8,1.0,1.0,1.0,1.0,1.0,1.0,1.0,1.0,1.0,1.0,1.0,1.0,0.8,1.0
0.0,0.0,0.0,0.0,0.0,0.5,0.5,0.5,0.9,1.3,1.7,1.3,0.9,0.5,0.9,1.3,1.2,1.6,2.0,2.0,1.6,2.0,1.6,1.2
1.90932,1.50932,1.10932,0.70932,0.5,0.9,1.3,1.7,1.86875,1.6,2.0,2.0,2.0,2.0,2.0,2.0,2.0,2.0,2.0,2.0,2.0,2.0,1.6,2.0
0.0,0.0,0.0,0.0,0.0,0.25,0.45,0.65,0.85,0.8,1.0,1.0,1.0,1.0,1.0,1.0,1.0,1.0,1.0,1.0,1.0,1.0,0.8,1.0
4.2,3.62673,3.36,2.52,1.68,2.52,3.36,4.2,4.2,3.36,4.2,4.2,4.2,4.2,4.2,4.2,4.2,4.2,4.2,4.2,4.2,4.2,4.15727,4.2
2.35541,1.51541,1.84,1.0,1.0,1.84,2.15678,2.99677,2.52,3.36,4.2,3.36,2.52,2.89818,3.36,4.2,3.36,3.8287,4.2,4.2,3.36,4.2,3.36,2.52053
3.0,3.0,2.92609,2.32609,1.72609,2.32609,2.92609,3.0,3.0,2.4,3.0,3.0,3.0,3.0,3.0,3.0,3.0,3.0,3.0,3.0,3.0,3.0,3.0,3.0
0.0,0.3,0.67757,0.3,0.3,0.8,0.3,0.3,0.3,0.3,0.8,0.3,0.0,0.0,0.0,0.0,0.0,0.3,0.8,0.8,0.3,0.8,0.3,0.0
0.0,0.0,0.0,0.0,0.0,0.1,0.0,0.0,0.0,0.0,0.0,0.0,0.0,0.0,0.0,0.0,0.0,0.0,0.1,0.3,0.1,0.0,0.0,0.0
0.0,0.0,0.0,0.0,0.05,0.28071,0.05,0.0,0.0,0.0,0.0,0.0,0.0,0.0,0.0,0.0,0.0,0.05,0.3,0.3,0.05,0.0,0.0,0.0
0.0,0.0,0.0,0.0,0.0,0.0,0.0,0.0,0.0,0.0,0.0,0.0,0.0,0.0,0.0,0.0,0.0,0.05,0.2,0.05,0.0,0.0,0.0,0.0
0.0,0.0,0.0,0.0,0.0,0.0,0.0,0.0,0.0,0.0,0.0,0.0,0.0,0.0,0.0,0.25,0.40324,0.60324,0.80324,1.0,0.8,0.65,0.45,0.25
0.0,0.0,0.0,0.0,0.0,0.0,0.0,0.0,0.0,0.0,0.0,0.0,0.0,0.0,0.0,0.0,0.0,0.25,0.45,0.62321,0.42321,0.25,0.0,0.0
2.1,1.5,0.0,0.0,0.0,0.0,0.0,0.0,0.0,0.0,1.5,2.1,2.33787,2.89818,2.50624,3.0,2.42478,3.0,3.0,3.0,2.55042,3.0,2.4,2.51667
0.0,0.0,0.0,0.0,0.0,0.0,0.0,0.0,0.0,0.0,0.0,0.0,0.0,0.0,0.0,0.25,0.40324,0.60324,0.80324,1.0,0.8,0.65,0.45,0.25
0.1,0.0,0.0,0.0,0.0,0.1,0.0,0.0,0.0,0.0,0.0,0.0,0.0,0.0,0.0,0.0,0.0,0.0,0.1,0.3,0.1,0.0,0.0,0.0
2.23541,1.63541,1.6,1.0,1.0,1.6,2.14123,2.51181,1.91181,2.4,3.0,2.87759,2.33787,2.89818,2.50624,3.0,2.42478,3.0,3.0,3.0,2.55042,3.0,2.4,2.51667
2.0,2.0,2.0,1.6,1.2,1.6,2.0,2.0,2.0,1.6,2.0,2.0,2.0,2.0,2.0,2.0,2.0,2.0,2.0,2.0,2.0,2.0,2.0,2.0
0.0,0.0,0.0,0.0,0.0,0.0,0.0,0.0,0.0,0.0,0.0,0.0,0.0,0.0,0.0,0.0,0.0,0.0,0.0,0.0,0.0,0.0,0.0,0.0
0.0,0.0,0.2,0.0,0.0,0.2,0.0,0.0,0.0,0.0,0.2,0.0,0.0,0.0,0.0,0.0,0.0,0.2,0.5,0.5,0.2,0.0,0.0,0.0
3.0,3.0,2.92609,2.32609,1.72609,2.32609,2.92609,3.0,3.0,2.4,3.0,3.0,3.0,3.0,3.0,3.0,3.0,3.0,3.0,3.0,3.0,3.0,3.0,3.0
2.23541,1.63541,1.6,1.0,1.0,1.6,2.14123,2.51181,1.91181,2.4,3.0,2.87759,2.33787,2.89818,2.50624,3.0,2.42478,3.0,3.0,3.0,2.55042,3.0,2.4,2.51667
3.0,3.0,2.92609,2.32609,1.72609,2.32609,2.92609,3.0,3.0,2.4,3.0,3.0,3.0,3.0,3.0,3.0,3.0,3.0,3.0,3.0,3.0,3.0,3.0,3.0
0.0,0.0,0.0,0.0,0.0,0.0,0.0,0.0,0.0,0.0,0.0,0.0,0.0,0.0,0.0,0.0,0.0,0.0,0.0,0.0,0.0,0.0,0.0,0.0
0.0,0.0,0.0,0.0,0.0,0.0,0.0,0.0,0.0,0.0,0.0,0.0,0.0,0.0,0.0,0.25,0.40324,0.60324,0.80324,1.0,0.8,0.65,0.45,0.25
0.0,0.0,0.0,0.0,0.0,0.0,0.0,0.0,0.0,0.0,0.0,0.0,0.0,0.0,0.0,0.0,0.0,0.25,0.45,0.62321,0.42321,0.25,0.0,0.0
0.0,0.0,0.0,0.0,0.0,0.0,0.0,0.0,0.0,0.0,0.0,0.0,0.0,0.0,0.0,0.0,0.0,0.0,0.0,0.0,0.0,0.0,0.0,0.0
0.25,0.25,0.0,0.0,0.0,0.25,0.25,0.0,0.0,0.0,0.0,0.0,0.0,0.0,0.0,0.0,0.0,0.0,0.25,0.5,0.25,0.0,0.0,0.0
0.0,0.0,0.0,0.0,0.0,0.0,0.0,0.0,0.0,0.0,0.0,0.0,0.0,0.0,0.0,0.25,0.40324,0.60324,0.80324,1.0,0.8,0.65,0.45,0.25
0.0,0.0,0.0,0.0,0.0,0.0,0.0,0.0,0.0,0.0,0.0,0.0,0.0,0.0,0.0,0.0,0.0,0.25,0.45,0.62321,0.42321,0.25,0.0,0.0
0.0,0.0,0.0,0.0,0.0,0.0,0.0,0.0,0.0,0.0,0.0,0.0,0.0,0.0,0.0,0.25,0.40324,0.60324,0.80324,1.0,0.8,0.65,0.45,0.25
0.0,0.0,0.0,0.0,0.0,0.25,0.25,0.0,0.0,0.0,0.25,0.25,0.0,0.0,0.0,0.0,0.0,0.0,0.25,0.5,0.25,0.0,0.0,0.0
