Set parameter Username
Set parameter LicenseID to value 2826524
Academic license - for non-commercial use only - expires 2027-05-22
Set parameter Username
Set parameter LicenseID to value 2826524
Academic license - for non-commercial use only - expires 2027-05-22
Set parameter Username
Set parameter LicenseID to value 2826524
Academic license - for non-commercial use only - expires 2027-05-22
Set parameter Username
Set parameter LicenseID to value 2826524
Academic license - for non-commercial use only - expires 2027-05-22
Set parameter Username
Set parameter LicenseID to value 2826524
Academic license - for non-commercial use only - expires 2027-05-22
Set parameter Username
Set parameter LicenseID to value 2826524
Academic license - for non-commercial use only - expires 2027-05-22
Set parameter Username
Set parameter LicenseID to value 2826524
Academic license - for non-commercial use only - expires 2027-05-22
Set parameter Username
Set parameter LicenseID to value 2826524
Academic license - for non-commercial use only - expires 2027-05-22
Set parameter Username
Set parameter LicenseID to value 2826524
Academic license - for non-commercial use only - expires 2027-05-22
Set parameter Username
Set parameter LicenseID to value 2826524
Academic license - for non-commercial use only - expires 2027-05-22
Set parameter Username
Set parameter LicenseID to value 2826524
Academic license - for non-commercial use only - expires 2027-05-22
Set parameter Username
Set parameter LicenseID to value 2826524
Academic license - for non-commercial use only - expires 2027-05-22
Set parameter Username
Set parameter LicenseID to value 2826524
Academic license - for non-commercial use only - expires 2027-05-22
Set parameter Username
Set parameter LicenseID to value 2826524
Academic license - for non-commercial use only - expires 2027-05-22
Set parameter Username
Set parameter LicenseID to value 2826524
Academic license - for non-commercial use only - expires 2027-05-22
Set parameter Username
Set parameter LicenseID to value 2826524
Academic license - for non-commercial use only - expires 2027-05-22
Set parameter Username
Set parameter LicenseID to value 2826524
Academic license - for non-commercial use only - expires 2027-05-22
Set parameter Username
Set parameter LicenseID to value 2826524
Academic license - for non-commercial use only - expires 2027-05-22
Set parameter Username
Set parameter LicenseID to value 2826524
Academic license - for non-commercial use only - expires 2027-05-22
Set parameter Username
Set parameter LicenseID to value 2826524
Academic license - for non-commercial use only - expires 2027-05-22
Set parameter Username
Set parameter LicenseID to value 2826524
Academic license - for non-commercial use only - expires 2027-05-22
Set parameter Username
Set parameter LicenseID to value 2826524
Academic license - for non-commercial use only - expires 2027-05-22
Set parameter Username
Set parameter LicenseID to value 2826524
Academic license - for non-commercial use only - expires 2027-05-22
Set parameter Username
Set parameter LicenseID to value 2826524
Academic license - for non-commercial use only - expires 2027-05-22
Set parameter Username
Set parameter LicenseID to value 2826524
Academic license - for non-commercial use only - expires 2027-05-22
Set parameter Username
Set parameter LicenseID to value 2826524
Academic license - for non-commercial use only - expires 2027-05-22
Set parameter Username
Set parameter LicenseID to value 2826524
Academic license - for non-commercial use only - expires 2027-05-22
Set parameter Username
Set parameter LicenseID to value 2826524
Academic license - for non-commercial use only - expires 2027-05-22
Set parameter Username
Set parameter LicenseID to value 2826524
Academic license - for non-commercial use only - expires 2027-05-22
Set parameter Username
Set parameter LicenseID to value 2826524
Academic license - for non-commercial use only - expires 2027-05-22
Set parameter Username
Set parameter LicenseID to value 2826524
Academic license - for non-commercial use only - expires 2027-05-22
Set parameter Username
Set parameter LicenseID to value 2826524
Academic license - for non-commercial use only - expires 2027-05-22
Set parameter Username
Set parameter LicenseID to value 2826524
Academic license - for non-commercial use only - expires 2027-05-22
Set parameter Username
Set parameter LicenseID to value 2826524
Academic license - for non-commercial use only - expires 2027-05-22
Set parameter Username
Set parameter LicenseID to value 2826524
Academic license - for non-commercial use only - expires 2027-05-22
Set parameter Username
Set parameter LicenseID to value 2826524
Academic license - for non-commercial use only - expires 2027-05-22
Set parameter Username
Set parameter LicenseID to value 2826524
Academic license - for non-commercial use only - expires 2027-05-22
Set parameter Username
Set parameter LicenseID to value 2826524
Academic license - for non-commercial use only - expires 2027-05-22
Set parameter Username
Set parameter LicenseID to value 2826524
Academic license - for non-commercial use only - expires 2027-05-22
Set parameter Username
Set parameter LicenseID to value 2826524
Academic license - for non-commercial use only - expires 2027-05-22
Set parameter Username
Set parameter LicenseID to value 2826524
Academic license - for non-commercial use only - expires 2027-05-22
Set parameter Username
Set parameter LicenseID to value 2826524
Academic license - for non-commercial use only - expires 2027-05-22
Set parameter Username
Set parameter LicenseID to value 2826524
Academic license - for non-commercial use only - expires 2027-05-22
Set parameter Username
Set parameter LicenseID to value 2826524
Academic license - for non-commercial use only - expires 2027-05-22
Set parameter Username
Set parameter LicenseID to value 2826524
Academic license - for non-commercial use only - expires 2027-05-22
Set parameter Username
Set parameter LicenseID to value 2826524
Academic license - for non-commercial use only - expires 2027-05-22
Set parameter Username
Set parameter LicenseID to value 2826524
Academic license - for non-commercial use only - expires 2027-05-22
Set parameter Username
Set parameter LicenseID to value 2826524
Academic license - for non-commercial use only - expires 2027-05-22
Set parameter Username
Set parameter LicenseID to value 2826524
Academic license - for non-commercial use only - expires 2027-05-22
Set parameter Username
Set parameter LicenseID to value 2826524
Academic license - for non-commercial use only - expires 2027-05-22
Set parameter Username
Set parameter LicenseID to value 2826524
Academic license - for non-commercial use only - expires 2027-05-22
Set parameter Username
Set parameter LicenseID to value 2826524
Academic license - for non-commercial use only - expires 2027-05-22
Set parameter Username
Set parameter LicenseID to value 2826524
Academic license - for non-commercial use only - expires 2027-05-22
Set parameter Username
Set parameter LicenseID to value 2826524
Academic license - for non-commercial use only - expires 2027-05-22
Set parameter Username
Set parameter LicenseID to value 2826524
Academic license - for non-commercial use only - expires 2027-05-22
Set parameter Username
Set parameter LicenseID to value 2826524
Academic license - for non-commercial use only - expires 2027-05-22
Set parameter Username
Set parameter LicenseID to value 2826524
Academic license - for non-commercial use only - expires 2027-05-22
Set parameter Username
Set parameter LicenseID to value 2826524
Academic license - for non-commercial use only - expires 2027-05-22
Set parameter Username
Set parameter LicenseID to value 2826524
Academic license - for non-commercial use only - expires 2027-05-22
Set parameter Username
Set parameter LicenseID to value 2826524
Academic license - for non-commercial use only - expires 2027-05-22
Set parameter Username
Set parameter LicenseID to value 2826524
Academic license - for non-commercial use only - expires 2027-05-22
Set parameter Username
Set parameter LicenseID to value 2826524
Academic license - for non-commercial use only - expires 2027-05-22
Set parameter Username
Set parameter LicenseID to value 2826524
Academic license - for non-commercial use only - expires 2027-05-22
Set parameter Username
Set parameter LicenseID to value 2826524
Academic license - for non-commercial use only - expires 2027-05-22
Set parameter Username
Set parameter LicenseID to value 2826524
Academic license - for non-commercial use only - expires 2027-05-22
Set parameter Username
Set parameter LicenseID to value 2826524
Academic license - for non-commercial use only - expires 2027-05-22
Set parameter Username
Set parameter LicenseID to value 2826524
Academic license - for non-commercial use only - expires 2027-05-22
Set parameter Username
Set parameter LicenseID to value 2826524
Academic license - for non-commercial use only - expires 2027-05-22
Set parameter Username
Set parameter LicenseID to value 2826524
Academic license - for non-commercial use only - expires 2027-05-22
Set parameter Username
Set parameter LicenseID to value 2826524
Academic license - for non-commercial use only - expires 2027-05-22
Set parameter Username
Set parameter LicenseID to value 2826524
Academic license - for non-commercial use only - expires 2027-05-22
Set parameter Username
Set parameter LicenseID to value 2826524
Academic license - for non-commercial use only - expires 2027-05-22
Set parameter Username
Set parameter LicenseID to value 2826524
Academic license - for non-commercial use only - expires 2027-05-22
Set parameter Username
Set parameter LicenseID to value 2826524
Academic license - for non-commercial use only - expires 2027-05-22
Set parameter Username
Set parameter LicenseID to value 2826524
Academic license - for non-commercial use only - expires 2027-05-22
Set parameter Username
Set parameter LicenseID to value 2826524
Academic license - for non-commercial use only - expires 2027-05-22
Set parameter Username
Set parameter LicenseID to value 2826524
Academic license - for non-commercial use only - expires 2027-05-22
Set parameter Username
Set parameter LicenseID to value 2826524
Academic license - for non-commercial use only - expires 2027-05-22
Set parameter Username
Set parameter LicenseID to value 2826524
Academic license - for non-commercial use only - expires 2027-05-22
Set parameter Username
Set parameter LicenseID to value 2826524
Academic license - for non-commercial use only - expires 2027-05-22
Set parameter Username
Set parameter LicenseID to value 2826524
Academic license - for non-commercial use only - expires 2027-05-22
Set parameter Username
Set parameter LicenseID to value 2826524
Academic license - for non-commercial use only - expires 2027-05-22
Set parameter Username
Set parameter LicenseID to value 2826524
Academic license - for non-commercial use only - expires 2027-05-22
Set parameter Username
Set parameter LicenseID to value 2826524
Academic license - for non-commercial use only - expires 2027-05-22
Set parameter Username
Set parameter LicenseID to value 2826524
Academic license - for non-commercial use only - expires 2027-05-22
Set parameter Username
Set parameter LicenseID to value 2826524
Academic license - for non-commercial use only - expires 2027-05-22
Set parameter Username
Set parameter LicenseID to value 2826524
Academic license - for non-commercial use only - expires 2027-05-22
Set parameter Username
Set parameter LicenseID to value 2826524
Academic license - for non-commercial use only - expires 2027-05-22
Set parameter Username
Set parameter LicenseID to value 2826524
Academic license - for non-commercial use only - expires 2027-05-22
Set parameter Username
Set parameter LicenseID to value 2826524
Academic license - for non-commercial use only - expires 2027-05-22
Set parameter Username
Set parameter LicenseID to value 2826524
Academic license - for non-commercial use only - expires 2027-05-22
Set parameter Username
Set parameter LicenseID to value 2826524
Academic license - for non-commercial use only - expires 2027-05-22
Set parameter Username
Set parameter LicenseID to value 2826524
Academic license - for non-commercial use only - expires 2027-05-22
Set parameter Username
Set parameter LicenseID to value 2826524
Academic license - for non-commercial use only - expires 2027-05-22
Set parameter Username
Set parameter LicenseID to value 2826524
Academic license - for non-commercial use only - expires 2027-05-22
Set parameter Username
Set parameter LicenseID to value 2826524
Academic license - for non-commercial use only - expires 2027-05-22
Set parameter Username
Set parameter LicenseID to value 2826524
Academic license - for non-commercial use only - expires 2027-05-22
Set parameter Username
Set parameter LicenseID to value 2826524
Academic license - for non-commercial use only - expires 2027-05-22
Set parameter Username
Set parameter LicenseID to value 2826524
Academic license - for non-commercial use only - expires 2027-05-22
Set parameter Username
Set parameter LicenseID to value 2826524
Academic license - for non-commercial use only - expires 2027-05-22
Set parameter Username
Set parameter LicenseID to value 2826524
Academic license - for non-commercial use only - expires 2027-05-22
Set parameter Username
Set parameter LicenseID to value 2826524
Academic license - for non-commercial use only - expires 2027-05-22
Set parameter Username
Set parameter LicenseID to value 2826524
Academic license - for non-commercial use only - expires 2027-05-22
Set parameter Username
Set parameter LicenseID to value 2826524
Academic license - for non-commercial use only - expires 2027-05-22
Set parameter Username
Set parameter LicenseID to value 2826524
Academic license - for non-commercial use only - expires 2027-05-22
Set parameter Username
Set parameter LicenseID to value 2826524
Academic license - for non-commercial use only - expires 2027-05-22
Set parameter Username
Set parameter LicenseID to value 2826524
Academic license - for non-commercial use only - expires 2027-05-22
Set parameter Username
Set parameter LicenseID to value 2826524
Academic license - for non-commercial use only - expires 2027-05-22
Set parameter Username
Set parameter LicenseID to value 2826524
Academic license - for non-commercial use only - expires 2027-05-22
Set parameter Username
Set parameter LicenseID to value 2826524
Academic license - for non-commercial use only - expires 2027-05-22
Set parameter Username
Set parameter LicenseID to value 2826524
Academic license - for non-commercial use only - expires 2027-05-22
Set parameter Username
Set parameter LicenseID to value 2826524
Academic license - for non-commercial use only - expires 2027-05-22
Set parameter Username
Set parameter LicenseID to value 2826524
Academic license - for non-commercial use only - expires 2027-05-22
Set parameter Username
Set parameter LicenseID to value 2826524
Academic license - for non-commercial use only - expires 2027-05-22
Set parameter Username
Set parameter LicenseID to value 2826524
Academic license - for non-commercial use only - expires 2027-05-22
Set parameter Username
Set parameter LicenseID to value 2826524
Academic license - for non-commercial use only - expires 2027-05-22
Set parameter Username
Set parameter LicenseID to value 2826524
Academic license - for non-commercial use only - expires 2027-05-22
Set parameter Username
Set parameter LicenseID to value 2826524
Academic license - for non-commercial use only - expires 2027-05-22
Set parameter Username
Set parameter LicenseID to value 2826524
Academic license - for non-commercial use only - expires 2027-05-22
Set parameter Username
Set parameter LicenseID to value 2826524
Academic license - for non-commercial use only - expires 2027-05-22
Set parameter Username
Set parameter LicenseID to value 2826524
Academic license - for non-commercial use only - expires 2027-05-22
Set parameter Username
Set parameter LicenseID to value 2826524
Academic license - for non-commercial use only - expires 2027-05-22
Set parameter Username
Set parameter LicenseID to value 2826524
Academic license - for non-commercial use only - expires 2027-05-22
Set parameter Username
Set parameter LicenseID to value 2826524
Academic license - for non-commercial use only - expires 2027-05-22
Set parameter Username
Set parameter LicenseID to value 2826524
Academic license - for non-commercial use only - expires 2027-05-22
Set parameter Username
Set parameter LicenseID to value 2826524
Academic license - for non-commercial use only - expires 2027-05-22
Set parameter Username
Set parameter LicenseID to value 2826524
Academic license - for non-commercial use only - expires 2027-05-22
Set parameter Username
Set parameter LicenseID to value 2826524
Academic license - for non-commercial use only - expires 2027-05-22
Set parameter Username
Set parameter LicenseID to value 2826524
Academic license - for non-commercial use only - expires 2027-05-22
Set parameter Username
Set parameter LicenseID to value 2826524
Academic license - for non-commercial use only - expires 2027-05-22
Set parameter Username
Set parameter LicenseID to value 2826524
Academic license - for non-commercial use only - expires 2027-05-22
Set parameter Username
Set parameter LicenseID to value 2826524
Academic license - for non-commercial use only - expires 2027-05-22
Set parameter Username
Set parameter LicenseID to value 2826524
Academic license - for non-commercial use only - expires 2027-05-22
Set parameter Username
Set parameter LicenseID to value 2826524
Academic license - for non-commercial use only - expires 2027-05-22
Set parameter Username
Set parameter LicenseID to value 2826524
Academic license - for non-commercial use only - expires 2027-05-22
Set parameter Username
Set parameter LicenseID to value 2826524
Academic license - for non-commercial use only - expires 2027-05-22
Set parameter Username
Set parameter LicenseID to value 2826524
Academic license - for non-commercial use only - expires 2027-05-22
Set parameter Username
Set parameter LicenseID to value 2826524
Academic license - for non-commercial use only - expires 2027-05-22
Set parameter Username
Set parameter LicenseID to value 2826524
Academic license - for non-commercial use only - expires 2027-05-22
	→ The renewable energy scenarios module loaded.
	→ Input data module loaded and ready for UC modeling.
	→ The [JULIA] environment_config has been loaded.
	→ Constraint modules included and functions exported.
	→ Objective functions module loaded and exported.
	→ Utility functions module loaded and exported.
	→ all boundary conditions validated.

================================================================================
RUNNING CLUSTERED ADAPTIVE OVERLAP WINDOW PCM SIMULATION
================================================================================

Reading project input data...
Step-1: Loading packages and functions...
  Reading data from: D:\GithubClonefiles\module_unitcommitment\.worktrees\108_168h\data\data_118_clustered_pcm.xlsx
  Reading frequency parameters...
  Reading energy storage system data...
  Reading generator, network, and load data...
  Reading data center data...
  Reading hydroelectric power data...
  ✓ All data successfully loaded from Excel file.
Step-2: imput data are loaded
  PCM load profile: baseline
  PCM random seed: 20260809
  Training case signature: ad9979cab0775f56847b561b4b256a356554e6d347dc0dda9cc34097bb528788
  Training cache: MISS (insufficient data -> sampling training will be conducted)
  Load curve horizon used: 180 h
  Wind scenario horizon used: 180 h
  Steady-state overlap mode: ml_prediction
  ML cache miss: sampling and training clustered steady-state overlap model before PCM simulation...

================================================================================
SAMPLING AND CALIBRATING ACCURACY LOSS MAPPING MODEL...
================================================================================
Step-3: Creating dispatching model (Refactored & Modularized)
  Clustered PCM: 108 physical units -> 31 equivalent units (71.3% state reduction; 108 units in non-singleton clusters)
  ✓ True clustered UC completed (31 virtual units)
Step-3: Creating dispatching model (Refactored & Modularized)
  Clustered PCM: 108 physical units -> 31 equivalent units (71.3% state reduction; 108 units in non-singleton clusters)
  ✓ True clustered UC completed (31 virtual units)
PART1: [unit-commitment] calculation result has been saved to: D:\GithubClonefiles\module_unitcommitment\.worktrees\108_168h\output\pcm_com4_loadall_h168_20260823_210543\base\clu_ovl\r01\output/details_schedule_results/pcm_simulation_results/intervels_[1]/res_schedule_commitment_result.txt
Step-3: Creating dispatching model (Refactored & Modularized)
  Clustered PCM: 108 physical units -> 31 equivalent units (71.3% state reduction; 108 units in non-singleton clusters)
  ✓ True clustered UC completed (31 virtual units)
PART1: [unit-commitment] calculation result has been saved to: D:\GithubClonefiles\module_unitcommitment\.worktrees\108_168h\output\pcm_com4_loadall_h168_20260823_210543\base\clu_ovl\r01\output/details_schedule_results/pcm_simulation_results/intervels_[1]/res_schedule_commitment_result.txt
Step-3: Creating dispatching model (Refactored & Modularized)
  Clustered PCM: 108 physical units -> 31 equivalent units (71.3% state reduction; 108 units in non-singleton clusters)
  ✓ True clustered UC completed (31 virtual units)
PART1: [unit-commitment] calculation result has been saved to: D:\GithubClonefiles\module_unitcommitment\.worktrees\108_168h\output\pcm_com4_loadall_h168_20260823_210543\base\clu_ovl\r01\output/details_schedule_results/pcm_simulation_results/intervels_[1]/res_schedule_commitment_result.txt
PART1: [unit-commitment] calculation result has been saved to: D:\GithubClonefiles\module_unitcommitment\.worktrees\108_168h\output\pcm_com4_loadall_h168_20260823_210543\base\clu_ovl\r01\output/details_schedule_results/pcm_simulation_results/intervels_[1]/res_schedule_commitment_result.txt
Step-3: Creating dispatching model (Refactored & Modularized)
  Clustered PCM: 108 physical units -> 31 equivalent units (71.3% state reduction; 108 units in non-singleton clusters)
  ✓ True clustered UC completed (31 virtual units)
Step-3: Creating dispatching model (Refactored & Modularized)
  Clustered PCM: 108 physical units -> 31 equivalent units (71.3% state reduction; 108 units in non-singleton clusters)
  ✓ True clustered UC completed (31 virtual units)
PART1: [unit-commitment] calculation result has been saved to: D:\GithubClonefiles\module_unitcommitment\.worktrees\108_168h\output\pcm_com4_loadall_h168_20260823_210543\base\clu_ovl\r01\output/details_schedule_results/pcm_simulation_results/intervels_[1]/res_schedule_commitment_result.txt
Step-3: Creating dispatching model (Refactored & Modularized)
  Clustered PCM: 108 physical units -> 31 equivalent units (71.3% state reduction; 108 units in non-singleton clusters)
  ✓ True clustered UC completed (31 virtual units)
PART1: [unit-commitment] calculation result has been saved to: D:\GithubClonefiles\module_unitcommitment\.worktrees\108_168h\output\pcm_com4_loadall_h168_20260823_210543\base\clu_ovl\r01\output/details_schedule_results/pcm_simulation_results/intervels_[1]/res_schedule_commitment_result.txt
Step-3: Creating dispatching model (Refactored & Modularized)
  Clustered PCM: 108 physical units -> 31 equivalent units (71.3% state reduction; 108 units in non-singleton clusters)
  ✓ True clustered UC completed (31 virtual units)
PART1: [unit-commitment] calculation result has been saved to: D:\GithubClonefiles\module_unitcommitment\.worktrees\108_168h\output\pcm_com4_loadall_h168_20260823_210543\base\clu_ovl\r01\output/details_schedule_results/pcm_simulation_results/intervels_[1]/res_schedule_commitment_result.txt
PART1: [unit-commitment] calculation result has been saved to: D:\GithubClonefiles\module_unitcommitment\.worktrees\108_168h\output\pcm_com4_loadall_h168_20260823_210543\base\clu_ovl\r01\output/details_schedule_results/pcm_simulation_results/intervels_[1]/res_schedule_commitment_result.txt
Step-3: Creating dispatching model (Refactored & Modularized)
  Clustered PCM: 108 physical units -> 31 equivalent units (71.3% state reduction; 108 units in non-singleton clusters)
  ✓ True clustered UC completed (31 virtual units)
Step-3: Creating dispatching model (Refactored & Modularized)
  Clustered PCM: 108 physical units -> 31 equivalent units (71.3% state reduction; 108 units in non-singleton clusters)
  ✓ True clustered UC completed (31 virtual units)
PART1: [unit-commitment] calculation result has been saved to: D:\GithubClonefiles\module_unitcommitment\.worktrees\108_168h\output\pcm_com4_loadall_h168_20260823_210543\base\clu_ovl\r01\output/details_schedule_results/pcm_simulation_results/intervels_[1]/res_schedule_commitment_result.txt
Step-3: Creating dispatching model (Refactored & Modularized)
  Clustered PCM: 108 physical units -> 31 equivalent units (71.3% state reduction; 108 units in non-singleton clusters)
  ✓ True clustered UC completed (31 virtual units)
PART1: [unit-commitment] calculation result has been saved to: D:\GithubClonefiles\module_unitcommitment\.worktrees\108_168h\output\pcm_com4_loadall_h168_20260823_210543\base\clu_ovl\r01\output/details_schedule_results/pcm_simulation_results/intervels_[1]/res_schedule_commitment_result.txt
Step-3: Creating dispatching model (Refactored & Modularized)
  Clustered PCM: 108 physical units -> 31 equivalent units (71.3% state reduction; 108 units in non-singleton clusters)
  ✓ True clustered UC completed (31 virtual units)
PART1: [unit-commitment] calculation result has been saved to: D:\GithubClonefiles\module_unitcommitment\.worktrees\108_168h\output\pcm_com4_loadall_h168_20260823_210543\base\clu_ovl\r01\output/details_schedule_results/pcm_simulation_results/intervels_[1]/res_schedule_commitment_result.txt
PART1: [unit-commitment] calculation result has been saved to: D:\GithubClonefiles\module_unitcommitment\.worktrees\108_168h\output\pcm_com4_loadall_h168_20260823_210543\base\clu_ovl\r01\output/details_schedule_results/pcm_simulation_results/intervels_[1]/res_schedule_commitment_result.txt
Step-3: Creating dispatching model (Refactored & Modularized)
  Clustered PCM: 108 physical units -> 31 equivalent units (71.3% state reduction; 108 units in non-singleton clusters)
  ✓ True clustered UC completed (31 virtual units)
Step-3: Creating dispatching model (Refactored & Modularized)
  Clustered PCM: 108 physical units -> 31 equivalent units (71.3% state reduction; 108 units in non-singleton clusters)
  ✓ True clustered UC completed (31 virtual units)
PART1: [unit-commitment] calculation result has been saved to: D:\GithubClonefiles\module_unitcommitment\.worktrees\108_168h\output\pcm_com4_loadall_h168_20260823_210543\base\clu_ovl\r01\output/details_schedule_results/pcm_simulation_results/intervels_[1]/res_schedule_commitment_result.txt
Step-3: Creating dispatching model (Refactored & Modularized)
  Clustered PCM: 108 physical units -> 31 equivalent units (71.3% state reduction; 108 units in non-singleton clusters)
  ✓ True clustered UC completed (31 virtual units)
PART1: [unit-commitment] calculation result has been saved to: D:\GithubClonefiles\module_unitcommitment\.worktrees\108_168h\output\pcm_com4_loadall_h168_20260823_210543\base\clu_ovl\r01\output/details_schedule_results/pcm_simulation_results/intervels_[1]/res_schedule_commitment_result.txt
Step-3: Creating dispatching model (Refactored & Modularized)
  Clustered PCM: 108 physical units -> 31 equivalent units (71.3% state reduction; 108 units in non-singleton clusters)
  ✓ True clustered UC completed (31 virtual units)
PART1: [unit-commitment] calculation result has been saved to: D:\GithubClonefiles\module_unitcommitment\.worktrees\108_168h\output\pcm_com4_loadall_h168_20260823_210543\base\clu_ovl\r01\output/details_schedule_results/pcm_simulation_results/intervels_[1]/res_schedule_commitment_result.txt
PART1: [unit-commitment] calculation result has been saved to: D:\GithubClonefiles\module_unitcommitment\.worktrees\108_168h\output\pcm_com4_loadall_h168_20260823_210543\base\clu_ovl\r01\output/details_schedule_results/pcm_simulation_results/intervels_[1]/res_schedule_commitment_result.txt
Step-3: Creating dispatching model (Refactored & Modularized)
  Clustered PCM: 108 physical units -> 31 equivalent units (71.3% state reduction; 108 units in non-singleton clusters)
    5-point output grid is infeasible; retrying this window with 17 points
  Clustered PCM: 108 physical units -> 31 equivalent units (71.3% state reduction; 108 units in non-singleton clusters)
  ✓ True clustered UC completed (31 virtual units)
Step-3: Creating dispatching model (Refactored & Modularized)
  Clustered PCM: 108 physical units -> 31 equivalent units (71.3% state reduction; 108 units in non-singleton clusters)
    5-point output grid is infeasible; retrying this window with 17 points
  Clustered PCM: 108 physical units -> 31 equivalent units (71.3% state reduction; 108 units in non-singleton clusters)
  ✓ True clustered UC completed (31 virtual units)
PART1: [unit-commitment] calculation result has been saved to: D:\GithubClonefiles\module_unitcommitment\.worktrees\108_168h\output\pcm_com4_loadall_h168_20260823_210543\base\clu_ovl\r01\output/details_schedule_results/pcm_simulation_results/intervels_[1]/res_schedule_commitment_result.txt
Step-3: Creating dispatching model (Refactored & Modularized)
  Clustered PCM: 108 physical units -> 31 equivalent units (71.3% state reduction; 108 units in non-singleton clusters)
    5-point output grid is infeasible; retrying this window with 17 points
  Clustered PCM: 108 physical units -> 31 equivalent units (71.3% state reduction; 108 units in non-singleton clusters)
  ✓ True clustered UC completed (31 virtual units)
PART1: [unit-commitment] calculation result has been saved to: D:\GithubClonefiles\module_unitcommitment\.worktrees\108_168h\output\pcm_com4_loadall_h168_20260823_210543\base\clu_ovl\r01\output/details_schedule_results/pcm_simulation_results/intervels_[1]/res_schedule_commitment_result.txt
Step-3: Creating dispatching model (Refactored & Modularized)
  Clustered PCM: 108 physical units -> 31 equivalent units (71.3% state reduction; 108 units in non-singleton clusters)
    5-point output grid is infeasible; retrying this window with 17 points
  Clustered PCM: 108 physical units -> 31 equivalent units (71.3% state reduction; 108 units in non-singleton clusters)
  ✓ True clustered UC completed (31 virtual units)
PART1: [unit-commitment] calculation result has been saved to: D:\GithubClonefiles\module_unitcommitment\.worktrees\108_168h\output\pcm_com4_loadall_h168_20260823_210543\base\clu_ovl\r01\output/details_schedule_results/pcm_simulation_results/intervels_[1]/res_schedule_commitment_result.txt
PART1: [unit-commitment] calculation result has been saved to: D:\GithubClonefiles\module_unitcommitment\.worktrees\108_168h\output\pcm_com4_loadall_h168_20260823_210543\base\clu_ovl\r01\output/details_schedule_results/pcm_simulation_results/intervels_[1]/res_schedule_commitment_result.txt
Step-3: Creating dispatching model (Refactored & Modularized)
  Clustered PCM: 108 physical units -> 31 equivalent units (71.3% state reduction; 108 units in non-singleton clusters)
  ✓ True clustered UC completed (31 virtual units)
Step-3: Creating dispatching model (Refactored & Modularized)
  Clustered PCM: 108 physical units -> 31 equivalent units (71.3% state reduction; 108 units in non-singleton clusters)
  ✓ True clustered UC completed (31 virtual units)
PART1: [unit-commitment] calculation result has been saved to: D:\GithubClonefiles\module_unitcommitment\.worktrees\108_168h\output\pcm_com4_loadall_h168_20260823_210543\base\clu_ovl\r01\output/details_schedule_results/pcm_simulation_results/intervels_[1]/res_schedule_commitment_result.txt
Step-3: Creating dispatching model (Refactored & Modularized)
  Clustered PCM: 108 physical units -> 31 equivalent units (71.3% state reduction; 108 units in non-singleton clusters)
  ✓ True clustered UC completed (31 virtual units)
PART1: [unit-commitment] calculation result has been saved to: D:\GithubClonefiles\module_unitcommitment\.worktrees\108_168h\output\pcm_com4_loadall_h168_20260823_210543\base\clu_ovl\r01\output/details_schedule_results/pcm_simulation_results/intervels_[1]/res_schedule_commitment_result.txt
Step-3: Creating dispatching model (Refactored & Modularized)
  Clustered PCM: 108 physical units -> 31 equivalent units (71.3% state reduction; 108 units in non-singleton clusters)
  ✓ True clustered UC completed (31 virtual units)
PART1: [unit-commitment] calculation result has been saved to: D:\GithubClonefiles\module_unitcommitment\.worktrees\108_168h\output\pcm_com4_loadall_h168_20260823_210543\base\clu_ovl\r01\output/details_schedule_results/pcm_simulation_results/intervels_[1]/res_schedule_commitment_result.txt
PART1: [unit-commitment] calculation result has been saved to: D:\GithubClonefiles\module_unitcommitment\.worktrees\108_168h\output\pcm_com4_loadall_h168_20260823_210543\base\clu_ovl\r01\output/details_schedule_results/pcm_simulation_results/intervels_[1]/res_schedule_commitment_result.txt
Step-3: Creating dispatching model (Refactored & Modularized)
  Clustered PCM: 108 physical units -> 31 equivalent units (71.3% state reduction; 108 units in non-singleton clusters)
  ✓ True clustered UC completed (31 virtual units)
Step-3: Creating dispatching model (Refactored & Modularized)
  Clustered PCM: 108 physical units -> 31 equivalent units (71.3% state reduction; 108 units in non-singleton clusters)
  ✓ True clustered UC completed (31 virtual units)
PART1: [unit-commitment] calculation result has been saved to: D:\GithubClonefiles\module_unitcommitment\.worktrees\108_168h\output\pcm_com4_loadall_h168_20260823_210543\base\clu_ovl\r01\output/details_schedule_results/pcm_simulation_results/intervels_[1]/res_schedule_commitment_result.txt
Step-3: Creating dispatching model (Refactored & Modularized)
  Clustered PCM: 108 physical units -> 31 equivalent units (71.3% state reduction; 108 units in non-singleton clusters)
  ✓ True clustered UC completed (31 virtual units)
PART1: [unit-commitment] calculation result has been saved to: D:\GithubClonefiles\module_unitcommitment\.worktrees\108_168h\output\pcm_com4_loadall_h168_20260823_210543\base\clu_ovl\r01\output/details_schedule_results/pcm_simulation_results/intervels_[1]/res_schedule_commitment_result.txt
Step-3: Creating dispatching model (Refactored & Modularized)
  Clustered PCM: 108 physical units -> 31 equivalent units (71.3% state reduction; 108 units in non-singleton clusters)
  ✓ True clustered UC completed (31 virtual units)
PART1: [unit-commitment] calculation result has been saved to: D:\GithubClonefiles\module_unitcommitment\.worktrees\108_168h\output\pcm_com4_loadall_h168_20260823_210543\base\clu_ovl\r01\output/details_schedule_results/pcm_simulation_results/intervels_[1]/res_schedule_commitment_result.txt
PART1: [unit-commitment] calculation result has been saved to: D:\GithubClonefiles\module_unitcommitment\.worktrees\108_168h\output\pcm_com4_loadall_h168_20260823_210543\base\clu_ovl\r01\output/details_schedule_results/pcm_simulation_results/intervels_[1]/res_schedule_commitment_result.txt
Step-3: Creating dispatching model (Refactored & Modularized)
  Clustered PCM: 108 physical units -> 31 equivalent units (71.3% state reduction; 108 units in non-singleton clusters)
  ✓ True clustered UC completed (31 virtual units)
Step-3: Creating dispatching model (Refactored & Modularized)
  Clustered PCM: 108 physical units -> 31 equivalent units (71.3% state reduction; 108 units in non-singleton clusters)
  ✓ True clustered UC completed (31 virtual units)
PART1: [unit-commitment] calculation result has been saved to: D:\GithubClonefiles\module_unitcommitment\.worktrees\108_168h\output\pcm_com4_loadall_h168_20260823_210543\base\clu_ovl\r01\output/details_schedule_results/pcm_simulation_results/intervels_[1]/res_schedule_commitment_result.txt
Step-3: Creating dispatching model (Refactored & Modularized)
  Clustered PCM: 108 physical units -> 31 equivalent units (71.3% state reduction; 108 units in non-singleton clusters)
  ✓ True clustered UC completed (31 virtual units)
PART1: [unit-commitment] calculation result has been saved to: D:\GithubClonefiles\module_unitcommitment\.worktrees\108_168h\output\pcm_com4_loadall_h168_20260823_210543\base\clu_ovl\r01\output/details_schedule_results/pcm_simulation_results/intervels_[1]/res_schedule_commitment_result.txt
Step-3: Creating dispatching model (Refactored & Modularized)
  Clustered PCM: 108 physical units -> 31 equivalent units (71.3% state reduction; 108 units in non-singleton clusters)
  ✓ True clustered UC completed (31 virtual units)
PART1: [unit-commitment] calculation result has been saved to: D:\GithubClonefiles\module_unitcommitment\.worktrees\108_168h\output\pcm_com4_loadall_h168_20260823_210543\base\clu_ovl\r01\output/details_schedule_results/pcm_simulation_results/intervels_[1]/res_schedule_commitment_result.txt
PART1: [unit-commitment] calculation result has been saved to: D:\GithubClonefiles\module_unitcommitment\.worktrees\108_168h\output\pcm_com4_loadall_h168_20260823_210543\base\clu_ovl\r01\output/details_schedule_results/pcm_simulation_results/intervels_[1]/res_schedule_commitment_result.txt
Step-3: Creating dispatching model (Refactored & Modularized)
  Clustered PCM: 108 physical units -> 31 equivalent units (71.3% state reduction; 108 units in non-singleton clusters)
  ✓ True clustered UC completed (31 virtual units)
Step-3: Creating dispatching model (Refactored & Modularized)
  Clustered PCM: 108 physical units -> 31 equivalent units (71.3% state reduction; 108 units in non-singleton clusters)
  ✓ True clustered UC completed (31 virtual units)
PART1: [unit-commitment] calculation result has been saved to: D:\GithubClonefiles\module_unitcommitment\.worktrees\108_168h\output\pcm_com4_loadall_h168_20260823_210543\base\clu_ovl\r01\output/details_schedule_results/pcm_simulation_results/intervels_[1]/res_schedule_commitment_result.txt
Step-3: Creating dispatching model (Refactored & Modularized)
  Clustered PCM: 108 physical units -> 31 equivalent units (71.3% state reduction; 108 units in non-singleton clusters)
  ✓ True clustered UC completed (31 virtual units)
PART1: [unit-commitment] calculation result has been saved to: D:\GithubClonefiles\module_unitcommitment\.worktrees\108_168h\output\pcm_com4_loadall_h168_20260823_210543\base\clu_ovl\r01\output/details_schedule_results/pcm_simulation_results/intervels_[1]/res_schedule_commitment_result.txt
Step-3: Creating dispatching model (Refactored & Modularized)
  Clustered PCM: 108 physical units -> 31 equivalent units (71.3% state reduction; 108 units in non-singleton clusters)
  ✓ True clustered UC completed (31 virtual units)
PART1: [unit-commitment] calculation result has been saved to: D:\GithubClonefiles\module_unitcommitment\.worktrees\108_168h\output\pcm_com4_loadall_h168_20260823_210543\base\clu_ovl\r01\output/details_schedule_results/pcm_simulation_results/intervels_[1]/res_schedule_commitment_result.txt
PART1: [unit-commitment] calculation result has been saved to: D:\GithubClonefiles\module_unitcommitment\.worktrees\108_168h\output\pcm_com4_loadall_h168_20260823_210543\base\clu_ovl\r01\output/details_schedule_results/pcm_simulation_results/intervels_[1]/res_schedule_commitment_result.txt
Step-3: Creating dispatching model (Refactored & Modularized)
  Clustered PCM: 108 physical units -> 31 equivalent units (71.3% state reduction; 108 units in non-singleton clusters)
  ✓ True clustered UC completed (31 virtual units)
Step-3: Creating dispatching model (Refactored & Modularized)
  Clustered PCM: 108 physical units -> 31 equivalent units (71.3% state reduction; 108 units in non-singleton clusters)
  ✓ True clustered UC completed (31 virtual units)
PART1: [unit-commitment] calculation result has been saved to: D:\GithubClonefiles\module_unitcommitment\.worktrees\108_168h\output\pcm_com4_loadall_h168_20260823_210543\base\clu_ovl\r01\output/details_schedule_results/pcm_simulation_results/intervels_[1]/res_schedule_commitment_result.txt
Step-3: Creating dispatching model (Refactored & Modularized)
  Clustered PCM: 108 physical units -> 31 equivalent units (71.3% state reduction; 108 units in non-singleton clusters)
  ✓ True clustered UC completed (31 virtual units)
PART1: [unit-commitment] calculation result has been saved to: D:\GithubClonefiles\module_unitcommitment\.worktrees\108_168h\output\pcm_com4_loadall_h168_20260823_210543\base\clu_ovl\r01\output/details_schedule_results/pcm_simulation_results/intervels_[1]/res_schedule_commitment_result.txt
Step-3: Creating dispatching model (Refactored & Modularized)
  Clustered PCM: 108 physical units -> 31 equivalent units (71.3% state reduction; 108 units in non-singleton clusters)
  ✓ True clustered UC completed (31 virtual units)
PART1: [unit-commitment] calculation result has been saved to: D:\GithubClonefiles\module_unitcommitment\.worktrees\108_168h\output\pcm_com4_loadall_h168_20260823_210543\base\clu_ovl\r01\output/details_schedule_results/pcm_simulation_results/intervels_[1]/res_schedule_commitment_result.txt
PART1: [unit-commitment] calculation result has been saved to: D:\GithubClonefiles\module_unitcommitment\.worktrees\108_168h\output\pcm_com4_loadall_h168_20260823_210543\base\clu_ovl\r01\output/details_schedule_results/pcm_simulation_results/intervels_[1]/res_schedule_commitment_result.txt
Step-3: Creating dispatching model (Refactored & Modularized)
  Clustered PCM: 108 physical units -> 31 equivalent units (71.3% state reduction; 108 units in non-singleton clusters)
    5-point output grid is infeasible; retrying this window with 17 points
  Clustered PCM: 108 physical units -> 31 equivalent units (71.3% state reduction; 108 units in non-singleton clusters)
    Refined output grid is infeasible; entering continuous residence-power diagnosis
  Clustered PCM: 108 physical units -> 31 equivalent units (71.3% state reduction; 108 units in non-singleton clusters)
  ⚠ True clustered UC failed at cluster_master: INFEASIBLE; falling back to full unit-network SCUC
	 Variables defined.
DEBUG set_objective_economic!: NT=36, NG=108, ND=91, NW=20, NS=1, K=3, size(refcost)=(108,), size(eachslope)=(3, 108)
objective_function
	MILP economic objective set
subject to.
	 constraints: 1) minimum shutup/shutdown time limits			 done
	 constraints: 2) binary variable logic					 done
	 constraints: 3) shutup/shutdown cost					 done
	 constraints: 4) loadcurtailments and spoliedwinds			 done
	 constraints: 5) generatos power limits					 done
	 constraints: 6) system reserves limits					 done
	 constraints: 7) power balance constraints				 done
	 constraints: 8) ramp-up/ramp-down constraints				 done
	 constraints: 9) piece linearization constraints			 done
	 constraints: 10) transmissionline limits skipped (is_NetWorkCon != 1 or Gsdf missing or NL=0)
	 constraints: 11) stroges system constraints skipped (NC=0 or variables not defined)
	 constraints: 12) data centra constraints skipped (is_ConsiderDataCentra != 1)
	 constraints: 13) frequency control constraints skipped (is_ConsiderFrequencyControl != 1)
	 constraints: 14) hydro power limits					 done
+++++++++++++++++++++++++++++++++++++++++++++++++++++++++++++++++++++++++++++++++++++++++++
Step-4: starting Gurobi solver
Step-5: Gurobi solver finished
+++++++++++++++++++++++++++++++++++++++++++++++++++++++++++++++++++++++++++++++++++++++++++

solution_summary(scuc) = solution_summary(; result = 1, verbose = false)
├ solver_name          : Gurobi
├ Termination
│ ├ termination_status : OPTIMAL
│ ├ result_count       : 1
│ ├ raw_status         : Model was solved to optimality (subject to tolerances), and an optimal solution is available.
│ └ objective_bound    : 7.81006e+15
├ Solution (result = 1)
│ ├ primal_status        : FEASIBLE_POINT
│ ├ dual_status          : NO_SOLUTION
│ ├ objective_value      : 7.81006e+15
│ └ relative_gap         : 1.22566e-09
└ Work counters
  ├ solve_time (sec)   : 5.58000e-01
  ├ simplex_iterations : 0
  ├ barrier_iterations : 0
  └ node_count         : 0


Termination Status: OPTIMAL
Acceptable solution found (Status: OPTIMAL).
Step-6: record datas
PART1: [unit-commitment] calculation result has been saved to: D:\GithubClonefiles\module_unitcommitment\.worktrees\108_168h\output\pcm_com4_loadall_h168_20260823_210543\base\clu_ovl\r01\output/details_schedule_results/pcm_simulation_results/intervels_[1]/res_schedule_commitment_result.txt
Step-3: Creating dispatching model (Refactored & Modularized)
  Clustered PCM: 108 physical units -> 31 equivalent units (71.3% state reduction; 108 units in non-singleton clusters)
    5-point output grid is infeasible; retrying this window with 17 points
  Clustered PCM: 108 physical units -> 31 equivalent units (71.3% state reduction; 108 units in non-singleton clusters)
    Refined output grid is infeasible; entering continuous residence-power diagnosis
  Clustered PCM: 108 physical units -> 31 equivalent units (71.3% state reduction; 108 units in non-singleton clusters)
  ⚠ True clustered UC failed at cluster_master: INFEASIBLE; falling back to full unit-network SCUC
	 Variables defined.
DEBUG set_objective_economic!: NT=36, NG=108, ND=91, NW=20, NS=1, K=3, size(refcost)=(108,), size(eachslope)=(3, 108)
objective_function
	MILP economic objective set
subject to.
	 constraints: 1) minimum shutup/shutdown time limits			 done
	 constraints: 2) binary variable logic					 done
	 constraints: 3) shutup/shutdown cost					 done
	 constraints: 4) loadcurtailments and spoliedwinds			 done
	 constraints: 5) generatos power limits					 done
	 constraints: 6) system reserves limits					 done
	 constraints: 7) power balance constraints				 done
	 constraints: 8) ramp-up/ramp-down constraints				 done
	 constraints: 9) piece linearization constraints			 done
	 constraints: 10) transmissionline limits skipped (is_NetWorkCon != 1 or Gsdf missing or NL=0)
	 constraints: 11) stroges system constraints skipped (NC=0 or variables not defined)
	 constraints: 12) data centra constraints skipped (is_ConsiderDataCentra != 1)
	 constraints: 13) frequency control constraints skipped (is_ConsiderFrequencyControl != 1)
	 constraints: 14) hydro power limits					 done
+++++++++++++++++++++++++++++++++++++++++++++++++++++++++++++++++++++++++++++++++++++++++++
Step-4: starting Gurobi solver
Step-5: Gurobi solver finished
+++++++++++++++++++++++++++++++++++++++++++++++++++++++++++++++++++++++++++++++++++++++++++

solution_summary(scuc) = solution_summary(; result = 1, verbose = false)
├ solver_name          : Gurobi
├ Termination
│ ├ termination_status : OPTIMAL
│ ├ result_count       : 1
│ ├ raw_status         : Model was solved to optimality (subject to tolerances), and an optimal solution is available.
│ └ objective_bound    : 7.81006e+15
├ Solution (result = 1)
│ ├ primal_status        : FEASIBLE_POINT
│ ├ dual_status          : NO_SOLUTION
│ ├ objective_value      : 7.81006e+15
│ └ relative_gap         : 1.22566e-09
└ Work counters
  ├ solve_time (sec)   : 5.65000e-01
  ├ simplex_iterations : 0
  ├ barrier_iterations : 0
  └ node_count         : 0


Termination Status: OPTIMAL
Acceptable solution found (Status: OPTIMAL).
Step-6: record datas
PART1: [unit-commitment] calculation result has been saved to: D:\GithubClonefiles\module_unitcommitment\.worktrees\108_168h\output\pcm_com4_loadall_h168_20260823_210543\base\clu_ovl\r01\output/details_schedule_results/pcm_simulation_results/intervels_[1]/res_schedule_commitment_result.txt
PART1: [unit-commitment] calculation result has been saved to: D:\GithubClonefiles\module_unitcommitment\.worktrees\108_168h\output\pcm_com4_loadall_h168_20260823_210543\base\clu_ovl\r01\output/details_schedule_results/pcm_simulation_results/intervels_[1]/res_schedule_commitment_result.txt
Step-3: Creating dispatching model (Refactored & Modularized)
  Clustered PCM: 108 physical units -> 31 equivalent units (71.3% state reduction; 108 units in non-singleton clusters)
    5-point output grid is infeasible; retrying this window with 17 points
  Clustered PCM: 108 physical units -> 31 equivalent units (71.3% state reduction; 108 units in non-singleton clusters)
    Refined output grid is infeasible; entering continuous residence-power diagnosis
  Clustered PCM: 108 physical units -> 31 equivalent units (71.3% state reduction; 108 units in non-singleton clusters)
  ⚠ True clustered UC failed at cluster_master: INFEASIBLE; falling back to full unit-network SCUC
	 Variables defined.
DEBUG set_objective_economic!: NT=26, NG=108, ND=91, NW=20, NS=1, K=3, size(refcost)=(108,), size(eachslope)=(3, 108)
objective_function
	MILP economic objective set
subject to.
	 constraints: 1) minimum shutup/shutdown time limits			 done
	 constraints: 2) binary variable logic					 done
	 constraints: 3) shutup/shutdown cost					 done
	 constraints: 4) loadcurtailments and spoliedwinds			 done
	 constraints: 5) generatos power limits					 done
	 constraints: 6) system reserves limits					 done
	 constraints: 7) power balance constraints				 done
	 constraints: 8) ramp-up/ramp-down constraints				 done
	 constraints: 9) piece linearization constraints			 done
	 constraints: 10) transmissionline limits skipped (is_NetWorkCon != 1 or Gsdf missing or NL=0)
	 constraints: 11) stroges system constraints skipped (NC=0 or variables not defined)
	 constraints: 12) data centra constraints skipped (is_ConsiderDataCentra != 1)
	 constraints: 13) frequency control constraints skipped (is_ConsiderFrequencyControl != 1)
	 constraints: 14) hydro power limits					 done
+++++++++++++++++++++++++++++++++++++++++++++++++++++++++++++++++++++++++++++++++++++++++++
Step-4: starting Gurobi solver
Step-5: Gurobi solver finished
+++++++++++++++++++++++++++++++++++++++++++++++++++++++++++++++++++++++++++++++++++++++++++

solution_summary(scuc) = solution_summary(; result = 1, verbose = false)
├ solver_name          : Gurobi
├ Termination
│ ├ termination_status : OPTIMAL
│ ├ result_count       : 1
│ ├ raw_status         : Model was solved to optimality (subject to tolerances), and an optimal solution is available.
│ └ objective_bound    : 7.81006e+15
├ Solution (result = 1)
│ ├ primal_status        : FEASIBLE_POINT
│ ├ dual_status          : NO_SOLUTION
│ ├ objective_value      : 7.81006e+15
│ └ relative_gap         : 9.76242e-10
└ Work counters
  ├ solve_time (sec)   : 4.51000e-01
  ├ simplex_iterations : 0
  ├ barrier_iterations : 0
  └ node_count         : 0


Set parameter Username
Set parameter LicenseID to value 2826524
Academic license - for non-commercial use only - expires 2027-05-22
Set parameter Username
Set parameter LicenseID to value 2826524
Academic license - for non-commercial use only - expires 2027-05-22
Set parameter Username
Set parameter LicenseID to value 2826524
Academic license - for non-commercial use only - expires 2027-05-22
Set parameter Username
Set parameter LicenseID to value 2826524
Academic license - for non-commercial use only - expires 2027-05-22
Set parameter Username
Set parameter LicenseID to value 2826524
Academic license - for non-commercial use only - expires 2027-05-22
Set parameter Username
Set parameter LicenseID to value 2826524
Academic license - for non-commercial use only - expires 2027-05-22
Set parameter Username
Set parameter LicenseID to value 2826524
Academic license - for non-commercial use only - expires 2027-05-22
Set parameter Username
Set parameter LicenseID to value 2826524
Academic license - for non-commercial use only - expires 2027-05-22
Set parameter Username
Set parameter LicenseID to value 2826524
Academic license - for non-commercial use only - expires 2027-05-22
Set parameter Username
Set parameter LicenseID to value 2826524
Academic license - for non-commercial use only - expires 2027-05-22
Set parameter Username
Set parameter LicenseID to value 2826524
Academic license - for non-commercial use only - expires 2027-05-22
Set parameter Username
Set parameter LicenseID to value 2826524
Academic license - for non-commercial use only - expires 2027-05-22
Set parameter Username
Set parameter LicenseID to value 2826524
Academic license - for non-commercial use only - expires 2027-05-22
Set parameter Username
Set parameter LicenseID to value 2826524
Academic license - for non-commercial use only - expires 2027-05-22
Set parameter Username
Set parameter LicenseID to value 2826524
Academic license - for non-commercial use only - expires 2027-05-22
Set parameter Username
Set parameter LicenseID to value 2826524
Academic license - for non-commercial use only - expires 2027-05-22
Set parameter Username
Set parameter LicenseID to value 2826524
Academic license - for non-commercial use only - expires 2027-05-22
Set parameter Username
Set parameter LicenseID to value 2826524
Academic license - for non-commercial use only - expires 2027-05-22
Set parameter Username
Set parameter LicenseID to value 2826524
Academic license - for non-commercial use only - expires 2027-05-22
Set parameter Username
Set parameter LicenseID to value 2826524
Academic license - for non-commercial use only - expires 2027-05-22
Set parameter Username
Set parameter LicenseID to value 2826524
Academic license - for non-commercial use only - expires 2027-05-22
Set parameter Username
Set parameter LicenseID to value 2826524
Academic license - for non-commercial use only - expires 2027-05-22
Set parameter Username
Set parameter LicenseID to value 2826524
Academic license - for non-commercial use only - expires 2027-05-22
Set parameter Username
Set parameter LicenseID to value 2826524
Academic license - for non-commercial use only - expires 2027-05-22
Set parameter Username
Set parameter LicenseID to value 2826524
Academic license - for non-commercial use only - expires 2027-05-22
Set parameter Username
Set parameter LicenseID to value 2826524
Academic license - for non-commercial use only - expires 2027-05-22
Set parameter Username
Set parameter LicenseID to value 2826524
Academic license - for non-commercial use only - expires 2027-05-22
Set parameter Username
Set parameter LicenseID to value 2826524
Academic license - for non-commercial use only - expires 2027-05-22
Set parameter Username
Set parameter LicenseID to value 2826524
Academic license - for non-commercial use only - expires 2027-05-22
Set parameter Username
Set parameter LicenseID to value 2826524
Academic license - for non-commercial use only - expires 2027-05-22
Set parameter Username
Set parameter LicenseID to value 2826524
Academic license - for non-commercial use only - expires 2027-05-22
Set parameter Username
Set parameter LicenseID to value 2826524
Academic license - for non-commercial use only - expires 2027-05-22
Set parameter Username
Set parameter LicenseID to value 2826524
Academic license - for non-commercial use only - expires 2027-05-22
Set parameter Username
Set parameter LicenseID to value 2826524
Academic license - for non-commercial use only - expires 2027-05-22
Set parameter Username
Set parameter LicenseID to value 2826524
Academic license - for non-commercial use only - expires 2027-05-22
Set parameter Username
Set parameter LicenseID to value 2826524
Academic license - for non-commercial use only - expires 2027-05-22
Set parameter Username
Set parameter LicenseID to value 2826524
Academic license - for non-commercial use only - expires 2027-05-22
Set parameter Username
Set parameter LicenseID to value 2826524
Academic license - for non-commercial use only - expires 2027-05-22
Set parameter Username
Set parameter LicenseID to value 2826524
Academic license - for non-commercial use only - expires 2027-05-22
Set parameter Username
Set parameter LicenseID to value 2826524
Academic license - for non-commercial use only - expires 2027-05-22
Set parameter Username
Set parameter LicenseID to value 2826524
Academic license - for non-commercial use only - expires 2027-05-22
Set parameter Username
Set parameter LicenseID to value 2826524
Academic license - for non-commercial use only - expires 2027-05-22
Set parameter Username
Set parameter LicenseID to value 2826524
Academic license - for non-commercial use only - expires 2027-05-22
Set parameter Username
Set parameter LicenseID to value 2826524
Academic license - for non-commercial use only - expires 2027-05-22
Set parameter Username
Set parameter LicenseID to value 2826524
Academic license - for non-commercial use only - expires 2027-05-22
Set parameter Username
Set parameter LicenseID to value 2826524
Academic license - for non-commercial use only - expires 2027-05-22
Set parameter Username
Set parameter LicenseID to value 2826524
Academic license - for non-commercial use only - expires 2027-05-22
Set parameter Username
Set parameter LicenseID to value 2826524
Academic license - for non-commercial use only - expires 2027-05-22
Set parameter Username
Set parameter LicenseID to value 2826524
Academic license - for non-commercial use only - expires 2027-05-22
Set parameter Username
Set parameter LicenseID to value 2826524
Academic license - for non-commercial use only - expires 2027-05-22
Set parameter Username
Set parameter LicenseID to value 2826524
Academic license - for non-commercial use only - expires 2027-05-22
Set parameter Username
Set parameter LicenseID to value 2826524
Academic license - for non-commercial use only - expires 2027-05-22
Set parameter Username
Set parameter LicenseID to value 2826524
Academic license - for non-commercial use only - expires 2027-05-22
Set parameter Username
Set parameter LicenseID to value 2826524
Academic license - for non-commercial use only - expires 2027-05-22
Set parameter Username
Set parameter LicenseID to value 2826524
Academic license - for non-commercial use only - expires 2027-05-22
Set parameter Username
Set parameter LicenseID to value 2826524
Academic license - for non-commercial use only - expires 2027-05-22
Set parameter Username
Set parameter LicenseID to value 2826524
Academic license - for non-commercial use only - expires 2027-05-22
Set parameter Username
Set parameter LicenseID to value 2826524
Academic license - for non-commercial use only - expires 2027-05-22
Set parameter Username
Set parameter LicenseID to value 2826524
Academic license - for non-commercial use only - expires 2027-05-22
Set parameter Username
Set parameter LicenseID to value 2826524
Academic license - for non-commercial use only - expires 2027-05-22
Set parameter Username
Set parameter LicenseID to value 2826524
Academic license - for non-commercial use only - expires 2027-05-22
Set parameter Username
Set parameter LicenseID to value 2826524
Academic license - for non-commercial use only - expires 2027-05-22
Set parameter Username
Set parameter LicenseID to value 2826524
Academic license - for non-commercial use only - expires 2027-05-22
Set parameter Username
Set parameter LicenseID to value 2826524
Academic license - for non-commercial use only - expires 2027-05-22
Set parameter Username
Set parameter LicenseID to value 2826524
Academic license - for non-commercial use only - expires 2027-05-22
Set parameter Username
Set parameter LicenseID to value 2826524
Academic license - for non-commercial use only - expires 2027-05-22
Set parameter Username
Set parameter LicenseID to value 2826524
Academic license - for non-commercial use only - expires 2027-05-22
Set parameter Username
Set parameter LicenseID to value 2826524
Academic license - for non-commercial use only - expires 2027-05-22
Set parameter Username
Set parameter LicenseID to value 2826524
Academic license - for non-commercial use only - expires 2027-05-22
Set parameter Username
Set parameter LicenseID to value 2826524
Academic license - for non-commercial use only - expires 2027-05-22
Set parameter Username
Set parameter LicenseID to value 2826524
Academic license - for non-commercial use only - expires 2027-05-22
Set parameter Username
Set parameter LicenseID to value 2826524
Academic license - for non-commercial use only - expires 2027-05-22
Set parameter Username
Set parameter LicenseID to value 2826524
Academic license - for non-commercial use only - expires 2027-05-22
Set parameter Username
Set parameter LicenseID to value 2826524
Academic license - for non-commercial use only - expires 2027-05-22
Set parameter Username
Set parameter LicenseID to value 2826524
Academic license - for non-commercial use only - expires 2027-05-22
Set parameter Username
Set parameter LicenseID to value 2826524
Academic license - for non-commercial use only - expires 2027-05-22
Set parameter Username
Set parameter LicenseID to value 2826524
Academic license - for non-commercial use only - expires 2027-05-22
Set parameter Username
Set parameter LicenseID to value 2826524
Academic license - for non-commercial use only - expires 2027-05-22
Set parameter Username
Set parameter LicenseID to value 2826524
Academic license - for non-commercial use only - expires 2027-05-22
Set parameter Username
Set parameter LicenseID to value 2826524
Academic license - for non-commercial use only - expires 2027-05-22
Set parameter Username
Set parameter LicenseID to value 2826524
Academic license - for non-commercial use only - expires 2027-05-22
Set parameter Username
Set parameter LicenseID to value 2826524
Academic license - for non-commercial use only - expires 2027-05-22
Set parameter Username
Set parameter LicenseID to value 2826524
Academic license - for non-commercial use only - expires 2027-05-22
Set parameter Username
Set parameter LicenseID to value 2826524
Academic license - for non-commercial use only - expires 2027-05-22
Set parameter Username
Set parameter LicenseID to value 2826524
Academic license - for non-commercial use only - expires 2027-05-22
Set parameter Username
Set parameter LicenseID to value 2826524
Academic license - for non-commercial use only - expires 2027-05-22
Set parameter Username
Set parameter LicenseID to value 2826524
Academic license - for non-commercial use only - expires 2027-05-22
Set parameter Username
Set parameter LicenseID to value 2826524
Academic license - for non-commercial use only - expires 2027-05-22
Set parameter Username
Set parameter LicenseID to value 2826524
Academic license - for non-commercial use only - expires 2027-05-22
Set parameter Username
Set parameter LicenseID to value 2826524
Academic license - for non-commercial use only - expires 2027-05-22
Set parameter Username
Set parameter LicenseID to value 2826524
Academic license - for non-commercial use only - expires 2027-05-22
Set parameter Username
Set parameter LicenseID to value 2826524
Academic license - for non-commercial use only - expires 2027-05-22
Set parameter Username
Set parameter LicenseID to value 2826524
Academic license - for non-commercial use only - expires 2027-05-22
Set parameter Username
Set parameter LicenseID to value 2826524
Academic license - for non-commercial use only - expires 2027-05-22
Set parameter Username
Set parameter LicenseID to value 2826524
Academic license - for non-commercial use only - expires 2027-05-22
Set parameter Username
Set parameter LicenseID to value 2826524
Academic license - for non-commercial use only - expires 2027-05-22
Set parameter Username
Set parameter LicenseID to value 2826524
Academic license - for non-commercial use only - expires 2027-05-22
Set parameter Username
Set parameter LicenseID to value 2826524
Academic license - for non-commercial use only - expires 2027-05-22
Set parameter Username
Set parameter LicenseID to value 2826524
Academic license - for non-commercial use only - expires 2027-05-22
Set parameter Username
Set parameter LicenseID to value 2826524
Academic license - for non-commercial use only - expires 2027-05-22
Set parameter Username
Set parameter LicenseID to value 2826524
Academic license - for non-commercial use only - expires 2027-05-22
Set parameter Username
Set parameter LicenseID to value 2826524
Academic license - for non-commercial use only - expires 2027-05-22
Set parameter Username
Set parameter LicenseID to value 2826524
Academic license - for non-commercial use only - expires 2027-05-22
Set parameter Username
Set parameter LicenseID to value 2826524
Academic license - for non-commercial use only - expires 2027-05-22
Set parameter Username
Set parameter LicenseID to value 2826524
Academic license - for non-commercial use only - expires 2027-05-22
Set parameter Username
Set parameter LicenseID to value 2826524
Academic license - for non-commercial use only - expires 2027-05-22
Set parameter Username
Set parameter LicenseID to value 2826524
Academic license - for non-commercial use only - expires 2027-05-22
Set parameter Username
Set parameter LicenseID to value 2826524
Academic license - for non-commercial use only - expires 2027-05-22
Set parameter Username
Set parameter LicenseID to value 2826524
Academic license - for non-commercial use only - expires 2027-05-22
Set parameter Username
Set parameter LicenseID to value 2826524
Academic license - for non-commercial use only - expires 2027-05-22
Set parameter Username
Set parameter LicenseID to value 2826524
Academic license - for non-commercial use only - expires 2027-05-22
Set parameter Username
Set parameter LicenseID to value 2826524
Academic license - for non-commercial use only - expires 2027-05-22
Set parameter Username
Set parameter LicenseID to value 2826524
Academic license - for non-commercial use only - expires 2027-05-22
Set parameter Username
Set parameter LicenseID to value 2826524
Academic license - for non-commercial use only - expires 2027-05-22
Set parameter Username
Set parameter LicenseID to value 2826524
Academic license - for non-commercial use only - expires 2027-05-22
Set parameter Username
Set parameter LicenseID to value 2826524
Academic license - for non-commercial use only - expires 2027-05-22
Set parameter Username
Set parameter LicenseID to value 2826524
Academic license - for non-commercial use only - expires 2027-05-22
Set parameter Username
Set parameter LicenseID to value 2826524
Academic license - for non-commercial use only - expires 2027-05-22
Set parameter Username
Set parameter LicenseID to value 2826524
Academic license - for non-commercial use only - expires 2027-05-22
Set parameter Username
Set parameter LicenseID to value 2826524
Academic license - for non-commercial use only - expires 2027-05-22
Set parameter Username
Set parameter LicenseID to value 2826524
Academic license - for non-commercial use only - expires 2027-05-22
Set parameter Username
Set parameter LicenseID to value 2826524
Academic license - for non-commercial use only - expires 2027-05-22
Set parameter Username
Set parameter LicenseID to value 2826524
Academic license - for non-commercial use only - expires 2027-05-22
Set parameter Username
Set parameter LicenseID to value 2826524
Academic license - for non-commercial use only - expires 2027-05-22
Set parameter Username
Set parameter LicenseID to value 2826524
Academic license - for non-commercial use only - expires 2027-05-22
Set parameter Username
Set parameter LicenseID to value 2826524
Academic license - for non-commercial use only - expires 2027-05-22
Set parameter Username
Set parameter LicenseID to value 2826524
Academic license - for non-commercial use only - expires 2027-05-22
Set parameter Username
Set parameter LicenseID to value 2826524
Academic license - for non-commercial use only - expires 2027-05-22
Set parameter Username
Set parameter LicenseID to value 2826524
Academic license - for non-commercial use only - expires 2027-05-22
Set parameter Username
Set parameter LicenseID to value 2826524
Academic license - for non-commercial use only - expires 2027-05-22
Set parameter Username
Set parameter LicenseID to value 2826524
Academic license - for non-commercial use only - expires 2027-05-22
Set parameter Username
Set parameter LicenseID to value 2826524
Academic license - for non-commercial use only - expires 2027-05-22
Set parameter Username
Set parameter LicenseID to value 2826524
Academic license - for non-commercial use only - expires 2027-05-22
Set parameter Username
Set parameter LicenseID to value 2826524
Academic license - for non-commercial use only - expires 2027-05-22
Set parameter Username
Set parameter LicenseID to value 2826524
Academic license - for non-commercial use only - expires 2027-05-22
Set parameter Username
Set parameter LicenseID to value 2826524
Academic license - for non-commercial use only - expires 2027-05-22
Set parameter Username
Set parameter LicenseID to value 2826524
Academic license - for non-commercial use only - expires 2027-05-22
Set parameter Username
Set parameter LicenseID to value 2826524
Academic license - for non-commercial use only - expires 2027-05-22
Set parameter Username
Set parameter LicenseID to value 2826524
Academic license - for non-commercial use only - expires 2027-05-22
Set parameter Username
Set parameter LicenseID to value 2826524
Academic license - for non-commercial use only - expires 2027-05-22
Set parameter Username
Set parameter LicenseID to value 2826524
Academic license - for non-commercial use only - expires 2027-05-22
Set parameter Username
Set parameter LicenseID to value 2826524
Academic license - for non-commercial use only - expires 2027-05-22
Set parameter Username
Set parameter LicenseID to value 2826524
Academic license - for non-commercial use only - expires 2027-05-22
Set parameter Username
Set parameter LicenseID to value 2826524
Academic license - for non-commercial use only - expires 2027-05-22
Set parameter Username
Set parameter LicenseID to value 2826524
Academic license - for non-commercial use only - expires 2027-05-22
Set parameter Username
Set parameter LicenseID to value 2826524
Academic license - for non-commercial use only - expires 2027-05-22
Set parameter Username
Set parameter LicenseID to value 2826524
Academic license - for non-commercial use only - expires 2027-05-22
Set parameter Username
Set parameter LicenseID to value 2826524
Academic license - for non-commercial use only - expires 2027-05-22
Set parameter Username
Set parameter LicenseID to value 2826524
Academic license - for non-commercial use only - expires 2027-05-22
Set parameter Username
Set parameter LicenseID to value 2826524
Academic license - for non-commercial use only - expires 2027-05-22
Set parameter Username
Set parameter LicenseID to value 2826524
Academic license - for non-commercial use only - expires 2027-05-22
Set parameter Username
Set parameter LicenseID to value 2826524
Academic license - for non-commercial use only - expires 2027-05-22
Set parameter Username
Set parameter LicenseID to value 2826524
Academic license - for non-commercial use only - expires 2027-05-22
Set parameter Username
Set parameter LicenseID to value 2826524
Academic license - for non-commercial use only - expires 2027-05-22
Set parameter Username
Set parameter LicenseID to value 2826524
Academic license - for non-commercial use only - expires 2027-05-22
Set parameter Username
Set parameter LicenseID to value 2826524
Academic license - for non-commercial use only - expires 2027-05-22
Set parameter Username
Set parameter LicenseID to value 2826524
Academic license - for non-commercial use only - expires 2027-05-22
Set parameter Username
Set parameter LicenseID to value 2826524
Academic license - for non-commercial use only - expires 2027-05-22
Set parameter Username
Set parameter LicenseID to value 2826524
Academic license - for non-commercial use only - expires 2027-05-22
Set parameter Username
Set parameter LicenseID to value 2826524
Academic license - for non-commercial use only - expires 2027-05-22
Set parameter Username
Set parameter LicenseID to value 2826524
Academic license - for non-commercial use only - expires 2027-05-22
Set parameter Username
Set parameter LicenseID to value 2826524
Academic license - for non-commercial use only - expires 2027-05-22
Set parameter Username
Set parameter LicenseID to value 2826524
Academic license - for non-commercial use only - expires 2027-05-22
Set parameter Username
Set parameter LicenseID to value 2826524
Academic license - for non-commercial use only - expires 2027-05-22
Set parameter Username
Set parameter LicenseID to value 2826524
Academic license - for non-commercial use only - expires 2027-05-22
Set parameter Username
Set parameter LicenseID to value 2826524
Academic license - for non-commercial use only - expires 2027-05-22
Set parameter Username
Set parameter LicenseID to value 2826524
Academic license - for non-commercial use only - expires 2027-05-22
Set parameter Username
Set parameter LicenseID to value 2826524
Academic license - for non-commercial use only - expires 2027-05-22
Set parameter Username
Set parameter LicenseID to value 2826524
Academic license - for non-commercial use only - expires 2027-05-22
Set parameter Username
Set parameter LicenseID to value 2826524
Academic license - for non-commercial use only - expires 2027-05-22
Set parameter Username
Set parameter LicenseID to value 2826524
Academic license - for non-commercial use only - expires 2027-05-22
Set parameter Username
Set parameter LicenseID to value 2826524
Academic license - for non-commercial use only - expires 2027-05-22
Set parameter Username
Set parameter LicenseID to value 2826524
Academic license - for non-commercial use only - expires 2027-05-22
Termination Status: OPTIMAL
Acceptable solution found (Status: OPTIMAL).
Step-6: record datas
PART1: [unit-commitment] calculation result has been saved to: D:\GithubClonefiles\module_unitcommitment\.worktrees\108_168h\output\pcm_com4_loadall_h168_20260823_210543\base\clu_ovl\r01\output/details_schedule_results/pcm_simulation_results/intervels_[1]/res_schedule_commitment_result.txt
PART1: [unit-commitment] calculation result has been saved to: D:\GithubClonefiles\module_unitcommitment\.worktrees\108_168h\output\pcm_com4_loadall_h168_20260823_210543\base\clu_ovl\r01\output/details_schedule_results/pcm_simulation_results/intervels_[1]/res_schedule_commitment_result.txt
Step-3: Creating dispatching model (Refactored & Modularized)
  Clustered PCM: 108 physical units -> 31 equivalent units (71.3% state reduction; 108 units in non-singleton clusters)
    5-point output grid is infeasible; retrying this window with 17 points
  Clustered PCM: 108 physical units -> 31 equivalent units (71.3% state reduction; 108 units in non-singleton clusters)
    Refined output grid is infeasible; entering continuous residence-power diagnosis
  Clustered PCM: 108 physical units -> 31 equivalent units (71.3% state reduction; 108 units in non-singleton clusters)
  ⚠ True clustered UC failed at cluster_master: INFEASIBLE; falling back to full unit-network SCUC
	 Variables defined.
DEBUG set_objective_economic!: NT=31, NG=108, ND=91, NW=20, NS=1, K=3, size(refcost)=(108,), size(eachslope)=(3, 108)
objective_function
	MILP economic objective set
subject to.
	 constraints: 1) minimum shutup/shutdown time limits			 done
	 constraints: 2) binary variable logic					 done
	 constraints: 3) shutup/shutdown cost					 done
	 constraints: 4) loadcurtailments and spoliedwinds			 done
	 constraints: 5) generatos power limits					 done
	 constraints: 6) system reserves limits					 done
	 constraints: 7) power balance constraints				 done
	 constraints: 8) ramp-up/ramp-down constraints				 done
	 constraints: 9) piece linearization constraints			 done
	 constraints: 10) transmissionline limits skipped (is_NetWorkCon != 1 or Gsdf missing or NL=0)
	 constraints: 11) stroges system constraints skipped (NC=0 or variables not defined)
	 constraints: 12) data centra constraints skipped (is_ConsiderDataCentra != 1)
	 constraints: 13) frequency control constraints skipped (is_ConsiderFrequencyControl != 1)
	 constraints: 14) hydro power limits					 done
+++++++++++++++++++++++++++++++++++++++++++++++++++++++++++++++++++++++++++++++++++++++++++
Step-4: starting Gurobi solver
Step-5: Gurobi solver finished
+++++++++++++++++++++++++++++++++++++++++++++++++++++++++++++++++++++++++++++++++++++++++++

solution_summary(scuc) = solution_summary(; result = 1, verbose = false)
├ solver_name          : Gurobi
├ Termination
│ ├ termination_status : OPTIMAL
│ ├ result_count       : 1
│ ├ raw_status         : Model was solved to optimality (subject to tolerances), and an optimal solution is available.
│ └ objective_bound    : 7.81006e+15
├ Solution (result = 1)
│ ├ primal_status        : FEASIBLE_POINT
│ ├ dual_status          : NO_SOLUTION
│ ├ objective_value      : 7.81006e+15
│ └ relative_gap         : 1.08517e-09
└ Work counters
  ├ solve_time (sec)   : 5.04000e-01
  ├ simplex_iterations : 0
  ├ barrier_iterations : 0
  └ node_count         : 0


Termination Status: OPTIMAL
Acceptable solution found (Status: OPTIMAL).
Step-6: record datas
PART1: [unit-commitment] calculation result has been saved to: D:\GithubClonefiles\module_unitcommitment\.worktrees\108_168h\output\pcm_com4_loadall_h168_20260823_210543\base\clu_ovl\r01\output/details_schedule_results/pcm_simulation_results/intervels_[1]/res_schedule_commitment_result.txt
PART1: [unit-commitment] calculation result has been saved to: D:\GithubClonefiles\module_unitcommitment\.worktrees\108_168h\output\pcm_com4_loadall_h168_20260823_210543\base\clu_ovl\r01\output/details_schedule_results/pcm_simulation_results/intervels_[1]/res_schedule_commitment_result.txt
PART1: [unit-commitment] calculation result has been saved to: D:\GithubClonefiles\module_unitcommitment\.worktrees\108_168h\output\pcm_com4_loadall_h168_20260823_210543\base\clu_ovl\r01\output/details_schedule_results/pcm_simulation_results/intervels_[1]/res_schedule_commitment_result.txt
Step-3: Creating dispatching model (Refactored & Modularized)
  Clustered PCM: 108 physical units -> 31 equivalent units (71.3% state reduction; 108 units in non-singleton clusters)
  ✓ True clustered UC completed (31 virtual units)
Step-3: Creating dispatching model (Refactored & Modularized)
  Clustered PCM: 108 physical units -> 31 equivalent units (71.3% state reduction; 108 units in non-singleton clusters)
  ✓ True clustered UC completed (31 virtual units)
PART1: [unit-commitment] calculation result has been saved to: D:\GithubClonefiles\module_unitcommitment\.worktrees\108_168h\output\pcm_com4_loadall_h168_20260823_210543\base\clu_ovl\r01\output/details_schedule_results/pcm_simulation_results/intervels_[1]/res_schedule_commitment_result.txt
Step-3: Creating dispatching model (Refactored & Modularized)
  Clustered PCM: 108 physical units -> 31 equivalent units (71.3% state reduction; 108 units in non-singleton clusters)
  ✓ True clustered UC completed (31 virtual units)
PART1: [unit-commitment] calculation result has been saved to: D:\GithubClonefiles\module_unitcommitment\.worktrees\108_168h\output\pcm_com4_loadall_h168_20260823_210543\base\clu_ovl\r01\output/details_schedule_results/pcm_simulation_results/intervels_[1]/res_schedule_commitment_result.txt
Step-3: Creating dispatching model (Refactored & Modularized)
  Clustered PCM: 108 physical units -> 31 equivalent units (71.3% state reduction; 108 units in non-singleton clusters)
  ✓ True clustered UC completed (31 virtual units)
PART1: [unit-commitment] calculation result has been saved to: D:\GithubClonefiles\module_unitcommitment\.worktrees\108_168h\output\pcm_com4_loadall_h168_20260823_210543\base\clu_ovl\r01\output/details_schedule_results/pcm_simulation_results/intervels_[1]/res_schedule_commitment_result.txt
PART1: [unit-commitment] calculation result has been saved to: D:\GithubClonefiles\module_unitcommitment\.worktrees\108_168h\output\pcm_com4_loadall_h168_20260823_210543\base\clu_ovl\r01\output/details_schedule_results/pcm_simulation_results/intervels_[1]/res_schedule_commitment_result.txt
Step-3: Creating dispatching model (Refactored & Modularized)
  Clustered PCM: 108 physical units -> 31 equivalent units (71.3% state reduction; 108 units in non-singleton clusters)
  ✓ True clustered UC completed (31 virtual units)
Step-3: Creating dispatching model (Refactored & Modularized)
  Clustered PCM: 108 physical units -> 31 equivalent units (71.3% state reduction; 108 units in non-singleton clusters)
  ✓ True clustered UC completed (31 virtual units)
PART1: [unit-commitment] calculation result has been saved to: D:\GithubClonefiles\module_unitcommitment\.worktrees\108_168h\output\pcm_com4_loadall_h168_20260823_210543\base\clu_ovl\r01\output/details_schedule_results/pcm_simulation_results/intervels_[1]/res_schedule_commitment_result.txt
Step-3: Creating dispatching model (Refactored & Modularized)
  Clustered PCM: 108 physical units -> 31 equivalent units (71.3% state reduction; 108 units in non-singleton clusters)
  ✓ True clustered UC completed (31 virtual units)
PART1: [unit-commitment] calculation result has been saved to: D:\GithubClonefiles\module_unitcommitment\.worktrees\108_168h\output\pcm_com4_loadall_h168_20260823_210543\base\clu_ovl\r01\output/details_schedule_results/pcm_simulation_results/intervels_[1]/res_schedule_commitment_result.txt
Step-3: Creating dispatching model (Refactored & Modularized)
  Clustered PCM: 108 physical units -> 31 equivalent units (71.3% state reduction; 108 units in non-singleton clusters)
  ✓ True clustered UC completed (31 virtual units)
PART1: [unit-commitment] calculation result has been saved to: D:\GithubClonefiles\module_unitcommitment\.worktrees\108_168h\output\pcm_com4_loadall_h168_20260823_210543\base\clu_ovl\r01\output/details_schedule_results/pcm_simulation_results/intervels_[1]/res_schedule_commitment_result.txt
PART1: [unit-commitment] calculation result has been saved to: D:\GithubClonefiles\module_unitcommitment\.worktrees\108_168h\output\pcm_com4_loadall_h168_20260823_210543\base\clu_ovl\r01\output/details_schedule_results/pcm_simulation_results/intervels_[1]/res_schedule_commitment_result.txt
Step-3: Creating dispatching model (Refactored & Modularized)
  Clustered PCM: 108 physical units -> 31 equivalent units (71.3% state reduction; 108 units in non-singleton clusters)
  ✓ True clustered UC completed (31 virtual units)
Step-3: Creating dispatching model (Refactored & Modularized)
  Clustered PCM: 108 physical units -> 31 equivalent units (71.3% state reduction; 108 units in non-singleton clusters)
  ✓ True clustered UC completed (31 virtual units)
PART1: [unit-commitment] calculation result has been saved to: D:\GithubClonefiles\module_unitcommitment\.worktrees\108_168h\output\pcm_com4_loadall_h168_20260823_210543\base\clu_ovl\r01\output/details_schedule_results/pcm_simulation_results/intervels_[1]/res_schedule_commitment_result.txt
Step-3: Creating dispatching model (Refactored & Modularized)
  Clustered PCM: 108 physical units -> 31 equivalent units (71.3% state reduction; 108 units in non-singleton clusters)
  ✓ True clustered UC completed (31 virtual units)
PART1: [unit-commitment] calculation result has been saved to: D:\GithubClonefiles\module_unitcommitment\.worktrees\108_168h\output\pcm_com4_loadall_h168_20260823_210543\base\clu_ovl\r01\output/details_schedule_results/pcm_simulation_results/intervels_[1]/res_schedule_commitment_result.txt
Step-3: Creating dispatching model (Refactored & Modularized)
  Clustered PCM: 108 physical units -> 31 equivalent units (71.3% state reduction; 108 units in non-singleton clusters)
  ✓ True clustered UC completed (31 virtual units)
PART1: [unit-commitment] calculation result has been saved to: D:\GithubClonefiles\module_unitcommitment\.worktrees\108_168h\output\pcm_com4_loadall_h168_20260823_210543\base\clu_ovl\r01\output/details_schedule_results/pcm_simulation_results/intervels_[1]/res_schedule_commitment_result.txt
PART1: [unit-commitment] calculation result has been saved to: D:\GithubClonefiles\module_unitcommitment\.worktrees\108_168h\output\pcm_com4_loadall_h168_20260823_210543\base\clu_ovl\r01\output/details_schedule_results/pcm_simulation_results/intervels_[1]/res_schedule_commitment_result.txt
Step-3: Creating dispatching model (Refactored & Modularized)
  Clustered PCM: 108 physical units -> 31 equivalent units (71.3% state reduction; 108 units in non-singleton clusters)
  ✓ True clustered UC completed (31 virtual units)
Step-3: Creating dispatching model (Refactored & Modularized)
  Clustered PCM: 108 physical units -> 31 equivalent units (71.3% state reduction; 108 units in non-singleton clusters)
  ✓ True clustered UC completed (31 virtual units)
PART1: [unit-commitment] calculation result has been saved to: D:\GithubClonefiles\module_unitcommitment\.worktrees\108_168h\output\pcm_com4_loadall_h168_20260823_210543\base\clu_ovl\r01\output/details_schedule_results/pcm_simulation_results/intervels_[1]/res_schedule_commitment_result.txt
Step-3: Creating dispatching model (Refactored & Modularized)
  Clustered PCM: 108 physical units -> 31 equivalent units (71.3% state reduction; 108 units in non-singleton clusters)
  ✓ True clustered UC completed (31 virtual units)
PART1: [unit-commitment] calculation result has been saved to: D:\GithubClonefiles\module_unitcommitment\.worktrees\108_168h\output\pcm_com4_loadall_h168_20260823_210543\base\clu_ovl\r01\output/details_schedule_results/pcm_simulation_results/intervels_[1]/res_schedule_commitment_result.txt
Step-3: Creating dispatching model (Refactored & Modularized)
  Clustered PCM: 108 physical units -> 31 equivalent units (71.3% state reduction; 108 units in non-singleton clusters)
  ✓ True clustered UC completed (31 virtual units)
PART1: [unit-commitment] calculation result has been saved to: D:\GithubClonefiles\module_unitcommitment\.worktrees\108_168h\output\pcm_com4_loadall_h168_20260823_210543\base\clu_ovl\r01\output/details_schedule_results/pcm_simulation_results/intervels_[1]/res_schedule_commitment_result.txt
PART1: [unit-commitment] calculation result has been saved to: D:\GithubClonefiles\module_unitcommitment\.worktrees\108_168h\output\pcm_com4_loadall_h168_20260823_210543\base\clu_ovl\r01\output/details_schedule_results/pcm_simulation_results/intervels_[1]/res_schedule_commitment_result.txt
Step-3: Creating dispatching model (Refactored & Modularized)
  Clustered PCM: 108 physical units -> 31 equivalent units (71.3% state reduction; 108 units in non-singleton clusters)
  ✓ True clustered UC completed (31 virtual units)
Step-3: Creating dispatching model (Refactored & Modularized)
  Clustered PCM: 108 physical units -> 31 equivalent units (71.3% state reduction; 108 units in non-singleton clusters)
  ✓ True clustered UC completed (31 virtual units)
PART1: [unit-commitment] calculation result has been saved to: D:\GithubClonefiles\module_unitcommitment\.worktrees\108_168h\output\pcm_com4_loadall_h168_20260823_210543\base\clu_ovl\r01\output/details_schedule_results/pcm_simulation_results/intervels_[1]/res_schedule_commitment_result.txt
Step-3: Creating dispatching model (Refactored & Modularized)
  Clustered PCM: 108 physical units -> 31 equivalent units (71.3% state reduction; 108 units in non-singleton clusters)
  ✓ True clustered UC completed (31 virtual units)
PART1: [unit-commitment] calculation result has been saved to: D:\GithubClonefiles\module_unitcommitment\.worktrees\108_168h\output\pcm_com4_loadall_h168_20260823_210543\base\clu_ovl\r01\output/details_schedule_results/pcm_simulation_results/intervels_[1]/res_schedule_commitment_result.txt
Step-3: Creating dispatching model (Refactored & Modularized)
  Clustered PCM: 108 physical units -> 31 equivalent units (71.3% state reduction; 108 units in non-singleton clusters)
  ✓ True clustered UC completed (31 virtual units)
PART1: [unit-commitment] calculation result has been saved to: D:\GithubClonefiles\module_unitcommitment\.worktrees\108_168h\output\pcm_com4_loadall_h168_20260823_210543\base\clu_ovl\r01\output/details_schedule_results/pcm_simulation_results/intervels_[1]/res_schedule_commitment_result.txt
PART1: [unit-commitment] calculation result has been saved to: D:\GithubClonefiles\module_unitcommitment\.worktrees\108_168h\output\pcm_com4_loadall_h168_20260823_210543\base\clu_ovl\r01\output/details_schedule_results/pcm_simulation_results/intervels_[1]/res_schedule_commitment_result.txt
Step-3: Creating dispatching model (Refactored & Modularized)
  Clustered PCM: 108 physical units -> 31 equivalent units (71.3% state reduction; 108 units in non-singleton clusters)
  ✓ True clustered UC completed (31 virtual units)
Step-3: Creating dispatching model (Refactored & Modularized)
  Clustered PCM: 108 physical units -> 31 equivalent units (71.3% state reduction; 108 units in non-singleton clusters)
  ✓ True clustered UC completed (31 virtual units)
PART1: [unit-commitment] calculation result has been saved to: D:\GithubClonefiles\module_unitcommitment\.worktrees\108_168h\output\pcm_com4_loadall_h168_20260823_210543\base\clu_ovl\r01\output/details_schedule_results/pcm_simulation_results/intervels_[1]/res_schedule_commitment_result.txt
Step-3: Creating dispatching model (Refactored & Modularized)
  Clustered PCM: 108 physical units -> 31 equivalent units (71.3% state reduction; 108 units in non-singleton clusters)
  ✓ True clustered UC completed (31 virtual units)
PART1: [unit-commitment] calculation result has been saved to: D:\GithubClonefiles\module_unitcommitment\.worktrees\108_168h\output\pcm_com4_loadall_h168_20260823_210543\base\clu_ovl\r01\output/details_schedule_results/pcm_simulation_results/intervels_[1]/res_schedule_commitment_result.txt
Step-3: Creating dispatching model (Refactored & Modularized)
  Clustered PCM: 108 physical units -> 31 equivalent units (71.3% state reduction; 108 units in non-singleton clusters)
  ✓ True clustered UC completed (31 virtual units)
PART1: [unit-commitment] calculation result has been saved to: D:\GithubClonefiles\module_unitcommitment\.worktrees\108_168h\output\pcm_com4_loadall_h168_20260823_210543\base\clu_ovl\r01\output/details_schedule_results/pcm_simulation_results/intervels_[1]/res_schedule_commitment_result.txt
PART1: [unit-commitment] calculation result has been saved to: D:\GithubClonefiles\module_unitcommitment\.worktrees\108_168h\output\pcm_com4_loadall_h168_20260823_210543\base\clu_ovl\r01\output/details_schedule_results/pcm_simulation_results/intervels_[1]/res_schedule_commitment_result.txt
Step-3: Creating dispatching model (Refactored & Modularized)
  Clustered PCM: 108 physical units -> 31 equivalent units (71.3% state reduction; 108 units in non-singleton clusters)
  ✓ True clustered UC completed (31 virtual units)
Step-3: Creating dispatching model (Refactored & Modularized)
  Clustered PCM: 108 physical units -> 31 equivalent units (71.3% state reduction; 108 units in non-singleton clusters)
  ✓ True clustered UC completed (31 virtual units)
PART1: [unit-commitment] calculation result has been saved to: D:\GithubClonefiles\module_unitcommitment\.worktrees\108_168h\output\pcm_com4_loadall_h168_20260823_210543\base\clu_ovl\r01\output/details_schedule_results/pcm_simulation_results/intervels_[1]/res_schedule_commitment_result.txt
Step-3: Creating dispatching model (Refactored & Modularized)
  Clustered PCM: 108 physical units -> 31 equivalent units (71.3% state reduction; 108 units in non-singleton clusters)
  ✓ True clustered UC completed (31 virtual units)
PART1: [unit-commitment] calculation result has been saved to: D:\GithubClonefiles\module_unitcommitment\.worktrees\108_168h\output\pcm_com4_loadall_h168_20260823_210543\base\clu_ovl\r01\output/details_schedule_results/pcm_simulation_results/intervels_[1]/res_schedule_commitment_result.txt
Step-3: Creating dispatching model (Refactored & Modularized)
  Clustered PCM: 108 physical units -> 31 equivalent units (71.3% state reduction; 108 units in non-singleton clusters)
  ✓ True clustered UC completed (31 virtual units)
PART1: [unit-commitment] calculation result has been saved to: D:\GithubClonefiles\module_unitcommitment\.worktrees\108_168h\output\pcm_com4_loadall_h168_20260823_210543\base\clu_ovl\r01\output/details_schedule_results/pcm_simulation_results/intervels_[1]/res_schedule_commitment_result.txt
PART1: [unit-commitment] calculation result has been saved to: D:\GithubClonefiles\module_unitcommitment\.worktrees\108_168h\output\pcm_com4_loadall_h168_20260823_210543\base\clu_ovl\r01\output/details_schedule_results/pcm_simulation_results/intervels_[1]/res_schedule_commitment_result.txt
Step-3: Creating dispatching model (Refactored & Modularized)
  Clustered PCM: 108 physical units -> 31 equivalent units (71.3% state reduction; 108 units in non-singleton clusters)
  ✓ True clustered UC completed (31 virtual units)
Step-3: Creating dispatching model (Refactored & Modularized)
  Clustered PCM: 108 physical units -> 31 equivalent units (71.3% state reduction; 108 units in non-singleton clusters)
  ✓ True clustered UC completed (31 virtual units)
PART1: [unit-commitment] calculation result has been saved to: D:\GithubClonefiles\module_unitcommitment\.worktrees\108_168h\output\pcm_com4_loadall_h168_20260823_210543\base\clu_ovl\r01\output/details_schedule_results/pcm_simulation_results/intervels_[1]/res_schedule_commitment_result.txt
Step-3: Creating dispatching model (Refactored & Modularized)
  Clustered PCM: 108 physical units -> 31 equivalent units (71.3% state reduction; 108 units in non-singleton clusters)
  ✓ True clustered UC completed (31 virtual units)
PART1: [unit-commitment] calculation result has been saved to: D:\GithubClonefiles\module_unitcommitment\.worktrees\108_168h\output\pcm_com4_loadall_h168_20260823_210543\base\clu_ovl\r01\output/details_schedule_results/pcm_simulation_results/intervels_[1]/res_schedule_commitment_result.txt
Step-3: Creating dispatching model (Refactored & Modularized)
  Clustered PCM: 108 physical units -> 31 equivalent units (71.3% state reduction; 108 units in non-singleton clusters)
  ✓ True clustered UC completed (31 virtual units)
PART1: [unit-commitment] calculation result has been saved to: D:\GithubClonefiles\module_unitcommitment\.worktrees\108_168h\output\pcm_com4_loadall_h168_20260823_210543\base\clu_ovl\r01\output/details_schedule_results/pcm_simulation_results/intervels_[1]/res_schedule_commitment_result.txt
PART1: [unit-commitment] calculation result has been saved to: D:\GithubClonefiles\module_unitcommitment\.worktrees\108_168h\output\pcm_com4_loadall_h168_20260823_210543\base\clu_ovl\r01\output/details_schedule_results/pcm_simulation_results/intervels_[1]/res_schedule_commitment_result.txt
Step-3: Creating dispatching model (Refactored & Modularized)
  Clustered PCM: 108 physical units -> 31 equivalent units (71.3% state reduction; 108 units in non-singleton clusters)
  ✓ True clustered UC completed (31 virtual units)
Step-3: Creating dispatching model (Refactored & Modularized)
  Clustered PCM: 108 physical units -> 31 equivalent units (71.3% state reduction; 108 units in non-singleton clusters)
  ✓ True clustered UC completed (31 virtual units)
PART1: [unit-commitment] calculation result has been saved to: D:\GithubClonefiles\module_unitcommitment\.worktrees\108_168h\output\pcm_com4_loadall_h168_20260823_210543\base\clu_ovl\r01\output/details_schedule_results/pcm_simulation_results/intervels_[1]/res_schedule_commitment_result.txt
Step-3: Creating dispatching model (Refactored & Modularized)
  Clustered PCM: 108 physical units -> 31 equivalent units (71.3% state reduction; 108 units in non-singleton clusters)
  ✓ True clustered UC completed (31 virtual units)
PART1: [unit-commitment] calculation result has been saved to: D:\GithubClonefiles\module_unitcommitment\.worktrees\108_168h\output\pcm_com4_loadall_h168_20260823_210543\base\clu_ovl\r01\output/details_schedule_results/pcm_simulation_results/intervels_[1]/res_schedule_commitment_result.txt
Step-3: Creating dispatching model (Refactored & Modularized)
  Clustered PCM: 108 physical units -> 31 equivalent units (71.3% state reduction; 108 units in non-singleton clusters)
  ✓ True clustered UC completed (31 virtual units)
PART1: [unit-commitment] calculation result has been saved to: D:\GithubClonefiles\module_unitcommitment\.worktrees\108_168h\output\pcm_com4_loadall_h168_20260823_210543\base\clu_ovl\r01\output/details_schedule_results/pcm_simulation_results/intervels_[1]/res_schedule_commitment_result.txt
PART1: [unit-commitment] calculation result has been saved to: D:\GithubClonefiles\module_unitcommitment\.worktrees\108_168h\output\pcm_com4_loadall_h168_20260823_210543\base\clu_ovl\r01\output/details_schedule_results/pcm_simulation_results/intervels_[1]/res_schedule_commitment_result.txt
Step-3: Creating dispatching model (Refactored & Modularized)
  Clustered PCM: 108 physical units -> 31 equivalent units (71.3% state reduction; 108 units in non-singleton clusters)
  ✓ True clustered UC completed (31 virtual units)
Step-3: Creating dispatching model (Refactored & Modularized)
  Clustered PCM: 108 physical units -> 31 equivalent units (71.3% state reduction; 108 units in non-singleton clusters)
  ✓ True clustered UC completed (31 virtual units)
PART1: [unit-commitment] calculation result has been saved to: D:\GithubClonefiles\module_unitcommitment\.worktrees\108_168h\output\pcm_com4_loadall_h168_20260823_210543\base\clu_ovl\r01\output/details_schedule_results/pcm_simulation_results/intervels_[1]/res_schedule_commitment_result.txt
Step-3: Creating dispatching model (Refactored & Modularized)
  Clustered PCM: 108 physical units -> 31 equivalent units (71.3% state reduction; 108 units in non-singleton clusters)
  ✓ True clustered UC completed (31 virtual units)
PART1: [unit-commitment] calculation result has been saved to: D:\GithubClonefiles\module_unitcommitment\.worktrees\108_168h\output\pcm_com4_loadall_h168_20260823_210543\base\clu_ovl\r01\output/details_schedule_results/pcm_simulation_results/intervels_[1]/res_schedule_commitment_result.txt
Step-3: Creating dispatching model (Refactored & Modularized)
  Clustered PCM: 108 physical units -> 31 equivalent units (71.3% state reduction; 108 units in non-singleton clusters)
  ✓ True clustered UC completed (31 virtual units)
PART1: [unit-commitment] calculation result has been saved to: D:\GithubClonefiles\module_unitcommitment\.worktrees\108_168h\output\pcm_com4_loadall_h168_20260823_210543\base\clu_ovl\r01\output/details_schedule_results/pcm_simulation_results/intervels_[1]/res_schedule_commitment_result.txt
PART1: [unit-commitment] calculation result has been saved to: D:\GithubClonefiles\module_unitcommitment\.worktrees\108_168h\output\pcm_com4_loadall_h168_20260823_210543\base\clu_ovl\r01\output/details_schedule_results/pcm_simulation_results/intervels_[1]/res_schedule_commitment_result.txt
Step-3: Creating dispatching model (Refactored & Modularized)
  Clustered PCM: 108 physical units -> 31 equivalent units (71.3% state reduction; 108 units in non-singleton clusters)
  ✓ True clustered UC completed (31 virtual units)
Step-3: Creating dispatching model (Refactored & Modularized)
  Clustered PCM: 108 physical units -> 31 equivalent units (71.3% state reduction; 108 units in non-singleton clusters)
  ✓ True clustered UC completed (31 virtual units)
PART1: [unit-commitment] calculation result has been saved to: D:\GithubClonefiles\module_unitcommitment\.worktrees\108_168h\output\pcm_com4_loadall_h168_20260823_210543\base\clu_ovl\r01\output/details_schedule_results/pcm_simulation_results/intervels_[1]/res_schedule_commitment_result.txt
Step-3: Creating dispatching model (Refactored & Modularized)
  Clustered PCM: 108 physical units -> 31 equivalent units (71.3% state reduction; 108 units in non-singleton clusters)
  ✓ True clustered UC completed (31 virtual units)
PART1: [unit-commitment] calculation result has been saved to: D:\GithubClonefiles\module_unitcommitment\.worktrees\108_168h\output\pcm_com4_loadall_h168_20260823_210543\base\clu_ovl\r01\output/details_schedule_results/pcm_simulation_results/intervels_[1]/res_schedule_commitment_result.txt
Step-3: Creating dispatching model (Refactored & Modularized)
  Clustered PCM: 108 physical units -> 31 equivalent units (71.3% state reduction; 108 units in non-singleton clusters)
  ✓ True clustered UC completed (31 virtual units)
PART1: [unit-commitment] calculation result has been saved to: D:\GithubClonefiles\module_unitcommitment\.worktrees\108_168h\output\pcm_com4_loadall_h168_20260823_210543\base\clu_ovl\r01\output/details_schedule_results/pcm_simulation_results/intervels_[1]/res_schedule_commitment_result.txt
PART1: [unit-commitment] calculation result has been saved to: D:\GithubClonefiles\module_unitcommitment\.worktrees\108_168h\output\pcm_com4_loadall_h168_20260823_210543\base\clu_ovl\r01\output/details_schedule_results/pcm_simulation_results/intervels_[1]/res_schedule_commitment_result.txt
Step-3: Creating dispatching model (Refactored & Modularized)
  Clustered PCM: 108 physical units -> 31 equivalent units (71.3% state reduction; 108 units in non-singleton clusters)
  ✓ True clustered UC completed (31 virtual units)
Step-3: Creating dispatching model (Refactored & Modularized)
  Clustered PCM: 108 physical units -> 31 equivalent units (71.3% state reduction; 108 units in non-singleton clusters)
  ✓ True clustered UC completed (31 virtual units)
PART1: [unit-commitment] calculation result has been saved to: D:\GithubClonefiles\module_unitcommitment\.worktrees\108_168h\output\pcm_com4_loadall_h168_20260823_210543\base\clu_ovl\r01\output/details_schedule_results/pcm_simulation_results/intervels_[1]/res_schedule_commitment_result.txt
Step-3: Creating dispatching model (Refactored & Modularized)
  Clustered PCM: 108 physical units -> 31 equivalent units (71.3% state reduction; 108 units in non-singleton clusters)
  ✓ True clustered UC completed (31 virtual units)
PART1: [unit-commitment] calculation result has been saved to: D:\GithubClonefiles\module_unitcommitment\.worktrees\108_168h\output\pcm_com4_loadall_h168_20260823_210543\base\clu_ovl\r01\output/details_schedule_results/pcm_simulation_results/intervels_[1]/res_schedule_commitment_result.txt
Step-3: Creating dispatching model (Refactored & Modularized)
  Clustered PCM: 108 physical units -> 31 equivalent units (71.3% state reduction; 108 units in non-singleton clusters)
  ✓ True clustered UC completed (31 virtual units)
PART1: [unit-commitment] calculation result has been saved to: D:\GithubClonefiles\module_unitcommitment\.worktrees\108_168h\output\pcm_com4_loadall_h168_20260823_210543\base\clu_ovl\r01\output/details_schedule_results/pcm_simulation_results/intervels_[1]/res_schedule_commitment_result.txt
PART1: [unit-commitment] calculation result has been saved to: D:\GithubClonefiles\module_unitcommitment\.worktrees\108_168h\output\pcm_com4_loadall_h168_20260823_210543\base\clu_ovl\r01\output/details_schedule_results/pcm_simulation_results/intervels_[1]/res_schedule_commitment_result.txt
Step-3: Creating dispatching model (Refactored & Modularized)
  Clustered PCM: 108 physical units -> 31 equivalent units (71.3% state reduction; 108 units in non-singleton clusters)
  ✓ True clustered UC completed (31 virtual units)
Step-3: Creating dispatching model (Refactored & Modularized)
  Clustered PCM: 108 physical units -> 31 equivalent units (71.3% state reduction; 108 units in non-singleton clusters)
  ✓ True clustered UC completed (31 virtual units)
PART1: [unit-commitment] calculation result has been saved to: D:\GithubClonefiles\module_unitcommitment\.worktrees\108_168h\output\pcm_com4_loadall_h168_20260823_210543\base\clu_ovl\r01\output/details_schedule_results/pcm_simulation_results/intervels_[1]/res_schedule_commitment_result.txt
Step-3: Creating dispatching model (Refactored & Modularized)
  Clustered PCM: 108 physical units -> 31 equivalent units (71.3% state reduction; 108 units in non-singleton clusters)
  ✓ True clustered UC completed (31 virtual units)
PART1: [unit-commitment] calculation result has been saved to: D:\GithubClonefiles\module_unitcommitment\.worktrees\108_168h\output\pcm_com4_loadall_h168_20260823_210543\base\clu_ovl\r01\output/details_schedule_results/pcm_simulation_results/intervels_[1]/res_schedule_commitment_result.txt
Step-3: Creating dispatching model (Refactored & Modularized)
  Clustered PCM: 108 physical units -> 31 equivalent units (71.3% state reduction; 108 units in non-singleton clusters)
  ✓ True clustered UC completed (31 virtual units)
PART1: [unit-commitment] calculation result has been saved to: D:\GithubClonefiles\module_unitcommitment\.worktrees\108_168h\output\pcm_com4_loadall_h168_20260823_210543\base\clu_ovl\r01\output/details_schedule_results/pcm_simulation_results/intervels_[1]/res_schedule_commitment_result.txt
PART1: [unit-commitment] calculation result has been saved to: D:\GithubClonefiles\module_unitcommitment\.worktrees\108_168h\output\pcm_com4_loadall_h168_20260823_210543\base\clu_ovl\r01\output/details_schedule_results/pcm_simulation_results/intervels_[1]/res_schedule_commitment_result.txt
Step-3: Creating dispatching model (Refactored & Modularized)
  Clustered PCM: 108 physical units -> 31 equivalent units (71.3% state reduction; 108 units in non-singleton clusters)
  ✓ True clustered UC completed (31 virtual units)
Step-3: Creating dispatching model (Refactored & Modularized)
  Clustered PCM: 108 physical units -> 31 equivalent units (71.3% state reduction; 108 units in non-singleton clusters)
  ✓ True clustered UC completed (31 virtual units)
PART1: [unit-commitment] calculation result has been saved to: D:\GithubClonefiles\module_unitcommitment\.worktrees\108_168h\output\pcm_com4_loadall_h168_20260823_210543\base\clu_ovl\r01\output/details_schedule_results/pcm_simulation_results/intervels_[1]/res_schedule_commitment_result.txt
Step-3: Creating dispatching model (Refactored & Modularized)
  Clustered PCM: 108 physical units -> 31 equivalent units (71.3% state reduction; 108 units in non-singleton clusters)
  ✓ True clustered UC completed (31 virtual units)
Set parameter Username
Set parameter LicenseID to value 2826524
Academic license - for non-commercial use only - expires 2027-05-22
Set parameter Username
Set parameter LicenseID to value 2826524
Academic license - for non-commercial use only - expires 2027-05-22
Set parameter Username
Set parameter LicenseID to value 2826524
Academic license - for non-commercial use only - expires 2027-05-22
Set parameter Username
Set parameter LicenseID to value 2826524
Academic license - for non-commercial use only - expires 2027-05-22
Set parameter Username
Set parameter LicenseID to value 2826524
Academic license - for non-commercial use only - expires 2027-05-22
Set parameter Username
Set parameter LicenseID to value 2826524
Academic license - for non-commercial use only - expires 2027-05-22
Set parameter Username
Set parameter LicenseID to value 2826524
Academic license - for non-commercial use only - expires 2027-05-22
Set parameter Username
Set parameter LicenseID to value 2826524
Academic license - for non-commercial use only - expires 2027-05-22
Set parameter Username
Set parameter LicenseID to value 2826524
Academic license - for non-commercial use only - expires 2027-05-22
Set parameter Username
Set parameter LicenseID to value 2826524
Academic license - for non-commercial use only - expires 2027-05-22
Set parameter Username
Set parameter LicenseID to value 2826524
Academic license - for non-commercial use only - expires 2027-05-22
Set parameter Username
Set parameter LicenseID to value 2826524
Academic license - for non-commercial use only - expires 2027-05-22
Set parameter Username
Set parameter LicenseID to value 2826524
Academic license - for non-commercial use only - expires 2027-05-22
Set parameter Username
Set parameter LicenseID to value 2826524
Academic license - for non-commercial use only - expires 2027-05-22
Set parameter Username
Set parameter LicenseID to value 2826524
Academic license - for non-commercial use only - expires 2027-05-22
Set parameter Username
Set parameter LicenseID to value 2826524
Academic license - for non-commercial use only - expires 2027-05-22
Set parameter Username
Set parameter LicenseID to value 2826524
Academic license - for non-commercial use only - expires 2027-05-22
Set parameter Username
Set parameter LicenseID to value 2826524
Academic license - for non-commercial use only - expires 2027-05-22
Set parameter Username
Set parameter LicenseID to value 2826524
Academic license - for non-commercial use only - expires 2027-05-22
Set parameter Username
Set parameter LicenseID to value 2826524
Academic license - for non-commercial use only - expires 2027-05-22
Set parameter Username
Set parameter LicenseID to value 2826524
Academic license - for non-commercial use only - expires 2027-05-22
Set parameter Username
Set parameter LicenseID to value 2826524
Academic license - for non-commercial use only - expires 2027-05-22
Set parameter Username
Set parameter LicenseID to value 2826524
Academic license - for non-commercial use only - expires 2027-05-22
Set parameter Username
Set parameter LicenseID to value 2826524
Academic license - for non-commercial use only - expires 2027-05-22
Set parameter Username
Set parameter LicenseID to value 2826524
Academic license - for non-commercial use only - expires 2027-05-22
Set parameter Username
Set parameter LicenseID to value 2826524
Academic license - for non-commercial use only - expires 2027-05-22
Set parameter Username
Set parameter LicenseID to value 2826524
Academic license - for non-commercial use only - expires 2027-05-22
Set parameter Username
Set parameter LicenseID to value 2826524
Academic license - for non-commercial use only - expires 2027-05-22
Set parameter Username
Set parameter LicenseID to value 2826524
Academic license - for non-commercial use only - expires 2027-05-22
Set parameter Username
Set parameter LicenseID to value 2826524
Academic license - for non-commercial use only - expires 2027-05-22
Set parameter Username
Set parameter LicenseID to value 2826524
Academic license - for non-commercial use only - expires 2027-05-22
Set parameter Username
Set parameter LicenseID to value 2826524
Academic license - for non-commercial use only - expires 2027-05-22
Set parameter Username
Set parameter LicenseID to value 2826524
Academic license - for non-commercial use only - expires 2027-05-22
Set parameter Username
Set parameter LicenseID to value 2826524
Academic license - for non-commercial use only - expires 2027-05-22
Set parameter Username
Set parameter LicenseID to value 2826524
Academic license - for non-commercial use only - expires 2027-05-22
Set parameter Username
Set parameter LicenseID to value 2826524
Academic license - for non-commercial use only - expires 2027-05-22
Set parameter Username
Set parameter LicenseID to value 2826524
Academic license - for non-commercial use only - expires 2027-05-22
Set parameter Username
Set parameter LicenseID to value 2826524
Academic license - for non-commercial use only - expires 2027-05-22
Set parameter Username
Set parameter LicenseID to value 2826524
Academic license - for non-commercial use only - expires 2027-05-22
Set parameter Username
Set parameter LicenseID to value 2826524
Academic license - for non-commercial use only - expires 2027-05-22
Set parameter Username
Set parameter LicenseID to value 2826524
Academic license - for non-commercial use only - expires 2027-05-22
Set parameter Username
Set parameter LicenseID to value 2826524
Academic license - for non-commercial use only - expires 2027-05-22
Set parameter Username
Set parameter LicenseID to value 2826524
Academic license - for non-commercial use only - expires 2027-05-22
Set parameter Username
Set parameter LicenseID to value 2826524
Academic license - for non-commercial use only - expires 2027-05-22
Set parameter Username
Set parameter LicenseID to value 2826524
Academic license - for non-commercial use only - expires 2027-05-22
Set parameter Username
Set parameter LicenseID to value 2826524
Academic license - for non-commercial use only - expires 2027-05-22
Set parameter Username
Set parameter LicenseID to value 2826524
Academic license - for non-commercial use only - expires 2027-05-22
Set parameter Username
Set parameter LicenseID to value 2826524
Academic license - for non-commercial use only - expires 2027-05-22
Set parameter Username
Set parameter LicenseID to value 2826524
Academic license - for non-commercial use only - expires 2027-05-22
Set parameter Username
Set parameter LicenseID to value 2826524
Academic license - for non-commercial use only - expires 2027-05-22
Set parameter Username
Set parameter LicenseID to value 2826524
Academic license - for non-commercial use only - expires 2027-05-22
Set parameter Username
Set parameter LicenseID to value 2826524
Academic license - for non-commercial use only - expires 2027-05-22
Set parameter Username
Set parameter LicenseID to value 2826524
Academic license - for non-commercial use only - expires 2027-05-22
Set parameter Username
Set parameter LicenseID to value 2826524
Academic license - for non-commercial use only - expires 2027-05-22
Set parameter Username
Set parameter LicenseID to value 2826524
Academic license - for non-commercial use only - expires 2027-05-22
Set parameter Username
Set parameter LicenseID to value 2826524
Academic license - for non-commercial use only - expires 2027-05-22
Set parameter Username
Set parameter LicenseID to value 2826524
Academic license - for non-commercial use only - expires 2027-05-22
Set parameter Username
Set parameter LicenseID to value 2826524
Academic license - for non-commercial use only - expires 2027-05-22
Set parameter Username
Set parameter LicenseID to value 2826524
Academic license - for non-commercial use only - expires 2027-05-22
Set parameter Username
Set parameter LicenseID to value 2826524
Academic license - for non-commercial use only - expires 2027-05-22
Set parameter Username
Set parameter LicenseID to value 2826524
Academic license - for non-commercial use only - expires 2027-05-22
Set parameter Username
Set parameter LicenseID to value 2826524
Academic license - for non-commercial use only - expires 2027-05-22
Set parameter Username
Set parameter LicenseID to value 2826524
Academic license - for non-commercial use only - expires 2027-05-22
Set parameter Username
Set parameter LicenseID to value 2826524
Academic license - for non-commercial use only - expires 2027-05-22
Set parameter Username
Set parameter LicenseID to value 2826524
Academic license - for non-commercial use only - expires 2027-05-22
Set parameter Username
Set parameter LicenseID to value 2826524
Academic license - for non-commercial use only - expires 2027-05-22
Set parameter Username
Set parameter LicenseID to value 2826524
Academic license - for non-commercial use only - expires 2027-05-22
Set parameter Username
Set parameter LicenseID to value 2826524
Academic license - for non-commercial use only - expires 2027-05-22
Set parameter Username
Set parameter LicenseID to value 2826524
Academic license - for non-commercial use only - expires 2027-05-22
Set parameter Username
Set parameter LicenseID to value 2826524
Academic license - for non-commercial use only - expires 2027-05-22
Set parameter Username
Set parameter LicenseID to value 2826524
Academic license - for non-commercial use only - expires 2027-05-22
Set parameter Username
Set parameter LicenseID to value 2826524
Academic license - for non-commercial use only - expires 2027-05-22
Set parameter Username
Set parameter LicenseID to value 2826524
Academic license - for non-commercial use only - expires 2027-05-22
Set parameter Username
Set parameter LicenseID to value 2826524
Academic license - for non-commercial use only - expires 2027-05-22
Set parameter Username
Set parameter LicenseID to value 2826524
Academic license - for non-commercial use only - expires 2027-05-22
Set parameter Username
Set parameter LicenseID to value 2826524
Academic license - for non-commercial use only - expires 2027-05-22
Set parameter Username
Set parameter LicenseID to value 2826524
Academic license - for non-commercial use only - expires 2027-05-22
Set parameter Username
Set parameter LicenseID to value 2826524
Academic license - for non-commercial use only - expires 2027-05-22
Set parameter Username
Set parameter LicenseID to value 2826524
Academic license - for non-commercial use only - expires 2027-05-22
Set parameter Username
Set parameter LicenseID to value 2826524
Academic license - for non-commercial use only - expires 2027-05-22
Set parameter Username
Set parameter LicenseID to value 2826524
Academic license - for non-commercial use only - expires 2027-05-22
Set parameter Username
Set parameter LicenseID to value 2826524
Academic license - for non-commercial use only - expires 2027-05-22
Set parameter Username
Set parameter LicenseID to value 2826524
Academic license - for non-commercial use only - expires 2027-05-22
Set parameter Username
Set parameter LicenseID to value 2826524
Academic license - for non-commercial use only - expires 2027-05-22
Set parameter Username
Set parameter LicenseID to value 2826524
Academic license - for non-commercial use only - expires 2027-05-22
Set parameter Username
Set parameter LicenseID to value 2826524
Academic license - for non-commercial use only - expires 2027-05-22
Set parameter Username
Set parameter LicenseID to value 2826524
Academic license - for non-commercial use only - expires 2027-05-22
Set parameter Username
Set parameter LicenseID to value 2826524
Academic license - for non-commercial use only - expires 2027-05-22
Set parameter Username
Set parameter LicenseID to value 2826524
Academic license - for non-commercial use only - expires 2027-05-22
Set parameter Username
Set parameter LicenseID to value 2826524
Academic license - for non-commercial use only - expires 2027-05-22
Set parameter Username
Set parameter LicenseID to value 2826524
Academic license - for non-commercial use only - expires 2027-05-22
Set parameter Username
Set parameter LicenseID to value 2826524
Academic license - for non-commercial use only - expires 2027-05-22
Set parameter Username
Set parameter LicenseID to value 2826524
Academic license - for non-commercial use only - expires 2027-05-22
Set parameter Username
Set parameter LicenseID to value 2826524
Academic license - for non-commercial use only - expires 2027-05-22
Set parameter Username
Set parameter LicenseID to value 2826524
Academic license - for non-commercial use only - expires 2027-05-22
Set parameter Username
Set parameter LicenseID to value 2826524
Academic license - for non-commercial use only - expires 2027-05-22
Set parameter Username
Set parameter LicenseID to value 2826524
Academic license - for non-commercial use only - expires 2027-05-22
Set parameter Username
Set parameter LicenseID to value 2826524
Academic license - for non-commercial use only - expires 2027-05-22
Set parameter Username
Set parameter LicenseID to value 2826524
Academic license - for non-commercial use only - expires 2027-05-22
Set parameter Username
Set parameter LicenseID to value 2826524
Academic license - for non-commercial use only - expires 2027-05-22
Set parameter Username
Set parameter LicenseID to value 2826524
Academic license - for non-commercial use only - expires 2027-05-22
Set parameter Username
Set parameter LicenseID to value 2826524
Academic license - for non-commercial use only - expires 2027-05-22
Set parameter Username
Set parameter LicenseID to value 2826524
Academic license - for non-commercial use only - expires 2027-05-22
Set parameter Username
Set parameter LicenseID to value 2826524
Academic license - for non-commercial use only - expires 2027-05-22
Set parameter Username
Set parameter LicenseID to value 2826524
Academic license - for non-commercial use only - expires 2027-05-22
Set parameter Username
Set parameter LicenseID to value 2826524
Academic license - for non-commercial use only - expires 2027-05-22
Set parameter Username
Set parameter LicenseID to value 2826524
Academic license - for non-commercial use only - expires 2027-05-22
Set parameter Username
Set parameter LicenseID to value 2826524
Academic license - for non-commercial use only - expires 2027-05-22
Set parameter Username
Set parameter LicenseID to value 2826524
Academic license - for non-commercial use only - expires 2027-05-22
Set parameter Username
Set parameter LicenseID to value 2826524
Academic license - for non-commercial use only - expires 2027-05-22
Set parameter Username
Set parameter LicenseID to value 2826524
Academic license - for non-commercial use only - expires 2027-05-22
Set parameter Username
Set parameter LicenseID to value 2826524
Academic license - for non-commercial use only - expires 2027-05-22
Set parameter Username
Set parameter LicenseID to value 2826524
Academic license - for non-commercial use only - expires 2027-05-22
Set parameter Username
Set parameter LicenseID to value 2826524
Academic license - for non-commercial use only - expires 2027-05-22
Set parameter Username
Set parameter LicenseID to value 2826524
Academic license - for non-commercial use only - expires 2027-05-22
Set parameter Username
Set parameter LicenseID to value 2826524
Academic license - for non-commercial use only - expires 2027-05-22
Set parameter Username
Set parameter LicenseID to value 2826524
Academic license - for non-commercial use only - expires 2027-05-22
Set parameter Username
Set parameter LicenseID to value 2826524
Academic license - for non-commercial use only - expires 2027-05-22
Set parameter Username
Set parameter LicenseID to value 2826524
Academic license - for non-commercial use only - expires 2027-05-22
Set parameter Username
Set parameter LicenseID to value 2826524
Academic license - for non-commercial use only - expires 2027-05-22
Set parameter Username
Set parameter LicenseID to value 2826524
Academic license - for non-commercial use only - expires 2027-05-22
Set parameter Username
Set parameter LicenseID to value 2826524
Academic license - for non-commercial use only - expires 2027-05-22
Set parameter Username
Set parameter LicenseID to value 2826524
Academic license - for non-commercial use only - expires 2027-05-22
Set parameter Username
Set parameter LicenseID to value 2826524
Academic license - for non-commercial use only - expires 2027-05-22
Set parameter Username
Set parameter LicenseID to value 2826524
Academic license - for non-commercial use only - expires 2027-05-22
Set parameter Username
Set parameter LicenseID to value 2826524
Academic license - for non-commercial use only - expires 2027-05-22
Set parameter Username
Set parameter LicenseID to value 2826524
Academic license - for non-commercial use only - expires 2027-05-22
Set parameter Username
Set parameter LicenseID to value 2826524
Academic license - for non-commercial use only - expires 2027-05-22
Set parameter Username
Set parameter LicenseID to value 2826524
Academic license - for non-commercial use only - expires 2027-05-22
Set parameter Username
Set parameter LicenseID to value 2826524
Academic license - for non-commercial use only - expires 2027-05-22
Set parameter Username
Set parameter LicenseID to value 2826524
Academic license - for non-commercial use only - expires 2027-05-22
Set parameter Username
Set parameter LicenseID to value 2826524
Academic license - for non-commercial use only - expires 2027-05-22
Set parameter Username
Set parameter LicenseID to value 2826524
Academic license - for non-commercial use only - expires 2027-05-22
Set parameter Username
Set parameter LicenseID to value 2826524
Academic license - for non-commercial use only - expires 2027-05-22
Set parameter Username
Set parameter LicenseID to value 2826524
Academic license - for non-commercial use only - expires 2027-05-22
Set parameter Username
Set parameter LicenseID to value 2826524
Academic license - for non-commercial use only - expires 2027-05-22
Set parameter Username
Set parameter LicenseID to value 2826524
Academic license - for non-commercial use only - expires 2027-05-22
Set parameter Username
Set parameter LicenseID to value 2826524
Academic license - for non-commercial use only - expires 2027-05-22
Set parameter Username
Set parameter LicenseID to value 2826524
Academic license - for non-commercial use only - expires 2027-05-22
Set parameter Username
Set parameter LicenseID to value 2826524
Academic license - for non-commercial use only - expires 2027-05-22
Set parameter Username
Set parameter LicenseID to value 2826524
Academic license - for non-commercial use only - expires 2027-05-22
Set parameter Username
Set parameter LicenseID to value 2826524
Academic license - for non-commercial use only - expires 2027-05-22
Set parameter Username
Set parameter LicenseID to value 2826524
Academic license - for non-commercial use only - expires 2027-05-22
Set parameter Username
Set parameter LicenseID to value 2826524
Academic license - for non-commercial use only - expires 2027-05-22
Set parameter Username
Set parameter LicenseID to value 2826524
Academic license - for non-commercial use only - expires 2027-05-22
Set parameter Username
Set parameter LicenseID to value 2826524
Academic license - for non-commercial use only - expires 2027-05-22
Set parameter Username
Set parameter LicenseID to value 2826524
Academic license - for non-commercial use only - expires 2027-05-22
Set parameter Username
Set parameter LicenseID to value 2826524
Academic license - for non-commercial use only - expires 2027-05-22
Set parameter Username
Set parameter LicenseID to value 2826524
Academic license - for non-commercial use only - expires 2027-05-22
Set parameter Username
Set parameter LicenseID to value 2826524
Academic license - for non-commercial use only - expires 2027-05-22
Set parameter Username
Set parameter LicenseID to value 2826524
Academic license - for non-commercial use only - expires 2027-05-22
Set parameter Username
Set parameter LicenseID to value 2826524
Academic license - for non-commercial use only - expires 2027-05-22
Set parameter Username
Set parameter LicenseID to value 2826524
Academic license - for non-commercial use only - expires 2027-05-22
Set parameter Username
Set parameter LicenseID to value 2826524
Academic license - for non-commercial use only - expires 2027-05-22
Set parameter Username
Set parameter LicenseID to value 2826524
Academic license - for non-commercial use only - expires 2027-05-22
Set parameter Username
Set parameter LicenseID to value 2826524
Academic license - for non-commercial use only - expires 2027-05-22
Set parameter Username
Set parameter LicenseID to value 2826524
Academic license - for non-commercial use only - expires 2027-05-22
Set parameter Username
Set parameter LicenseID to value 2826524
Academic license - for non-commercial use only - expires 2027-05-22
Set parameter Username
Set parameter LicenseID to value 2826524
Academic license - for non-commercial use only - expires 2027-05-22
Set parameter Username
Set parameter LicenseID to value 2826524
Academic license - for non-commercial use only - expires 2027-05-22
Set parameter Username
Set parameter LicenseID to value 2826524
Academic license - for non-commercial use only - expires 2027-05-22
Set parameter Username
Set parameter LicenseID to value 2826524
Academic license - for non-commercial use only - expires 2027-05-22
Set parameter Username
Set parameter LicenseID to value 2826524
Academic license - for non-commercial use only - expires 2027-05-22
Set parameter Username
Set parameter LicenseID to value 2826524
Academic license - for non-commercial use only - expires 2027-05-22
Set parameter Username
Set parameter LicenseID to value 2826524
Academic license - for non-commercial use only - expires 2027-05-22
Set parameter Username
Set parameter LicenseID to value 2826524
Academic license - for non-commercial use only - expires 2027-05-22
Set parameter Username
Set parameter LicenseID to value 2826524
Academic license - for non-commercial use only - expires 2027-05-22
Set parameter Username
Set parameter LicenseID to value 2826524
Academic license - for non-commercial use only - expires 2027-05-22
Set parameter Username
Set parameter LicenseID to value 2826524
Academic license - for non-commercial use only - expires 2027-05-22
Set parameter Username
Set parameter LicenseID to value 2826524
Academic license - for non-commercial use only - expires 2027-05-22
Set parameter Username
Set parameter LicenseID to value 2826524
Academic license - for non-commercial use only - expires 2027-05-22
Set parameter Username
Set parameter LicenseID to value 2826524
Academic license - for non-commercial use only - expires 2027-05-22
Set parameter Username
Set parameter LicenseID to value 2826524
Academic license - for non-commercial use only - expires 2027-05-22
Set parameter Username
Set parameter LicenseID to value 2826524
Academic license - for non-commercial use only - expires 2027-05-22
Set parameter Username
Set parameter LicenseID to value 2826524
Academic license - for non-commercial use only - expires 2027-05-22
Set parameter Username
Set parameter LicenseID to value 2826524
Academic license - for non-commercial use only - expires 2027-05-22
Set parameter Username
Set parameter LicenseID to value 2826524
Academic license - for non-commercial use only - expires 2027-05-22
Set parameter Username
Set parameter LicenseID to value 2826524
Academic license - for non-commercial use only - expires 2027-05-22
Set parameter Username
Set parameter LicenseID to value 2826524
Academic license - for non-commercial use only - expires 2027-05-22
Set parameter Username
Set parameter LicenseID to value 2826524
Academic license - for non-commercial use only - expires 2027-05-22
PART1: [unit-commitment] calculation result has been saved to: D:\GithubClonefiles\module_unitcommitment\.worktrees\108_168h\output\pcm_com4_loadall_h168_20260823_210543\base\clu_ovl\r01\output/details_schedule_results/pcm_simulation_results/intervels_[1]/res_schedule_commitment_result.txt
Step-3: Creating dispatching model (Refactored & Modularized)
  Clustered PCM: 108 physical units -> 31 equivalent units (71.3% state reduction; 108 units in non-singleton clusters)
  ✓ True clustered UC completed (31 virtual units)
PART1: [unit-commitment] calculation result has been saved to: D:\GithubClonefiles\module_unitcommitment\.worktrees\108_168h\output\pcm_com4_loadall_h168_20260823_210543\base\clu_ovl\r01\output/details_schedule_results/pcm_simulation_results/intervels_[1]/res_schedule_commitment_result.txt
PART1: [unit-commitment] calculation result has been saved to: D:\GithubClonefiles\module_unitcommitment\.worktrees\108_168h\output\pcm_com4_loadall_h168_20260823_210543\base\clu_ovl\r01\output/details_schedule_results/pcm_simulation_results/intervels_[1]/res_schedule_commitment_result.txt
Step-3: Creating dispatching model (Refactored & Modularized)
  Clustered PCM: 108 physical units -> 31 equivalent units (71.3% state reduction; 108 units in non-singleton clusters)
  ✓ True clustered UC completed (31 virtual units)
Step-3: Creating dispatching model (Refactored & Modularized)
  Clustered PCM: 108 physical units -> 31 equivalent units (71.3% state reduction; 108 units in non-singleton clusters)
  ✓ True clustered UC completed (31 virtual units)
PART1: [unit-commitment] calculation result has been saved to: D:\GithubClonefiles\module_unitcommitment\.worktrees\108_168h\output\pcm_com4_loadall_h168_20260823_210543\base\clu_ovl\r01\output/details_schedule_results/pcm_simulation_results/intervels_[1]/res_schedule_commitment_result.txt
Step-3: Creating dispatching model (Refactored & Modularized)
  Clustered PCM: 108 physical units -> 31 equivalent units (71.3% state reduction; 108 units in non-singleton clusters)
  ✓ True clustered UC completed (31 virtual units)
PART1: [unit-commitment] calculation result has been saved to: D:\GithubClonefiles\module_unitcommitment\.worktrees\108_168h\output\pcm_com4_loadall_h168_20260823_210543\base\clu_ovl\r01\output/details_schedule_results/pcm_simulation_results/intervels_[1]/res_schedule_commitment_result.txt
Step-3: Creating dispatching model (Refactored & Modularized)
  Clustered PCM: 108 physical units -> 31 equivalent units (71.3% state reduction; 108 units in non-singleton clusters)
  ✓ True clustered UC completed (31 virtual units)
PART1: [unit-commitment] calculation result has been saved to: D:\GithubClonefiles\module_unitcommitment\.worktrees\108_168h\output\pcm_com4_loadall_h168_20260823_210543\base\clu_ovl\r01\output/details_schedule_results/pcm_simulation_results/intervels_[1]/res_schedule_commitment_result.txt
PART1: [unit-commitment] calculation result has been saved to: D:\GithubClonefiles\module_unitcommitment\.worktrees\108_168h\output\pcm_com4_loadall_h168_20260823_210543\base\clu_ovl\r01\output/details_schedule_results/pcm_simulation_results/intervels_[1]/res_schedule_commitment_result.txt
Step-3: Creating dispatching model (Refactored & Modularized)
  Clustered PCM: 108 physical units -> 31 equivalent units (71.3% state reduction; 108 units in non-singleton clusters)
  ✓ True clustered UC completed (31 virtual units)
Step-3: Creating dispatching model (Refactored & Modularized)
  Clustered PCM: 108 physical units -> 31 equivalent units (71.3% state reduction; 108 units in non-singleton clusters)
  ✓ True clustered UC completed (31 virtual units)
PART1: [unit-commitment] calculation result has been saved to: D:\GithubClonefiles\module_unitcommitment\.worktrees\108_168h\output\pcm_com4_loadall_h168_20260823_210543\base\clu_ovl\r01\output/details_schedule_results/pcm_simulation_results/intervels_[1]/res_schedule_commitment_result.txt
Step-3: Creating dispatching model (Refactored & Modularized)
  Clustered PCM: 108 physical units -> 31 equivalent units (71.3% state reduction; 108 units in non-singleton clusters)
  ✓ True clustered UC completed (31 virtual units)
PART1: [unit-commitment] calculation result has been saved to: D:\GithubClonefiles\module_unitcommitment\.worktrees\108_168h\output\pcm_com4_loadall_h168_20260823_210543\base\clu_ovl\r01\output/details_schedule_results/pcm_simulation_results/intervels_[1]/res_schedule_commitment_result.txt
Step-3: Creating dispatching model (Refactored & Modularized)
  Clustered PCM: 108 physical units -> 31 equivalent units (71.3% state reduction; 108 units in non-singleton clusters)
  ✓ True clustered UC completed (31 virtual units)
PART1: [unit-commitment] calculation result has been saved to: D:\GithubClonefiles\module_unitcommitment\.worktrees\108_168h\output\pcm_com4_loadall_h168_20260823_210543\base\clu_ovl\r01\output/details_schedule_results/pcm_simulation_results/intervels_[1]/res_schedule_commitment_result.txt
PART1: [unit-commitment] calculation result has been saved to: D:\GithubClonefiles\module_unitcommitment\.worktrees\108_168h\output\pcm_com4_loadall_h168_20260823_210543\base\clu_ovl\r01\output/details_schedule_results/pcm_simulation_results/intervels_[1]/res_schedule_commitment_result.txt
Step-3: Creating dispatching model (Refactored & Modularized)
  Clustered PCM: 108 physical units -> 31 equivalent units (71.3% state reduction; 108 units in non-singleton clusters)
  ✓ True clustered UC completed (31 virtual units)
Step-3: Creating dispatching model (Refactored & Modularized)
  Clustered PCM: 108 physical units -> 31 equivalent units (71.3% state reduction; 108 units in non-singleton clusters)
  ✓ True clustered UC completed (31 virtual units)
PART1: [unit-commitment] calculation result has been saved to: D:\GithubClonefiles\module_unitcommitment\.worktrees\108_168h\output\pcm_com4_loadall_h168_20260823_210543\base\clu_ovl\r01\output/details_schedule_results/pcm_simulation_results/intervels_[1]/res_schedule_commitment_result.txt
Step-3: Creating dispatching model (Refactored & Modularized)
  Clustered PCM: 108 physical units -> 31 equivalent units (71.3% state reduction; 108 units in non-singleton clusters)
  ✓ True clustered UC completed (31 virtual units)
PART1: [unit-commitment] calculation result has been saved to: D:\GithubClonefiles\module_unitcommitment\.worktrees\108_168h\output\pcm_com4_loadall_h168_20260823_210543\base\clu_ovl\r01\output/details_schedule_results/pcm_simulation_results/intervels_[1]/res_schedule_commitment_result.txt
Step-3: Creating dispatching model (Refactored & Modularized)
  Clustered PCM: 108 physical units -> 31 equivalent units (71.3% state reduction; 108 units in non-singleton clusters)
  ✓ True clustered UC completed (31 virtual units)
PART1: [unit-commitment] calculation result has been saved to: D:\GithubClonefiles\module_unitcommitment\.worktrees\108_168h\output\pcm_com4_loadall_h168_20260823_210543\base\clu_ovl\r01\output/details_schedule_results/pcm_simulation_results/intervels_[1]/res_schedule_commitment_result.txt
PART1: [unit-commitment] calculation result has been saved to: D:\GithubClonefiles\module_unitcommitment\.worktrees\108_168h\output\pcm_com4_loadall_h168_20260823_210543\base\clu_ovl\r01\output/details_schedule_results/pcm_simulation_results/intervels_[1]/res_schedule_commitment_result.txt
Step-3: Creating dispatching model (Refactored & Modularized)
  Clustered PCM: 108 physical units -> 31 equivalent units (71.3% state reduction; 108 units in non-singleton clusters)
  ✓ True clustered UC completed (31 virtual units)
Step-3: Creating dispatching model (Refactored & Modularized)
  Clustered PCM: 108 physical units -> 31 equivalent units (71.3% state reduction; 108 units in non-singleton clusters)
  ✓ True clustered UC completed (31 virtual units)
PART1: [unit-commitment] calculation result has been saved to: D:\GithubClonefiles\module_unitcommitment\.worktrees\108_168h\output\pcm_com4_loadall_h168_20260823_210543\base\clu_ovl\r01\output/details_schedule_results/pcm_simulation_results/intervels_[1]/res_schedule_commitment_result.txt
Step-3: Creating dispatching model (Refactored & Modularized)
  Clustered PCM: 108 physical units -> 31 equivalent units (71.3% state reduction; 108 units in non-singleton clusters)
  ✓ True clustered UC completed (31 virtual units)
PART1: [unit-commitment] calculation result has been saved to: D:\GithubClonefiles\module_unitcommitment\.worktrees\108_168h\output\pcm_com4_loadall_h168_20260823_210543\base\clu_ovl\r01\output/details_schedule_results/pcm_simulation_results/intervels_[1]/res_schedule_commitment_result.txt
Step-3: Creating dispatching model (Refactored & Modularized)
  Clustered PCM: 108 physical units -> 31 equivalent units (71.3% state reduction; 108 units in non-singleton clusters)
  ✓ True clustered UC completed (31 virtual units)
PART1: [unit-commitment] calculation result has been saved to: D:\GithubClonefiles\module_unitcommitment\.worktrees\108_168h\output\pcm_com4_loadall_h168_20260823_210543\base\clu_ovl\r01\output/details_schedule_results/pcm_simulation_results/intervels_[1]/res_schedule_commitment_result.txt
PART1: [unit-commitment] calculation result has been saved to: D:\GithubClonefiles\module_unitcommitment\.worktrees\108_168h\output\pcm_com4_loadall_h168_20260823_210543\base\clu_ovl\r01\output/details_schedule_results/pcm_simulation_results/intervels_[1]/res_schedule_commitment_result.txt
Step-3: Creating dispatching model (Refactored & Modularized)
  Clustered PCM: 108 physical units -> 31 equivalent units (71.3% state reduction; 108 units in non-singleton clusters)
  ✓ True clustered UC completed (31 virtual units)
Step-3: Creating dispatching model (Refactored & Modularized)
  Clustered PCM: 108 physical units -> 31 equivalent units (71.3% state reduction; 108 units in non-singleton clusters)
  ✓ True clustered UC completed (31 virtual units)
PART1: [unit-commitment] calculation result has been saved to: D:\GithubClonefiles\module_unitcommitment\.worktrees\108_168h\output\pcm_com4_loadall_h168_20260823_210543\base\clu_ovl\r01\output/details_schedule_results/pcm_simulation_results/intervels_[1]/res_schedule_commitment_result.txt
Step-3: Creating dispatching model (Refactored & Modularized)
  Clustered PCM: 108 physical units -> 31 equivalent units (71.3% state reduction; 108 units in non-singleton clusters)
  ✓ True clustered UC completed (31 virtual units)
PART1: [unit-commitment] calculation result has been saved to: D:\GithubClonefiles\module_unitcommitment\.worktrees\108_168h\output\pcm_com4_loadall_h168_20260823_210543\base\clu_ovl\r01\output/details_schedule_results/pcm_simulation_results/intervels_[1]/res_schedule_commitment_result.txt
Step-3: Creating dispatching model (Refactored & Modularized)
  Clustered PCM: 108 physical units -> 31 equivalent units (71.3% state reduction; 108 units in non-singleton clusters)
  ✓ True clustered UC completed (31 virtual units)
PART1: [unit-commitment] calculation result has been saved to: D:\GithubClonefiles\module_unitcommitment\.worktrees\108_168h\output\pcm_com4_loadall_h168_20260823_210543\base\clu_ovl\r01\output/details_schedule_results/pcm_simulation_results/intervels_[1]/res_schedule_commitment_result.txt
PART1: [unit-commitment] calculation result has been saved to: D:\GithubClonefiles\module_unitcommitment\.worktrees\108_168h\output\pcm_com4_loadall_h168_20260823_210543\base\clu_ovl\r01\output/details_schedule_results/pcm_simulation_results/intervels_[1]/res_schedule_commitment_result.txt
Step-3: Creating dispatching model (Refactored & Modularized)
  Clustered PCM: 108 physical units -> 31 equivalent units (71.3% state reduction; 108 units in non-singleton clusters)
  ✓ True clustered UC completed (31 virtual units)
Step-3: Creating dispatching model (Refactored & Modularized)
  Clustered PCM: 108 physical units -> 31 equivalent units (71.3% state reduction; 108 units in non-singleton clusters)
  ✓ True clustered UC completed (31 virtual units)
PART1: [unit-commitment] calculation result has been saved to: D:\GithubClonefiles\module_unitcommitment\.worktrees\108_168h\output\pcm_com4_loadall_h168_20260823_210543\base\clu_ovl\r01\output/details_schedule_results/pcm_simulation_results/intervels_[1]/res_schedule_commitment_result.txt
Step-3: Creating dispatching model (Refactored & Modularized)
  Clustered PCM: 108 physical units -> 31 equivalent units (71.3% state reduction; 108 units in non-singleton clusters)
  ✓ True clustered UC completed (31 virtual units)
PART1: [unit-commitment] calculation result has been saved to: D:\GithubClonefiles\module_unitcommitment\.worktrees\108_168h\output\pcm_com4_loadall_h168_20260823_210543\base\clu_ovl\r01\output/details_schedule_results/pcm_simulation_results/intervels_[1]/res_schedule_commitment_result.txt
Step-3: Creating dispatching model (Refactored & Modularized)
  Clustered PCM: 108 physical units -> 31 equivalent units (71.3% state reduction; 108 units in non-singleton clusters)
  ✓ True clustered UC completed (31 virtual units)
PART1: [unit-commitment] calculation result has been saved to: D:\GithubClonefiles\module_unitcommitment\.worktrees\108_168h\output\pcm_com4_loadall_h168_20260823_210543\base\clu_ovl\r01\output/details_schedule_results/pcm_simulation_results/intervels_[1]/res_schedule_commitment_result.txt
PART1: [unit-commitment] calculation result has been saved to: D:\GithubClonefiles\module_unitcommitment\.worktrees\108_168h\output\pcm_com4_loadall_h168_20260823_210543\base\clu_ovl\r01\output/details_schedule_results/pcm_simulation_results/intervels_[1]/res_schedule_commitment_result.txt
Step-3: Creating dispatching model (Refactored & Modularized)
  Clustered PCM: 108 physical units -> 31 equivalent units (71.3% state reduction; 108 units in non-singleton clusters)
  ✓ True clustered UC completed (31 virtual units)
Step-3: Creating dispatching model (Refactored & Modularized)
  Clustered PCM: 108 physical units -> 31 equivalent units (71.3% state reduction; 108 units in non-singleton clusters)
  ✓ True clustered UC completed (31 virtual units)
PART1: [unit-commitment] calculation result has been saved to: D:\GithubClonefiles\module_unitcommitment\.worktrees\108_168h\output\pcm_com4_loadall_h168_20260823_210543\base\clu_ovl\r01\output/details_schedule_results/pcm_simulation_results/intervels_[1]/res_schedule_commitment_result.txt
Step-3: Creating dispatching model (Refactored & Modularized)
  Clustered PCM: 108 physical units -> 31 equivalent units (71.3% state reduction; 108 units in non-singleton clusters)
  ✓ True clustered UC completed (31 virtual units)
PART1: [unit-commitment] calculation result has been saved to: D:\GithubClonefiles\module_unitcommitment\.worktrees\108_168h\output\pcm_com4_loadall_h168_20260823_210543\base\clu_ovl\r01\output/details_schedule_results/pcm_simulation_results/intervels_[1]/res_schedule_commitment_result.txt
Step-3: Creating dispatching model (Refactored & Modularized)
  Clustered PCM: 108 physical units -> 31 equivalent units (71.3% state reduction; 108 units in non-singleton clusters)
  ✓ True clustered UC completed (31 virtual units)
PART1: [unit-commitment] calculation result has been saved to: D:\GithubClonefiles\module_unitcommitment\.worktrees\108_168h\output\pcm_com4_loadall_h168_20260823_210543\base\clu_ovl\r01\output/details_schedule_results/pcm_simulation_results/intervels_[1]/res_schedule_commitment_result.txt
PART1: [unit-commitment] calculation result has been saved to: D:\GithubClonefiles\module_unitcommitment\.worktrees\108_168h\output\pcm_com4_loadall_h168_20260823_210543\base\clu_ovl\r01\output/details_schedule_results/pcm_simulation_results/intervels_[1]/res_schedule_commitment_result.txt
Step-3: Creating dispatching model (Refactored & Modularized)
  Clustered PCM: 108 physical units -> 31 equivalent units (71.3% state reduction; 108 units in non-singleton clusters)
  ✓ True clustered UC completed (31 virtual units)
Step-3: Creating dispatching model (Refactored & Modularized)
  Clustered PCM: 108 physical units -> 31 equivalent units (71.3% state reduction; 108 units in non-singleton clusters)
  ✓ True clustered UC completed (31 virtual units)
PART1: [unit-commitment] calculation result has been saved to: D:\GithubClonefiles\module_unitcommitment\.worktrees\108_168h\output\pcm_com4_loadall_h168_20260823_210543\base\clu_ovl\r01\output/details_schedule_results/pcm_simulation_results/intervels_[1]/res_schedule_commitment_result.txt
Step-3: Creating dispatching model (Refactored & Modularized)
  Clustered PCM: 108 physical units -> 31 equivalent units (71.3% state reduction; 108 units in non-singleton clusters)
  ✓ True clustered UC completed (31 virtual units)
PART1: [unit-commitment] calculation result has been saved to: D:\GithubClonefiles\module_unitcommitment\.worktrees\108_168h\output\pcm_com4_loadall_h168_20260823_210543\base\clu_ovl\r01\output/details_schedule_results/pcm_simulation_results/intervels_[1]/res_schedule_commitment_result.txt
Step-3: Creating dispatching model (Refactored & Modularized)
  Clustered PCM: 108 physical units -> 31 equivalent units (71.3% state reduction; 108 units in non-singleton clusters)
  ✓ True clustered UC completed (31 virtual units)
PART1: [unit-commitment] calculation result has been saved to: D:\GithubClonefiles\module_unitcommitment\.worktrees\108_168h\output\pcm_com4_loadall_h168_20260823_210543\base\clu_ovl\r01\output/details_schedule_results/pcm_simulation_results/intervels_[1]/res_schedule_commitment_result.txt
PART1: [unit-commitment] calculation result has been saved to: D:\GithubClonefiles\module_unitcommitment\.worktrees\108_168h\output\pcm_com4_loadall_h168_20260823_210543\base\clu_ovl\r01\output/details_schedule_results/pcm_simulation_results/intervels_[1]/res_schedule_commitment_result.txt
Step-3: Creating dispatching model (Refactored & Modularized)
  Clustered PCM: 108 physical units -> 31 equivalent units (71.3% state reduction; 108 units in non-singleton clusters)
  ✓ True clustered UC completed (31 virtual units)
Step-3: Creating dispatching model (Refactored & Modularized)
  Clustered PCM: 108 physical units -> 31 equivalent units (71.3% state reduction; 108 units in non-singleton clusters)
  ✓ True clustered UC completed (31 virtual units)
PART1: [unit-commitment] calculation result has been saved to: D:\GithubClonefiles\module_unitcommitment\.worktrees\108_168h\output\pcm_com4_loadall_h168_20260823_210543\base\clu_ovl\r01\output/details_schedule_results/pcm_simulation_results/intervels_[1]/res_schedule_commitment_result.txt
Step-3: Creating dispatching model (Refactored & Modularized)
  Clustered PCM: 108 physical units -> 31 equivalent units (71.3% state reduction; 108 units in non-singleton clusters)
  ✓ True clustered UC completed (31 virtual units)
PART1: [unit-commitment] calculation result has been saved to: D:\GithubClonefiles\module_unitcommitment\.worktrees\108_168h\output\pcm_com4_loadall_h168_20260823_210543\base\clu_ovl\r01\output/details_schedule_results/pcm_simulation_results/intervels_[1]/res_schedule_commitment_result.txt
Step-3: Creating dispatching model (Refactored & Modularized)
  Clustered PCM: 108 physical units -> 31 equivalent units (71.3% state reduction; 108 units in non-singleton clusters)
  ✓ True clustered UC completed (31 virtual units)
PART1: [unit-commitment] calculation result has been saved to: D:\GithubClonefiles\module_unitcommitment\.worktrees\108_168h\output\pcm_com4_loadall_h168_20260823_210543\base\clu_ovl\r01\output/details_schedule_results/pcm_simulation_results/intervels_[1]/res_schedule_commitment_result.txt
PART1: [unit-commitment] calculation result has been saved to: D:\GithubClonefiles\module_unitcommitment\.worktrees\108_168h\output\pcm_com4_loadall_h168_20260823_210543\base\clu_ovl\r01\output/details_schedule_results/pcm_simulation_results/intervels_[1]/res_schedule_commitment_result.txt
Step-3: Creating dispatching model (Refactored & Modularized)
  Clustered PCM: 108 physical units -> 31 equivalent units (71.3% state reduction; 108 units in non-singleton clusters)
  ✓ True clustered UC completed (31 virtual units)
Step-3: Creating dispatching model (Refactored & Modularized)
  Clustered PCM: 108 physical units -> 31 equivalent units (71.3% state reduction; 108 units in non-singleton clusters)
  ✓ True clustered UC completed (31 virtual units)
PART1: [unit-commitment] calculation result has been saved to: D:\GithubClonefiles\module_unitcommitment\.worktrees\108_168h\output\pcm_com4_loadall_h168_20260823_210543\base\clu_ovl\r01\output/details_schedule_results/pcm_simulation_results/intervels_[1]/res_schedule_commitment_result.txt
Step-3: Creating dispatching model (Refactored & Modularized)
  Clustered PCM: 108 physical units -> 31 equivalent units (71.3% state reduction; 108 units in non-singleton clusters)
  ✓ True clustered UC completed (31 virtual units)
PART1: [unit-commitment] calculation result has been saved to: D:\GithubClonefiles\module_unitcommitment\.worktrees\108_168h\output\pcm_com4_loadall_h168_20260823_210543\base\clu_ovl\r01\output/details_schedule_results/pcm_simulation_results/intervels_[1]/res_schedule_commitment_result.txt
Step-3: Creating dispatching model (Refactored & Modularized)
  Clustered PCM: 108 physical units -> 31 equivalent units (71.3% state reduction; 108 units in non-singleton clusters)
  ✓ True clustered UC completed (31 virtual units)
PART1: [unit-commitment] calculation result has been saved to: D:\GithubClonefiles\module_unitcommitment\.worktrees\108_168h\output\pcm_com4_loadall_h168_20260823_210543\base\clu_ovl\r01\output/details_schedule_results/pcm_simulation_results/intervels_[1]/res_schedule_commitment_result.txt
PART1: [unit-commitment] calculation result has been saved to: D:\GithubClonefiles\module_unitcommitment\.worktrees\108_168h\output\pcm_com4_loadall_h168_20260823_210543\base\clu_ovl\r01\output/details_schedule_results/pcm_simulation_results/intervels_[1]/res_schedule_commitment_result.txt
Step-3: Creating dispatching model (Refactored & Modularized)
  Clustered PCM: 108 physical units -> 31 equivalent units (71.3% state reduction; 108 units in non-singleton clusters)
  ✓ True clustered UC completed (31 virtual units)
Step-3: Creating dispatching model (Refactored & Modularized)
  Clustered PCM: 108 physical units -> 31 equivalent units (71.3% state reduction; 108 units in non-singleton clusters)
  ✓ True clustered UC completed (31 virtual units)
PART1: [unit-commitment] calculation result has been saved to: D:\GithubClonefiles\module_unitcommitment\.worktrees\108_168h\output\pcm_com4_loadall_h168_20260823_210543\base\clu_ovl\r01\output/details_schedule_results/pcm_simulation_results/intervels_[1]/res_schedule_commitment_result.txt
Step-3: Creating dispatching model (Refactored & Modularized)
  Clustered PCM: 108 physical units -> 31 equivalent units (71.3% state reduction; 108 units in non-singleton clusters)
  ✓ True clustered UC completed (31 virtual units)
PART1: [unit-commitment] calculation result has been saved to: D:\GithubClonefiles\module_unitcommitment\.worktrees\108_168h\output\pcm_com4_loadall_h168_20260823_210543\base\clu_ovl\r01\output/details_schedule_results/pcm_simulation_results/intervels_[1]/res_schedule_commitment_result.txt
Step-3: Creating dispatching model (Refactored & Modularized)
  Clustered PCM: 108 physical units -> 31 equivalent units (71.3% state reduction; 108 units in non-singleton clusters)
  ✓ True clustered UC completed (31 virtual units)
PART1: [unit-commitment] calculation result has been saved to: D:\GithubClonefiles\module_unitcommitment\.worktrees\108_168h\output\pcm_com4_loadall_h168_20260823_210543\base\clu_ovl\r01\output/details_schedule_results/pcm_simulation_results/intervels_[1]/res_schedule_commitment_result.txt
PART1: [unit-commitment] calculation result has been saved to: D:\GithubClonefiles\module_unitcommitment\.worktrees\108_168h\output\pcm_com4_loadall_h168_20260823_210543\base\clu_ovl\r01\output/details_schedule_results/pcm_simulation_results/intervels_[1]/res_schedule_commitment_result.txt
Step-3: Creating dispatching model (Refactored & Modularized)
  Clustered PCM: 108 physical units -> 31 equivalent units (71.3% state reduction; 108 units in non-singleton clusters)
  ✓ True clustered UC completed (31 virtual units)
Step-3: Creating dispatching model (Refactored & Modularized)
  Clustered PCM: 108 physical units -> 31 equivalent units (71.3% state reduction; 108 units in non-singleton clusters)
  ✓ True clustered UC completed (31 virtual units)
PART1: [unit-commitment] calculation result has been saved to: D:\GithubClonefiles\module_unitcommitment\.worktrees\108_168h\output\pcm_com4_loadall_h168_20260823_210543\base\clu_ovl\r01\output/details_schedule_results/pcm_simulation_results/intervels_[1]/res_schedule_commitment_result.txt
Step-3: Creating dispatching model (Refactored & Modularized)
  Clustered PCM: 108 physical units -> 31 equivalent units (71.3% state reduction; 108 units in non-singleton clusters)
  ✓ True clustered UC completed (31 virtual units)
PART1: [unit-commitment] calculation result has been saved to: D:\GithubClonefiles\module_unitcommitment\.worktrees\108_168h\output\pcm_com4_loadall_h168_20260823_210543\base\clu_ovl\r01\output/details_schedule_results/pcm_simulation_results/intervels_[1]/res_schedule_commitment_result.txt
Step-3: Creating dispatching model (Refactored & Modularized)
  Clustered PCM: 108 physical units -> 31 equivalent units (71.3% state reduction; 108 units in non-singleton clusters)
  ✓ True clustered UC completed (31 virtual units)
PART1: [unit-commitment] calculation result has been saved to: D:\GithubClonefiles\module_unitcommitment\.worktrees\108_168h\output\pcm_com4_loadall_h168_20260823_210543\base\clu_ovl\r01\output/details_schedule_results/pcm_simulation_results/intervels_[1]/res_schedule_commitment_result.txt
PART1: [unit-commitment] calculation result has been saved to: D:\GithubClonefiles\module_unitcommitment\.worktrees\108_168h\output\pcm_com4_loadall_h168_20260823_210543\base\clu_ovl\r01\output/details_schedule_results/pcm_simulation_results/intervels_[1]/res_schedule_commitment_result.txt
Step-3: Creating dispatching model (Refactored & Modularized)
  Clustered PCM: 108 physical units -> 31 equivalent units (71.3% state reduction; 108 units in non-singleton clusters)
  ✓ True clustered UC completed (31 virtual units)
Step-3: Creating dispatching model (Refactored & Modularized)
  Clustered PCM: 108 physical units -> 31 equivalent units (71.3% state reduction; 108 units in non-singleton clusters)
  ✓ True clustered UC completed (31 virtual units)
PART1: [unit-commitment] calculation result has been saved to: D:\GithubClonefiles\module_unitcommitment\.worktrees\108_168h\output\pcm_com4_loadall_h168_20260823_210543\base\clu_ovl\r01\output/details_schedule_results/pcm_simulation_results/intervels_[1]/res_schedule_commitment_result.txt
Step-3: Creating dispatching model (Refactored & Modularized)
  Clustered PCM: 108 physical units -> 31 equivalent units (71.3% state reduction; 108 units in non-singleton clusters)
  ✓ True clustered UC completed (31 virtual units)
PART1: [unit-commitment] calculation result has been saved to: D:\GithubClonefiles\module_unitcommitment\.worktrees\108_168h\output\pcm_com4_loadall_h168_20260823_210543\base\clu_ovl\r01\output/details_schedule_results/pcm_simulation_results/intervels_[1]/res_schedule_commitment_result.txt
Step-3: Creating dispatching model (Refactored & Modularized)
  Clustered PCM: 108 physical units -> 31 equivalent units (71.3% state reduction; 108 units in non-singleton clusters)
  ✓ True clustered UC completed (31 virtual units)
PART1: [unit-commitment] calculation result has been saved to: D:\GithubClonefiles\module_unitcommitment\.worktrees\108_168h\output\pcm_com4_loadall_h168_20260823_210543\base\clu_ovl\r01\output/details_schedule_results/pcm_simulation_results/intervels_[1]/res_schedule_commitment_result.txt
PART1: [unit-commitment] calculation result has been saved to: D:\GithubClonefiles\module_unitcommitment\.worktrees\108_168h\output\pcm_com4_loadall_h168_20260823_210543\base\clu_ovl\r01\output/details_schedule_results/pcm_simulation_results/intervels_[1]/res_schedule_commitment_result.txt
Step-3: Creating dispatching model (Refactored & Modularized)
  Clustered PCM: 108 physical units -> 31 equivalent units (71.3% state reduction; 108 units in non-singleton clusters)
  ✓ True clustered UC completed (31 virtual units)
Step-3: Creating dispatching model (Refactored & Modularized)
  Clustered PCM: 108 physical units -> 31 equivalent units (71.3% state reduction; 108 units in non-singleton clusters)
  ✓ True clustered UC completed (31 virtual units)
PART1: [unit-commitment] calculation result has been saved to: D:\GithubClonefiles\module_unitcommitment\.worktrees\108_168h\output\pcm_com4_loadall_h168_20260823_210543\base\clu_ovl\r01\output/details_schedule_results/pcm_simulation_results/intervels_[1]/res_schedule_commitment_result.txt
Step-3: Creating dispatching model (Refactored & Modularized)
  Clustered PCM: 108 physical units -> 31 equivalent units (71.3% state reduction; 108 units in non-singleton clusters)
  ✓ True clustered UC completed (31 virtual units)
PART1: [unit-commitment] calculation result has been saved to: D:\GithubClonefiles\module_unitcommitment\.worktrees\108_168h\output\pcm_com4_loadall_h168_20260823_210543\base\clu_ovl\r01\output/details_schedule_results/pcm_simulation_results/intervels_[1]/res_schedule_commitment_result.txt
Step-3: Creating dispatching model (Refactored & Modularized)
  Clustered PCM: 108 physical units -> 31 equivalent units (71.3% state reduction; 108 units in non-singleton clusters)
  ✓ True clustered UC completed (31 virtual units)
PART1: [unit-commitment] calculation result has been saved to: D:\GithubClonefiles\module_unitcommitment\.worktrees\108_168h\output\pcm_com4_loadall_h168_20260823_210543\base\clu_ovl\r01\output/details_schedule_results/pcm_simulation_results/intervels_[1]/res_schedule_commitment_result.txt
PART1: [unit-commitment] calculation result has been saved to: D:\GithubClonefiles\module_unitcommitment\.worktrees\108_168h\output\pcm_com4_loadall_h168_20260823_210543\base\clu_ovl\r01\output/details_schedule_results/pcm_simulation_results/intervels_[1]/res_schedule_commitment_result.txt
Step-3: Creating dispatching model (Refactored & Modularized)
  Clustered PCM: 108 physical units -> 31 equivalent units (71.3% state reduction; 108 units in non-singleton clusters)
    5-point output grid is infeasible; retrying this window with 17 points
  Clustered PCM: 108 physical units -> 31 equivalent units (71.3% state reduction; 108 units in non-singleton clusters)
    Refined output grid is infeasible; entering continuous residence-power diagnosis
  Clustered PCM: 108 physical units -> 31 equivalent units (71.3% state reduction; 108 units in non-singleton clusters)
    Fast disaggregation failed at ramp; trying exact cluster-internal certificate
  ⚠ True clustered UC failed at physical_disaggregation: physical fleet cannot follow clustered total-power trajectory; lines=Int64[], periods=[9, 10, 34], deviations=3; falling back to full unit-network SCUC
	 Variables defined.
DEBUG set_objective_economic!: NT=36, NG=108, ND=91, NW=20, NS=1, K=3, size(refcost)=(108,), size(eachslope)=(3, 108)
objective_function
	MILP economic objective set
subject to.
	 constraints: 1) minimum shutup/shutdown time limits			 done
	 constraints: 2) binary variable logic					 done
	 constraints: 3) shutup/shutdown cost					 done
	 constraints: 4) loadcurtailments and spoliedwinds			 done
	 constraints: 5) generatos power limits					 done
	 constraints: 6) system reserves limits					 done
	 constraints: 7) power balance constraints				 done
	 constraints: 8) ramp-up/ramp-down constraints				 done
	 constraints: 9) piece linearization constraints			 done
	 constraints: 10) transmissionline limits skipped (is_NetWorkCon != 1 or Gsdf missing or NL=0)
	 constraints: 11) stroges system constraints skipped (NC=0 or variables not defined)
	 constraints: 12) data centra constraints skipped (is_ConsiderDataCentra != 1)
	 constraints: 13) frequency control constraints skipped (is_ConsiderFrequencyControl != 1)
	 constraints: 14) hydro power limits					 done
+++++++++++++++++++++++++++++++++++++++++++++++++++++++++++++++++++++++++++++++++++++++++++
Step-4: starting Gurobi solver
Step-5: Gurobi solver finished
Set parameter Username
Set parameter LicenseID to value 2826524
Academic license - for non-commercial use only - expires 2027-05-22
Set parameter Username
Set parameter LicenseID to value 2826524
Academic license - for non-commercial use only - expires 2027-05-22
Set parameter Username
Set parameter LicenseID to value 2826524
Academic license - for non-commercial use only - expires 2027-05-22
Set parameter Username
Set parameter LicenseID to value 2826524
Academic license - for non-commercial use only - expires 2027-05-22
Set parameter Username
Set parameter LicenseID to value 2826524
Academic license - for non-commercial use only - expires 2027-05-22
Set parameter Username
Set parameter LicenseID to value 2826524
Academic license - for non-commercial use only - expires 2027-05-22
Set parameter Username
Set parameter LicenseID to value 2826524
Academic license - for non-commercial use only - expires 2027-05-22
Set parameter Username
Set parameter LicenseID to value 2826524
Academic license - for non-commercial use only - expires 2027-05-22
Set parameter Username
Set parameter LicenseID to value 2826524
Academic license - for non-commercial use only - expires 2027-05-22
Set parameter Username
Set parameter LicenseID to value 2826524
Academic license - for non-commercial use only - expires 2027-05-22
Set parameter Username
Set parameter LicenseID to value 2826524
Academic license - for non-commercial use only - expires 2027-05-22
Set parameter Username
Set parameter LicenseID to value 2826524
Academic license - for non-commercial use only - expires 2027-05-22
Set parameter Username
Set parameter LicenseID to value 2826524
Academic license - for non-commercial use only - expires 2027-05-22
Set parameter Username
Set parameter LicenseID to value 2826524
Academic license - for non-commercial use only - expires 2027-05-22
Set parameter Username
Set parameter LicenseID to value 2826524
Academic license - for non-commercial use only - expires 2027-05-22
Set parameter Username
Set parameter LicenseID to value 2826524
Academic license - for non-commercial use only - expires 2027-05-22
Set parameter Username
Set parameter LicenseID to value 2826524
Academic license - for non-commercial use only - expires 2027-05-22
Set parameter Username
Set parameter LicenseID to value 2826524
Academic license - for non-commercial use only - expires 2027-05-22
Set parameter Username
Set parameter LicenseID to value 2826524
Academic license - for non-commercial use only - expires 2027-05-22
Set parameter Username
Set parameter LicenseID to value 2826524
Academic license - for non-commercial use only - expires 2027-05-22
Set parameter Username
Set parameter LicenseID to value 2826524
Academic license - for non-commercial use only - expires 2027-05-22
Set parameter Username
Set parameter LicenseID to value 2826524
Academic license - for non-commercial use only - expires 2027-05-22
Set parameter Username
Set parameter LicenseID to value 2826524
Academic license - for non-commercial use only - expires 2027-05-22
Set parameter Username
Set parameter LicenseID to value 2826524
Academic license - for non-commercial use only - expires 2027-05-22
Set parameter Username
Set parameter LicenseID to value 2826524
Academic license - for non-commercial use only - expires 2027-05-22
Set parameter Username
Set parameter LicenseID to value 2826524
Academic license - for non-commercial use only - expires 2027-05-22
Set parameter Username
Set parameter LicenseID to value 2826524
Academic license - for non-commercial use only - expires 2027-05-22
Set parameter Username
Set parameter LicenseID to value 2826524
Academic license - for non-commercial use only - expires 2027-05-22
Set parameter Username
Set parameter LicenseID to value 2826524
Academic license - for non-commercial use only - expires 2027-05-22
Set parameter Username
Set parameter LicenseID to value 2826524
Academic license - for non-commercial use only - expires 2027-05-22
Set parameter Username
Set parameter LicenseID to value 2826524
Academic license - for non-commercial use only - expires 2027-05-22
Set parameter Username
Set parameter LicenseID to value 2826524
Academic license - for non-commercial use only - expires 2027-05-22
Set parameter Username
Set parameter LicenseID to value 2826524
Academic license - for non-commercial use only - expires 2027-05-22
Set parameter Username
Set parameter LicenseID to value 2826524
Academic license - for non-commercial use only - expires 2027-05-22
Set parameter Username
Set parameter LicenseID to value 2826524
Academic license - for non-commercial use only - expires 2027-05-22
Set parameter Username
Set parameter LicenseID to value 2826524
Academic license - for non-commercial use only - expires 2027-05-22
Set parameter Username
Set parameter LicenseID to value 2826524
Academic license - for non-commercial use only - expires 2027-05-22
Set parameter Username
Set parameter LicenseID to value 2826524
Academic license - for non-commercial use only - expires 2027-05-22
Set parameter Username
Set parameter LicenseID to value 2826524
Academic license - for non-commercial use only - expires 2027-05-22
Set parameter Username
Set parameter LicenseID to value 2826524
Academic license - for non-commercial use only - expires 2027-05-22
Set parameter Username
Set parameter LicenseID to value 2826524
Academic license - for non-commercial use only - expires 2027-05-22
Set parameter Username
Set parameter LicenseID to value 2826524
Academic license - for non-commercial use only - expires 2027-05-22
Set parameter Username
Set parameter LicenseID to value 2826524
Academic license - for non-commercial use only - expires 2027-05-22
Set parameter Username
Set parameter LicenseID to value 2826524
Academic license - for non-commercial use only - expires 2027-05-22
Set parameter Username
Set parameter LicenseID to value 2826524
Academic license - for non-commercial use only - expires 2027-05-22
Set parameter Username
Set parameter LicenseID to value 2826524
Academic license - for non-commercial use only - expires 2027-05-22
Set parameter Username
Set parameter LicenseID to value 2826524
Academic license - for non-commercial use only - expires 2027-05-22
Set parameter Username
Set parameter LicenseID to value 2826524
Academic license - for non-commercial use only - expires 2027-05-22
Set parameter Username
Set parameter LicenseID to value 2826524
Academic license - for non-commercial use only - expires 2027-05-22
Set parameter Username
Set parameter LicenseID to value 2826524
Academic license - for non-commercial use only - expires 2027-05-22
Set parameter Username
Set parameter LicenseID to value 2826524
Academic license - for non-commercial use only - expires 2027-05-22
Set parameter Username
Set parameter LicenseID to value 2826524
Academic license - for non-commercial use only - expires 2027-05-22
Set parameter Username
Set parameter LicenseID to value 2826524
Academic license - for non-commercial use only - expires 2027-05-22
Set parameter Username
Set parameter LicenseID to value 2826524
Academic license - for non-commercial use only - expires 2027-05-22
Set parameter Username
Set parameter LicenseID to value 2826524
Academic license - for non-commercial use only - expires 2027-05-22
Set parameter Username
Set parameter LicenseID to value 2826524
Academic license - for non-commercial use only - expires 2027-05-22
Set parameter Username
Set parameter LicenseID to value 2826524
Academic license - for non-commercial use only - expires 2027-05-22
Set parameter Username
Set parameter LicenseID to value 2826524
Academic license - for non-commercial use only - expires 2027-05-22
Set parameter Username
Set parameter LicenseID to value 2826524
Academic license - for non-commercial use only - expires 2027-05-22
Set parameter Username
Set parameter LicenseID to value 2826524
Academic license - for non-commercial use only - expires 2027-05-22
Set parameter Username
Set parameter LicenseID to value 2826524
Academic license - for non-commercial use only - expires 2027-05-22
+++++++++++++++++++++++++++++++++++++++++++++++++++++++++++++++++++++++++++++++++++++++++++

solution_summary(scuc) = solution_summary(; result = 1, verbose = false)
├ solver_name          : Gurobi
├ Termination
│ ├ termination_status : OPTIMAL
│ ├ result_count       : 9
│ ├ raw_status         : Model was solved to optimality (subject to tolerances), and an optimal solution is available.
│ └ objective_bound    : 2.97561e+06
├ Solution (result = 1)
│ ├ primal_status        : FEASIBLE_POINT
│ ├ dual_status          : NO_SOLUTION
│ ├ objective_value      : 3.04494e+06
│ └ relative_gap         : 2.27685e-02
└ Work counters
  ├ solve_time (sec)   : 3.49800e+00
  ├ simplex_iterations : 17464
  ├ barrier_iterations : 0
  └ node_count         : 1


Termination Status: OPTIMAL
Acceptable solution found (Status: OPTIMAL).
Step-6: record datas
PART1: [unit-commitment] calculation result has been saved to: D:\GithubClonefiles\module_unitcommitment\.worktrees\108_168h\output\pcm_com4_loadall_h168_20260823_210543\base\clu_ovl\r01\output/details_schedule_results/pcm_simulation_results/intervels_[1]/res_schedule_commitment_result.txt
Step-3: Creating dispatching model (Refactored & Modularized)
  Clustered PCM: 108 physical units -> 31 equivalent units (71.3% state reduction; 108 units in non-singleton clusters)
    5-point output grid is infeasible; retrying this window with 17 points
  Clustered PCM: 108 physical units -> 31 equivalent units (71.3% state reduction; 108 units in non-singleton clusters)
    Refined output grid is infeasible; entering continuous residence-power diagnosis
  Clustered PCM: 108 physical units -> 31 equivalent units (71.3% state reduction; 108 units in non-singleton clusters)
    Fast disaggregation failed at ramp; trying exact cluster-internal certificate
  ⚠ True clustered UC failed at physical_disaggregation: physical fleet cannot follow clustered total-power trajectory; lines=Int64[], periods=[9, 10, 34], deviations=3; falling back to full unit-network SCUC
	 Variables defined.
DEBUG set_objective_economic!: NT=36, NG=108, ND=91, NW=20, NS=1, K=3, size(refcost)=(108,), size(eachslope)=(3, 108)
objective_function
	MILP economic objective set
subject to.
	 constraints: 1) minimum shutup/shutdown time limits			 done
	 constraints: 2) binary variable logic					 done
	 constraints: 3) shutup/shutdown cost					 done
	 constraints: 4) loadcurtailments and spoliedwinds			 done
	 constraints: 5) generatos power limits					 done
	 constraints: 6) system reserves limits					 done
	 constraints: 7) power balance constraints				 done
	 constraints: 8) ramp-up/ramp-down constraints				 done
	 constraints: 9) piece linearization constraints			 done
	 constraints: 10) transmissionline limits skipped (is_NetWorkCon != 1 or Gsdf missing or NL=0)
	 constraints: 11) stroges system constraints skipped (NC=0 or variables not defined)
	 constraints: 12) data centra constraints skipped (is_ConsiderDataCentra != 1)
	 constraints: 13) frequency control constraints skipped (is_ConsiderFrequencyControl != 1)
	 constraints: 14) hydro power limits					 done
+++++++++++++++++++++++++++++++++++++++++++++++++++++++++++++++++++++++++++++++++++++++++++
Step-4: starting Gurobi solver
Step-5: Gurobi solver finished
+++++++++++++++++++++++++++++++++++++++++++++++++++++++++++++++++++++++++++++++++++++++++++

solution_summary(scuc) = solution_summary(; result = 1, verbose = false)
├ solver_name          : Gurobi
├ Termination
│ ├ termination_status : OPTIMAL
│ ├ result_count       : 9
│ ├ raw_status         : Model was solved to optimality (subject to tolerances), and an optimal solution is available.
│ └ objective_bound    : 2.97561e+06
├ Solution (result = 1)
│ ├ primal_status        : FEASIBLE_POINT
│ ├ dual_status          : NO_SOLUTION
│ ├ objective_value      : 3.04494e+06
│ └ relative_gap         : 2.27685e-02
└ Work counters
  ├ solve_time (sec)   : 3.65500e+00
  ├ simplex_iterations : 17464
  ├ barrier_iterations : 0
  └ node_count         : 1


Termination Status: OPTIMAL
Acceptable solution found (Status: OPTIMAL).
Step-6: record datas
PART1: [unit-commitment] calculation result has been saved to: D:\GithubClonefiles\module_unitcommitment\.worktrees\108_168h\output\pcm_com4_loadall_h168_20260823_210543\base\clu_ovl\r01\output/details_schedule_results/pcm_simulation_results/intervels_[1]/res_schedule_commitment_result.txt
PART1: [unit-commitment] calculation result has been saved to: D:\GithubClonefiles\module_unitcommitment\.worktrees\108_168h\output\pcm_com4_loadall_h168_20260823_210543\base\clu_ovl\r01\output/details_schedule_results/pcm_simulation_results/intervels_[1]/res_schedule_commitment_result.txt
Step-3: Creating dispatching model (Refactored & Modularized)
  Clustered PCM: 108 physical units -> 31 equivalent units (71.3% state reduction; 108 units in non-singleton clusters)
    5-point output grid is infeasible; retrying this window with 17 points
  Clustered PCM: 108 physical units -> 31 equivalent units (71.3% state reduction; 108 units in non-singleton clusters)
    Refined output grid is infeasible; entering continuous residence-power diagnosis
  Clustered PCM: 108 physical units -> 31 equivalent units (71.3% state reduction; 108 units in non-singleton clusters)
  ✓ True clustered UC completed (31 virtual units)
PART1: [unit-commitment] calculation result has been saved to: D:\GithubClonefiles\module_unitcommitment\.worktrees\108_168h\output\pcm_com4_loadall_h168_20260823_210543\base\clu_ovl\r01\output/details_schedule_results/pcm_simulation_results/intervels_[1]/res_schedule_commitment_result.txt
Step-3: Creating dispatching model (Refactored & Modularized)
  Clustered PCM: 108 physical units -> 31 equivalent units (71.3% state reduction; 108 units in non-singleton clusters)
    5-point output grid is infeasible; retrying this window with 17 points
  Clustered PCM: 108 physical units -> 31 equivalent units (71.3% state reduction; 108 units in non-singleton clusters)
    Refined output grid is infeasible; entering continuous residence-power diagnosis
  Clustered PCM: 108 physical units -> 31 equivalent units (71.3% state reduction; 108 units in non-singleton clusters)
    Fast disaggregation failed at ramp; trying exact cluster-internal certificate
  ⚠ True clustered UC failed at physical_disaggregation: physical fleet cannot follow clustered total-power trajectory; lines=Int64[], periods=[9, 10, 28], deviations=3; falling back to full unit-network SCUC
	 Variables defined.
DEBUG set_objective_economic!: NT=31, NG=108, ND=91, NW=20, NS=1, K=3, size(refcost)=(108,), size(eachslope)=(3, 108)
objective_function
	MILP economic objective set
subject to.
	 constraints: 1) minimum shutup/shutdown time limits			 done
	 constraints: 2) binary variable logic					 done
	 constraints: 3) shutup/shutdown cost					 done
	 constraints: 4) loadcurtailments and spoliedwinds			 done
	 constraints: 5) generatos power limits					 done
	 constraints: 6) system reserves limits					 done
	 constraints: 7) power balance constraints				 done
	 constraints: 8) ramp-up/ramp-down constraints				 done
	 constraints: 9) piece linearization constraints			 done
	 constraints: 10) transmissionline limits skipped (is_NetWorkCon != 1 or Gsdf missing or NL=0)
	 constraints: 11) stroges system constraints skipped (NC=0 or variables not defined)
	 constraints: 12) data centra constraints skipped (is_ConsiderDataCentra != 1)
	 constraints: 13) frequency control constraints skipped (is_ConsiderFrequencyControl != 1)
	 constraints: 14) hydro power limits					 done
+++++++++++++++++++++++++++++++++++++++++++++++++++++++++++++++++++++++++++++++++++++++++++
Step-4: starting Gurobi solver
Step-5: Gurobi solver finished
+++++++++++++++++++++++++++++++++++++++++++++++++++++++++++++++++++++++++++++++++++++++++++

solution_summary(scuc) = solution_summary(; result = 1, verbose = false)
├ solver_name          : Gurobi
├ Termination
│ ├ termination_status : OPTIMAL
│ ├ result_count       : 6
│ ├ raw_status         : Model was solved to optimality (subject to tolerances), and an optimal solution is available.
│ └ objective_bound    : 2.62194e+06
├ Solution (result = 1)
│ ├ primal_status        : FEASIBLE_POINT
│ ├ dual_status          : NO_SOLUTION
│ ├ objective_value      : 2.69370e+06
│ └ relative_gap         : 2.66398e-02
└ Work counters
  ├ solve_time (sec)   : 2.58600e+00
  ├ simplex_iterations : 15333
  ├ barrier_iterations : 0
  └ node_count         : 1


Termination Status: OPTIMAL
Acceptable solution found (Status: OPTIMAL).
Step-6: record datas
PART1: [unit-commitment] calculation result has been saved to: D:\GithubClonefiles\module_unitcommitment\.worktrees\108_168h\output\pcm_com4_loadall_h168_20260823_210543\base\clu_ovl\r01\output/details_schedule_results/pcm_simulation_results/intervels_[1]/res_schedule_commitment_result.txt
PART1: [unit-commitment] calculation result has been saved to: D:\GithubClonefiles\module_unitcommitment\.worktrees\108_168h\output\pcm_com4_loadall_h168_20260823_210543\base\clu_ovl\r01\output/details_schedule_results/pcm_simulation_results/intervels_[1]/res_schedule_commitment_result.txt
PART1: [unit-commitment] calculation result has been saved to: D:\GithubClonefiles\module_unitcommitment\.worktrees\108_168h\output\pcm_com4_loadall_h168_20260823_210543\base\clu_ovl\r01\output/details_schedule_results/pcm_simulation_results/intervels_[1]/res_schedule_commitment_result.txt
Step-3: Creating dispatching model (Refactored & Modularized)
  Clustered PCM: 108 physical units -> 31 equivalent units (71.3% state reduction; 108 units in non-singleton clusters)
  ✓ True clustered UC completed (31 virtual units)
Step-3: Creating dispatching model (Refactored & Modularized)
  Clustered PCM: 108 physical units -> 31 equivalent units (71.3% state reduction; 108 units in non-singleton clusters)
  ✓ True clustered UC completed (31 virtual units)
PART1: [unit-commitment] calculation result has been saved to: D:\GithubClonefiles\module_unitcommitment\.worktrees\108_168h\output\pcm_com4_loadall_h168_20260823_210543\base\clu_ovl\r01\output/details_schedule_results/pcm_simulation_results/intervels_[1]/res_schedule_commitment_result.txt
Step-3: Creating dispatching model (Refactored & Modularized)
  Clustered PCM: 108 physical units -> 31 equivalent units (71.3% state reduction; 108 units in non-singleton clusters)
  ✓ True clustered UC completed (31 virtual units)
PART1: [unit-commitment] calculation result has been saved to: D:\GithubClonefiles\module_unitcommitment\.worktrees\108_168h\output\pcm_com4_loadall_h168_20260823_210543\base\clu_ovl\r01\output/details_schedule_results/pcm_simulation_results/intervels_[1]/res_schedule_commitment_result.txt
Step-3: Creating dispatching model (Refactored & Modularized)
  Clustered PCM: 108 physical units -> 31 equivalent units (71.3% state reduction; 108 units in non-singleton clusters)
  ✓ True clustered UC completed (31 virtual units)
PART1: [unit-commitment] calculation result has been saved to: D:\GithubClonefiles\module_unitcommitment\.worktrees\108_168h\output\pcm_com4_loadall_h168_20260823_210543\base\clu_ovl\r01\output/details_schedule_results/pcm_simulation_results/intervels_[1]/res_schedule_commitment_result.txt
PART1: [unit-commitment] calculation result has been saved to: D:\GithubClonefiles\module_unitcommitment\.worktrees\108_168h\output\pcm_com4_loadall_h168_20260823_210543\base\clu_ovl\r01\output/details_schedule_results/pcm_simulation_results/intervels_[1]/res_schedule_commitment_result.txt
Step-3: Creating dispatching model (Refactored & Modularized)
  Clustered PCM: 108 physical units -> 31 equivalent units (71.3% state reduction; 108 units in non-singleton clusters)
    5-point output grid is infeasible; retrying this window with 17 points
  Clustered PCM: 108 physical units -> 31 equivalent units (71.3% state reduction; 108 units in non-singleton clusters)
    Refined output grid is infeasible; entering continuous residence-power diagnosis
  Clustered PCM: 108 physical units -> 31 equivalent units (71.3% state reduction; 108 units in non-singleton clusters)
  ⚠ True clustered UC failed at cluster_master: INFEASIBLE; falling back to full unit-network SCUC
	 Variables defined.
DEBUG set_objective_economic!: NT=36, NG=108, ND=91, NW=20, NS=1, K=3, size(refcost)=(108,), size(eachslope)=(3, 108)
objective_function
	MILP economic objective set
subject to.
	 constraints: 1) minimum shutup/shutdown time limits			 done
	 constraints: 2) binary variable logic					 done
	 constraints: 3) shutup/shutdown cost					 done
	 constraints: 4) loadcurtailments and spoliedwinds			 done
	 constraints: 5) generatos power limits					 done
	 constraints: 6) system reserves limits					 done
	 constraints: 7) power balance constraints				 done
	 constraints: 8) ramp-up/ramp-down constraints				 done
	 constraints: 9) piece linearization constraints			 done
	 constraints: 10) transmissionline limits skipped (is_NetWorkCon != 1 or Gsdf missing or NL=0)
	 constraints: 11) stroges system constraints skipped (NC=0 or variables not defined)
	 constraints: 12) data centra constraints skipped (is_ConsiderDataCentra != 1)
	 constraints: 13) frequency control constraints skipped (is_ConsiderFrequencyControl != 1)
	 constraints: 14) hydro power limits					 done
+++++++++++++++++++++++++++++++++++++++++++++++++++++++++++++++++++++++++++++++++++++++++++
Step-4: starting Gurobi solver
Step-5: Gurobi solver finished
+++++++++++++++++++++++++++++++++++++++++++++++++++++++++++++++++++++++++++++++++++++++++++

solution_summary(scuc) = solution_summary(; result = 1, verbose = false)
├ solver_name          : Gurobi
├ Termination
│ ├ termination_status : OPTIMAL
│ ├ result_count       : 3
│ ├ raw_status         : Model was solved to optimality (subject to tolerances), and an optimal solution is available.
│ └ objective_bound    : 9.33951e+15
├ Solution (result = 1)
│ ├ primal_status        : FEASIBLE_POINT
│ ├ dual_status          : NO_SOLUTION
│ ├ objective_value      : 9.33951e+15
│ └ relative_gap         : 3.01943e-14
└ Work counters
  ├ solve_time (sec)   : 2.19000e+00
  ├ simplex_iterations : 17136
  ├ barrier_iterations : 0
  └ node_count         : 1


Termination Status: OPTIMAL
Acceptable solution found (Status: OPTIMAL).
Step-6: record datas
PART1: [unit-commitment] calculation result has been saved to: D:\GithubClonefiles\module_unitcommitment\.worktrees\108_168h\output\pcm_com4_loadall_h168_20260823_210543\base\clu_ovl\r01\output/details_schedule_results/pcm_simulation_results/intervels_[1]/res_schedule_commitment_result.txt
Step-3: Creating dispatching model (Refactored & Modularized)
  Clustered PCM: 108 physical units -> 31 equivalent units (71.3% state reduction; 108 units in non-singleton clusters)
    5-point output grid is infeasible; retrying this window with 17 points
  Clustered PCM: 108 physical units -> 31 equivalent units (71.3% state reduction; 108 units in non-singleton clusters)
    Refined output grid is infeasible; entering continuous residence-power diagnosis
  Clustered PCM: 108 physical units -> 31 equivalent units (71.3% state reduction; 108 units in non-singleton clusters)
  ⚠ True clustered UC failed at cluster_master: INFEASIBLE; falling back to full unit-network SCUC
	 Variables defined.
DEBUG set_objective_economic!: NT=36, NG=108, ND=91, NW=20, NS=1, K=3, size(refcost)=(108,), size(eachslope)=(3, 108)
objective_function
	MILP economic objective set
subject to.
	 constraints: 1) minimum shutup/shutdown time limits			 done
	 constraints: 2) binary variable logic					 done
	 constraints: 3) shutup/shutdown cost					 done
	 constraints: 4) loadcurtailments and spoliedwinds			 done
	 constraints: 5) generatos power limits					 done
	 constraints: 6) system reserves limits					 done
	 constraints: 7) power balance constraints				 done
	 constraints: 8) ramp-up/ramp-down constraints				 done
	 constraints: 9) piece linearization constraints			 done
	 constraints: 10) transmissionline limits skipped (is_NetWorkCon != 1 or Gsdf missing or NL=0)
	 constraints: 11) stroges system constraints skipped (NC=0 or variables not defined)
	 constraints: 12) data centra constraints skipped (is_ConsiderDataCentra != 1)
	 constraints: 13) frequency control constraints skipped (is_ConsiderFrequencyControl != 1)
	 constraints: 14) hydro power limits					 done
+++++++++++++++++++++++++++++++++++++++++++++++++++++++++++++++++++++++++++++++++++++++++++
Step-4: starting Gurobi solver
Step-5: Gurobi solver finished
+++++++++++++++++++++++++++++++++++++++++++++++++++++++++++++++++++++++++++++++++++++++++++

solution_summary(scuc) = solution_summary(; result = 1, verbose = false)
├ solver_name          : Gurobi
├ Termination
│ ├ termination_status : OPTIMAL
│ ├ result_count       : 3
│ ├ raw_status         : Model was solved to optimality (subject to tolerances), and an optimal solution is available.
│ └ objective_bound    : 9.33951e+15
├ Solution (result = 1)
│ ├ primal_status        : FEASIBLE_POINT
│ ├ dual_status          : NO_SOLUTION
│ ├ objective_value      : 9.33951e+15
│ └ relative_gap         : 3.01943e-14
└ Work counters
  ├ solve_time (sec)   : 2.24300e+00
  ├ simplex_iterations : 17136
  ├ barrier_iterations : 0
  └ node_count         : 1


Termination Status: OPTIMAL
Acceptable solution found (Status: OPTIMAL).
Step-6: record datas
PART1: [unit-commitment] calculation result has been saved to: D:\GithubClonefiles\module_unitcommitment\.worktrees\108_168h\output\pcm_com4_loadall_h168_20260823_210543\base\clu_ovl\r01\output/details_schedule_results/pcm_simulation_results/intervels_[1]/res_schedule_commitment_result.txt
PART1: [unit-commitment] calculation result has been saved to: D:\GithubClonefiles\module_unitcommitment\.worktrees\108_168h\output\pcm_com4_loadall_h168_20260823_210543\base\clu_ovl\r01\output/details_schedule_results/pcm_simulation_results/intervels_[1]/res_schedule_commitment_result.txt
Step-3: Creating dispatching model (Refactored & Modularized)
  Clustered PCM: 108 physical units -> 31 equivalent units (71.3% state reduction; 108 units in non-singleton clusters)
    5-point output grid is infeasible; retrying this window with 17 points
  Clustered PCM: 108 physical units -> 31 equivalent units (71.3% state reduction; 108 units in non-singleton clusters)
    Refined output grid is infeasible; entering continuous residence-power diagnosis
  Clustered PCM: 108 physical units -> 31 equivalent units (71.3% state reduction; 108 units in non-singleton clusters)
  ⚠ True clustered UC failed at cluster_master: INFEASIBLE; falling back to full unit-network SCUC
	 Variables defined.
DEBUG set_objective_economic!: NT=26, NG=108, ND=91, NW=20, NS=1, K=3, size(refcost)=(108,), size(eachslope)=(3, 108)
objective_function
	MILP economic objective set
subject to.
	 constraints: 1) minimum shutup/shutdown time limits			 done
	 constraints: 2) binary variable logic					 done
	 constraints: 3) shutup/shutdown cost					 done
	 constraints: 4) loadcurtailments and spoliedwinds			 done
	 constraints: 5) generatos power limits					 done
	 constraints: 6) system reserves limits					 done
	 constraints: 7) power balance constraints				 done
	 constraints: 8) ramp-up/ramp-down constraints				 done
	 constraints: 9) piece linearization constraints			 done
	 constraints: 10) transmissionline limits skipped (is_NetWorkCon != 1 or Gsdf missing or NL=0)
	 constraints: 11) stroges system constraints skipped (NC=0 or variables not defined)
	 constraints: 12) data centra constraints skipped (is_ConsiderDataCentra != 1)
	 constraints: 13) frequency control constraints skipped (is_ConsiderFrequencyControl != 1)
	 constraints: 14) hydro power limits					 done
+++++++++++++++++++++++++++++++++++++++++++++++++++++++++++++++++++++++++++++++++++++++++++
Step-4: starting Gurobi solver
Step-5: Gurobi solver finished
+++++++++++++++++++++++++++++++++++++++++++++++++++++++++++++++++++++++++++++++++++++++++++

solution_summary(scuc) = solution_summary(; result = 1, verbose = false)
├ solver_name          : Gurobi
├ Termination
│ ├ termination_status : OPTIMAL
│ ├ result_count       : 2
│ ├ raw_status         : Model was solved to optimality (subject to tolerances), and an optimal solution is available.
│ └ objective_bound    : 9.33951e+15
├ Solution (result = 1)
│ ├ primal_status        : FEASIBLE_POINT
│ ├ dual_status          : NO_SOLUTION
│ ├ objective_value      : 9.33951e+15
│ └ relative_gap         : 1.33851e-09
└ Work counters
  ├ solve_time (sec)   : 4.99000e-01
  ├ simplex_iterations : 0
  ├ barrier_iterations : 0
  └ node_count         : 0


Termination Status: OPTIMAL
Acceptable solution found (Status: OPTIMAL).
Step-6: record datas
PART1: [unit-commitment] calculation result has been saved to: D:\GithubClonefiles\module_unitcommitment\.worktrees\108_168h\output\pcm_com4_loadall_h168_20260823_210543\base\clu_ovl\r01\output/details_schedule_results/pcm_simulation_results/intervels_[1]/res_schedule_commitment_result.txt
PART1: [unit-commitment] calculation result has been saved to: D:\GithubClonefiles\module_unitcommitment\.worktrees\108_168h\output\pcm_com4_loadall_h168_20260823_210543\base\clu_ovl\r01\output/details_schedule_results/pcm_simulation_results/intervels_[1]/res_schedule_commitment_result.txt
Step-3: Creating dispatching model (Refactored & Modularized)
  Clustered PCM: 108 physical units -> 31 equivalent units (71.3% state reduction; 108 units in non-singleton clusters)
    5-point output grid is infeasible; retrying this window with 17 points
  Clustered PCM: 108 physical units -> 31 equivalent units (71.3% state reduction; 108 units in non-singleton clusters)
    Refined output grid is infeasible; entering continuous residence-power diagnosis
  Clustered PCM: 108 physical units -> 31 equivalent units (71.3% state reduction; 108 units in non-singleton clusters)
  ⚠ True clustered UC failed at cluster_master: INFEASIBLE; falling back to full unit-network SCUC
	 Variables defined.
DEBUG set_objective_economic!: NT=31, NG=108, ND=91, NW=20, NS=1, K=3, size(refcost)=(108,), size(eachslope)=(3, 108)
objective_function
	MILP economic objective set
subject to.
	 constraints: 1) minimum shutup/shutdown time limits			 done
	 constraints: 2) binary variable logic					 done
	 constraints: 3) shutup/shutdown cost					 done
	 constraints: 4) loadcurtailments and spoliedwinds			 done
	 constraints: 5) generatos power limits					 done
	 constraints: 6) system reserves limits					 done
	 constraints: 7) power balance constraints				 done
	 constraints: 8) ramp-up/ramp-down constraints				 done
	 constraints: 9) piece linearization constraints			 done
	 constraints: 10) transmissionline limits skipped (is_NetWorkCon != 1 or Gsdf missing or NL=0)
	 constraints: 11) stroges system constraints skipped (NC=0 or variables not defined)
	 constraints: 12) data centra constraints skipped (is_ConsiderDataCentra != 1)
	 constraints: 13) frequency control constraints skipped (is_ConsiderFrequencyControl != 1)
	 constraints: 14) hydro power limits					 done
+++++++++++++++++++++++++++++++++++++++++++++++++++++++++++++++++++++++++++++++++++++++++++
Step-4: starting Gurobi solver
Step-5: Gurobi solver finished
+++++++++++++++++++++++++++++++++++++++++++++++++++++++++++++++++++++++++++++++++++++++++++

solution_summary(scuc) = solution_summary(; result = 1, verbose = false)
├ solver_name          : Gurobi
├ Termination
│ ├ termination_status : OPTIMAL
│ ├ result_count       : 1
│ ├ raw_status         : Model was solved to optimality (subject to tolerances), and an optimal solution is available.
│ └ objective_bound    : 9.33951e+15
├ Solution (result = 1)
│ ├ primal_status        : FEASIBLE_POINT
│ ├ dual_status          : NO_SOLUTION
│ ├ objective_value      : 9.33951e+15
│ └ relative_gap         : 1.48276e-09
└ Work counters
  ├ solve_time (sec)   : 5.31000e-01
  ├ simplex_iterations : 0
  ├ barrier_iterations : 0
  └ node_count         : 0


Termination Status: OPTIMAL
Acceptable solution found (Status: OPTIMAL).
Step-6: record datas
PART1: [unit-commitment] calculation result has been saved to: D:\GithubClonefiles\module_unitcommitment\.worktrees\108_168h\output\pcm_com4_loadall_h168_20260823_210543\base\clu_ovl\r01\output/details_schedule_results/pcm_simulation_results/intervels_[1]/res_schedule_commitment_result.txt
PART1: [unit-commitment] calculation result has been saved to: D:\GithubClonefiles\module_unitcommitment\.worktrees\108_168h\output\pcm_com4_loadall_h168_20260823_210543\base\clu_ovl\r01\output/details_schedule_results/pcm_simulation_results/intervels_[1]/res_schedule_commitment_result.txt
PART1: [unit-commitment] calculation result has been saved to: D:\GithubClonefiles\module_unitcommitment\.worktrees\108_168h\output\pcm_com4_loadall_h168_20260823_210543\base\clu_ovl\r01\output/details_schedule_results/pcm_simulation_results/intervels_[1]/res_schedule_commitment_result.txt
Step-3: Creating dispatching model (Refactored & Modularized)
  Clustered PCM: 108 physical units -> 31 equivalent units (71.3% state reduction; 108 units in non-singleton clusters)
    5-point output grid is infeasible; retrying this window with 17 points
  Clustered PCM: 108 physical units -> 31 equivalent units (71.3% state reduction; 108 units in non-singleton clusters)
    Refined output grid is infeasible; entering continuous residence-power diagnosis
  Clustered PCM: 108 physical units -> 31 equivalent units (71.3% state reduction; 108 units in non-singleton clusters)
  ⚠ True clustered UC failed at cluster_master: INFEASIBLE; falling back to full unit-network SCUC
	 Variables defined.
DEBUG set_objective_economic!: NT=36, NG=108, ND=91, NW=20, NS=1, K=3, size(refcost)=(108,), size(eachslope)=(3, 108)
objective_function
	MILP economic objective set
subject to.
	 constraints: 1) minimum shutup/shutdown time limits			 done
	 constraints: 2) binary variable logic					 done
	 constraints: 3) shutup/shutdown cost					 done
	 constraints: 4) loadcurtailments and spoliedwinds			 done
	 constraints: 5) generatos power limits					 done
	 constraints: 6) system reserves limits					 done
	 constraints: 7) power balance constraints				 done
	 constraints: 8) ramp-up/ramp-down constraints				 done
	 constraints: 9) piece linearization constraints			 done
	 constraints: 10) transmissionline limits skipped (is_NetWorkCon != 1 or Gsdf missing or NL=0)
	 constraints: 11) stroges system constraints skipped (NC=0 or variables not defined)
	 constraints: 12) data centra constraints skipped (is_ConsiderDataCentra != 1)
	 constraints: 13) frequency control constraints skipped (is_ConsiderFrequencyControl != 1)
	 constraints: 14) hydro power limits					 done
+++++++++++++++++++++++++++++++++++++++++++++++++++++++++++++++++++++++++++++++++++++++++++
Step-4: starting Gurobi solver
Step-5: Gurobi solver finished
+++++++++++++++++++++++++++++++++++++++++++++++++++++++++++++++++++++++++++++++++++++++++++

solution_summary(scuc) = solution_summary(; result = 1, verbose = false)
├ solver_name          : Gurobi
├ Termination
│ ├ termination_status : OPTIMAL
│ ├ result_count       : 4
│ ├ raw_status         : Model was solved to optimality (subject to tolerances), and an optimal solution is available.
│ └ objective_bound    : 2.23053e+16
├ Solution (result = 1)
│ ├ primal_status        : FEASIBLE_POINT
│ ├ dual_status          : NO_SOLUTION
│ ├ objective_value      : 2.23053e+16
│ └ relative_gap         : 1.12978e-14
└ Work counters
  ├ solve_time (sec)   : 2.32700e+00
  ├ simplex_iterations : 17063
  ├ barrier_iterations : 0
  └ node_count         : 1


Termination Status: OPTIMAL
Acceptable solution found (Status: OPTIMAL).
Step-6: record datas
PART1: [unit-commitment] calculation result has been saved to: D:\GithubClonefiles\module_unitcommitment\.worktrees\108_168h\output\pcm_com4_loadall_h168_20260823_210543\base\clu_ovl\r01\output/details_schedule_results/pcm_simulation_results/intervels_[1]/res_schedule_commitment_result.txt
Step-3: Creating dispatching model (Refactored & Modularized)
  Clustered PCM: 108 physical units -> 31 equivalent units (71.3% state reduction; 108 units in non-singleton clusters)
    5-point output grid is infeasible; retrying this window with 17 points
  Clustered PCM: 108 physical units -> 31 equivalent units (71.3% state reduction; 108 units in non-singleton clusters)
    Refined output grid is infeasible; entering continuous residence-power diagnosis
  Clustered PCM: 108 physical units -> 31 equivalent units (71.3% state reduction; 108 units in non-singleton clusters)
  ⚠ True clustered UC failed at cluster_master: INFEASIBLE; falling back to full unit-network SCUC
	 Variables defined.
DEBUG set_objective_economic!: NT=36, NG=108, ND=91, NW=20, NS=1, K=3, size(refcost)=(108,), size(eachslope)=(3, 108)
objective_function
	MILP economic objective set
subject to.
	 constraints: 1) minimum shutup/shutdown time limits			 done
	 constraints: 2) binary variable logic					 done
	 constraints: 3) shutup/shutdown cost					 done
	 constraints: 4) loadcurtailments and spoliedwinds			 done
	 constraints: 5) generatos power limits					 done
	 constraints: 6) system reserves limits					 done
	 constraints: 7) power balance constraints				 done
	 constraints: 8) ramp-up/ramp-down constraints				 done
	 constraints: 9) piece linearization constraints			 done
	 constraints: 10) transmissionline limits skipped (is_NetWorkCon != 1 or Gsdf missing or NL=0)
	 constraints: 11) stroges system constraints skipped (NC=0 or variables not defined)
	 constraints: 12) data centra constraints skipped (is_ConsiderDataCentra != 1)
	 constraints: 13) frequency control constraints skipped (is_ConsiderFrequencyControl != 1)
	 constraints: 14) hydro power limits					 done
+++++++++++++++++++++++++++++++++++++++++++++++++++++++++++++++++++++++++++++++++++++++++++
Step-4: starting Gurobi solver
Step-5: Gurobi solver finished
+++++++++++++++++++++++++++++++++++++++++++++++++++++++++++++++++++++++++++++++++++++++++++

solution_summary(scuc) = solution_summary(; result = 1, verbose = false)
├ solver_name          : Gurobi
├ Termination
│ ├ termination_status : OPTIMAL
│ ├ result_count       : 4
│ ├ raw_status         : Model was solved to optimality (subject to tolerances), and an optimal solution is available.
│ └ objective_bound    : 2.23053e+16
├ Solution (result = 1)
│ ├ primal_status        : FEASIBLE_POINT
│ ├ dual_status          : NO_SOLUTION
│ ├ objective_value      : 2.23053e+16
│ └ relative_gap         : 1.12978e-14
└ Work counters
  ├ solve_time (sec)   : 2.33600e+00
  ├ simplex_iterations : 17063
  ├ barrier_iterations : 0
  └ node_count         : 1


Termination Status: OPTIMAL
Acceptable solution found (Status: OPTIMAL).
Step-6: record datas
PART1: [unit-commitment] calculation result has been saved to: D:\GithubClonefiles\module_unitcommitment\.worktrees\108_168h\output\pcm_com4_loadall_h168_20260823_210543\base\clu_ovl\r01\output/details_schedule_results/pcm_simulation_results/intervels_[1]/res_schedule_commitment_result.txt
PART1: [unit-commitment] calculation result has been saved to: D:\GithubClonefiles\module_unitcommitment\.worktrees\108_168h\output\pcm_com4_loadall_h168_20260823_210543\base\clu_ovl\r01\output/details_schedule_results/pcm_simulation_results/intervels_[1]/res_schedule_commitment_result.txt
Step-3: Creating dispatching model (Refactored & Modularized)
  Clustered PCM: 108 physical units -> 31 equivalent units (71.3% state reduction; 108 units in non-singleton clusters)
    5-point output grid is infeasible; retrying this window with 17 points
  Clustered PCM: 108 physical units -> 31 equivalent units (71.3% state reduction; 108 units in non-singleton clusters)
    Refined output grid is infeasible; entering continuous residence-power diagnosis
  Clustered PCM: 108 physical units -> 31 equivalent units (71.3% state reduction; 108 units in non-singleton clusters)
  ⚠ True clustered UC failed at cluster_master: INFEASIBLE; falling back to full unit-network SCUC
	 Variables defined.
DEBUG set_objective_economic!: NT=26, NG=108, ND=91, NW=20, NS=1, K=3, size(refcost)=(108,), size(eachslope)=(3, 108)
objective_function
	MILP economic objective set
subject to.
	 constraints: 1) minimum shutup/shutdown time limits			 done
Set parameter Username
Set parameter LicenseID to value 2826524
Academic license - for non-commercial use only - expires 2027-05-22
Set parameter Username
Set parameter LicenseID to value 2826524
Academic license - for non-commercial use only - expires 2027-05-22
Set parameter Username
Set parameter LicenseID to value 2826524
Academic license - for non-commercial use only - expires 2027-05-22
Set parameter Username
Set parameter LicenseID to value 2826524
Academic license - for non-commercial use only - expires 2027-05-22
Set parameter Username
Set parameter LicenseID to value 2826524
Academic license - for non-commercial use only - expires 2027-05-22
Set parameter Username
Set parameter LicenseID to value 2826524
Academic license - for non-commercial use only - expires 2027-05-22
Set parameter Username
Set parameter LicenseID to value 2826524
Academic license - for non-commercial use only - expires 2027-05-22
Set parameter Username
Set parameter LicenseID to value 2826524
Academic license - for non-commercial use only - expires 2027-05-22
Set parameter Username
Set parameter LicenseID to value 2826524
Academic license - for non-commercial use only - expires 2027-05-22
Set parameter Username
Set parameter LicenseID to value 2826524
Academic license - for non-commercial use only - expires 2027-05-22
Set parameter Username
Set parameter LicenseID to value 2826524
Academic license - for non-commercial use only - expires 2027-05-22
Set parameter Username
Set parameter LicenseID to value 2826524
Academic license - for non-commercial use only - expires 2027-05-22
Set parameter Username
Set parameter LicenseID to value 2826524
Academic license - for non-commercial use only - expires 2027-05-22
Set parameter Username
Set parameter LicenseID to value 2826524
Academic license - for non-commercial use only - expires 2027-05-22
Set parameter Username
Set parameter LicenseID to value 2826524
Academic license - for non-commercial use only - expires 2027-05-22
Set parameter Username
Set parameter LicenseID to value 2826524
Academic license - for non-commercial use only - expires 2027-05-22
Set parameter Username
Set parameter LicenseID to value 2826524
Academic license - for non-commercial use only - expires 2027-05-22
Set parameter Username
Set parameter LicenseID to value 2826524
Academic license - for non-commercial use only - expires 2027-05-22
Set parameter Username
Set parameter LicenseID to value 2826524
Academic license - for non-commercial use only - expires 2027-05-22
Set parameter Username
Set parameter LicenseID to value 2826524
Academic license - for non-commercial use only - expires 2027-05-22
Set parameter Username
Set parameter LicenseID to value 2826524
Academic license - for non-commercial use only - expires 2027-05-22
Set parameter Username
Set parameter LicenseID to value 2826524
Academic license - for non-commercial use only - expires 2027-05-22
Set parameter Username
Set parameter LicenseID to value 2826524
Academic license - for non-commercial use only - expires 2027-05-22
Set parameter Username
Set parameter LicenseID to value 2826524
Academic license - for non-commercial use only - expires 2027-05-22
Set parameter Username
Set parameter LicenseID to value 2826524
Academic license - for non-commercial use only - expires 2027-05-22
Set parameter Username
Set parameter LicenseID to value 2826524
Academic license - for non-commercial use only - expires 2027-05-22
Set parameter Username
Set parameter LicenseID to value 2826524
Academic license - for non-commercial use only - expires 2027-05-22
Set parameter Username
Set parameter LicenseID to value 2826524
Academic license - for non-commercial use only - expires 2027-05-22
Set parameter Username
Set parameter LicenseID to value 2826524
Academic license - for non-commercial use only - expires 2027-05-22
Set parameter Username
Set parameter LicenseID to value 2826524
Academic license - for non-commercial use only - expires 2027-05-22
Set parameter Username
Set parameter LicenseID to value 2826524
Academic license - for non-commercial use only - expires 2027-05-22
Set parameter Username
Set parameter LicenseID to value 2826524
Academic license - for non-commercial use only - expires 2027-05-22
Set parameter Username
Set parameter LicenseID to value 2826524
Academic license - for non-commercial use only - expires 2027-05-22
Set parameter Username
Set parameter LicenseID to value 2826524
Academic license - for non-commercial use only - expires 2027-05-22
Set parameter Username
Set parameter LicenseID to value 2826524
Academic license - for non-commercial use only - expires 2027-05-22
Set parameter Username
Set parameter LicenseID to value 2826524
Academic license - for non-commercial use only - expires 2027-05-22
	 constraints: 2) binary variable logic					 done
	 constraints: 3) shutup/shutdown cost					 done
	 constraints: 4) loadcurtailments and spoliedwinds			 done
	 constraints: 5) generatos power limits					 done
	 constraints: 6) system reserves limits					 done
	 constraints: 7) power balance constraints				 done
	 constraints: 8) ramp-up/ramp-down constraints				 done
	 constraints: 9) piece linearization constraints			 done
	 constraints: 10) transmissionline limits skipped (is_NetWorkCon != 1 or Gsdf missing or NL=0)
	 constraints: 11) stroges system constraints skipped (NC=0 or variables not defined)
	 constraints: 12) data centra constraints skipped (is_ConsiderDataCentra != 1)
	 constraints: 13) frequency control constraints skipped (is_ConsiderFrequencyControl != 1)
	 constraints: 14) hydro power limits					 done
+++++++++++++++++++++++++++++++++++++++++++++++++++++++++++++++++++++++++++++++++++++++++++
Step-4: starting Gurobi solver
Step-5: Gurobi solver finished
+++++++++++++++++++++++++++++++++++++++++++++++++++++++++++++++++++++++++++++++++++++++++++

solution_summary(scuc) = solution_summary(; result = 1, verbose = false)
├ solver_name          : Gurobi
├ Termination
│ ├ termination_status : OPTIMAL
│ ├ result_count       : 2
│ ├ raw_status         : Model was solved to optimality (subject to tolerances), and an optimal solution is available.
│ └ objective_bound    : 2.23053e+16
├ Solution (result = 1)
│ ├ primal_status        : FEASIBLE_POINT
│ ├ dual_status          : NO_SOLUTION
│ ├ objective_value      : 2.23053e+16
│ └ relative_gap         : 5.65552e-10
└ Work counters
  ├ solve_time (sec)   : 5.10000e-01
  ├ simplex_iterations : 0
  ├ barrier_iterations : 0
  └ node_count         : 0


Termination Status: OPTIMAL
Acceptable solution found (Status: OPTIMAL).
Step-6: record datas
PART1: [unit-commitment] calculation result has been saved to: D:\GithubClonefiles\module_unitcommitment\.worktrees\108_168h\output\pcm_com4_loadall_h168_20260823_210543\base\clu_ovl\r01\output/details_schedule_results/pcm_simulation_results/intervels_[1]/res_schedule_commitment_result.txt
PART1: [unit-commitment] calculation result has been saved to: D:\GithubClonefiles\module_unitcommitment\.worktrees\108_168h\output\pcm_com4_loadall_h168_20260823_210543\base\clu_ovl\r01\output/details_schedule_results/pcm_simulation_results/intervels_[1]/res_schedule_commitment_result.txt
Step-3: Creating dispatching model (Refactored & Modularized)
  Clustered PCM: 108 physical units -> 31 equivalent units (71.3% state reduction; 108 units in non-singleton clusters)
    5-point output grid is infeasible; retrying this window with 17 points
  Clustered PCM: 108 physical units -> 31 equivalent units (71.3% state reduction; 108 units in non-singleton clusters)
    Refined output grid is infeasible; entering continuous residence-power diagnosis
  Clustered PCM: 108 physical units -> 31 equivalent units (71.3% state reduction; 108 units in non-singleton clusters)
  ⚠ True clustered UC failed at cluster_master: INFEASIBLE; falling back to full unit-network SCUC
	 Variables defined.
DEBUG set_objective_economic!: NT=31, NG=108, ND=91, NW=20, NS=1, K=3, size(refcost)=(108,), size(eachslope)=(3, 108)
objective_function
	MILP economic objective set
subject to.
	 constraints: 1) minimum shutup/shutdown time limits			 done
	 constraints: 2) binary variable logic					 done
	 constraints: 3) shutup/shutdown cost					 done
	 constraints: 4) loadcurtailments and spoliedwinds			 done
	 constraints: 5) generatos power limits					 done
	 constraints: 6) system reserves limits					 done
	 constraints: 7) power balance constraints				 done
	 constraints: 8) ramp-up/ramp-down constraints				 done
	 constraints: 9) piece linearization constraints			 done
	 constraints: 10) transmissionline limits skipped (is_NetWorkCon != 1 or Gsdf missing or NL=0)
	 constraints: 11) stroges system constraints skipped (NC=0 or variables not defined)
	 constraints: 12) data centra constraints skipped (is_ConsiderDataCentra != 1)
	 constraints: 13) frequency control constraints skipped (is_ConsiderFrequencyControl != 1)
	 constraints: 14) hydro power limits					 done
+++++++++++++++++++++++++++++++++++++++++++++++++++++++++++++++++++++++++++++++++++++++++++
Step-4: starting Gurobi solver
Step-5: Gurobi solver finished
+++++++++++++++++++++++++++++++++++++++++++++++++++++++++++++++++++++++++++++++++++++++++++

solution_summary(scuc) = solution_summary(; result = 1, verbose = false)
├ solver_name          : Gurobi
├ Termination
│ ├ termination_status : OPTIMAL
│ ├ result_count       : 2
│ ├ raw_status         : Model was solved to optimality (subject to tolerances), and an optimal solution is available.
│ └ objective_bound    : 2.23053e+16
├ Solution (result = 1)
│ ├ primal_status        : FEASIBLE_POINT
│ ├ dual_status          : NO_SOLUTION
│ ├ objective_value      : 2.23053e+16
│ └ relative_gap         : 5.92706e-10
└ Work counters
  ├ solve_time (sec)   : 5.54000e-01
  ├ simplex_iterations : 0
  ├ barrier_iterations : 0
  └ node_count         : 0


Termination Status: OPTIMAL
Acceptable solution found (Status: OPTIMAL).
Step-6: record datas
PART1: [unit-commitment] calculation result has been saved to: D:\GithubClonefiles\module_unitcommitment\.worktrees\108_168h\output\pcm_com4_loadall_h168_20260823_210543\base\clu_ovl\r01\output/details_schedule_results/pcm_simulation_results/intervels_[1]/res_schedule_commitment_result.txt
PART1: [unit-commitment] calculation result has been saved to: D:\GithubClonefiles\module_unitcommitment\.worktrees\108_168h\output\pcm_com4_loadall_h168_20260823_210543\base\clu_ovl\r01\output/details_schedule_results/pcm_simulation_results/intervels_[1]/res_schedule_commitment_result.txt
PART1: [unit-commitment] calculation result has been saved to: D:\GithubClonefiles\module_unitcommitment\.worktrees\108_168h\output\pcm_com4_loadall_h168_20260823_210543\base\clu_ovl\r01\output/details_schedule_results/pcm_simulation_results/intervels_[1]/res_schedule_commitment_result.txt
Step-3: Creating dispatching model (Refactored & Modularized)
  Clustered PCM: 108 physical units -> 31 equivalent units (71.3% state reduction; 108 units in non-singleton clusters)
    5-point output grid is infeasible; retrying this window with 17 points
  Clustered PCM: 108 physical units -> 31 equivalent units (71.3% state reduction; 108 units in non-singleton clusters)
    Refined output grid is infeasible; entering continuous residence-power diagnosis
  Clustered PCM: 108 physical units -> 31 equivalent units (71.3% state reduction; 108 units in non-singleton clusters)
  ⚠ True clustered UC failed at cluster_master: INFEASIBLE; falling back to full unit-network SCUC
	 Variables defined.
DEBUG set_objective_economic!: NT=36, NG=108, ND=91, NW=20, NS=1, K=3, size(refcost)=(108,), size(eachslope)=(3, 108)
objective_function
	MILP economic objective set
subject to.
	 constraints: 1) minimum shutup/shutdown time limits			 done
	 constraints: 2) binary variable logic					 done
	 constraints: 3) shutup/shutdown cost					 done
	 constraints: 4) loadcurtailments and spoliedwinds			 done
	 constraints: 5) generatos power limits					 done
	 constraints: 6) system reserves limits					 done
	 constraints: 7) power balance constraints				 done
	 constraints: 8) ramp-up/ramp-down constraints				 done
	 constraints: 9) piece linearization constraints			 done
	 constraints: 10) transmissionline limits skipped (is_NetWorkCon != 1 or Gsdf missing or NL=0)
	 constraints: 11) stroges system constraints skipped (NC=0 or variables not defined)
	 constraints: 12) data centra constraints skipped (is_ConsiderDataCentra != 1)
	 constraints: 13) frequency control constraints skipped (is_ConsiderFrequencyControl != 1)
	 constraints: 14) hydro power limits					 done
+++++++++++++++++++++++++++++++++++++++++++++++++++++++++++++++++++++++++++++++++++++++++++
Step-4: starting Gurobi solver
Step-5: Gurobi solver finished
+++++++++++++++++++++++++++++++++++++++++++++++++++++++++++++++++++++++++++++++++++++++++++

solution_summary(scuc) = solution_summary(; result = 1, verbose = false)
├ solver_name          : Gurobi
├ Termination
│ ├ termination_status : OPTIMAL
│ ├ result_count       : 3
│ ├ raw_status         : Model was solved to optimality (subject to tolerances), and an optimal solution is available.
│ └ objective_bound    : 2.60586e+16
├ Solution (result = 1)
│ ├ primal_status        : FEASIBLE_POINT
│ ├ dual_status          : NO_SOLUTION
│ ├ objective_value      : 2.60586e+16
│ └ relative_gap         : 9.82401e-15
└ Work counters
  ├ solve_time (sec)   : 1.88300e+00
  ├ simplex_iterations : 15115
  ├ barrier_iterations : 0
  └ node_count         : 1


Termination Status: OPTIMAL
Acceptable solution found (Status: OPTIMAL).
Step-6: record datas
PART1: [unit-commitment] calculation result has been saved to: D:\GithubClonefiles\module_unitcommitment\.worktrees\108_168h\output\pcm_com4_loadall_h168_20260823_210543\base\clu_ovl\r01\output/details_schedule_results/pcm_simulation_results/intervels_[1]/res_schedule_commitment_result.txt
Step-3: Creating dispatching model (Refactored & Modularized)
  Clustered PCM: 108 physical units -> 31 equivalent units (71.3% state reduction; 108 units in non-singleton clusters)
    5-point output grid is infeasible; retrying this window with 17 points
  Clustered PCM: 108 physical units -> 31 equivalent units (71.3% state reduction; 108 units in non-singleton clusters)
    Refined output grid is infeasible; entering continuous residence-power diagnosis
  Clustered PCM: 108 physical units -> 31 equivalent units (71.3% state reduction; 108 units in non-singleton clusters)
  ⚠ True clustered UC failed at cluster_master: INFEASIBLE; falling back to full unit-network SCUC
	 Variables defined.
DEBUG set_objective_economic!: NT=36, NG=108, ND=91, NW=20, NS=1, K=3, size(refcost)=(108,), size(eachslope)=(3, 108)
objective_function
	MILP economic objective set
subject to.
	 constraints: 1) minimum shutup/shutdown time limits			 done
	 constraints: 2) binary variable logic					 done
	 constraints: 3) shutup/shutdown cost					 done
	 constraints: 4) loadcurtailments and spoliedwinds			 done
	 constraints: 5) generatos power limits					 done
	 constraints: 6) system reserves limits					 done
	 constraints: 7) power balance constraints				 done
	 constraints: 8) ramp-up/ramp-down constraints				 done
	 constraints: 9) piece linearization constraints			 done
	 constraints: 10) transmissionline limits skipped (is_NetWorkCon != 1 or Gsdf missing or NL=0)
	 constraints: 11) stroges system constraints skipped (NC=0 or variables not defined)
	 constraints: 12) data centra constraints skipped (is_ConsiderDataCentra != 1)
	 constraints: 13) frequency control constraints skipped (is_ConsiderFrequencyControl != 1)
	 constraints: 14) hydro power limits					 done
+++++++++++++++++++++++++++++++++++++++++++++++++++++++++++++++++++++++++++++++++++++++++++
Step-4: starting Gurobi solver
Step-5: Gurobi solver finished
+++++++++++++++++++++++++++++++++++++++++++++++++++++++++++++++++++++++++++++++++++++++++++

solution_summary(scuc) = solution_summary(; result = 1, verbose = false)
├ solver_name          : Gurobi
├ Termination
│ ├ termination_status : OPTIMAL
│ ├ result_count       : 3
│ ├ raw_status         : Model was solved to optimality (subject to tolerances), and an optimal solution is available.
│ └ objective_bound    : 2.60586e+16
├ Solution (result = 1)
│ ├ primal_status        : FEASIBLE_POINT
│ ├ dual_status          : NO_SOLUTION
│ ├ objective_value      : 2.60586e+16
│ └ relative_gap         : 9.82401e-15
└ Work counters
  ├ solve_time (sec)   : 2.01600e+00
  ├ simplex_iterations : 15115
  ├ barrier_iterations : 0
  └ node_count         : 1


Termination Status: OPTIMAL
Acceptable solution found (Status: OPTIMAL).
Step-6: record datas
PART1: [unit-commitment] calculation result has been saved to: D:\GithubClonefiles\module_unitcommitment\.worktrees\108_168h\output\pcm_com4_loadall_h168_20260823_210543\base\clu_ovl\r01\output/details_schedule_results/pcm_simulation_results/intervels_[1]/res_schedule_commitment_result.txt
PART1: [unit-commitment] calculation result has been saved to: D:\GithubClonefiles\module_unitcommitment\.worktrees\108_168h\output\pcm_com4_loadall_h168_20260823_210543\base\clu_ovl\r01\output/details_schedule_results/pcm_simulation_results/intervels_[1]/res_schedule_commitment_result.txt
Step-3: Creating dispatching model (Refactored & Modularized)
  Clustered PCM: 108 physical units -> 31 equivalent units (71.3% state reduction; 108 units in non-singleton clusters)
    5-point output grid is infeasible; retrying this window with 17 points
  Clustered PCM: 108 physical units -> 31 equivalent units (71.3% state reduction; 108 units in non-singleton clusters)
    Refined output grid is infeasible; entering continuous residence-power diagnosis
  Clustered PCM: 108 physical units -> 31 equivalent units (71.3% state reduction; 108 units in non-singleton clusters)
  ⚠ True clustered UC failed at cluster_master: INFEASIBLE; falling back to full unit-network SCUC
	 Variables defined.
DEBUG set_objective_economic!: NT=26, NG=108, ND=91, NW=20, NS=1, K=3, size(refcost)=(108,), size(eachslope)=(3, 108)
objective_function
	MILP economic objective set
subject to.
	 constraints: 1) minimum shutup/shutdown time limits			 done
	 constraints: 2) binary variable logic					 done
	 constraints: 3) shutup/shutdown cost					 done
	 constraints: 4) loadcurtailments and spoliedwinds			 done
	 constraints: 5) generatos power limits					 done
	 constraints: 6) system reserves limits					 done
	 constraints: 7) power balance constraints				 done
	 constraints: 8) ramp-up/ramp-down constraints				 done
	 constraints: 9) piece linearization constraints			 done
	 constraints: 10) transmissionline limits skipped (is_NetWorkCon != 1 or Gsdf missing or NL=0)
	 constraints: 11) stroges system constraints skipped (NC=0 or variables not defined)
	 constraints: 12) data centra constraints skipped (is_ConsiderDataCentra != 1)
	 constraints: 13) frequency control constraints skipped (is_ConsiderFrequencyControl != 1)
	 constraints: 14) hydro power limits					 done
+++++++++++++++++++++++++++++++++++++++++++++++++++++++++++++++++++++++++++++++++++++++++++
Step-4: starting Gurobi solver
Step-5: Gurobi solver finished
+++++++++++++++++++++++++++++++++++++++++++++++++++++++++++++++++++++++++++++++++++++++++++

solution_summary(scuc) = solution_summary(; result = 1, verbose = false)
├ solver_name          : Gurobi
├ Termination
│ ├ termination_status : OPTIMAL
│ ├ result_count       : 2
│ ├ raw_status         : Model was solved to optimality (subject to tolerances), and an optimal solution is available.
│ └ objective_bound    : 2.60586e+16
├ Solution (result = 1)
│ ├ primal_status        : FEASIBLE_POINT
│ ├ dual_status          : NO_SOLUTION
│ ├ objective_value      : 2.60586e+16
│ └ relative_gap         : 4.76608e-10
└ Work counters
  ├ solve_time (sec)   : 5.34000e-01
  ├ simplex_iterations : 0
  ├ barrier_iterations : 0
  └ node_count         : 0


Termination Status: OPTIMAL
Acceptable solution found (Status: OPTIMAL).
Step-6: record datas
PART1: [unit-commitment] calculation result has been saved to: D:\GithubClonefiles\module_unitcommitment\.worktrees\108_168h\output\pcm_com4_loadall_h168_20260823_210543\base\clu_ovl\r01\output/details_schedule_results/pcm_simulation_results/intervels_[1]/res_schedule_commitment_result.txt
PART1: [unit-commitment] calculation result has been saved to: D:\GithubClonefiles\module_unitcommitment\.worktrees\108_168h\output\pcm_com4_loadall_h168_20260823_210543\base\clu_ovl\r01\output/details_schedule_results/pcm_simulation_results/intervels_[1]/res_schedule_commitment_result.txt
Step-3: Creating dispatching model (Refactored & Modularized)
  Clustered PCM: 108 physical units -> 31 equivalent units (71.3% state reduction; 108 units in non-singleton clusters)
    5-point output grid is infeasible; retrying this window with 17 points
  Clustered PCM: 108 physical units -> 31 equivalent units (71.3% state reduction; 108 units in non-singleton clusters)
    Refined output grid is infeasible; entering continuous residence-power diagnosis
  Clustered PCM: 108 physical units -> 31 equivalent units (71.3% state reduction; 108 units in non-singleton clusters)
  ⚠ True clustered UC failed at cluster_master: INFEASIBLE; falling back to full unit-network SCUC
	 Variables defined.
DEBUG set_objective_economic!: NT=31, NG=108, ND=91, NW=20, NS=1, K=3, size(refcost)=(108,), size(eachslope)=(3, 108)
objective_function
	MILP economic objective set
subject to.
	 constraints: 1) minimum shutup/shutdown time limits			 done
	 constraints: 2) binary variable logic					 done
	 constraints: 3) shutup/shutdown cost					 done
	 constraints: 4) loadcurtailments and spoliedwinds			 done
	 constraints: 5) generatos power limits					 done
	 constraints: 6) system reserves limits					 done
	 constraints: 7) power balance constraints				 done
	 constraints: 8) ramp-up/ramp-down constraints				 done
	 constraints: 9) piece linearization constraints			 done
	 constraints: 10) transmissionline limits skipped (is_NetWorkCon != 1 or Gsdf missing or NL=0)
	 constraints: 11) stroges system constraints skipped (NC=0 or variables not defined)
	 constraints: 12) data centra constraints skipped (is_ConsiderDataCentra != 1)
	 constraints: 13) frequency control constraints skipped (is_ConsiderFrequencyControl != 1)
	 constraints: 14) hydro power limits					 done
+++++++++++++++++++++++++++++++++++++++++++++++++++++++++++++++++++++++++++++++++++++++++++
Step-4: starting Gurobi solver
Step-5: Gurobi solver finished
+++++++++++++++++++++++++++++++++++++++++++++++++++++++++++++++++++++++++++++++++++++++++++

solution_summary(scuc) = solution_summary(; result = 1, verbose = false)
├ solver_name          : Gurobi
├ Termination
│ ├ termination_status : OPTIMAL
│ ├ result_count       : 2
│ ├ raw_status         : Model was solved to optimality (subject to tolerances), and an optimal solution is available.
│ └ objective_bound    : 2.60586e+16
├ Solution (result = 1)
│ ├ primal_status        : FEASIBLE_POINT
│ ├ dual_status          : NO_SOLUTION
│ ├ objective_value      : 2.60586e+16
│ └ relative_gap         : 5.11075e-10
└ Work counters
  ├ solve_time (sec)   : 5.26000e-01
  ├ simplex_iterations : 0
  ├ barrier_iterations : 0
  └ node_count         : 0


Termination Status: OPTIMAL
Acceptable solution found (Status: OPTIMAL).
Step-6: record datas
PART1: [unit-commitment] calculation result has been saved to: D:\GithubClonefiles\module_unitcommitment\.worktrees\108_168h\output\pcm_com4_loadall_h168_20260823_210543\base\clu_ovl\r01\output/details_schedule_results/pcm_simulation_results/intervels_[1]/res_schedule_commitment_result.txt
PART1: [unit-commitment] calculation result has been saved to: D:\GithubClonefiles\module_unitcommitment\.worktrees\108_168h\output\pcm_com4_loadall_h168_20260823_210543\base\clu_ovl\r01\output/details_schedule_results/pcm_simulation_results/intervels_[1]/res_schedule_commitment_result.txt
PART1: [unit-commitment] calculation result has been saved to: D:\GithubClonefiles\module_unitcommitment\.worktrees\108_168h\output\pcm_com4_loadall_h168_20260823_210543\base\clu_ovl\r01\output/details_schedule_results/pcm_simulation_results/intervels_[1]/res_schedule_commitment_result.txt
Step-3: Creating dispatching model (Refactored & Modularized)
  Clustered PCM: 108 physical units -> 31 equivalent units (71.3% state reduction; 108 units in non-singleton clusters)
    5-point output grid is infeasible; retrying this window with 17 points
  Clustered PCM: 108 physical units -> 31 equivalent units (71.3% state reduction; 108 units in non-singleton clusters)
    Refined output grid is infeasible; entering continuous residence-power diagnosis
  Clustered PCM: 108 physical units -> 31 equivalent units (71.3% state reduction; 108 units in non-singleton clusters)
  ⚠ True clustered UC failed at cluster_master: INFEASIBLE; falling back to full unit-network SCUC
	 Variables defined.
DEBUG set_objective_economic!: NT=36, NG=108, ND=91, NW=20, NS=1, K=3, size(refcost)=(108,), size(eachslope)=(3, 108)
objective_function
	MILP economic objective set
subject to.
	 constraints: 1) minimum shutup/shutdown time limits			 done
	 constraints: 2) binary variable logic					 done
	 constraints: 3) shutup/shutdown cost					 done
	 constraints: 4) loadcurtailments and spoliedwinds			 done
	 constraints: 5) generatos power limits					 done
	 constraints: 6) system reserves limits					 done
	 constraints: 7) power balance constraints				 done
	 constraints: 8) ramp-up/ramp-down constraints				 done
	 constraints: 9) piece linearization constraints			 done
	 constraints: 10) transmissionline limits skipped (is_NetWorkCon != 1 or Gsdf missing or NL=0)
	 constraints: 11) stroges system constraints skipped (NC=0 or variables not defined)
	 constraints: 12) data centra constraints skipped (is_ConsiderDataCentra != 1)
	 constraints: 13) frequency control constraints skipped (is_ConsiderFrequencyControl != 1)
	 constraints: 14) hydro power limits					 done
+++++++++++++++++++++++++++++++++++++++++++++++++++++++++++++++++++++++++++++++++++++++++++
Step-4: starting Gurobi solver
Step-5: Gurobi solver finished
+++++++++++++++++++++++++++++++++++++++++++++++++++++++++++++++++++++++++++++++++++++++++++

solution_summary(scuc) = solution_summary(; result = 1, verbose = false)
├ solver_name          : Gurobi
├ Termination
│ ├ termination_status : OPTIMAL
│ ├ result_count       : 3
│ ├ raw_status         : Model was solved to optimality (subject to tolerances), and an optimal solution is available.
│ └ objective_bound    : 9.07211e+15
├ Solution (result = 1)
│ ├ primal_status        : FEASIBLE_POINT
│ ├ dual_status          : NO_SOLUTION
│ ├ objective_value      : 9.07211e+15
│ └ relative_gap         : 2.82184e-14
└ Work counters
  ├ solve_time (sec)   : 2.10800e+00
  ├ simplex_iterations : 15143
  ├ barrier_iterations : 0
  └ node_count         : 1


Termination Status: OPTIMAL
Acceptable solution found (Status: OPTIMAL).
Step-6: record datas
PART1: [unit-commitment] calculation result has been saved to: D:\GithubClonefiles\module_unitcommitment\.worktrees\108_168h\output\pcm_com4_loadall_h168_20260823_210543\base\clu_ovl\r01\output/details_schedule_results/pcm_simulation_results/intervels_[1]/res_schedule_commitment_result.txt
Step-3: Creating dispatching model (Refactored & Modularized)
  Clustered PCM: 108 physical units -> 31 equivalent units (71.3% state reduction; 108 units in non-singleton clusters)
    5-point output grid is infeasible; retrying this window with 17 points
  Clustered PCM: 108 physical units -> 31 equivalent units (71.3% state reduction; 108 units in non-singleton clusters)
    Refined output grid is infeasible; entering continuous residence-power diagnosis
  Clustered PCM: 108 physical units -> 31 equivalent units (71.3% state reduction; 108 units in non-singleton clusters)
  ⚠ True clustered UC failed at cluster_master: INFEASIBLE; falling back to full unit-network SCUC
	 Variables defined.
DEBUG set_objective_economic!: NT=36, NG=108, ND=91, NW=20, NS=1, K=3, size(refcost)=(108,), size(eachslope)=(3, 108)
objective_function
	MILP economic objective set
subject to.
	 constraints: 1) minimum shutup/shutdown time limits			 done
	 constraints: 2) binary variable logic					 done
	 constraints: 3) shutup/shutdown cost					 done
	 constraints: 4) loadcurtailments and spoliedwinds			 done
	 constraints: 5) generatos power limits					 done
	 constraints: 6) system reserves limits					 done
	 constraints: 7) power balance constraints				 done
	 constraints: 8) ramp-up/ramp-down constraints				 done
	 constraints: 9) piece linearization constraints			 done
	 constraints: 10) transmissionline limits skipped (is_NetWorkCon != 1 or Gsdf missing or NL=0)
	 constraints: 11) stroges system constraints skipped (NC=0 or variables not defined)
	 constraints: 12) data centra constraints skipped (is_ConsiderDataCentra != 1)
	 constraints: 13) frequency control constraints skipped (is_ConsiderFrequencyControl != 1)
	 constraints: 14) hydro power limits					 done
+++++++++++++++++++++++++++++++++++++++++++++++++++++++++++++++++++++++++++++++++++++++++++
Step-4: starting Gurobi solver
Step-5: Gurobi solver finished
+++++++++++++++++++++++++++++++++++++++++++++++++++++++++++++++++++++++++++++++++++++++++++

solution_summary(scuc) = solution_summary(; result = 1, verbose = false)
├ solver_name          : Gurobi
├ Termination
│ ├ termination_status : OPTIMAL
│ ├ result_count       : 3
│ ├ raw_status         : Model was solved to optimality (subject to tolerances), and an optimal solution is available.
│ └ objective_bound    : 9.07211e+15
├ Solution (result = 1)
│ ├ primal_status        : FEASIBLE_POINT
│ ├ dual_status          : NO_SOLUTION
│ ├ objective_value      : 9.07211e+15
│ └ relative_gap         : 2.82184e-14
└ Work counters
  ├ solve_time (sec)   : 2.10300e+00
  ├ simplex_iterations : 15143
  ├ barrier_iterations : 0
  └ node_count         : 1


Termination Status: OPTIMAL
Acceptable solution found (Status: OPTIMAL).
Step-6: record datas
PART1: [unit-commitment] calculation result has been saved to: D:\GithubClonefiles\module_unitcommitment\.worktrees\108_168h\output\pcm_com4_loadall_h168_20260823_210543\base\clu_ovl\r01\output/details_schedule_results/pcm_simulation_results/intervels_[1]/res_schedule_commitment_result.txt
PART1: [unit-commitment] calculation result has been saved to: D:\GithubClonefiles\module_unitcommitment\.worktrees\108_168h\output\pcm_com4_loadall_h168_20260823_210543\base\clu_ovl\r01\output/details_schedule_results/pcm_simulation_results/intervels_[1]/res_schedule_commitment_result.txt
Step-3: Creating dispatching model (Refactored & Modularized)
  Clustered PCM: 108 physical units -> 31 equivalent units (71.3% state reduction; 108 units in non-singleton clusters)
    5-point output grid is infeasible; retrying this window with 17 points
  Clustered PCM: 108 physical units -> 31 equivalent units (71.3% state reduction; 108 units in non-singleton clusters)
    Refined output grid is infeasible; entering continuous residence-power diagnosis
  Clustered PCM: 108 physical units -> 31 equivalent units (71.3% state reduction; 108 units in non-singleton clusters)
  ⚠ True clustered UC failed at cluster_master: INFEASIBLE; falling back to full unit-network SCUC
	 Variables defined.
DEBUG set_objective_economic!: NT=26, NG=108, ND=91, NW=20, NS=1, K=3, size(refcost)=(108,), size(eachslope)=(3, 108)
objective_function
	MILP economic objective set
subject to.
	 constraints: 1) minimum shutup/shutdown time limits			 done
	 constraints: 2) binary variable logic					 done
	 constraints: 3) shutup/shutdown cost					 done
	 constraints: 4) loadcurtailments and spoliedwinds			 done
	 constraints: 5) generatos power limits					 done
	 constraints: 6) system reserves limits					 done
	 constraints: 7) power balance constraints				 done
	 constraints: 8) ramp-up/ramp-down constraints				 done
	 constraints: 9) piece linearization constraints			 done
	 constraints: 10) transmissionline limits skipped (is_NetWorkCon != 1 or Gsdf missing or NL=0)
	 constraints: 11) stroges system constraints skipped (NC=0 or variables not defined)
	 constraints: 12) data centra constraints skipped (is_ConsiderDataCentra != 1)
	 constraints: 13) frequency control constraints skipped (is_ConsiderFrequencyControl != 1)
	 constraints: 14) hydro power limits					 done
+++++++++++++++++++++++++++++++++++++++++++++++++++++++++++++++++++++++++++++++++++++++++++
Step-4: starting Gurobi solver
Step-5: Gurobi solver finished
+++++++++++++++++++++++++++++++++++++++++++++++++++++++++++++++++++++++++++++++++++++++++++

solution_summary(scuc) = solution_summary(; result = 1, verbose = false)
├ solver_name          : Gurobi
├ Termination
│ ├ termination_status : OPTIMAL
│ ├ result_count       : 3
│ ├ raw_status         : Model was solved to optimality (subject to tolerances), and an optimal solution is available.
│ └ objective_bound    : 9.07211e+15
├ Solution (result = 1)
│ ├ primal_status        : FEASIBLE_POINT
│ ├ dual_status          : NO_SOLUTION
│ ├ objective_value      : 9.07211e+15
│ └ relative_gap         : 1.33662e-09
└ Work counters
  ├ solve_time (sec)   : 5.49000e-01
  ├ simplex_iterations : 0
  ├ barrier_iterations : 0
  └ node_count         : 0


Termination Status: OPTIMAL
Acceptable solution found (Status: OPTIMAL).
Step-6: record datas
PART1: [unit-commitment] calculation result has been saved to: D:\GithubClonefiles\module_unitcommitment\.worktrees\108_168h\output\pcm_com4_loadall_h168_20260823_210543\base\clu_ovl\r01\output/details_schedule_results/pcm_simulation_results/intervels_[1]/res_schedule_commitment_result.txt
PART1: [unit-commitment] calculation result has been saved to: D:\GithubClonefiles\module_unitcommitment\.worktrees\108_168h\output\pcm_com4_loadall_h168_20260823_210543\base\clu_ovl\r01\output/details_schedule_results/pcm_simulation_results/intervels_[1]/res_schedule_commitment_result.txt
Step-3: Creating dispatching model (Refactored & Modularized)
  Clustered PCM: 108 physical units -> 31 equivalent units (71.3% state reduction; 108 units in non-singleton clusters)
    5-point output grid is infeasible; retrying this window with 17 points
  Clustered PCM: 108 physical units -> 31 equivalent units (71.3% state reduction; 108 units in non-singleton clusters)
    Refined output grid is infeasible; entering continuous residence-power diagnosis
  Clustered PCM: 108 physical units -> 31 equivalent units (71.3% state reduction; 108 units in non-singleton clusters)
  ⚠ True clustered UC failed at cluster_master: INFEASIBLE; falling back to full unit-network SCUC
	 Variables defined.
DEBUG set_objective_economic!: NT=31, NG=108, ND=91, NW=20, NS=1, K=3, size(refcost)=(108,), size(eachslope)=(3, 108)
objective_function
	MILP economic objective set
subject to.
	 constraints: 1) minimum shutup/shutdown time limits			 done
	 constraints: 2) binary variable logic					 done
	 constraints: 3) shutup/shutdown cost					 done
	 constraints: 4) loadcurtailments and spoliedwinds			 done
	 constraints: 5) generatos power limits					 done
	 constraints: 6) system reserves limits					 done
	 constraints: 7) power balance constraints				 done
	 constraints: 8) ramp-up/ramp-down constraints				 done
	 constraints: 9) piece linearization constraints			 done
	 constraints: 10) transmissionline limits skipped (is_NetWorkCon != 1 or Gsdf missing or NL=0)
	 constraints: 11) stroges system constraints skipped (NC=0 or variables not defined)
	 constraints: 12) data centra constraints skipped (is_ConsiderDataCentra != 1)
	 constraints: 13) frequency control constraints skipped (is_ConsiderFrequencyControl != 1)
	 constraints: 14) hydro power limits					 done
+++++++++++++++++++++++++++++++++++++++++++++++++++++++++++++++++++++++++++++++++++++++++++
Step-4: starting Gurobi solver
Step-5: Gurobi solver finished
+++++++++++++++++++++++++++++++++++++++++++++++++++++++++++++++++++++++++++++++++++++++++++

solution_summary(scuc) = solution_summary(; result = 1, verbose = false)
├ solver_name          : Gurobi
├ Termination
│ ├ termination_status : OPTIMAL
│ ├ result_count       : 4
│ ├ raw_status         : Model was solved to optimality (subject to tolerances), and an optimal solution is available.
│ └ objective_bound    : 9.07211e+15
├ Solution (result = 1)
│ ├ primal_status        : FEASIBLE_POINT
│ ├ dual_status          : NO_SOLUTION
│ ├ objective_value      : 9.07211e+15
│ └ relative_gap         : 2.62343e-14
└ Work counters
  ├ solve_time (sec)   : 1.64100e+00
  ├ simplex_iterations : 7239
  ├ barrier_iterations : 0
  └ node_count         : 1


Termination Status: OPTIMAL
Acceptable solution found (Status: OPTIMAL).
Step-6: record datas
Set parameter Username
Set parameter LicenseID to value 2826524
Academic license - for non-commercial use only - expires 2027-05-22
Set parameter Username
Set parameter LicenseID to value 2826524
Academic license - for non-commercial use only - expires 2027-05-22
Set parameter Username
Set parameter LicenseID to value 2826524
Academic license - for non-commercial use only - expires 2027-05-22
Set parameter Username
Set parameter LicenseID to value 2826524
Academic license - for non-commercial use only - expires 2027-05-22
Set parameter Username
Set parameter LicenseID to value 2826524
Academic license - for non-commercial use only - expires 2027-05-22
Set parameter Username
Set parameter LicenseID to value 2826524
Academic license - for non-commercial use only - expires 2027-05-22
Set parameter Username
Set parameter LicenseID to value 2826524
Academic license - for non-commercial use only - expires 2027-05-22
Set parameter Username
Set parameter LicenseID to value 2826524
Academic license - for non-commercial use only - expires 2027-05-22
Set parameter Username
Set parameter LicenseID to value 2826524
Academic license - for non-commercial use only - expires 2027-05-22
Set parameter Username
Set parameter LicenseID to value 2826524
Academic license - for non-commercial use only - expires 2027-05-22
Set parameter Username
Set parameter LicenseID to value 2826524
Academic license - for non-commercial use only - expires 2027-05-22
Set parameter Username
Set parameter LicenseID to value 2826524
Academic license - for non-commercial use only - expires 2027-05-22
Set parameter Username
Set parameter LicenseID to value 2826524
Academic license - for non-commercial use only - expires 2027-05-22
Set parameter Username
Set parameter LicenseID to value 2826524
Academic license - for non-commercial use only - expires 2027-05-22
Set parameter Username
Set parameter LicenseID to value 2826524
Academic license - for non-commercial use only - expires 2027-05-22
Set parameter Username
Set parameter LicenseID to value 2826524
Academic license - for non-commercial use only - expires 2027-05-22
Set parameter Username
Set parameter LicenseID to value 2826524
Academic license - for non-commercial use only - expires 2027-05-22
Set parameter Username
Set parameter LicenseID to value 2826524
Academic license - for non-commercial use only - expires 2027-05-22
Set parameter Username
Set parameter LicenseID to value 2826524
Academic license - for non-commercial use only - expires 2027-05-22
Set parameter Username
Set parameter LicenseID to value 2826524
Academic license - for non-commercial use only - expires 2027-05-22
Set parameter Username
Set parameter LicenseID to value 2826524
Academic license - for non-commercial use only - expires 2027-05-22
Set parameter Username
Set parameter LicenseID to value 2826524
Academic license - for non-commercial use only - expires 2027-05-22
Set parameter Username
Set parameter LicenseID to value 2826524
Academic license - for non-commercial use only - expires 2027-05-22
Set parameter Username
Set parameter LicenseID to value 2826524
Academic license - for non-commercial use only - expires 2027-05-22
Set parameter Username
Set parameter LicenseID to value 2826524
Academic license - for non-commercial use only - expires 2027-05-22
Set parameter Username
Set parameter LicenseID to value 2826524
Academic license - for non-commercial use only - expires 2027-05-22
Set parameter Username
Set parameter LicenseID to value 2826524
Academic license - for non-commercial use only - expires 2027-05-22
Set parameter Username
Set parameter LicenseID to value 2826524
Academic license - for non-commercial use only - expires 2027-05-22
Set parameter Username
Set parameter LicenseID to value 2826524
Academic license - for non-commercial use only - expires 2027-05-22
Set parameter Username
Set parameter LicenseID to value 2826524
Academic license - for non-commercial use only - expires 2027-05-22
Set parameter Username
Set parameter LicenseID to value 2826524
Academic license - for non-commercial use only - expires 2027-05-22
Set parameter Username
Set parameter LicenseID to value 2826524
Academic license - for non-commercial use only - expires 2027-05-22
Set parameter Username
Set parameter LicenseID to value 2826524
Academic license - for non-commercial use only - expires 2027-05-22
Set parameter Username
Set parameter LicenseID to value 2826524
Academic license - for non-commercial use only - expires 2027-05-22
Set parameter Username
Set parameter LicenseID to value 2826524
Academic license - for non-commercial use only - expires 2027-05-22
Set parameter Username
Set parameter LicenseID to value 2826524
Academic license - for non-commercial use only - expires 2027-05-22
Set parameter Username
Set parameter LicenseID to value 2826524
Academic license - for non-commercial use only - expires 2027-05-22
Set parameter Username
Set parameter LicenseID to value 2826524
Academic license - for non-commercial use only - expires 2027-05-22
Set parameter Username
Set parameter LicenseID to value 2826524
Academic license - for non-commercial use only - expires 2027-05-22
Set parameter Username
Set parameter LicenseID to value 2826524
Academic license - for non-commercial use only - expires 2027-05-22
Set parameter Username
Set parameter LicenseID to value 2826524
Academic license - for non-commercial use only - expires 2027-05-22
Set parameter Username
Set parameter LicenseID to value 2826524
Academic license - for non-commercial use only - expires 2027-05-22
Set parameter Username
Set parameter LicenseID to value 2826524
Academic license - for non-commercial use only - expires 2027-05-22
Set parameter Username
Set parameter LicenseID to value 2826524
Academic license - for non-commercial use only - expires 2027-05-22
Set parameter Username
Set parameter LicenseID to value 2826524
Academic license - for non-commercial use only - expires 2027-05-22
Set parameter Username
Set parameter LicenseID to value 2826524
Academic license - for non-commercial use only - expires 2027-05-22
Set parameter Username
Set parameter LicenseID to value 2826524
Academic license - for non-commercial use only - expires 2027-05-22
Set parameter Username
Set parameter LicenseID to value 2826524
Academic license - for non-commercial use only - expires 2027-05-22
Set parameter Username
Set parameter LicenseID to value 2826524
Academic license - for non-commercial use only - expires 2027-05-22
Set parameter Username
Set parameter LicenseID to value 2826524
Academic license - for non-commercial use only - expires 2027-05-22
Set parameter Username
Set parameter LicenseID to value 2826524
Academic license - for non-commercial use only - expires 2027-05-22
Set parameter Username
Set parameter LicenseID to value 2826524
Academic license - for non-commercial use only - expires 2027-05-22
Set parameter Username
Set parameter LicenseID to value 2826524
Academic license - for non-commercial use only - expires 2027-05-22
Set parameter Username
Set parameter LicenseID to value 2826524
Academic license - for non-commercial use only - expires 2027-05-22
Set parameter Username
Set parameter LicenseID to value 2826524
Academic license - for non-commercial use only - expires 2027-05-22
Set parameter Username
Set parameter LicenseID to value 2826524
Academic license - for non-commercial use only - expires 2027-05-22
Set parameter Username
Set parameter LicenseID to value 2826524
Academic license - for non-commercial use only - expires 2027-05-22
Set parameter Username
Set parameter LicenseID to value 2826524
Academic license - for non-commercial use only - expires 2027-05-22
Set parameter Username
Set parameter LicenseID to value 2826524
Academic license - for non-commercial use only - expires 2027-05-22
Set parameter Username
Set parameter LicenseID to value 2826524
Academic license - for non-commercial use only - expires 2027-05-22
Set parameter Username
Set parameter LicenseID to value 2826524
Academic license - for non-commercial use only - expires 2027-05-22
Set parameter Username
Set parameter LicenseID to value 2826524
Academic license - for non-commercial use only - expires 2027-05-22
Set parameter Username
Set parameter LicenseID to value 2826524
Academic license - for non-commercial use only - expires 2027-05-22
Set parameter Username
Set parameter LicenseID to value 2826524
Academic license - for non-commercial use only - expires 2027-05-22
Set parameter Username
Set parameter LicenseID to value 2826524
Academic license - for non-commercial use only - expires 2027-05-22
Set parameter Username
Set parameter LicenseID to value 2826524
Academic license - for non-commercial use only - expires 2027-05-22
Set parameter Username
Set parameter LicenseID to value 2826524
Academic license - for non-commercial use only - expires 2027-05-22
Set parameter Username
Set parameter LicenseID to value 2826524
Academic license - for non-commercial use only - expires 2027-05-22
Set parameter Username
Set parameter LicenseID to value 2826524
Academic license - for non-commercial use only - expires 2027-05-22
Set parameter Username
Set parameter LicenseID to value 2826524
Academic license - for non-commercial use only - expires 2027-05-22
Set parameter Username
Set parameter LicenseID to value 2826524
Academic license - for non-commercial use only - expires 2027-05-22
Set parameter Username
Set parameter LicenseID to value 2826524
Academic license - for non-commercial use only - expires 2027-05-22
Set parameter Username
Set parameter LicenseID to value 2826524
Academic license - for non-commercial use only - expires 2027-05-22
Set parameter Username
Set parameter LicenseID to value 2826524
Academic license - for non-commercial use only - expires 2027-05-22
Set parameter Username
Set parameter LicenseID to value 2826524
Academic license - for non-commercial use only - expires 2027-05-22
Set parameter Username
Set parameter LicenseID to value 2826524
Academic license - for non-commercial use only - expires 2027-05-22
Set parameter Username
Set parameter LicenseID to value 2826524
Academic license - for non-commercial use only - expires 2027-05-22
Set parameter Username
Set parameter LicenseID to value 2826524
Academic license - for non-commercial use only - expires 2027-05-22
Set parameter Username
Set parameter LicenseID to value 2826524
Academic license - for non-commercial use only - expires 2027-05-22
Set parameter Username
Set parameter LicenseID to value 2826524
Academic license - for non-commercial use only - expires 2027-05-22
Set parameter Username
Set parameter LicenseID to value 2826524
Academic license - for non-commercial use only - expires 2027-05-22
Set parameter Username
Set parameter LicenseID to value 2826524
Academic license - for non-commercial use only - expires 2027-05-22
Set parameter Username
Set parameter LicenseID to value 2826524
Academic license - for non-commercial use only - expires 2027-05-22
Set parameter Username
Set parameter LicenseID to value 2826524
Academic license - for non-commercial use only - expires 2027-05-22
Set parameter Username
Set parameter LicenseID to value 2826524
Academic license - for non-commercial use only - expires 2027-05-22
Set parameter Username
Set parameter LicenseID to value 2826524
Academic license - for non-commercial use only - expires 2027-05-22
Set parameter Username
Set parameter LicenseID to value 2826524
Academic license - for non-commercial use only - expires 2027-05-22
Set parameter Username
Set parameter LicenseID to value 2826524
Academic license - for non-commercial use only - expires 2027-05-22
Set parameter Username
Set parameter LicenseID to value 2826524
Academic license - for non-commercial use only - expires 2027-05-22
Set parameter Username
Set parameter LicenseID to value 2826524
Academic license - for non-commercial use only - expires 2027-05-22
Set parameter Username
Set parameter LicenseID to value 2826524
Academic license - for non-commercial use only - expires 2027-05-22
Set parameter Username
Set parameter LicenseID to value 2826524
Academic license - for non-commercial use only - expires 2027-05-22
Set parameter Username
Set parameter LicenseID to value 2826524
Academic license - for non-commercial use only - expires 2027-05-22
Set parameter Username
Set parameter LicenseID to value 2826524
Academic license - for non-commercial use only - expires 2027-05-22
Set parameter Username
Set parameter LicenseID to value 2826524
Academic license - for non-commercial use only - expires 2027-05-22
Set parameter Username
Set parameter LicenseID to value 2826524
Academic license - for non-commercial use only - expires 2027-05-22
Set parameter Username
Set parameter LicenseID to value 2826524
Academic license - for non-commercial use only - expires 2027-05-22
Set parameter Username
Set parameter LicenseID to value 2826524
Academic license - for non-commercial use only - expires 2027-05-22
Set parameter Username
Set parameter LicenseID to value 2826524
Academic license - for non-commercial use only - expires 2027-05-22
Set parameter Username
Set parameter LicenseID to value 2826524
Academic license - for non-commercial use only - expires 2027-05-22
Set parameter Username
Set parameter LicenseID to value 2826524
Academic license - for non-commercial use only - expires 2027-05-22
Set parameter Username
Set parameter LicenseID to value 2826524
Academic license - for non-commercial use only - expires 2027-05-22
Set parameter Username
Set parameter LicenseID to value 2826524
Academic license - for non-commercial use only - expires 2027-05-22
Set parameter Username
Set parameter LicenseID to value 2826524
Academic license - for non-commercial use only - expires 2027-05-22
Set parameter Username
Set parameter LicenseID to value 2826524
Academic license - for non-commercial use only - expires 2027-05-22
Set parameter Username
Set parameter LicenseID to value 2826524
Academic license - for non-commercial use only - expires 2027-05-22
Set parameter Username
Set parameter LicenseID to value 2826524
Academic license - for non-commercial use only - expires 2027-05-22
Set parameter Username
Set parameter LicenseID to value 2826524
Academic license - for non-commercial use only - expires 2027-05-22
Set parameter Username
Set parameter LicenseID to value 2826524
Academic license - for non-commercial use only - expires 2027-05-22
Set parameter Username
Set parameter LicenseID to value 2826524
Academic license - for non-commercial use only - expires 2027-05-22
Set parameter Username
Set parameter LicenseID to value 2826524
Academic license - for non-commercial use only - expires 2027-05-22
Set parameter Username
Set parameter LicenseID to value 2826524
Academic license - for non-commercial use only - expires 2027-05-22
Set parameter Username
Set parameter LicenseID to value 2826524
Academic license - for non-commercial use only - expires 2027-05-22
Set parameter Username
Set parameter LicenseID to value 2826524
Academic license - for non-commercial use only - expires 2027-05-22
Set parameter Username
Set parameter LicenseID to value 2826524
Academic license - for non-commercial use only - expires 2027-05-22
Set parameter Username
Set parameter LicenseID to value 2826524
Academic license - for non-commercial use only - expires 2027-05-22
Set parameter Username
Set parameter LicenseID to value 2826524
Academic license - for non-commercial use only - expires 2027-05-22
Set parameter Username
Set parameter LicenseID to value 2826524
Academic license - for non-commercial use only - expires 2027-05-22
Set parameter Username
Set parameter LicenseID to value 2826524
Academic license - for non-commercial use only - expires 2027-05-22
Set parameter Username
Set parameter LicenseID to value 2826524
Academic license - for non-commercial use only - expires 2027-05-22
Set parameter Username
Set parameter LicenseID to value 2826524
Academic license - for non-commercial use only - expires 2027-05-22
Set parameter Username
Set parameter LicenseID to value 2826524
Academic license - for non-commercial use only - expires 2027-05-22
Set parameter Username
Set parameter LicenseID to value 2826524
Academic license - for non-commercial use only - expires 2027-05-22
Set parameter Username
Set parameter LicenseID to value 2826524
Academic license - for non-commercial use only - expires 2027-05-22
Set parameter Username
Set parameter LicenseID to value 2826524
Academic license - for non-commercial use only - expires 2027-05-22
Set parameter Username
Set parameter LicenseID to value 2826524
Academic license - for non-commercial use only - expires 2027-05-22
Set parameter Username
Set parameter LicenseID to value 2826524
Academic license - for non-commercial use only - expires 2027-05-22
PART1: [unit-commitment] calculation result has been saved to: D:\GithubClonefiles\module_unitcommitment\.worktrees\108_168h\output\pcm_com4_loadall_h168_20260823_210543\base\clu_ovl\r01\output/details_schedule_results/pcm_simulation_results/intervels_[1]/res_schedule_commitment_result.txt
PART1: [unit-commitment] calculation result has been saved to: D:\GithubClonefiles\module_unitcommitment\.worktrees\108_168h\output\pcm_com4_loadall_h168_20260823_210543\base\clu_ovl\r01\output/details_schedule_results/pcm_simulation_results/intervels_[1]/res_schedule_commitment_result.txt
PART1: [unit-commitment] calculation result has been saved to: D:\GithubClonefiles\module_unitcommitment\.worktrees\108_168h\output\pcm_com4_loadall_h168_20260823_210543\base\clu_ovl\r01\output/details_schedule_results/pcm_simulation_results/intervels_[1]/res_schedule_commitment_result.txt
Step-3: Creating dispatching model (Refactored & Modularized)
  Clustered PCM: 108 physical units -> 31 equivalent units (71.3% state reduction; 108 units in non-singleton clusters)
    5-point output grid is infeasible; retrying this window with 17 points
  Clustered PCM: 108 physical units -> 31 equivalent units (71.3% state reduction; 108 units in non-singleton clusters)
    Refined output grid is infeasible; entering continuous residence-power diagnosis
  Clustered PCM: 108 physical units -> 31 equivalent units (71.3% state reduction; 108 units in non-singleton clusters)
  ⚠ True clustered UC failed at cluster_master: INFEASIBLE; falling back to full unit-network SCUC
	 Variables defined.
DEBUG set_objective_economic!: NT=36, NG=108, ND=91, NW=20, NS=1, K=3, size(refcost)=(108,), size(eachslope)=(3, 108)
objective_function
	MILP economic objective set
subject to.
	 constraints: 1) minimum shutup/shutdown time limits			 done
	 constraints: 2) binary variable logic					 done
	 constraints: 3) shutup/shutdown cost					 done
	 constraints: 4) loadcurtailments and spoliedwinds			 done
	 constraints: 5) generatos power limits					 done
	 constraints: 6) system reserves limits					 done
	 constraints: 7) power balance constraints				 done
	 constraints: 8) ramp-up/ramp-down constraints				 done
	 constraints: 9) piece linearization constraints			 done
	 constraints: 10) transmissionline limits skipped (is_NetWorkCon != 1 or Gsdf missing or NL=0)
	 constraints: 11) stroges system constraints skipped (NC=0 or variables not defined)
	 constraints: 12) data centra constraints skipped (is_ConsiderDataCentra != 1)
	 constraints: 13) frequency control constraints skipped (is_ConsiderFrequencyControl != 1)
	 constraints: 14) hydro power limits					 done
+++++++++++++++++++++++++++++++++++++++++++++++++++++++++++++++++++++++++++++++++++++++++++
Step-4: starting Gurobi solver
Step-5: Gurobi solver finished
+++++++++++++++++++++++++++++++++++++++++++++++++++++++++++++++++++++++++++++++++++++++++++

solution_summary(scuc) = solution_summary(; result = 1, verbose = false)
├ solver_name          : Gurobi
├ Termination
│ ├ termination_status : OPTIMAL
│ ├ result_count       : 3
│ ├ raw_status         : Model was solved to optimality (subject to tolerances), and an optimal solution is available.
│ └ objective_bound    : 1.31167e+16
├ Solution (result = 1)
│ ├ primal_status        : FEASIBLE_POINT
│ ├ dual_status          : NO_SOLUTION
│ ├ objective_value      : 1.31167e+16
│ └ relative_gap         : 2.62943e-10
└ Work counters
  ├ solve_time (sec)   : 2.45100e+00
  ├ simplex_iterations : 14742
  ├ barrier_iterations : 0
  └ node_count         : 1


Termination Status: OPTIMAL
Acceptable solution found (Status: OPTIMAL).
Step-6: record datas
PART1: [unit-commitment] calculation result has been saved to: D:\GithubClonefiles\module_unitcommitment\.worktrees\108_168h\output\pcm_com4_loadall_h168_20260823_210543\base\clu_ovl\r01\output/details_schedule_results/pcm_simulation_results/intervels_[1]/res_schedule_commitment_result.txt
Step-3: Creating dispatching model (Refactored & Modularized)
  Clustered PCM: 108 physical units -> 31 equivalent units (71.3% state reduction; 108 units in non-singleton clusters)
    5-point output grid is infeasible; retrying this window with 17 points
  Clustered PCM: 108 physical units -> 31 equivalent units (71.3% state reduction; 108 units in non-singleton clusters)
    Refined output grid is infeasible; entering continuous residence-power diagnosis
  Clustered PCM: 108 physical units -> 31 equivalent units (71.3% state reduction; 108 units in non-singleton clusters)
  ⚠ True clustered UC failed at cluster_master: INFEASIBLE; falling back to full unit-network SCUC
	 Variables defined.
DEBUG set_objective_economic!: NT=36, NG=108, ND=91, NW=20, NS=1, K=3, size(refcost)=(108,), size(eachslope)=(3, 108)
objective_function
	MILP economic objective set
subject to.
	 constraints: 1) minimum shutup/shutdown time limits			 done
	 constraints: 2) binary variable logic					 done
	 constraints: 3) shutup/shutdown cost					 done
	 constraints: 4) loadcurtailments and spoliedwinds			 done
	 constraints: 5) generatos power limits					 done
	 constraints: 6) system reserves limits					 done
	 constraints: 7) power balance constraints				 done
	 constraints: 8) ramp-up/ramp-down constraints				 done
	 constraints: 9) piece linearization constraints			 done
	 constraints: 10) transmissionline limits skipped (is_NetWorkCon != 1 or Gsdf missing or NL=0)
	 constraints: 11) stroges system constraints skipped (NC=0 or variables not defined)
	 constraints: 12) data centra constraints skipped (is_ConsiderDataCentra != 1)
	 constraints: 13) frequency control constraints skipped (is_ConsiderFrequencyControl != 1)
	 constraints: 14) hydro power limits					 done
+++++++++++++++++++++++++++++++++++++++++++++++++++++++++++++++++++++++++++++++++++++++++++
Step-4: starting Gurobi solver
Step-5: Gurobi solver finished
+++++++++++++++++++++++++++++++++++++++++++++++++++++++++++++++++++++++++++++++++++++++++++

solution_summary(scuc) = solution_summary(; result = 1, verbose = false)
├ solver_name          : Gurobi
├ Termination
│ ├ termination_status : OPTIMAL
│ ├ result_count       : 3
│ ├ raw_status         : Model was solved to optimality (subject to tolerances), and an optimal solution is available.
│ └ objective_bound    : 1.31167e+16
├ Solution (result = 1)
│ ├ primal_status        : FEASIBLE_POINT
│ ├ dual_status          : NO_SOLUTION
│ ├ objective_value      : 1.31167e+16
│ └ relative_gap         : 2.62943e-10
└ Work counters
  ├ solve_time (sec)   : 2.37500e+00
  ├ simplex_iterations : 14742
  ├ barrier_iterations : 0
  └ node_count         : 1


Termination Status: OPTIMAL
Acceptable solution found (Status: OPTIMAL).
Step-6: record datas
PART1: [unit-commitment] calculation result has been saved to: D:\GithubClonefiles\module_unitcommitment\.worktrees\108_168h\output\pcm_com4_loadall_h168_20260823_210543\base\clu_ovl\r01\output/details_schedule_results/pcm_simulation_results/intervels_[1]/res_schedule_commitment_result.txt
PART1: [unit-commitment] calculation result has been saved to: D:\GithubClonefiles\module_unitcommitment\.worktrees\108_168h\output\pcm_com4_loadall_h168_20260823_210543\base\clu_ovl\r01\output/details_schedule_results/pcm_simulation_results/intervels_[1]/res_schedule_commitment_result.txt
Step-3: Creating dispatching model (Refactored & Modularized)
  Clustered PCM: 108 physical units -> 31 equivalent units (71.3% state reduction; 108 units in non-singleton clusters)
    5-point output grid is infeasible; retrying this window with 17 points
  Clustered PCM: 108 physical units -> 31 equivalent units (71.3% state reduction; 108 units in non-singleton clusters)
    Refined output grid is infeasible; entering continuous residence-power diagnosis
  Clustered PCM: 108 physical units -> 31 equivalent units (71.3% state reduction; 108 units in non-singleton clusters)
  ⚠ True clustered UC failed at cluster_master: INFEASIBLE; falling back to full unit-network SCUC
	 Variables defined.
DEBUG set_objective_economic!: NT=26, NG=108, ND=91, NW=20, NS=1, K=3, size(refcost)=(108,), size(eachslope)=(3, 108)
objective_function
	MILP economic objective set
subject to.
	 constraints: 1) minimum shutup/shutdown time limits			 done
	 constraints: 2) binary variable logic					 done
	 constraints: 3) shutup/shutdown cost					 done
	 constraints: 4) loadcurtailments and spoliedwinds			 done
	 constraints: 5) generatos power limits					 done
	 constraints: 6) system reserves limits					 done
	 constraints: 7) power balance constraints				 done
	 constraints: 8) ramp-up/ramp-down constraints				 done
	 constraints: 9) piece linearization constraints			 done
	 constraints: 10) transmissionline limits skipped (is_NetWorkCon != 1 or Gsdf missing or NL=0)
	 constraints: 11) stroges system constraints skipped (NC=0 or variables not defined)
	 constraints: 12) data centra constraints skipped (is_ConsiderDataCentra != 1)
	 constraints: 13) frequency control constraints skipped (is_ConsiderFrequencyControl != 1)
	 constraints: 14) hydro power limits					 done
+++++++++++++++++++++++++++++++++++++++++++++++++++++++++++++++++++++++++++++++++++++++++++
Step-4: starting Gurobi solver
Step-5: Gurobi solver finished
+++++++++++++++++++++++++++++++++++++++++++++++++++++++++++++++++++++++++++++++++++++++++++

solution_summary(scuc) = solution_summary(; result = 1, verbose = false)
├ solver_name          : Gurobi
├ Termination
│ ├ termination_status : OPTIMAL
│ ├ result_count       : 3
│ ├ raw_status         : Model was solved to optimality (subject to tolerances), and an optimal solution is available.
│ └ objective_bound    : 1.31167e+16
├ Solution (result = 1)
│ ├ primal_status        : FEASIBLE_POINT
│ ├ dual_status          : NO_SOLUTION
│ ├ objective_value      : 1.31167e+16
│ └ relative_gap         : 9.39213e-10
└ Work counters
  ├ solve_time (sec)   : 5.63000e-01
  ├ simplex_iterations : 0
  ├ barrier_iterations : 0
  └ node_count         : 0


Termination Status: OPTIMAL
Acceptable solution found (Status: OPTIMAL).
Step-6: record datas
PART1: [unit-commitment] calculation result has been saved to: D:\GithubClonefiles\module_unitcommitment\.worktrees\108_168h\output\pcm_com4_loadall_h168_20260823_210543\base\clu_ovl\r01\output/details_schedule_results/pcm_simulation_results/intervels_[1]/res_schedule_commitment_result.txt
PART1: [unit-commitment] calculation result has been saved to: D:\GithubClonefiles\module_unitcommitment\.worktrees\108_168h\output\pcm_com4_loadall_h168_20260823_210543\base\clu_ovl\r01\output/details_schedule_results/pcm_simulation_results/intervels_[1]/res_schedule_commitment_result.txt
Step-3: Creating dispatching model (Refactored & Modularized)
  Clustered PCM: 108 physical units -> 31 equivalent units (71.3% state reduction; 108 units in non-singleton clusters)
    5-point output grid is infeasible; retrying this window with 17 points
  Clustered PCM: 108 physical units -> 31 equivalent units (71.3% state reduction; 108 units in non-singleton clusters)
    Refined output grid is infeasible; entering continuous residence-power diagnosis
  Clustered PCM: 108 physical units -> 31 equivalent units (71.3% state reduction; 108 units in non-singleton clusters)
  ⚠ True clustered UC failed at cluster_master: INFEASIBLE; falling back to full unit-network SCUC
	 Variables defined.
DEBUG set_objective_economic!: NT=31, NG=108, ND=91, NW=20, NS=1, K=3, size(refcost)=(108,), size(eachslope)=(3, 108)
objective_function
	MILP economic objective set
subject to.
	 constraints: 1) minimum shutup/shutdown time limits			 done
	 constraints: 2) binary variable logic					 done
	 constraints: 3) shutup/shutdown cost					 done
	 constraints: 4) loadcurtailments and spoliedwinds			 done
	 constraints: 5) generatos power limits					 done
	 constraints: 6) system reserves limits					 done
	 constraints: 7) power balance constraints				 done
	 constraints: 8) ramp-up/ramp-down constraints				 done
	 constraints: 9) piece linearization constraints			 done
	 constraints: 10) transmissionline limits skipped (is_NetWorkCon != 1 or Gsdf missing or NL=0)
	 constraints: 11) stroges system constraints skipped (NC=0 or variables not defined)
	 constraints: 12) data centra constraints skipped (is_ConsiderDataCentra != 1)
	 constraints: 13) frequency control constraints skipped (is_ConsiderFrequencyControl != 1)
	 constraints: 14) hydro power limits					 done
+++++++++++++++++++++++++++++++++++++++++++++++++++++++++++++++++++++++++++++++++++++++++++
Step-4: starting Gurobi solver
Step-5: Gurobi solver finished
+++++++++++++++++++++++++++++++++++++++++++++++++++++++++++++++++++++++++++++++++++++++++++

solution_summary(scuc) = solution_summary(; result = 1, verbose = false)
├ solver_name          : Gurobi
├ Termination
│ ├ termination_status : OPTIMAL
│ ├ result_count       : 4
│ ├ raw_status         : Model was solved to optimality (subject to tolerances), and an optimal solution is available.
│ └ objective_bound    : 1.31167e+16
├ Solution (result = 1)
│ ├ primal_status        : FEASIBLE_POINT
│ ├ dual_status          : NO_SOLUTION
│ ├ objective_value      : 1.31167e+16
│ └ relative_gap         : 1.26925e-09
└ Work counters
  ├ solve_time (sec)   : 1.19000e+00
  ├ simplex_iterations : 7080
  ├ barrier_iterations : 0
  └ node_count         : 1


Termination Status: OPTIMAL
Acceptable solution found (Status: OPTIMAL).
Step-6: record datas
PART1: [unit-commitment] calculation result has been saved to: D:\GithubClonefiles\module_unitcommitment\.worktrees\108_168h\output\pcm_com4_loadall_h168_20260823_210543\base\clu_ovl\r01\output/details_schedule_results/pcm_simulation_results/intervels_[1]/res_schedule_commitment_result.txt
PART1: [unit-commitment] calculation result has been saved to: D:\GithubClonefiles\module_unitcommitment\.worktrees\108_168h\output\pcm_com4_loadall_h168_20260823_210543\base\clu_ovl\r01\output/details_schedule_results/pcm_simulation_results/intervels_[1]/res_schedule_commitment_result.txt
PART1: [unit-commitment] calculation result has been saved to: D:\GithubClonefiles\module_unitcommitment\.worktrees\108_168h\output\pcm_com4_loadall_h168_20260823_210543\base\clu_ovl\r01\output/details_schedule_results/pcm_simulation_results/intervels_[1]/res_schedule_commitment_result.txt
Step-3: Creating dispatching model (Refactored & Modularized)
  Clustered PCM: 108 physical units -> 31 equivalent units (71.3% state reduction; 108 units in non-singleton clusters)
  ✓ True clustered UC completed (31 virtual units)
Step-3: Creating dispatching model (Refactored & Modularized)
  Clustered PCM: 108 physical units -> 31 equivalent units (71.3% state reduction; 108 units in non-singleton clusters)
  ✓ True clustered UC completed (31 virtual units)
PART1: [unit-commitment] calculation result has been saved to: D:\GithubClonefiles\module_unitcommitment\.worktrees\108_168h\output\pcm_com4_loadall_h168_20260823_210543\base\clu_ovl\r01\output/details_schedule_results/pcm_simulation_results/intervels_[1]/res_schedule_commitment_result.txt
Step-3: Creating dispatching model (Refactored & Modularized)
  Clustered PCM: 108 physical units -> 31 equivalent units (71.3% state reduction; 108 units in non-singleton clusters)
  ✓ True clustered UC completed (31 virtual units)
PART1: [unit-commitment] calculation result has been saved to: D:\GithubClonefiles\module_unitcommitment\.worktrees\108_168h\output\pcm_com4_loadall_h168_20260823_210543\base\clu_ovl\r01\output/details_schedule_results/pcm_simulation_results/intervels_[1]/res_schedule_commitment_result.txt
Step-3: Creating dispatching model (Refactored & Modularized)
  Clustered PCM: 108 physical units -> 31 equivalent units (71.3% state reduction; 108 units in non-singleton clusters)
  ✓ True clustered UC completed (31 virtual units)
PART1: [unit-commitment] calculation result has been saved to: D:\GithubClonefiles\module_unitcommitment\.worktrees\108_168h\output\pcm_com4_loadall_h168_20260823_210543\base\clu_ovl\r01\output/details_schedule_results/pcm_simulation_results/intervels_[1]/res_schedule_commitment_result.txt
PART1: [unit-commitment] calculation result has been saved to: D:\GithubClonefiles\module_unitcommitment\.worktrees\108_168h\output\pcm_com4_loadall_h168_20260823_210543\base\clu_ovl\r01\output/details_schedule_results/pcm_simulation_results/intervels_[1]/res_schedule_commitment_result.txt
Step-3: Creating dispatching model (Refactored & Modularized)
  Clustered PCM: 108 physical units -> 31 equivalent units (71.3% state reduction; 108 units in non-singleton clusters)
  ✓ True clustered UC completed (31 virtual units)
Step-3: Creating dispatching model (Refactored & Modularized)
  Clustered PCM: 108 physical units -> 31 equivalent units (71.3% state reduction; 108 units in non-singleton clusters)
  ✓ True clustered UC completed (31 virtual units)
PART1: [unit-commitment] calculation result has been saved to: D:\GithubClonefiles\module_unitcommitment\.worktrees\108_168h\output\pcm_com4_loadall_h168_20260823_210543\base\clu_ovl\r01\output/details_schedule_results/pcm_simulation_results/intervels_[1]/res_schedule_commitment_result.txt
Step-3: Creating dispatching model (Refactored & Modularized)
  Clustered PCM: 108 physical units -> 31 equivalent units (71.3% state reduction; 108 units in non-singleton clusters)
  ✓ True clustered UC completed (31 virtual units)
PART1: [unit-commitment] calculation result has been saved to: D:\GithubClonefiles\module_unitcommitment\.worktrees\108_168h\output\pcm_com4_loadall_h168_20260823_210543\base\clu_ovl\r01\output/details_schedule_results/pcm_simulation_results/intervels_[1]/res_schedule_commitment_result.txt
Step-3: Creating dispatching model (Refactored & Modularized)
  Clustered PCM: 108 physical units -> 31 equivalent units (71.3% state reduction; 108 units in non-singleton clusters)
  ✓ True clustered UC completed (31 virtual units)
PART1: [unit-commitment] calculation result has been saved to: D:\GithubClonefiles\module_unitcommitment\.worktrees\108_168h\output\pcm_com4_loadall_h168_20260823_210543\base\clu_ovl\r01\output/details_schedule_results/pcm_simulation_results/intervels_[1]/res_schedule_commitment_result.txt
PART1: [unit-commitment] calculation result has been saved to: D:\GithubClonefiles\module_unitcommitment\.worktrees\108_168h\output\pcm_com4_loadall_h168_20260823_210543\base\clu_ovl\r01\output/details_schedule_results/pcm_simulation_results/intervels_[1]/res_schedule_commitment_result.txt
Step-3: Creating dispatching model (Refactored & Modularized)
  Clustered PCM: 108 physical units -> 31 equivalent units (71.3% state reduction; 108 units in non-singleton clusters)
  ✓ True clustered UC completed (31 virtual units)
Step-3: Creating dispatching model (Refactored & Modularized)
  Clustered PCM: 108 physical units -> 31 equivalent units (71.3% state reduction; 108 units in non-singleton clusters)
  ✓ True clustered UC completed (31 virtual units)
PART1: [unit-commitment] calculation result has been saved to: D:\GithubClonefiles\module_unitcommitment\.worktrees\108_168h\output\pcm_com4_loadall_h168_20260823_210543\base\clu_ovl\r01\output/details_schedule_results/pcm_simulation_results/intervels_[1]/res_schedule_commitment_result.txt
Step-3: Creating dispatching model (Refactored & Modularized)
  Clustered PCM: 108 physical units -> 31 equivalent units (71.3% state reduction; 108 units in non-singleton clusters)
  ✓ True clustered UC completed (31 virtual units)
PART1: [unit-commitment] calculation result has been saved to: D:\GithubClonefiles\module_unitcommitment\.worktrees\108_168h\output\pcm_com4_loadall_h168_20260823_210543\base\clu_ovl\r01\output/details_schedule_results/pcm_simulation_results/intervels_[1]/res_schedule_commitment_result.txt
Step-3: Creating dispatching model (Refactored & Modularized)
  Clustered PCM: 108 physical units -> 31 equivalent units (71.3% state reduction; 108 units in non-singleton clusters)
  ✓ True clustered UC completed (31 virtual units)
PART1: [unit-commitment] calculation result has been saved to: D:\GithubClonefiles\module_unitcommitment\.worktrees\108_168h\output\pcm_com4_loadall_h168_20260823_210543\base\clu_ovl\r01\output/details_schedule_results/pcm_simulation_results/intervels_[1]/res_schedule_commitment_result.txt
PART1: [unit-commitment] calculation result has been saved to: D:\GithubClonefiles\module_unitcommitment\.worktrees\108_168h\output\pcm_com4_loadall_h168_20260823_210543\base\clu_ovl\r01\output/details_schedule_results/pcm_simulation_results/intervels_[1]/res_schedule_commitment_result.txt
Step-3: Creating dispatching model (Refactored & Modularized)
  Clustered PCM: 108 physical units -> 31 equivalent units (71.3% state reduction; 108 units in non-singleton clusters)
  ✓ True clustered UC completed (31 virtual units)
Step-3: Creating dispatching model (Refactored & Modularized)
  Clustered PCM: 108 physical units -> 31 equivalent units (71.3% state reduction; 108 units in non-singleton clusters)
  ✓ True clustered UC completed (31 virtual units)
PART1: [unit-commitment] calculation result has been saved to: D:\GithubClonefiles\module_unitcommitment\.worktrees\108_168h\output\pcm_com4_loadall_h168_20260823_210543\base\clu_ovl\r01\output/details_schedule_results/pcm_simulation_results/intervels_[1]/res_schedule_commitment_result.txt
Step-3: Creating dispatching model (Refactored & Modularized)
  Clustered PCM: 108 physical units -> 31 equivalent units (71.3% state reduction; 108 units in non-singleton clusters)
  ✓ True clustered UC completed (31 virtual units)
PART1: [unit-commitment] calculation result has been saved to: D:\GithubClonefiles\module_unitcommitment\.worktrees\108_168h\output\pcm_com4_loadall_h168_20260823_210543\base\clu_ovl\r01\output/details_schedule_results/pcm_simulation_results/intervels_[1]/res_schedule_commitment_result.txt
Step-3: Creating dispatching model (Refactored & Modularized)
  Clustered PCM: 108 physical units -> 31 equivalent units (71.3% state reduction; 108 units in non-singleton clusters)
  ✓ True clustered UC completed (31 virtual units)
PART1: [unit-commitment] calculation result has been saved to: D:\GithubClonefiles\module_unitcommitment\.worktrees\108_168h\output\pcm_com4_loadall_h168_20260823_210543\base\clu_ovl\r01\output/details_schedule_results/pcm_simulation_results/intervels_[1]/res_schedule_commitment_result.txt
PART1: [unit-commitment] calculation result has been saved to: D:\GithubClonefiles\module_unitcommitment\.worktrees\108_168h\output\pcm_com4_loadall_h168_20260823_210543\base\clu_ovl\r01\output/details_schedule_results/pcm_simulation_results/intervels_[1]/res_schedule_commitment_result.txt
Step-3: Creating dispatching model (Refactored & Modularized)
  Clustered PCM: 108 physical units -> 31 equivalent units (71.3% state reduction; 108 units in non-singleton clusters)
  ✓ True clustered UC completed (31 virtual units)
Step-3: Creating dispatching model (Refactored & Modularized)
  Clustered PCM: 108 physical units -> 31 equivalent units (71.3% state reduction; 108 units in non-singleton clusters)
  ✓ True clustered UC completed (31 virtual units)
PART1: [unit-commitment] calculation result has been saved to: D:\GithubClonefiles\module_unitcommitment\.worktrees\108_168h\output\pcm_com4_loadall_h168_20260823_210543\base\clu_ovl\r01\output/details_schedule_results/pcm_simulation_results/intervels_[1]/res_schedule_commitment_result.txt
Step-3: Creating dispatching model (Refactored & Modularized)
  Clustered PCM: 108 physical units -> 31 equivalent units (71.3% state reduction; 108 units in non-singleton clusters)
  ✓ True clustered UC completed (31 virtual units)
PART1: [unit-commitment] calculation result has been saved to: D:\GithubClonefiles\module_unitcommitment\.worktrees\108_168h\output\pcm_com4_loadall_h168_20260823_210543\base\clu_ovl\r01\output/details_schedule_results/pcm_simulation_results/intervels_[1]/res_schedule_commitment_result.txt
Step-3: Creating dispatching model (Refactored & Modularized)
  Clustered PCM: 108 physical units -> 31 equivalent units (71.3% state reduction; 108 units in non-singleton clusters)
  ✓ True clustered UC completed (31 virtual units)
PART1: [unit-commitment] calculation result has been saved to: D:\GithubClonefiles\module_unitcommitment\.worktrees\108_168h\output\pcm_com4_loadall_h168_20260823_210543\base\clu_ovl\r01\output/details_schedule_results/pcm_simulation_results/intervels_[1]/res_schedule_commitment_result.txt
PART1: [unit-commitment] calculation result has been saved to: D:\GithubClonefiles\module_unitcommitment\.worktrees\108_168h\output\pcm_com4_loadall_h168_20260823_210543\base\clu_ovl\r01\output/details_schedule_results/pcm_simulation_results/intervels_[1]/res_schedule_commitment_result.txt
Step-3: Creating dispatching model (Refactored & Modularized)
  Clustered PCM: 108 physical units -> 31 equivalent units (71.3% state reduction; 108 units in non-singleton clusters)
  ✓ True clustered UC completed (31 virtual units)
Step-3: Creating dispatching model (Refactored & Modularized)
  Clustered PCM: 108 physical units -> 31 equivalent units (71.3% state reduction; 108 units in non-singleton clusters)
  ✓ True clustered UC completed (31 virtual units)
PART1: [unit-commitment] calculation result has been saved to: D:\GithubClonefiles\module_unitcommitment\.worktrees\108_168h\output\pcm_com4_loadall_h168_20260823_210543\base\clu_ovl\r01\output/details_schedule_results/pcm_simulation_results/intervels_[1]/res_schedule_commitment_result.txt
Step-3: Creating dispatching model (Refactored & Modularized)
  Clustered PCM: 108 physical units -> 31 equivalent units (71.3% state reduction; 108 units in non-singleton clusters)
  ✓ True clustered UC completed (31 virtual units)
PART1: [unit-commitment] calculation result has been saved to: D:\GithubClonefiles\module_unitcommitment\.worktrees\108_168h\output\pcm_com4_loadall_h168_20260823_210543\base\clu_ovl\r01\output/details_schedule_results/pcm_simulation_results/intervels_[1]/res_schedule_commitment_result.txt
Step-3: Creating dispatching model (Refactored & Modularized)
  Clustered PCM: 108 physical units -> 31 equivalent units (71.3% state reduction; 108 units in non-singleton clusters)
  ✓ True clustered UC completed (31 virtual units)
PART1: [unit-commitment] calculation result has been saved to: D:\GithubClonefiles\module_unitcommitment\.worktrees\108_168h\output\pcm_com4_loadall_h168_20260823_210543\base\clu_ovl\r01\output/details_schedule_results/pcm_simulation_results/intervels_[1]/res_schedule_commitment_result.txt
PART1: [unit-commitment] calculation result has been saved to: D:\GithubClonefiles\module_unitcommitment\.worktrees\108_168h\output\pcm_com4_loadall_h168_20260823_210543\base\clu_ovl\r01\output/details_schedule_results/pcm_simulation_results/intervels_[1]/res_schedule_commitment_result.txt
Step-3: Creating dispatching model (Refactored & Modularized)
  Clustered PCM: 108 physical units -> 31 equivalent units (71.3% state reduction; 108 units in non-singleton clusters)
    5-point output grid is infeasible; retrying this window with 17 points
  Clustered PCM: 108 physical units -> 31 equivalent units (71.3% state reduction; 108 units in non-singleton clusters)
  ✓ True clustered UC completed (31 virtual units)
Step-3: Creating dispatching model (Refactored & Modularized)
  Clustered PCM: 108 physical units -> 31 equivalent units (71.3% state reduction; 108 units in non-singleton clusters)
    5-point output grid is infeasible; retrying this window with 17 points
  Clustered PCM: 108 physical units -> 31 equivalent units (71.3% state reduction; 108 units in non-singleton clusters)
  ✓ True clustered UC completed (31 virtual units)
PART1: [unit-commitment] calculation result has been saved to: D:\GithubClonefiles\module_unitcommitment\.worktrees\108_168h\output\pcm_com4_loadall_h168_20260823_210543\base\clu_ovl\r01\output/details_schedule_results/pcm_simulation_results/intervels_[1]/res_schedule_commitment_result.txt
Step-3: Creating dispatching model (Refactored & Modularized)
  Clustered PCM: 108 physical units -> 31 equivalent units (71.3% state reduction; 108 units in non-singleton clusters)
    5-point output grid is infeasible; retrying this window with 17 points
  Clustered PCM: 108 physical units -> 31 equivalent units (71.3% state reduction; 108 units in non-singleton clusters)
  ✓ True clustered UC completed (31 virtual units)
PART1: [unit-commitment] calculation result has been saved to: D:\GithubClonefiles\module_unitcommitment\.worktrees\108_168h\output\pcm_com4_loadall_h168_20260823_210543\base\clu_ovl\r01\output/details_schedule_results/pcm_simulation_results/intervels_[1]/res_schedule_commitment_result.txt
Step-3: Creating dispatching model (Refactored & Modularized)
  Clustered PCM: 108 physical units -> 31 equivalent units (71.3% state reduction; 108 units in non-singleton clusters)
    5-point output grid is infeasible; retrying this window with 17 points
  Clustered PCM: 108 physical units -> 31 equivalent units (71.3% state reduction; 108 units in non-singleton clusters)
  ✓ True clustered UC completed (31 virtual units)
PART1: [unit-commitment] calculation result has been saved to: D:\GithubClonefiles\module_unitcommitment\.worktrees\108_168h\output\pcm_com4_loadall_h168_20260823_210543\base\clu_ovl\r01\output/details_schedule_results/pcm_simulation_results/intervels_[1]/res_schedule_commitment_result.txt
PART1: [unit-commitment] calculation result has been saved to: D:\GithubClonefiles\module_unitcommitment\.worktrees\108_168h\output\pcm_com4_loadall_h168_20260823_210543\base\clu_ovl\r01\output/details_schedule_results/pcm_simulation_results/intervels_[1]/res_schedule_commitment_result.txt
Step-3: Creating dispatching model (Refactored & Modularized)
  Clustered PCM: 108 physical units -> 31 equivalent units (71.3% state reduction; 108 units in non-singleton clusters)
  ✓ True clustered UC completed (31 virtual units)
Step-3: Creating dispatching model (Refactored & Modularized)
  Clustered PCM: 108 physical units -> 31 equivalent units (71.3% state reduction; 108 units in non-singleton clusters)
  ✓ True clustered UC completed (31 virtual units)
PART1: [unit-commitment] calculation result has been saved to: D:\GithubClonefiles\module_unitcommitment\.worktrees\108_168h\output\pcm_com4_loadall_h168_20260823_210543\base\clu_ovl\r01\output/details_schedule_results/pcm_simulation_results/intervels_[1]/res_schedule_commitment_result.txt
Step-3: Creating dispatching model (Refactored & Modularized)
  Clustered PCM: 108 physical units -> 31 equivalent units (71.3% state reduction; 108 units in non-singleton clusters)
  ✓ True clustered UC completed (31 virtual units)
PART1: [unit-commitment] calculation result has been saved to: D:\GithubClonefiles\module_unitcommitment\.worktrees\108_168h\output\pcm_com4_loadall_h168_20260823_210543\base\clu_ovl\r01\output/details_schedule_results/pcm_simulation_results/intervels_[1]/res_schedule_commitment_result.txt
Step-3: Creating dispatching model (Refactored & Modularized)
  Clustered PCM: 108 physical units -> 31 equivalent units (71.3% state reduction; 108 units in non-singleton clusters)
  ✓ True clustered UC completed (31 virtual units)
PART1: [unit-commitment] calculation result has been saved to: D:\GithubClonefiles\module_unitcommitment\.worktrees\108_168h\output\pcm_com4_loadall_h168_20260823_210543\base\clu_ovl\r01\output/details_schedule_results/pcm_simulation_results/intervels_[1]/res_schedule_commitment_result.txt
PART1: [unit-commitment] calculation result has been saved to: D:\GithubClonefiles\module_unitcommitment\.worktrees\108_168h\output\pcm_com4_loadall_h168_20260823_210543\base\clu_ovl\r01\output/details_schedule_results/pcm_simulation_results/intervels_[1]/res_schedule_commitment_result.txt
Step-3: Creating dispatching model (Refactored & Modularized)
  Clustered PCM: 108 physical units -> 31 equivalent units (71.3% state reduction; 108 units in non-singleton clusters)
  ✓ True clustered UC completed (31 virtual units)
Step-3: Creating dispatching model (Refactored & Modularized)
  Clustered PCM: 108 physical units -> 31 equivalent units (71.3% state reduction; 108 units in non-singleton clusters)
  ✓ True clustered UC completed (31 virtual units)
Set parameter Username
Set parameter LicenseID to value 2826524
Academic license - for non-commercial use only - expires 2027-05-22
Set parameter Username
Set parameter LicenseID to value 2826524
Academic license - for non-commercial use only - expires 2027-05-22
Set parameter Username
Set parameter LicenseID to value 2826524
Academic license - for non-commercial use only - expires 2027-05-22
Set parameter Username
Set parameter LicenseID to value 2826524
Academic license - for non-commercial use only - expires 2027-05-22
Set parameter Username
Set parameter LicenseID to value 2826524
Academic license - for non-commercial use only - expires 2027-05-22
Set parameter Username
Set parameter LicenseID to value 2826524
Academic license - for non-commercial use only - expires 2027-05-22
Set parameter Username
Set parameter LicenseID to value 2826524
Academic license - for non-commercial use only - expires 2027-05-22
Set parameter Username
Set parameter LicenseID to value 2826524
Academic license - for non-commercial use only - expires 2027-05-22
Set parameter Username
Set parameter LicenseID to value 2826524
Academic license - for non-commercial use only - expires 2027-05-22
Set parameter Username
Set parameter LicenseID to value 2826524
Academic license - for non-commercial use only - expires 2027-05-22
Set parameter Username
Set parameter LicenseID to value 2826524
Academic license - for non-commercial use only - expires 2027-05-22
Set parameter Username
Set parameter LicenseID to value 2826524
Academic license - for non-commercial use only - expires 2027-05-22
Set parameter Username
Set parameter LicenseID to value 2826524
Academic license - for non-commercial use only - expires 2027-05-22
Set parameter Username
Set parameter LicenseID to value 2826524
Academic license - for non-commercial use only - expires 2027-05-22
Set parameter Username
Set parameter LicenseID to value 2826524
Academic license - for non-commercial use only - expires 2027-05-22
Set parameter Username
Set parameter LicenseID to value 2826524
Academic license - for non-commercial use only - expires 2027-05-22
Set parameter Username
Set parameter LicenseID to value 2826524
Academic license - for non-commercial use only - expires 2027-05-22
Set parameter Username
Set parameter LicenseID to value 2826524
Academic license - for non-commercial use only - expires 2027-05-22
Set parameter Username
Set parameter LicenseID to value 2826524
Academic license - for non-commercial use only - expires 2027-05-22
Set parameter Username
Set parameter LicenseID to value 2826524
Academic license - for non-commercial use only - expires 2027-05-22
Set parameter Username
Set parameter LicenseID to value 2826524
Academic license - for non-commercial use only - expires 2027-05-22
Set parameter Username
Set parameter LicenseID to value 2826524
Academic license - for non-commercial use only - expires 2027-05-22
Set parameter Username
Set parameter LicenseID to value 2826524
Academic license - for non-commercial use only - expires 2027-05-22
Set parameter Username
Set parameter LicenseID to value 2826524
Academic license - for non-commercial use only - expires 2027-05-22
Set parameter Username
Set parameter LicenseID to value 2826524
Academic license - for non-commercial use only - expires 2027-05-22
Set parameter Username
Set parameter LicenseID to value 2826524
Academic license - for non-commercial use only - expires 2027-05-22
Set parameter Username
Set parameter LicenseID to value 2826524
Academic license - for non-commercial use only - expires 2027-05-22
Set parameter Username
Set parameter LicenseID to value 2826524
Academic license - for non-commercial use only - expires 2027-05-22
Set parameter Username
Set parameter LicenseID to value 2826524
Academic license - for non-commercial use only - expires 2027-05-22
Set parameter Username
Set parameter LicenseID to value 2826524
Academic license - for non-commercial use only - expires 2027-05-22
Set parameter Username
Set parameter LicenseID to value 2826524
Academic license - for non-commercial use only - expires 2027-05-22
Set parameter Username
Set parameter LicenseID to value 2826524
Academic license - for non-commercial use only - expires 2027-05-22
Set parameter Username
Set parameter LicenseID to value 2826524
Academic license - for non-commercial use only - expires 2027-05-22
Set parameter Username
Set parameter LicenseID to value 2826524
Academic license - for non-commercial use only - expires 2027-05-22
Set parameter Username
Set parameter LicenseID to value 2826524
Academic license - for non-commercial use only - expires 2027-05-22
Set parameter Username
Set parameter LicenseID to value 2826524
Academic license - for non-commercial use only - expires 2027-05-22
Set parameter Username
Set parameter LicenseID to value 2826524
Academic license - for non-commercial use only - expires 2027-05-22
Set parameter Username
Set parameter LicenseID to value 2826524
Academic license - for non-commercial use only - expires 2027-05-22
Set parameter Username
Set parameter LicenseID to value 2826524
Academic license - for non-commercial use only - expires 2027-05-22
Set parameter Username
Set parameter LicenseID to value 2826524
Academic license - for non-commercial use only - expires 2027-05-22
Set parameter Username
Set parameter LicenseID to value 2826524
Academic license - for non-commercial use only - expires 2027-05-22
Set parameter Username
Set parameter LicenseID to value 2826524
Academic license - for non-commercial use only - expires 2027-05-22
Set parameter Username
Set parameter LicenseID to value 2826524
Academic license - for non-commercial use only - expires 2027-05-22
Set parameter Username
Set parameter LicenseID to value 2826524
Academic license - for non-commercial use only - expires 2027-05-22
Set parameter Username
Set parameter LicenseID to value 2826524
Academic license - for non-commercial use only - expires 2027-05-22
Set parameter Username
Set parameter LicenseID to value 2826524
Academic license - for non-commercial use only - expires 2027-05-22
Set parameter Username
Set parameter LicenseID to value 2826524
Academic license - for non-commercial use only - expires 2027-05-22
Set parameter Username
Set parameter LicenseID to value 2826524
Academic license - for non-commercial use only - expires 2027-05-22
Set parameter Username
Set parameter LicenseID to value 2826524
Academic license - for non-commercial use only - expires 2027-05-22
Set parameter Username
Set parameter LicenseID to value 2826524
Academic license - for non-commercial use only - expires 2027-05-22
Set parameter Username
Set parameter LicenseID to value 2826524
Academic license - for non-commercial use only - expires 2027-05-22
Set parameter Username
Set parameter LicenseID to value 2826524
Academic license - for non-commercial use only - expires 2027-05-22
Set parameter Username
Set parameter LicenseID to value 2826524
Academic license - for non-commercial use only - expires 2027-05-22
Set parameter Username
Set parameter LicenseID to value 2826524
Academic license - for non-commercial use only - expires 2027-05-22
Set parameter Username
Set parameter LicenseID to value 2826524
Academic license - for non-commercial use only - expires 2027-05-22
Set parameter Username
Set parameter LicenseID to value 2826524
Academic license - for non-commercial use only - expires 2027-05-22
Set parameter Username
Set parameter LicenseID to value 2826524
Academic license - for non-commercial use only - expires 2027-05-22
Set parameter Username
Set parameter LicenseID to value 2826524
Academic license - for non-commercial use only - expires 2027-05-22
Set parameter Username
Set parameter LicenseID to value 2826524
Academic license - for non-commercial use only - expires 2027-05-22
Set parameter Username
Set parameter LicenseID to value 2826524
Academic license - for non-commercial use only - expires 2027-05-22
Set parameter Username
Set parameter LicenseID to value 2826524
Academic license - for non-commercial use only - expires 2027-05-22
Set parameter Username
Set parameter LicenseID to value 2826524
Academic license - for non-commercial use only - expires 2027-05-22
Set parameter Username
Set parameter LicenseID to value 2826524
Academic license - for non-commercial use only - expires 2027-05-22
Set parameter Username
Set parameter LicenseID to value 2826524
Academic license - for non-commercial use only - expires 2027-05-22
Set parameter Username
Set parameter LicenseID to value 2826524
Academic license - for non-commercial use only - expires 2027-05-22
Set parameter Username
Set parameter LicenseID to value 2826524
Academic license - for non-commercial use only - expires 2027-05-22
Set parameter Username
Set parameter LicenseID to value 2826524
Academic license - for non-commercial use only - expires 2027-05-22
Set parameter Username
Set parameter LicenseID to value 2826524
Academic license - for non-commercial use only - expires 2027-05-22
Set parameter Username
Set parameter LicenseID to value 2826524
Academic license - for non-commercial use only - expires 2027-05-22
Set parameter Username
Set parameter LicenseID to value 2826524
Academic license - for non-commercial use only - expires 2027-05-22
Set parameter Username
Set parameter LicenseID to value 2826524
Academic license - for non-commercial use only - expires 2027-05-22
Set parameter Username
Set parameter LicenseID to value 2826524
Academic license - for non-commercial use only - expires 2027-05-22
Set parameter Username
Set parameter LicenseID to value 2826524
Academic license - for non-commercial use only - expires 2027-05-22
Set parameter Username
Set parameter LicenseID to value 2826524
Academic license - for non-commercial use only - expires 2027-05-22
Set parameter Username
Set parameter LicenseID to value 2826524
Academic license - for non-commercial use only - expires 2027-05-22
Set parameter Username
Set parameter LicenseID to value 2826524
Academic license - for non-commercial use only - expires 2027-05-22
Set parameter Username
Set parameter LicenseID to value 2826524
Academic license - for non-commercial use only - expires 2027-05-22
Set parameter Username
Set parameter LicenseID to value 2826524
Academic license - for non-commercial use only - expires 2027-05-22
Set parameter Username
Set parameter LicenseID to value 2826524
Academic license - for non-commercial use only - expires 2027-05-22
Set parameter Username
Set parameter LicenseID to value 2826524
Academic license - for non-commercial use only - expires 2027-05-22
Set parameter Username
Set parameter LicenseID to value 2826524
Academic license - for non-commercial use only - expires 2027-05-22
Set parameter Username
Set parameter LicenseID to value 2826524
Academic license - for non-commercial use only - expires 2027-05-22
Set parameter Username
Set parameter LicenseID to value 2826524
Academic license - for non-commercial use only - expires 2027-05-22
Set parameter Username
Set parameter LicenseID to value 2826524
Academic license - for non-commercial use only - expires 2027-05-22
Set parameter Username
Set parameter LicenseID to value 2826524
Academic license - for non-commercial use only - expires 2027-05-22
Set parameter Username
Set parameter LicenseID to value 2826524
Academic license - for non-commercial use only - expires 2027-05-22
Set parameter Username
Set parameter LicenseID to value 2826524
Academic license - for non-commercial use only - expires 2027-05-22
Set parameter Username
Set parameter LicenseID to value 2826524
Academic license - for non-commercial use only - expires 2027-05-22
Set parameter Username
Set parameter LicenseID to value 2826524
Academic license - for non-commercial use only - expires 2027-05-22
Set parameter Username
Set parameter LicenseID to value 2826524
Academic license - for non-commercial use only - expires 2027-05-22
Set parameter Username
Set parameter LicenseID to value 2826524
Academic license - for non-commercial use only - expires 2027-05-22
Set parameter Username
Set parameter LicenseID to value 2826524
Academic license - for non-commercial use only - expires 2027-05-22
Set parameter Username
Set parameter LicenseID to value 2826524
Academic license - for non-commercial use only - expires 2027-05-22
Set parameter Username
Set parameter LicenseID to value 2826524
Academic license - for non-commercial use only - expires 2027-05-22
Set parameter Username
Set parameter LicenseID to value 2826524
Academic license - for non-commercial use only - expires 2027-05-22
Set parameter Username
Set parameter LicenseID to value 2826524
Academic license - for non-commercial use only - expires 2027-05-22
Set parameter Username
Set parameter LicenseID to value 2826524
Academic license - for non-commercial use only - expires 2027-05-22
Set parameter Username
Set parameter LicenseID to value 2826524
Academic license - for non-commercial use only - expires 2027-05-22
Set parameter Username
Set parameter LicenseID to value 2826524
Academic license - for non-commercial use only - expires 2027-05-22
Set parameter Username
Set parameter LicenseID to value 2826524
Academic license - for non-commercial use only - expires 2027-05-22
Set parameter Username
Set parameter LicenseID to value 2826524
Academic license - for non-commercial use only - expires 2027-05-22
Set parameter Username
Set parameter LicenseID to value 2826524
Academic license - for non-commercial use only - expires 2027-05-22
Set parameter Username
Set parameter LicenseID to value 2826524
Academic license - for non-commercial use only - expires 2027-05-22
Set parameter Username
Set parameter LicenseID to value 2826524
Academic license - for non-commercial use only - expires 2027-05-22
Set parameter Username
Set parameter LicenseID to value 2826524
Academic license - for non-commercial use only - expires 2027-05-22
Set parameter Username
Set parameter LicenseID to value 2826524
Academic license - for non-commercial use only - expires 2027-05-22
Set parameter Username
Set parameter LicenseID to value 2826524
Academic license - for non-commercial use only - expires 2027-05-22
Set parameter Username
Set parameter LicenseID to value 2826524
Academic license - for non-commercial use only - expires 2027-05-22
Set parameter Username
Set parameter LicenseID to value 2826524
Academic license - for non-commercial use only - expires 2027-05-22
Set parameter Username
Set parameter LicenseID to value 2826524
Academic license - for non-commercial use only - expires 2027-05-22
Set parameter Username
Set parameter LicenseID to value 2826524
Academic license - for non-commercial use only - expires 2027-05-22
Set parameter Username
Set parameter LicenseID to value 2826524
Academic license - for non-commercial use only - expires 2027-05-22
Set parameter Username
Set parameter LicenseID to value 2826524
Academic license - for non-commercial use only - expires 2027-05-22
Set parameter Username
Set parameter LicenseID to value 2826524
Academic license - for non-commercial use only - expires 2027-05-22
Set parameter Username
Set parameter LicenseID to value 2826524
Academic license - for non-commercial use only - expires 2027-05-22
Set parameter Username
Set parameter LicenseID to value 2826524
Academic license - for non-commercial use only - expires 2027-05-22
Set parameter Username
Set parameter LicenseID to value 2826524
Academic license - for non-commercial use only - expires 2027-05-22
Set parameter Username
Set parameter LicenseID to value 2826524
Academic license - for non-commercial use only - expires 2027-05-22
Set parameter Username
Set parameter LicenseID to value 2826524
Academic license - for non-commercial use only - expires 2027-05-22
Set parameter Username
Set parameter LicenseID to value 2826524
Academic license - for non-commercial use only - expires 2027-05-22
Set parameter Username
Set parameter LicenseID to value 2826524
Academic license - for non-commercial use only - expires 2027-05-22
Set parameter Username
Set parameter LicenseID to value 2826524
Academic license - for non-commercial use only - expires 2027-05-22
Set parameter Username
Set parameter LicenseID to value 2826524
Academic license - for non-commercial use only - expires 2027-05-22
Set parameter Username
Set parameter LicenseID to value 2826524
Academic license - for non-commercial use only - expires 2027-05-22
Set parameter Username
Set parameter LicenseID to value 2826524
Academic license - for non-commercial use only - expires 2027-05-22
Set parameter Username
Set parameter LicenseID to value 2826524
Academic license - for non-commercial use only - expires 2027-05-22
Set parameter Username
Set parameter LicenseID to value 2826524
Academic license - for non-commercial use only - expires 2027-05-22
Set parameter Username
Set parameter LicenseID to value 2826524
Academic license - for non-commercial use only - expires 2027-05-22
Set parameter Username
Set parameter LicenseID to value 2826524
Academic license - for non-commercial use only - expires 2027-05-22
Set parameter Username
Set parameter LicenseID to value 2826524
Academic license - for non-commercial use only - expires 2027-05-22
Set parameter Username
Set parameter LicenseID to value 2826524
Academic license - for non-commercial use only - expires 2027-05-22
Set parameter Username
Set parameter LicenseID to value 2826524
Academic license - for non-commercial use only - expires 2027-05-22
Set parameter Username
Set parameter LicenseID to value 2826524
Academic license - for non-commercial use only - expires 2027-05-22
Set parameter Username
Set parameter LicenseID to value 2826524
Academic license - for non-commercial use only - expires 2027-05-22
Set parameter Username
Set parameter LicenseID to value 2826524
Academic license - for non-commercial use only - expires 2027-05-22
Set parameter Username
Set parameter LicenseID to value 2826524
Academic license - for non-commercial use only - expires 2027-05-22
Set parameter Username
Set parameter LicenseID to value 2826524
Academic license - for non-commercial use only - expires 2027-05-22
Set parameter Username
Set parameter LicenseID to value 2826524
Academic license - for non-commercial use only - expires 2027-05-22
Set parameter Username
Set parameter LicenseID to value 2826524
Academic license - for non-commercial use only - expires 2027-05-22
Set parameter Username
Set parameter LicenseID to value 2826524
Academic license - for non-commercial use only - expires 2027-05-22
Set parameter Username
Set parameter LicenseID to value 2826524
Academic license - for non-commercial use only - expires 2027-05-22
Set parameter Username
Set parameter LicenseID to value 2826524
Academic license - for non-commercial use only - expires 2027-05-22
Set parameter Username
Set parameter LicenseID to value 2826524
Academic license - for non-commercial use only - expires 2027-05-22
Set parameter Username
Set parameter LicenseID to value 2826524
Academic license - for non-commercial use only - expires 2027-05-22
Set parameter Username
Set parameter LicenseID to value 2826524
Academic license - for non-commercial use only - expires 2027-05-22
Set parameter Username
Set parameter LicenseID to value 2826524
Academic license - for non-commercial use only - expires 2027-05-22
Set parameter Username
Set parameter LicenseID to value 2826524
Academic license - for non-commercial use only - expires 2027-05-22
Set parameter Username
Set parameter LicenseID to value 2826524
Academic license - for non-commercial use only - expires 2027-05-22
Set parameter Username
Set parameter LicenseID to value 2826524
Academic license - for non-commercial use only - expires 2027-05-22
Set parameter Username
Set parameter LicenseID to value 2826524
Academic license - for non-commercial use only - expires 2027-05-22
Set parameter Username
Set parameter LicenseID to value 2826524
Academic license - for non-commercial use only - expires 2027-05-22
Set parameter Username
Set parameter LicenseID to value 2826524
Academic license - for non-commercial use only - expires 2027-05-22
Set parameter Username
Set parameter LicenseID to value 2826524
Academic license - for non-commercial use only - expires 2027-05-22
Set parameter Username
Set parameter LicenseID to value 2826524
Academic license - for non-commercial use only - expires 2027-05-22
Set parameter Username
Set parameter LicenseID to value 2826524
Academic license - for non-commercial use only - expires 2027-05-22
Set parameter Username
Set parameter LicenseID to value 2826524
Academic license - for non-commercial use only - expires 2027-05-22
Set parameter Username
Set parameter LicenseID to value 2826524
Academic license - for non-commercial use only - expires 2027-05-22
Set parameter Username
Set parameter LicenseID to value 2826524
Academic license - for non-commercial use only - expires 2027-05-22
Set parameter Username
Set parameter LicenseID to value 2826524
Academic license - for non-commercial use only - expires 2027-05-22
Set parameter Username
Set parameter LicenseID to value 2826524
Academic license - for non-commercial use only - expires 2027-05-22
Set parameter Username
Set parameter LicenseID to value 2826524
Academic license - for non-commercial use only - expires 2027-05-22
Set parameter Username
Set parameter LicenseID to value 2826524
Academic license - for non-commercial use only - expires 2027-05-22
Set parameter Username
Set parameter LicenseID to value 2826524
Academic license - for non-commercial use only - expires 2027-05-22
Set parameter Username
Set parameter LicenseID to value 2826524
Academic license - for non-commercial use only - expires 2027-05-22
Set parameter Username
Set parameter LicenseID to value 2826524
Academic license - for non-commercial use only - expires 2027-05-22
Set parameter Username
Set parameter LicenseID to value 2826524
Academic license - for non-commercial use only - expires 2027-05-22
Set parameter Username
Set parameter LicenseID to value 2826524
Academic license - for non-commercial use only - expires 2027-05-22
Set parameter Username
Set parameter LicenseID to value 2826524
Academic license - for non-commercial use only - expires 2027-05-22
Set parameter Username
Set parameter LicenseID to value 2826524
Academic license - for non-commercial use only - expires 2027-05-22
Set parameter Username
Set parameter LicenseID to value 2826524
Academic license - for non-commercial use only - expires 2027-05-22
Set parameter Username
Set parameter LicenseID to value 2826524
Academic license - for non-commercial use only - expires 2027-05-22
Set parameter Username
Set parameter LicenseID to value 2826524
Academic license - for non-commercial use only - expires 2027-05-22
Set parameter Username
Set parameter LicenseID to value 2826524
Academic license - for non-commercial use only - expires 2027-05-22
Set parameter Username
Set parameter LicenseID to value 2826524
Academic license - for non-commercial use only - expires 2027-05-22
Set parameter Username
Set parameter LicenseID to value 2826524
Academic license - for non-commercial use only - expires 2027-05-22
Set parameter Username
Set parameter LicenseID to value 2826524
Academic license - for non-commercial use only - expires 2027-05-22
Set parameter Username
Set parameter LicenseID to value 2826524
Academic license - for non-commercial use only - expires 2027-05-22
Set parameter Username
Set parameter LicenseID to value 2826524
Academic license - for non-commercial use only - expires 2027-05-22
Set parameter Username
Set parameter LicenseID to value 2826524
Academic license - for non-commercial use only - expires 2027-05-22
Set parameter Username
Set parameter LicenseID to value 2826524
Academic license - for non-commercial use only - expires 2027-05-22
Set parameter Username
Set parameter LicenseID to value 2826524
Academic license - for non-commercial use only - expires 2027-05-22
Set parameter Username
Set parameter LicenseID to value 2826524
Academic license - for non-commercial use only - expires 2027-05-22
Set parameter Username
Set parameter LicenseID to value 2826524
Academic license - for non-commercial use only - expires 2027-05-22
Set parameter Username
Set parameter LicenseID to value 2826524
Academic license - for non-commercial use only - expires 2027-05-22
Set parameter Username
Set parameter LicenseID to value 2826524
Academic license - for non-commercial use only - expires 2027-05-22
Set parameter Username
Set parameter LicenseID to value 2826524
Academic license - for non-commercial use only - expires 2027-05-22
Set parameter Username
Set parameter LicenseID to value 2826524
Academic license - for non-commercial use only - expires 2027-05-22
Set parameter Username
Set parameter LicenseID to value 2826524
Academic license - for non-commercial use only - expires 2027-05-22
Set parameter Username
Set parameter LicenseID to value 2826524
Academic license - for non-commercial use only - expires 2027-05-22
Set parameter Username
Set parameter LicenseID to value 2826524
Academic license - for non-commercial use only - expires 2027-05-22
Set parameter Username
Set parameter LicenseID to value 2826524
Academic license - for non-commercial use only - expires 2027-05-22
Set parameter Username
Set parameter LicenseID to value 2826524
Academic license - for non-commercial use only - expires 2027-05-22
Set parameter Username
Set parameter LicenseID to value 2826524
Academic license - for non-commercial use only - expires 2027-05-22
Set parameter Username
Set parameter LicenseID to value 2826524
Academic license - for non-commercial use only - expires 2027-05-22
Set parameter Username
Set parameter LicenseID to value 2826524
Academic license - for non-commercial use only - expires 2027-05-22
Set parameter Username
Set parameter LicenseID to value 2826524
Academic license - for non-commercial use only - expires 2027-05-22
Set parameter Username
Set parameter LicenseID to value 2826524
Academic license - for non-commercial use only - expires 2027-05-22
Set parameter Username
Set parameter LicenseID to value 2826524
Academic license - for non-commercial use only - expires 2027-05-22
Set parameter Username
Set parameter LicenseID to value 2826524
Academic license - for non-commercial use only - expires 2027-05-22
Set parameter Username
Set parameter LicenseID to value 2826524
Academic license - for non-commercial use only - expires 2027-05-22
Set parameter Username
Set parameter LicenseID to value 2826524
Academic license - for non-commercial use only - expires 2027-05-22
Set parameter Username
Set parameter LicenseID to value 2826524
Academic license - for non-commercial use only - expires 2027-05-22
Set parameter Username
Set parameter LicenseID to value 2826524
Academic license - for non-commercial use only - expires 2027-05-22
Set parameter Username
Set parameter LicenseID to value 2826524
Academic license - for non-commercial use only - expires 2027-05-22
Set parameter Username
Set parameter LicenseID to value 2826524
Academic license - for non-commercial use only - expires 2027-05-22
Set parameter Username
Set parameter LicenseID to value 2826524
Academic license - for non-commercial use only - expires 2027-05-22
Set parameter Username
Set parameter LicenseID to value 2826524
Academic license - for non-commercial use only - expires 2027-05-22
Set parameter Username
Set parameter LicenseID to value 2826524
Academic license - for non-commercial use only - expires 2027-05-22
Set parameter Username
Set parameter LicenseID to value 2826524
Academic license - for non-commercial use only - expires 2027-05-22
Set parameter Username
Set parameter LicenseID to value 2826524
Academic license - for non-commercial use only - expires 2027-05-22
Set parameter Username
Set parameter LicenseID to value 2826524
Academic license - for non-commercial use only - expires 2027-05-22
PART1: [unit-commitment] calculation result has been saved to: D:\GithubClonefiles\module_unitcommitment\.worktrees\108_168h\output\pcm_com4_loadall_h168_20260823_210543\base\clu_ovl\r01\output/details_schedule_results/pcm_simulation_results/intervels_[1]/res_schedule_commitment_result.txt
Step-3: Creating dispatching model (Refactored & Modularized)
  Clustered PCM: 108 physical units -> 31 equivalent units (71.3% state reduction; 108 units in non-singleton clusters)
  ✓ True clustered UC completed (31 virtual units)
PART1: [unit-commitment] calculation result has been saved to: D:\GithubClonefiles\module_unitcommitment\.worktrees\108_168h\output\pcm_com4_loadall_h168_20260823_210543\base\clu_ovl\r01\output/details_schedule_results/pcm_simulation_results/intervels_[1]/res_schedule_commitment_result.txt
Step-3: Creating dispatching model (Refactored & Modularized)
  Clustered PCM: 108 physical units -> 31 equivalent units (71.3% state reduction; 108 units in non-singleton clusters)
  ✓ True clustered UC completed (31 virtual units)
PART1: [unit-commitment] calculation result has been saved to: D:\GithubClonefiles\module_unitcommitment\.worktrees\108_168h\output\pcm_com4_loadall_h168_20260823_210543\base\clu_ovl\r01\output/details_schedule_results/pcm_simulation_results/intervels_[1]/res_schedule_commitment_result.txt
PART1: [unit-commitment] calculation result has been saved to: D:\GithubClonefiles\module_unitcommitment\.worktrees\108_168h\output\pcm_com4_loadall_h168_20260823_210543\base\clu_ovl\r01\output/details_schedule_results/pcm_simulation_results/intervels_[1]/res_schedule_commitment_result.txt
Step-3: Creating dispatching model (Refactored & Modularized)
  Clustered PCM: 108 physical units -> 31 equivalent units (71.3% state reduction; 108 units in non-singleton clusters)
  ✓ True clustered UC completed (31 virtual units)
Step-3: Creating dispatching model (Refactored & Modularized)
  Clustered PCM: 108 physical units -> 31 equivalent units (71.3% state reduction; 108 units in non-singleton clusters)
  ✓ True clustered UC completed (31 virtual units)
PART1: [unit-commitment] calculation result has been saved to: D:\GithubClonefiles\module_unitcommitment\.worktrees\108_168h\output\pcm_com4_loadall_h168_20260823_210543\base\clu_ovl\r01\output/details_schedule_results/pcm_simulation_results/intervels_[1]/res_schedule_commitment_result.txt
Step-3: Creating dispatching model (Refactored & Modularized)
  Clustered PCM: 108 physical units -> 31 equivalent units (71.3% state reduction; 108 units in non-singleton clusters)
  ✓ True clustered UC completed (31 virtual units)
PART1: [unit-commitment] calculation result has been saved to: D:\GithubClonefiles\module_unitcommitment\.worktrees\108_168h\output\pcm_com4_loadall_h168_20260823_210543\base\clu_ovl\r01\output/details_schedule_results/pcm_simulation_results/intervels_[1]/res_schedule_commitment_result.txt
Step-3: Creating dispatching model (Refactored & Modularized)
  Clustered PCM: 108 physical units -> 31 equivalent units (71.3% state reduction; 108 units in non-singleton clusters)
  ✓ True clustered UC completed (31 virtual units)
PART1: [unit-commitment] calculation result has been saved to: D:\GithubClonefiles\module_unitcommitment\.worktrees\108_168h\output\pcm_com4_loadall_h168_20260823_210543\base\clu_ovl\r01\output/details_schedule_results/pcm_simulation_results/intervels_[1]/res_schedule_commitment_result.txt
PART1: [unit-commitment] calculation result has been saved to: D:\GithubClonefiles\module_unitcommitment\.worktrees\108_168h\output\pcm_com4_loadall_h168_20260823_210543\base\clu_ovl\r01\output/details_schedule_results/pcm_simulation_results/intervels_[1]/res_schedule_commitment_result.txt
Step-3: Creating dispatching model (Refactored & Modularized)
  Clustered PCM: 108 physical units -> 31 equivalent units (71.3% state reduction; 108 units in non-singleton clusters)
  ✓ True clustered UC completed (31 virtual units)
Step-3: Creating dispatching model (Refactored & Modularized)
  Clustered PCM: 108 physical units -> 31 equivalent units (71.3% state reduction; 108 units in non-singleton clusters)
  ✓ True clustered UC completed (31 virtual units)
PART1: [unit-commitment] calculation result has been saved to: D:\GithubClonefiles\module_unitcommitment\.worktrees\108_168h\output\pcm_com4_loadall_h168_20260823_210543\base\clu_ovl\r01\output/details_schedule_results/pcm_simulation_results/intervels_[1]/res_schedule_commitment_result.txt
Step-3: Creating dispatching model (Refactored & Modularized)
  Clustered PCM: 108 physical units -> 31 equivalent units (71.3% state reduction; 108 units in non-singleton clusters)
  ✓ True clustered UC completed (31 virtual units)
PART1: [unit-commitment] calculation result has been saved to: D:\GithubClonefiles\module_unitcommitment\.worktrees\108_168h\output\pcm_com4_loadall_h168_20260823_210543\base\clu_ovl\r01\output/details_schedule_results/pcm_simulation_results/intervels_[1]/res_schedule_commitment_result.txt
Step-3: Creating dispatching model (Refactored & Modularized)
  Clustered PCM: 108 physical units -> 31 equivalent units (71.3% state reduction; 108 units in non-singleton clusters)
  ✓ True clustered UC completed (31 virtual units)
PART1: [unit-commitment] calculation result has been saved to: D:\GithubClonefiles\module_unitcommitment\.worktrees\108_168h\output\pcm_com4_loadall_h168_20260823_210543\base\clu_ovl\r01\output/details_schedule_results/pcm_simulation_results/intervels_[1]/res_schedule_commitment_result.txt
PART1: [unit-commitment] calculation result has been saved to: D:\GithubClonefiles\module_unitcommitment\.worktrees\108_168h\output\pcm_com4_loadall_h168_20260823_210543\base\clu_ovl\r01\output/details_schedule_results/pcm_simulation_results/intervels_[1]/res_schedule_commitment_result.txt
Step-3: Creating dispatching model (Refactored & Modularized)
  Clustered PCM: 108 physical units -> 31 equivalent units (71.3% state reduction; 108 units in non-singleton clusters)
  ✓ True clustered UC completed (31 virtual units)
Step-3: Creating dispatching model (Refactored & Modularized)
  Clustered PCM: 108 physical units -> 31 equivalent units (71.3% state reduction; 108 units in non-singleton clusters)
  ✓ True clustered UC completed (31 virtual units)
PART1: [unit-commitment] calculation result has been saved to: D:\GithubClonefiles\module_unitcommitment\.worktrees\108_168h\output\pcm_com4_loadall_h168_20260823_210543\base\clu_ovl\r01\output/details_schedule_results/pcm_simulation_results/intervels_[1]/res_schedule_commitment_result.txt
Step-3: Creating dispatching model (Refactored & Modularized)
  Clustered PCM: 108 physical units -> 31 equivalent units (71.3% state reduction; 108 units in non-singleton clusters)
  ✓ True clustered UC completed (31 virtual units)
PART1: [unit-commitment] calculation result has been saved to: D:\GithubClonefiles\module_unitcommitment\.worktrees\108_168h\output\pcm_com4_loadall_h168_20260823_210543\base\clu_ovl\r01\output/details_schedule_results/pcm_simulation_results/intervels_[1]/res_schedule_commitment_result.txt
Step-3: Creating dispatching model (Refactored & Modularized)
  Clustered PCM: 108 physical units -> 31 equivalent units (71.3% state reduction; 108 units in non-singleton clusters)
  ✓ True clustered UC completed (31 virtual units)
PART1: [unit-commitment] calculation result has been saved to: D:\GithubClonefiles\module_unitcommitment\.worktrees\108_168h\output\pcm_com4_loadall_h168_20260823_210543\base\clu_ovl\r01\output/details_schedule_results/pcm_simulation_results/intervels_[1]/res_schedule_commitment_result.txt
PART1: [unit-commitment] calculation result has been saved to: D:\GithubClonefiles\module_unitcommitment\.worktrees\108_168h\output\pcm_com4_loadall_h168_20260823_210543\base\clu_ovl\r01\output/details_schedule_results/pcm_simulation_results/intervels_[1]/res_schedule_commitment_result.txt
Step-3: Creating dispatching model (Refactored & Modularized)
  Clustered PCM: 108 physical units -> 31 equivalent units (71.3% state reduction; 108 units in non-singleton clusters)
  ✓ True clustered UC completed (31 virtual units)
Step-3: Creating dispatching model (Refactored & Modularized)
  Clustered PCM: 108 physical units -> 31 equivalent units (71.3% state reduction; 108 units in non-singleton clusters)
  ✓ True clustered UC completed (31 virtual units)
PART1: [unit-commitment] calculation result has been saved to: D:\GithubClonefiles\module_unitcommitment\.worktrees\108_168h\output\pcm_com4_loadall_h168_20260823_210543\base\clu_ovl\r01\output/details_schedule_results/pcm_simulation_results/intervels_[1]/res_schedule_commitment_result.txt
Step-3: Creating dispatching model (Refactored & Modularized)
  Clustered PCM: 108 physical units -> 31 equivalent units (71.3% state reduction; 108 units in non-singleton clusters)
  ✓ True clustered UC completed (31 virtual units)
PART1: [unit-commitment] calculation result has been saved to: D:\GithubClonefiles\module_unitcommitment\.worktrees\108_168h\output\pcm_com4_loadall_h168_20260823_210543\base\clu_ovl\r01\output/details_schedule_results/pcm_simulation_results/intervels_[1]/res_schedule_commitment_result.txt
Step-3: Creating dispatching model (Refactored & Modularized)
  Clustered PCM: 108 physical units -> 31 equivalent units (71.3% state reduction; 108 units in non-singleton clusters)
  ✓ True clustered UC completed (31 virtual units)
PART1: [unit-commitment] calculation result has been saved to: D:\GithubClonefiles\module_unitcommitment\.worktrees\108_168h\output\pcm_com4_loadall_h168_20260823_210543\base\clu_ovl\r01\output/details_schedule_results/pcm_simulation_results/intervels_[1]/res_schedule_commitment_result.txt
PART1: [unit-commitment] calculation result has been saved to: D:\GithubClonefiles\module_unitcommitment\.worktrees\108_168h\output\pcm_com4_loadall_h168_20260823_210543\base\clu_ovl\r01\output/details_schedule_results/pcm_simulation_results/intervels_[1]/res_schedule_commitment_result.txt
Step-3: Creating dispatching model (Refactored & Modularized)
  Clustered PCM: 108 physical units -> 31 equivalent units (71.3% state reduction; 108 units in non-singleton clusters)
  ✓ True clustered UC completed (31 virtual units)
Step-3: Creating dispatching model (Refactored & Modularized)
  Clustered PCM: 108 physical units -> 31 equivalent units (71.3% state reduction; 108 units in non-singleton clusters)
  ✓ True clustered UC completed (31 virtual units)
PART1: [unit-commitment] calculation result has been saved to: D:\GithubClonefiles\module_unitcommitment\.worktrees\108_168h\output\pcm_com4_loadall_h168_20260823_210543\base\clu_ovl\r01\output/details_schedule_results/pcm_simulation_results/intervels_[1]/res_schedule_commitment_result.txt
Step-3: Creating dispatching model (Refactored & Modularized)
  Clustered PCM: 108 physical units -> 31 equivalent units (71.3% state reduction; 108 units in non-singleton clusters)
  ✓ True clustered UC completed (31 virtual units)
PART1: [unit-commitment] calculation result has been saved to: D:\GithubClonefiles\module_unitcommitment\.worktrees\108_168h\output\pcm_com4_loadall_h168_20260823_210543\base\clu_ovl\r01\output/details_schedule_results/pcm_simulation_results/intervels_[1]/res_schedule_commitment_result.txt
Step-3: Creating dispatching model (Refactored & Modularized)
  Clustered PCM: 108 physical units -> 31 equivalent units (71.3% state reduction; 108 units in non-singleton clusters)
  ✓ True clustered UC completed (31 virtual units)
PART1: [unit-commitment] calculation result has been saved to: D:\GithubClonefiles\module_unitcommitment\.worktrees\108_168h\output\pcm_com4_loadall_h168_20260823_210543\base\clu_ovl\r01\output/details_schedule_results/pcm_simulation_results/intervels_[1]/res_schedule_commitment_result.txt
PART1: [unit-commitment] calculation result has been saved to: D:\GithubClonefiles\module_unitcommitment\.worktrees\108_168h\output\pcm_com4_loadall_h168_20260823_210543\base\clu_ovl\r01\output/details_schedule_results/pcm_simulation_results/intervels_[1]/res_schedule_commitment_result.txt
Step-3: Creating dispatching model (Refactored & Modularized)
  Clustered PCM: 108 physical units -> 31 equivalent units (71.3% state reduction; 108 units in non-singleton clusters)
  ✓ True clustered UC completed (31 virtual units)
Step-3: Creating dispatching model (Refactored & Modularized)
  Clustered PCM: 108 physical units -> 31 equivalent units (71.3% state reduction; 108 units in non-singleton clusters)
  ✓ True clustered UC completed (31 virtual units)
PART1: [unit-commitment] calculation result has been saved to: D:\GithubClonefiles\module_unitcommitment\.worktrees\108_168h\output\pcm_com4_loadall_h168_20260823_210543\base\clu_ovl\r01\output/details_schedule_results/pcm_simulation_results/intervels_[1]/res_schedule_commitment_result.txt
Step-3: Creating dispatching model (Refactored & Modularized)
  Clustered PCM: 108 physical units -> 31 equivalent units (71.3% state reduction; 108 units in non-singleton clusters)
  ✓ True clustered UC completed (31 virtual units)
PART1: [unit-commitment] calculation result has been saved to: D:\GithubClonefiles\module_unitcommitment\.worktrees\108_168h\output\pcm_com4_loadall_h168_20260823_210543\base\clu_ovl\r01\output/details_schedule_results/pcm_simulation_results/intervels_[1]/res_schedule_commitment_result.txt
Step-3: Creating dispatching model (Refactored & Modularized)
  Clustered PCM: 108 physical units -> 31 equivalent units (71.3% state reduction; 108 units in non-singleton clusters)
  ✓ True clustered UC completed (31 virtual units)
PART1: [unit-commitment] calculation result has been saved to: D:\GithubClonefiles\module_unitcommitment\.worktrees\108_168h\output\pcm_com4_loadall_h168_20260823_210543\base\clu_ovl\r01\output/details_schedule_results/pcm_simulation_results/intervels_[1]/res_schedule_commitment_result.txt
PART1: [unit-commitment] calculation result has been saved to: D:\GithubClonefiles\module_unitcommitment\.worktrees\108_168h\output\pcm_com4_loadall_h168_20260823_210543\base\clu_ovl\r01\output/details_schedule_results/pcm_simulation_results/intervels_[1]/res_schedule_commitment_result.txt
Step-3: Creating dispatching model (Refactored & Modularized)
  Clustered PCM: 108 physical units -> 31 equivalent units (71.3% state reduction; 108 units in non-singleton clusters)
  ✓ True clustered UC completed (31 virtual units)
Step-3: Creating dispatching model (Refactored & Modularized)
  Clustered PCM: 108 physical units -> 31 equivalent units (71.3% state reduction; 108 units in non-singleton clusters)
  ✓ True clustered UC completed (31 virtual units)
PART1: [unit-commitment] calculation result has been saved to: D:\GithubClonefiles\module_unitcommitment\.worktrees\108_168h\output\pcm_com4_loadall_h168_20260823_210543\base\clu_ovl\r01\output/details_schedule_results/pcm_simulation_results/intervels_[1]/res_schedule_commitment_result.txt
Step-3: Creating dispatching model (Refactored & Modularized)
  Clustered PCM: 108 physical units -> 31 equivalent units (71.3% state reduction; 108 units in non-singleton clusters)
  ✓ True clustered UC completed (31 virtual units)
PART1: [unit-commitment] calculation result has been saved to: D:\GithubClonefiles\module_unitcommitment\.worktrees\108_168h\output\pcm_com4_loadall_h168_20260823_210543\base\clu_ovl\r01\output/details_schedule_results/pcm_simulation_results/intervels_[1]/res_schedule_commitment_result.txt
Step-3: Creating dispatching model (Refactored & Modularized)
  Clustered PCM: 108 physical units -> 31 equivalent units (71.3% state reduction; 108 units in non-singleton clusters)
  ✓ True clustered UC completed (31 virtual units)
PART1: [unit-commitment] calculation result has been saved to: D:\GithubClonefiles\module_unitcommitment\.worktrees\108_168h\output\pcm_com4_loadall_h168_20260823_210543\base\clu_ovl\r01\output/details_schedule_results/pcm_simulation_results/intervels_[1]/res_schedule_commitment_result.txt
PART1: [unit-commitment] calculation result has been saved to: D:\GithubClonefiles\module_unitcommitment\.worktrees\108_168h\output\pcm_com4_loadall_h168_20260823_210543\base\clu_ovl\r01\output/details_schedule_results/pcm_simulation_results/intervels_[1]/res_schedule_commitment_result.txt
Step-3: Creating dispatching model (Refactored & Modularized)
  Clustered PCM: 108 physical units -> 31 equivalent units (71.3% state reduction; 108 units in non-singleton clusters)
  ✓ True clustered UC completed (31 virtual units)
Step-3: Creating dispatching model (Refactored & Modularized)
  Clustered PCM: 108 physical units -> 31 equivalent units (71.3% state reduction; 108 units in non-singleton clusters)
  ✓ True clustered UC completed (31 virtual units)
PART1: [unit-commitment] calculation result has been saved to: D:\GithubClonefiles\module_unitcommitment\.worktrees\108_168h\output\pcm_com4_loadall_h168_20260823_210543\base\clu_ovl\r01\output/details_schedule_results/pcm_simulation_results/intervels_[1]/res_schedule_commitment_result.txt
Step-3: Creating dispatching model (Refactored & Modularized)
  Clustered PCM: 108 physical units -> 31 equivalent units (71.3% state reduction; 108 units in non-singleton clusters)
  ✓ True clustered UC completed (31 virtual units)
PART1: [unit-commitment] calculation result has been saved to: D:\GithubClonefiles\module_unitcommitment\.worktrees\108_168h\output\pcm_com4_loadall_h168_20260823_210543\base\clu_ovl\r01\output/details_schedule_results/pcm_simulation_results/intervels_[1]/res_schedule_commitment_result.txt
Step-3: Creating dispatching model (Refactored & Modularized)
  Clustered PCM: 108 physical units -> 31 equivalent units (71.3% state reduction; 108 units in non-singleton clusters)
  ✓ True clustered UC completed (31 virtual units)
PART1: [unit-commitment] calculation result has been saved to: D:\GithubClonefiles\module_unitcommitment\.worktrees\108_168h\output\pcm_com4_loadall_h168_20260823_210543\base\clu_ovl\r01\output/details_schedule_results/pcm_simulation_results/intervels_[1]/res_schedule_commitment_result.txt
PART1: [unit-commitment] calculation result has been saved to: D:\GithubClonefiles\module_unitcommitment\.worktrees\108_168h\output\pcm_com4_loadall_h168_20260823_210543\base\clu_ovl\r01\output/details_schedule_results/pcm_simulation_results/intervels_[1]/res_schedule_commitment_result.txt
Step-3: Creating dispatching model (Refactored & Modularized)
  Clustered PCM: 108 physical units -> 31 equivalent units (71.3% state reduction; 108 units in non-singleton clusters)
    Fast disaggregation failed at ramp; trying exact cluster-internal certificate
  ✓ True clustered UC completed (31 virtual units)
Step-3: Creating dispatching model (Refactored & Modularized)
  Clustered PCM: 108 physical units -> 31 equivalent units (71.3% state reduction; 108 units in non-singleton clusters)
    Fast disaggregation failed at ramp; trying exact cluster-internal certificate
  ✓ True clustered UC completed (31 virtual units)
PART1: [unit-commitment] calculation result has been saved to: D:\GithubClonefiles\module_unitcommitment\.worktrees\108_168h\output\pcm_com4_loadall_h168_20260823_210543\base\clu_ovl\r01\output/details_schedule_results/pcm_simulation_results/intervels_[1]/res_schedule_commitment_result.txt
Step-3: Creating dispatching model (Refactored & Modularized)
  Clustered PCM: 108 physical units -> 31 equivalent units (71.3% state reduction; 108 units in non-singleton clusters)
  ✓ True clustered UC completed (31 virtual units)
PART1: [unit-commitment] calculation result has been saved to: D:\GithubClonefiles\module_unitcommitment\.worktrees\108_168h\output\pcm_com4_loadall_h168_20260823_210543\base\clu_ovl\r01\output/details_schedule_results/pcm_simulation_results/intervels_[1]/res_schedule_commitment_result.txt
Step-3: Creating dispatching model (Refactored & Modularized)
  Clustered PCM: 108 physical units -> 31 equivalent units (71.3% state reduction; 108 units in non-singleton clusters)
  ✓ True clustered UC completed (31 virtual units)
PART1: [unit-commitment] calculation result has been saved to: D:\GithubClonefiles\module_unitcommitment\.worktrees\108_168h\output\pcm_com4_loadall_h168_20260823_210543\base\clu_ovl\r01\output/details_schedule_results/pcm_simulation_results/intervels_[1]/res_schedule_commitment_result.txt
PART1: [unit-commitment] calculation result has been saved to: D:\GithubClonefiles\module_unitcommitment\.worktrees\108_168h\output\pcm_com4_loadall_h168_20260823_210543\base\clu_ovl\r01\output/details_schedule_results/pcm_simulation_results/intervels_[1]/res_schedule_commitment_result.txt
Step-3: Creating dispatching model (Refactored & Modularized)
  Clustered PCM: 108 physical units -> 31 equivalent units (71.3% state reduction; 108 units in non-singleton clusters)
  ✓ True clustered UC completed (31 virtual units)
Step-3: Creating dispatching model (Refactored & Modularized)
  Clustered PCM: 108 physical units -> 31 equivalent units (71.3% state reduction; 108 units in non-singleton clusters)
  ✓ True clustered UC completed (31 virtual units)
PART1: [unit-commitment] calculation result has been saved to: D:\GithubClonefiles\module_unitcommitment\.worktrees\108_168h\output\pcm_com4_loadall_h168_20260823_210543\base\clu_ovl\r01\output/details_schedule_results/pcm_simulation_results/intervels_[1]/res_schedule_commitment_result.txt
Step-3: Creating dispatching model (Refactored & Modularized)
  Clustered PCM: 108 physical units -> 31 equivalent units (71.3% state reduction; 108 units in non-singleton clusters)
  ✓ True clustered UC completed (31 virtual units)
PART1: [unit-commitment] calculation result has been saved to: D:\GithubClonefiles\module_unitcommitment\.worktrees\108_168h\output\pcm_com4_loadall_h168_20260823_210543\base\clu_ovl\r01\output/details_schedule_results/pcm_simulation_results/intervels_[1]/res_schedule_commitment_result.txt
Step-3: Creating dispatching model (Refactored & Modularized)
  Clustered PCM: 108 physical units -> 31 equivalent units (71.3% state reduction; 108 units in non-singleton clusters)
  ✓ True clustered UC completed (31 virtual units)
PART1: [unit-commitment] calculation result has been saved to: D:\GithubClonefiles\module_unitcommitment\.worktrees\108_168h\output\pcm_com4_loadall_h168_20260823_210543\base\clu_ovl\r01\output/details_schedule_results/pcm_simulation_results/intervels_[1]/res_schedule_commitment_result.txt
PART1: [unit-commitment] calculation result has been saved to: D:\GithubClonefiles\module_unitcommitment\.worktrees\108_168h\output\pcm_com4_loadall_h168_20260823_210543\base\clu_ovl\r01\output/details_schedule_results/pcm_simulation_results/intervels_[1]/res_schedule_commitment_result.txt
Step-3: Creating dispatching model (Refactored & Modularized)
  Clustered PCM: 108 physical units -> 31 equivalent units (71.3% state reduction; 108 units in non-singleton clusters)
  ✓ True clustered UC completed (31 virtual units)
Step-3: Creating dispatching model (Refactored & Modularized)
  Clustered PCM: 108 physical units -> 31 equivalent units (71.3% state reduction; 108 units in non-singleton clusters)
  ✓ True clustered UC completed (31 virtual units)
PART1: [unit-commitment] calculation result has been saved to: D:\GithubClonefiles\module_unitcommitment\.worktrees\108_168h\output\pcm_com4_loadall_h168_20260823_210543\base\clu_ovl\r01\output/details_schedule_results/pcm_simulation_results/intervels_[1]/res_schedule_commitment_result.txt
Step-3: Creating dispatching model (Refactored & Modularized)
  Clustered PCM: 108 physical units -> 31 equivalent units (71.3% state reduction; 108 units in non-singleton clusters)
  ✓ True clustered UC completed (31 virtual units)
PART1: [unit-commitment] calculation result has been saved to: D:\GithubClonefiles\module_unitcommitment\.worktrees\108_168h\output\pcm_com4_loadall_h168_20260823_210543\base\clu_ovl\r01\output/details_schedule_results/pcm_simulation_results/intervels_[1]/res_schedule_commitment_result.txt
Step-3: Creating dispatching model (Refactored & Modularized)
  Clustered PCM: 108 physical units -> 31 equivalent units (71.3% state reduction; 108 units in non-singleton clusters)
  ✓ True clustered UC completed (31 virtual units)
PART1: [unit-commitment] calculation result has been saved to: D:\GithubClonefiles\module_unitcommitment\.worktrees\108_168h\output\pcm_com4_loadall_h168_20260823_210543\base\clu_ovl\r01\output/details_schedule_results/pcm_simulation_results/intervels_[1]/res_schedule_commitment_result.txt
PART1: [unit-commitment] calculation result has been saved to: D:\GithubClonefiles\module_unitcommitment\.worktrees\108_168h\output\pcm_com4_loadall_h168_20260823_210543\base\clu_ovl\r01\output/details_schedule_results/pcm_simulation_results/intervels_[1]/res_schedule_commitment_result.txt
Step-3: Creating dispatching model (Refactored & Modularized)
  Clustered PCM: 108 physical units -> 31 equivalent units (71.3% state reduction; 108 units in non-singleton clusters)
  ✓ True clustered UC completed (31 virtual units)
Step-3: Creating dispatching model (Refactored & Modularized)
  Clustered PCM: 108 physical units -> 31 equivalent units (71.3% state reduction; 108 units in non-singleton clusters)
  ✓ True clustered UC completed (31 virtual units)
PART1: [unit-commitment] calculation result has been saved to: D:\GithubClonefiles\module_unitcommitment\.worktrees\108_168h\output\pcm_com4_loadall_h168_20260823_210543\base\clu_ovl\r01\output/details_schedule_results/pcm_simulation_results/intervels_[1]/res_schedule_commitment_result.txt
Step-3: Creating dispatching model (Refactored & Modularized)
  Clustered PCM: 108 physical units -> 31 equivalent units (71.3% state reduction; 108 units in non-singleton clusters)
  ✓ True clustered UC completed (31 virtual units)
PART1: [unit-commitment] calculation result has been saved to: D:\GithubClonefiles\module_unitcommitment\.worktrees\108_168h\output\pcm_com4_loadall_h168_20260823_210543\base\clu_ovl\r01\output/details_schedule_results/pcm_simulation_results/intervels_[1]/res_schedule_commitment_result.txt
Step-3: Creating dispatching model (Refactored & Modularized)
  Clustered PCM: 108 physical units -> 31 equivalent units (71.3% state reduction; 108 units in non-singleton clusters)
  ✓ True clustered UC completed (31 virtual units)
PART1: [unit-commitment] calculation result has been saved to: D:\GithubClonefiles\module_unitcommitment\.worktrees\108_168h\output\pcm_com4_loadall_h168_20260823_210543\base\clu_ovl\r01\output/details_schedule_results/pcm_simulation_results/intervels_[1]/res_schedule_commitment_result.txt
PART1: [unit-commitment] calculation result has been saved to: D:\GithubClonefiles\module_unitcommitment\.worktrees\108_168h\output\pcm_com4_loadall_h168_20260823_210543\base\clu_ovl\r01\output/details_schedule_results/pcm_simulation_results/intervels_[1]/res_schedule_commitment_result.txt
Step-3: Creating dispatching model (Refactored & Modularized)
  Clustered PCM: 108 physical units -> 31 equivalent units (71.3% state reduction; 108 units in non-singleton clusters)
  ✓ True clustered UC completed (31 virtual units)
Step-3: Creating dispatching model (Refactored & Modularized)
  Clustered PCM: 108 physical units -> 31 equivalent units (71.3% state reduction; 108 units in non-singleton clusters)
  ✓ True clustered UC completed (31 virtual units)
PART1: [unit-commitment] calculation result has been saved to: D:\GithubClonefiles\module_unitcommitment\.worktrees\108_168h\output\pcm_com4_loadall_h168_20260823_210543\base\clu_ovl\r01\output/details_schedule_results/pcm_simulation_results/intervels_[1]/res_schedule_commitment_result.txt
Step-3: Creating dispatching model (Refactored & Modularized)
  Clustered PCM: 108 physical units -> 31 equivalent units (71.3% state reduction; 108 units in non-singleton clusters)
  ✓ True clustered UC completed (31 virtual units)
PART1: [unit-commitment] calculation result has been saved to: D:\GithubClonefiles\module_unitcommitment\.worktrees\108_168h\output\pcm_com4_loadall_h168_20260823_210543\base\clu_ovl\r01\output/details_schedule_results/pcm_simulation_results/intervels_[1]/res_schedule_commitment_result.txt
Step-3: Creating dispatching model (Refactored & Modularized)
  Clustered PCM: 108 physical units -> 31 equivalent units (71.3% state reduction; 108 units in non-singleton clusters)
    Fast disaggregation failed at ramp; trying exact cluster-internal certificate
  ✓ True clustered UC completed (31 virtual units)
PART1: [unit-commitment] calculation result has been saved to: D:\GithubClonefiles\module_unitcommitment\.worktrees\108_168h\output\pcm_com4_loadall_h168_20260823_210543\base\clu_ovl\r01\output/details_schedule_results/pcm_simulation_results/intervels_[1]/res_schedule_commitment_result.txt
PART1: [unit-commitment] calculation result has been saved to: D:\GithubClonefiles\module_unitcommitment\.worktrees\108_168h\output\pcm_com4_loadall_h168_20260823_210543\base\clu_ovl\r01\output/details_schedule_results/pcm_simulation_results/intervels_[1]/res_schedule_commitment_result.txt
Step-3: Creating dispatching model (Refactored & Modularized)
  Clustered PCM: 108 physical units -> 31 equivalent units (71.3% state reduction; 108 units in non-singleton clusters)
  ✓ True clustered UC completed (31 virtual units)
Step-3: Creating dispatching model (Refactored & Modularized)
  Clustered PCM: 108 physical units -> 31 equivalent units (71.3% state reduction; 108 units in non-singleton clusters)
  ✓ True clustered UC completed (31 virtual units)
PART1: [unit-commitment] calculation result has been saved to: D:\GithubClonefiles\module_unitcommitment\.worktrees\108_168h\output\pcm_com4_loadall_h168_20260823_210543\base\clu_ovl\r01\output/details_schedule_results/pcm_simulation_results/intervels_[1]/res_schedule_commitment_result.txt
Step-3: Creating dispatching model (Refactored & Modularized)
  Clustered PCM: 108 physical units -> 31 equivalent units (71.3% state reduction; 108 units in non-singleton clusters)
  ✓ True clustered UC completed (31 virtual units)
PART1: [unit-commitment] calculation result has been saved to: D:\GithubClonefiles\module_unitcommitment\.worktrees\108_168h\output\pcm_com4_loadall_h168_20260823_210543\base\clu_ovl\r01\output/details_schedule_results/pcm_simulation_results/intervels_[1]/res_schedule_commitment_result.txt
Step-3: Creating dispatching model (Refactored & Modularized)
  Clustered PCM: 108 physical units -> 31 equivalent units (71.3% state reduction; 108 units in non-singleton clusters)
  ✓ True clustered UC completed (31 virtual units)
PART1: [unit-commitment] calculation result has been saved to: D:\GithubClonefiles\module_unitcommitment\.worktrees\108_168h\output\pcm_com4_loadall_h168_20260823_210543\base\clu_ovl\r01\output/details_schedule_results/pcm_simulation_results/intervels_[1]/res_schedule_commitment_result.txt
PART1: [unit-commitment] calculation result has been saved to: D:\GithubClonefiles\module_unitcommitment\.worktrees\108_168h\output\pcm_com4_loadall_h168_20260823_210543\base\clu_ovl\r01\output/details_schedule_results/pcm_simulation_results/intervels_[1]/res_schedule_commitment_result.txt
Step-3: Creating dispatching model (Refactored & Modularized)
  Clustered PCM: 108 physical units -> 31 equivalent units (71.3% state reduction; 108 units in non-singleton clusters)
  ✓ True clustered UC completed (31 virtual units)
Step-3: Creating dispatching model (Refactored & Modularized)
  Clustered PCM: 108 physical units -> 31 equivalent units (71.3% state reduction; 108 units in non-singleton clusters)
  ✓ True clustered UC completed (31 virtual units)
PART1: [unit-commitment] calculation result has been saved to: D:\GithubClonefiles\module_unitcommitment\.worktrees\108_168h\output\pcm_com4_loadall_h168_20260823_210543\base\clu_ovl\r01\output/details_schedule_results/pcm_simulation_results/intervels_[1]/res_schedule_commitment_result.txt
Step-3: Creating dispatching model (Refactored & Modularized)
  Clustered PCM: 108 physical units -> 31 equivalent units (71.3% state reduction; 108 units in non-singleton clusters)
  ✓ True clustered UC completed (31 virtual units)
PART1: [unit-commitment] calculation result has been saved to: D:\GithubClonefiles\module_unitcommitment\.worktrees\108_168h\output\pcm_com4_loadall_h168_20260823_210543\base\clu_ovl\r01\output/details_schedule_results/pcm_simulation_results/intervels_[1]/res_schedule_commitment_result.txt
Step-3: Creating dispatching model (Refactored & Modularized)
Set parameter Username
Set parameter LicenseID to value 2826524
Academic license - for non-commercial use only - expires 2027-05-22
Set parameter Username
Set parameter LicenseID to value 2826524
Academic license - for non-commercial use only - expires 2027-05-22
Set parameter Username
Set parameter LicenseID to value 2826524
Academic license - for non-commercial use only - expires 2027-05-22
Set parameter Username
Set parameter LicenseID to value 2826524
Academic license - for non-commercial use only - expires 2027-05-22
Set parameter Username
Set parameter LicenseID to value 2826524
Academic license - for non-commercial use only - expires 2027-05-22
Set parameter Username
Set parameter LicenseID to value 2826524
Academic license - for non-commercial use only - expires 2027-05-22
Set parameter Username
Set parameter LicenseID to value 2826524
Academic license - for non-commercial use only - expires 2027-05-22
Set parameter Username
Set parameter LicenseID to value 2826524
Academic license - for non-commercial use only - expires 2027-05-22
Set parameter Username
Set parameter LicenseID to value 2826524
Academic license - for non-commercial use only - expires 2027-05-22
Set parameter Username
Set parameter LicenseID to value 2826524
Academic license - for non-commercial use only - expires 2027-05-22
Set parameter Username
Set parameter LicenseID to value 2826524
Academic license - for non-commercial use only - expires 2027-05-22
Set parameter Username
Set parameter LicenseID to value 2826524
Academic license - for non-commercial use only - expires 2027-05-22
Set parameter Username
Set parameter LicenseID to value 2826524
Academic license - for non-commercial use only - expires 2027-05-22
Set parameter Username
Set parameter LicenseID to value 2826524
Academic license - for non-commercial use only - expires 2027-05-22
Set parameter Username
Set parameter LicenseID to value 2826524
Academic license - for non-commercial use only - expires 2027-05-22
Set parameter Username
Set parameter LicenseID to value 2826524
Academic license - for non-commercial use only - expires 2027-05-22
Set parameter Username
Set parameter LicenseID to value 2826524
Academic license - for non-commercial use only - expires 2027-05-22
Set parameter Username
Set parameter LicenseID to value 2826524
Academic license - for non-commercial use only - expires 2027-05-22
Set parameter Username
Set parameter LicenseID to value 2826524
Academic license - for non-commercial use only - expires 2027-05-22
Set parameter Username
Set parameter LicenseID to value 2826524
Academic license - for non-commercial use only - expires 2027-05-22
Set parameter Username
Set parameter LicenseID to value 2826524
Academic license - for non-commercial use only - expires 2027-05-22
Set parameter Username
Set parameter LicenseID to value 2826524
Academic license - for non-commercial use only - expires 2027-05-22
Set parameter Username
Set parameter LicenseID to value 2826524
Academic license - for non-commercial use only - expires 2027-05-22
Set parameter Username
Set parameter LicenseID to value 2826524
Academic license - for non-commercial use only - expires 2027-05-22
Set parameter Username
Set parameter LicenseID to value 2826524
Academic license - for non-commercial use only - expires 2027-05-22
Set parameter Username
Set parameter LicenseID to value 2826524
Academic license - for non-commercial use only - expires 2027-05-22
Set parameter Username
Set parameter LicenseID to value 2826524
Academic license - for non-commercial use only - expires 2027-05-22
Set parameter Username
Set parameter LicenseID to value 2826524
Academic license - for non-commercial use only - expires 2027-05-22
Set parameter Username
Set parameter LicenseID to value 2826524
Academic license - for non-commercial use only - expires 2027-05-22
Set parameter Username
Set parameter LicenseID to value 2826524
Academic license - for non-commercial use only - expires 2027-05-22
Set parameter Username
Set parameter LicenseID to value 2826524
Academic license - for non-commercial use only - expires 2027-05-22
Set parameter Username
Set parameter LicenseID to value 2826524
Academic license - for non-commercial use only - expires 2027-05-22
Set parameter Username
Set parameter LicenseID to value 2826524
Academic license - for non-commercial use only - expires 2027-05-22
Set parameter Username
Set parameter LicenseID to value 2826524
Academic license - for non-commercial use only - expires 2027-05-22
Set parameter Username
Set parameter LicenseID to value 2826524
Academic license - for non-commercial use only - expires 2027-05-22
Set parameter Username
Set parameter LicenseID to value 2826524
Academic license - for non-commercial use only - expires 2027-05-22
Set parameter Username
Set parameter LicenseID to value 2826524
Academic license - for non-commercial use only - expires 2027-05-22
Set parameter Username
Set parameter LicenseID to value 2826524
Academic license - for non-commercial use only - expires 2027-05-22
Set parameter Username
Set parameter LicenseID to value 2826524
Academic license - for non-commercial use only - expires 2027-05-22
Set parameter Username
Set parameter LicenseID to value 2826524
Academic license - for non-commercial use only - expires 2027-05-22
Set parameter Username
Set parameter LicenseID to value 2826524
Academic license - for non-commercial use only - expires 2027-05-22
Set parameter Username
Set parameter LicenseID to value 2826524
Academic license - for non-commercial use only - expires 2027-05-22
Set parameter Username
Set parameter LicenseID to value 2826524
Academic license - for non-commercial use only - expires 2027-05-22
Set parameter Username
Set parameter LicenseID to value 2826524
Academic license - for non-commercial use only - expires 2027-05-22
Set parameter Username
Set parameter LicenseID to value 2826524
Academic license - for non-commercial use only - expires 2027-05-22
Set parameter Username
Set parameter LicenseID to value 2826524
Academic license - for non-commercial use only - expires 2027-05-22
Set parameter Username
Set parameter LicenseID to value 2826524
Academic license - for non-commercial use only - expires 2027-05-22
Set parameter Username
Set parameter LicenseID to value 2826524
Academic license - for non-commercial use only - expires 2027-05-22
Set parameter Username
Set parameter LicenseID to value 2826524
Academic license - for non-commercial use only - expires 2027-05-22
Set parameter Username
Set parameter LicenseID to value 2826524
Academic license - for non-commercial use only - expires 2027-05-22
Set parameter Username
Set parameter LicenseID to value 2826524
Academic license - for non-commercial use only - expires 2027-05-22
Set parameter Username
Set parameter LicenseID to value 2826524
Academic license - for non-commercial use only - expires 2027-05-22
Set parameter Username
Set parameter LicenseID to value 2826524
Academic license - for non-commercial use only - expires 2027-05-22
Set parameter Username
Set parameter LicenseID to value 2826524
Academic license - for non-commercial use only - expires 2027-05-22
Set parameter Username
Set parameter LicenseID to value 2826524
Academic license - for non-commercial use only - expires 2027-05-22
Set parameter Username
Set parameter LicenseID to value 2826524
Academic license - for non-commercial use only - expires 2027-05-22
Set parameter Username
Set parameter LicenseID to value 2826524
Academic license - for non-commercial use only - expires 2027-05-22
Set parameter Username
Set parameter LicenseID to value 2826524
Academic license - for non-commercial use only - expires 2027-05-22
Set parameter Username
Set parameter LicenseID to value 2826524
Academic license - for non-commercial use only - expires 2027-05-22
Set parameter Username
Set parameter LicenseID to value 2826524
Academic license - for non-commercial use only - expires 2027-05-22
Set parameter Username
Set parameter LicenseID to value 2826524
Academic license - for non-commercial use only - expires 2027-05-22
Set parameter Username
Set parameter LicenseID to value 2826524
Academic license - for non-commercial use only - expires 2027-05-22
Set parameter Username
Set parameter LicenseID to value 2826524
Academic license - for non-commercial use only - expires 2027-05-22
Set parameter Username
Set parameter LicenseID to value 2826524
Academic license - for non-commercial use only - expires 2027-05-22
Set parameter Username
Set parameter LicenseID to value 2826524
Academic license - for non-commercial use only - expires 2027-05-22
Set parameter Username
Set parameter LicenseID to value 2826524
Academic license - for non-commercial use only - expires 2027-05-22
Set parameter Username
Set parameter LicenseID to value 2826524
Academic license - for non-commercial use only - expires 2027-05-22
Set parameter Username
Set parameter LicenseID to value 2826524
Academic license - for non-commercial use only - expires 2027-05-22
Set parameter Username
Set parameter LicenseID to value 2826524
Academic license - for non-commercial use only - expires 2027-05-22
Set parameter Username
Set parameter LicenseID to value 2826524
Academic license - for non-commercial use only - expires 2027-05-22
Set parameter Username
Set parameter LicenseID to value 2826524
Academic license - for non-commercial use only - expires 2027-05-22
Set parameter Username
Set parameter LicenseID to value 2826524
Academic license - for non-commercial use only - expires 2027-05-22
Set parameter Username
Set parameter LicenseID to value 2826524
Academic license - for non-commercial use only - expires 2027-05-22
Set parameter Username
Set parameter LicenseID to value 2826524
Academic license - for non-commercial use only - expires 2027-05-22
Set parameter Username
Set parameter LicenseID to value 2826524
Academic license - for non-commercial use only - expires 2027-05-22
Set parameter Username
Set parameter LicenseID to value 2826524
Academic license - for non-commercial use only - expires 2027-05-22
Set parameter Username
Set parameter LicenseID to value 2826524
Academic license - for non-commercial use only - expires 2027-05-22
Set parameter Username
Set parameter LicenseID to value 2826524
Academic license - for non-commercial use only - expires 2027-05-22
Set parameter Username
Set parameter LicenseID to value 2826524
Academic license - for non-commercial use only - expires 2027-05-22
Set parameter Username
Set parameter LicenseID to value 2826524
Academic license - for non-commercial use only - expires 2027-05-22
Set parameter Username
Set parameter LicenseID to value 2826524
Academic license - for non-commercial use only - expires 2027-05-22
Set parameter Username
Set parameter LicenseID to value 2826524
Academic license - for non-commercial use only - expires 2027-05-22
Set parameter Username
Set parameter LicenseID to value 2826524
Academic license - for non-commercial use only - expires 2027-05-22
Set parameter Username
Set parameter LicenseID to value 2826524
Academic license - for non-commercial use only - expires 2027-05-22
Set parameter Username
Set parameter LicenseID to value 2826524
Academic license - for non-commercial use only - expires 2027-05-22
Set parameter Username
Set parameter LicenseID to value 2826524
Academic license - for non-commercial use only - expires 2027-05-22
Set parameter Username
Set parameter LicenseID to value 2826524
Academic license - for non-commercial use only - expires 2027-05-22
Set parameter Username
Set parameter LicenseID to value 2826524
Academic license - for non-commercial use only - expires 2027-05-22
Set parameter Username
Set parameter LicenseID to value 2826524
Academic license - for non-commercial use only - expires 2027-05-22
Set parameter Username
Set parameter LicenseID to value 2826524
Academic license - for non-commercial use only - expires 2027-05-22
Set parameter Username
Set parameter LicenseID to value 2826524
Academic license - for non-commercial use only - expires 2027-05-22
Set parameter Username
Set parameter LicenseID to value 2826524
Academic license - for non-commercial use only - expires 2027-05-22
Set parameter Username
Set parameter LicenseID to value 2826524
Academic license - for non-commercial use only - expires 2027-05-22
Set parameter Username
Set parameter LicenseID to value 2826524
Academic license - for non-commercial use only - expires 2027-05-22
Set parameter Username
Set parameter LicenseID to value 2826524
Academic license - for non-commercial use only - expires 2027-05-22
Set parameter Username
Set parameter LicenseID to value 2826524
Academic license - for non-commercial use only - expires 2027-05-22
Set parameter Username
Set parameter LicenseID to value 2826524
Academic license - for non-commercial use only - expires 2027-05-22
Set parameter Username
Set parameter LicenseID to value 2826524
Academic license - for non-commercial use only - expires 2027-05-22
Set parameter Username
Set parameter LicenseID to value 2826524
Academic license - for non-commercial use only - expires 2027-05-22
Set parameter Username
Set parameter LicenseID to value 2826524
Academic license - for non-commercial use only - expires 2027-05-22
Set parameter Username
Set parameter LicenseID to value 2826524
Academic license - for non-commercial use only - expires 2027-05-22
Set parameter Username
Set parameter LicenseID to value 2826524
Academic license - for non-commercial use only - expires 2027-05-22
Set parameter Username
Set parameter LicenseID to value 2826524
Academic license - for non-commercial use only - expires 2027-05-22
Set parameter Username
Set parameter LicenseID to value 2826524
Academic license - for non-commercial use only - expires 2027-05-22
Set parameter Username
Set parameter LicenseID to value 2826524
Academic license - for non-commercial use only - expires 2027-05-22
Set parameter Username
Set parameter LicenseID to value 2826524
Academic license - for non-commercial use only - expires 2027-05-22
Set parameter Username
Set parameter LicenseID to value 2826524
Academic license - for non-commercial use only - expires 2027-05-22
Set parameter Username
Set parameter LicenseID to value 2826524
Academic license - for non-commercial use only - expires 2027-05-22
Set parameter Username
Set parameter LicenseID to value 2826524
Academic license - for non-commercial use only - expires 2027-05-22
Set parameter Username
Set parameter LicenseID to value 2826524
Academic license - for non-commercial use only - expires 2027-05-22
Set parameter Username
Set parameter LicenseID to value 2826524
Academic license - for non-commercial use only - expires 2027-05-22
Set parameter Username
Set parameter LicenseID to value 2826524
Academic license - for non-commercial use only - expires 2027-05-22
Set parameter Username
Set parameter LicenseID to value 2826524
Academic license - for non-commercial use only - expires 2027-05-22
Set parameter Username
Set parameter LicenseID to value 2826524
Academic license - for non-commercial use only - expires 2027-05-22
Set parameter Username
Set parameter LicenseID to value 2826524
Academic license - for non-commercial use only - expires 2027-05-22
Set parameter Username
Set parameter LicenseID to value 2826524
Academic license - for non-commercial use only - expires 2027-05-22
Set parameter Username
Set parameter LicenseID to value 2826524
Academic license - for non-commercial use only - expires 2027-05-22
Set parameter Username
Set parameter LicenseID to value 2826524
Academic license - for non-commercial use only - expires 2027-05-22
Set parameter Username
Set parameter LicenseID to value 2826524
Academic license - for non-commercial use only - expires 2027-05-22
Set parameter Username
Set parameter LicenseID to value 2826524
Academic license - for non-commercial use only - expires 2027-05-22
Set parameter Username
Set parameter LicenseID to value 2826524
Academic license - for non-commercial use only - expires 2027-05-22
Set parameter Username
Set parameter LicenseID to value 2826524
Academic license - for non-commercial use only - expires 2027-05-22
Set parameter Username
Set parameter LicenseID to value 2826524
Academic license - for non-commercial use only - expires 2027-05-22
Set parameter Username
Set parameter LicenseID to value 2826524
Academic license - for non-commercial use only - expires 2027-05-22
Set parameter Username
Set parameter LicenseID to value 2826524
Academic license - for non-commercial use only - expires 2027-05-22
Set parameter Username
Set parameter LicenseID to value 2826524
Academic license - for non-commercial use only - expires 2027-05-22
Set parameter Username
Set parameter LicenseID to value 2826524
Academic license - for non-commercial use only - expires 2027-05-22
Set parameter Username
Set parameter LicenseID to value 2826524
Academic license - for non-commercial use only - expires 2027-05-22
Set parameter Username
Set parameter LicenseID to value 2826524
Academic license - for non-commercial use only - expires 2027-05-22
Set parameter Username
Set parameter LicenseID to value 2826524
Academic license - for non-commercial use only - expires 2027-05-22
Set parameter Username
Set parameter LicenseID to value 2826524
Academic license - for non-commercial use only - expires 2027-05-22
Set parameter Username
Set parameter LicenseID to value 2826524
Academic license - for non-commercial use only - expires 2027-05-22
Set parameter Username
Set parameter LicenseID to value 2826524
Academic license - for non-commercial use only - expires 2027-05-22
Set parameter Username
Set parameter LicenseID to value 2826524
Academic license - for non-commercial use only - expires 2027-05-22
Set parameter Username
Set parameter LicenseID to value 2826524
Academic license - for non-commercial use only - expires 2027-05-22
Set parameter Username
Set parameter LicenseID to value 2826524
Academic license - for non-commercial use only - expires 2027-05-22
Set parameter Username
Set parameter LicenseID to value 2826524
Academic license - for non-commercial use only - expires 2027-05-22
Set parameter Username
Set parameter LicenseID to value 2826524
Academic license - for non-commercial use only - expires 2027-05-22
Set parameter Username
Set parameter LicenseID to value 2826524
Academic license - for non-commercial use only - expires 2027-05-22
Set parameter Username
Set parameter LicenseID to value 2826524
Academic license - for non-commercial use only - expires 2027-05-22
Set parameter Username
Set parameter LicenseID to value 2826524
Academic license - for non-commercial use only - expires 2027-05-22
Set parameter Username
Set parameter LicenseID to value 2826524
Academic license - for non-commercial use only - expires 2027-05-22
Set parameter Username
Set parameter LicenseID to value 2826524
Academic license - for non-commercial use only - expires 2027-05-22
Set parameter Username
Set parameter LicenseID to value 2826524
Academic license - for non-commercial use only - expires 2027-05-22
Set parameter Username
Set parameter LicenseID to value 2826524
Academic license - for non-commercial use only - expires 2027-05-22
Set parameter Username
Set parameter LicenseID to value 2826524
Academic license - for non-commercial use only - expires 2027-05-22
Set parameter Username
Set parameter LicenseID to value 2826524
Academic license - for non-commercial use only - expires 2027-05-22
Set parameter Username
Set parameter LicenseID to value 2826524
Academic license - for non-commercial use only - expires 2027-05-22
Set parameter Username
Set parameter LicenseID to value 2826524
Academic license - for non-commercial use only - expires 2027-05-22
Set parameter Username
Set parameter LicenseID to value 2826524
Academic license - for non-commercial use only - expires 2027-05-22
Set parameter Username
Set parameter LicenseID to value 2826524
Academic license - for non-commercial use only - expires 2027-05-22
Set parameter Username
Set parameter LicenseID to value 2826524
Academic license - for non-commercial use only - expires 2027-05-22
Set parameter Username
Set parameter LicenseID to value 2826524
Academic license - for non-commercial use only - expires 2027-05-22
Set parameter Username
Set parameter LicenseID to value 2826524
Academic license - for non-commercial use only - expires 2027-05-22
Set parameter Username
Set parameter LicenseID to value 2826524
Academic license - for non-commercial use only - expires 2027-05-22
Set parameter Username
Set parameter LicenseID to value 2826524
Academic license - for non-commercial use only - expires 2027-05-22
Set parameter Username
Set parameter LicenseID to value 2826524
Academic license - for non-commercial use only - expires 2027-05-22
Set parameter Username
Set parameter LicenseID to value 2826524
Academic license - for non-commercial use only - expires 2027-05-22
Set parameter Username
Set parameter LicenseID to value 2826524
Academic license - for non-commercial use only - expires 2027-05-22
Set parameter Username
Set parameter LicenseID to value 2826524
Academic license - for non-commercial use only - expires 2027-05-22
Set parameter Username
Set parameter LicenseID to value 2826524
Academic license - for non-commercial use only - expires 2027-05-22
  Clustered PCM: 108 physical units -> 31 equivalent units (71.3% state reduction; 108 units in non-singleton clusters)
  ✓ True clustered UC completed (31 virtual units)
PART1: [unit-commitment] calculation result has been saved to: D:\GithubClonefiles\module_unitcommitment\.worktrees\108_168h\output\pcm_com4_loadall_h168_20260823_210543\base\clu_ovl\r01\output/details_schedule_results/pcm_simulation_results/intervels_[1]/res_schedule_commitment_result.txt
PART1: [unit-commitment] calculation result has been saved to: D:\GithubClonefiles\module_unitcommitment\.worktrees\108_168h\output\pcm_com4_loadall_h168_20260823_210543\base\clu_ovl\r01\output/details_schedule_results/pcm_simulation_results/intervels_[1]/res_schedule_commitment_result.txt
Step-3: Creating dispatching model (Refactored & Modularized)
  Clustered PCM: 108 physical units -> 31 equivalent units (71.3% state reduction; 108 units in non-singleton clusters)
  ✓ True clustered UC completed (31 virtual units)
Step-3: Creating dispatching model (Refactored & Modularized)
  Clustered PCM: 108 physical units -> 31 equivalent units (71.3% state reduction; 108 units in non-singleton clusters)
  ✓ True clustered UC completed (31 virtual units)
PART1: [unit-commitment] calculation result has been saved to: D:\GithubClonefiles\module_unitcommitment\.worktrees\108_168h\output\pcm_com4_loadall_h168_20260823_210543\base\clu_ovl\r01\output/details_schedule_results/pcm_simulation_results/intervels_[1]/res_schedule_commitment_result.txt
Step-3: Creating dispatching model (Refactored & Modularized)
  Clustered PCM: 108 physical units -> 31 equivalent units (71.3% state reduction; 108 units in non-singleton clusters)
  ✓ True clustered UC completed (31 virtual units)
PART1: [unit-commitment] calculation result has been saved to: D:\GithubClonefiles\module_unitcommitment\.worktrees\108_168h\output\pcm_com4_loadall_h168_20260823_210543\base\clu_ovl\r01\output/details_schedule_results/pcm_simulation_results/intervels_[1]/res_schedule_commitment_result.txt
Step-3: Creating dispatching model (Refactored & Modularized)
  Clustered PCM: 108 physical units -> 31 equivalent units (71.3% state reduction; 108 units in non-singleton clusters)
  ✓ True clustered UC completed (31 virtual units)
PART1: [unit-commitment] calculation result has been saved to: D:\GithubClonefiles\module_unitcommitment\.worktrees\108_168h\output\pcm_com4_loadall_h168_20260823_210543\base\clu_ovl\r01\output/details_schedule_results/pcm_simulation_results/intervels_[1]/res_schedule_commitment_result.txt
PART1: [unit-commitment] calculation result has been saved to: D:\GithubClonefiles\module_unitcommitment\.worktrees\108_168h\output\pcm_com4_loadall_h168_20260823_210543\base\clu_ovl\r01\output/details_schedule_results/pcm_simulation_results/intervels_[1]/res_schedule_commitment_result.txt
Step-3: Creating dispatching model (Refactored & Modularized)
  Clustered PCM: 108 physical units -> 31 equivalent units (71.3% state reduction; 108 units in non-singleton clusters)
  ✓ True clustered UC completed (31 virtual units)
Step-3: Creating dispatching model (Refactored & Modularized)
  Clustered PCM: 108 physical units -> 31 equivalent units (71.3% state reduction; 108 units in non-singleton clusters)
  ✓ True clustered UC completed (31 virtual units)
PART1: [unit-commitment] calculation result has been saved to: D:\GithubClonefiles\module_unitcommitment\.worktrees\108_168h\output\pcm_com4_loadall_h168_20260823_210543\base\clu_ovl\r01\output/details_schedule_results/pcm_simulation_results/intervels_[1]/res_schedule_commitment_result.txt
Step-3: Creating dispatching model (Refactored & Modularized)
  Clustered PCM: 108 physical units -> 31 equivalent units (71.3% state reduction; 108 units in non-singleton clusters)
  ✓ True clustered UC completed (31 virtual units)
PART1: [unit-commitment] calculation result has been saved to: D:\GithubClonefiles\module_unitcommitment\.worktrees\108_168h\output\pcm_com4_loadall_h168_20260823_210543\base\clu_ovl\r01\output/details_schedule_results/pcm_simulation_results/intervels_[1]/res_schedule_commitment_result.txt
Step-3: Creating dispatching model (Refactored & Modularized)
  Clustered PCM: 108 physical units -> 31 equivalent units (71.3% state reduction; 108 units in non-singleton clusters)
  ✓ True clustered UC completed (31 virtual units)
PART1: [unit-commitment] calculation result has been saved to: D:\GithubClonefiles\module_unitcommitment\.worktrees\108_168h\output\pcm_com4_loadall_h168_20260823_210543\base\clu_ovl\r01\output/details_schedule_results/pcm_simulation_results/intervels_[1]/res_schedule_commitment_result.txt
PART1: [unit-commitment] calculation result has been saved to: D:\GithubClonefiles\module_unitcommitment\.worktrees\108_168h\output\pcm_com4_loadall_h168_20260823_210543\base\clu_ovl\r01\output/details_schedule_results/pcm_simulation_results/intervels_[1]/res_schedule_commitment_result.txt
Step-3: Creating dispatching model (Refactored & Modularized)
  Clustered PCM: 108 physical units -> 31 equivalent units (71.3% state reduction; 108 units in non-singleton clusters)
  ✓ True clustered UC completed (31 virtual units)
Step-3: Creating dispatching model (Refactored & Modularized)
  Clustered PCM: 108 physical units -> 31 equivalent units (71.3% state reduction; 108 units in non-singleton clusters)
  ✓ True clustered UC completed (31 virtual units)
PART1: [unit-commitment] calculation result has been saved to: D:\GithubClonefiles\module_unitcommitment\.worktrees\108_168h\output\pcm_com4_loadall_h168_20260823_210543\base\clu_ovl\r01\output/details_schedule_results/pcm_simulation_results/intervels_[1]/res_schedule_commitment_result.txt
Step-3: Creating dispatching model (Refactored & Modularized)
  Clustered PCM: 108 physical units -> 31 equivalent units (71.3% state reduction; 108 units in non-singleton clusters)
  ✓ True clustered UC completed (31 virtual units)
PART1: [unit-commitment] calculation result has been saved to: D:\GithubClonefiles\module_unitcommitment\.worktrees\108_168h\output\pcm_com4_loadall_h168_20260823_210543\base\clu_ovl\r01\output/details_schedule_results/pcm_simulation_results/intervels_[1]/res_schedule_commitment_result.txt
Step-3: Creating dispatching model (Refactored & Modularized)
  Clustered PCM: 108 physical units -> 31 equivalent units (71.3% state reduction; 108 units in non-singleton clusters)
    Fast disaggregation failed at ramp; trying exact cluster-internal certificate
  ✓ True clustered UC completed (31 virtual units)
PART1: [unit-commitment] calculation result has been saved to: D:\GithubClonefiles\module_unitcommitment\.worktrees\108_168h\output\pcm_com4_loadall_h168_20260823_210543\base\clu_ovl\r01\output/details_schedule_results/pcm_simulation_results/intervels_[1]/res_schedule_commitment_result.txt
PART1: [unit-commitment] calculation result has been saved to: D:\GithubClonefiles\module_unitcommitment\.worktrees\108_168h\output\pcm_com4_loadall_h168_20260823_210543\base\clu_ovl\r01\output/details_schedule_results/pcm_simulation_results/intervels_[1]/res_schedule_commitment_result.txt
Step-3: Creating dispatching model (Refactored & Modularized)
  Clustered PCM: 108 physical units -> 31 equivalent units (71.3% state reduction; 108 units in non-singleton clusters)
  ✓ True clustered UC completed (31 virtual units)
Step-3: Creating dispatching model (Refactored & Modularized)
  Clustered PCM: 108 physical units -> 31 equivalent units (71.3% state reduction; 108 units in non-singleton clusters)
  ✓ True clustered UC completed (31 virtual units)
PART1: [unit-commitment] calculation result has been saved to: D:\GithubClonefiles\module_unitcommitment\.worktrees\108_168h\output\pcm_com4_loadall_h168_20260823_210543\base\clu_ovl\r01\output/details_schedule_results/pcm_simulation_results/intervels_[1]/res_schedule_commitment_result.txt
Step-3: Creating dispatching model (Refactored & Modularized)
  Clustered PCM: 108 physical units -> 31 equivalent units (71.3% state reduction; 108 units in non-singleton clusters)
  ✓ True clustered UC completed (31 virtual units)
PART1: [unit-commitment] calculation result has been saved to: D:\GithubClonefiles\module_unitcommitment\.worktrees\108_168h\output\pcm_com4_loadall_h168_20260823_210543\base\clu_ovl\r01\output/details_schedule_results/pcm_simulation_results/intervels_[1]/res_schedule_commitment_result.txt
Step-3: Creating dispatching model (Refactored & Modularized)
  Clustered PCM: 108 physical units -> 31 equivalent units (71.3% state reduction; 108 units in non-singleton clusters)
  ✓ True clustered UC completed (31 virtual units)
PART1: [unit-commitment] calculation result has been saved to: D:\GithubClonefiles\module_unitcommitment\.worktrees\108_168h\output\pcm_com4_loadall_h168_20260823_210543\base\clu_ovl\r01\output/details_schedule_results/pcm_simulation_results/intervels_[1]/res_schedule_commitment_result.txt
PART1: [unit-commitment] calculation result has been saved to: D:\GithubClonefiles\module_unitcommitment\.worktrees\108_168h\output\pcm_com4_loadall_h168_20260823_210543\base\clu_ovl\r01\output/details_schedule_results/pcm_simulation_results/intervels_[1]/res_schedule_commitment_result.txt
Step-3: Creating dispatching model (Refactored & Modularized)
  Clustered PCM: 108 physical units -> 31 equivalent units (71.3% state reduction; 108 units in non-singleton clusters)
  ✓ True clustered UC completed (31 virtual units)
Step-3: Creating dispatching model (Refactored & Modularized)
  Clustered PCM: 108 physical units -> 31 equivalent units (71.3% state reduction; 108 units in non-singleton clusters)
  ✓ True clustered UC completed (31 virtual units)
PART1: [unit-commitment] calculation result has been saved to: D:\GithubClonefiles\module_unitcommitment\.worktrees\108_168h\output\pcm_com4_loadall_h168_20260823_210543\base\clu_ovl\r01\output/details_schedule_results/pcm_simulation_results/intervels_[1]/res_schedule_commitment_result.txt
Step-3: Creating dispatching model (Refactored & Modularized)
  Clustered PCM: 108 physical units -> 31 equivalent units (71.3% state reduction; 108 units in non-singleton clusters)
  ✓ True clustered UC completed (31 virtual units)
PART1: [unit-commitment] calculation result has been saved to: D:\GithubClonefiles\module_unitcommitment\.worktrees\108_168h\output\pcm_com4_loadall_h168_20260823_210543\base\clu_ovl\r01\output/details_schedule_results/pcm_simulation_results/intervels_[1]/res_schedule_commitment_result.txt
Step-3: Creating dispatching model (Refactored & Modularized)
  Clustered PCM: 108 physical units -> 31 equivalent units (71.3% state reduction; 108 units in non-singleton clusters)
  ✓ True clustered UC completed (31 virtual units)
PART1: [unit-commitment] calculation result has been saved to: D:\GithubClonefiles\module_unitcommitment\.worktrees\108_168h\output\pcm_com4_loadall_h168_20260823_210543\base\clu_ovl\r01\output/details_schedule_results/pcm_simulation_results/intervels_[1]/res_schedule_commitment_result.txt
PART1: [unit-commitment] calculation result has been saved to: D:\GithubClonefiles\module_unitcommitment\.worktrees\108_168h\output\pcm_com4_loadall_h168_20260823_210543\base\clu_ovl\r01\output/details_schedule_results/pcm_simulation_results/intervels_[1]/res_schedule_commitment_result.txt
Step-3: Creating dispatching model (Refactored & Modularized)
  Clustered PCM: 108 physical units -> 31 equivalent units (71.3% state reduction; 108 units in non-singleton clusters)
  ✓ True clustered UC completed (31 virtual units)
Step-3: Creating dispatching model (Refactored & Modularized)
  Clustered PCM: 108 physical units -> 31 equivalent units (71.3% state reduction; 108 units in non-singleton clusters)
  ✓ True clustered UC completed (31 virtual units)
PART1: [unit-commitment] calculation result has been saved to: D:\GithubClonefiles\module_unitcommitment\.worktrees\108_168h\output\pcm_com4_loadall_h168_20260823_210543\base\clu_ovl\r01\output/details_schedule_results/pcm_simulation_results/intervels_[1]/res_schedule_commitment_result.txt
Step-3: Creating dispatching model (Refactored & Modularized)
  Clustered PCM: 108 physical units -> 31 equivalent units (71.3% state reduction; 108 units in non-singleton clusters)
  ✓ True clustered UC completed (31 virtual units)
PART1: [unit-commitment] calculation result has been saved to: D:\GithubClonefiles\module_unitcommitment\.worktrees\108_168h\output\pcm_com4_loadall_h168_20260823_210543\base\clu_ovl\r01\output/details_schedule_results/pcm_simulation_results/intervels_[1]/res_schedule_commitment_result.txt
Step-3: Creating dispatching model (Refactored & Modularized)
  Clustered PCM: 108 physical units -> 31 equivalent units (71.3% state reduction; 108 units in non-singleton clusters)
  ✓ True clustered UC completed (31 virtual units)
PART1: [unit-commitment] calculation result has been saved to: D:\GithubClonefiles\module_unitcommitment\.worktrees\108_168h\output\pcm_com4_loadall_h168_20260823_210543\base\clu_ovl\r01\output/details_schedule_results/pcm_simulation_results/intervels_[1]/res_schedule_commitment_result.txt
PART1: [unit-commitment] calculation result has been saved to: D:\GithubClonefiles\module_unitcommitment\.worktrees\108_168h\output\pcm_com4_loadall_h168_20260823_210543\base\clu_ovl\r01\output/details_schedule_results/pcm_simulation_results/intervels_[1]/res_schedule_commitment_result.txt
Step-3: Creating dispatching model (Refactored & Modularized)
  Clustered PCM: 108 physical units -> 31 equivalent units (71.3% state reduction; 108 units in non-singleton clusters)
  ✓ True clustered UC completed (31 virtual units)
Step-3: Creating dispatching model (Refactored & Modularized)
  Clustered PCM: 108 physical units -> 31 equivalent units (71.3% state reduction; 108 units in non-singleton clusters)
  ✓ True clustered UC completed (31 virtual units)
PART1: [unit-commitment] calculation result has been saved to: D:\GithubClonefiles\module_unitcommitment\.worktrees\108_168h\output\pcm_com4_loadall_h168_20260823_210543\base\clu_ovl\r01\output/details_schedule_results/pcm_simulation_results/intervels_[1]/res_schedule_commitment_result.txt
Step-3: Creating dispatching model (Refactored & Modularized)
  Clustered PCM: 108 physical units -> 31 equivalent units (71.3% state reduction; 108 units in non-singleton clusters)
  ✓ True clustered UC completed (31 virtual units)
PART1: [unit-commitment] calculation result has been saved to: D:\GithubClonefiles\module_unitcommitment\.worktrees\108_168h\output\pcm_com4_loadall_h168_20260823_210543\base\clu_ovl\r01\output/details_schedule_results/pcm_simulation_results/intervels_[1]/res_schedule_commitment_result.txt
Step-3: Creating dispatching model (Refactored & Modularized)
  Clustered PCM: 108 physical units -> 31 equivalent units (71.3% state reduction; 108 units in non-singleton clusters)
  ✓ True clustered UC completed (31 virtual units)
PART1: [unit-commitment] calculation result has been saved to: D:\GithubClonefiles\module_unitcommitment\.worktrees\108_168h\output\pcm_com4_loadall_h168_20260823_210543\base\clu_ovl\r01\output/details_schedule_results/pcm_simulation_results/intervels_[1]/res_schedule_commitment_result.txt
PART1: [unit-commitment] calculation result has been saved to: D:\GithubClonefiles\module_unitcommitment\.worktrees\108_168h\output\pcm_com4_loadall_h168_20260823_210543\base\clu_ovl\r01\output/details_schedule_results/pcm_simulation_results/intervels_[1]/res_schedule_commitment_result.txt
Step-3: Creating dispatching model (Refactored & Modularized)
  Clustered PCM: 108 physical units -> 31 equivalent units (71.3% state reduction; 108 units in non-singleton clusters)
  ✓ True clustered UC completed (31 virtual units)
Step-3: Creating dispatching model (Refactored & Modularized)
  Clustered PCM: 108 physical units -> 31 equivalent units (71.3% state reduction; 108 units in non-singleton clusters)
  ✓ True clustered UC completed (31 virtual units)
PART1: [unit-commitment] calculation result has been saved to: D:\GithubClonefiles\module_unitcommitment\.worktrees\108_168h\output\pcm_com4_loadall_h168_20260823_210543\base\clu_ovl\r01\output/details_schedule_results/pcm_simulation_results/intervels_[1]/res_schedule_commitment_result.txt
Step-3: Creating dispatching model (Refactored & Modularized)
  Clustered PCM: 108 physical units -> 31 equivalent units (71.3% state reduction; 108 units in non-singleton clusters)
  ✓ True clustered UC completed (31 virtual units)
PART1: [unit-commitment] calculation result has been saved to: D:\GithubClonefiles\module_unitcommitment\.worktrees\108_168h\output\pcm_com4_loadall_h168_20260823_210543\base\clu_ovl\r01\output/details_schedule_results/pcm_simulation_results/intervels_[1]/res_schedule_commitment_result.txt
Step-3: Creating dispatching model (Refactored & Modularized)
  Clustered PCM: 108 physical units -> 31 equivalent units (71.3% state reduction; 108 units in non-singleton clusters)
  ✓ True clustered UC completed (31 virtual units)
PART1: [unit-commitment] calculation result has been saved to: D:\GithubClonefiles\module_unitcommitment\.worktrees\108_168h\output\pcm_com4_loadall_h168_20260823_210543\base\clu_ovl\r01\output/details_schedule_results/pcm_simulation_results/intervels_[1]/res_schedule_commitment_result.txt
PART1: [unit-commitment] calculation result has been saved to: D:\GithubClonefiles\module_unitcommitment\.worktrees\108_168h\output\pcm_com4_loadall_h168_20260823_210543\base\clu_ovl\r01\output/details_schedule_results/pcm_simulation_results/intervels_[1]/res_schedule_commitment_result.txt
Step-3: Creating dispatching model (Refactored & Modularized)
  Clustered PCM: 108 physical units -> 31 equivalent units (71.3% state reduction; 108 units in non-singleton clusters)
  ✓ True clustered UC completed (31 virtual units)
Step-3: Creating dispatching model (Refactored & Modularized)
  Clustered PCM: 108 physical units -> 31 equivalent units (71.3% state reduction; 108 units in non-singleton clusters)
  ✓ True clustered UC completed (31 virtual units)
PART1: [unit-commitment] calculation result has been saved to: D:\GithubClonefiles\module_unitcommitment\.worktrees\108_168h\output\pcm_com4_loadall_h168_20260823_210543\base\clu_ovl\r01\output/details_schedule_results/pcm_simulation_results/intervels_[1]/res_schedule_commitment_result.txt
Step-3: Creating dispatching model (Refactored & Modularized)
  Clustered PCM: 108 physical units -> 31 equivalent units (71.3% state reduction; 108 units in non-singleton clusters)
  ✓ True clustered UC completed (31 virtual units)
PART1: [unit-commitment] calculation result has been saved to: D:\GithubClonefiles\module_unitcommitment\.worktrees\108_168h\output\pcm_com4_loadall_h168_20260823_210543\base\clu_ovl\r01\output/details_schedule_results/pcm_simulation_results/intervels_[1]/res_schedule_commitment_result.txt
Step-3: Creating dispatching model (Refactored & Modularized)
  Clustered PCM: 108 physical units -> 31 equivalent units (71.3% state reduction; 108 units in non-singleton clusters)
  ✓ True clustered UC completed (31 virtual units)
PART1: [unit-commitment] calculation result has been saved to: D:\GithubClonefiles\module_unitcommitment\.worktrees\108_168h\output\pcm_com4_loadall_h168_20260823_210543\base\clu_ovl\r01\output/details_schedule_results/pcm_simulation_results/intervels_[1]/res_schedule_commitment_result.txt
PART1: [unit-commitment] calculation result has been saved to: D:\GithubClonefiles\module_unitcommitment\.worktrees\108_168h\output\pcm_com4_loadall_h168_20260823_210543\base\clu_ovl\r01\output/details_schedule_results/pcm_simulation_results/intervels_[1]/res_schedule_commitment_result.txt
Step-3: Creating dispatching model (Refactored & Modularized)
  Clustered PCM: 108 physical units -> 31 equivalent units (71.3% state reduction; 108 units in non-singleton clusters)
  ✓ True clustered UC completed (31 virtual units)
Step-3: Creating dispatching model (Refactored & Modularized)
  Clustered PCM: 108 physical units -> 31 equivalent units (71.3% state reduction; 108 units in non-singleton clusters)
  ✓ True clustered UC completed (31 virtual units)
PART1: [unit-commitment] calculation result has been saved to: D:\GithubClonefiles\module_unitcommitment\.worktrees\108_168h\output\pcm_com4_loadall_h168_20260823_210543\base\clu_ovl\r01\output/details_schedule_results/pcm_simulation_results/intervels_[1]/res_schedule_commitment_result.txt
Step-3: Creating dispatching model (Refactored & Modularized)
  Clustered PCM: 108 physical units -> 31 equivalent units (71.3% state reduction; 108 units in non-singleton clusters)
  ✓ True clustered UC completed (31 virtual units)
PART1: [unit-commitment] calculation result has been saved to: D:\GithubClonefiles\module_unitcommitment\.worktrees\108_168h\output\pcm_com4_loadall_h168_20260823_210543\base\clu_ovl\r01\output/details_schedule_results/pcm_simulation_results/intervels_[1]/res_schedule_commitment_result.txt
Step-3: Creating dispatching model (Refactored & Modularized)
  Clustered PCM: 108 physical units -> 31 equivalent units (71.3% state reduction; 108 units in non-singleton clusters)
  ✓ True clustered UC completed (31 virtual units)
PART1: [unit-commitment] calculation result has been saved to: D:\GithubClonefiles\module_unitcommitment\.worktrees\108_168h\output\pcm_com4_loadall_h168_20260823_210543\base\clu_ovl\r01\output/details_schedule_results/pcm_simulation_results/intervels_[1]/res_schedule_commitment_result.txt
PART1: [unit-commitment] calculation result has been saved to: D:\GithubClonefiles\module_unitcommitment\.worktrees\108_168h\output\pcm_com4_loadall_h168_20260823_210543\base\clu_ovl\r01\output/details_schedule_results/pcm_simulation_results/intervels_[1]/res_schedule_commitment_result.txt
Step-3: Creating dispatching model (Refactored & Modularized)
  Clustered PCM: 108 physical units -> 31 equivalent units (71.3% state reduction; 108 units in non-singleton clusters)
  ✓ True clustered UC completed (31 virtual units)
Step-3: Creating dispatching model (Refactored & Modularized)
  Clustered PCM: 108 physical units -> 31 equivalent units (71.3% state reduction; 108 units in non-singleton clusters)
  ✓ True clustered UC completed (31 virtual units)
PART1: [unit-commitment] calculation result has been saved to: D:\GithubClonefiles\module_unitcommitment\.worktrees\108_168h\output\pcm_com4_loadall_h168_20260823_210543\base\clu_ovl\r01\output/details_schedule_results/pcm_simulation_results/intervels_[1]/res_schedule_commitment_result.txt
Step-3: Creating dispatching model (Refactored & Modularized)
  Clustered PCM: 108 physical units -> 31 equivalent units (71.3% state reduction; 108 units in non-singleton clusters)
  ✓ True clustered UC completed (31 virtual units)
PART1: [unit-commitment] calculation result has been saved to: D:\GithubClonefiles\module_unitcommitment\.worktrees\108_168h\output\pcm_com4_loadall_h168_20260823_210543\base\clu_ovl\r01\output/details_schedule_results/pcm_simulation_results/intervels_[1]/res_schedule_commitment_result.txt
Step-3: Creating dispatching model (Refactored & Modularized)
  Clustered PCM: 108 physical units -> 31 equivalent units (71.3% state reduction; 108 units in non-singleton clusters)
  ✓ True clustered UC completed (31 virtual units)
PART1: [unit-commitment] calculation result has been saved to: D:\GithubClonefiles\module_unitcommitment\.worktrees\108_168h\output\pcm_com4_loadall_h168_20260823_210543\base\clu_ovl\r01\output/details_schedule_results/pcm_simulation_results/intervels_[1]/res_schedule_commitment_result.txt
PART1: [unit-commitment] calculation result has been saved to: D:\GithubClonefiles\module_unitcommitment\.worktrees\108_168h\output\pcm_com4_loadall_h168_20260823_210543\base\clu_ovl\r01\output/details_schedule_results/pcm_simulation_results/intervels_[1]/res_schedule_commitment_result.txt
Step-3: Creating dispatching model (Refactored & Modularized)
  Clustered PCM: 108 physical units -> 31 equivalent units (71.3% state reduction; 108 units in non-singleton clusters)
    5-point output grid is infeasible; retrying this window with 17 points
  Clustered PCM: 108 physical units -> 31 equivalent units (71.3% state reduction; 108 units in non-singleton clusters)
    Refined output grid is infeasible; entering continuous residence-power diagnosis
  Clustered PCM: 108 physical units -> 31 equivalent units (71.3% state reduction; 108 units in non-singleton clusters)
  ⚠ True clustered UC failed at cluster_master: INFEASIBLE; falling back to full unit-network SCUC
	 Variables defined.
DEBUG set_objective_economic!: NT=36, NG=108, ND=91, NW=20, NS=1, K=3, size(refcost)=(108,), size(eachslope)=(3, 108)
objective_function
	MILP economic objective set
subject to.
	 constraints: 1) minimum shutup/shutdown time limits			 done
	 constraints: 2) binary variable logic					 done
	 constraints: 3) shutup/shutdown cost					 done
	 constraints: 4) loadcurtailments and spoliedwinds			 done
	 constraints: 5) generatos power limits					 done
	 constraints: 6) system reserves limits					 done
	 constraints: 7) power balance constraints				 done
	 constraints: 8) ramp-up/ramp-down constraints				 done
	 constraints: 9) piece linearization constraints			 done
	 constraints: 10) transmissionline limits skipped (is_NetWorkCon != 1 or Gsdf missing or NL=0)
	 constraints: 11) stroges system constraints skipped (NC=0 or variables not defined)
	 constraints: 12) data centra constraints skipped (is_ConsiderDataCentra != 1)
	 constraints: 13) frequency control constraints skipped (is_ConsiderFrequencyControl != 1)
	 constraints: 14) hydro power limits					 done
+++++++++++++++++++++++++++++++++++++++++++++++++++++++++++++++++++++++++++++++++++++++++++
Step-4: starting Gurobi solver
Step-5: Gurobi solver finished
+++++++++++++++++++++++++++++++++++++++++++++++++++++++++++++++++++++++++++++++++++++++++++

solution_summary(scuc) = solution_summary(; result = 1, verbose = false)
├ solver_name          : Gurobi
├ Termination
│ ├ termination_status : OPTIMAL
│ ├ result_count       : 4
│ ├ raw_status         : Model was solved to optimality (subject to tolerances), and an optimal solution is available.
│ └ objective_bound    : 1.86369e+15
├ Solution (result = 1)
│ ├ primal_status        : FEASIBLE_POINT
│ ├ dual_status          : NO_SOLUTION
│ ├ objective_value      : 1.86369e+15
│ └ relative_gap         : 1.12721e-09
└ Work counters
  ├ solve_time (sec)   : 2.66500e+00
  ├ simplex_iterations : 17759
  ├ barrier_iterations : 0
  └ node_count         : 1


Termination Status: OPTIMAL
Acceptable solution found (Status: OPTIMAL).
Step-6: record datas
PART1: [unit-commitment] calculation result has been saved to: D:\GithubClonefiles\module_unitcommitment\.worktrees\108_168h\output\pcm_com4_loadall_h168_20260823_210543\base\clu_ovl\r01\output/details_schedule_results/pcm_simulation_results/intervels_[1]/res_schedule_commitment_result.txt
Step-3: Creating dispatching model (Refactored & Modularized)
  Clustered PCM: 108 physical units -> 31 equivalent units (71.3% state reduction; 108 units in non-singleton clusters)
    5-point output grid is infeasible; retrying this window with 17 points
  Clustered PCM: 108 physical units -> 31 equivalent units (71.3% state reduction; 108 units in non-singleton clusters)
    Refined output grid is infeasible; entering continuous residence-power diagnosis
  Clustered PCM: 108 physical units -> 31 equivalent units (71.3% state reduction; 108 units in non-singleton clusters)
  ⚠ True clustered UC failed at cluster_master: INFEASIBLE; falling back to full unit-network SCUC
	 Variables defined.
DEBUG set_objective_economic!: NT=36, NG=108, ND=91, NW=20, NS=1, K=3, size(refcost)=(108,), size(eachslope)=(3, 108)
objective_function
	MILP economic objective set
subject to.
	 constraints: 1) minimum shutup/shutdown time limits			 done
	 constraints: 2) binary variable logic					 done
	 constraints: 3) shutup/shutdown cost					 done
	 constraints: 4) loadcurtailments and spoliedwinds			 done
	 constraints: 5) generatos power limits					 done
	 constraints: 6) system reserves limits					 done
	 constraints: 7) power balance constraints				 done
	 constraints: 8) ramp-up/ramp-down constraints				 done
	 constraints: 9) piece linearization constraints			 done
	 constraints: 10) transmissionline limits skipped (is_NetWorkCon != 1 or Gsdf missing or NL=0)
	 constraints: 11) stroges system constraints skipped (NC=0 or variables not defined)
	 constraints: 12) data centra constraints skipped (is_ConsiderDataCentra != 1)
	 constraints: 13) frequency control constraints skipped (is_ConsiderFrequencyControl != 1)
	 constraints: 14) hydro power limits					 done
+++++++++++++++++++++++++++++++++++++++++++++++++++++++++++++++++++++++++++++++++++++++++++
Step-4: starting Gurobi solver
Step-5: Gurobi solver finished
+++++++++++++++++++++++++++++++++++++++++++++++++++++++++++++++++++++++++++++++++++++++++++

solution_summary(scuc) = solution_summary(; result = 1, verbose = false)
├ solver_name          : Gurobi
├ Termination
│ ├ termination_status : OPTIMAL
│ ├ result_count       : 4
│ ├ raw_status         : Model was solved to optimality (subject to tolerances), and an optimal solution is available.
│ └ objective_bound    : 1.86369e+15
├ Solution (result = 1)
│ ├ primal_status        : FEASIBLE_POINT
│ ├ dual_status          : NO_SOLUTION
│ ├ objective_value      : 1.86369e+15
│ └ relative_gap         : 1.12721e-09
└ Work counters
  ├ solve_time (sec)   : 2.65300e+00
  ├ simplex_iterations : 17759
  ├ barrier_iterations : 0
  └ node_count         : 1


Termination Status: OPTIMAL
Acceptable solution found (Status: OPTIMAL).
Step-6: record datas
PART1: [unit-commitment] calculation result has been saved to: D:\GithubClonefiles\module_unitcommitment\.worktrees\108_168h\output\pcm_com4_loadall_h168_20260823_210543\base\clu_ovl\r01\output/details_schedule_results/pcm_simulation_results/intervels_[1]/res_schedule_commitment_result.txt
PART1: [unit-commitment] calculation result has been saved to: D:\GithubClonefiles\module_unitcommitment\.worktrees\108_168h\output\pcm_com4_loadall_h168_20260823_210543\base\clu_ovl\r01\output/details_schedule_results/pcm_simulation_results/intervels_[1]/res_schedule_commitment_result.txt
Step-3: Creating dispatching model (Refactored & Modularized)
  Clustered PCM: 108 physical units -> 31 equivalent units (71.3% state reduction; 108 units in non-singleton clusters)
    5-point output grid is infeasible; retrying this window with 17 points
  Clustered PCM: 108 physical units -> 31 equivalent units (71.3% state reduction; 108 units in non-singleton clusters)
    Refined output grid is infeasible; entering continuous residence-power diagnosis
  Clustered PCM: 108 physical units -> 31 equivalent units (71.3% state reduction; 108 units in non-singleton clusters)
  ⚠ True clustered UC failed at cluster_master: INFEASIBLE; falling back to full unit-network SCUC
	 Variables defined.
DEBUG set_objective_economic!: NT=26, NG=108, ND=91, NW=20, NS=1, K=3, size(refcost)=(108,), size(eachslope)=(3, 108)
objective_function
	MILP economic objective set
subject to.
	 constraints: 1) minimum shutup/shutdown time limits			 done
	 constraints: 2) binary variable logic					 done
	 constraints: 3) shutup/shutdown cost					 done
	 constraints: 4) loadcurtailments and spoliedwinds			 done
	 constraints: 5) generatos power limits					 done
	 constraints: 6) system reserves limits					 done
	 constraints: 7) power balance constraints				 done
	 constraints: 8) ramp-up/ramp-down constraints				 done
	 constraints: 9) piece linearization constraints			 done
	 constraints: 10) transmissionline limits skipped (is_NetWorkCon != 1 or Gsdf missing or NL=0)
	 constraints: 11) stroges system constraints skipped (NC=0 or variables not defined)
	 constraints: 12) data centra constraints skipped (is_ConsiderDataCentra != 1)
	 constraints: 13) frequency control constraints skipped (is_ConsiderFrequencyControl != 1)
	 constraints: 14) hydro power limits					 done
+++++++++++++++++++++++++++++++++++++++++++++++++++++++++++++++++++++++++++++++++++++++++++
Step-4: starting Gurobi solver
Step-5: Gurobi solver finished
+++++++++++++++++++++++++++++++++++++++++++++++++++++++++++++++++++++++++++++++++++++++++++

solution_summary(scuc) = Set parameter Username
Set parameter LicenseID to value 2826524
Academic license - for non-commercial use only - expires 2027-05-22
Set parameter Username
Set parameter LicenseID to value 2826524
Academic license - for non-commercial use only - expires 2027-05-22
Set parameter Username
Set parameter LicenseID to value 2826524
Academic license - for non-commercial use only - expires 2027-05-22
Set parameter Username
Set parameter LicenseID to value 2826524
Academic license - for non-commercial use only - expires 2027-05-22
Set parameter Username
Set parameter LicenseID to value 2826524
Academic license - for non-commercial use only - expires 2027-05-22
Set parameter Username
Set parameter LicenseID to value 2826524
Academic license - for non-commercial use only - expires 2027-05-22
Set parameter Username
Set parameter LicenseID to value 2826524
Academic license - for non-commercial use only - expires 2027-05-22
Set parameter Username
Set parameter LicenseID to value 2826524
Academic license - for non-commercial use only - expires 2027-05-22
Set parameter Username
Set parameter LicenseID to value 2826524
Academic license - for non-commercial use only - expires 2027-05-22
Set parameter Username
Set parameter LicenseID to value 2826524
Academic license - for non-commercial use only - expires 2027-05-22
Set parameter Username
Set parameter LicenseID to value 2826524
Academic license - for non-commercial use only - expires 2027-05-22
Set parameter Username
Set parameter LicenseID to value 2826524
Academic license - for non-commercial use only - expires 2027-05-22
Set parameter Username
Set parameter LicenseID to value 2826524
Academic license - for non-commercial use only - expires 2027-05-22
Set parameter Username
Set parameter LicenseID to value 2826524
Academic license - for non-commercial use only - expires 2027-05-22
Set parameter Username
Set parameter LicenseID to value 2826524
Academic license - for non-commercial use only - expires 2027-05-22
Set parameter Username
Set parameter LicenseID to value 2826524
Academic license - for non-commercial use only - expires 2027-05-22
Set parameter Username
Set parameter LicenseID to value 2826524
Academic license - for non-commercial use only - expires 2027-05-22
Set parameter Username
Set parameter LicenseID to value 2826524
Academic license - for non-commercial use only - expires 2027-05-22
Set parameter Username
Set parameter LicenseID to value 2826524
Academic license - for non-commercial use only - expires 2027-05-22
Set parameter Username
Set parameter LicenseID to value 2826524
Academic license - for non-commercial use only - expires 2027-05-22
Set parameter Username
Set parameter LicenseID to value 2826524
Academic license - for non-commercial use only - expires 2027-05-22
Set parameter Username
Set parameter LicenseID to value 2826524
Academic license - for non-commercial use only - expires 2027-05-22
Set parameter Username
Set parameter LicenseID to value 2826524
Academic license - for non-commercial use only - expires 2027-05-22
Set parameter Username
Set parameter LicenseID to value 2826524
Academic license - for non-commercial use only - expires 2027-05-22
Set parameter Username
Set parameter LicenseID to value 2826524
Academic license - for non-commercial use only - expires 2027-05-22
Set parameter Username
Set parameter LicenseID to value 2826524
Academic license - for non-commercial use only - expires 2027-05-22
Set parameter Username
Set parameter LicenseID to value 2826524
Academic license - for non-commercial use only - expires 2027-05-22
Set parameter Username
Set parameter LicenseID to value 2826524
Academic license - for non-commercial use only - expires 2027-05-22
Set parameter Username
Set parameter LicenseID to value 2826524
Academic license - for non-commercial use only - expires 2027-05-22
Set parameter Username
Set parameter LicenseID to value 2826524
Academic license - for non-commercial use only - expires 2027-05-22
Set parameter Username
Set parameter LicenseID to value 2826524
Academic license - for non-commercial use only - expires 2027-05-22
Set parameter Username
Set parameter LicenseID to value 2826524
Academic license - for non-commercial use only - expires 2027-05-22
Set parameter Username
Set parameter LicenseID to value 2826524
Academic license - for non-commercial use only - expires 2027-05-22
Set parameter Username
Set parameter LicenseID to value 2826524
Academic license - for non-commercial use only - expires 2027-05-22
Set parameter Username
Set parameter LicenseID to value 2826524
Academic license - for non-commercial use only - expires 2027-05-22
Set parameter Username
Set parameter LicenseID to value 2826524
Academic license - for non-commercial use only - expires 2027-05-22
Set parameter Username
Set parameter LicenseID to value 2826524
Academic license - for non-commercial use only - expires 2027-05-22
Set parameter Username
Set parameter LicenseID to value 2826524
Academic license - for non-commercial use only - expires 2027-05-22
solution_summary(; result = 1, verbose = false)
├ solver_name          : Gurobi
├ Termination
│ ├ termination_status : OPTIMAL
│ ├ result_count       : 4
│ ├ raw_status         : Model was solved to optimality (subject to tolerances), and an optimal solution is available.
│ └ objective_bound    : 1.86369e+15
├ Solution (result = 1)
│ ├ primal_status        : FEASIBLE_POINT
│ ├ dual_status          : NO_SOLUTION
│ ├ objective_value      : 1.86369e+15
│ └ relative_gap         : 6.36744e-10
└ Work counters
  ├ solve_time (sec)   : 1.34900e+00
  ├ simplex_iterations : 9606
  ├ barrier_iterations : 0
  └ node_count         : 1


Termination Status: OPTIMAL
Acceptable solution found (Status: OPTIMAL).
Step-6: record datas
PART1: [unit-commitment] calculation result has been saved to: D:\GithubClonefiles\module_unitcommitment\.worktrees\108_168h\output\pcm_com4_loadall_h168_20260823_210543\base\clu_ovl\r01\output/details_schedule_results/pcm_simulation_results/intervels_[1]/res_schedule_commitment_result.txt
PART1: [unit-commitment] calculation result has been saved to: D:\GithubClonefiles\module_unitcommitment\.worktrees\108_168h\output\pcm_com4_loadall_h168_20260823_210543\base\clu_ovl\r01\output/details_schedule_results/pcm_simulation_results/intervels_[1]/res_schedule_commitment_result.txt
Step-3: Creating dispatching model (Refactored & Modularized)
  Clustered PCM: 108 physical units -> 31 equivalent units (71.3% state reduction; 108 units in non-singleton clusters)
    5-point output grid is infeasible; retrying this window with 17 points
  Clustered PCM: 108 physical units -> 31 equivalent units (71.3% state reduction; 108 units in non-singleton clusters)
    Refined output grid is infeasible; entering continuous residence-power diagnosis
  Clustered PCM: 108 physical units -> 31 equivalent units (71.3% state reduction; 108 units in non-singleton clusters)
  ⚠ True clustered UC failed at cluster_master: INFEASIBLE; falling back to full unit-network SCUC
	 Variables defined.
DEBUG set_objective_economic!: NT=31, NG=108, ND=91, NW=20, NS=1, K=3, size(refcost)=(108,), size(eachslope)=(3, 108)
objective_function
	MILP economic objective set
subject to.
	 constraints: 1) minimum shutup/shutdown time limits			 done
	 constraints: 2) binary variable logic					 done
	 constraints: 3) shutup/shutdown cost					 done
	 constraints: 4) loadcurtailments and spoliedwinds			 done
	 constraints: 5) generatos power limits					 done
	 constraints: 6) system reserves limits					 done
	 constraints: 7) power balance constraints				 done
	 constraints: 8) ramp-up/ramp-down constraints				 done
	 constraints: 9) piece linearization constraints			 done
	 constraints: 10) transmissionline limits skipped (is_NetWorkCon != 1 or Gsdf missing or NL=0)
	 constraints: 11) stroges system constraints skipped (NC=0 or variables not defined)
	 constraints: 12) data centra constraints skipped (is_ConsiderDataCentra != 1)
	 constraints: 13) frequency control constraints skipped (is_ConsiderFrequencyControl != 1)
	 constraints: 14) hydro power limits					 done
+++++++++++++++++++++++++++++++++++++++++++++++++++++++++++++++++++++++++++++++++++++++++++
Step-4: starting Gurobi solver
Step-5: Gurobi solver finished
+++++++++++++++++++++++++++++++++++++++++++++++++++++++++++++++++++++++++++++++++++++++++++

solution_summary(scuc) = solution_summary(; result = 1, verbose = false)
├ solver_name          : Gurobi
├ Termination
│ ├ termination_status : OPTIMAL
│ ├ result_count       : 4
│ ├ raw_status         : Model was solved to optimality (subject to tolerances), and an optimal solution is available.
│ └ objective_bound    : 1.86369e+15
├ Solution (result = 1)
│ ├ primal_status        : FEASIBLE_POINT
│ ├ dual_status          : NO_SOLUTION
│ ├ objective_value      : 1.86369e+15
│ └ relative_gap         : 8.09721e-10
└ Work counters
  ├ solve_time (sec)   : 2.08200e+00
  ├ simplex_iterations : 14286
  ├ barrier_iterations : 0
  └ node_count         : 1


Termination Status: OPTIMAL
Acceptable solution found (Status: OPTIMAL).
Step-6: record datas
PART1: [unit-commitment] calculation result has been saved to: D:\GithubClonefiles\module_unitcommitment\.worktrees\108_168h\output\pcm_com4_loadall_h168_20260823_210543\base\clu_ovl\r01\output/details_schedule_results/pcm_simulation_results/intervels_[1]/res_schedule_commitment_result.txt
PART1: [unit-commitment] calculation result has been saved to: D:\GithubClonefiles\module_unitcommitment\.worktrees\108_168h\output\pcm_com4_loadall_h168_20260823_210543\base\clu_ovl\r01\output/details_schedule_results/pcm_simulation_results/intervels_[1]/res_schedule_commitment_result.txt
PART1: [unit-commitment] calculation result has been saved to: D:\GithubClonefiles\module_unitcommitment\.worktrees\108_168h\output\pcm_com4_loadall_h168_20260823_210543\base\clu_ovl\r01\output/details_schedule_results/pcm_simulation_results/intervels_[1]/res_schedule_commitment_result.txt
Step-3: Creating dispatching model (Refactored & Modularized)
  Clustered PCM: 108 physical units -> 31 equivalent units (71.3% state reduction; 108 units in non-singleton clusters)
    5-point output grid is infeasible; retrying this window with 17 points
  Clustered PCM: 108 physical units -> 31 equivalent units (71.3% state reduction; 108 units in non-singleton clusters)
    Refined output grid is infeasible; entering continuous residence-power diagnosis
  Clustered PCM: 108 physical units -> 31 equivalent units (71.3% state reduction; 108 units in non-singleton clusters)
  ⚠ True clustered UC failed at cluster_master: INFEASIBLE; falling back to full unit-network SCUC
	 Variables defined.
DEBUG set_objective_economic!: NT=36, NG=108, ND=91, NW=20, NS=1, K=3, size(refcost)=(108,), size(eachslope)=(3, 108)
objective_function
	MILP economic objective set
subject to.
	 constraints: 1) minimum shutup/shutdown time limits			 done
	 constraints: 2) binary variable logic					 done
	 constraints: 3) shutup/shutdown cost					 done
	 constraints: 4) loadcurtailments and spoliedwinds			 done
	 constraints: 5) generatos power limits					 done
	 constraints: 6) system reserves limits					 done
	 constraints: 7) power balance constraints				 done
	 constraints: 8) ramp-up/ramp-down constraints				 done
	 constraints: 9) piece linearization constraints			 done
	 constraints: 10) transmissionline limits skipped (is_NetWorkCon != 1 or Gsdf missing or NL=0)
	 constraints: 11) stroges system constraints skipped (NC=0 or variables not defined)
	 constraints: 12) data centra constraints skipped (is_ConsiderDataCentra != 1)
	 constraints: 13) frequency control constraints skipped (is_ConsiderFrequencyControl != 1)
	 constraints: 14) hydro power limits					 done
+++++++++++++++++++++++++++++++++++++++++++++++++++++++++++++++++++++++++++++++++++++++++++
Step-4: starting Gurobi solver
Step-5: Gurobi solver finished
+++++++++++++++++++++++++++++++++++++++++++++++++++++++++++++++++++++++++++++++++++++++++++

solution_summary(scuc) = solution_summary(; result = 1, verbose = false)
├ solver_name          : Gurobi
├ Termination
│ ├ termination_status : OPTIMAL
│ ├ result_count       : 1
│ ├ raw_status         : Model was solved to optimality (subject to tolerances), and an optimal solution is available.
│ └ objective_bound    : 3.62658e+16
├ Solution (result = 1)
│ ├ primal_status        : FEASIBLE_POINT
│ ├ dual_status          : NO_SOLUTION
│ ├ objective_value      : 3.62658e+16
│ └ relative_gap         : 4.17383e-10
└ Work counters
  ├ solve_time (sec)   : 5.97000e-01
  ├ simplex_iterations : 0
  ├ barrier_iterations : 0
  └ node_count         : 0


Termination Status: OPTIMAL
Acceptable solution found (Status: OPTIMAL).
Step-6: record datas
PART1: [unit-commitment] calculation result has been saved to: D:\GithubClonefiles\module_unitcommitment\.worktrees\108_168h\output\pcm_com4_loadall_h168_20260823_210543\base\clu_ovl\r01\output/details_schedule_results/pcm_simulation_results/intervels_[1]/res_schedule_commitment_result.txt
Step-3: Creating dispatching model (Refactored & Modularized)
  Clustered PCM: 108 physical units -> 31 equivalent units (71.3% state reduction; 108 units in non-singleton clusters)
    5-point output grid is infeasible; retrying this window with 17 points
  Clustered PCM: 108 physical units -> 31 equivalent units (71.3% state reduction; 108 units in non-singleton clusters)
    Refined output grid is infeasible; entering continuous residence-power diagnosis
  Clustered PCM: 108 physical units -> 31 equivalent units (71.3% state reduction; 108 units in non-singleton clusters)
  ⚠ True clustered UC failed at cluster_master: INFEASIBLE; falling back to full unit-network SCUC
	 Variables defined.
DEBUG set_objective_economic!: NT=36, NG=108, ND=91, NW=20, NS=1, K=3, size(refcost)=(108,), size(eachslope)=(3, 108)
objective_function
	MILP economic objective set
subject to.
	 constraints: 1) minimum shutup/shutdown time limits			 done
	 constraints: 2) binary variable logic					 done
	 constraints: 3) shutup/shutdown cost					 done
	 constraints: 4) loadcurtailments and spoliedwinds			 done
	 constraints: 5) generatos power limits					 done
	 constraints: 6) system reserves limits					 done
	 constraints: 7) power balance constraints				 done
	 constraints: 8) ramp-up/ramp-down constraints				 done
	 constraints: 9) piece linearization constraints			 done
	 constraints: 10) transmissionline limits skipped (is_NetWorkCon != 1 or Gsdf missing or NL=0)
	 constraints: 11) stroges system constraints skipped (NC=0 or variables not defined)
	 constraints: 12) data centra constraints skipped (is_ConsiderDataCentra != 1)
	 constraints: 13) frequency control constraints skipped (is_ConsiderFrequencyControl != 1)
	 constraints: 14) hydro power limits					 done
+++++++++++++++++++++++++++++++++++++++++++++++++++++++++++++++++++++++++++++++++++++++++++
Step-4: starting Gurobi solver
Step-5: Gurobi solver finished
+++++++++++++++++++++++++++++++++++++++++++++++++++++++++++++++++++++++++++++++++++++++++++

solution_summary(scuc) = solution_summary(; result = 1, verbose = false)
├ solver_name          : Gurobi
├ Termination
│ ├ termination_status : OPTIMAL
│ ├ result_count       : 1
│ ├ raw_status         : Model was solved to optimality (subject to tolerances), and an optimal solution is available.
│ └ objective_bound    : 3.62658e+16
├ Solution (result = 1)
│ ├ primal_status        : FEASIBLE_POINT
│ ├ dual_status          : NO_SOLUTION
│ ├ objective_value      : 3.62658e+16
│ └ relative_gap         : 4.17383e-10
└ Work counters
  ├ solve_time (sec)   : 6.15000e-01
  ├ simplex_iterations : 0
  ├ barrier_iterations : 0
  └ node_count         : 0


Termination Status: OPTIMAL
Acceptable solution found (Status: OPTIMAL).
Step-6: record datas
PART1: [unit-commitment] calculation result has been saved to: D:\GithubClonefiles\module_unitcommitment\.worktrees\108_168h\output\pcm_com4_loadall_h168_20260823_210543\base\clu_ovl\r01\output/details_schedule_results/pcm_simulation_results/intervels_[1]/res_schedule_commitment_result.txt
PART1: [unit-commitment] calculation result has been saved to: D:\GithubClonefiles\module_unitcommitment\.worktrees\108_168h\output\pcm_com4_loadall_h168_20260823_210543\base\clu_ovl\r01\output/details_schedule_results/pcm_simulation_results/intervels_[1]/res_schedule_commitment_result.txt
Step-3: Creating dispatching model (Refactored & Modularized)
  Clustered PCM: 108 physical units -> 31 equivalent units (71.3% state reduction; 108 units in non-singleton clusters)
    5-point output grid is infeasible; retrying this window with 17 points
  Clustered PCM: 108 physical units -> 31 equivalent units (71.3% state reduction; 108 units in non-singleton clusters)
    Refined output grid is infeasible; entering continuous residence-power diagnosis
  Clustered PCM: 108 physical units -> 31 equivalent units (71.3% state reduction; 108 units in non-singleton clusters)
  ⚠ True clustered UC failed at cluster_master: INFEASIBLE; falling back to full unit-network SCUC
	 Variables defined.
DEBUG set_objective_economic!: NT=26, NG=108, ND=91, NW=20, NS=1, K=3, size(refcost)=(108,), size(eachslope)=(3, 108)
objective_function
	MILP economic objective set
subject to.
	 constraints: 1) minimum shutup/shutdown time limits			 done
	 constraints: 2) binary variable logic					 done
	 constraints: 3) shutup/shutdown cost					 done
	 constraints: 4) loadcurtailments and spoliedwinds			 done
	 constraints: 5) generatos power limits					 done
	 constraints: 6) system reserves limits					 done
	 constraints: 7) power balance constraints				 done
	 constraints: 8) ramp-up/ramp-down constraints				 done
	 constraints: 9) piece linearization constraints			 done
	 constraints: 10) transmissionline limits skipped (is_NetWorkCon != 1 or Gsdf missing or NL=0)
	 constraints: 11) stroges system constraints skipped (NC=0 or variables not defined)
	 constraints: 12) data centra constraints skipped (is_ConsiderDataCentra != 1)
	 constraints: 13) frequency control constraints skipped (is_ConsiderFrequencyControl != 1)
	 constraints: 14) hydro power limits					 done
+++++++++++++++++++++++++++++++++++++++++++++++++++++++++++++++++++++++++++++++++++++++++++
Step-4: starting Gurobi solver
Step-5: Gurobi solver finished
+++++++++++++++++++++++++++++++++++++++++++++++++++++++++++++++++++++++++++++++++++++++++++

solution_summary(scuc) = solution_summary(; result = 1, verbose = false)
├ solver_name          : Gurobi
├ Termination
│ ├ termination_status : OPTIMAL
│ ├ result_count       : 1
│ ├ raw_status         : Model was solved to optimality (subject to tolerances), and an optimal solution is available.
│ └ objective_bound    : 3.62658e+16
├ Solution (result = 1)
│ ├ primal_status        : FEASIBLE_POINT
│ ├ dual_status          : NO_SOLUTION
│ ├ objective_value      : 3.62658e+16
│ └ relative_gap         : 2.88501e-10
└ Work counters
  ├ solve_time (sec)   : 5.06000e-01
  ├ simplex_iterations : 0
  ├ barrier_iterations : 0
  └ node_count         : 0


Termination Status: OPTIMAL
Acceptable solution found (Status: OPTIMAL).
Step-6: record datas
PART1: [unit-commitment] calculation result has been saved to: D:\GithubClonefiles\module_unitcommitment\.worktrees\108_168h\output\pcm_com4_loadall_h168_20260823_210543\base\clu_ovl\r01\output/details_schedule_results/pcm_simulation_results/intervels_[1]/res_schedule_commitment_result.txt
PART1: [unit-commitment] calculation result has been saved to: D:\GithubClonefiles\module_unitcommitment\.worktrees\108_168h\output\pcm_com4_loadall_h168_20260823_210543\base\clu_ovl\r01\output/details_schedule_results/pcm_simulation_results/intervels_[1]/res_schedule_commitment_result.txt
Step-3: Creating dispatching model (Refactored & Modularized)
  Clustered PCM: 108 physical units -> 31 equivalent units (71.3% state reduction; 108 units in non-singleton clusters)
    5-point output grid is infeasible; retrying this window with 17 points
  Clustered PCM: 108 physical units -> 31 equivalent units (71.3% state reduction; 108 units in non-singleton clusters)
    Refined output grid is infeasible; entering continuous residence-power diagnosis
  Clustered PCM: 108 physical units -> 31 equivalent units (71.3% state reduction; 108 units in non-singleton clusters)
  ⚠ True clustered UC failed at cluster_master: INFEASIBLE; falling back to full unit-network SCUC
	 Variables defined.
DEBUG set_objective_economic!: NT=31, NG=108, ND=91, NW=20, NS=1, K=3, size(refcost)=(108,), size(eachslope)=(3, 108)
objective_function
	MILP economic objective set
subject to.
	 constraints: 1) minimum shutup/shutdown time limits			 done
	 constraints: 2) binary variable logic					 done
	 constraints: 3) shutup/shutdown cost					 done
	 constraints: 4) loadcurtailments and spoliedwinds			 done
	 constraints: 5) generatos power limits					 done
	 constraints: 6) system reserves limits					 done
	 constraints: 7) power balance constraints				 done
	 constraints: 8) ramp-up/ramp-down constraints				 done
	 constraints: 9) piece linearization constraints			 done
	 constraints: 10) transmissionline limits skipped (is_NetWorkCon != 1 or Gsdf missing or NL=0)
	 constraints: 11) stroges system constraints skipped (NC=0 or variables not defined)
	 constraints: 12) data centra constraints skipped (is_ConsiderDataCentra != 1)
	 constraints: 13) frequency control constraints skipped (is_ConsiderFrequencyControl != 1)
	 constraints: 14) hydro power limits					 done
+++++++++++++++++++++++++++++++++++++++++++++++++++++++++++++++++++++++++++++++++++++++++++
Step-4: starting Gurobi solver
Step-5: Gurobi solver finished
+++++++++++++++++++++++++++++++++++++++++++++++++++++++++++++++++++++++++++++++++++++++++++

solution_summary(scuc) = solution_summary(; result = 1, verbose = false)
├ solver_name          : Gurobi
├ Termination
│ ├ termination_status : OPTIMAL
│ ├ result_count       : 1
│ ├ raw_status         : Model was solved to optimality (subject to tolerances), and an optimal solution is available.
│ └ objective_bound    : 3.62658e+16
├ Solution (result = 1)
│ ├ primal_status        : FEASIBLE_POINT
│ ├ dual_status          : NO_SOLUTION
│ ├ objective_value      : 3.62658e+16
│ └ relative_gap         : 3.98410e-10
└ Work counters
  ├ solve_time (sec)   : 5.06000e-01
  ├ simplex_iterations : 0
  ├ barrier_iterations : 0
  └ node_count         : 0


Termination Status: OPTIMAL
Acceptable solution found (Status: OPTIMAL).
Step-6: record datas
PART1: [unit-commitment] calculation result has been saved to: D:\GithubClonefiles\module_unitcommitment\.worktrees\108_168h\output\pcm_com4_loadall_h168_20260823_210543\base\clu_ovl\r01\output/details_schedule_results/pcm_simulation_results/intervels_[1]/res_schedule_commitment_result.txt
PART1: [unit-commitment] calculation result has been saved to: D:\GithubClonefiles\module_unitcommitment\.worktrees\108_168h\output\pcm_com4_loadall_h168_20260823_210543\base\clu_ovl\r01\output/details_schedule_results/pcm_simulation_results/intervels_[1]/res_schedule_commitment_result.txt
PART1: [unit-commitment] calculation result has been saved to: D:\GithubClonefiles\module_unitcommitment\.worktrees\108_168h\output\pcm_com4_loadall_h168_20260823_210543\base\clu_ovl\r01\output/details_schedule_results/pcm_simulation_results/intervels_[1]/res_schedule_commitment_result.txt
Step-3: Creating dispatching model (Refactored & Modularized)
  Clustered PCM: 108 physical units -> 31 equivalent units (71.3% state reduction; 108 units in non-singleton clusters)
    5-point output grid is infeasible; retrying this window with 17 points
  Clustered PCM: 108 physical units -> 31 equivalent units (71.3% state reduction; 108 units in non-singleton clusters)
    Refined output grid is infeasible; entering continuous residence-power diagnosis
  Clustered PCM: 108 physical units -> 31 equivalent units (71.3% state reduction; 108 units in non-singleton clusters)
  ⚠ True clustered UC failed at cluster_master: INFEASIBLE; falling back to full unit-network SCUC
	 Variables defined.
DEBUG set_objective_economic!: NT=36, NG=108, ND=91, NW=20, NS=1, K=3, size(refcost)=(108,), size(eachslope)=(3, 108)
objective_function
	MILP economic objective set
subject to.
	 constraints: 1) minimum shutup/shutdown time limits			 done
	 constraints: 2) binary variable logic					 done
	 constraints: 3) shutup/shutdown cost					 done
	 constraints: 4) loadcurtailments and spoliedwinds			 done
	 constraints: 5) generatos power limits					 done
	 constraints: 6) system reserves limits					 done
	 constraints: 7) power balance constraints				 done
	 constraints: 8) ramp-up/ramp-down constraints				 done
	 constraints: 9) piece linearization constraints			 done
	 constraints: 10) transmissionline limits skipped (is_NetWorkCon != 1 or Gsdf missing or NL=0)
	 constraints: 11) stroges system constraints skipped (NC=0 or variables not defined)
	 constraints: 12) data centra constraints skipped (is_ConsiderDataCentra != 1)
	 constraints: 13) frequency control constraints skipped (is_ConsiderFrequencyControl != 1)
	 constraints: 14) hydro power limits					 done
+++++++++++++++++++++++++++++++++++++++++++++++++++++++++++++++++++++++++++++++++++++++++++
Step-4: starting Gurobi solver
Step-5: Gurobi solver finished
+++++++++++++++++++++++++++++++++++++++++++++++++++++++++++++++++++++++++++++++++++++++++++

solution_summary(scuc) = solution_summary(; result = 1, verbose = false)
├ solver_name          : Gurobi
├ Termination
│ ├ termination_status : OPTIMAL
│ ├ result_count       : 1
│ ├ raw_status         : Model was solved to optimality (subject to tolerances), and an optimal solution is available.
│ └ objective_bound    : 3.04757e+16
├ Solution (result = 1)
│ ├ primal_status        : FEASIBLE_POINT
│ ├ dual_status          : NO_SOLUTION
│ ├ objective_value      : 3.04757e+16
│ └ relative_gap         : 4.99643e-10
└ Work counters
  ├ solve_time (sec)   : 5.90000e-01
  ├ simplex_iterations : 0
  ├ barrier_iterations : 0
  └ node_count         : 0


Termination Status: OPTIMAL
Acceptable solution found (Status: OPTIMAL).
Step-6: record datas
PART1: [unit-commitment] calculation result has been saved to: D:\GithubClonefiles\module_unitcommitment\.worktrees\108_168h\output\pcm_com4_loadall_h168_20260823_210543\base\clu_ovl\r01\output/details_schedule_results/pcm_simulation_results/intervels_[1]/res_schedule_commitment_result.txt
Step-3: Creating dispatching model (Refactored & Modularized)
  Clustered PCM: 108 physical units -> 31 equivalent units (71.3% state reduction; 108 units in non-singleton clusters)
    5-point output grid is infeasible; retrying this window with 17 points
  Clustered PCM: 108 physical units -> 31 equivalent units (71.3% state reduction; 108 units in non-singleton clusters)
    Refined output grid is infeasible; entering continuous residence-power diagnosis
  Clustered PCM: 108 physical units -> 31 equivalent units (71.3% state reduction; 108 units in non-singleton clusters)
  ⚠ True clustered UC failed at cluster_master: INFEASIBLE; falling back to full unit-network SCUC
	 Variables defined.
DEBUG set_objective_economic!: NT=36, NG=108, ND=91, NW=20, NS=1, K=3, size(refcost)=(108,), size(eachslope)=(3, 108)
objective_function
	MILP economic objective set
subject to.
	 constraints: 1) minimum shutup/shutdown time limits			 done
	 constraints: 2) binary variable logic					 done
	 constraints: 3) shutup/shutdown cost					 done
	 constraints: 4) loadcurtailments and spoliedwinds			 done
	 constraints: 5) generatos power limits					 done
	 constraints: 6) system reserves limits					 done
	 constraints: 7) power balance constraints				 done
	 constraints: 8) ramp-up/ramp-down constraints				 done
	 constraints: 9) piece linearization constraints			 done
	 constraints: 10) transmissionline limits skipped (is_NetWorkCon != 1 or Gsdf missing or NL=0)
	 constraints: 11) stroges system constraints skipped (NC=0 or variables not defined)
	 constraints: 12) data centra constraints skipped (is_ConsiderDataCentra != 1)
	 constraints: 13) frequency control constraints skipped (is_ConsiderFrequencyControl != 1)
	 constraints: 14) hydro power limits					 done
+++++++++++++++++++++++++++++++++++++++++++++++++++++++++++++++++++++++++++++++++++++++++++
Step-4: starting Gurobi solver
Step-5: Gurobi solver finished
+++++++++++++++++++++++++++++++++++++++++++++++++++++++++++++++++++++++++++++++++++++++++++

solution_summary(scuc) = solution_summary(; result = 1, verbose = false)
├ solver_name          : Gurobi
├ Termination
│ ├ termination_status : OPTIMAL
│ ├ result_count       : 1
│ ├ raw_status         : Model was solved to optimality (subject to tolerances), and an optimal solution is available.
│ └ objective_bound    : 3.04757e+16
├ Solution (result = 1)
│ ├ primal_status        : FEASIBLE_POINT
│ ├ dual_status          : NO_SOLUTION
│ ├ objective_value      : 3.04757e+16
│ └ relative_gap         : 4.99643e-10
└ Work counters
  ├ solve_time (sec)   : 6.14000e-01
  ├ simplex_iterations : 0
  ├ barrier_iterations : 0
  └ node_count         : 0


Termination Status: OPTIMAL
Acceptable solution found (Status: OPTIMAL).
Step-6: record datas
PART1: [unit-commitment] calculation result has been saved to: D:\GithubClonefiles\module_unitcommitment\.worktrees\108_168h\output\pcm_com4_loadall_h168_20260823_210543\base\clu_ovl\r01\output/details_schedule_results/pcm_simulation_results/intervels_[1]/res_schedule_commitment_result.txt
PART1: [unit-commitment] calculation result has been saved to: D:\GithubClonefiles\module_unitcommitment\.worktrees\108_168h\output\pcm_com4_loadall_h168_20260823_210543\base\clu_ovl\r01\output/details_schedule_results/pcm_simulation_results/intervels_[1]/res_schedule_commitment_result.txt
Step-3: Creating dispatching model (Refactored & Modularized)
  Clustered PCM: 108 physical units -> 31 equivalent units (71.3% state reduction; 108 units in non-singleton clusters)
    5-point output grid is infeasible; retrying this window with 17 points
  Clustered PCM: 108 physical units -> 31 equivalent units (71.3% state reduction; 108 units in non-singleton clusters)
    Refined output grid is infeasible; entering continuous residence-power diagnosis
  Clustered PCM: 108 physical units -> 31 equivalent units (71.3% state reduction; 108 units in non-singleton clusters)
  ⚠ True clustered UC failed at cluster_master: INFEASIBLE; falling back to full unit-network SCUC
	 Variables defined.
DEBUG set_objective_economic!: NT=26, NG=108, ND=91, NW=20, NS=1, K=3, size(refcost)=(108,), size(eachslope)=(3, 108)
objective_function
	MILP economic objective set
subject to.
	 constraints: 1) minimum shutup/shutdown time limits			 done
	 constraints: 2) binary variable logic					 done
	 constraints: 3) shutup/shutdown cost					 done
	 constraints: 4) loadcurtailments and spoliedwinds			 done
	 constraints: 5) generatos power limits					 done
	 constraints: 6) system reserves limits					 done
	 constraints: 7) power balance constraints				 done
	 constraints: 8) ramp-up/ramp-down constraints				 done
	 constraints: 9) piece linearization constraints			 done
	 constraints: 10) transmissionline limits skipped (is_NetWorkCon != 1 or Gsdf missing or NL=0)
	 constraints: 11) stroges system constraints skipped (NC=0 or variables not defined)
	 constraints: 12) data centra constraints skipped (is_ConsiderDataCentra != 1)
	 constraints: 13) frequency control constraints skipped (is_ConsiderFrequencyControl != 1)
	 constraints: 14) hydro power limits					 done
+++++++++++++++++++++++++++++++++++++++++++++++++++++++++++++++++++++++++++++++++++++++++++
Step-4: starting Gurobi solver
Step-5: Gurobi solver finished
+++++++++++++++++++++++++++++++++++++++++++++++++++++++++++++++++++++++++++++++++++++++++++

solution_summary(scuc) = solution_summary(; result = 1, verbose = false)
├ solver_name          : Gurobi
├ Termination
│ ├ termination_status : OPTIMAL
│ ├ result_count       : 1
│ ├ raw_status         : Model was solved to optimality (subject to tolerances), and an optimal solution is available.
│ └ objective_bound    : 3.04757e+16
├ Solution (result = 1)
│ ├ primal_status        : FEASIBLE_POINT
│ ├ dual_status          : NO_SOLUTION
│ ├ objective_value      : 3.04757e+16
│ └ relative_gap         : 3.70501e-10
└ Work counters
  ├ solve_time (sec)   : 4.90000e-01
  ├ simplex_iterations : 0
  ├ barrier_iterations : 0
  └ node_count         : 0


Termination Status: OPTIMAL
Acceptable solution found (Status: OPTIMAL).
Step-6: record datas
PART1: [unit-commitment] calculation result has been saved to: D:\GithubClonefiles\module_unitcommitment\.worktrees\108_168h\output\pcm_com4_loadall_h168_20260823_210543\base\clu_ovl\r01\output/details_schedule_results/pcm_simulation_results/intervels_[1]/res_schedule_commitment_result.txt
PART1: [unit-commitment] calculation result has been saved to: D:\GithubClonefiles\module_unitcommitment\.worktrees\108_168h\output\pcm_com4_loadall_h168_20260823_210543\base\clu_ovl\r01\output/details_schedule_results/pcm_simulation_results/intervels_[1]/res_schedule_commitment_result.txt
Step-3: Creating dispatching model (Refactored & Modularized)
  Clustered PCM: 108 physical units -> 31 equivalent units (71.3% state reduction; 108 units in non-singleton clusters)
    5-point output grid is infeasible; retrying this window with 17 points
  Clustered PCM: 108 physical units -> 31 equivalent units (71.3% state reduction; 108 units in non-singleton clusters)
    Refined output grid is infeasible; entering continuous residence-power diagnosis
  Clustered PCM: 108 physical units -> 31 equivalent units (71.3% state reduction; 108 units in non-singleton clusters)
  ⚠ True clustered UC failed at cluster_master: INFEASIBLE; falling back to full unit-network SCUC
	 Variables defined.
DEBUG set_objective_economic!: NT=31, NG=108, ND=91, NW=20, NS=1, K=3, size(refcost)=(108,), size(eachslope)=(3, 108)
objective_function
	MILP economic objective set
subject to.
	 constraints: 1) minimum shutup/shutdown time limits			 done
	 constraints: 2) binary variable logic					 done
	 constraints: 3) shutup/shutdown cost					 done
	 constraints: 4) loadcurtailments and spoliedwinds			 done
	 constraints: 5) generatos power limits					 done
	 constraints: 6) system reserves limits					 done
	 constraints: 7) power balance constraints				 done
	 constraints: 8) ramp-up/ramp-down constraints				 done
	 constraints: 9) piece linearization constraints			 done
	 constraints: 10) transmissionline limits skipped (is_NetWorkCon != 1 or Gsdf missing or NL=0)
	 constraints: 11) stroges system constraints skipped (NC=0 or variables not defined)
	 constraints: 12) data centra constraints skipped (is_ConsiderDataCentra != 1)
	 constraints: 13) frequency control constraints skipped (is_ConsiderFrequencyControl != 1)
	 constraints: 14) hydro power limits					 done
+++++++++++++++++++++++++++++++++++++++++++++++++++++++++++++++++++++++++++++++++++++++++++
Step-4: starting Gurobi solver
Step-5: Gurobi solver finished
+++++++++++++++++++++++++++++++++++++++++++++++++++++++++++++++++++++++++++++++++++++++++++

solution_summary(scuc) = solution_summary(; result = 1, verbose = false)
├ solver_name          : Gurobi
├ Termination
│ ├ termination_status : OPTIMAL
│ ├ result_count       : 1
│ ├ raw_status         : Model was solved to optimality (subject to tolerances), and an optimal solution is available.
│ └ objective_bound    : 3.04757e+16
├ Solution (result = 1)
│ ├ primal_status        : FEASIBLE_POINT
│ ├ dual_status          : NO_SOLUTION
│ ├ objective_value      : 3.04757e+16
│ └ relative_gap         : 4.68962e-10
└ Work counters
  ├ solve_time (sec)   : 5.24000e-01
  ├ simplex_iterations : 0
  ├ barrier_iterations : 0
  └ node_count         : 0


Termination Status: OPTIMAL
Acceptable solution found (Status: OPTIMAL).
Step-6: record datas
PART1: [unit-commitment] calculation result has been saved to: D:\GithubClonefiles\module_unitcommitment\.worktrees\108_168h\output\pcm_com4_loadall_h168_20260823_210543\base\clu_ovl\r01\output/details_schedule_results/pcm_simulation_results/intervels_[1]/res_schedule_commitment_result.txt
PART1: [unit-commitment] calculation result has been saved to: D:\GithubClonefiles\module_unitcommitment\.worktrees\108_168h\output\pcm_com4_loadall_h168_20260823_210543\base\clu_ovl\r01\output/details_schedule_results/pcm_simulation_results/intervels_[1]/res_schedule_commitment_result.txt
PART1: [unit-commitment] calculation result has been saved to: D:\GithubClonefiles\module_unitcommitment\.worktrees\108_168h\output\pcm_com4_loadall_h168_20260823_210543\base\clu_ovl\r01\output/details_schedule_results/pcm_simulation_results/intervels_[1]/res_schedule_commitment_result.txt
Step-3: Creating dispatching model (Refactored & Modularized)
  Clustered PCM: 108 physical units -> 31 equivalent units (71.3% state reduction; 108 units in non-singleton clusters)
    5-point output grid is infeasible; retrying this window with 17 points
  Clustered PCM: 108 physical units -> 31 equivalent units (71.3% state reduction; 108 units in non-singleton clusters)
    Refined output grid is infeasible; entering continuous residence-power diagnosis
Set parameter Username
Set parameter LicenseID to value 2826524
Academic license - for non-commercial use only - expires 2027-05-22
Set parameter Username
Set parameter LicenseID to value 2826524
Academic license - for non-commercial use only - expires 2027-05-22
Set parameter Username
Set parameter LicenseID to value 2826524
Academic license - for non-commercial use only - expires 2027-05-22
Set parameter Username
Set parameter LicenseID to value 2826524
Academic license - for non-commercial use only - expires 2027-05-22
Set parameter Username
Set parameter LicenseID to value 2826524
Academic license - for non-commercial use only - expires 2027-05-22
Set parameter Username
Set parameter LicenseID to value 2826524
Academic license - for non-commercial use only - expires 2027-05-22
Set parameter Username
Set parameter LicenseID to value 2826524
Academic license - for non-commercial use only - expires 2027-05-22
Set parameter Username
Set parameter LicenseID to value 2826524
Academic license - for non-commercial use only - expires 2027-05-22
Set parameter Username
Set parameter LicenseID to value 2826524
Academic license - for non-commercial use only - expires 2027-05-22
Set parameter Username
Set parameter LicenseID to value 2826524
Academic license - for non-commercial use only - expires 2027-05-22
Set parameter Username
Set parameter LicenseID to value 2826524
Academic license - for non-commercial use only - expires 2027-05-22
Set parameter Username
Set parameter LicenseID to value 2826524
Academic license - for non-commercial use only - expires 2027-05-22
Set parameter Username
Set parameter LicenseID to value 2826524
Academic license - for non-commercial use only - expires 2027-05-22
Set parameter Username
Set parameter LicenseID to value 2826524
Academic license - for non-commercial use only - expires 2027-05-22
Set parameter Username
Set parameter LicenseID to value 2826524
Academic license - for non-commercial use only - expires 2027-05-22
Set parameter Username
Set parameter LicenseID to value 2826524
Academic license - for non-commercial use only - expires 2027-05-22
Set parameter Username
Set parameter LicenseID to value 2826524
Academic license - for non-commercial use only - expires 2027-05-22
Set parameter Username
Set parameter LicenseID to value 2826524
Academic license - for non-commercial use only - expires 2027-05-22
Set parameter Username
Set parameter LicenseID to value 2826524
Academic license - for non-commercial use only - expires 2027-05-22
Set parameter Username
Set parameter LicenseID to value 2826524
Academic license - for non-commercial use only - expires 2027-05-22
Set parameter Username
Set parameter LicenseID to value 2826524
Academic license - for non-commercial use only - expires 2027-05-22
Set parameter Username
Set parameter LicenseID to value 2826524
Academic license - for non-commercial use only - expires 2027-05-22
Set parameter Username
Set parameter LicenseID to value 2826524
Academic license - for non-commercial use only - expires 2027-05-22
Set parameter Username
Set parameter LicenseID to value 2826524
Academic license - for non-commercial use only - expires 2027-05-22
Set parameter Username
Set parameter LicenseID to value 2826524
Academic license - for non-commercial use only - expires 2027-05-22
Set parameter Username
Set parameter LicenseID to value 2826524
Academic license - for non-commercial use only - expires 2027-05-22
Set parameter Username
Set parameter LicenseID to value 2826524
Academic license - for non-commercial use only - expires 2027-05-22
Set parameter Username
Set parameter LicenseID to value 2826524
Academic license - for non-commercial use only - expires 2027-05-22
Set parameter Username
Set parameter LicenseID to value 2826524
Academic license - for non-commercial use only - expires 2027-05-22
Set parameter Username
Set parameter LicenseID to value 2826524
Academic license - for non-commercial use only - expires 2027-05-22
Set parameter Username
Set parameter LicenseID to value 2826524
Academic license - for non-commercial use only - expires 2027-05-22
Set parameter Username
Set parameter LicenseID to value 2826524
Academic license - for non-commercial use only - expires 2027-05-22
Set parameter Username
Set parameter LicenseID to value 2826524
Academic license - for non-commercial use only - expires 2027-05-22
Set parameter Username
Set parameter LicenseID to value 2826524
Academic license - for non-commercial use only - expires 2027-05-22
Set parameter Username
Set parameter LicenseID to value 2826524
Academic license - for non-commercial use only - expires 2027-05-22
Set parameter Username
Set parameter LicenseID to value 2826524
Academic license - for non-commercial use only - expires 2027-05-22
Set parameter Username
Set parameter LicenseID to value 2826524
Academic license - for non-commercial use only - expires 2027-05-22
Set parameter Username
Set parameter LicenseID to value 2826524
Academic license - for non-commercial use only - expires 2027-05-22
  Clustered PCM: 108 physical units -> 31 equivalent units (71.3% state reduction; 108 units in non-singleton clusters)
  ⚠ True clustered UC failed at cluster_master: INFEASIBLE; falling back to full unit-network SCUC
	 Variables defined.
DEBUG set_objective_economic!: NT=36, NG=108, ND=91, NW=20, NS=1, K=3, size(refcost)=(108,), size(eachslope)=(3, 108)
objective_function
	MILP economic objective set
subject to.
	 constraints: 1) minimum shutup/shutdown time limits			 done
	 constraints: 2) binary variable logic					 done
	 constraints: 3) shutup/shutdown cost					 done
	 constraints: 4) loadcurtailments and spoliedwinds			 done
	 constraints: 5) generatos power limits					 done
	 constraints: 6) system reserves limits					 done
	 constraints: 7) power balance constraints				 done
	 constraints: 8) ramp-up/ramp-down constraints				 done
	 constraints: 9) piece linearization constraints			 done
	 constraints: 10) transmissionline limits skipped (is_NetWorkCon != 1 or Gsdf missing or NL=0)
	 constraints: 11) stroges system constraints skipped (NC=0 or variables not defined)
	 constraints: 12) data centra constraints skipped (is_ConsiderDataCentra != 1)
	 constraints: 13) frequency control constraints skipped (is_ConsiderFrequencyControl != 1)
	 constraints: 14) hydro power limits					 done
+++++++++++++++++++++++++++++++++++++++++++++++++++++++++++++++++++++++++++++++++++++++++++
Step-4: starting Gurobi solver
Step-5: Gurobi solver finished
+++++++++++++++++++++++++++++++++++++++++++++++++++++++++++++++++++++++++++++++++++++++++++

solution_summary(scuc) = solution_summary(; result = 1, verbose = false)
├ solver_name          : Gurobi
├ Termination
│ ├ termination_status : OPTIMAL
│ ├ result_count       : 1
│ ├ raw_status         : Model was solved to optimality (subject to tolerances), and an optimal solution is available.
│ └ objective_bound    : 1.95192e+16
├ Solution (result = 1)
│ ├ primal_status        : FEASIBLE_POINT
│ ├ dual_status          : NO_SOLUTION
│ ├ objective_value      : 1.95192e+16
│ └ relative_gap         : 7.77675e-10
└ Work counters
  ├ solve_time (sec)   : 5.98000e-01
  ├ simplex_iterations : 0
  ├ barrier_iterations : 0
  └ node_count         : 0


Termination Status: OPTIMAL
Acceptable solution found (Status: OPTIMAL).
Step-6: record datas
PART1: [unit-commitment] calculation result has been saved to: D:\GithubClonefiles\module_unitcommitment\.worktrees\108_168h\output\pcm_com4_loadall_h168_20260823_210543\base\clu_ovl\r01\output/details_schedule_results/pcm_simulation_results/intervels_[1]/res_schedule_commitment_result.txt
Step-3: Creating dispatching model (Refactored & Modularized)
  Clustered PCM: 108 physical units -> 31 equivalent units (71.3% state reduction; 108 units in non-singleton clusters)
    5-point output grid is infeasible; retrying this window with 17 points
  Clustered PCM: 108 physical units -> 31 equivalent units (71.3% state reduction; 108 units in non-singleton clusters)
    Refined output grid is infeasible; entering continuous residence-power diagnosis
  Clustered PCM: 108 physical units -> 31 equivalent units (71.3% state reduction; 108 units in non-singleton clusters)
  ⚠ True clustered UC failed at cluster_master: INFEASIBLE; falling back to full unit-network SCUC
	 Variables defined.
DEBUG set_objective_economic!: NT=36, NG=108, ND=91, NW=20, NS=1, K=3, size(refcost)=(108,), size(eachslope)=(3, 108)
objective_function
	MILP economic objective set
subject to.
	 constraints: 1) minimum shutup/shutdown time limits			 done
	 constraints: 2) binary variable logic					 done
	 constraints: 3) shutup/shutdown cost					 done
	 constraints: 4) loadcurtailments and spoliedwinds			 done
	 constraints: 5) generatos power limits					 done
	 constraints: 6) system reserves limits					 done
	 constraints: 7) power balance constraints				 done
	 constraints: 8) ramp-up/ramp-down constraints				 done
	 constraints: 9) piece linearization constraints			 done
	 constraints: 10) transmissionline limits skipped (is_NetWorkCon != 1 or Gsdf missing or NL=0)
	 constraints: 11) stroges system constraints skipped (NC=0 or variables not defined)
	 constraints: 12) data centra constraints skipped (is_ConsiderDataCentra != 1)
	 constraints: 13) frequency control constraints skipped (is_ConsiderFrequencyControl != 1)
	 constraints: 14) hydro power limits					 done
+++++++++++++++++++++++++++++++++++++++++++++++++++++++++++++++++++++++++++++++++++++++++++
Step-4: starting Gurobi solver
Step-5: Gurobi solver finished
+++++++++++++++++++++++++++++++++++++++++++++++++++++++++++++++++++++++++++++++++++++++++++

solution_summary(scuc) = solution_summary(; result = 1, verbose = false)
├ solver_name          : Gurobi
├ Termination
│ ├ termination_status : OPTIMAL
│ ├ result_count       : 1
│ ├ raw_status         : Model was solved to optimality (subject to tolerances), and an optimal solution is available.
│ └ objective_bound    : 1.95192e+16
├ Solution (result = 1)
│ ├ primal_status        : FEASIBLE_POINT
│ ├ dual_status          : NO_SOLUTION
│ ├ objective_value      : 1.95192e+16
│ └ relative_gap         : 7.77675e-10
└ Work counters
  ├ solve_time (sec)   : 7.78000e-01
  ├ simplex_iterations : 0
  ├ barrier_iterations : 0
  └ node_count         : 0


Termination Status: OPTIMAL
Acceptable solution found (Status: OPTIMAL).
Step-6: record datas
PART1: [unit-commitment] calculation result has been saved to: D:\GithubClonefiles\module_unitcommitment\.worktrees\108_168h\output\pcm_com4_loadall_h168_20260823_210543\base\clu_ovl\r01\output/details_schedule_results/pcm_simulation_results/intervels_[1]/res_schedule_commitment_result.txt
PART1: [unit-commitment] calculation result has been saved to: D:\GithubClonefiles\module_unitcommitment\.worktrees\108_168h\output\pcm_com4_loadall_h168_20260823_210543\base\clu_ovl\r01\output/details_schedule_results/pcm_simulation_results/intervels_[1]/res_schedule_commitment_result.txt
Step-3: Creating dispatching model (Refactored & Modularized)
  Clustered PCM: 108 physical units -> 31 equivalent units (71.3% state reduction; 108 units in non-singleton clusters)
    5-point output grid is infeasible; retrying this window with 17 points
  Clustered PCM: 108 physical units -> 31 equivalent units (71.3% state reduction; 108 units in non-singleton clusters)
    Refined output grid is infeasible; entering continuous residence-power diagnosis
  Clustered PCM: 108 physical units -> 31 equivalent units (71.3% state reduction; 108 units in non-singleton clusters)
  ⚠ True clustered UC failed at cluster_master: INFEASIBLE; falling back to full unit-network SCUC
	 Variables defined.
DEBUG set_objective_economic!: NT=26, NG=108, ND=91, NW=20, NS=1, K=3, size(refcost)=(108,), size(eachslope)=(3, 108)
objective_function
	MILP economic objective set
subject to.
	 constraints: 1) minimum shutup/shutdown time limits			 done
	 constraints: 2) binary variable logic					 done
	 constraints: 3) shutup/shutdown cost					 done
	 constraints: 4) loadcurtailments and spoliedwinds			 done
	 constraints: 5) generatos power limits					 done
	 constraints: 6) system reserves limits					 done
	 constraints: 7) power balance constraints				 done
	 constraints: 8) ramp-up/ramp-down constraints				 done
	 constraints: 9) piece linearization constraints			 done
	 constraints: 10) transmissionline limits skipped (is_NetWorkCon != 1 or Gsdf missing or NL=0)
	 constraints: 11) stroges system constraints skipped (NC=0 or variables not defined)
	 constraints: 12) data centra constraints skipped (is_ConsiderDataCentra != 1)
	 constraints: 13) frequency control constraints skipped (is_ConsiderFrequencyControl != 1)
	 constraints: 14) hydro power limits					 done
+++++++++++++++++++++++++++++++++++++++++++++++++++++++++++++++++++++++++++++++++++++++++++
Step-4: starting Gurobi solver
Step-5: Gurobi solver finished
+++++++++++++++++++++++++++++++++++++++++++++++++++++++++++++++++++++++++++++++++++++++++++

solution_summary(scuc) = solution_summary(; result = 1, verbose = false)
├ solver_name          : Gurobi
├ Termination
│ ├ termination_status : OPTIMAL
│ ├ result_count       : 1
│ ├ raw_status         : Model was solved to optimality (subject to tolerances), and an optimal solution is available.
│ └ objective_bound    : 1.95192e+16
├ Solution (result = 1)
│ ├ primal_status        : FEASIBLE_POINT
│ ├ dual_status          : NO_SOLUTION
│ ├ objective_value      : 1.95192e+16
│ └ relative_gap         : 6.42418e-10
└ Work counters
  ├ solve_time (sec)   : 4.97000e-01
  ├ simplex_iterations : 0
  ├ barrier_iterations : 0
  └ node_count         : 0


Termination Status: OPTIMAL
Acceptable solution found (Status: OPTIMAL).
Step-6: record datas
PART1: [unit-commitment] calculation result has been saved to: D:\GithubClonefiles\module_unitcommitment\.worktrees\108_168h\output\pcm_com4_loadall_h168_20260823_210543\base\clu_ovl\r01\output/details_schedule_results/pcm_simulation_results/intervels_[1]/res_schedule_commitment_result.txt
PART1: [unit-commitment] calculation result has been saved to: D:\GithubClonefiles\module_unitcommitment\.worktrees\108_168h\output\pcm_com4_loadall_h168_20260823_210543\base\clu_ovl\r01\output/details_schedule_results/pcm_simulation_results/intervels_[1]/res_schedule_commitment_result.txt
Step-3: Creating dispatching model (Refactored & Modularized)
  Clustered PCM: 108 physical units -> 31 equivalent units (71.3% state reduction; 108 units in non-singleton clusters)
    5-point output grid is infeasible; retrying this window with 17 points
  Clustered PCM: 108 physical units -> 31 equivalent units (71.3% state reduction; 108 units in non-singleton clusters)
    Refined output grid is infeasible; entering continuous residence-power diagnosis
  Clustered PCM: 108 physical units -> 31 equivalent units (71.3% state reduction; 108 units in non-singleton clusters)
  ⚠ True clustered UC failed at cluster_master: INFEASIBLE; falling back to full unit-network SCUC
	 Variables defined.
DEBUG set_objective_economic!: NT=31, NG=108, ND=91, NW=20, NS=1, K=3, size(refcost)=(108,), size(eachslope)=(3, 108)
objective_function
	MILP economic objective set
subject to.
	 constraints: 1) minimum shutup/shutdown time limits			 done
	 constraints: 2) binary variable logic					 done
	 constraints: 3) shutup/shutdown cost					 done
	 constraints: 4) loadcurtailments and spoliedwinds			 done
	 constraints: 5) generatos power limits					 done
	 constraints: 6) system reserves limits					 done
	 constraints: 7) power balance constraints				 done
	 constraints: 8) ramp-up/ramp-down constraints				 done
	 constraints: 9) piece linearization constraints			 done
	 constraints: 10) transmissionline limits skipped (is_NetWorkCon != 1 or Gsdf missing or NL=0)
	 constraints: 11) stroges system constraints skipped (NC=0 or variables not defined)
	 constraints: 12) data centra constraints skipped (is_ConsiderDataCentra != 1)
	 constraints: 13) frequency control constraints skipped (is_ConsiderFrequencyControl != 1)
	 constraints: 14) hydro power limits					 done
+++++++++++++++++++++++++++++++++++++++++++++++++++++++++++++++++++++++++++++++++++++++++++
Step-4: starting Gurobi solver
Step-5: Gurobi solver finished
+++++++++++++++++++++++++++++++++++++++++++++++++++++++++++++++++++++++++++++++++++++++++++

solution_summary(scuc) = solution_summary(; result = 1, verbose = false)
├ solver_name          : Gurobi
├ Termination
│ ├ termination_status : OPTIMAL
│ ├ result_count       : 1
│ ├ raw_status         : Model was solved to optimality (subject to tolerances), and an optimal solution is available.
│ └ objective_bound    : 1.95192e+16
├ Solution (result = 1)
│ ├ primal_status        : FEASIBLE_POINT
│ ├ dual_status          : NO_SOLUTION
│ ├ objective_value      : 1.95192e+16
│ └ relative_gap         : 7.25617e-10
└ Work counters
  ├ solve_time (sec)   : 5.27000e-01
  ├ simplex_iterations : 0
  ├ barrier_iterations : 0
  └ node_count         : 0


Termination Status: OPTIMAL
Acceptable solution found (Status: OPTIMAL).
Step-6: record datas
PART1: [unit-commitment] calculation result has been saved to: D:\GithubClonefiles\module_unitcommitment\.worktrees\108_168h\output\pcm_com4_loadall_h168_20260823_210543\base\clu_ovl\r01\output/details_schedule_results/pcm_simulation_results/intervels_[1]/res_schedule_commitment_result.txt
PART1: [unit-commitment] calculation result has been saved to: D:\GithubClonefiles\module_unitcommitment\.worktrees\108_168h\output\pcm_com4_loadall_h168_20260823_210543\base\clu_ovl\r01\output/details_schedule_results/pcm_simulation_results/intervels_[1]/res_schedule_commitment_result.txt
PART1: [unit-commitment] calculation result has been saved to: D:\GithubClonefiles\module_unitcommitment\.worktrees\108_168h\output\pcm_com4_loadall_h168_20260823_210543\base\clu_ovl\r01\output/details_schedule_results/pcm_simulation_results/intervels_[1]/res_schedule_commitment_result.txt
Step-3: Creating dispatching model (Refactored & Modularized)
  Clustered PCM: 108 physical units -> 31 equivalent units (71.3% state reduction; 108 units in non-singleton clusters)
    5-point output grid is infeasible; retrying this window with 17 points
  Clustered PCM: 108 physical units -> 31 equivalent units (71.3% state reduction; 108 units in non-singleton clusters)
    Refined output grid is infeasible; entering continuous residence-power diagnosis
  Clustered PCM: 108 physical units -> 31 equivalent units (71.3% state reduction; 108 units in non-singleton clusters)
  ⚠ True clustered UC failed at cluster_master: INFEASIBLE; falling back to full unit-network SCUC
	 Variables defined.
DEBUG set_objective_economic!: NT=36, NG=108, ND=91, NW=20, NS=1, K=3, size(refcost)=(108,), size(eachslope)=(3, 108)
objective_function
	MILP economic objective set
subject to.
	 constraints: 1) minimum shutup/shutdown time limits			 done
	 constraints: 2) binary variable logic					 done
	 constraints: 3) shutup/shutdown cost					 done
	 constraints: 4) loadcurtailments and spoliedwinds			 done
	 constraints: 5) generatos power limits					 done
	 constraints: 6) system reserves limits					 done
	 constraints: 7) power balance constraints				 done
	 constraints: 8) ramp-up/ramp-down constraints				 done
	 constraints: 9) piece linearization constraints			 done
	 constraints: 10) transmissionline limits skipped (is_NetWorkCon != 1 or Gsdf missing or NL=0)
	 constraints: 11) stroges system constraints skipped (NC=0 or variables not defined)
	 constraints: 12) data centra constraints skipped (is_ConsiderDataCentra != 1)
	 constraints: 13) frequency control constraints skipped (is_ConsiderFrequencyControl != 1)
	 constraints: 14) hydro power limits					 done
+++++++++++++++++++++++++++++++++++++++++++++++++++++++++++++++++++++++++++++++++++++++++++
Step-4: starting Gurobi solver
Step-5: Gurobi solver finished
+++++++++++++++++++++++++++++++++++++++++++++++++++++++++++++++++++++++++++++++++++++++++++

solution_summary(scuc) = solution_summary(; result = 1, verbose = false)
├ solver_name          : Gurobi
├ Termination
│ ├ termination_status : OPTIMAL
│ ├ result_count       : 1
│ ├ raw_status         : Model was solved to optimality (subject to tolerances), and an optimal solution is available.
│ └ objective_bound    : 1.94575e+16
├ Solution (result = 1)
│ ├ primal_status        : FEASIBLE_POINT
│ ├ dual_status          : NO_SOLUTION
│ ├ objective_value      : 1.94575e+16
│ └ relative_gap         : 7.62453e-10
└ Work counters
  ├ solve_time (sec)   : 5.83000e-01
  ├ simplex_iterations : 0
  ├ barrier_iterations : 0
  └ node_count         : 0


Termination Status: OPTIMAL
Acceptable solution found (Status: OPTIMAL).
Step-6: record datas
PART1: [unit-commitment] calculation result has been saved to: D:\GithubClonefiles\module_unitcommitment\.worktrees\108_168h\output\pcm_com4_loadall_h168_20260823_210543\base\clu_ovl\r01\output/details_schedule_results/pcm_simulation_results/intervels_[1]/res_schedule_commitment_result.txt
Step-3: Creating dispatching model (Refactored & Modularized)
  Clustered PCM: 108 physical units -> 31 equivalent units (71.3% state reduction; 108 units in non-singleton clusters)
    5-point output grid is infeasible; retrying this window with 17 points
  Clustered PCM: 108 physical units -> 31 equivalent units (71.3% state reduction; 108 units in non-singleton clusters)
    Refined output grid is infeasible; entering continuous residence-power diagnosis
  Clustered PCM: 108 physical units -> 31 equivalent units (71.3% state reduction; 108 units in non-singleton clusters)
  ⚠ True clustered UC failed at cluster_master: INFEASIBLE; falling back to full unit-network SCUC
	 Variables defined.
DEBUG set_objective_economic!: NT=36, NG=108, ND=91, NW=20, NS=1, K=3, size(refcost)=(108,), size(eachslope)=(3, 108)
objective_function
	MILP economic objective set
subject to.
	 constraints: 1) minimum shutup/shutdown time limits			 done
	 constraints: 2) binary variable logic					 done
	 constraints: 3) shutup/shutdown cost					 done
	 constraints: 4) loadcurtailments and spoliedwinds			 done
	 constraints: 5) generatos power limits					 done
	 constraints: 6) system reserves limits					 done
	 constraints: 7) power balance constraints				 done
	 constraints: 8) ramp-up/ramp-down constraints				 done
	 constraints: 9) piece linearization constraints			 done
	 constraints: 10) transmissionline limits skipped (is_NetWorkCon != 1 or Gsdf missing or NL=0)
	 constraints: 11) stroges system constraints skipped (NC=0 or variables not defined)
	 constraints: 12) data centra constraints skipped (is_ConsiderDataCentra != 1)
	 constraints: 13) frequency control constraints skipped (is_ConsiderFrequencyControl != 1)
	 constraints: 14) hydro power limits					 done
+++++++++++++++++++++++++++++++++++++++++++++++++++++++++++++++++++++++++++++++++++++++++++
Step-4: starting Gurobi solver
Step-5: Gurobi solver finished
+++++++++++++++++++++++++++++++++++++++++++++++++++++++++++++++++++++++++++++++++++++++++++

solution_summary(scuc) = solution_summary(; result = 1, verbose = false)
├ solver_name          : Gurobi
├ Termination
│ ├ termination_status : OPTIMAL
│ ├ result_count       : 1
│ ├ raw_status         : Model was solved to optimality (subject to tolerances), and an optimal solution is available.
│ └ objective_bound    : 1.94575e+16
├ Solution (result = 1)
│ ├ primal_status        : FEASIBLE_POINT
│ ├ dual_status          : NO_SOLUTION
│ ├ objective_value      : 1.94575e+16
│ └ relative_gap         : 7.62453e-10
└ Work counters
  ├ solve_time (sec)   : 5.88000e-01
  ├ simplex_iterations : 0
  ├ barrier_iterations : 0
  └ node_count         : 0


Termination Status: OPTIMAL
Acceptable solution found (Status: OPTIMAL).
Step-6: record datas
PART1: [unit-commitment] calculation result has been saved to: D:\GithubClonefiles\module_unitcommitment\.worktrees\108_168h\output\pcm_com4_loadall_h168_20260823_210543\base\clu_ovl\r01\output/details_schedule_results/pcm_simulation_results/intervels_[1]/res_schedule_commitment_result.txt
PART1: [unit-commitment] calculation result has been saved to: D:\GithubClonefiles\module_unitcommitment\.worktrees\108_168h\output\pcm_com4_loadall_h168_20260823_210543\base\clu_ovl\r01\output/details_schedule_results/pcm_simulation_results/intervels_[1]/res_schedule_commitment_result.txt
Step-3: Creating dispatching model (Refactored & Modularized)
  Clustered PCM: 108 physical units -> 31 equivalent units (71.3% state reduction; 108 units in non-singleton clusters)
    5-point output grid is infeasible; retrying this window with 17 points
  Clustered PCM: 108 physical units -> 31 equivalent units (71.3% state reduction; 108 units in non-singleton clusters)
    Refined output grid is infeasible; entering continuous residence-power diagnosis
  Clustered PCM: 108 physical units -> 31 equivalent units (71.3% state reduction; 108 units in non-singleton clusters)
  ⚠ True clustered UC failed at cluster_master: INFEASIBLE; falling back to full unit-network SCUC
	 Variables defined.
DEBUG set_objective_economic!: NT=26, NG=108, ND=91, NW=20, NS=1, K=3, size(refcost)=(108,), size(eachslope)=(3, 108)
objective_function
	MILP economic objective set
subject to.
	 constraints: 1) minimum shutup/shutdown time limits			 done
	 constraints: 2) binary variable logic					 done
	 constraints: 3) shutup/shutdown cost					 done
	 constraints: 4) loadcurtailments and spoliedwinds			 done
	 constraints: 5) generatos power limits					 done
	 constraints: 6) system reserves limits					 done
	 constraints: 7) power balance constraints				 done
	 constraints: 8) ramp-up/ramp-down constraints				 done
	 constraints: 9) piece linearization constraints			 done
	 constraints: 10) transmissionline limits skipped (is_NetWorkCon != 1 or Gsdf missing or NL=0)
	 constraints: 11) stroges system constraints skipped (NC=0 or variables not defined)
	 constraints: 12) data centra constraints skipped (is_ConsiderDataCentra != 1)
	 constraints: 13) frequency control constraints skipped (is_ConsiderFrequencyControl != 1)
	 constraints: 14) hydro power limits					 done
+++++++++++++++++++++++++++++++++++++++++++++++++++++++++++++++++++++++++++++++++++++++++++
Step-4: starting Gurobi solver
Step-5: Gurobi solver finished
+++++++++++++++++++++++++++++++++++++++++++++++++++++++++++++++++++++++++++++++++++++++++++

solution_summary(scuc) = solution_summary(; result = 1, verbose = false)
├ solver_name          : Gurobi
├ Termination
│ ├ termination_status : OPTIMAL
│ ├ result_count       : 1
│ ├ raw_status         : Model was solved to optimality (subject to tolerances), and an optimal solution is available.
│ └ objective_bound    : 1.94575e+16
├ Solution (result = 1)
│ ├ primal_status        : FEASIBLE_POINT
│ ├ dual_status          : NO_SOLUTION
│ ├ objective_value      : 1.94575e+16
│ └ relative_gap         : 6.87465e-10
└ Work counters
  ├ solve_time (sec)   : 5.14000e-01
  ├ simplex_iterations : 0
  ├ barrier_iterations : 0
  └ node_count         : 0


Termination Status: OPTIMAL
Acceptable solution found (Status: OPTIMAL).
Step-6: record datas
PART1: [unit-commitment] calculation result has been saved to: D:\GithubClonefiles\module_unitcommitment\.worktrees\108_168h\output\pcm_com4_loadall_h168_20260823_210543\base\clu_ovl\r01\output/details_schedule_results/pcm_simulation_results/intervels_[1]/res_schedule_commitment_result.txt
PART1: [unit-commitment] calculation result has been saved to: D:\GithubClonefiles\module_unitcommitment\.worktrees\108_168h\output\pcm_com4_loadall_h168_20260823_210543\base\clu_ovl\r01\output/details_schedule_results/pcm_simulation_results/intervels_[1]/res_schedule_commitment_result.txt
Step-3: Creating dispatching model (Refactored & Modularized)
  Clustered PCM: 108 physical units -> 31 equivalent units (71.3% state reduction; 108 units in non-singleton clusters)
    5-point output grid is infeasible; retrying this window with 17 points
  Clustered PCM: 108 physical units -> 31 equivalent units (71.3% state reduction; 108 units in non-singleton clusters)
    Refined output grid is infeasible; entering continuous residence-power diagnosis
  Clustered PCM: 108 physical units -> 31 equivalent units (71.3% state reduction; 108 units in non-singleton clusters)
  ⚠ True clustered UC failed at cluster_master: INFEASIBLE; falling back to full unit-network SCUC
	 Variables defined.
DEBUG set_objective_economic!: NT=31, NG=108, ND=91, NW=20, NS=1, K=3, size(refcost)=(108,), size(eachslope)=(3, 108)
objective_function
	MILP economic objective set
subject to.
	 constraints: 1) minimum shutup/shutdown time limits			 done
	 constraints: 2) binary variable logic					 done
	 constraints: 3) shutup/shutdown cost					 done
	 constraints: 4) loadcurtailments and spoliedwinds			 done
	 constraints: 5) generatos power limits					 done
	 constraints: 6) system reserves limits					 done
	 constraints: 7) power balance constraints				 done
	 constraints: 8) ramp-up/ramp-down constraints				 done
	 constraints: 9) piece linearization constraints			 done
	 constraints: 10) transmissionline limits skipped (is_NetWorkCon != 1 or Gsdf missing or NL=0)
	 constraints: 11) stroges system constraints skipped (NC=0 or variables not defined)
	 constraints: 12) data centra constraints skipped (is_ConsiderDataCentra != 1)
	 constraints: 13) frequency control constraints skipped (is_ConsiderFrequencyControl != 1)
	 constraints: 14) hydro power limits					 done
+++++++++++++++++++++++++++++++++++++++++++++++++++++++++++++++++++++++++++++++++++++++++++
Step-4: starting Gurobi solver
Step-5: Gurobi solver finished
+++++++++++++++++++++++++++++++++++++++++++++++++++++++++++++++++++++++++++++++++++++++++++

solution_summary(scuc) = solution_summary(; result = 1, verbose = false)
├ solver_name          : Gurobi
├ Termination
│ ├ termination_status : OPTIMAL
│ ├ result_count       : 1
│ ├ raw_status         : Model was solved to optimality (subject to tolerances), and an optimal solution is available.
│ └ objective_bound    : 1.94575e+16
├ Solution (result = 1)
│ ├ primal_status        : FEASIBLE_POINT
│ ├ dual_status          : NO_SOLUTION
│ ├ objective_value      : 1.94575e+16
│ └ relative_gap         : 7.34703e-10
└ Work counters
  ├ solve_time (sec)   : 5.15000e-01
  ├ simplex_iterations : 0
  ├ barrier_iterations : 0
  └ node_count         : 0


Termination Status: OPTIMAL
Acceptable solution found (Status: OPTIMAL).
Step-6: record datas
PART1: [unit-commitment] calculation result has been saved to: D:\GithubClonefiles\module_unitcommitment\.worktrees\108_168h\output\pcm_com4_loadall_h168_20260823_210543\base\clu_ovl\r01\output/details_schedule_results/pcm_simulation_results/intervels_[1]/res_schedule_commitment_result.txt
PART1: [unit-commitment] calculation result has been saved to: D:\GithubClonefiles\module_unitcommitment\.worktrees\108_168h\output\pcm_com4_loadall_h168_20260823_210543\base\clu_ovl\r01\output/details_schedule_results/pcm_simulation_results/intervels_[1]/res_schedule_commitment_result.txt
PART1: [unit-commitment] calculation result has been saved to: D:\GithubClonefiles\module_unitcommitment\.worktrees\108_168h\output\pcm_com4_loadall_h168_20260823_210543\base\clu_ovl\r01\output/details_schedule_results/pcm_simulation_results/intervels_[1]/res_schedule_commitment_result.txt
Step-3: Creating dispatching model (Refactored & Modularized)
  Clustered PCM: 108 physical units -> 31 equivalent units (71.3% state reduction; 108 units in non-singleton clusters)
    5-point output grid is infeasible; retrying this window with 17 points
  Clustered PCM: 108 physical units -> 31 equivalent units (71.3% state reduction; 108 units in non-singleton clusters)
    Refined output grid is infeasible; entering continuous residence-power diagnosis
  Clustered PCM: 108 physical units -> 31 equivalent units (71.3% state reduction; 108 units in non-singleton clusters)
  ⚠ True clustered UC failed at cluster_master: INFEASIBLE; falling back to full unit-network SCUC
	 Variables defined.
DEBUG set_objective_economic!: NT=36, NG=108, ND=91, NW=20, NS=1, K=3, size(refcost)=(108,), size(eachslope)=(3, 108)
objective_function
	MILP economic objective set
subject to.
	 constraints: 1) minimum shutup/shutdown time limits			 done
	 constraints: 2) binary variable logic					 done
	 constraints: 3) shutup/shutdown cost					 done
	 constraints: 4) loadcurtailments and spoliedwinds			 done
	 constraints: 5) generatos power limits					 done
	 constraints: 6) system reserves limits					 done
	 constraints: 7) power balance constraints				 done
	 constraints: 8) ramp-up/ramp-down constraints				 done
	 constraints: 9) piece linearization constraints			 done
	 constraints: 10) transmissionline limits skipped (is_NetWorkCon != 1 or Gsdf missing or NL=0)
	 constraints: 11) stroges system constraints skipped (NC=0 or variables not defined)
	 constraints: 12) data centra constraints skipped (is_ConsiderDataCentra != 1)
	 constraints: 13) frequency control constraints skipped (is_ConsiderFrequencyControl != 1)
	 constraints: 14) hydro power limits					 done
+++++++++++++++++++++++++++++++++++++++++++++++++++++++++++++++++++++++++++++++++++++++++++
Step-4: starting Gurobi solver
Step-5: Gurobi solver finished
+++++++++++++++++++++++++++++++++++++++++++++++++++++++++++++++++++++++++++++++++++++++++++

solution_summary(scuc) = solution_summary(; result = 1, verbose = false)
├ solver_name          : Gurobi
├ Termination
│ ├ termination_status : OPTIMAL
│ ├ result_count       : 1
│ ├ raw_status         : Model was solved to optimality (subject to tolerances), and an optimal solution is available.
│ └ objective_bound    : 1.02085e+16
├ Solution (result = 1)
│ ├ primal_status        : FEASIBLE_POINT
│ ├ dual_status          : NO_SOLUTION
│ ├ objective_value      : 1.02085e+16
│ └ relative_gap         : 1.44314e-09
└ Work counters
  ├ solve_time (sec)   : 6.26000e-01
  ├ simplex_iterations : 0
  ├ barrier_iterations : 0
  └ node_count         : 0


Termination Status: OPTIMAL
Acceptable solution found (Status: OPTIMAL).
Step-6: record datas
PART1: [unit-commitment] calculation result has been saved to: D:\GithubClonefiles\module_unitcommitment\.worktrees\108_168h\output\pcm_com4_loadall_h168_20260823_210543\base\clu_ovl\r01\output/details_schedule_results/pcm_simulation_results/intervels_[1]/res_schedule_commitment_result.txt
Step-3: Creating dispatching model (Refactored & Modularized)
  Clustered PCM: 108 physical units -> 31 equivalent units (71.3% state reduction; 108 units in non-singleton clusters)
    5-point output grid is infeasible; retrying this window with 17 points
  Clustered PCM: 108 physical units -> 31 equivalent units (71.3% state reduction; 108 units in non-singleton clusters)
    Refined output grid is infeasible; entering continuous residence-power diagnosis
  Clustered PCM: 108 physical units -> 31 equivalent units (71.3% state reduction; 108 units in non-singleton clusters)
  ⚠ True clustered UC failed at cluster_master: INFEASIBLE; falling back to full unit-network SCUC
	 Variables defined.
DEBUG set_objective_economic!: NT=36, NG=108, ND=91, NW=20, NS=1, K=3, size(refcost)=(108,), size(eachslope)=(3, 108)
objective_function
	MILP economic objective set
subject to.
	 constraints: 1) minimum shutup/shutdown time limits			 done
	 constraints: 2) binary variable logic					 done
	 constraints: 3) shutup/shutdown cost					 done
	 constraints: 4) loadcurtailments and spoliedwinds			 done
	 constraints: 5) generatos power limits					 done
	 constraints: 6) system reserves limits					 done
	 constraints: 7) power balance constraints				 done
	 constraints: 8) ramp-up/ramp-down constraints				 done
	 constraints: 9) piece linearization constraints			 done
	 constraints: 10) transmissionline limits skipped (is_NetWorkCon != 1 or Gsdf missing or NL=0)
	 constraints: 11) stroges system constraints skipped (NC=0 or variables not defined)
	 constraints: 12) data centra constraints skipped (is_ConsiderDataCentra != 1)
	 constraints: 13) frequency control constraints skipped (is_ConsiderFrequencyControl != 1)
	 constraints: 14) hydro power limits					 done
+++++++++++++++++++++++++++++++++++++++++++++++++++++++++++++++++++++++++++++++++++++++++++
Step-4: starting Gurobi solver
Step-5: Gurobi solver finished
+++++++++++++++++++++++++++++++++++++++++++++++++++++++++++++++++++++++++++++++++++++++++++

solution_summary(scuc) = solution_summary(; result = 1, verbose = false)
├ solver_name          : Gurobi
├ Termination
│ ├ termination_status : OPTIMAL
│ ├ result_count       : 1
│ ├ raw_status         : Model was solved to optimality (subject to tolerances), and an optimal solution is available.
│ └ objective_bound    : 1.02085e+16
├ Solution (result = 1)
│ ├ primal_status        : FEASIBLE_POINT
│ ├ dual_status          : NO_SOLUTION
│ ├ objective_value      : 1.02085e+16
│ └ relative_gap         : 1.44314e-09
└ Work counters
  ├ solve_time (sec)   : 6.15000e-01
  ├ simplex_iterations : 0
  ├ barrier_iterations : 0
  └ node_count         : 0


Termination Status: OPTIMAL
Acceptable solution found (Status: OPTIMAL).
Step-6: record datas
Set parameter Username
Set parameter LicenseID to value 2826524
Academic license - for non-commercial use only - expires 2027-05-22
Set parameter Username
Set parameter LicenseID to value 2826524
Academic license - for non-commercial use only - expires 2027-05-22
Set parameter Username
Set parameter LicenseID to value 2826524
Academic license - for non-commercial use only - expires 2027-05-22
Set parameter Username
Set parameter LicenseID to value 2826524
Academic license - for non-commercial use only - expires 2027-05-22
Set parameter Username
Set parameter LicenseID to value 2826524
Academic license - for non-commercial use only - expires 2027-05-22
Set parameter Username
Set parameter LicenseID to value 2826524
Academic license - for non-commercial use only - expires 2027-05-22
Set parameter Username
Set parameter LicenseID to value 2826524
Academic license - for non-commercial use only - expires 2027-05-22
Set parameter Username
Set parameter LicenseID to value 2826524
Academic license - for non-commercial use only - expires 2027-05-22
Set parameter Username
Set parameter LicenseID to value 2826524
Academic license - for non-commercial use only - expires 2027-05-22
Set parameter Username
Set parameter LicenseID to value 2826524
Academic license - for non-commercial use only - expires 2027-05-22
Set parameter Username
Set parameter LicenseID to value 2826524
Academic license - for non-commercial use only - expires 2027-05-22
Set parameter Username
Set parameter LicenseID to value 2826524
Academic license - for non-commercial use only - expires 2027-05-22
Set parameter Username
Set parameter LicenseID to value 2826524
Academic license - for non-commercial use only - expires 2027-05-22
Set parameter Username
Set parameter LicenseID to value 2826524
Academic license - for non-commercial use only - expires 2027-05-22
Set parameter Username
Set parameter LicenseID to value 2826524
Academic license - for non-commercial use only - expires 2027-05-22
Set parameter Username
Set parameter LicenseID to value 2826524
Academic license - for non-commercial use only - expires 2027-05-22
Set parameter Username
Set parameter LicenseID to value 2826524
Academic license - for non-commercial use only - expires 2027-05-22
Set parameter Username
Set parameter LicenseID to value 2826524
Academic license - for non-commercial use only - expires 2027-05-22
Set parameter Username
Set parameter LicenseID to value 2826524
Academic license - for non-commercial use only - expires 2027-05-22
Set parameter Username
Set parameter LicenseID to value 2826524
Academic license - for non-commercial use only - expires 2027-05-22
Set parameter Username
Set parameter LicenseID to value 2826524
Academic license - for non-commercial use only - expires 2027-05-22
Set parameter Username
Set parameter LicenseID to value 2826524
Academic license - for non-commercial use only - expires 2027-05-22
Set parameter Username
Set parameter LicenseID to value 2826524
Academic license - for non-commercial use only - expires 2027-05-22
Set parameter Username
Set parameter LicenseID to value 2826524
Academic license - for non-commercial use only - expires 2027-05-22
Set parameter Username
Set parameter LicenseID to value 2826524
Academic license - for non-commercial use only - expires 2027-05-22
Set parameter Username
Set parameter LicenseID to value 2826524
Academic license - for non-commercial use only - expires 2027-05-22
Set parameter Username
Set parameter LicenseID to value 2826524
Academic license - for non-commercial use only - expires 2027-05-22
Set parameter Username
Set parameter LicenseID to value 2826524
Academic license - for non-commercial use only - expires 2027-05-22
Set parameter Username
Set parameter LicenseID to value 2826524
Academic license - for non-commercial use only - expires 2027-05-22
Set parameter Username
Set parameter LicenseID to value 2826524
Academic license - for non-commercial use only - expires 2027-05-22
Set parameter Username
Set parameter LicenseID to value 2826524
Academic license - for non-commercial use only - expires 2027-05-22
Set parameter Username
Set parameter LicenseID to value 2826524
Academic license - for non-commercial use only - expires 2027-05-22
Set parameter Username
Set parameter LicenseID to value 2826524
Academic license - for non-commercial use only - expires 2027-05-22
Set parameter Username
Set parameter LicenseID to value 2826524
Academic license - for non-commercial use only - expires 2027-05-22
Set parameter Username
Set parameter LicenseID to value 2826524
Academic license - for non-commercial use only - expires 2027-05-22
Set parameter Username
Set parameter LicenseID to value 2826524
Academic license - for non-commercial use only - expires 2027-05-22
Set parameter Username
Set parameter LicenseID to value 2826524
Academic license - for non-commercial use only - expires 2027-05-22
Set parameter Username
Set parameter LicenseID to value 2826524
Academic license - for non-commercial use only - expires 2027-05-22
Set parameter Username
Set parameter LicenseID to value 2826524
Academic license - for non-commercial use only - expires 2027-05-22
Set parameter Username
Set parameter LicenseID to value 2826524
Academic license - for non-commercial use only - expires 2027-05-22
PART1: [unit-commitment] calculation result has been saved to: D:\GithubClonefiles\module_unitcommitment\.worktrees\108_168h\output\pcm_com4_loadall_h168_20260823_210543\base\clu_ovl\r01\output/details_schedule_results/pcm_simulation_results/intervels_[1]/res_schedule_commitment_result.txt
PART1: [unit-commitment] calculation result has been saved to: D:\GithubClonefiles\module_unitcommitment\.worktrees\108_168h\output\pcm_com4_loadall_h168_20260823_210543\base\clu_ovl\r01\output/details_schedule_results/pcm_simulation_results/intervels_[1]/res_schedule_commitment_result.txt
Step-3: Creating dispatching model (Refactored & Modularized)
  Clustered PCM: 108 physical units -> 31 equivalent units (71.3% state reduction; 108 units in non-singleton clusters)
    5-point output grid is infeasible; retrying this window with 17 points
  Clustered PCM: 108 physical units -> 31 equivalent units (71.3% state reduction; 108 units in non-singleton clusters)
    Refined output grid is infeasible; entering continuous residence-power diagnosis
  Clustered PCM: 108 physical units -> 31 equivalent units (71.3% state reduction; 108 units in non-singleton clusters)
  ⚠ True clustered UC failed at cluster_master: INFEASIBLE; falling back to full unit-network SCUC
	 Variables defined.
DEBUG set_objective_economic!: NT=26, NG=108, ND=91, NW=20, NS=1, K=3, size(refcost)=(108,), size(eachslope)=(3, 108)
objective_function
	MILP economic objective set
subject to.
	 constraints: 1) minimum shutup/shutdown time limits			 done
	 constraints: 2) binary variable logic					 done
	 constraints: 3) shutup/shutdown cost					 done
	 constraints: 4) loadcurtailments and spoliedwinds			 done
	 constraints: 5) generatos power limits					 done
	 constraints: 6) system reserves limits					 done
	 constraints: 7) power balance constraints				 done
	 constraints: 8) ramp-up/ramp-down constraints				 done
	 constraints: 9) piece linearization constraints			 done
	 constraints: 10) transmissionline limits skipped (is_NetWorkCon != 1 or Gsdf missing or NL=0)
	 constraints: 11) stroges system constraints skipped (NC=0 or variables not defined)
	 constraints: 12) data centra constraints skipped (is_ConsiderDataCentra != 1)
	 constraints: 13) frequency control constraints skipped (is_ConsiderFrequencyControl != 1)
	 constraints: 14) hydro power limits					 done
+++++++++++++++++++++++++++++++++++++++++++++++++++++++++++++++++++++++++++++++++++++++++++
Step-4: starting Gurobi solver
Step-5: Gurobi solver finished
+++++++++++++++++++++++++++++++++++++++++++++++++++++++++++++++++++++++++++++++++++++++++++

solution_summary(scuc) = solution_summary(; result = 1, verbose = false)
├ solver_name          : Gurobi
├ Termination
│ ├ termination_status : OPTIMAL
│ ├ result_count       : 2
│ ├ raw_status         : Model was solved to optimality (subject to tolerances), and an optimal solution is available.
│ └ objective_bound    : 1.02085e+16
├ Solution (result = 1)
│ ├ primal_status        : FEASIBLE_POINT
│ ├ dual_status          : NO_SOLUTION
│ ├ objective_value      : 1.02085e+16
│ └ relative_gap         : 1.31109e-09
└ Work counters
  ├ solve_time (sec)   : 5.53000e-01
  ├ simplex_iterations : 0
  ├ barrier_iterations : 0
  └ node_count         : 0


Termination Status: OPTIMAL
Acceptable solution found (Status: OPTIMAL).
Step-6: record datas
PART1: [unit-commitment] calculation result has been saved to: D:\GithubClonefiles\module_unitcommitment\.worktrees\108_168h\output\pcm_com4_loadall_h168_20260823_210543\base\clu_ovl\r01\output/details_schedule_results/pcm_simulation_results/intervels_[1]/res_schedule_commitment_result.txt
PART1: [unit-commitment] calculation result has been saved to: D:\GithubClonefiles\module_unitcommitment\.worktrees\108_168h\output\pcm_com4_loadall_h168_20260823_210543\base\clu_ovl\r01\output/details_schedule_results/pcm_simulation_results/intervels_[1]/res_schedule_commitment_result.txt
Step-3: Creating dispatching model (Refactored & Modularized)
  Clustered PCM: 108 physical units -> 31 equivalent units (71.3% state reduction; 108 units in non-singleton clusters)
    5-point output grid is infeasible; retrying this window with 17 points
  Clustered PCM: 108 physical units -> 31 equivalent units (71.3% state reduction; 108 units in non-singleton clusters)
    Refined output grid is infeasible; entering continuous residence-power diagnosis
  Clustered PCM: 108 physical units -> 31 equivalent units (71.3% state reduction; 108 units in non-singleton clusters)
  ⚠ True clustered UC failed at cluster_master: INFEASIBLE; falling back to full unit-network SCUC
	 Variables defined.
DEBUG set_objective_economic!: NT=31, NG=108, ND=91, NW=20, NS=1, K=3, size(refcost)=(108,), size(eachslope)=(3, 108)
objective_function
	MILP economic objective set
subject to.
	 constraints: 1) minimum shutup/shutdown time limits			 done
	 constraints: 2) binary variable logic					 done
	 constraints: 3) shutup/shutdown cost					 done
	 constraints: 4) loadcurtailments and spoliedwinds			 done
	 constraints: 5) generatos power limits					 done
	 constraints: 6) system reserves limits					 done
	 constraints: 7) power balance constraints				 done
	 constraints: 8) ramp-up/ramp-down constraints				 done
	 constraints: 9) piece linearization constraints			 done
	 constraints: 10) transmissionline limits skipped (is_NetWorkCon != 1 or Gsdf missing or NL=0)
	 constraints: 11) stroges system constraints skipped (NC=0 or variables not defined)
	 constraints: 12) data centra constraints skipped (is_ConsiderDataCentra != 1)
	 constraints: 13) frequency control constraints skipped (is_ConsiderFrequencyControl != 1)
	 constraints: 14) hydro power limits					 done
+++++++++++++++++++++++++++++++++++++++++++++++++++++++++++++++++++++++++++++++++++++++++++
Step-4: starting Gurobi solver
Step-5: Gurobi solver finished
+++++++++++++++++++++++++++++++++++++++++++++++++++++++++++++++++++++++++++++++++++++++++++

solution_summary(scuc) = solution_summary(; result = 1, verbose = false)
├ solver_name          : Gurobi
├ Termination
│ ├ termination_status : OPTIMAL
│ ├ result_count       : 1
│ ├ raw_status         : Model was solved to optimality (subject to tolerances), and an optimal solution is available.
│ └ objective_bound    : 1.02085e+16
├ Solution (result = 1)
│ ├ primal_status        : FEASIBLE_POINT
│ ├ dual_status          : NO_SOLUTION
│ ├ objective_value      : 1.02085e+16
│ └ relative_gap         : 1.37303e-09
└ Work counters
  ├ solve_time (sec)   : 5.34000e-01
  ├ simplex_iterations : 0
  ├ barrier_iterations : 0
  └ node_count         : 0


Termination Status: OPTIMAL
Acceptable solution found (Status: OPTIMAL).
Step-6: record datas
PART1: [unit-commitment] calculation result has been saved to: D:\GithubClonefiles\module_unitcommitment\.worktrees\108_168h\output\pcm_com4_loadall_h168_20260823_210543\base\clu_ovl\r01\output/details_schedule_results/pcm_simulation_results/intervels_[1]/res_schedule_commitment_result.txt
PART1: [unit-commitment] calculation result has been saved to: D:\GithubClonefiles\module_unitcommitment\.worktrees\108_168h\output\pcm_com4_loadall_h168_20260823_210543\base\clu_ovl\r01\output/details_schedule_results/pcm_simulation_results/intervels_[1]/res_schedule_commitment_result.txt
PART1: [unit-commitment] calculation result has been saved to: D:\GithubClonefiles\module_unitcommitment\.worktrees\108_168h\output\pcm_com4_loadall_h168_20260823_210543\base\clu_ovl\r01\output/details_schedule_results/pcm_simulation_results/intervels_[1]/res_schedule_commitment_result.txt
Step-3: Creating dispatching model (Refactored & Modularized)
  Clustered PCM: 108 physical units -> 31 equivalent units (71.3% state reduction; 108 units in non-singleton clusters)
    5-point output grid is infeasible; retrying this window with 17 points
  Clustered PCM: 108 physical units -> 31 equivalent units (71.3% state reduction; 108 units in non-singleton clusters)
    Refined output grid is infeasible; entering continuous residence-power diagnosis
  Clustered PCM: 108 physical units -> 31 equivalent units (71.3% state reduction; 108 units in non-singleton clusters)
  ⚠ True clustered UC failed at cluster_master: INFEASIBLE; falling back to full unit-network SCUC
	 Variables defined.
DEBUG set_objective_economic!: NT=36, NG=108, ND=91, NW=20, NS=1, K=3, size(refcost)=(108,), size(eachslope)=(3, 108)
objective_function
	MILP economic objective set
subject to.
	 constraints: 1) minimum shutup/shutdown time limits			 done
	 constraints: 2) binary variable logic					 done
	 constraints: 3) shutup/shutdown cost					 done
	 constraints: 4) loadcurtailments and spoliedwinds			 done
	 constraints: 5) generatos power limits					 done
	 constraints: 6) system reserves limits					 done
	 constraints: 7) power balance constraints				 done
	 constraints: 8) ramp-up/ramp-down constraints				 done
	 constraints: 9) piece linearization constraints			 done
	 constraints: 10) transmissionline limits skipped (is_NetWorkCon != 1 or Gsdf missing or NL=0)
	 constraints: 11) stroges system constraints skipped (NC=0 or variables not defined)
	 constraints: 12) data centra constraints skipped (is_ConsiderDataCentra != 1)
	 constraints: 13) frequency control constraints skipped (is_ConsiderFrequencyControl != 1)
	 constraints: 14) hydro power limits					 done
+++++++++++++++++++++++++++++++++++++++++++++++++++++++++++++++++++++++++++++++++++++++++++
Step-4: starting Gurobi solver
Step-5: Gurobi solver finished
+++++++++++++++++++++++++++++++++++++++++++++++++++++++++++++++++++++++++++++++++++++++++++

solution_summary(scuc) = solution_summary(; result = 1, verbose = false)
├ solver_name          : Gurobi
├ Termination
│ ├ termination_status : OPTIMAL
│ ├ result_count       : 10
│ ├ raw_status         : Model was solved to optimality (subject to tolerances), and an optimal solution is available.
│ └ objective_bound    : 3.56724e+06
├ Solution (result = 1)
│ ├ primal_status        : FEASIBLE_POINT
│ ├ dual_status          : NO_SOLUTION
│ ├ objective_value      : 3.66035e+06
│ └ relative_gap         : 2.54371e-02
└ Work counters
  ├ solve_time (sec)   : 8.72000e+00
  ├ simplex_iterations : 24370
  ├ barrier_iterations : 0
  └ node_count         : 1


Termination Status: OPTIMAL
Acceptable solution found (Status: OPTIMAL).
Step-6: record datas
PART1: [unit-commitment] calculation result has been saved to: D:\GithubClonefiles\module_unitcommitment\.worktrees\108_168h\output\pcm_com4_loadall_h168_20260823_210543\base\clu_ovl\r01\output/details_schedule_results/pcm_simulation_results/intervels_[1]/res_schedule_commitment_result.txt
Step-3: Creating dispatching model (Refactored & Modularized)
  Clustered PCM: 108 physical units -> 31 equivalent units (71.3% state reduction; 108 units in non-singleton clusters)
    5-point output grid is infeasible; retrying this window with 17 points
  Clustered PCM: 108 physical units -> 31 equivalent units (71.3% state reduction; 108 units in non-singleton clusters)
    Refined output grid is infeasible; entering continuous residence-power diagnosis
  Clustered PCM: 108 physical units -> 31 equivalent units (71.3% state reduction; 108 units in non-singleton clusters)
  ⚠ True clustered UC failed at cluster_master: INFEASIBLE; falling back to full unit-network SCUC
	 Variables defined.
DEBUG set_objective_economic!: NT=36, NG=108, ND=91, NW=20, NS=1, K=3, size(refcost)=(108,), size(eachslope)=(3, 108)
objective_function
	MILP economic objective set
subject to.
	 constraints: 1) minimum shutup/shutdown time limits			 done
	 constraints: 2) binary variable logic					 done
	 constraints: 3) shutup/shutdown cost					 done
	 constraints: 4) loadcurtailments and spoliedwinds			 done
	 constraints: 5) generatos power limits					 done
	 constraints: 6) system reserves limits					 done
	 constraints: 7) power balance constraints				 done
	 constraints: 8) ramp-up/ramp-down constraints				 done
	 constraints: 9) piece linearization constraints			 done
	 constraints: 10) transmissionline limits skipped (is_NetWorkCon != 1 or Gsdf missing or NL=0)
	 constraints: 11) stroges system constraints skipped (NC=0 or variables not defined)
	 constraints: 12) data centra constraints skipped (is_ConsiderDataCentra != 1)
	 constraints: 13) frequency control constraints skipped (is_ConsiderFrequencyControl != 1)
	 constraints: 14) hydro power limits					 done
+++++++++++++++++++++++++++++++++++++++++++++++++++++++++++++++++++++++++++++++++++++++++++
Step-4: starting Gurobi solver
Step-5: Gurobi solver finished
+++++++++++++++++++++++++++++++++++++++++++++++++++++++++++++++++++++++++++++++++++++++++++

solution_summary(scuc) = solution_summary(; result = 1, verbose = false)
├ solver_name          : Gurobi
├ Termination
│ ├ termination_status : OPTIMAL
│ ├ result_count       : 10
│ ├ raw_status         : Model was solved to optimality (subject to tolerances), and an optimal solution is available.
│ └ objective_bound    : 3.56724e+06
├ Solution (result = 1)
│ ├ primal_status        : FEASIBLE_POINT
│ ├ dual_status          : NO_SOLUTION
│ ├ objective_value      : 3.66035e+06
│ └ relative_gap         : 2.54371e-02
└ Work counters
  ├ solve_time (sec)   : 8.63100e+00
  ├ simplex_iterations : 24370
  ├ barrier_iterations : 0
  └ node_count         : 1


Termination Status: OPTIMAL
Acceptable solution found (Status: OPTIMAL).
Step-6: record datas
PART1: [unit-commitment] calculation result has been saved to: D:\GithubClonefiles\module_unitcommitment\.worktrees\108_168h\output\pcm_com4_loadall_h168_20260823_210543\base\clu_ovl\r01\output/details_schedule_results/pcm_simulation_results/intervels_[1]/res_schedule_commitment_result.txt
PART1: [unit-commitment] calculation result has been saved to: D:\GithubClonefiles\module_unitcommitment\.worktrees\108_168h\output\pcm_com4_loadall_h168_20260823_210543\base\clu_ovl\r01\output/details_schedule_results/pcm_simulation_results/intervels_[1]/res_schedule_commitment_result.txt
Step-3: Creating dispatching model (Refactored & Modularized)
  Clustered PCM: 108 physical units -> 31 equivalent units (71.3% state reduction; 108 units in non-singleton clusters)
    5-point output grid is infeasible; retrying this window with 17 points
  Clustered PCM: 108 physical units -> 31 equivalent units (71.3% state reduction; 108 units in non-singleton clusters)
    Refined output grid is infeasible; entering continuous residence-power diagnosis
  Clustered PCM: 108 physical units -> 31 equivalent units (71.3% state reduction; 108 units in non-singleton clusters)
  ⚠ True clustered UC failed at cluster_master: INFEASIBLE; falling back to full unit-network SCUC
	 Variables defined.
DEBUG set_objective_economic!: NT=26, NG=108, ND=91, NW=20, NS=1, K=3, size(refcost)=(108,), size(eachslope)=(3, 108)
objective_function
	MILP economic objective set
subject to.
	 constraints: 1) minimum shutup/shutdown time limits			 done
	 constraints: 2) binary variable logic					 done
	 constraints: 3) shutup/shutdown cost					 done
	 constraints: 4) loadcurtailments and spoliedwinds			 done
	 constraints: 5) generatos power limits					 done
	 constraints: 6) system reserves limits					 done
	 constraints: 7) power balance constraints				 done
	 constraints: 8) ramp-up/ramp-down constraints				 done
	 constraints: 9) piece linearization constraints			 done
	 constraints: 10) transmissionline limits skipped (is_NetWorkCon != 1 or Gsdf missing or NL=0)
	 constraints: 11) stroges system constraints skipped (NC=0 or variables not defined)
	 constraints: 12) data centra constraints skipped (is_ConsiderDataCentra != 1)
	 constraints: 13) frequency control constraints skipped (is_ConsiderFrequencyControl != 1)
	 constraints: 14) hydro power limits					 done
+++++++++++++++++++++++++++++++++++++++++++++++++++++++++++++++++++++++++++++++++++++++++++
Step-4: starting Gurobi solver
Step-5: Gurobi solver finished
+++++++++++++++++++++++++++++++++++++++++++++++++++++++++++++++++++++++++++++++++++++++++++

solution_summary(scuc) = solution_summary(; result = 1, verbose = false)
├ solver_name          : Gurobi
├ Termination
│ ├ termination_status : OPTIMAL
│ ├ result_count       : 10
│ ├ raw_status         : Model was solved to optimality (subject to tolerances), and an optimal solution is available.
│ └ objective_bound    : 2.71936e+06
├ Solution (result = 1)
│ ├ primal_status        : FEASIBLE_POINT
│ ├ dual_status          : NO_SOLUTION
│ ├ objective_value      : 2.77352e+06
│ └ relative_gap         : 1.95260e-02
└ Work counters
  ├ solve_time (sec)   : 4.05800e+00
  ├ simplex_iterations : 13976
  ├ barrier_iterations : 0
  └ node_count         : 1


Termination Status: OPTIMAL
Acceptable solution found (Status: OPTIMAL).
Step-6: record datas
PART1: [unit-commitment] calculation result has been saved to: D:\GithubClonefiles\module_unitcommitment\.worktrees\108_168h\output\pcm_com4_loadall_h168_20260823_210543\base\clu_ovl\r01\output/details_schedule_results/pcm_simulation_results/intervels_[1]/res_schedule_commitment_result.txt
PART1: [unit-commitment] calculation result has been saved to: D:\GithubClonefiles\module_unitcommitment\.worktrees\108_168h\output\pcm_com4_loadall_h168_20260823_210543\base\clu_ovl\r01\output/details_schedule_results/pcm_simulation_results/intervels_[1]/res_schedule_commitment_result.txt
Step-3: Creating dispatching model (Refactored & Modularized)
  Clustered PCM: 108 physical units -> 31 equivalent units (71.3% state reduction; 108 units in non-singleton clusters)
    5-point output grid is infeasible; retrying this window with 17 points
  Clustered PCM: 108 physical units -> 31 equivalent units (71.3% state reduction; 108 units in non-singleton clusters)
    Refined output grid is infeasible; entering continuous residence-power diagnosis
  Clustered PCM: 108 physical units -> 31 equivalent units (71.3% state reduction; 108 units in non-singleton clusters)
  ⚠ True clustered UC failed at cluster_master: INFEASIBLE; falling back to full unit-network SCUC
	 Variables defined.
DEBUG set_objective_economic!: NT=31, NG=108, ND=91, NW=20, NS=1, K=3, size(refcost)=(108,), size(eachslope)=(3, 108)
objective_function
	MILP economic objective set
subject to.
	 constraints: 1) minimum shutup/shutdown time limits			 done
	 constraints: 2) binary variable logic					 done
	 constraints: 3) shutup/shutdown cost					 done
	 constraints: 4) loadcurtailments and spoliedwinds			 done
	 constraints: 5) generatos power limits					 done
	 constraints: 6) system reserves limits					 done
	 constraints: 7) power balance constraints				 done
	 constraints: 8) ramp-up/ramp-down constraints				 done
	 constraints: 9) piece linearization constraints			 done
	 constraints: 10) transmissionline limits skipped (is_NetWorkCon != 1 or Gsdf missing or NL=0)
	 constraints: 11) stroges system constraints skipped (NC=0 or variables not defined)
	 constraints: 12) data centra constraints skipped (is_ConsiderDataCentra != 1)
	 constraints: 13) frequency control constraints skipped (is_ConsiderFrequencyControl != 1)
	 constraints: 14) hydro power limits					 done
+++++++++++++++++++++++++++++++++++++++++++++++++++++++++++++++++++++++++++++++++++++++++++
Step-4: starting Gurobi solver
Step-5: Gurobi solver finished
+++++++++++++++++++++++++++++++++++++++++++++++++++++++++++++++++++++++++++++++++++++++++++

solution_summary(scuc) = solution_summary(; result = 1, verbose = false)
├ solver_name          : Gurobi
├ Termination
│ ├ termination_status : OPTIMAL
│ ├ result_count       : 10
│ ├ raw_status         : Model was solved to optimality (subject to tolerances), and an optimal solution is available.
│ └ objective_bound    : 3.23101e+06
├ Solution (result = 1)
│ ├ primal_status        : FEASIBLE_POINT
│ ├ dual_status          : NO_SOLUTION
│ ├ objective_value      : 3.26862e+06
│ └ relative_gap         : 1.15069e-02
└ Work counters
  ├ solve_time (sec)   : 6.53500e+00
  ├ simplex_iterations : 21017
  ├ barrier_iterations : 0
  └ node_count         : 1


Termination Status: OPTIMAL
Acceptable solution found (Status: OPTIMAL).
Step-6: record datas
PART1: [unit-commitment] calculation result has been saved to: D:\GithubClonefiles\module_unitcommitment\.worktrees\108_168h\output\pcm_com4_loadall_h168_20260823_210543\base\clu_ovl\r01\output/details_schedule_results/pcm_simulation_results/intervels_[1]/res_schedule_commitment_result.txt
PART1: [unit-commitment] calculation result has been saved to: D:\GithubClonefiles\module_unitcommitment\.worktrees\108_168h\output\pcm_com4_loadall_h168_20260823_210543\base\clu_ovl\r01\output/details_schedule_results/pcm_simulation_results/intervels_[1]/res_schedule_commitment_result.txt
PART1: [unit-commitment] calculation result has been saved to: D:\GithubClonefiles\module_unitcommitment\.worktrees\108_168h\output\pcm_com4_loadall_h168_20260823_210543\base\clu_ovl\r01\output/details_schedule_results/pcm_simulation_results/intervels_[1]/res_schedule_commitment_result.txt
Step-3: Creating dispatching model (Refactored & Modularized)
  Clustered PCM: 108 physical units -> 31 equivalent units (71.3% state reduction; 108 units in non-singleton clusters)
    5-point output grid is infeasible; retrying this window with 17 points
  Clustered PCM: 108 physical units -> 31 equivalent units (71.3% state reduction; 108 units in non-singleton clusters)
    Refined output grid is infeasible; entering continuous residence-power diagnosis
  Clustered PCM: 108 physical units -> 31 equivalent units (71.3% state reduction; 108 units in non-singleton clusters)
  ⚠ True clustered UC failed at cluster_master: INFEASIBLE; falling back to full unit-network SCUC
	 Variables defined.
DEBUG set_objective_economic!: NT=36, NG=108, ND=91, NW=20, NS=1, K=3, size(refcost)=(108,), size(eachslope)=(3, 108)
objective_function
	MILP economic objective set
subject to.
	 constraints: 1) minimum shutup/shutdown time limits			 done
	 constraints: 2) binary variable logic					 done
	 constraints: 3) shutup/shutdown cost					 done
	 constraints: 4) loadcurtailments and spoliedwinds			 done
	 constraints: 5) generatos power limits					 done
	 constraints: 6) system reserves limits					 done
	 constraints: 7) power balance constraints				 done
	 constraints: 8) ramp-up/ramp-down constraints				 done
	 constraints: 9) piece linearization constraints			 done
	 constraints: 10) transmissionline limits skipped (is_NetWorkCon != 1 or Gsdf missing or NL=0)
	 constraints: 11) stroges system constraints skipped (NC=0 or variables not defined)
	 constraints: 12) data centra constraints skipped (is_ConsiderDataCentra != 1)
	 constraints: 13) frequency control constraints skipped (is_ConsiderFrequencyControl != 1)
	 constraints: 14) hydro power limits					 done
+++++++++++++++++++++++++++++++++++++++++++++++++++++++++++++++++++++++++++++++++++++++++++
Step-4: starting Gurobi solver
Step-5: Gurobi solver finished
+++++++++++++++++++++++++++++++++++++++++++++++++++++++++++++++++++++++++++++++++++++++++++

solution_summary(scuc) = solution_summary(; result = 1, verbose = false)
├ solver_name          : Gurobi
├ Termination
│ ├ termination_status : OPTIMAL
│ ├ result_count       : 2
│ ├ raw_status         : Model was solved to optimality (subject to tolerances), and an optimal solution is available.
│ └ objective_bound    : 9.25666e+15
├ Solution (result = 1)
│ ├ primal_status        : FEASIBLE_POINT
│ ├ dual_status          : NO_SOLUTION
│ ├ objective_value      : 9.25666e+15
│ └ relative_gap         : 1.84499e-09
└ Work counters
  ├ solve_time (sec)   : 6.77000e-01
  ├ simplex_iterations : 0
  ├ barrier_iterations : 0
  └ node_count         : 0


Termination Status: OPTIMAL
Acceptable solution found (Status: OPTIMAL).
Step-6: record datas
PART1: [unit-commitment] calculation result has been saved to: D:\GithubClonefiles\module_unitcommitment\.worktrees\108_168h\output\pcm_com4_loadall_h168_20260823_210543\base\clu_ovl\r01\output/details_schedule_results/pcm_simulation_results/intervels_[1]/res_schedule_commitment_result.txt
Step-3: Creating dispatching model (Refactored & Modularized)
  Clustered PCM: 108 physical units -> 31 equivalent units (71.3% state reduction; 108 units in non-singleton clusters)
    5-point output grid is infeasible; retrying this window with 17 points
  Clustered PCM: 108 physical units -> 31 equivalent units (71.3% state reduction; 108 units in non-singleton clusters)
    Refined output grid is infeasible; entering continuous residence-power diagnosis
  Clustered PCM: 108 physical units -> 31 equivalent units (71.3% state reduction; 108 units in non-singleton clusters)
  ⚠ True clustered UC failed at cluster_master: INFEASIBLE; falling back to full unit-network SCUC
	 Variables defined.
DEBUG set_objective_economic!: NT=36, NG=108, ND=91, NW=20, NS=1, K=3, size(refcost)=(108,), size(eachslope)=(3, 108)
objective_function
	MILP economic objective set
subject to.
	 constraints: 1) minimum shutup/shutdown time limits			 done
	 constraints: 2) binary variable logic					 done
	 constraints: 3) shutup/shutdown cost					 done
	 constraints: 4) loadcurtailments and spoliedwinds			 done
	 constraints: 5) generatos power limits					 done
	 constraints: 6) system reserves limits					 done
	 constraints: 7) power balance constraints				 done
	 constraints: 8) ramp-up/ramp-down constraints				 done
	 constraints: 9) piece linearization constraints			 done
	 constraints: 10) transmissionline limits skipped (is_NetWorkCon != 1 or Gsdf missing or NL=0)
	 constraints: 11) stroges system constraints skipped (NC=0 or variables not defined)
	 constraints: 12) data centra constraints skipped (is_ConsiderDataCentra != 1)
	 constraints: 13) frequency control constraints skipped (is_ConsiderFrequencyControl != 1)
	 constraints: 14) hydro power limits					 done
+++++++++++++++++++++++++++++++++++++++++++++++++++++++++++++++++++++++++++++++++++++++++++
Step-4: starting Gurobi solver
Step-5: Gurobi solver finished
+++++++++++++++++++++++++++++++++++++++++++++++++++++++++++++++++++++++++++++++++++++++++++

solution_summary(scuc) = solution_summary(; result = 1, verbose = false)
├ solver_name          : Gurobi
├ Termination
│ ├ termination_status : OPTIMAL
│ ├ result_count       : 2
│ ├ raw_status         : Model was solved to optimality (subject to tolerances), and an optimal solution is available.
│ └ objective_bound    : 9.25666e+15
├ Solution (result = 1)
│ ├ primal_status        : FEASIBLE_POINT
│ ├ dual_status          : NO_SOLUTION
│ ├ objective_value      : 9.25666e+15
│ └ relative_gap         : 1.84499e-09
└ Work counters
  ├ solve_time (sec)   : 6.71000e-01
  ├ simplex_iterations : 0
  ├ barrier_iterations : 0
  └ node_count         : 0


Termination Status: OPTIMAL
Acceptable solution found (Status: OPTIMAL).
Step-6: record datas
PART1: [unit-commitment] calculation result has been saved to: D:\GithubClonefiles\module_unitcommitment\.worktrees\108_168h\output\pcm_com4_loadall_h168_20260823_210543\base\clu_ovl\r01\output/details_schedule_results/pcm_simulation_results/intervels_[1]/res_schedule_commitment_result.txt
PART1: [unit-commitment] calculation result has been saved to: D:\GithubClonefiles\module_unitcommitment\.worktrees\108_168h\output\pcm_com4_loadall_h168_20260823_210543\base\clu_ovl\r01\output/details_schedule_results/pcm_simulation_results/intervels_[1]/res_schedule_commitment_result.txt
Step-3: Creating dispatching model (Refactored & Modularized)
  Clustered PCM: 108 physical units -> 31 equivalent units (71.3% state reduction; 108 units in non-singleton clusters)
    5-point output grid is infeasible; retrying this window with 17 points
  Clustered PCM: 108 physical units -> 31 equivalent units (71.3% state reduction; 108 units in non-singleton clusters)
    Refined output grid is infeasible; entering continuous residence-power diagnosis
  Clustered PCM: 108 physical units -> 31 equivalent units (71.3% state reduction; 108 units in non-singleton clusters)
  ⚠ True clustered UC failed at cluster_master: INFEASIBLE; falling back to full unit-network SCUC
	 Variables defined.
DEBUG set_objective_economic!: NT=26, NG=108, ND=91, NW=20, NS=1, K=3, size(refcost)=(108,), size(eachslope)=(3, 108)
objective_function
	MILP economic objective set
subject to.
	 constraints: 1) minimum shutup/shutdown time limits			 done
	 constraints: 2) binary variable logic					 done
	 constraints: 3) shutup/shutdown cost					 done
	 constraints: 4) loadcurtailments and spoliedwinds			 done
	 constraints: 5) generatos power limits					 done
	 constraints: 6) system reserves limits					 done
	 constraints: 7) power balance constraints				 done
	 constraints: 8) ramp-up/ramp-down constraints				 done
	 constraints: 9) piece linearization constraints			 done
	 constraints: 10) transmissionline limits skipped (is_NetWorkCon != 1 or Gsdf missing or NL=0)
	 constraints: 11) stroges system constraints skipped (NC=0 or variables not defined)
	 constraints: 12) data centra constraints skipped (is_ConsiderDataCentra != 1)
	 constraints: 13) frequency control constraints skipped (is_ConsiderFrequencyControl != 1)
	 constraints: 14) hydro power limits					 done
+++++++++++++++++++++++++++++++++++++++++++++++++++++++++++++++++++++++++++++++++++++++++++
Step-4: starting Gurobi solver
Step-5: Gurobi solver finished
+++++++++++++++++++++++++++++++++++++++++++++++++++++++++++++++++++++++++++++++++++++++++++

solution_summary(scuc) = solution_summary(; result = 1, verbose = false)
├ solver_name          : Gurobi
├ Termination
│ ├ termination_status : OPTIMAL
│ ├ result_count       : 2
│ ├ raw_status         : Model was solved to optimality (subject to tolerances), and an optimal solution is available.
│ └ objective_bound    : 9.25666e+15
├ Solution (result = 1)
│ ├ primal_status        : FEASIBLE_POINT
│ ├ dual_status          : NO_SOLUTION
│ ├ objective_value      : 9.25666e+15
│ └ relative_gap         : 1.46081e-09
└ Work counters
  ├ solve_time (sec)   : 5.23000e-01
  ├ simplex_iterations : 0
  ├ barrier_iterations : 0
  └ node_count         : 0


Termination Status: OPTIMAL
Acceptable solution found (Status: OPTIMAL).
Step-6: record datas
PART1: [unit-commitment] calculation result has been saved to: D:\GithubClonefiles\module_unitcommitment\.worktrees\108_168h\output\pcm_com4_loadall_h168_20260823_210543\base\clu_ovl\r01\output/details_schedule_results/pcm_simulation_results/intervels_[1]/res_schedule_commitment_result.txt
PART1: [unit-commitment] calculation result has been saved to: D:\GithubClonefiles\module_unitcommitment\.worktrees\108_168h\output\pcm_com4_loadall_h168_20260823_210543\base\clu_ovl\r01\output/details_schedule_results/pcm_simulation_results/intervels_[1]/res_schedule_commitment_result.txt
Step-3: Creating dispatching model (Refactored & Modularized)
  Clustered PCM: 108 physical units -> 31 equivalent units (71.3% state reduction; 108 units in non-singleton clusters)
    5-point output grid is infeasible; retrying this window with 17 points
  Clustered PCM: 108 physical units -> 31 equivalent units (71.3% state reduction; 108 units in non-singleton clusters)
    Refined output grid is infeasible; entering continuous residence-power diagnosis
  Clustered PCM: 108 physical units -> 31 equivalent units (71.3% state reduction; 108 units in non-singleton clusters)
  ⚠ True clustered UC failed at cluster_master: INFEASIBLE; falling back to full unit-network SCUC
	 Variables defined.
DEBUG set_objective_economic!: NT=31, NG=108, ND=91, NW=20, NS=1, K=3, size(refcost)=(108,), size(eachslope)=(3, 108)
objective_function
	MILP economic objective set
subject to.
	 constraints: 1) minimum shutup/shutdown time limits			 done
	 constraints: 2) binary variable logic					 done
	 constraints: 3) shutup/shutdown cost					 done
	 constraints: 4) loadcurtailments and spoliedwinds			 done
	 constraints: 5) generatos power limits					 done
	 constraints: 6) system reserves limits					 done
	 constraints: 7) power balance constraints				 done
	 constraints: 8) ramp-up/ramp-down constraints				 done
	 constraints: 9) piece linearization constraints			 done
	 constraints: 10) transmissionline limits skipped (is_NetWorkCon != 1 or Gsdf missing or NL=0)
	 constraints: 11) stroges system constraints skipped (NC=0 or variables not defined)
Set parameter Username
Set parameter LicenseID to value 2826524
Academic license - for non-commercial use only - expires 2027-05-22
Set parameter Username
Set parameter LicenseID to value 2826524
Academic license - for non-commercial use only - expires 2027-05-22
Set parameter Username
Set parameter LicenseID to value 2826524
Academic license - for non-commercial use only - expires 2027-05-22
Set parameter Username
Set parameter LicenseID to value 2826524
Academic license - for non-commercial use only - expires 2027-05-22
Set parameter Username
Set parameter LicenseID to value 2826524
Academic license - for non-commercial use only - expires 2027-05-22
Set parameter Username
Set parameter LicenseID to value 2826524
Academic license - for non-commercial use only - expires 2027-05-22
Set parameter Username
Set parameter LicenseID to value 2826524
Academic license - for non-commercial use only - expires 2027-05-22
Set parameter Username
Set parameter LicenseID to value 2826524
Academic license - for non-commercial use only - expires 2027-05-22
Set parameter Username
Set parameter LicenseID to value 2826524
Academic license - for non-commercial use only - expires 2027-05-22
Set parameter Username
Set parameter LicenseID to value 2826524
Academic license - for non-commercial use only - expires 2027-05-22
Set parameter Username
Set parameter LicenseID to value 2826524
Academic license - for non-commercial use only - expires 2027-05-22
Set parameter Username
Set parameter LicenseID to value 2826524
Academic license - for non-commercial use only - expires 2027-05-22
Set parameter Username
Set parameter LicenseID to value 2826524
Academic license - for non-commercial use only - expires 2027-05-22
Set parameter Username
Set parameter LicenseID to value 2826524
Academic license - for non-commercial use only - expires 2027-05-22
Set parameter Username
Set parameter LicenseID to value 2826524
Academic license - for non-commercial use only - expires 2027-05-22
Set parameter Username
Set parameter LicenseID to value 2826524
Academic license - for non-commercial use only - expires 2027-05-22
Set parameter Username
Set parameter LicenseID to value 2826524
Academic license - for non-commercial use only - expires 2027-05-22
Set parameter Username
Set parameter LicenseID to value 2826524
Academic license - for non-commercial use only - expires 2027-05-22
Set parameter Username
Set parameter LicenseID to value 2826524
Academic license - for non-commercial use only - expires 2027-05-22
Set parameter Username
Set parameter LicenseID to value 2826524
Academic license - for non-commercial use only - expires 2027-05-22
Set parameter Username
Set parameter LicenseID to value 2826524
Academic license - for non-commercial use only - expires 2027-05-22
Set parameter Username
Set parameter LicenseID to value 2826524
Academic license - for non-commercial use only - expires 2027-05-22
Set parameter Username
Set parameter LicenseID to value 2826524
Academic license - for non-commercial use only - expires 2027-05-22
Set parameter Username
Set parameter LicenseID to value 2826524
Academic license - for non-commercial use only - expires 2027-05-22
Set parameter Username
Set parameter LicenseID to value 2826524
Academic license - for non-commercial use only - expires 2027-05-22
Set parameter Username
Set parameter LicenseID to value 2826524
Academic license - for non-commercial use only - expires 2027-05-22
Set parameter Username
Set parameter LicenseID to value 2826524
Academic license - for non-commercial use only - expires 2027-05-22
Set parameter Username
Set parameter LicenseID to value 2826524
Academic license - for non-commercial use only - expires 2027-05-22
Set parameter Username
Set parameter LicenseID to value 2826524
Academic license - for non-commercial use only - expires 2027-05-22
Set parameter Username
Set parameter LicenseID to value 2826524
Academic license - for non-commercial use only - expires 2027-05-22
Set parameter Username
Set parameter LicenseID to value 2826524
Academic license - for non-commercial use only - expires 2027-05-22
Set parameter Username
Set parameter LicenseID to value 2826524
Academic license - for non-commercial use only - expires 2027-05-22
Set parameter Username
Set parameter LicenseID to value 2826524
Academic license - for non-commercial use only - expires 2027-05-22
Set parameter Username
Set parameter LicenseID to value 2826524
Academic license - for non-commercial use only - expires 2027-05-22
Set parameter Username
Set parameter LicenseID to value 2826524
Academic license - for non-commercial use only - expires 2027-05-22
Set parameter Username
Set parameter LicenseID to value 2826524
Academic license - for non-commercial use only - expires 2027-05-22
Set parameter Username
Set parameter LicenseID to value 2826524
Academic license - for non-commercial use only - expires 2027-05-22
	 constraints: 12) data centra constraints skipped (is_ConsiderDataCentra != 1)
	 constraints: 13) frequency control constraints skipped (is_ConsiderFrequencyControl != 1)
	 constraints: 14) hydro power limits					 done
+++++++++++++++++++++++++++++++++++++++++++++++++++++++++++++++++++++++++++++++++++++++++++
Step-4: starting Gurobi solver
Step-5: Gurobi solver finished
+++++++++++++++++++++++++++++++++++++++++++++++++++++++++++++++++++++++++++++++++++++++++++

solution_summary(scuc) = solution_summary(; result = 1, verbose = false)
├ solver_name          : Gurobi
├ Termination
│ ├ termination_status : OPTIMAL
│ ├ result_count       : 1
│ ├ raw_status         : Model was solved to optimality (subject to tolerances), and an optimal solution is available.
│ └ objective_bound    : 9.25666e+15
├ Solution (result = 1)
│ ├ primal_status        : FEASIBLE_POINT
│ ├ dual_status          : NO_SOLUTION
│ ├ objective_value      : 9.25666e+15
│ └ relative_gap         : 1.52025e-09
└ Work counters
  ├ solve_time (sec)   : 5.16000e-01
  ├ simplex_iterations : 0
  ├ barrier_iterations : 0
  └ node_count         : 0


Termination Status: OPTIMAL
Acceptable solution found (Status: OPTIMAL).
Step-6: record datas
PART1: [unit-commitment] calculation result has been saved to: D:\GithubClonefiles\module_unitcommitment\.worktrees\108_168h\output\pcm_com4_loadall_h168_20260823_210543\base\clu_ovl\r01\output/details_schedule_results/pcm_simulation_results/intervels_[1]/res_schedule_commitment_result.txt
PART1: [unit-commitment] calculation result has been saved to: D:\GithubClonefiles\module_unitcommitment\.worktrees\108_168h\output\pcm_com4_loadall_h168_20260823_210543\base\clu_ovl\r01\output/details_schedule_results/pcm_simulation_results/intervels_[1]/res_schedule_commitment_result.txt
PART1: [unit-commitment] calculation result has been saved to: D:\GithubClonefiles\module_unitcommitment\.worktrees\108_168h\output\pcm_com4_loadall_h168_20260823_210543\base\clu_ovl\r01\output/details_schedule_results/pcm_simulation_results/intervels_[1]/res_schedule_commitment_result.txt
Step-3: Creating dispatching model (Refactored & Modularized)
  Clustered PCM: 108 physical units -> 31 equivalent units (71.3% state reduction; 108 units in non-singleton clusters)
    5-point output grid is infeasible; retrying this window with 17 points
  Clustered PCM: 108 physical units -> 31 equivalent units (71.3% state reduction; 108 units in non-singleton clusters)
    Refined output grid is infeasible; entering continuous residence-power diagnosis
  Clustered PCM: 108 physical units -> 31 equivalent units (71.3% state reduction; 108 units in non-singleton clusters)
  ⚠ True clustered UC failed at cluster_master: INFEASIBLE; falling back to full unit-network SCUC
	 Variables defined.
DEBUG set_objective_economic!: NT=36, NG=108, ND=91, NW=20, NS=1, K=3, size(refcost)=(108,), size(eachslope)=(3, 108)
objective_function
	MILP economic objective set
subject to.
	 constraints: 1) minimum shutup/shutdown time limits			 done
	 constraints: 2) binary variable logic					 done
	 constraints: 3) shutup/shutdown cost					 done
	 constraints: 4) loadcurtailments and spoliedwinds			 done
	 constraints: 5) generatos power limits					 done
	 constraints: 6) system reserves limits					 done
	 constraints: 7) power balance constraints				 done
	 constraints: 8) ramp-up/ramp-down constraints				 done
	 constraints: 9) piece linearization constraints			 done
	 constraints: 10) transmissionline limits skipped (is_NetWorkCon != 1 or Gsdf missing or NL=0)
	 constraints: 11) stroges system constraints skipped (NC=0 or variables not defined)
	 constraints: 12) data centra constraints skipped (is_ConsiderDataCentra != 1)
	 constraints: 13) frequency control constraints skipped (is_ConsiderFrequencyControl != 1)
	 constraints: 14) hydro power limits					 done
+++++++++++++++++++++++++++++++++++++++++++++++++++++++++++++++++++++++++++++++++++++++++++
Step-4: starting Gurobi solver
Step-5: Gurobi solver finished
+++++++++++++++++++++++++++++++++++++++++++++++++++++++++++++++++++++++++++++++++++++++++++

solution_summary(scuc) = solution_summary(; result = 1, verbose = false)
├ solver_name          : Gurobi
├ Termination
│ ├ termination_status : OPTIMAL
│ ├ result_count       : 2
│ ├ raw_status         : Model was solved to optimality (subject to tolerances), and an optimal solution is available.
│ └ objective_bound    : 2.86526e+16
├ Solution (result = 1)
│ ├ primal_status        : FEASIBLE_POINT
│ ├ dual_status          : NO_SOLUTION
│ ├ objective_value      : 2.86526e+16
│ └ relative_gap         : 7.06879e-10
└ Work counters
  ├ solve_time (sec)   : 6.26000e-01
  ├ simplex_iterations : 0
  ├ barrier_iterations : 0
  └ node_count         : 0


Termination Status: OPTIMAL
Acceptable solution found (Status: OPTIMAL).
Step-6: record datas
PART1: [unit-commitment] calculation result has been saved to: D:\GithubClonefiles\module_unitcommitment\.worktrees\108_168h\output\pcm_com4_loadall_h168_20260823_210543\base\clu_ovl\r01\output/details_schedule_results/pcm_simulation_results/intervels_[1]/res_schedule_commitment_result.txt
Step-3: Creating dispatching model (Refactored & Modularized)
  Clustered PCM: 108 physical units -> 31 equivalent units (71.3% state reduction; 108 units in non-singleton clusters)
    5-point output grid is infeasible; retrying this window with 17 points
  Clustered PCM: 108 physical units -> 31 equivalent units (71.3% state reduction; 108 units in non-singleton clusters)
    Refined output grid is infeasible; entering continuous residence-power diagnosis
  Clustered PCM: 108 physical units -> 31 equivalent units (71.3% state reduction; 108 units in non-singleton clusters)
  ⚠ True clustered UC failed at cluster_master: INFEASIBLE; falling back to full unit-network SCUC
	 Variables defined.
DEBUG set_objective_economic!: NT=36, NG=108, ND=91, NW=20, NS=1, K=3, size(refcost)=(108,), size(eachslope)=(3, 108)
objective_function
	MILP economic objective set
subject to.
	 constraints: 1) minimum shutup/shutdown time limits			 done
	 constraints: 2) binary variable logic					 done
	 constraints: 3) shutup/shutdown cost					 done
	 constraints: 4) loadcurtailments and spoliedwinds			 done
	 constraints: 5) generatos power limits					 done
	 constraints: 6) system reserves limits					 done
	 constraints: 7) power balance constraints				 done
	 constraints: 8) ramp-up/ramp-down constraints				 done
	 constraints: 9) piece linearization constraints			 done
	 constraints: 10) transmissionline limits skipped (is_NetWorkCon != 1 or Gsdf missing or NL=0)
	 constraints: 11) stroges system constraints skipped (NC=0 or variables not defined)
	 constraints: 12) data centra constraints skipped (is_ConsiderDataCentra != 1)
	 constraints: 13) frequency control constraints skipped (is_ConsiderFrequencyControl != 1)
	 constraints: 14) hydro power limits					 done
+++++++++++++++++++++++++++++++++++++++++++++++++++++++++++++++++++++++++++++++++++++++++++
Step-4: starting Gurobi solver
Step-5: Gurobi solver finished
+++++++++++++++++++++++++++++++++++++++++++++++++++++++++++++++++++++++++++++++++++++++++++

solution_summary(scuc) = solution_summary(; result = 1, verbose = false)
├ solver_name          : Gurobi
├ Termination
│ ├ termination_status : OPTIMAL
│ ├ result_count       : 2
│ ├ raw_status         : Model was solved to optimality (subject to tolerances), and an optimal solution is available.
│ └ objective_bound    : 2.86526e+16
├ Solution (result = 1)
│ ├ primal_status        : FEASIBLE_POINT
│ ├ dual_status          : NO_SOLUTION
│ ├ objective_value      : 2.86526e+16
│ └ relative_gap         : 7.06879e-10
└ Work counters
  ├ solve_time (sec)   : 6.60000e-01
  ├ simplex_iterations : 0
  ├ barrier_iterations : 0
  └ node_count         : 0


Termination Status: OPTIMAL
Acceptable solution found (Status: OPTIMAL).
Step-6: record datas
PART1: [unit-commitment] calculation result has been saved to: D:\GithubClonefiles\module_unitcommitment\.worktrees\108_168h\output\pcm_com4_loadall_h168_20260823_210543\base\clu_ovl\r01\output/details_schedule_results/pcm_simulation_results/intervels_[1]/res_schedule_commitment_result.txt
PART1: [unit-commitment] calculation result has been saved to: D:\GithubClonefiles\module_unitcommitment\.worktrees\108_168h\output\pcm_com4_loadall_h168_20260823_210543\base\clu_ovl\r01\output/details_schedule_results/pcm_simulation_results/intervels_[1]/res_schedule_commitment_result.txt
Step-3: Creating dispatching model (Refactored & Modularized)
  Clustered PCM: 108 physical units -> 31 equivalent units (71.3% state reduction; 108 units in non-singleton clusters)
    5-point output grid is infeasible; retrying this window with 17 points
  Clustered PCM: 108 physical units -> 31 equivalent units (71.3% state reduction; 108 units in non-singleton clusters)
    Refined output grid is infeasible; entering continuous residence-power diagnosis
  Clustered PCM: 108 physical units -> 31 equivalent units (71.3% state reduction; 108 units in non-singleton clusters)
  ⚠ True clustered UC failed at cluster_master: INFEASIBLE; falling back to full unit-network SCUC
	 Variables defined.
DEBUG set_objective_economic!: NT=26, NG=108, ND=91, NW=20, NS=1, K=3, size(refcost)=(108,), size(eachslope)=(3, 108)
objective_function
	MILP economic objective set
subject to.
	 constraints: 1) minimum shutup/shutdown time limits			 done
	 constraints: 2) binary variable logic					 done
	 constraints: 3) shutup/shutdown cost					 done
	 constraints: 4) loadcurtailments and spoliedwinds			 done
	 constraints: 5) generatos power limits					 done
	 constraints: 6) system reserves limits					 done
	 constraints: 7) power balance constraints				 done
	 constraints: 8) ramp-up/ramp-down constraints				 done
	 constraints: 9) piece linearization constraints			 done
	 constraints: 10) transmissionline limits skipped (is_NetWorkCon != 1 or Gsdf missing or NL=0)
	 constraints: 11) stroges system constraints skipped (NC=0 or variables not defined)
	 constraints: 12) data centra constraints skipped (is_ConsiderDataCentra != 1)
	 constraints: 13) frequency control constraints skipped (is_ConsiderFrequencyControl != 1)
	 constraints: 14) hydro power limits					 done
+++++++++++++++++++++++++++++++++++++++++++++++++++++++++++++++++++++++++++++++++++++++++++
Step-4: starting Gurobi solver
Step-5: Gurobi solver finished
+++++++++++++++++++++++++++++++++++++++++++++++++++++++++++++++++++++++++++++++++++++++++++

solution_summary(scuc) = solution_summary(; result = 1, verbose = false)
├ solver_name          : Gurobi
├ Termination
│ ├ termination_status : OPTIMAL
│ ├ result_count       : 1
│ ├ raw_status         : Model was solved to optimality (subject to tolerances), and an optimal solution is available.
│ └ objective_bound    : 2.86526e+16
├ Solution (result = 1)
│ ├ primal_status        : FEASIBLE_POINT
│ ├ dual_status          : NO_SOLUTION
│ ├ objective_value      : 2.91526e+16
│ └ relative_gap         : 1.71511e-02
└ Work counters
  ├ solve_time (sec)   : 4.91000e-01
  ├ simplex_iterations : 0
  ├ barrier_iterations : 0
  └ node_count         : 0


Termination Status: OPTIMAL
Acceptable solution found (Status: OPTIMAL).
Step-6: record datas
PART1: [unit-commitment] calculation result has been saved to: D:\GithubClonefiles\module_unitcommitment\.worktrees\108_168h\output\pcm_com4_loadall_h168_20260823_210543\base\clu_ovl\r01\output/details_schedule_results/pcm_simulation_results/intervels_[1]/res_schedule_commitment_result.txt
PART1: [unit-commitment] calculation result has been saved to: D:\GithubClonefiles\module_unitcommitment\.worktrees\108_168h\output\pcm_com4_loadall_h168_20260823_210543\base\clu_ovl\r01\output/details_schedule_results/pcm_simulation_results/intervels_[1]/res_schedule_commitment_result.txt
Step-3: Creating dispatching model (Refactored & Modularized)
  Clustered PCM: 108 physical units -> 31 equivalent units (71.3% state reduction; 108 units in non-singleton clusters)
    5-point output grid is infeasible; retrying this window with 17 points
  Clustered PCM: 108 physical units -> 31 equivalent units (71.3% state reduction; 108 units in non-singleton clusters)
    Refined output grid is infeasible; entering continuous residence-power diagnosis
  Clustered PCM: 108 physical units -> 31 equivalent units (71.3% state reduction; 108 units in non-singleton clusters)
  ⚠ True clustered UC failed at cluster_master: INFEASIBLE; falling back to full unit-network SCUC
	 Variables defined.
DEBUG set_objective_economic!: NT=31, NG=108, ND=91, NW=20, NS=1, K=3, size(refcost)=(108,), size(eachslope)=(3, 108)
objective_function
	MILP economic objective set
subject to.
	 constraints: 1) minimum shutup/shutdown time limits			 done
	 constraints: 2) binary variable logic					 done
	 constraints: 3) shutup/shutdown cost					 done
	 constraints: 4) loadcurtailments and spoliedwinds			 done
	 constraints: 5) generatos power limits					 done
	 constraints: 6) system reserves limits					 done
	 constraints: 7) power balance constraints				 done
	 constraints: 8) ramp-up/ramp-down constraints				 done
	 constraints: 9) piece linearization constraints			 done
	 constraints: 10) transmissionline limits skipped (is_NetWorkCon != 1 or Gsdf missing or NL=0)
	 constraints: 11) stroges system constraints skipped (NC=0 or variables not defined)
	 constraints: 12) data centra constraints skipped (is_ConsiderDataCentra != 1)
	 constraints: 13) frequency control constraints skipped (is_ConsiderFrequencyControl != 1)
	 constraints: 14) hydro power limits					 done
+++++++++++++++++++++++++++++++++++++++++++++++++++++++++++++++++++++++++++++++++++++++++++
Step-4: starting Gurobi solver
Step-5: Gurobi solver finished
+++++++++++++++++++++++++++++++++++++++++++++++++++++++++++++++++++++++++++++++++++++++++++

solution_summary(scuc) = solution_summary(; result = 1, verbose = false)
├ solver_name          : Gurobi
├ Termination
│ ├ termination_status : OPTIMAL
│ ├ result_count       : 1
│ ├ raw_status         : Model was solved to optimality (subject to tolerances), and an optimal solution is available.
│ └ objective_bound    : 2.86526e+16
├ Solution (result = 1)
│ ├ primal_status        : FEASIBLE_POINT
│ ├ dual_status          : NO_SOLUTION
│ ├ objective_value      : 2.86526e+16
│ └ relative_gap         : 4.90261e-10
└ Work counters
  ├ solve_time (sec)   : 5.10000e-01
  ├ simplex_iterations : 0
  ├ barrier_iterations : 0
  └ node_count         : 0


Termination Status: OPTIMAL
Acceptable solution found (Status: OPTIMAL).
Step-6: record datas
PART1: [unit-commitment] calculation result has been saved to: D:\GithubClonefiles\module_unitcommitment\.worktrees\108_168h\output\pcm_com4_loadall_h168_20260823_210543\base\clu_ovl\r01\output/details_schedule_results/pcm_simulation_results/intervels_[1]/res_schedule_commitment_result.txt
PART1: [unit-commitment] calculation result has been saved to: D:\GithubClonefiles\module_unitcommitment\.worktrees\108_168h\output\pcm_com4_loadall_h168_20260823_210543\base\clu_ovl\r01\output/details_schedule_results/pcm_simulation_results/intervels_[1]/res_schedule_commitment_result.txt
PART1: [unit-commitment] calculation result has been saved to: D:\GithubClonefiles\module_unitcommitment\.worktrees\108_168h\output\pcm_com4_loadall_h168_20260823_210543\base\clu_ovl\r01\output/details_schedule_results/pcm_simulation_results/intervels_[1]/res_schedule_commitment_result.txt
Step-3: Creating dispatching model (Refactored & Modularized)
  Clustered PCM: 108 physical units -> 31 equivalent units (71.3% state reduction; 108 units in non-singleton clusters)
    5-point output grid is infeasible; retrying this window with 17 points
  Clustered PCM: 108 physical units -> 31 equivalent units (71.3% state reduction; 108 units in non-singleton clusters)
    Refined output grid is infeasible; entering continuous residence-power diagnosis
  Clustered PCM: 108 physical units -> 31 equivalent units (71.3% state reduction; 108 units in non-singleton clusters)
  ⚠ True clustered UC failed at cluster_master: INFEASIBLE; falling back to full unit-network SCUC
	 Variables defined.
DEBUG set_objective_economic!: NT=36, NG=108, ND=91, NW=20, NS=1, K=3, size(refcost)=(108,), size(eachslope)=(3, 108)
objective_function
	MILP economic objective set
subject to.
	 constraints: 1) minimum shutup/shutdown time limits			 done
	 constraints: 2) binary variable logic					 done
	 constraints: 3) shutup/shutdown cost					 done
	 constraints: 4) loadcurtailments and spoliedwinds			 done
	 constraints: 5) generatos power limits					 done
	 constraints: 6) system reserves limits					 done
	 constraints: 7) power balance constraints				 done
	 constraints: 8) ramp-up/ramp-down constraints				 done
	 constraints: 9) piece linearization constraints			 done
	 constraints: 10) transmissionline limits skipped (is_NetWorkCon != 1 or Gsdf missing or NL=0)
	 constraints: 11) stroges system constraints skipped (NC=0 or variables not defined)
	 constraints: 12) data centra constraints skipped (is_ConsiderDataCentra != 1)
	 constraints: 13) frequency control constraints skipped (is_ConsiderFrequencyControl != 1)
	 constraints: 14) hydro power limits					 done
+++++++++++++++++++++++++++++++++++++++++++++++++++++++++++++++++++++++++++++++++++++++++++
Step-4: starting Gurobi solver
Step-5: Gurobi solver finished
+++++++++++++++++++++++++++++++++++++++++++++++++++++++++++++++++++++++++++++++++++++++++++

solution_summary(scuc) = solution_summary(; result = 1, verbose = false)
├ solver_name          : Gurobi
├ Termination
│ ├ termination_status : OPTIMAL
│ ├ result_count       : 2
│ ├ raw_status         : Model was solved to optimality (subject to tolerances), and an optimal solution is available.
│ └ objective_bound    : 1.78233e+16
├ Solution (result = 1)
│ ├ primal_status        : FEASIBLE_POINT
│ ├ dual_status          : NO_SOLUTION
│ ├ objective_value      : 1.78233e+16
│ └ relative_gap         : 1.24667e-09
└ Work counters
  ├ solve_time (sec)   : 6.51000e-01
  ├ simplex_iterations : 0
  ├ barrier_iterations : 0
  └ node_count         : 0


Termination Status: OPTIMAL
Acceptable solution found (Status: OPTIMAL).
Step-6: record datas
PART1: [unit-commitment] calculation result has been saved to: D:\GithubClonefiles\module_unitcommitment\.worktrees\108_168h\output\pcm_com4_loadall_h168_20260823_210543\base\clu_ovl\r01\output/details_schedule_results/pcm_simulation_results/intervels_[1]/res_schedule_commitment_result.txt
Step-3: Creating dispatching model (Refactored & Modularized)
  Clustered PCM: 108 physical units -> 31 equivalent units (71.3% state reduction; 108 units in non-singleton clusters)
    5-point output grid is infeasible; retrying this window with 17 points
  Clustered PCM: 108 physical units -> 31 equivalent units (71.3% state reduction; 108 units in non-singleton clusters)
    Refined output grid is infeasible; entering continuous residence-power diagnosis
  Clustered PCM: 108 physical units -> 31 equivalent units (71.3% state reduction; 108 units in non-singleton clusters)
  ⚠ True clustered UC failed at cluster_master: INFEASIBLE; falling back to full unit-network SCUC
	 Variables defined.
DEBUG set_objective_economic!: NT=36, NG=108, ND=91, NW=20, NS=1, K=3, size(refcost)=(108,), size(eachslope)=(3, 108)
objective_function
	MILP economic objective set
subject to.
	 constraints: 1) minimum shutup/shutdown time limits			 done
	 constraints: 2) binary variable logic					 done
	 constraints: 3) shutup/shutdown cost					 done
	 constraints: 4) loadcurtailments and spoliedwinds			 done
	 constraints: 5) generatos power limits					 done
	 constraints: 6) system reserves limits					 done
	 constraints: 7) power balance constraints				 done
	 constraints: 8) ramp-up/ramp-down constraints				 done
	 constraints: 9) piece linearization constraints			 done
	 constraints: 10) transmissionline limits skipped (is_NetWorkCon != 1 or Gsdf missing or NL=0)
	 constraints: 11) stroges system constraints skipped (NC=0 or variables not defined)
	 constraints: 12) data centra constraints skipped (is_ConsiderDataCentra != 1)
	 constraints: 13) frequency control constraints skipped (is_ConsiderFrequencyControl != 1)
	 constraints: 14) hydro power limits					 done
+++++++++++++++++++++++++++++++++++++++++++++++++++++++++++++++++++++++++++++++++++++++++++
Step-4: starting Gurobi solver
Step-5: Gurobi solver finished
+++++++++++++++++++++++++++++++++++++++++++++++++++++++++++++++++++++++++++++++++++++++++++

solution_summary(scuc) = solution_summary(; result = 1, verbose = false)
├ solver_name          : Gurobi
├ Termination
│ ├ termination_status : OPTIMAL
│ ├ result_count       : 2
│ ├ raw_status         : Model was solved to optimality (subject to tolerances), and an optimal solution is available.
│ └ objective_bound    : 1.78233e+16
├ Solution (result = 1)
│ ├ primal_status        : FEASIBLE_POINT
│ ├ dual_status          : NO_SOLUTION
│ ├ objective_value      : 1.78233e+16
│ └ relative_gap         : 1.24667e-09
└ Work counters
  ├ solve_time (sec)   : 6.41000e-01
  ├ simplex_iterations : 0
  ├ barrier_iterations : 0
  └ node_count         : 0


Termination Status: OPTIMAL
Acceptable solution found (Status: OPTIMAL).
Step-6: record datas
PART1: [unit-commitment] calculation result has been saved to: D:\GithubClonefiles\module_unitcommitment\.worktrees\108_168h\output\pcm_com4_loadall_h168_20260823_210543\base\clu_ovl\r01\output/details_schedule_results/pcm_simulation_results/intervels_[1]/res_schedule_commitment_result.txt
PART1: [unit-commitment] calculation result has been saved to: D:\GithubClonefiles\module_unitcommitment\.worktrees\108_168h\output\pcm_com4_loadall_h168_20260823_210543\base\clu_ovl\r01\output/details_schedule_results/pcm_simulation_results/intervels_[1]/res_schedule_commitment_result.txt
Step-3: Creating dispatching model (Refactored & Modularized)
  Clustered PCM: 108 physical units -> 31 equivalent units (71.3% state reduction; 108 units in non-singleton clusters)
    5-point output grid is infeasible; retrying this window with 17 points
  Clustered PCM: 108 physical units -> 31 equivalent units (71.3% state reduction; 108 units in non-singleton clusters)
    Refined output grid is infeasible; entering continuous residence-power diagnosis
  Clustered PCM: 108 physical units -> 31 equivalent units (71.3% state reduction; 108 units in non-singleton clusters)
  ⚠ True clustered UC failed at cluster_master: INFEASIBLE; falling back to full unit-network SCUC
	 Variables defined.
DEBUG set_objective_economic!: NT=26, NG=108, ND=91, NW=20, NS=1, K=3, size(refcost)=(108,), size(eachslope)=(3, 108)
objective_function
	MILP economic objective set
subject to.
	 constraints: 1) minimum shutup/shutdown time limits			 done
	 constraints: 2) binary variable logic					 done
	 constraints: 3) shutup/shutdown cost					 done
	 constraints: 4) loadcurtailments and spoliedwinds			 done
	 constraints: 5) generatos power limits					 done
	 constraints: 6) system reserves limits					 done
	 constraints: 7) power balance constraints				 done
	 constraints: 8) ramp-up/ramp-down constraints				 done
	 constraints: 9) piece linearization constraints			 done
	 constraints: 10) transmissionline limits skipped (is_NetWorkCon != 1 or Gsdf missing or NL=0)
	 constraints: 11) stroges system constraints skipped (NC=0 or variables not defined)
	 constraints: 12) data centra constraints skipped (is_ConsiderDataCentra != 1)
	 constraints: 13) frequency control constraints skipped (is_ConsiderFrequencyControl != 1)
	 constraints: 14) hydro power limits					 done
+++++++++++++++++++++++++++++++++++++++++++++++++++++++++++++++++++++++++++++++++++++++++++
Step-4: starting Gurobi solver
Step-5: Gurobi solver finished
+++++++++++++++++++++++++++++++++++++++++++++++++++++++++++++++++++++++++++++++++++++++++++

solution_summary(scuc) = solution_summary(; result = 1, verbose = false)
├ solver_name          : Gurobi
├ Termination
│ ├ termination_status : OPTIMAL
│ ├ result_count       : 1
│ ├ raw_status         : Model was solved to optimality (subject to tolerances), and an optimal solution is available.
│ └ objective_bound    : 1.78233e+16
├ Solution (result = 1)
│ ├ primal_status        : FEASIBLE_POINT
│ ├ dual_status          : NO_SOLUTION
│ ├ objective_value      : 1.83233e+16
│ └ relative_gap         : 2.72877e-02
└ Work counters
  ├ solve_time (sec)   : 4.96000e-01
  ├ simplex_iterations : 0
  ├ barrier_iterations : 0
  └ node_count         : 0


Termination Status: OPTIMAL
Acceptable solution found (Status: OPTIMAL).
Step-6: record datas
PART1: [unit-commitment] calculation result has been saved to: D:\GithubClonefiles\module_unitcommitment\.worktrees\108_168h\output\pcm_com4_loadall_h168_20260823_210543\base\clu_ovl\r01\output/details_schedule_results/pcm_simulation_results/intervels_[1]/res_schedule_commitment_result.txt
PART1: [unit-commitment] calculation result has been saved to: D:\GithubClonefiles\module_unitcommitment\.worktrees\108_168h\output\pcm_com4_loadall_h168_20260823_210543\base\clu_ovl\r01\output/details_schedule_results/pcm_simulation_results/intervels_[1]/res_schedule_commitment_result.txt
Step-3: Creating dispatching model (Refactored & Modularized)
  Clustered PCM: 108 physical units -> 31 equivalent units (71.3% state reduction; 108 units in non-singleton clusters)
    5-point output grid is infeasible; retrying this window with 17 points
  Clustered PCM: 108 physical units -> 31 equivalent units (71.3% state reduction; 108 units in non-singleton clusters)
    Refined output grid is infeasible; entering continuous residence-power diagnosis
  Clustered PCM: 108 physical units -> 31 equivalent units (71.3% state reduction; 108 units in non-singleton clusters)
  ⚠ True clustered UC failed at cluster_master: INFEASIBLE; falling back to full unit-network SCUC
	 Variables defined.
DEBUG set_objective_economic!: NT=31, NG=108, ND=91, NW=20, NS=1, K=3, size(refcost)=(108,), size(eachslope)=(3, 108)
objective_function
	MILP economic objective set
subject to.
	 constraints: 1) minimum shutup/shutdown time limits			 done
	 constraints: 2) binary variable logic					 done
	 constraints: 3) shutup/shutdown cost					 done
	 constraints: 4) loadcurtailments and spoliedwinds			 done
	 constraints: 5) generatos power limits					 done
	 constraints: 6) system reserves limits					 done
	 constraints: 7) power balance constraints				 done
	 constraints: 8) ramp-up/ramp-down constraints				 done
	 constraints: 9) piece linearization constraints			 done
	 constraints: 10) transmissionline limits skipped (is_NetWorkCon != 1 or Gsdf missing or NL=0)
	 constraints: 11) stroges system constraints skipped (NC=0 or variables not defined)
	 constraints: 12) data centra constraints skipped (is_ConsiderDataCentra != 1)
	 constraints: 13) frequency control constraints skipped (is_ConsiderFrequencyControl != 1)
	 constraints: 14) hydro power limits					 done
+++++++++++++++++++++++++++++++++++++++++++++++++++++++++++++++++++++++++++++++++++++++++++
Step-4: starting Gurobi solver
Step-5: Gurobi solver finished
+++++++++++++++++++++++++++++++++++++++++++++++++++++++++++++++++++++++++++++++++++++++++++

solution_summary(scuc) = solution_summary(; result = 1, verbose = false)
├ solver_name          : Gurobi
├ Termination
│ ├ termination_status : OPTIMAL
│ ├ result_count       : 1
│ ├ raw_status         : Model was solved to optimality (subject to tolerances), and an optimal solution is available.
│ └ objective_bound    : 1.78233e+16
├ Solution (result = 1)
│ ├ primal_status        : FEASIBLE_POINT
│ ├ dual_status          : NO_SOLUTION
│ ├ objective_value      : 1.78233e+16
│ └ relative_gap         : 7.79693e-10
└ Work counters
  ├ solve_time (sec)   : 5.29000e-01
  ├ simplex_iterations : 0
  ├ barrier_iterations : 0
  └ node_count         : 0


Termination Status: OPTIMAL
Acceptable solution found (Status: OPTIMAL).
Step-6: record datas
PART1: [unit-commitment] calculation result has been saved to: D:\GithubClonefiles\module_unitcommitment\.worktrees\108_168h\output\pcm_com4_loadall_h168_20260823_210543\base\clu_ovl\r01\output/details_schedule_results/pcm_simulation_results/intervels_[1]/res_schedule_commitment_result.txt
PART1: [unit-commitment] calculation result has been saved to: D:\GithubClonefiles\module_unitcommitment\.worktrees\108_168h\output\pcm_com4_loadall_h168_20260823_210543\base\clu_ovl\r01\output/details_schedule_results/pcm_simulation_results/intervels_[1]/res_schedule_commitment_result.txt
PART1: [unit-commitment] calculation result has been saved to: D:\GithubClonefiles\module_unitcommitment\.worktrees\108_168h\output\pcm_com4_loadall_h168_20260823_210543\base\clu_ovl\r01\output/details_schedule_results/pcm_simulation_results/intervels_[1]/res_schedule_commitment_result.txt
Step-3: Creating dispatching model (Refactored & Modularized)
  Clustered PCM: 108 physical units -> 31 equivalent units (71.3% state reduction; 108 units in non-singleton clusters)
    5-point output grid is infeasible; retrying this window with 17 points
  Clustered PCM: 108 physical units -> 31 equivalent units (71.3% state reduction; 108 units in non-singleton clusters)
    Refined output grid is infeasible; entering continuous residence-power diagnosis
  Clustered PCM: 108 physical units -> 31 equivalent units (71.3% state reduction; 108 units in non-singleton clusters)
  ⚠ True clustered UC failed at cluster_master: INFEASIBLE; falling back to full unit-network SCUC
	 Variables defined.
DEBUG set_objective_economic!: NT=36, NG=108, ND=91, NW=20, NS=1, K=3, size(refcost)=(108,), size(eachslope)=(3, 108)
objective_function
	MILP economic objective set
subject to.
	 constraints: 1) minimum shutup/shutdown time limits			 done
	 constraints: 2) binary variable logic					 done
	 constraints: 3) shutup/shutdown cost					 done
	 constraints: 4) loadcurtailments and spoliedwinds			 done
	 constraints: 5) generatos power limits					 done
	 constraints: 6) system reserves limits					 done
	 constraints: 7) power balance constraints				 done
	 constraints: 8) ramp-up/ramp-down constraints				 done
	 constraints: 9) piece linearization constraints			 done
	 constraints: 10) transmissionline limits skipped (is_NetWorkCon != 1 or Gsdf missing or NL=0)
	 constraints: 11) stroges system constraints skipped (NC=0 or variables not defined)
	 constraints: 12) data centra constraints skipped (is_ConsiderDataCentra != 1)
	 constraints: 13) frequency control constraints skipped (is_ConsiderFrequencyControl != 1)
	 constraints: 14) hydro power limits					 done
+++++++++++++++++++++++++++++++++++++++++++++++++++++++++++++++++++++++++++++++++++++++++++
Step-4: starting Gurobi solver
Step-5: Gurobi solver finished
+++++++++++++++++++++++++++++++++++++++++++++++++++++++++++++++++++++++++++++++++++++++++++

solution_summary(scuc) = solution_summary(; result = 1, verbose = false)
├ solver_name          : Gurobi
├ Termination
│ ├ termination_status : OPTIMAL
│ ├ result_count       : 2
│ ├ raw_status         : Model was solved to optimality (subject to tolerances), and an optimal solution is available.
│ └ objective_bound    : 2.29587e+16
├ Solution (result = 1)
│ ├ primal_status        : FEASIBLE_POINT
│ ├ dual_status          : NO_SOLUTION
│ ├ objective_value      : 2.29587e+16
│ └ relative_gap         : 1.00119e-09
└ Work counters
  ├ solve_time (sec)   : 6.59000e-01
  ├ simplex_iterations : 0
  ├ barrier_iterations : 0
  └ node_count         : 0


Termination Status: OPTIMAL
Acceptable solution found (Status: OPTIMAL).
Step-6: record datas
PART1: [unit-commitment] calculation result has been saved to: D:\GithubClonefiles\module_unitcommitment\.worktrees\108_168h\output\pcm_com4_loadall_h168_20260823_210543\base\clu_ovl\r01\output/details_schedule_results/pcm_simulation_results/intervels_[1]/res_schedule_commitment_result.txt
Step-3: Creating dispatching model (Refactored & Modularized)
  Clustered PCM: 108 physical units -> 31 equivalent units (71.3% state reduction; 108 units in non-singleton clusters)
    5-point output grid is infeasible; retrying this window with 17 points
Set parameter Username
Set parameter LicenseID to value 2826524
Academic license - for non-commercial use only - expires 2027-05-22
Set parameter Username
Set parameter LicenseID to value 2826524
Academic license - for non-commercial use only - expires 2027-05-22
Set parameter Username
Set parameter LicenseID to value 2826524
Academic license - for non-commercial use only - expires 2027-05-22
Set parameter Username
Set parameter LicenseID to value 2826524
Academic license - for non-commercial use only - expires 2027-05-22
Set parameter Username
Set parameter LicenseID to value 2826524
Academic license - for non-commercial use only - expires 2027-05-22
Set parameter Username
Set parameter LicenseID to value 2826524
Academic license - for non-commercial use only - expires 2027-05-22
Set parameter Username
Set parameter LicenseID to value 2826524
Academic license - for non-commercial use only - expires 2027-05-22
Set parameter Username
Set parameter LicenseID to value 2826524
Academic license - for non-commercial use only - expires 2027-05-22
Set parameter Username
Set parameter LicenseID to value 2826524
Academic license - for non-commercial use only - expires 2027-05-22
Set parameter Username
Set parameter LicenseID to value 2826524
Academic license - for non-commercial use only - expires 2027-05-22
Set parameter Username
Set parameter LicenseID to value 2826524
Academic license - for non-commercial use only - expires 2027-05-22
Set parameter Username
Set parameter LicenseID to value 2826524
Academic license - for non-commercial use only - expires 2027-05-22
Set parameter Username
Set parameter LicenseID to value 2826524
Academic license - for non-commercial use only - expires 2027-05-22
Set parameter Username
Set parameter LicenseID to value 2826524
Academic license - for non-commercial use only - expires 2027-05-22
Set parameter Username
Set parameter LicenseID to value 2826524
Academic license - for non-commercial use only - expires 2027-05-22
Set parameter Username
Set parameter LicenseID to value 2826524
Academic license - for non-commercial use only - expires 2027-05-22
Set parameter Username
Set parameter LicenseID to value 2826524
Academic license - for non-commercial use only - expires 2027-05-22
Set parameter Username
Set parameter LicenseID to value 2826524
Academic license - for non-commercial use only - expires 2027-05-22
Set parameter Username
Set parameter LicenseID to value 2826524
Academic license - for non-commercial use only - expires 2027-05-22
Set parameter Username
Set parameter LicenseID to value 2826524
Academic license - for non-commercial use only - expires 2027-05-22
Set parameter Username
Set parameter LicenseID to value 2826524
Academic license - for non-commercial use only - expires 2027-05-22
Set parameter Username
Set parameter LicenseID to value 2826524
Academic license - for non-commercial use only - expires 2027-05-22
Set parameter Username
Set parameter LicenseID to value 2826524
Academic license - for non-commercial use only - expires 2027-05-22
Set parameter Username
Set parameter LicenseID to value 2826524
Academic license - for non-commercial use only - expires 2027-05-22
Set parameter Username
Set parameter LicenseID to value 2826524
Academic license - for non-commercial use only - expires 2027-05-22
Set parameter Username
Set parameter LicenseID to value 2826524
Academic license - for non-commercial use only - expires 2027-05-22
Set parameter Username
Set parameter LicenseID to value 2826524
Academic license - for non-commercial use only - expires 2027-05-22
Set parameter Username
Set parameter LicenseID to value 2826524
Academic license - for non-commercial use only - expires 2027-05-22
Set parameter Username
Set parameter LicenseID to value 2826524
Academic license - for non-commercial use only - expires 2027-05-22
Set parameter Username
Set parameter LicenseID to value 2826524
Academic license - for non-commercial use only - expires 2027-05-22
Set parameter Username
Set parameter LicenseID to value 2826524
Academic license - for non-commercial use only - expires 2027-05-22
Set parameter Username
Set parameter LicenseID to value 2826524
Academic license - for non-commercial use only - expires 2027-05-22
Set parameter Username
Set parameter LicenseID to value 2826524
Academic license - for non-commercial use only - expires 2027-05-22
Set parameter Username
Set parameter LicenseID to value 2826524
Academic license - for non-commercial use only - expires 2027-05-22
Set parameter Username
Set parameter LicenseID to value 2826524
Academic license - for non-commercial use only - expires 2027-05-22
Set parameter Username
Set parameter LicenseID to value 2826524
Academic license - for non-commercial use only - expires 2027-05-22
Set parameter Username
Set parameter LicenseID to value 2826524
Academic license - for non-commercial use only - expires 2027-05-22
Set parameter Username
Set parameter LicenseID to value 2826524
Academic license - for non-commercial use only - expires 2027-05-22
Set parameter Username
Set parameter LicenseID to value 2826524
Academic license - for non-commercial use only - expires 2027-05-22
  Clustered PCM: 108 physical units -> 31 equivalent units (71.3% state reduction; 108 units in non-singleton clusters)
    Refined output grid is infeasible; entering continuous residence-power diagnosis
  Clustered PCM: 108 physical units -> 31 equivalent units (71.3% state reduction; 108 units in non-singleton clusters)
  ⚠ True clustered UC failed at cluster_master: INFEASIBLE; falling back to full unit-network SCUC
	 Variables defined.
DEBUG set_objective_economic!: NT=36, NG=108, ND=91, NW=20, NS=1, K=3, size(refcost)=(108,), size(eachslope)=(3, 108)
objective_function
	MILP economic objective set
subject to.
	 constraints: 1) minimum shutup/shutdown time limits			 done
	 constraints: 2) binary variable logic					 done
	 constraints: 3) shutup/shutdown cost					 done
	 constraints: 4) loadcurtailments and spoliedwinds			 done
	 constraints: 5) generatos power limits					 done
	 constraints: 6) system reserves limits					 done
	 constraints: 7) power balance constraints				 done
	 constraints: 8) ramp-up/ramp-down constraints				 done
	 constraints: 9) piece linearization constraints			 done
	 constraints: 10) transmissionline limits skipped (is_NetWorkCon != 1 or Gsdf missing or NL=0)
	 constraints: 11) stroges system constraints skipped (NC=0 or variables not defined)
	 constraints: 12) data centra constraints skipped (is_ConsiderDataCentra != 1)
	 constraints: 13) frequency control constraints skipped (is_ConsiderFrequencyControl != 1)
	 constraints: 14) hydro power limits					 done
+++++++++++++++++++++++++++++++++++++++++++++++++++++++++++++++++++++++++++++++++++++++++++
Step-4: starting Gurobi solver
Step-5: Gurobi solver finished
+++++++++++++++++++++++++++++++++++++++++++++++++++++++++++++++++++++++++++++++++++++++++++

solution_summary(scuc) = solution_summary(; result = 1, verbose = false)
├ solver_name          : Gurobi
├ Termination
│ ├ termination_status : OPTIMAL
│ ├ result_count       : 2
│ ├ raw_status         : Model was solved to optimality (subject to tolerances), and an optimal solution is available.
│ └ objective_bound    : 2.29587e+16
├ Solution (result = 1)
│ ├ primal_status        : FEASIBLE_POINT
│ ├ dual_status          : NO_SOLUTION
│ ├ objective_value      : 2.29587e+16
│ └ relative_gap         : 1.00119e-09
└ Work counters
  ├ solve_time (sec)   : 6.41000e-01
  ├ simplex_iterations : 0
  ├ barrier_iterations : 0
  └ node_count         : 0


Termination Status: OPTIMAL
Acceptable solution found (Status: OPTIMAL).
Step-6: record datas
PART1: [unit-commitment] calculation result has been saved to: D:\GithubClonefiles\module_unitcommitment\.worktrees\108_168h\output\pcm_com4_loadall_h168_20260823_210543\base\clu_ovl\r01\output/details_schedule_results/pcm_simulation_results/intervels_[1]/res_schedule_commitment_result.txt
PART1: [unit-commitment] calculation result has been saved to: D:\GithubClonefiles\module_unitcommitment\.worktrees\108_168h\output\pcm_com4_loadall_h168_20260823_210543\base\clu_ovl\r01\output/details_schedule_results/pcm_simulation_results/intervels_[1]/res_schedule_commitment_result.txt
Step-3: Creating dispatching model (Refactored & Modularized)
  Clustered PCM: 108 physical units -> 31 equivalent units (71.3% state reduction; 108 units in non-singleton clusters)
    5-point output grid is infeasible; retrying this window with 17 points
  Clustered PCM: 108 physical units -> 31 equivalent units (71.3% state reduction; 108 units in non-singleton clusters)
    Refined output grid is infeasible; entering continuous residence-power diagnosis
  Clustered PCM: 108 physical units -> 31 equivalent units (71.3% state reduction; 108 units in non-singleton clusters)
  ⚠ True clustered UC failed at cluster_master: INFEASIBLE; falling back to full unit-network SCUC
	 Variables defined.
DEBUG set_objective_economic!: NT=26, NG=108, ND=91, NW=20, NS=1, K=3, size(refcost)=(108,), size(eachslope)=(3, 108)
objective_function
	MILP economic objective set
subject to.
	 constraints: 1) minimum shutup/shutdown time limits			 done
	 constraints: 2) binary variable logic					 done
	 constraints: 3) shutup/shutdown cost					 done
	 constraints: 4) loadcurtailments and spoliedwinds			 done
	 constraints: 5) generatos power limits					 done
	 constraints: 6) system reserves limits					 done
	 constraints: 7) power balance constraints				 done
	 constraints: 8) ramp-up/ramp-down constraints				 done
	 constraints: 9) piece linearization constraints			 done
	 constraints: 10) transmissionline limits skipped (is_NetWorkCon != 1 or Gsdf missing or NL=0)
	 constraints: 11) stroges system constraints skipped (NC=0 or variables not defined)
	 constraints: 12) data centra constraints skipped (is_ConsiderDataCentra != 1)
	 constraints: 13) frequency control constraints skipped (is_ConsiderFrequencyControl != 1)
	 constraints: 14) hydro power limits					 done
+++++++++++++++++++++++++++++++++++++++++++++++++++++++++++++++++++++++++++++++++++++++++++
Step-4: starting Gurobi solver
Step-5: Gurobi solver finished
+++++++++++++++++++++++++++++++++++++++++++++++++++++++++++++++++++++++++++++++++++++++++++

solution_summary(scuc) = solution_summary(; result = 1, verbose = false)
├ solver_name          : Gurobi
├ Termination
│ ├ termination_status : OPTIMAL
│ ├ result_count       : 1
│ ├ raw_status         : Model was solved to optimality (subject to tolerances), and an optimal solution is available.
│ └ objective_bound    : 2.29587e+16
├ Solution (result = 1)
│ ├ primal_status        : FEASIBLE_POINT
│ ├ dual_status          : NO_SOLUTION
│ ├ objective_value      : 2.34587e+16
│ └ relative_gap         : 2.13140e-02
└ Work counters
  ├ solve_time (sec)   : 4.85000e-01
  ├ simplex_iterations : 0
  ├ barrier_iterations : 0
  └ node_count         : 0


Termination Status: OPTIMAL
Acceptable solution found (Status: OPTIMAL).
Step-6: record datas
PART1: [unit-commitment] calculation result has been saved to: D:\GithubClonefiles\module_unitcommitment\.worktrees\108_168h\output\pcm_com4_loadall_h168_20260823_210543\base\clu_ovl\r01\output/details_schedule_results/pcm_simulation_results/intervels_[1]/res_schedule_commitment_result.txt
PART1: [unit-commitment] calculation result has been saved to: D:\GithubClonefiles\module_unitcommitment\.worktrees\108_168h\output\pcm_com4_loadall_h168_20260823_210543\base\clu_ovl\r01\output/details_schedule_results/pcm_simulation_results/intervels_[1]/res_schedule_commitment_result.txt
Step-3: Creating dispatching model (Refactored & Modularized)
  Clustered PCM: 108 physical units -> 31 equivalent units (71.3% state reduction; 108 units in non-singleton clusters)
    5-point output grid is infeasible; retrying this window with 17 points
  Clustered PCM: 108 physical units -> 31 equivalent units (71.3% state reduction; 108 units in non-singleton clusters)
    Refined output grid is infeasible; entering continuous residence-power diagnosis
  Clustered PCM: 108 physical units -> 31 equivalent units (71.3% state reduction; 108 units in non-singleton clusters)
  ⚠ True clustered UC failed at cluster_master: INFEASIBLE; falling back to full unit-network SCUC
	 Variables defined.
DEBUG set_objective_economic!: NT=31, NG=108, ND=91, NW=20, NS=1, K=3, size(refcost)=(108,), size(eachslope)=(3, 108)
objective_function
	MILP economic objective set
subject to.
	 constraints: 1) minimum shutup/shutdown time limits			 done
	 constraints: 2) binary variable logic					 done
	 constraints: 3) shutup/shutdown cost					 done
	 constraints: 4) loadcurtailments and spoliedwinds			 done
	 constraints: 5) generatos power limits					 done
	 constraints: 6) system reserves limits					 done
	 constraints: 7) power balance constraints				 done
	 constraints: 8) ramp-up/ramp-down constraints				 done
	 constraints: 9) piece linearization constraints			 done
	 constraints: 10) transmissionline limits skipped (is_NetWorkCon != 1 or Gsdf missing or NL=0)
	 constraints: 11) stroges system constraints skipped (NC=0 or variables not defined)
	 constraints: 12) data centra constraints skipped (is_ConsiderDataCentra != 1)
	 constraints: 13) frequency control constraints skipped (is_ConsiderFrequencyControl != 1)
	 constraints: 14) hydro power limits					 done
+++++++++++++++++++++++++++++++++++++++++++++++++++++++++++++++++++++++++++++++++++++++++++
Step-4: starting Gurobi solver
Step-5: Gurobi solver finished
+++++++++++++++++++++++++++++++++++++++++++++++++++++++++++++++++++++++++++++++++++++++++++

solution_summary(scuc) = solution_summary(; result = 1, verbose = false)
├ solver_name          : Gurobi
├ Termination
│ ├ termination_status : OPTIMAL
│ ├ result_count       : 1
│ ├ raw_status         : Model was solved to optimality (subject to tolerances), and an optimal solution is available.
│ └ objective_bound    : 2.29587e+16
├ Solution (result = 1)
│ ├ primal_status        : FEASIBLE_POINT
│ ├ dual_status          : NO_SOLUTION
│ ├ objective_value      : 2.29587e+16
│ └ relative_gap         : 6.00725e-10
└ Work counters
  ├ solve_time (sec)   : 5.26000e-01
  ├ simplex_iterations : 0
  ├ barrier_iterations : 0
  └ node_count         : 0


Termination Status: OPTIMAL
Acceptable solution found (Status: OPTIMAL).
Step-6: record datas
PART1: [unit-commitment] calculation result has been saved to: D:\GithubClonefiles\module_unitcommitment\.worktrees\108_168h\output\pcm_com4_loadall_h168_20260823_210543\base\clu_ovl\r01\output/details_schedule_results/pcm_simulation_results/intervels_[1]/res_schedule_commitment_result.txt
PART1: [unit-commitment] calculation result has been saved to: D:\GithubClonefiles\module_unitcommitment\.worktrees\108_168h\output\pcm_com4_loadall_h168_20260823_210543\base\clu_ovl\r01\output/details_schedule_results/pcm_simulation_results/intervels_[1]/res_schedule_commitment_result.txt
PART1: [unit-commitment] calculation result has been saved to: D:\GithubClonefiles\module_unitcommitment\.worktrees\108_168h\output\pcm_com4_loadall_h168_20260823_210543\base\clu_ovl\r01\output/details_schedule_results/pcm_simulation_results/intervels_[1]/res_schedule_commitment_result.txt
Step-3: Creating dispatching model (Refactored & Modularized)
  Clustered PCM: 108 physical units -> 31 equivalent units (71.3% state reduction; 108 units in non-singleton clusters)
    5-point output grid is infeasible; retrying this window with 17 points
  Clustered PCM: 108 physical units -> 31 equivalent units (71.3% state reduction; 108 units in non-singleton clusters)
    Refined output grid is infeasible; entering continuous residence-power diagnosis
  Clustered PCM: 108 physical units -> 31 equivalent units (71.3% state reduction; 108 units in non-singleton clusters)
  ⚠ True clustered UC failed at cluster_master: INFEASIBLE; falling back to full unit-network SCUC
	 Variables defined.
DEBUG set_objective_economic!: NT=36, NG=108, ND=91, NW=20, NS=1, K=3, size(refcost)=(108,), size(eachslope)=(3, 108)
objective_function
	MILP economic objective set
subject to.
	 constraints: 1) minimum shutup/shutdown time limits			 done
	 constraints: 2) binary variable logic					 done
	 constraints: 3) shutup/shutdown cost					 done
	 constraints: 4) loadcurtailments and spoliedwinds			 done
	 constraints: 5) generatos power limits					 done
	 constraints: 6) system reserves limits					 done
	 constraints: 7) power balance constraints				 done
	 constraints: 8) ramp-up/ramp-down constraints				 done
	 constraints: 9) piece linearization constraints			 done
	 constraints: 10) transmissionline limits skipped (is_NetWorkCon != 1 or Gsdf missing or NL=0)
	 constraints: 11) stroges system constraints skipped (NC=0 or variables not defined)
	 constraints: 12) data centra constraints skipped (is_ConsiderDataCentra != 1)
	 constraints: 13) frequency control constraints skipped (is_ConsiderFrequencyControl != 1)
	 constraints: 14) hydro power limits					 done
+++++++++++++++++++++++++++++++++++++++++++++++++++++++++++++++++++++++++++++++++++++++++++
Step-4: starting Gurobi solver
Step-5: Gurobi solver finished
+++++++++++++++++++++++++++++++++++++++++++++++++++++++++++++++++++++++++++++++++++++++++++

solution_summary(scuc) = solution_summary(; result = 1, verbose = false)
├ solver_name          : Gurobi
├ Termination
│ ├ termination_status : OPTIMAL
│ ├ result_count       : 4
│ ├ raw_status         : Model was solved to optimality (subject to tolerances), and an optimal solution is available.
│ └ objective_bound    : 4.79883e+15
├ Solution (result = 1)
│ ├ primal_status        : FEASIBLE_POINT
│ ├ dual_status          : NO_SOLUTION
│ ├ objective_value      : 4.79883e+15
│ └ relative_gap         : 3.50480e-09
└ Work counters
  ├ solve_time (sec)   : 3.15600e+00
  ├ simplex_iterations : 19345
  ├ barrier_iterations : 0
  └ node_count         : 1


Termination Status: OPTIMAL
Acceptable solution found (Status: OPTIMAL).
Step-6: record datas
PART1: [unit-commitment] calculation result has been saved to: D:\GithubClonefiles\module_unitcommitment\.worktrees\108_168h\output\pcm_com4_loadall_h168_20260823_210543\base\clu_ovl\r01\output/details_schedule_results/pcm_simulation_results/intervels_[1]/res_schedule_commitment_result.txt
Step-3: Creating dispatching model (Refactored & Modularized)
  Clustered PCM: 108 physical units -> 31 equivalent units (71.3% state reduction; 108 units in non-singleton clusters)
    5-point output grid is infeasible; retrying this window with 17 points
  Clustered PCM: 108 physical units -> 31 equivalent units (71.3% state reduction; 108 units in non-singleton clusters)
    Refined output grid is infeasible; entering continuous residence-power diagnosis
  Clustered PCM: 108 physical units -> 31 equivalent units (71.3% state reduction; 108 units in non-singleton clusters)
  ⚠ True clustered UC failed at cluster_master: INFEASIBLE; falling back to full unit-network SCUC
	 Variables defined.
DEBUG set_objective_economic!: NT=36, NG=108, ND=91, NW=20, NS=1, K=3, size(refcost)=(108,), size(eachslope)=(3, 108)
objective_function
	MILP economic objective set
subject to.
	 constraints: 1) minimum shutup/shutdown time limits			 done
	 constraints: 2) binary variable logic					 done
	 constraints: 3) shutup/shutdown cost					 done
	 constraints: 4) loadcurtailments and spoliedwinds			 done
	 constraints: 5) generatos power limits					 done
	 constraints: 6) system reserves limits					 done
	 constraints: 7) power balance constraints				 done
	 constraints: 8) ramp-up/ramp-down constraints				 done
	 constraints: 9) piece linearization constraints			 done
	 constraints: 10) transmissionline limits skipped (is_NetWorkCon != 1 or Gsdf missing or NL=0)
	 constraints: 11) stroges system constraints skipped (NC=0 or variables not defined)
	 constraints: 12) data centra constraints skipped (is_ConsiderDataCentra != 1)
	 constraints: 13) frequency control constraints skipped (is_ConsiderFrequencyControl != 1)
	 constraints: 14) hydro power limits					 done
+++++++++++++++++++++++++++++++++++++++++++++++++++++++++++++++++++++++++++++++++++++++++++
Step-4: starting Gurobi solver
Step-5: Gurobi solver finished
+++++++++++++++++++++++++++++++++++++++++++++++++++++++++++++++++++++++++++++++++++++++++++

solution_summary(scuc) = solution_summary(; result = 1, verbose = false)
├ solver_name          : Gurobi
├ Termination
│ ├ termination_status : OPTIMAL
│ ├ result_count       : 4
│ ├ raw_status         : Model was solved to optimality (subject to tolerances), and an optimal solution is available.
│ └ objective_bound    : 4.79883e+15
├ Solution (result = 1)
│ ├ primal_status        : FEASIBLE_POINT
│ ├ dual_status          : NO_SOLUTION
│ ├ objective_value      : 4.79883e+15
│ └ relative_gap         : 3.50480e-09
└ Work counters
  ├ solve_time (sec)   : 3.23100e+00
  ├ simplex_iterations : 19345
  ├ barrier_iterations : 0
  └ node_count         : 1


Termination Status: OPTIMAL
Acceptable solution found (Status: OPTIMAL).
Step-6: record datas
PART1: [unit-commitment] calculation result has been saved to: D:\GithubClonefiles\module_unitcommitment\.worktrees\108_168h\output\pcm_com4_loadall_h168_20260823_210543\base\clu_ovl\r01\output/details_schedule_results/pcm_simulation_results/intervels_[1]/res_schedule_commitment_result.txt
PART1: [unit-commitment] calculation result has been saved to: D:\GithubClonefiles\module_unitcommitment\.worktrees\108_168h\output\pcm_com4_loadall_h168_20260823_210543\base\clu_ovl\r01\output/details_schedule_results/pcm_simulation_results/intervels_[1]/res_schedule_commitment_result.txt
Step-3: Creating dispatching model (Refactored & Modularized)
  Clustered PCM: 108 physical units -> 31 equivalent units (71.3% state reduction; 108 units in non-singleton clusters)
    5-point output grid is infeasible; retrying this window with 17 points
  Clustered PCM: 108 physical units -> 31 equivalent units (71.3% state reduction; 108 units in non-singleton clusters)
    Refined output grid is infeasible; entering continuous residence-power diagnosis
  Clustered PCM: 108 physical units -> 31 equivalent units (71.3% state reduction; 108 units in non-singleton clusters)
  ⚠ True clustered UC failed at cluster_master: INFEASIBLE; falling back to full unit-network SCUC
	 Variables defined.
DEBUG set_objective_economic!: NT=26, NG=108, ND=91, NW=20, NS=1, K=3, size(refcost)=(108,), size(eachslope)=(3, 108)
objective_function
	MILP economic objective set
subject to.
	 constraints: 1) minimum shutup/shutdown time limits			 done
	 constraints: 2) binary variable logic					 done
	 constraints: 3) shutup/shutdown cost					 done
	 constraints: 4) loadcurtailments and spoliedwinds			 done
	 constraints: 5) generatos power limits					 done
	 constraints: 6) system reserves limits					 done
	 constraints: 7) power balance constraints				 done
	 constraints: 8) ramp-up/ramp-down constraints				 done
	 constraints: 9) piece linearization constraints			 done
	 constraints: 10) transmissionline limits skipped (is_NetWorkCon != 1 or Gsdf missing or NL=0)
	 constraints: 11) stroges system constraints skipped (NC=0 or variables not defined)
	 constraints: 12) data centra constraints skipped (is_ConsiderDataCentra != 1)
	 constraints: 13) frequency control constraints skipped (is_ConsiderFrequencyControl != 1)
	 constraints: 14) hydro power limits					 done
+++++++++++++++++++++++++++++++++++++++++++++++++++++++++++++++++++++++++++++++++++++++++++
Step-4: starting Gurobi solver
Step-5: Gurobi solver finished
+++++++++++++++++++++++++++++++++++++++++++++++++++++++++++++++++++++++++++++++++++++++++++

solution_summary(scuc) = solution_summary(; result = 1, verbose = false)
├ solver_name          : Gurobi
├ Termination
│ ├ termination_status : OPTIMAL
│ ├ result_count       : 3
│ ├ raw_status         : Model was solved to optimality (subject to tolerances), and an optimal solution is available.
│ └ objective_bound    : 4.79883e+15
├ Solution (result = 1)
│ ├ primal_status        : FEASIBLE_POINT
│ ├ dual_status          : NO_SOLUTION
│ ├ objective_value      : 4.79883e+15
│ └ relative_gap         : 2.68974e-09
└ Work counters
  ├ solve_time (sec)   : 6.13000e-01
  ├ simplex_iterations : 0
  ├ barrier_iterations : 0
  └ node_count         : 0


Termination Status: OPTIMAL
Acceptable solution found (Status: OPTIMAL).
Step-6: record datas
PART1: [unit-commitment] calculation result has been saved to: D:\GithubClonefiles\module_unitcommitment\.worktrees\108_168h\output\pcm_com4_loadall_h168_20260823_210543\base\clu_ovl\r01\output/details_schedule_results/pcm_simulation_results/intervels_[1]/res_schedule_commitment_result.txt
PART1: [unit-commitment] calculation result has been saved to: D:\GithubClonefiles\module_unitcommitment\.worktrees\108_168h\output\pcm_com4_loadall_h168_20260823_210543\base\clu_ovl\r01\output/details_schedule_results/pcm_simulation_results/intervels_[1]/res_schedule_commitment_result.txt
Step-3: Creating dispatching model (Refactored & Modularized)
  Clustered PCM: 108 physical units -> 31 equivalent units (71.3% state reduction; 108 units in non-singleton clusters)
    5-point output grid is infeasible; retrying this window with 17 points
  Clustered PCM: 108 physical units -> 31 equivalent units (71.3% state reduction; 108 units in non-singleton clusters)
    Refined output grid is infeasible; entering continuous residence-power diagnosis
  Clustered PCM: 108 physical units -> 31 equivalent units (71.3% state reduction; 108 units in non-singleton clusters)
  ⚠ True clustered UC failed at cluster_master: INFEASIBLE; falling back to full unit-network SCUC
	 Variables defined.
DEBUG set_objective_economic!: NT=31, NG=108, ND=91, NW=20, NS=1, K=3, size(refcost)=(108,), size(eachslope)=(3, 108)
objective_function
	MILP economic objective set
subject to.
	 constraints: 1) minimum shutup/shutdown time limits			 done
	 constraints: 2) binary variable logic					 done
	 constraints: 3) shutup/shutdown cost					 done
	 constraints: 4) loadcurtailments and spoliedwinds			 done
	 constraints: 5) generatos power limits					 done
	 constraints: 6) system reserves limits					 done
	 constraints: 7) power balance constraints				 done
	 constraints: 8) ramp-up/ramp-down constraints				 done
	 constraints: 9) piece linearization constraints			 done
	 constraints: 10) transmissionline limits skipped (is_NetWorkCon != 1 or Gsdf missing or NL=0)
	 constraints: 11) stroges system constraints skipped (NC=0 or variables not defined)
	 constraints: 12) data centra constraints skipped (is_ConsiderDataCentra != 1)
	 constraints: 13) frequency control constraints skipped (is_ConsiderFrequencyControl != 1)
	 constraints: 14) hydro power limits					 done
+++++++++++++++++++++++++++++++++++++++++++++++++++++++++++++++++++++++++++++++++++++++++++
Step-4: starting Gurobi solver
Step-5: Gurobi solver finished
+++++++++++++++++++++++++++++++++++++++++++++++++++++++++++++++++++++++++++++++++++++++++++

solution_summary(scuc) = solution_summary(; result = 1, verbose = false)
├ solver_name          : Gurobi
├ Termination
│ ├ termination_status : OPTIMAL
│ ├ result_count       : 2
│ ├ raw_status         : Model was solved to optimality (subject to tolerances), and an optimal solution is available.
│ └ objective_bound    : 4.79883e+15
├ Solution (result = 1)
│ ├ primal_status        : FEASIBLE_POINT
│ ├ dual_status          : NO_SOLUTION
│ ├ objective_value      : 4.79883e+15
│ └ relative_gap         : 2.85096e-09
└ Work counters
  ├ solve_time (sec)   : 5.93000e-01
  ├ simplex_iterations : 0
  ├ barrier_iterations : 0
  └ node_count         : 0


Termination Status: OPTIMAL
Acceptable solution found (Status: OPTIMAL).
Step-6: record datas
PART1: [unit-commitment] calculation result has been saved to: D:\GithubClonefiles\module_unitcommitment\.worktrees\108_168h\output\pcm_com4_loadall_h168_20260823_210543\base\clu_ovl\r01\output/details_schedule_results/pcm_simulation_results/intervels_[1]/res_schedule_commitment_result.txt
PART1: [unit-commitment] calculation result has been saved to: D:\GithubClonefiles\module_unitcommitment\.worktrees\108_168h\output\pcm_com4_loadall_h168_20260823_210543\base\clu_ovl\r01\output/details_schedule_results/pcm_simulation_results/intervels_[1]/res_schedule_commitment_result.txt
PART1: [unit-commitment] calculation result has been saved to: D:\GithubClonefiles\module_unitcommitment\.worktrees\108_168h\output\pcm_com4_loadall_h168_20260823_210543\base\clu_ovl\r01\output/details_schedule_results/pcm_simulation_results/intervels_[1]/res_schedule_commitment_result.txt
Step-3: Creating dispatching model (Refactored & Modularized)
  Clustered PCM: 108 physical units -> 31 equivalent units (71.3% state reduction; 108 units in non-singleton clusters)
    5-point output grid is infeasible; retrying this window with 17 points
  Clustered PCM: 108 physical units -> 31 equivalent units (71.3% state reduction; 108 units in non-singleton clusters)
    Refined output grid is infeasible; entering continuous residence-power diagnosis
  Clustered PCM: 108 physical units -> 31 equivalent units (71.3% state reduction; 108 units in non-singleton clusters)
  ⚠ True clustered UC failed at cluster_master: INFEASIBLE; falling back to full unit-network SCUC
	 Variables defined.
DEBUG set_objective_economic!: NT=36, NG=108, ND=91, NW=20, NS=1, K=3, size(refcost)=(108,), size(eachslope)=(3, 108)
objective_function
	MILP economic objective set
subject to.
	 constraints: 1) minimum shutup/shutdown time limits			 done
	 constraints: 2) binary variable logic					 done
	 constraints: 3) shutup/shutdown cost					 done
	 constraints: 4) loadcurtailments and spoliedwinds			 done
	 constraints: 5) generatos power limits					 done
	 constraints: 6) system reserves limits					 done
	 constraints: 7) power balance constraints				 done
	 constraints: 8) ramp-up/ramp-down constraints				 done
	 constraints: 9) piece linearization constraints			 done
	 constraints: 10) transmissionline limits skipped (is_NetWorkCon != 1 or Gsdf missing or NL=0)
	 constraints: 11) stroges system constraints skipped (NC=0 or variables not defined)
	 constraints: 12) data centra constraints skipped (is_ConsiderDataCentra != 1)
	 constraints: 13) frequency control constraints skipped (is_ConsiderFrequencyControl != 1)
	 constraints: 14) hydro power limits					 done
+++++++++++++++++++++++++++++++++++++++++++++++++++++++++++++++++++++++++++++++++++++++++++
Step-4: starting Gurobi solver
Step-5: Gurobi solver finished
+++++++++++++++++++++++++++++++++++++++++++++++++++++++++++++++++++++++++++++++++++++++++++

solution_summary(scuc) = solution_summary(; result = 1, verbose = false)
├ solver_name          : Gurobi
├ Termination
│ ├ termination_status : OPTIMAL
│ ├ result_count       : 3
│ ├ raw_status         : Model was solved to optimality (subject to tolerances), and an optimal solution is available.
│ └ objective_bound    : 2.48786e+16
├ Solution (result = 1)
│ ├ primal_status        : FEASIBLE_POINT
│ ├ dual_status          : NO_SOLUTION
│ ├ objective_value      : 2.53786e+16
│ └ relative_gap         : 1.97016e-02
└ Work counters
  ├ solve_time (sec)   : 7.18000e-01
  ├ simplex_iterations : 0
  ├ barrier_iterations : 0
  └ node_count         : 0


Termination Status: OPTIMAL
Acceptable solution found (Status: OPTIMAL).
Step-6: record datas
PART1: [unit-commitment] calculation result has been saved to: D:\GithubClonefiles\module_unitcommitment\.worktrees\108_168h\output\pcm_com4_loadall_h168_20260823_210543\base\clu_ovl\r01\output/details_schedule_results/pcm_simulation_results/intervels_[1]/res_schedule_commitment_result.txt
Step-3: Creating dispatching model (Refactored & Modularized)
  Clustered PCM: 108 physical units -> 31 equivalent units (71.3% state reduction; 108 units in non-singleton clusters)
    5-point output grid is infeasible; retrying this window with 17 points
  Clustered PCM: 108 physical units -> 31 equivalent units (71.3% state reduction; 108 units in non-singleton clusters)
    Refined output grid is infeasible; entering continuous residence-power diagnosis
  Clustered PCM: 108 physical units -> 31 equivalent units (71.3% state reduction; 108 units in non-singleton clusters)
  ⚠ True clustered UC failed at cluster_master: INFEASIBLE; falling back to full unit-network SCUC
	 Variables defined.
DEBUG set_objective_economic!: NT=36, NG=108, ND=91, NW=20, NS=1, K=3, size(refcost)=(108,), size(eachslope)=(3, 108)
objective_function
	MILP economic objective set
subject to.
	 constraints: 1) minimum shutup/shutdown time limits			 done
	 constraints: 2) binary variable logic					 done
	 constraints: 3) shutup/shutdown cost					 done
	 constraints: 4) loadcurtailments and spoliedwinds			 done
	 constraints: 5) generatos power limits					 done
	 constraints: 6) system reserves limits					 done
	 constraints: 7) power balance constraints				 done
	 constraints: 8) ramp-up/ramp-down constraints				 done
	 constraints: 9) piece linearization constraints			 done
	 constraints: 10) transmissionline limits skipped (is_NetWorkCon != 1 or Gsdf missing or NL=0)
	 constraints: 11) stroges system constraints skipped (NC=0 or variables not defined)
	 constraints: 12) data centra constraints skipped (is_ConsiderDataCentra != 1)
	 constraints: 13) frequency control constraints skipped (is_ConsiderFrequencyControl != 1)
	 constraints: 14) hydro power limits					 done
+++++++++++++++++++++++++++++++++++++++++++++++++++++++++++++++++++++++++++++++++++++++++++
Step-4: starting Gurobi solver
Step-5: Gurobi solver finished
+++++++++++++++++++++++++++++++++++++++++++++++++++++++++++++++++++++++++++++++++++++++++++

solution_summary(scuc) = solution_summary(; result = 1, verbose = false)
├ solver_name          : Gurobi
├ Termination
│ ├ termination_status : OPTIMAL
│ ├ result_count       : 3
│ ├ raw_status         : Model was solved to optimality (subject to tolerances), and an optimal solution is available.
│ └ objective_bound    : 2.48786e+16
├ Solution (result = 1)
│ ├ primal_status        : FEASIBLE_POINT
│ ├ dual_status          : NO_SOLUTION
│ ├ objective_value      : 2.53786e+16
│ └ relative_gap         : 1.97016e-02
└ Work counters
  ├ solve_time (sec)   : 9.33000e-01
  ├ simplex_iterations : 0
  ├ barrier_iterations : 0
  └ node_count         : 0


Termination Status: OPTIMAL
Acceptable solution found (Status: OPTIMAL).
Step-6: record datas
PART1: [unit-commitment] calculation result has been saved to: D:\GithubClonefiles\module_unitcommitment\.worktrees\108_168h\output\pcm_com4_loadall_h168_20260823_210543\base\clu_ovl\r01\output/details_schedule_results/pcm_simulation_results/intervels_[1]/res_schedule_commitment_result.txt
PART1: [unit-commitment] calculation result has been saved to: D:\GithubClonefiles\module_unitcommitment\.worktrees\108_168h\output\pcm_com4_loadall_h168_20260823_210543\base\clu_ovl\r01\output/details_schedule_results/pcm_simulation_results/intervels_[1]/res_schedule_commitment_result.txt
Step-3: Creating dispatching model (Refactored & Modularized)
  Clustered PCM: 108 physical units -> 31 equivalent units (71.3% state reduction; 108 units in non-singleton clusters)
    5-point output grid is infeasible; retrying this window with 17 points
  Clustered PCM: 108 physical units -> 31 equivalent units (71.3% state reduction; 108 units in non-singleton clusters)
    Refined output grid is infeasible; entering continuous residence-power diagnosis
  Clustered PCM: 108 physical units -> 31 equivalent units (71.3% state reduction; 108 units in non-singleton clusters)
  ⚠ True clustered UC failed at cluster_master: INFEASIBLE; falling back to full unit-network SCUC
	 Variables defined.
DEBUG set_objective_economic!: NT=26, NG=108, ND=91, NW=20, NS=1, K=3, size(refcost)=(108,), size(eachslope)=(3, 108)
objective_function
	MILP economic objective set
subject to.
	 constraints: 1) minimum shutup/shutdown time limits			 done
	 constraints: 2) binary variable logic					 done
	 constraints: 3) shutup/shutdown cost					 done
	 constraints: 4) loadcurtailments and spoliedwinds			 done
	 constraints: 5) generatos power limits					 done
	 constraints: 6) system reserves limits					 done
	 constraints: 7) power balance constraints				 done
	 constraints: 8) ramp-up/ramp-down constraints				 done
	 constraints: 9) piece linearization constraints			 done
	 constraints: 10) transmissionline limits skipped (is_NetWorkCon != 1 or Gsdf missing or NL=0)
	 constraints: 11) stroges system constraints skipped (NC=0 or variables not defined)
	 constraints: 12) data centra constraints skipped (is_ConsiderDataCentra != 1)
	 constraints: 13) frequency control constraints skipped (is_ConsiderFrequencyControl != 1)
	 constraints: 14) hydro power limits					 done
+++++++++++++++++++++++++++++++++++++++++++++++++++++++++++++++++++++++++++++++++++++++++++
Step-4: starting Gurobi solver
Step-5: Gurobi solver finished
+++++++++++++++++++++++++++++++++++++++++++++++++++++++++++++++++++++++++++++++++++++++++++

solution_summary(scuc) = Set parameter Username
Set parameter LicenseID to value 2826524
Academic license - for non-commercial use only - expires 2027-05-22
Set parameter Username
Set parameter LicenseID to value 2826524
Academic license - for non-commercial use only - expires 2027-05-22
Set parameter Username
Set parameter LicenseID to value 2826524
Academic license - for non-commercial use only - expires 2027-05-22
Set parameter Username
Set parameter LicenseID to value 2826524
Academic license - for non-commercial use only - expires 2027-05-22
Set parameter Username
Set parameter LicenseID to value 2826524
Academic license - for non-commercial use only - expires 2027-05-22
Set parameter Username
Set parameter LicenseID to value 2826524
Academic license - for non-commercial use only - expires 2027-05-22
Set parameter Username
Set parameter LicenseID to value 2826524
Academic license - for non-commercial use only - expires 2027-05-22
Set parameter Username
Set parameter LicenseID to value 2826524
Academic license - for non-commercial use only - expires 2027-05-22
Set parameter Username
Set parameter LicenseID to value 2826524
Academic license - for non-commercial use only - expires 2027-05-22
Set parameter Username
Set parameter LicenseID to value 2826524
Academic license - for non-commercial use only - expires 2027-05-22
Set parameter Username
Set parameter LicenseID to value 2826524
Academic license - for non-commercial use only - expires 2027-05-22
Set parameter Username
Set parameter LicenseID to value 2826524
Academic license - for non-commercial use only - expires 2027-05-22
Set parameter Username
Set parameter LicenseID to value 2826524
Academic license - for non-commercial use only - expires 2027-05-22
Set parameter Username
Set parameter LicenseID to value 2826524
Academic license - for non-commercial use only - expires 2027-05-22
Set parameter Username
Set parameter LicenseID to value 2826524
Academic license - for non-commercial use only - expires 2027-05-22
Set parameter Username
Set parameter LicenseID to value 2826524
Academic license - for non-commercial use only - expires 2027-05-22
Set parameter Username
Set parameter LicenseID to value 2826524
Academic license - for non-commercial use only - expires 2027-05-22
Set parameter Username
Set parameter LicenseID to value 2826524
Academic license - for non-commercial use only - expires 2027-05-22
Set parameter Username
Set parameter LicenseID to value 2826524
Academic license - for non-commercial use only - expires 2027-05-22
Set parameter Username
Set parameter LicenseID to value 2826524
Academic license - for non-commercial use only - expires 2027-05-22
Set parameter Username
Set parameter LicenseID to value 2826524
Academic license - for non-commercial use only - expires 2027-05-22
Set parameter Username
Set parameter LicenseID to value 2826524
Academic license - for non-commercial use only - expires 2027-05-22
Set parameter Username
Set parameter LicenseID to value 2826524
Academic license - for non-commercial use only - expires 2027-05-22
Set parameter Username
Set parameter LicenseID to value 2826524
Academic license - for non-commercial use only - expires 2027-05-22
Set parameter Username
Set parameter LicenseID to value 2826524
Academic license - for non-commercial use only - expires 2027-05-22
Set parameter Username
Set parameter LicenseID to value 2826524
Academic license - for non-commercial use only - expires 2027-05-22
Set parameter Username
Set parameter LicenseID to value 2826524
Academic license - for non-commercial use only - expires 2027-05-22
Set parameter Username
Set parameter LicenseID to value 2826524
Academic license - for non-commercial use only - expires 2027-05-22
Set parameter Username
Set parameter LicenseID to value 2826524
Academic license - for non-commercial use only - expires 2027-05-22
Set parameter Username
Set parameter LicenseID to value 2826524
Academic license - for non-commercial use only - expires 2027-05-22
Set parameter Username
Set parameter LicenseID to value 2826524
Academic license - for non-commercial use only - expires 2027-05-22
Set parameter Username
Set parameter LicenseID to value 2826524
Academic license - for non-commercial use only - expires 2027-05-22
Set parameter Username
Set parameter LicenseID to value 2826524
Academic license - for non-commercial use only - expires 2027-05-22
Set parameter Username
Set parameter LicenseID to value 2826524
Academic license - for non-commercial use only - expires 2027-05-22
Set parameter Username
Set parameter LicenseID to value 2826524
Academic license - for non-commercial use only - expires 2027-05-22
Set parameter Username
Set parameter LicenseID to value 2826524
Academic license - for non-commercial use only - expires 2027-05-22
Set parameter Username
Set parameter LicenseID to value 2826524
Academic license - for non-commercial use only - expires 2027-05-22
Set parameter Username
Set parameter LicenseID to value 2826524
Academic license - for non-commercial use only - expires 2027-05-22
Set parameter Username
Set parameter LicenseID to value 2826524
Academic license - for non-commercial use only - expires 2027-05-22
Set parameter Username
Set parameter LicenseID to value 2826524
Academic license - for non-commercial use only - expires 2027-05-22
Set parameter Username
Set parameter LicenseID to value 2826524
Academic license - for non-commercial use only - expires 2027-05-22
Set parameter Username
Set parameter LicenseID to value 2826524
Academic license - for non-commercial use only - expires 2027-05-22
solution_summary(; result = 1, verbose = false)
├ solver_name          : Gurobi
├ Termination
│ ├ termination_status : OPTIMAL
│ ├ result_count       : 3
│ ├ raw_status         : Model was solved to optimality (subject to tolerances), and an optimal solution is available.
│ └ objective_bound    : 2.48786e+16
├ Solution (result = 1)
│ ├ primal_status        : FEASIBLE_POINT
│ ├ dual_status          : NO_SOLUTION
│ ├ objective_value      : 2.48786e+16
│ └ relative_gap         : 5.16899e-10
└ Work counters
  ├ solve_time (sec)   : 5.78000e-01
  ├ simplex_iterations : 0
  ├ barrier_iterations : 0
  └ node_count         : 0


Termination Status: OPTIMAL
Acceptable solution found (Status: OPTIMAL).
Step-6: record datas
PART1: [unit-commitment] calculation result has been saved to: D:\GithubClonefiles\module_unitcommitment\.worktrees\108_168h\output\pcm_com4_loadall_h168_20260823_210543\base\clu_ovl\r01\output/details_schedule_results/pcm_simulation_results/intervels_[1]/res_schedule_commitment_result.txt
PART1: [unit-commitment] calculation result has been saved to: D:\GithubClonefiles\module_unitcommitment\.worktrees\108_168h\output\pcm_com4_loadall_h168_20260823_210543\base\clu_ovl\r01\output/details_schedule_results/pcm_simulation_results/intervels_[1]/res_schedule_commitment_result.txt
Step-3: Creating dispatching model (Refactored & Modularized)
  Clustered PCM: 108 physical units -> 31 equivalent units (71.3% state reduction; 108 units in non-singleton clusters)
    5-point output grid is infeasible; retrying this window with 17 points
  Clustered PCM: 108 physical units -> 31 equivalent units (71.3% state reduction; 108 units in non-singleton clusters)
    Refined output grid is infeasible; entering continuous residence-power diagnosis
  Clustered PCM: 108 physical units -> 31 equivalent units (71.3% state reduction; 108 units in non-singleton clusters)
  ⚠ True clustered UC failed at cluster_master: INFEASIBLE; falling back to full unit-network SCUC
	 Variables defined.
DEBUG set_objective_economic!: NT=31, NG=108, ND=91, NW=20, NS=1, K=3, size(refcost)=(108,), size(eachslope)=(3, 108)
objective_function
	MILP economic objective set
subject to.
	 constraints: 1) minimum shutup/shutdown time limits			 done
	 constraints: 2) binary variable logic					 done
	 constraints: 3) shutup/shutdown cost					 done
	 constraints: 4) loadcurtailments and spoliedwinds			 done
	 constraints: 5) generatos power limits					 done
	 constraints: 6) system reserves limits					 done
	 constraints: 7) power balance constraints				 done
	 constraints: 8) ramp-up/ramp-down constraints				 done
	 constraints: 9) piece linearization constraints			 done
	 constraints: 10) transmissionline limits skipped (is_NetWorkCon != 1 or Gsdf missing or NL=0)
	 constraints: 11) stroges system constraints skipped (NC=0 or variables not defined)
	 constraints: 12) data centra constraints skipped (is_ConsiderDataCentra != 1)
	 constraints: 13) frequency control constraints skipped (is_ConsiderFrequencyControl != 1)
	 constraints: 14) hydro power limits					 done
+++++++++++++++++++++++++++++++++++++++++++++++++++++++++++++++++++++++++++++++++++++++++++
Step-4: starting Gurobi solver
Step-5: Gurobi solver finished
+++++++++++++++++++++++++++++++++++++++++++++++++++++++++++++++++++++++++++++++++++++++++++

solution_summary(scuc) = solution_summary(; result = 1, verbose = false)
├ solver_name          : Gurobi
├ Termination
│ ├ termination_status : OPTIMAL
│ ├ result_count       : 3
│ ├ raw_status         : Model was solved to optimality (subject to tolerances), and an optimal solution is available.
│ └ objective_bound    : 2.48786e+16
├ Solution (result = 1)
│ ├ primal_status        : FEASIBLE_POINT
│ ├ dual_status          : NO_SOLUTION
│ ├ objective_value      : 2.53786e+16
│ └ relative_gap         : 1.97016e-02
└ Work counters
  ├ solve_time (sec)   : 6.06000e-01
  ├ simplex_iterations : 0
  ├ barrier_iterations : 0
  └ node_count         : 0


Termination Status: OPTIMAL
Acceptable solution found (Status: OPTIMAL).
Step-6: record datas
PART1: [unit-commitment] calculation result has been saved to: D:\GithubClonefiles\module_unitcommitment\.worktrees\108_168h\output\pcm_com4_loadall_h168_20260823_210543\base\clu_ovl\r01\output/details_schedule_results/pcm_simulation_results/intervels_[1]/res_schedule_commitment_result.txt
PART1: [unit-commitment] calculation result has been saved to: D:\GithubClonefiles\module_unitcommitment\.worktrees\108_168h\output\pcm_com4_loadall_h168_20260823_210543\base\clu_ovl\r01\output/details_schedule_results/pcm_simulation_results/intervels_[1]/res_schedule_commitment_result.txt
PART1: [unit-commitment] calculation result has been saved to: D:\GithubClonefiles\module_unitcommitment\.worktrees\108_168h\output\pcm_com4_loadall_h168_20260823_210543\base\clu_ovl\r01\output/details_schedule_results/pcm_simulation_results/intervels_[1]/res_schedule_commitment_result.txt
Step-3: Creating dispatching model (Refactored & Modularized)
  Clustered PCM: 108 physical units -> 31 equivalent units (71.3% state reduction; 108 units in non-singleton clusters)
    5-point output grid is infeasible; retrying this window with 17 points
  Clustered PCM: 108 physical units -> 31 equivalent units (71.3% state reduction; 108 units in non-singleton clusters)
    Refined output grid is infeasible; entering continuous residence-power diagnosis
  Clustered PCM: 108 physical units -> 31 equivalent units (71.3% state reduction; 108 units in non-singleton clusters)
  ⚠ True clustered UC failed at cluster_master: INFEASIBLE; falling back to full unit-network SCUC
	 Variables defined.
DEBUG set_objective_economic!: NT=36, NG=108, ND=91, NW=20, NS=1, K=3, size(refcost)=(108,), size(eachslope)=(3, 108)
objective_function
	MILP economic objective set
subject to.
	 constraints: 1) minimum shutup/shutdown time limits			 done
	 constraints: 2) binary variable logic					 done
	 constraints: 3) shutup/shutdown cost					 done
	 constraints: 4) loadcurtailments and spoliedwinds			 done
	 constraints: 5) generatos power limits					 done
	 constraints: 6) system reserves limits					 done
	 constraints: 7) power balance constraints				 done
	 constraints: 8) ramp-up/ramp-down constraints				 done
	 constraints: 9) piece linearization constraints			 done
	 constraints: 10) transmissionline limits skipped (is_NetWorkCon != 1 or Gsdf missing or NL=0)
	 constraints: 11) stroges system constraints skipped (NC=0 or variables not defined)
	 constraints: 12) data centra constraints skipped (is_ConsiderDataCentra != 1)
	 constraints: 13) frequency control constraints skipped (is_ConsiderFrequencyControl != 1)
	 constraints: 14) hydro power limits					 done
+++++++++++++++++++++++++++++++++++++++++++++++++++++++++++++++++++++++++++++++++++++++++++
Step-4: starting Gurobi solver
Step-5: Gurobi solver finished
+++++++++++++++++++++++++++++++++++++++++++++++++++++++++++++++++++++++++++++++++++++++++++

solution_summary(scuc) = solution_summary(; result = 1, verbose = false)
├ solver_name          : Gurobi
├ Termination
│ ├ termination_status : OPTIMAL
│ ├ result_count       : 4
│ ├ raw_status         : Model was solved to optimality (subject to tolerances), and an optimal solution is available.
│ └ objective_bound    : 8.46307e+15
├ Solution (result = 1)
│ ├ primal_status        : FEASIBLE_POINT
│ ├ dual_status          : NO_SOLUTION
│ ├ objective_value      : 8.46307e+15
│ └ relative_gap         : 2.43613e-10
└ Work counters
  ├ solve_time (sec)   : 3.69000e+00
  ├ simplex_iterations : 18475
  ├ barrier_iterations : 0
  └ node_count         : 1


Termination Status: OPTIMAL
Acceptable solution found (Status: OPTIMAL).
Step-6: record datas
PART1: [unit-commitment] calculation result has been saved to: D:\GithubClonefiles\module_unitcommitment\.worktrees\108_168h\output\pcm_com4_loadall_h168_20260823_210543\base\clu_ovl\r01\output/details_schedule_results/pcm_simulation_results/intervels_[1]/res_schedule_commitment_result.txt
Step-3: Creating dispatching model (Refactored & Modularized)
  Clustered PCM: 108 physical units -> 31 equivalent units (71.3% state reduction; 108 units in non-singleton clusters)
    5-point output grid is infeasible; retrying this window with 17 points
  Clustered PCM: 108 physical units -> 31 equivalent units (71.3% state reduction; 108 units in non-singleton clusters)
    Refined output grid is infeasible; entering continuous residence-power diagnosis
  Clustered PCM: 108 physical units -> 31 equivalent units (71.3% state reduction; 108 units in non-singleton clusters)
  ⚠ True clustered UC failed at cluster_master: INFEASIBLE; falling back to full unit-network SCUC
	 Variables defined.
DEBUG set_objective_economic!: NT=36, NG=108, ND=91, NW=20, NS=1, K=3, size(refcost)=(108,), size(eachslope)=(3, 108)
objective_function
	MILP economic objective set
subject to.
	 constraints: 1) minimum shutup/shutdown time limits			 done
	 constraints: 2) binary variable logic					 done
	 constraints: 3) shutup/shutdown cost					 done
	 constraints: 4) loadcurtailments and spoliedwinds			 done
	 constraints: 5) generatos power limits					 done
	 constraints: 6) system reserves limits					 done
	 constraints: 7) power balance constraints				 done
	 constraints: 8) ramp-up/ramp-down constraints				 done
	 constraints: 9) piece linearization constraints			 done
	 constraints: 10) transmissionline limits skipped (is_NetWorkCon != 1 or Gsdf missing or NL=0)
	 constraints: 11) stroges system constraints skipped (NC=0 or variables not defined)
	 constraints: 12) data centra constraints skipped (is_ConsiderDataCentra != 1)
	 constraints: 13) frequency control constraints skipped (is_ConsiderFrequencyControl != 1)
	 constraints: 14) hydro power limits					 done
+++++++++++++++++++++++++++++++++++++++++++++++++++++++++++++++++++++++++++++++++++++++++++
Step-4: starting Gurobi solver
Step-5: Gurobi solver finished
+++++++++++++++++++++++++++++++++++++++++++++++++++++++++++++++++++++++++++++++++++++++++++

solution_summary(scuc) = solution_summary(; result = 1, verbose = false)
├ solver_name          : Gurobi
├ Termination
│ ├ termination_status : OPTIMAL
│ ├ result_count       : 4
│ ├ raw_status         : Model was solved to optimality (subject to tolerances), and an optimal solution is available.
│ └ objective_bound    : 8.46307e+15
├ Solution (result = 1)
│ ├ primal_status        : FEASIBLE_POINT
│ ├ dual_status          : NO_SOLUTION
│ ├ objective_value      : 8.46307e+15
│ └ relative_gap         : 2.43613e-10
└ Work counters
  ├ solve_time (sec)   : 3.30700e+00
  ├ simplex_iterations : 18475
  ├ barrier_iterations : 0
  └ node_count         : 1


Termination Status: OPTIMAL
Acceptable solution found (Status: OPTIMAL).
Step-6: record datas
PART1: [unit-commitment] calculation result has been saved to: D:\GithubClonefiles\module_unitcommitment\.worktrees\108_168h\output\pcm_com4_loadall_h168_20260823_210543\base\clu_ovl\r01\output/details_schedule_results/pcm_simulation_results/intervels_[1]/res_schedule_commitment_result.txt
PART1: [unit-commitment] calculation result has been saved to: D:\GithubClonefiles\module_unitcommitment\.worktrees\108_168h\output\pcm_com4_loadall_h168_20260823_210543\base\clu_ovl\r01\output/details_schedule_results/pcm_simulation_results/intervels_[1]/res_schedule_commitment_result.txt
Step-3: Creating dispatching model (Refactored & Modularized)
  Clustered PCM: 108 physical units -> 31 equivalent units (71.3% state reduction; 108 units in non-singleton clusters)
    5-point output grid is infeasible; retrying this window with 17 points
  Clustered PCM: 108 physical units -> 31 equivalent units (71.3% state reduction; 108 units in non-singleton clusters)
    Refined output grid is infeasible; entering continuous residence-power diagnosis
  Clustered PCM: 108 physical units -> 31 equivalent units (71.3% state reduction; 108 units in non-singleton clusters)
  ⚠ True clustered UC failed at cluster_master: INFEASIBLE; falling back to full unit-network SCUC
	 Variables defined.
DEBUG set_objective_economic!: NT=26, NG=108, ND=91, NW=20, NS=1, K=3, size(refcost)=(108,), size(eachslope)=(3, 108)
objective_function
	MILP economic objective set
subject to.
	 constraints: 1) minimum shutup/shutdown time limits			 done
	 constraints: 2) binary variable logic					 done
	 constraints: 3) shutup/shutdown cost					 done
	 constraints: 4) loadcurtailments and spoliedwinds			 done
	 constraints: 5) generatos power limits					 done
	 constraints: 6) system reserves limits					 done
	 constraints: 7) power balance constraints				 done
	 constraints: 8) ramp-up/ramp-down constraints				 done
	 constraints: 9) piece linearization constraints			 done
	 constraints: 10) transmissionline limits skipped (is_NetWorkCon != 1 or Gsdf missing or NL=0)
	 constraints: 11) stroges system constraints skipped (NC=0 or variables not defined)
	 constraints: 12) data centra constraints skipped (is_ConsiderDataCentra != 1)
	 constraints: 13) frequency control constraints skipped (is_ConsiderFrequencyControl != 1)
	 constraints: 14) hydro power limits					 done
+++++++++++++++++++++++++++++++++++++++++++++++++++++++++++++++++++++++++++++++++++++++++++
Step-4: starting Gurobi solver
Step-5: Gurobi solver finished
+++++++++++++++++++++++++++++++++++++++++++++++++++++++++++++++++++++++++++++++++++++++++++

solution_summary(scuc) = solution_summary(; result = 1, verbose = false)
├ solver_name          : Gurobi
├ Termination
│ ├ termination_status : OPTIMAL
│ ├ result_count       : 3
│ ├ raw_status         : Model was solved to optimality (subject to tolerances), and an optimal solution is available.
│ └ objective_bound    : 8.46307e+15
├ Solution (result = 1)
│ ├ primal_status        : FEASIBLE_POINT
│ ├ dual_status          : NO_SOLUTION
│ ├ objective_value      : 8.46307e+15
│ └ relative_gap         : 1.56914e-09
└ Work counters
  ├ solve_time (sec)   : 5.69000e-01
  ├ simplex_iterations : 0
  ├ barrier_iterations : 0
  └ node_count         : 0


Termination Status: OPTIMAL
Acceptable solution found (Status: OPTIMAL).
Step-6: record datas
PART1: [unit-commitment] calculation result has been saved to: D:\GithubClonefiles\module_unitcommitment\.worktrees\108_168h\output\pcm_com4_loadall_h168_20260823_210543\base\clu_ovl\r01\output/details_schedule_results/pcm_simulation_results/intervels_[1]/res_schedule_commitment_result.txt
PART1: [unit-commitment] calculation result has been saved to: D:\GithubClonefiles\module_unitcommitment\.worktrees\108_168h\output\pcm_com4_loadall_h168_20260823_210543\base\clu_ovl\r01\output/details_schedule_results/pcm_simulation_results/intervels_[1]/res_schedule_commitment_result.txt
Step-3: Creating dispatching model (Refactored & Modularized)
  Clustered PCM: 108 physical units -> 31 equivalent units (71.3% state reduction; 108 units in non-singleton clusters)
    5-point output grid is infeasible; retrying this window with 17 points
  Clustered PCM: 108 physical units -> 31 equivalent units (71.3% state reduction; 108 units in non-singleton clusters)
    Refined output grid is infeasible; entering continuous residence-power diagnosis
  Clustered PCM: 108 physical units -> 31 equivalent units (71.3% state reduction; 108 units in non-singleton clusters)
  ⚠ True clustered UC failed at cluster_master: INFEASIBLE; falling back to full unit-network SCUC
	 Variables defined.
DEBUG set_objective_economic!: NT=31, NG=108, ND=91, NW=20, NS=1, K=3, size(refcost)=(108,), size(eachslope)=(3, 108)
objective_function
	MILP economic objective set
subject to.
	 constraints: 1) minimum shutup/shutdown time limits			 done
	 constraints: 2) binary variable logic					 done
	 constraints: 3) shutup/shutdown cost					 done
	 constraints: 4) loadcurtailments and spoliedwinds			 done
	 constraints: 5) generatos power limits					 done
	 constraints: 6) system reserves limits					 done
	 constraints: 7) power balance constraints				 done
	 constraints: 8) ramp-up/ramp-down constraints				 done
	 constraints: 9) piece linearization constraints			 done
	 constraints: 10) transmissionline limits skipped (is_NetWorkCon != 1 or Gsdf missing or NL=0)
	 constraints: 11) stroges system constraints skipped (NC=0 or variables not defined)
	 constraints: 12) data centra constraints skipped (is_ConsiderDataCentra != 1)
	 constraints: 13) frequency control constraints skipped (is_ConsiderFrequencyControl != 1)
	 constraints: 14) hydro power limits					 done
+++++++++++++++++++++++++++++++++++++++++++++++++++++++++++++++++++++++++++++++++++++++++++
Step-4: starting Gurobi solver
Step-5: Gurobi solver finished
+++++++++++++++++++++++++++++++++++++++++++++++++++++++++++++++++++++++++++++++++++++++++++

solution_summary(scuc) = solution_summary(; result = 1, verbose = false)
├ solver_name          : Gurobi
├ Termination
│ ├ termination_status : OPTIMAL
│ ├ result_count       : 4
│ ├ raw_status         : Model was solved to optimality (subject to tolerances), and an optimal solution is available.
│ └ objective_bound    : 8.46307e+15
├ Solution (result = 1)
│ ├ primal_status        : FEASIBLE_POINT
│ ├ dual_status          : NO_SOLUTION
│ ├ objective_value      : 8.62307e+15
│ └ relative_gap         : 1.85549e-02
└ Work counters
  ├ solve_time (sec)   : 1.58200e+00
  ├ simplex_iterations : 7950
  ├ barrier_iterations : 0
  └ node_count         : 1


Termination Status: OPTIMAL
Acceptable solution found (Status: OPTIMAL).
Step-6: record datas
PART1: [unit-commitment] calculation result has been saved to: D:\GithubClonefiles\module_unitcommitment\.worktrees\108_168h\output\pcm_com4_loadall_h168_20260823_210543\base\clu_ovl\r01\output/details_schedule_results/pcm_simulation_results/intervels_[1]/res_schedule_commitment_result.txt
PART1: [unit-commitment] calculation result has been saved to: D:\GithubClonefiles\module_unitcommitment\.worktrees\108_168h\output\pcm_com4_loadall_h168_20260823_210543\base\clu_ovl\r01\output/details_schedule_results/pcm_simulation_results/intervels_[1]/res_schedule_commitment_result.txt
PART1: [unit-commitment] calculation result has been saved to: D:\GithubClonefiles\module_unitcommitment\.worktrees\108_168h\output\pcm_com4_loadall_h168_20260823_210543\base\clu_ovl\r01\output/details_schedule_results/pcm_simulation_results/intervels_[1]/res_schedule_commitment_result.txt
Step-3: Creating dispatching model (Refactored & Modularized)
  Clustered PCM: 108 physical units -> 31 equivalent units (71.3% state reduction; 108 units in non-singleton clusters)
    5-point output grid is infeasible; retrying this window with 17 points
  Clustered PCM: 108 physical units -> 31 equivalent units (71.3% state reduction; 108 units in non-singleton clusters)
    Refined output grid is infeasible; entering continuous residence-power diagnosis
  Clustered PCM: 108 physical units -> 31 equivalent units (71.3% state reduction; 108 units in non-singleton clusters)
  ⚠ True clustered UC failed at cluster_master: INFEASIBLE; falling back to full unit-network SCUC
	 Variables defined.
DEBUG set_objective_economic!: NT=36, NG=108, ND=91, NW=20, NS=1, K=3, size(refcost)=(108,), size(eachslope)=(3, 108)
objective_function
	MILP economic objective set
subject to.
	 constraints: 1) minimum shutup/shutdown time limits			 done
	 constraints: 2) binary variable logic					 done
	 constraints: 3) shutup/shutdown cost					 done
	 constraints: 4) loadcurtailments and spoliedwinds			 done
	 constraints: 5) generatos power limits					 done
	 constraints: 6) system reserves limits					 done
	 constraints: 7) power balance constraints				 done
	 constraints: 8) ramp-up/ramp-down constraints				 done
	 constraints: 9) piece linearization constraints			 done
	 constraints: 10) transmissionline limits skipped (is_NetWorkCon != 1 or Gsdf missing or NL=0)
	 constraints: 11) stroges system constraints skipped (NC=0 or variables not defined)
	 constraints: 12) data centra constraints skipped (is_ConsiderDataCentra != 1)
	 constraints: 13) frequency control constraints skipped (is_ConsiderFrequencyControl != 1)
	 constraints: 14) hydro power limits					 done
+++++++++++++++++++++++++++++++++++++++++++++++++++++++++++++++++++++++++++++++++++++++++++
Step-4: starting Gurobi solver
Step-5: Gurobi solver finished
+++++++++++++++++++++++++++++++++++++++++++++++++++++++++++++++++++++++++++++++++++++++++++

solution_summary(scuc) = solution_summary(; result = 1, verbose = false)
├ solver_name          : Gurobi
├ Termination
│ ├ termination_status : OPTIMAL
│ ├ result_count       : 5
│ ├ raw_status         : Model was solved to optimality (subject to tolerances), and an optimal solution is available.
│ └ objective_bound    : 4.97610e+14
├ Solution (result = 1)
│ ├ primal_status        : FEASIBLE_POINT
│ ├ dual_status          : NO_SOLUTION
│ ├ objective_value      : 4.97610e+14
│ └ relative_gap         : 8.24547e-09
└ Work counters
  ├ solve_time (sec)   : 2.91000e+00
  ├ simplex_iterations : 18473
  ├ barrier_iterations : 0
  └ node_count         : 1


Termination Status: OPTIMAL
Acceptable solution found (Status: OPTIMAL).
Step-6: record datas
PART1: [unit-commitment] calculation result has been saved to: D:\GithubClonefiles\module_unitcommitment\.worktrees\108_168h\output\pcm_com4_loadall_h168_20260823_210543\base\clu_ovl\r01\output/details_schedule_results/pcm_simulation_results/intervels_[1]/res_schedule_commitment_result.txt
Step-3: Creating dispatching model (Refactored & Modularized)
  Clustered PCM: 108 physical units -> 31 equivalent units (71.3% state reduction; 108 units in non-singleton clusters)
    5-point output grid is infeasible; retrying this window with 17 points
  Clustered PCM: 108 physical units -> 31 equivalent units (71.3% state reduction; 108 units in non-singleton clusters)
    Refined output grid is infeasible; entering continuous residence-power diagnosis
  Clustered PCM: 108 physical units -> 31 equivalent units (71.3% state reduction; 108 units in non-singleton clusters)
  ⚠ True clustered UC failed at cluster_master: INFEASIBLE; falling back to full unit-network SCUC
	 Variables defined.
DEBUG set_objective_economic!: NT=36, NG=108, ND=91, NW=20, NS=1, K=3, size(refcost)=(108,), size(eachslope)=(3, 108)
objective_function
	MILP economic objective set
subject to.
	 constraints: 1) minimum shutup/shutdown time limits			 done
	 constraints: 2) binary variable logic					 done
	 constraints: 3) shutup/shutdown cost					 done
	 constraints: 4) loadcurtailments and spoliedwinds			 done
	 constraints: 5) generatos power limits					 done
	 constraints: 6) system reserves limits					 done
	 constraints: 7) power balance constraints				 done
	 constraints: 8) ramp-up/ramp-down constraints				 done
	 constraints: 9) piece linearization constraints			 done
	 constraints: 10) transmissionline limits skipped (is_NetWorkCon != 1 or Gsdf missing or NL=0)
	 constraints: 11) stroges system constraints skipped (NC=0 or variables not defined)
	 constraints: 12) data centra constraints skipped (is_ConsiderDataCentra != 1)
	 constraints: 13) frequency control constraints skipped (is_ConsiderFrequencyControl != 1)
	 constraints: 14) hydro power limits					 done
+++++++++++++++++++++++++++++++++++++++++++++++++++++++++++++++++++++++++++++++++++++++++++
Step-4: starting Gurobi solver
Step-5: Gurobi solver finished
+++++++++++++++++++++++++++++++++++++++++++++++++++++++++++++++++++++++++++++++++++++++++++

solution_summary(scuc) = solution_summary(; result = 1, verbose = false)
├ solver_name          : Gurobi
├ Termination
│ ├ termination_status : OPTIMAL
│ ├ result_count       : 5
│ ├ raw_status         : Model was solved to optimality (subject to tolerances), and an optimal solution is available.
│ └ objective_bound    : 4.97610e+14
├ Solution (result = 1)
│ ├ primal_status        : FEASIBLE_POINT
│ ├ dual_status          : NO_SOLUTION
│ ├ objective_value      : 4.97610e+14
│ └ relative_gap         : 8.24547e-09
└ Work counters
  ├ solve_time (sec)   : 2.85000e+00
  ├ simplex_iterations : 18473
  ├ barrier_iterations : 0
  └ node_count         : 1


Termination Status: OPTIMAL
Acceptable solution found (Status: OPTIMAL).
Step-6: record datas
PART1: [unit-commitment] calculation result has been saved to: D:\GithubClonefiles\module_unitcommitment\.worktrees\108_168h\output\pcm_com4_loadall_h168_20260823_210543\base\clu_ovl\r01\output/details_schedule_results/pcm_simulation_results/intervels_[1]/res_schedule_commitment_result.txt
PART1: [unit-commitment] calculation result has been saved to: D:\GithubClonefiles\module_unitcommitment\.worktrees\108_168h\output\pcm_com4_loadall_h168_20260823_210543\base\clu_ovl\r01\output/details_schedule_results/pcm_simulation_results/intervels_[1]/res_schedule_commitment_result.txt
Step-3: Creating dispatching model (Refactored & Modularized)
  Clustered PCM: 108 physical units -> 31 equivalent units (71.3% state reduction; 108 units in non-singleton clusters)
    5-point output grid is infeasible; retrying this window with 17 points
  Clustered PCM: 108 physical units -> 31 equivalent units (71.3% state reduction; 108 units in non-singleton clusters)
    Refined output grid is infeasible; entering continuous residence-power diagnosis
  Clustered PCM: 108 physical units -> 31 equivalent units (71.3% state reduction; 108 units in non-singleton clusters)
  ⚠ True clustered UC failed at cluster_master: INFEASIBLE; falling back to full unit-network SCUC
	 Variables defined.
DEBUG set_objective_economic!: NT=26, NG=108, ND=91, NW=20, NS=1, K=3, size(refcost)=(108,), size(eachslope)=(3, 108)
objective_function
	MILP economic objective set
subject to.
	 constraints: 1) minimum shutup/shutdown time limits			 done
	 constraints: 2) binary variable logic					 done
	 constraints: 3) shutup/shutdown cost					 done
	 constraints: 4) loadcurtailments and spoliedwinds			 done
	 constraints: 5) generatos power limits					 done
	 constraints: 6) system reserves limits					 done
	 constraints: 7) power balance constraints				 done
	 constraints: 8) ramp-up/ramp-down constraints				 done
	 constraints: 9) piece linearization constraints			 done
	 constraints: 10) transmissionline limits skipped (is_NetWorkCon != 1 or Gsdf missing or NL=0)
	 constraints: 11) stroges system constraints skipped (NC=0 or variables not defined)
	 constraints: 12) data centra constraints skipped (is_ConsiderDataCentra != 1)
	 constraints: 13) frequency control constraints skipped (is_ConsiderFrequencyControl != 1)
	 constraints: 14) hydro power limits					 done
+++++++++++++++++++++++++++++++++++++++++++++++++++++++++++++++++++++++++++++++++++++++++++
Step-4: starting Gurobi solver
Step-5: Gurobi solver finished
+++++++++++++++++++++++++++++++++++++++++++++++++++++++++++++++++++++++++++++++++++++++++++

solution_summary(scuc) = solution_summary(; result = 1, verbose = false)
├ solver_name          : Gurobi
├ Termination
│ ├ termination_status : OPTIMAL
│ ├ result_count       : 2
│ ├ raw_status         : Model was solved to optimality (subject to tolerances), and an optimal solution is available.
│ └ objective_bound    : 4.97610e+14
├ Solution (result = 1)
│ ├ primal_status        : FEASIBLE_POINT
│ ├ dual_status          : NO_SOLUTION
│ ├ objective_value      : 4.97610e+14
│ └ relative_gap         : 3.03735e-08
└ Work counters
  ├ solve_time (sec)   : 5.45000e-01
  ├ simplex_iterations : 0
  ├ barrier_iterations : 0
  └ node_count         : 0


Termination Status: OPTIMAL
Acceptable solution found (Status: OPTIMAL).
Step-6: record datas
PART1: [unit-commitment] calculation result has been saved to: D:\GithubClonefiles\module_unitcommitment\.worktrees\108_168h\output\pcm_com4_loadall_h168_20260823_210543\base\clu_ovl\r01\output/details_schedule_results/pcm_simulation_results/intervels_[1]/res_schedule_commitment_result.txt
PART1: [unit-commitment] calculation result has been saved to: D:\GithubClonefiles\module_unitcommitment\.worktrees\108_168h\output\pcm_com4_loadall_h168_20260823_210543\base\clu_ovl\r01\output/details_schedule_results/pcm_simulation_results/intervels_[1]/res_schedule_commitment_result.txt
Step-3: Creating dispatching model (Refactored & Modularized)
  Clustered PCM: 108 physical units -> 31 equivalent units (71.3% state reduction; 108 units in non-singleton clusters)
    5-point output grid is infeasible; retrying this window with 17 points
  Clustered PCM: 108 physical units -> 31 equivalent units (71.3% state reduction; 108 units in non-singleton clusters)
    Refined output grid is infeasible; entering continuous residence-power diagnosis
  Clustered PCM: 108 physical units -> 31 equivalent units (71.3% state reduction; 108 units in non-singleton clusters)
  ⚠ True clustered UC failed at cluster_master: INFEASIBLE; falling back to full unit-network SCUC
	 Variables defined.
DEBUG set_objective_economic!: NT=31, NG=108, ND=91, NW=20, NS=1, K=3, size(refcost)=(108,), size(eachslope)=(3, 108)
objective_function
	MILP economic objective set
subject to.
	 constraints: 1) minimum shutup/shutdown time limits			 done
	 constraints: 2) binary variable logic					 done
	 constraints: 3) shutup/shutdown cost					 done
	 constraints: 4) loadcurtailments and spoliedwinds			 done
	 constraints: 5) generatos power limits					 done
	 constraints: 6) system reserves limits					 done
	 constraints: 7) power balance constraints				 done
	 constraints: 8) ramp-up/ramp-down constraints				 done
	 constraints: 9) piece linearization constraints			 done
	 constraints: 10) transmissionline limits skipped (is_NetWorkCon != 1 or Gsdf missing or NL=0)
	 constraints: 11) stroges system constraints skipped (NC=0 or variables not defined)
	 constraints: 12) data centra constraints skipped (is_ConsiderDataCentra != 1)
	 constraints: 13) frequency control constraints skipped (is_ConsiderFrequencyControl != 1)
	 constraints: 14) hydro power limits					 done
+++++++++++++++++++++++++++++++++++++++++++++++++++++++++++++++++++++++++++++++++++++++++++
Step-4: starting Gurobi solver
Step-5: Gurobi solver finished
+++++++++++++++++++++++++++++++++++++++++++++++++++++++++++++++++++++++++++++++++++++++++++

solution_summary(scuc) = solution_summary(; result = 1, verbose = false)
├ solver_name          : Gurobi
├ Termination
│ ├ termination_status : OPTIMAL
│ ├ result_count       : 7
│ ├ raw_status         : Model was solved to optimality (subject to tolerances), and an optimal solution is available.
│ └ objective_bound    : 4.97610e+14
├ Solution (result = 1)
│ ├ primal_status        : FEASIBLE_POINT
│ ├ dual_status          : NO_SOLUTION
│ ├ objective_value      : 4.97610e+14
│ └ relative_gap         : 1.34175e-09
└ Work counters
  ├ solve_time (sec)   : 2.55000e+00
  ├ simplex_iterations : 9335
  ├ barrier_iterations : 0
  └ node_count         : 1


Termination Status: OPTIMAL
Acceptable solution found (Status: OPTIMAL).
Step-6: record datas
PART1: [unit-commitment] calculation result has been saved to: D:\GithubClonefiles\module_unitcommitment\.worktrees\108_168h\output\pcm_com4_loadall_h168_20260823_210543\base\clu_ovl\r01\output/details_schedule_results/pcm_simulation_results/intervels_[1]/res_schedule_commitment_result.txt
PART1: [unit-commitment] calculation result has been saved to: D:\GithubClonefiles\module_unitcommitment\.worktrees\108_168h\output\pcm_com4_loadall_h168_20260823_210543\base\clu_ovl\r01\output/details_schedule_results/pcm_simulation_results/intervels_[1]/res_schedule_commitment_result.txt
PART1: [unit-commitment] calculation result has been saved to: D:\GithubClonefiles\module_unitcommitment\.worktrees\108_168h\output\pcm_com4_loadall_h168_20260823_210543\base\clu_ovl\r01\output/details_schedule_results/pcm_simulation_results/intervels_[1]/res_schedule_commitment_result.txt
Step-3: Creating dispatching model (Refactored & Modularized)
  Clustered PCM: 108 physical units -> 31 equivalent units (71.3% state reduction; 108 units in non-singleton clusters)
  ✓ True clustered UC completed (31 virtual units)
Step-3: Creating dispatching model (Refactored & Modularized)
  Clustered PCM: 108 physical units -> 31 equivalent units (71.3% state reduction; 108 units in non-singleton clusters)
  ✓ True clustered UC completed (31 virtual units)
Set parameter Username
Set parameter LicenseID to value 2826524
Academic license - for non-commercial use only - expires 2027-05-22
Set parameter Username
Set parameter LicenseID to value 2826524
Academic license - for non-commercial use only - expires 2027-05-22
Set parameter Username
Set parameter LicenseID to value 2826524
Academic license - for non-commercial use only - expires 2027-05-22
Set parameter Username
Set parameter LicenseID to value 2826524
Academic license - for non-commercial use only - expires 2027-05-22
Set parameter Username
Set parameter LicenseID to value 2826524
Academic license - for non-commercial use only - expires 2027-05-22
Set parameter Username
Set parameter LicenseID to value 2826524
Academic license - for non-commercial use only - expires 2027-05-22
Set parameter Username
Set parameter LicenseID to value 2826524
Academic license - for non-commercial use only - expires 2027-05-22
Set parameter Username
Set parameter LicenseID to value 2826524
Academic license - for non-commercial use only - expires 2027-05-22
Set parameter Username
Set parameter LicenseID to value 2826524
Academic license - for non-commercial use only - expires 2027-05-22
Set parameter Username
Set parameter LicenseID to value 2826524
Academic license - for non-commercial use only - expires 2027-05-22
Set parameter Username
Set parameter LicenseID to value 2826524
Academic license - for non-commercial use only - expires 2027-05-22
Set parameter Username
Set parameter LicenseID to value 2826524
Academic license - for non-commercial use only - expires 2027-05-22
Set parameter Username
Set parameter LicenseID to value 2826524
Academic license - for non-commercial use only - expires 2027-05-22
Set parameter Username
Set parameter LicenseID to value 2826524
Academic license - for non-commercial use only - expires 2027-05-22
Set parameter Username
Set parameter LicenseID to value 2826524
Academic license - for non-commercial use only - expires 2027-05-22
Set parameter Username
Set parameter LicenseID to value 2826524
Academic license - for non-commercial use only - expires 2027-05-22
Set parameter Username
Set parameter LicenseID to value 2826524
Academic license - for non-commercial use only - expires 2027-05-22
Set parameter Username
Set parameter LicenseID to value 2826524
Academic license - for non-commercial use only - expires 2027-05-22
Set parameter Username
Set parameter LicenseID to value 2826524
Academic license - for non-commercial use only - expires 2027-05-22
Set parameter Username
Set parameter LicenseID to value 2826524
Academic license - for non-commercial use only - expires 2027-05-22
Set parameter Username
Set parameter LicenseID to value 2826524
Academic license - for non-commercial use only - expires 2027-05-22
Set parameter Username
Set parameter LicenseID to value 2826524
Academic license - for non-commercial use only - expires 2027-05-22
Set parameter Username
Set parameter LicenseID to value 2826524
Academic license - for non-commercial use only - expires 2027-05-22
Set parameter Username
Set parameter LicenseID to value 2826524
Academic license - for non-commercial use only - expires 2027-05-22
Set parameter Username
Set parameter LicenseID to value 2826524
Academic license - for non-commercial use only - expires 2027-05-22
Set parameter Username
Set parameter LicenseID to value 2826524
Academic license - for non-commercial use only - expires 2027-05-22
Set parameter Username
Set parameter LicenseID to value 2826524
Academic license - for non-commercial use only - expires 2027-05-22
Set parameter Username
Set parameter LicenseID to value 2826524
Academic license - for non-commercial use only - expires 2027-05-22
Set parameter Username
Set parameter LicenseID to value 2826524
Academic license - for non-commercial use only - expires 2027-05-22
Set parameter Username
Set parameter LicenseID to value 2826524
Academic license - for non-commercial use only - expires 2027-05-22
Set parameter Username
Set parameter LicenseID to value 2826524
Academic license - for non-commercial use only - expires 2027-05-22
Set parameter Username
Set parameter LicenseID to value 2826524
Academic license - for non-commercial use only - expires 2027-05-22
Set parameter Username
Set parameter LicenseID to value 2826524
Academic license - for non-commercial use only - expires 2027-05-22
Set parameter Username
Set parameter LicenseID to value 2826524
Academic license - for non-commercial use only - expires 2027-05-22
Set parameter Username
Set parameter LicenseID to value 2826524
Academic license - for non-commercial use only - expires 2027-05-22
Set parameter Username
Set parameter LicenseID to value 2826524
Academic license - for non-commercial use only - expires 2027-05-22
Set parameter Username
Set parameter LicenseID to value 2826524
Academic license - for non-commercial use only - expires 2027-05-22
Set parameter Username
Set parameter LicenseID to value 2826524
Academic license - for non-commercial use only - expires 2027-05-22
Set parameter Username
Set parameter LicenseID to value 2826524
Academic license - for non-commercial use only - expires 2027-05-22
Set parameter Username
Set parameter LicenseID to value 2826524
Academic license - for non-commercial use only - expires 2027-05-22
Set parameter Username
Set parameter LicenseID to value 2826524
Academic license - for non-commercial use only - expires 2027-05-22
Set parameter Username
Set parameter LicenseID to value 2826524
Academic license - for non-commercial use only - expires 2027-05-22
Set parameter Username
Set parameter LicenseID to value 2826524
Academic license - for non-commercial use only - expires 2027-05-22
Set parameter Username
Set parameter LicenseID to value 2826524
Academic license - for non-commercial use only - expires 2027-05-22
Set parameter Username
Set parameter LicenseID to value 2826524
Academic license - for non-commercial use only - expires 2027-05-22
Set parameter Username
Set parameter LicenseID to value 2826524
Academic license - for non-commercial use only - expires 2027-05-22
Set parameter Username
Set parameter LicenseID to value 2826524
Academic license - for non-commercial use only - expires 2027-05-22
Set parameter Username
Set parameter LicenseID to value 2826524
Academic license - for non-commercial use only - expires 2027-05-22
Set parameter Username
Set parameter LicenseID to value 2826524
Academic license - for non-commercial use only - expires 2027-05-22
Set parameter Username
Set parameter LicenseID to value 2826524
Academic license - for non-commercial use only - expires 2027-05-22
Set parameter Username
Set parameter LicenseID to value 2826524
Academic license - for non-commercial use only - expires 2027-05-22
Set parameter Username
Set parameter LicenseID to value 2826524
Academic license - for non-commercial use only - expires 2027-05-22
Set parameter Username
Set parameter LicenseID to value 2826524
Academic license - for non-commercial use only - expires 2027-05-22
Set parameter Username
Set parameter LicenseID to value 2826524
Academic license - for non-commercial use only - expires 2027-05-22
Set parameter Username
Set parameter LicenseID to value 2826524
Academic license - for non-commercial use only - expires 2027-05-22
Set parameter Username
Set parameter LicenseID to value 2826524
Academic license - for non-commercial use only - expires 2027-05-22
Set parameter Username
Set parameter LicenseID to value 2826524
Academic license - for non-commercial use only - expires 2027-05-22
Set parameter Username
Set parameter LicenseID to value 2826524
Academic license - for non-commercial use only - expires 2027-05-22
Set parameter Username
Set parameter LicenseID to value 2826524
Academic license - for non-commercial use only - expires 2027-05-22
Set parameter Username
Set parameter LicenseID to value 2826524
Academic license - for non-commercial use only - expires 2027-05-22
Set parameter Username
Set parameter LicenseID to value 2826524
Academic license - for non-commercial use only - expires 2027-05-22
Set parameter Username
Set parameter LicenseID to value 2826524
Academic license - for non-commercial use only - expires 2027-05-22
Set parameter Username
Set parameter LicenseID to value 2826524
Academic license - for non-commercial use only - expires 2027-05-22
Set parameter Username
Set parameter LicenseID to value 2826524
Academic license - for non-commercial use only - expires 2027-05-22
Set parameter Username
Set parameter LicenseID to value 2826524
Academic license - for non-commercial use only - expires 2027-05-22
Set parameter Username
Set parameter LicenseID to value 2826524
Academic license - for non-commercial use only - expires 2027-05-22
Set parameter Username
Set parameter LicenseID to value 2826524
Academic license - for non-commercial use only - expires 2027-05-22
Set parameter Username
Set parameter LicenseID to value 2826524
Academic license - for non-commercial use only - expires 2027-05-22
Set parameter Username
Set parameter LicenseID to value 2826524
Academic license - for non-commercial use only - expires 2027-05-22
Set parameter Username
Set parameter LicenseID to value 2826524
Academic license - for non-commercial use only - expires 2027-05-22
Set parameter Username
Set parameter LicenseID to value 2826524
Academic license - for non-commercial use only - expires 2027-05-22
Set parameter Username
Set parameter LicenseID to value 2826524
Academic license - for non-commercial use only - expires 2027-05-22
Set parameter Username
Set parameter LicenseID to value 2826524
Academic license - for non-commercial use only - expires 2027-05-22
Set parameter Username
Set parameter LicenseID to value 2826524
Academic license - for non-commercial use only - expires 2027-05-22
Set parameter Username
Set parameter LicenseID to value 2826524
Academic license - for non-commercial use only - expires 2027-05-22
Set parameter Username
Set parameter LicenseID to value 2826524
Academic license - for non-commercial use only - expires 2027-05-22
Set parameter Username
Set parameter LicenseID to value 2826524
Academic license - for non-commercial use only - expires 2027-05-22
Set parameter Username
Set parameter LicenseID to value 2826524
Academic license - for non-commercial use only - expires 2027-05-22
Set parameter Username
Set parameter LicenseID to value 2826524
Academic license - for non-commercial use only - expires 2027-05-22
Set parameter Username
Set parameter LicenseID to value 2826524
Academic license - for non-commercial use only - expires 2027-05-22
Set parameter Username
Set parameter LicenseID to value 2826524
Academic license - for non-commercial use only - expires 2027-05-22
Set parameter Username
Set parameter LicenseID to value 2826524
Academic license - for non-commercial use only - expires 2027-05-22
Set parameter Username
Set parameter LicenseID to value 2826524
Academic license - for non-commercial use only - expires 2027-05-22
Set parameter Username
Set parameter LicenseID to value 2826524
Academic license - for non-commercial use only - expires 2027-05-22
Set parameter Username
Set parameter LicenseID to value 2826524
Academic license - for non-commercial use only - expires 2027-05-22
Set parameter Username
Set parameter LicenseID to value 2826524
Academic license - for non-commercial use only - expires 2027-05-22
Set parameter Username
Set parameter LicenseID to value 2826524
Academic license - for non-commercial use only - expires 2027-05-22
Set parameter Username
Set parameter LicenseID to value 2826524
Academic license - for non-commercial use only - expires 2027-05-22
Set parameter Username
Set parameter LicenseID to value 2826524
Academic license - for non-commercial use only - expires 2027-05-22
Set parameter Username
Set parameter LicenseID to value 2826524
Academic license - for non-commercial use only - expires 2027-05-22
Set parameter Username
Set parameter LicenseID to value 2826524
Academic license - for non-commercial use only - expires 2027-05-22
Set parameter Username
Set parameter LicenseID to value 2826524
Academic license - for non-commercial use only - expires 2027-05-22
Set parameter Username
Set parameter LicenseID to value 2826524
Academic license - for non-commercial use only - expires 2027-05-22
Set parameter Username
Set parameter LicenseID to value 2826524
Academic license - for non-commercial use only - expires 2027-05-22
Set parameter Username
Set parameter LicenseID to value 2826524
Academic license - for non-commercial use only - expires 2027-05-22
Set parameter Username
Set parameter LicenseID to value 2826524
Academic license - for non-commercial use only - expires 2027-05-22
Set parameter Username
Set parameter LicenseID to value 2826524
Academic license - for non-commercial use only - expires 2027-05-22
Set parameter Username
Set parameter LicenseID to value 2826524
Academic license - for non-commercial use only - expires 2027-05-22
Set parameter Username
Set parameter LicenseID to value 2826524
Academic license - for non-commercial use only - expires 2027-05-22
Set parameter Username
Set parameter LicenseID to value 2826524
Academic license - for non-commercial use only - expires 2027-05-22
Set parameter Username
Set parameter LicenseID to value 2826524
Academic license - for non-commercial use only - expires 2027-05-22
Set parameter Username
Set parameter LicenseID to value 2826524
Academic license - for non-commercial use only - expires 2027-05-22
Set parameter Username
Set parameter LicenseID to value 2826524
Academic license - for non-commercial use only - expires 2027-05-22
Set parameter Username
Set parameter LicenseID to value 2826524
Academic license - for non-commercial use only - expires 2027-05-22
Set parameter Username
Set parameter LicenseID to value 2826524
Academic license - for non-commercial use only - expires 2027-05-22
Set parameter Username
Set parameter LicenseID to value 2826524
Academic license - for non-commercial use only - expires 2027-05-22
Set parameter Username
Set parameter LicenseID to value 2826524
Academic license - for non-commercial use only - expires 2027-05-22
Set parameter Username
Set parameter LicenseID to value 2826524
Academic license - for non-commercial use only - expires 2027-05-22
Set parameter Username
Set parameter LicenseID to value 2826524
Academic license - for non-commercial use only - expires 2027-05-22
Set parameter Username
Set parameter LicenseID to value 2826524
Academic license - for non-commercial use only - expires 2027-05-22
Set parameter Username
Set parameter LicenseID to value 2826524
Academic license - for non-commercial use only - expires 2027-05-22
Set parameter Username
Set parameter LicenseID to value 2826524
Academic license - for non-commercial use only - expires 2027-05-22
Set parameter Username
Set parameter LicenseID to value 2826524
Academic license - for non-commercial use only - expires 2027-05-22
Set parameter Username
Set parameter LicenseID to value 2826524
Academic license - for non-commercial use only - expires 2027-05-22
Set parameter Username
Set parameter LicenseID to value 2826524
Academic license - for non-commercial use only - expires 2027-05-22
Set parameter Username
Set parameter LicenseID to value 2826524
Academic license - for non-commercial use only - expires 2027-05-22
Set parameter Username
Set parameter LicenseID to value 2826524
Academic license - for non-commercial use only - expires 2027-05-22
Set parameter Username
Set parameter LicenseID to value 2826524
Academic license - for non-commercial use only - expires 2027-05-22
Set parameter Username
Set parameter LicenseID to value 2826524
Academic license - for non-commercial use only - expires 2027-05-22
Set parameter Username
Set parameter LicenseID to value 2826524
Academic license - for non-commercial use only - expires 2027-05-22
Set parameter Username
Set parameter LicenseID to value 2826524
Academic license - for non-commercial use only - expires 2027-05-22
Set parameter Username
Set parameter LicenseID to value 2826524
Academic license - for non-commercial use only - expires 2027-05-22
Set parameter Username
Set parameter LicenseID to value 2826524
Academic license - for non-commercial use only - expires 2027-05-22
Set parameter Username
Set parameter LicenseID to value 2826524
Academic license - for non-commercial use only - expires 2027-05-22
Set parameter Username
Set parameter LicenseID to value 2826524
Academic license - for non-commercial use only - expires 2027-05-22
Set parameter Username
Set parameter LicenseID to value 2826524
Academic license - for non-commercial use only - expires 2027-05-22
Set parameter Username
Set parameter LicenseID to value 2826524
Academic license - for non-commercial use only - expires 2027-05-22
Set parameter Username
Set parameter LicenseID to value 2826524
Academic license - for non-commercial use only - expires 2027-05-22
Set parameter Username
Set parameter LicenseID to value 2826524
Academic license - for non-commercial use only - expires 2027-05-22
Set parameter Username
Set parameter LicenseID to value 2826524
Academic license - for non-commercial use only - expires 2027-05-22
Set parameter Username
Set parameter LicenseID to value 2826524
Academic license - for non-commercial use only - expires 2027-05-22
Set parameter Username
Set parameter LicenseID to value 2826524
Academic license - for non-commercial use only - expires 2027-05-22
Set parameter Username
Set parameter LicenseID to value 2826524
Academic license - for non-commercial use only - expires 2027-05-22
Set parameter Username
Set parameter LicenseID to value 2826524
Academic license - for non-commercial use only - expires 2027-05-22
Set parameter Username
Set parameter LicenseID to value 2826524
Academic license - for non-commercial use only - expires 2027-05-22
Set parameter Username
Set parameter LicenseID to value 2826524
Academic license - for non-commercial use only - expires 2027-05-22
Set parameter Username
Set parameter LicenseID to value 2826524
Academic license - for non-commercial use only - expires 2027-05-22
Set parameter Username
Set parameter LicenseID to value 2826524
Academic license - for non-commercial use only - expires 2027-05-22
Set parameter Username
Set parameter LicenseID to value 2826524
Academic license - for non-commercial use only - expires 2027-05-22
Set parameter Username
Set parameter LicenseID to value 2826524
Academic license - for non-commercial use only - expires 2027-05-22
Set parameter Username
Set parameter LicenseID to value 2826524
Academic license - for non-commercial use only - expires 2027-05-22
Set parameter Username
Set parameter LicenseID to value 2826524
Academic license - for non-commercial use only - expires 2027-05-22
Set parameter Username
Set parameter LicenseID to value 2826524
Academic license - for non-commercial use only - expires 2027-05-22
Set parameter Username
Set parameter LicenseID to value 2826524
Academic license - for non-commercial use only - expires 2027-05-22
Set parameter Username
Set parameter LicenseID to value 2826524
Academic license - for non-commercial use only - expires 2027-05-22
Set parameter Username
Set parameter LicenseID to value 2826524
Academic license - for non-commercial use only - expires 2027-05-22
Set parameter Username
Set parameter LicenseID to value 2826524
Academic license - for non-commercial use only - expires 2027-05-22
Set parameter Username
Set parameter LicenseID to value 2826524
Academic license - for non-commercial use only - expires 2027-05-22
Set parameter Username
Set parameter LicenseID to value 2826524
Academic license - for non-commercial use only - expires 2027-05-22
Set parameter Username
Set parameter LicenseID to value 2826524
Academic license - for non-commercial use only - expires 2027-05-22
Set parameter Username
Set parameter LicenseID to value 2826524
Academic license - for non-commercial use only - expires 2027-05-22
Set parameter Username
Set parameter LicenseID to value 2826524
Academic license - for non-commercial use only - expires 2027-05-22
Set parameter Username
Set parameter LicenseID to value 2826524
Academic license - for non-commercial use only - expires 2027-05-22
Set parameter Username
Set parameter LicenseID to value 2826524
Academic license - for non-commercial use only - expires 2027-05-22
Set parameter Username
Set parameter LicenseID to value 2826524
Academic license - for non-commercial use only - expires 2027-05-22
Set parameter Username
Set parameter LicenseID to value 2826524
Academic license - for non-commercial use only - expires 2027-05-22
Set parameter Username
Set parameter LicenseID to value 2826524
Academic license - for non-commercial use only - expires 2027-05-22
Set parameter Username
Set parameter LicenseID to value 2826524
Academic license - for non-commercial use only - expires 2027-05-22
Set parameter Username
Set parameter LicenseID to value 2826524
Academic license - for non-commercial use only - expires 2027-05-22
Set parameter Username
Set parameter LicenseID to value 2826524
Academic license - for non-commercial use only - expires 2027-05-22
Set parameter Username
Set parameter LicenseID to value 2826524
Academic license - for non-commercial use only - expires 2027-05-22
Set parameter Username
Set parameter LicenseID to value 2826524
Academic license - for non-commercial use only - expires 2027-05-22
Set parameter Username
Set parameter LicenseID to value 2826524
Academic license - for non-commercial use only - expires 2027-05-22
Set parameter Username
Set parameter LicenseID to value 2826524
Academic license - for non-commercial use only - expires 2027-05-22
Set parameter Username
Set parameter LicenseID to value 2826524
Academic license - for non-commercial use only - expires 2027-05-22
Set parameter Username
Set parameter LicenseID to value 2826524
Academic license - for non-commercial use only - expires 2027-05-22
Set parameter Username
Set parameter LicenseID to value 2826524
Academic license - for non-commercial use only - expires 2027-05-22
Set parameter Username
Set parameter LicenseID to value 2826524
Academic license - for non-commercial use only - expires 2027-05-22
Set parameter Username
Set parameter LicenseID to value 2826524
Academic license - for non-commercial use only - expires 2027-05-22
Set parameter Username
Set parameter LicenseID to value 2826524
Academic license - for non-commercial use only - expires 2027-05-22
Set parameter Username
Set parameter LicenseID to value 2826524
Academic license - for non-commercial use only - expires 2027-05-22
Set parameter Username
Set parameter LicenseID to value 2826524
Academic license - for non-commercial use only - expires 2027-05-22
Set parameter Username
Set parameter LicenseID to value 2826524
Academic license - for non-commercial use only - expires 2027-05-22
Set parameter Username
Set parameter LicenseID to value 2826524
Academic license - for non-commercial use only - expires 2027-05-22
Set parameter Username
Set parameter LicenseID to value 2826524
Academic license - for non-commercial use only - expires 2027-05-22
Set parameter Username
Set parameter LicenseID to value 2826524
Academic license - for non-commercial use only - expires 2027-05-22
Set parameter Username
Set parameter LicenseID to value 2826524
Academic license - for non-commercial use only - expires 2027-05-22
Set parameter Username
Set parameter LicenseID to value 2826524
Academic license - for non-commercial use only - expires 2027-05-22
Set parameter Username
Set parameter LicenseID to value 2826524
Academic license - for non-commercial use only - expires 2027-05-22
Set parameter Username
Set parameter LicenseID to value 2826524
Academic license - for non-commercial use only - expires 2027-05-22
Set parameter Username
Set parameter LicenseID to value 2826524
Academic license - for non-commercial use only - expires 2027-05-22
Set parameter Username
Set parameter LicenseID to value 2826524
Academic license - for non-commercial use only - expires 2027-05-22
Set parameter Username
Set parameter LicenseID to value 2826524
Academic license - for non-commercial use only - expires 2027-05-22
Set parameter Username
Set parameter LicenseID to value 2826524
Academic license - for non-commercial use only - expires 2027-05-22
Set parameter Username
Set parameter LicenseID to value 2826524
Academic license - for non-commercial use only - expires 2027-05-22
Set parameter Username
Set parameter LicenseID to value 2826524
Academic license - for non-commercial use only - expires 2027-05-22
Set parameter Username
Set parameter LicenseID to value 2826524
Academic license - for non-commercial use only - expires 2027-05-22
Set parameter Username
Set parameter LicenseID to value 2826524
Academic license - for non-commercial use only - expires 2027-05-22
Set parameter Username
Set parameter LicenseID to value 2826524
Academic license - for non-commercial use only - expires 2027-05-22
Set parameter Username
Set parameter LicenseID to value 2826524
Academic license - for non-commercial use only - expires 2027-05-22
Set parameter Username
Set parameter LicenseID to value 2826524
Academic license - for non-commercial use only - expires 2027-05-22
Set parameter Username
Set parameter LicenseID to value 2826524
Academic license - for non-commercial use only - expires 2027-05-22
Set parameter Username
Set parameter LicenseID to value 2826524
Academic license - for non-commercial use only - expires 2027-05-22
Set parameter Username
Set parameter LicenseID to value 2826524
Academic license - for non-commercial use only - expires 2027-05-22
Set parameter Username
Set parameter LicenseID to value 2826524
Academic license - for non-commercial use only - expires 2027-05-22
Set parameter Username
Set parameter LicenseID to value 2826524
Academic license - for non-commercial use only - expires 2027-05-22
Set parameter Username
Set parameter LicenseID to value 2826524
Academic license - for non-commercial use only - expires 2027-05-22
Set parameter Username
Set parameter LicenseID to value 2826524
Academic license - for non-commercial use only - expires 2027-05-22
Set parameter Username
Set parameter LicenseID to value 2826524
Academic license - for non-commercial use only - expires 2027-05-22
Set parameter Username
Set parameter LicenseID to value 2826524
Academic license - for non-commercial use only - expires 2027-05-22
Set parameter Username
Set parameter LicenseID to value 2826524
Academic license - for non-commercial use only - expires 2027-05-22
Set parameter Username
Set parameter LicenseID to value 2826524
Academic license - for non-commercial use only - expires 2027-05-22
Set parameter Username
Set parameter LicenseID to value 2826524
Academic license - for non-commercial use only - expires 2027-05-22
Set parameter Username
Set parameter LicenseID to value 2826524
Academic license - for non-commercial use only - expires 2027-05-22
Set parameter Username
Set parameter LicenseID to value 2826524
Academic license - for non-commercial use only - expires 2027-05-22
PART1: [unit-commitment] calculation result has been saved to: D:\GithubClonefiles\module_unitcommitment\.worktrees\108_168h\output\pcm_com4_loadall_h168_20260823_210543\base\clu_ovl\r01\output/details_schedule_results/pcm_simulation_results/intervels_[1]/res_schedule_commitment_result.txt
Step-3: Creating dispatching model (Refactored & Modularized)
  Clustered PCM: 108 physical units -> 31 equivalent units (71.3% state reduction; 108 units in non-singleton clusters)
  ✓ True clustered UC completed (31 virtual units)
PART1: [unit-commitment] calculation result has been saved to: D:\GithubClonefiles\module_unitcommitment\.worktrees\108_168h\output\pcm_com4_loadall_h168_20260823_210543\base\clu_ovl\r01\output/details_schedule_results/pcm_simulation_results/intervels_[1]/res_schedule_commitment_result.txt
Step-3: Creating dispatching model (Refactored & Modularized)
  Clustered PCM: 108 physical units -> 31 equivalent units (71.3% state reduction; 108 units in non-singleton clusters)
  ✓ True clustered UC completed (31 virtual units)
PART1: [unit-commitment] calculation result has been saved to: D:\GithubClonefiles\module_unitcommitment\.worktrees\108_168h\output\pcm_com4_loadall_h168_20260823_210543\base\clu_ovl\r01\output/details_schedule_results/pcm_simulation_results/intervels_[1]/res_schedule_commitment_result.txt
PART1: [unit-commitment] calculation result has been saved to: D:\GithubClonefiles\module_unitcommitment\.worktrees\108_168h\output\pcm_com4_loadall_h168_20260823_210543\base\clu_ovl\r01\output/details_schedule_results/pcm_simulation_results/intervels_[1]/res_schedule_commitment_result.txt
Step-3: Creating dispatching model (Refactored & Modularized)
  Clustered PCM: 108 physical units -> 31 equivalent units (71.3% state reduction; 108 units in non-singleton clusters)
  ✓ True clustered UC completed (31 virtual units)
Step-3: Creating dispatching model (Refactored & Modularized)
  Clustered PCM: 108 physical units -> 31 equivalent units (71.3% state reduction; 108 units in non-singleton clusters)
  ✓ True clustered UC completed (31 virtual units)
PART1: [unit-commitment] calculation result has been saved to: D:\GithubClonefiles\module_unitcommitment\.worktrees\108_168h\output\pcm_com4_loadall_h168_20260823_210543\base\clu_ovl\r01\output/details_schedule_results/pcm_simulation_results/intervels_[1]/res_schedule_commitment_result.txt
Step-3: Creating dispatching model (Refactored & Modularized)
  Clustered PCM: 108 physical units -> 31 equivalent units (71.3% state reduction; 108 units in non-singleton clusters)
  ✓ True clustered UC completed (31 virtual units)
PART1: [unit-commitment] calculation result has been saved to: D:\GithubClonefiles\module_unitcommitment\.worktrees\108_168h\output\pcm_com4_loadall_h168_20260823_210543\base\clu_ovl\r01\output/details_schedule_results/pcm_simulation_results/intervels_[1]/res_schedule_commitment_result.txt
Step-3: Creating dispatching model (Refactored & Modularized)
  Clustered PCM: 108 physical units -> 31 equivalent units (71.3% state reduction; 108 units in non-singleton clusters)
  ✓ True clustered UC completed (31 virtual units)
PART1: [unit-commitment] calculation result has been saved to: D:\GithubClonefiles\module_unitcommitment\.worktrees\108_168h\output\pcm_com4_loadall_h168_20260823_210543\base\clu_ovl\r01\output/details_schedule_results/pcm_simulation_results/intervels_[1]/res_schedule_commitment_result.txt
PART1: [unit-commitment] calculation result has been saved to: D:\GithubClonefiles\module_unitcommitment\.worktrees\108_168h\output\pcm_com4_loadall_h168_20260823_210543\base\clu_ovl\r01\output/details_schedule_results/pcm_simulation_results/intervels_[1]/res_schedule_commitment_result.txt
Step-3: Creating dispatching model (Refactored & Modularized)
  Clustered PCM: 108 physical units -> 31 equivalent units (71.3% state reduction; 108 units in non-singleton clusters)
  ✓ True clustered UC completed (31 virtual units)
Step-3: Creating dispatching model (Refactored & Modularized)
  Clustered PCM: 108 physical units -> 31 equivalent units (71.3% state reduction; 108 units in non-singleton clusters)
  ✓ True clustered UC completed (31 virtual units)
PART1: [unit-commitment] calculation result has been saved to: D:\GithubClonefiles\module_unitcommitment\.worktrees\108_168h\output\pcm_com4_loadall_h168_20260823_210543\base\clu_ovl\r01\output/details_schedule_results/pcm_simulation_results/intervels_[1]/res_schedule_commitment_result.txt
Step-3: Creating dispatching model (Refactored & Modularized)
  Clustered PCM: 108 physical units -> 31 equivalent units (71.3% state reduction; 108 units in non-singleton clusters)
  ✓ True clustered UC completed (31 virtual units)
PART1: [unit-commitment] calculation result has been saved to: D:\GithubClonefiles\module_unitcommitment\.worktrees\108_168h\output\pcm_com4_loadall_h168_20260823_210543\base\clu_ovl\r01\output/details_schedule_results/pcm_simulation_results/intervels_[1]/res_schedule_commitment_result.txt
Step-3: Creating dispatching model (Refactored & Modularized)
  Clustered PCM: 108 physical units -> 31 equivalent units (71.3% state reduction; 108 units in non-singleton clusters)
  ✓ True clustered UC completed (31 virtual units)
PART1: [unit-commitment] calculation result has been saved to: D:\GithubClonefiles\module_unitcommitment\.worktrees\108_168h\output\pcm_com4_loadall_h168_20260823_210543\base\clu_ovl\r01\output/details_schedule_results/pcm_simulation_results/intervels_[1]/res_schedule_commitment_result.txt
PART1: [unit-commitment] calculation result has been saved to: D:\GithubClonefiles\module_unitcommitment\.worktrees\108_168h\output\pcm_com4_loadall_h168_20260823_210543\base\clu_ovl\r01\output/details_schedule_results/pcm_simulation_results/intervels_[1]/res_schedule_commitment_result.txt
Step-3: Creating dispatching model (Refactored & Modularized)
  Clustered PCM: 108 physical units -> 31 equivalent units (71.3% state reduction; 108 units in non-singleton clusters)
  ✓ True clustered UC completed (31 virtual units)
Step-3: Creating dispatching model (Refactored & Modularized)
  Clustered PCM: 108 physical units -> 31 equivalent units (71.3% state reduction; 108 units in non-singleton clusters)
  ✓ True clustered UC completed (31 virtual units)
PART1: [unit-commitment] calculation result has been saved to: D:\GithubClonefiles\module_unitcommitment\.worktrees\108_168h\output\pcm_com4_loadall_h168_20260823_210543\base\clu_ovl\r01\output/details_schedule_results/pcm_simulation_results/intervels_[1]/res_schedule_commitment_result.txt
Step-3: Creating dispatching model (Refactored & Modularized)
  Clustered PCM: 108 physical units -> 31 equivalent units (71.3% state reduction; 108 units in non-singleton clusters)
  ✓ True clustered UC completed (31 virtual units)
PART1: [unit-commitment] calculation result has been saved to: D:\GithubClonefiles\module_unitcommitment\.worktrees\108_168h\output\pcm_com4_loadall_h168_20260823_210543\base\clu_ovl\r01\output/details_schedule_results/pcm_simulation_results/intervels_[1]/res_schedule_commitment_result.txt
Step-3: Creating dispatching model (Refactored & Modularized)
  Clustered PCM: 108 physical units -> 31 equivalent units (71.3% state reduction; 108 units in non-singleton clusters)
  ✓ True clustered UC completed (31 virtual units)
PART1: [unit-commitment] calculation result has been saved to: D:\GithubClonefiles\module_unitcommitment\.worktrees\108_168h\output\pcm_com4_loadall_h168_20260823_210543\base\clu_ovl\r01\output/details_schedule_results/pcm_simulation_results/intervels_[1]/res_schedule_commitment_result.txt
PART1: [unit-commitment] calculation result has been saved to: D:\GithubClonefiles\module_unitcommitment\.worktrees\108_168h\output\pcm_com4_loadall_h168_20260823_210543\base\clu_ovl\r01\output/details_schedule_results/pcm_simulation_results/intervels_[1]/res_schedule_commitment_result.txt
Step-3: Creating dispatching model (Refactored & Modularized)
  Clustered PCM: 108 physical units -> 31 equivalent units (71.3% state reduction; 108 units in non-singleton clusters)
  ✓ True clustered UC completed (31 virtual units)
Step-3: Creating dispatching model (Refactored & Modularized)
  Clustered PCM: 108 physical units -> 31 equivalent units (71.3% state reduction; 108 units in non-singleton clusters)
  ✓ True clustered UC completed (31 virtual units)
PART1: [unit-commitment] calculation result has been saved to: D:\GithubClonefiles\module_unitcommitment\.worktrees\108_168h\output\pcm_com4_loadall_h168_20260823_210543\base\clu_ovl\r01\output/details_schedule_results/pcm_simulation_results/intervels_[1]/res_schedule_commitment_result.txt
Step-3: Creating dispatching model (Refactored & Modularized)
  Clustered PCM: 108 physical units -> 31 equivalent units (71.3% state reduction; 108 units in non-singleton clusters)
  ✓ True clustered UC completed (31 virtual units)
PART1: [unit-commitment] calculation result has been saved to: D:\GithubClonefiles\module_unitcommitment\.worktrees\108_168h\output\pcm_com4_loadall_h168_20260823_210543\base\clu_ovl\r01\output/details_schedule_results/pcm_simulation_results/intervels_[1]/res_schedule_commitment_result.txt
Step-3: Creating dispatching model (Refactored & Modularized)
  Clustered PCM: 108 physical units -> 31 equivalent units (71.3% state reduction; 108 units in non-singleton clusters)
  ✓ True clustered UC completed (31 virtual units)
PART1: [unit-commitment] calculation result has been saved to: D:\GithubClonefiles\module_unitcommitment\.worktrees\108_168h\output\pcm_com4_loadall_h168_20260823_210543\base\clu_ovl\r01\output/details_schedule_results/pcm_simulation_results/intervels_[1]/res_schedule_commitment_result.txt
PART1: [unit-commitment] calculation result has been saved to: D:\GithubClonefiles\module_unitcommitment\.worktrees\108_168h\output\pcm_com4_loadall_h168_20260823_210543\base\clu_ovl\r01\output/details_schedule_results/pcm_simulation_results/intervels_[1]/res_schedule_commitment_result.txt
Step-3: Creating dispatching model (Refactored & Modularized)
  Clustered PCM: 108 physical units -> 31 equivalent units (71.3% state reduction; 108 units in non-singleton clusters)
  ✓ True clustered UC completed (31 virtual units)
Step-3: Creating dispatching model (Refactored & Modularized)
  Clustered PCM: 108 physical units -> 31 equivalent units (71.3% state reduction; 108 units in non-singleton clusters)
  ✓ True clustered UC completed (31 virtual units)
PART1: [unit-commitment] calculation result has been saved to: D:\GithubClonefiles\module_unitcommitment\.worktrees\108_168h\output\pcm_com4_loadall_h168_20260823_210543\base\clu_ovl\r01\output/details_schedule_results/pcm_simulation_results/intervels_[1]/res_schedule_commitment_result.txt
Step-3: Creating dispatching model (Refactored & Modularized)
  Clustered PCM: 108 physical units -> 31 equivalent units (71.3% state reduction; 108 units in non-singleton clusters)
  ✓ True clustered UC completed (31 virtual units)
PART1: [unit-commitment] calculation result has been saved to: D:\GithubClonefiles\module_unitcommitment\.worktrees\108_168h\output\pcm_com4_loadall_h168_20260823_210543\base\clu_ovl\r01\output/details_schedule_results/pcm_simulation_results/intervels_[1]/res_schedule_commitment_result.txt
Step-3: Creating dispatching model (Refactored & Modularized)
  Clustered PCM: 108 physical units -> 31 equivalent units (71.3% state reduction; 108 units in non-singleton clusters)
  ✓ True clustered UC completed (31 virtual units)
PART1: [unit-commitment] calculation result has been saved to: D:\GithubClonefiles\module_unitcommitment\.worktrees\108_168h\output\pcm_com4_loadall_h168_20260823_210543\base\clu_ovl\r01\output/details_schedule_results/pcm_simulation_results/intervels_[1]/res_schedule_commitment_result.txt
PART1: [unit-commitment] calculation result has been saved to: D:\GithubClonefiles\module_unitcommitment\.worktrees\108_168h\output\pcm_com4_loadall_h168_20260823_210543\base\clu_ovl\r01\output/details_schedule_results/pcm_simulation_results/intervels_[1]/res_schedule_commitment_result.txt
Step-3: Creating dispatching model (Refactored & Modularized)
  Clustered PCM: 108 physical units -> 31 equivalent units (71.3% state reduction; 108 units in non-singleton clusters)
  ✓ True clustered UC completed (31 virtual units)
Step-3: Creating dispatching model (Refactored & Modularized)
  Clustered PCM: 108 physical units -> 31 equivalent units (71.3% state reduction; 108 units in non-singleton clusters)
  ✓ True clustered UC completed (31 virtual units)
PART1: [unit-commitment] calculation result has been saved to: D:\GithubClonefiles\module_unitcommitment\.worktrees\108_168h\output\pcm_com4_loadall_h168_20260823_210543\base\clu_ovl\r01\output/details_schedule_results/pcm_simulation_results/intervels_[1]/res_schedule_commitment_result.txt
Step-3: Creating dispatching model (Refactored & Modularized)
  Clustered PCM: 108 physical units -> 31 equivalent units (71.3% state reduction; 108 units in non-singleton clusters)
  ✓ True clustered UC completed (31 virtual units)
PART1: [unit-commitment] calculation result has been saved to: D:\GithubClonefiles\module_unitcommitment\.worktrees\108_168h\output\pcm_com4_loadall_h168_20260823_210543\base\clu_ovl\r01\output/details_schedule_results/pcm_simulation_results/intervels_[1]/res_schedule_commitment_result.txt
Step-3: Creating dispatching model (Refactored & Modularized)
  Clustered PCM: 108 physical units -> 31 equivalent units (71.3% state reduction; 108 units in non-singleton clusters)
  ✓ True clustered UC completed (31 virtual units)
PART1: [unit-commitment] calculation result has been saved to: D:\GithubClonefiles\module_unitcommitment\.worktrees\108_168h\output\pcm_com4_loadall_h168_20260823_210543\base\clu_ovl\r01\output/details_schedule_results/pcm_simulation_results/intervels_[1]/res_schedule_commitment_result.txt
PART1: [unit-commitment] calculation result has been saved to: D:\GithubClonefiles\module_unitcommitment\.worktrees\108_168h\output\pcm_com4_loadall_h168_20260823_210543\base\clu_ovl\r01\output/details_schedule_results/pcm_simulation_results/intervels_[1]/res_schedule_commitment_result.txt
Step-3: Creating dispatching model (Refactored & Modularized)
  Clustered PCM: 108 physical units -> 31 equivalent units (71.3% state reduction; 108 units in non-singleton clusters)
  ✓ True clustered UC completed (31 virtual units)
Step-3: Creating dispatching model (Refactored & Modularized)
  Clustered PCM: 108 physical units -> 31 equivalent units (71.3% state reduction; 108 units in non-singleton clusters)
  ✓ True clustered UC completed (31 virtual units)
PART1: [unit-commitment] calculation result has been saved to: D:\GithubClonefiles\module_unitcommitment\.worktrees\108_168h\output\pcm_com4_loadall_h168_20260823_210543\base\clu_ovl\r01\output/details_schedule_results/pcm_simulation_results/intervels_[1]/res_schedule_commitment_result.txt
Step-3: Creating dispatching model (Refactored & Modularized)
  Clustered PCM: 108 physical units -> 31 equivalent units (71.3% state reduction; 108 units in non-singleton clusters)
  ✓ True clustered UC completed (31 virtual units)
PART1: [unit-commitment] calculation result has been saved to: D:\GithubClonefiles\module_unitcommitment\.worktrees\108_168h\output\pcm_com4_loadall_h168_20260823_210543\base\clu_ovl\r01\output/details_schedule_results/pcm_simulation_results/intervels_[1]/res_schedule_commitment_result.txt
Step-3: Creating dispatching model (Refactored & Modularized)
  Clustered PCM: 108 physical units -> 31 equivalent units (71.3% state reduction; 108 units in non-singleton clusters)
  ✓ True clustered UC completed (31 virtual units)
PART1: [unit-commitment] calculation result has been saved to: D:\GithubClonefiles\module_unitcommitment\.worktrees\108_168h\output\pcm_com4_loadall_h168_20260823_210543\base\clu_ovl\r01\output/details_schedule_results/pcm_simulation_results/intervels_[1]/res_schedule_commitment_result.txt
PART1: [unit-commitment] calculation result has been saved to: D:\GithubClonefiles\module_unitcommitment\.worktrees\108_168h\output\pcm_com4_loadall_h168_20260823_210543\base\clu_ovl\r01\output/details_schedule_results/pcm_simulation_results/intervels_[1]/res_schedule_commitment_result.txt
Step-3: Creating dispatching model (Refactored & Modularized)
  Clustered PCM: 108 physical units -> 31 equivalent units (71.3% state reduction; 108 units in non-singleton clusters)
  ✓ True clustered UC completed (31 virtual units)
Step-3: Creating dispatching model (Refactored & Modularized)
  Clustered PCM: 108 physical units -> 31 equivalent units (71.3% state reduction; 108 units in non-singleton clusters)
  ✓ True clustered UC completed (31 virtual units)
PART1: [unit-commitment] calculation result has been saved to: D:\GithubClonefiles\module_unitcommitment\.worktrees\108_168h\output\pcm_com4_loadall_h168_20260823_210543\base\clu_ovl\r01\output/details_schedule_results/pcm_simulation_results/intervels_[1]/res_schedule_commitment_result.txt
Step-3: Creating dispatching model (Refactored & Modularized)
  Clustered PCM: 108 physical units -> 31 equivalent units (71.3% state reduction; 108 units in non-singleton clusters)
  ✓ True clustered UC completed (31 virtual units)
PART1: [unit-commitment] calculation result has been saved to: D:\GithubClonefiles\module_unitcommitment\.worktrees\108_168h\output\pcm_com4_loadall_h168_20260823_210543\base\clu_ovl\r01\output/details_schedule_results/pcm_simulation_results/intervels_[1]/res_schedule_commitment_result.txt
Step-3: Creating dispatching model (Refactored & Modularized)
  Clustered PCM: 108 physical units -> 31 equivalent units (71.3% state reduction; 108 units in non-singleton clusters)
  ✓ True clustered UC completed (31 virtual units)
PART1: [unit-commitment] calculation result has been saved to: D:\GithubClonefiles\module_unitcommitment\.worktrees\108_168h\output\pcm_com4_loadall_h168_20260823_210543\base\clu_ovl\r01\output/details_schedule_results/pcm_simulation_results/intervels_[1]/res_schedule_commitment_result.txt
PART1: [unit-commitment] calculation result has been saved to: D:\GithubClonefiles\module_unitcommitment\.worktrees\108_168h\output\pcm_com4_loadall_h168_20260823_210543\base\clu_ovl\r01\output/details_schedule_results/pcm_simulation_results/intervels_[1]/res_schedule_commitment_result.txt
Step-3: Creating dispatching model (Refactored & Modularized)
  Clustered PCM: 108 physical units -> 31 equivalent units (71.3% state reduction; 108 units in non-singleton clusters)
  ✓ True clustered UC completed (31 virtual units)
Step-3: Creating dispatching model (Refactored & Modularized)
  Clustered PCM: 108 physical units -> 31 equivalent units (71.3% state reduction; 108 units in non-singleton clusters)
  ✓ True clustered UC completed (31 virtual units)
PART1: [unit-commitment] calculation result has been saved to: D:\GithubClonefiles\module_unitcommitment\.worktrees\108_168h\output\pcm_com4_loadall_h168_20260823_210543\base\clu_ovl\r01\output/details_schedule_results/pcm_simulation_results/intervels_[1]/res_schedule_commitment_result.txt
Step-3: Creating dispatching model (Refactored & Modularized)
  Clustered PCM: 108 physical units -> 31 equivalent units (71.3% state reduction; 108 units in non-singleton clusters)
  ✓ True clustered UC completed (31 virtual units)
PART1: [unit-commitment] calculation result has been saved to: D:\GithubClonefiles\module_unitcommitment\.worktrees\108_168h\output\pcm_com4_loadall_h168_20260823_210543\base\clu_ovl\r01\output/details_schedule_results/pcm_simulation_results/intervels_[1]/res_schedule_commitment_result.txt
Step-3: Creating dispatching model (Refactored & Modularized)
  Clustered PCM: 108 physical units -> 31 equivalent units (71.3% state reduction; 108 units in non-singleton clusters)
  ✓ True clustered UC completed (31 virtual units)
PART1: [unit-commitment] calculation result has been saved to: D:\GithubClonefiles\module_unitcommitment\.worktrees\108_168h\output\pcm_com4_loadall_h168_20260823_210543\base\clu_ovl\r01\output/details_schedule_results/pcm_simulation_results/intervels_[1]/res_schedule_commitment_result.txt
PART1: [unit-commitment] calculation result has been saved to: D:\GithubClonefiles\module_unitcommitment\.worktrees\108_168h\output\pcm_com4_loadall_h168_20260823_210543\base\clu_ovl\r01\output/details_schedule_results/pcm_simulation_results/intervels_[1]/res_schedule_commitment_result.txt
Step-3: Creating dispatching model (Refactored & Modularized)
  Clustered PCM: 108 physical units -> 31 equivalent units (71.3% state reduction; 108 units in non-singleton clusters)
  ✓ True clustered UC completed (31 virtual units)
Step-3: Creating dispatching model (Refactored & Modularized)
  Clustered PCM: 108 physical units -> 31 equivalent units (71.3% state reduction; 108 units in non-singleton clusters)
  ✓ True clustered UC completed (31 virtual units)
PART1: [unit-commitment] calculation result has been saved to: D:\GithubClonefiles\module_unitcommitment\.worktrees\108_168h\output\pcm_com4_loadall_h168_20260823_210543\base\clu_ovl\r01\output/details_schedule_results/pcm_simulation_results/intervels_[1]/res_schedule_commitment_result.txt
Step-3: Creating dispatching model (Refactored & Modularized)
  Clustered PCM: 108 physical units -> 31 equivalent units (71.3% state reduction; 108 units in non-singleton clusters)
  ✓ True clustered UC completed (31 virtual units)
PART1: [unit-commitment] calculation result has been saved to: D:\GithubClonefiles\module_unitcommitment\.worktrees\108_168h\output\pcm_com4_loadall_h168_20260823_210543\base\clu_ovl\r01\output/details_schedule_results/pcm_simulation_results/intervels_[1]/res_schedule_commitment_result.txt
Step-3: Creating dispatching model (Refactored & Modularized)
  Clustered PCM: 108 physical units -> 31 equivalent units (71.3% state reduction; 108 units in non-singleton clusters)
  ✓ True clustered UC completed (31 virtual units)
PART1: [unit-commitment] calculation result has been saved to: D:\GithubClonefiles\module_unitcommitment\.worktrees\108_168h\output\pcm_com4_loadall_h168_20260823_210543\base\clu_ovl\r01\output/details_schedule_results/pcm_simulation_results/intervels_[1]/res_schedule_commitment_result.txt
PART1: [unit-commitment] calculation result has been saved to: D:\GithubClonefiles\module_unitcommitment\.worktrees\108_168h\output\pcm_com4_loadall_h168_20260823_210543\base\clu_ovl\r01\output/details_schedule_results/pcm_simulation_results/intervels_[1]/res_schedule_commitment_result.txt
Step-3: Creating dispatching model (Refactored & Modularized)
  Clustered PCM: 108 physical units -> 31 equivalent units (71.3% state reduction; 108 units in non-singleton clusters)
  ✓ True clustered UC completed (31 virtual units)
Step-3: Creating dispatching model (Refactored & Modularized)
  Clustered PCM: 108 physical units -> 31 equivalent units (71.3% state reduction; 108 units in non-singleton clusters)
  ✓ True clustered UC completed (31 virtual units)
PART1: [unit-commitment] calculation result has been saved to: D:\GithubClonefiles\module_unitcommitment\.worktrees\108_168h\output\pcm_com4_loadall_h168_20260823_210543\base\clu_ovl\r01\output/details_schedule_results/pcm_simulation_results/intervels_[1]/res_schedule_commitment_result.txt
Step-3: Creating dispatching model (Refactored & Modularized)
  Clustered PCM: 108 physical units -> 31 equivalent units (71.3% state reduction; 108 units in non-singleton clusters)
  ✓ True clustered UC completed (31 virtual units)
PART1: [unit-commitment] calculation result has been saved to: D:\GithubClonefiles\module_unitcommitment\.worktrees\108_168h\output\pcm_com4_loadall_h168_20260823_210543\base\clu_ovl\r01\output/details_schedule_results/pcm_simulation_results/intervels_[1]/res_schedule_commitment_result.txt
Step-3: Creating dispatching model (Refactored & Modularized)
  Clustered PCM: 108 physical units -> 31 equivalent units (71.3% state reduction; 108 units in non-singleton clusters)
  ✓ True clustered UC completed (31 virtual units)
PART1: [unit-commitment] calculation result has been saved to: D:\GithubClonefiles\module_unitcommitment\.worktrees\108_168h\output\pcm_com4_loadall_h168_20260823_210543\base\clu_ovl\r01\output/details_schedule_results/pcm_simulation_results/intervels_[1]/res_schedule_commitment_result.txt
PART1: [unit-commitment] calculation result has been saved to: D:\GithubClonefiles\module_unitcommitment\.worktrees\108_168h\output\pcm_com4_loadall_h168_20260823_210543\base\clu_ovl\r01\output/details_schedule_results/pcm_simulation_results/intervels_[1]/res_schedule_commitment_result.txt
Step-3: Creating dispatching model (Refactored & Modularized)
  Clustered PCM: 108 physical units -> 31 equivalent units (71.3% state reduction; 108 units in non-singleton clusters)
  ✓ True clustered UC completed (31 virtual units)
Step-3: Creating dispatching model (Refactored & Modularized)
  Clustered PCM: 108 physical units -> 31 equivalent units (71.3% state reduction; 108 units in non-singleton clusters)
  ✓ True clustered UC completed (31 virtual units)
PART1: [unit-commitment] calculation result has been saved to: D:\GithubClonefiles\module_unitcommitment\.worktrees\108_168h\output\pcm_com4_loadall_h168_20260823_210543\base\clu_ovl\r01\output/details_schedule_results/pcm_simulation_results/intervels_[1]/res_schedule_commitment_result.txt
Step-3: Creating dispatching model (Refactored & Modularized)
  Clustered PCM: 108 physical units -> 31 equivalent units (71.3% state reduction; 108 units in non-singleton clusters)
  ✓ True clustered UC completed (31 virtual units)
PART1: [unit-commitment] calculation result has been saved to: D:\GithubClonefiles\module_unitcommitment\.worktrees\108_168h\output\pcm_com4_loadall_h168_20260823_210543\base\clu_ovl\r01\output/details_schedule_results/pcm_simulation_results/intervels_[1]/res_schedule_commitment_result.txt
Step-3: Creating dispatching model (Refactored & Modularized)
  Clustered PCM: 108 physical units -> 31 equivalent units (71.3% state reduction; 108 units in non-singleton clusters)
  ✓ True clustered UC completed (31 virtual units)
PART1: [unit-commitment] calculation result has been saved to: D:\GithubClonefiles\module_unitcommitment\.worktrees\108_168h\output\pcm_com4_loadall_h168_20260823_210543\base\clu_ovl\r01\output/details_schedule_results/pcm_simulation_results/intervels_[1]/res_schedule_commitment_result.txt
PART1: [unit-commitment] calculation result has been saved to: D:\GithubClonefiles\module_unitcommitment\.worktrees\108_168h\output\pcm_com4_loadall_h168_20260823_210543\base\clu_ovl\r01\output/details_schedule_results/pcm_simulation_results/intervels_[1]/res_schedule_commitment_result.txt
Step-3: Creating dispatching model (Refactored & Modularized)
  Clustered PCM: 108 physical units -> 31 equivalent units (71.3% state reduction; 108 units in non-singleton clusters)
  ✓ True clustered UC completed (31 virtual units)
Step-3: Creating dispatching model (Refactored & Modularized)
  Clustered PCM: 108 physical units -> 31 equivalent units (71.3% state reduction; 108 units in non-singleton clusters)
  ✓ True clustered UC completed (31 virtual units)
PART1: [unit-commitment] calculation result has been saved to: D:\GithubClonefiles\module_unitcommitment\.worktrees\108_168h\output\pcm_com4_loadall_h168_20260823_210543\base\clu_ovl\r01\output/details_schedule_results/pcm_simulation_results/intervels_[1]/res_schedule_commitment_result.txt
Step-3: Creating dispatching model (Refactored & Modularized)
  Clustered PCM: 108 physical units -> 31 equivalent units (71.3% state reduction; 108 units in non-singleton clusters)
  ✓ True clustered UC completed (31 virtual units)
PART1: [unit-commitment] calculation result has been saved to: D:\GithubClonefiles\module_unitcommitment\.worktrees\108_168h\output\pcm_com4_loadall_h168_20260823_210543\base\clu_ovl\r01\output/details_schedule_results/pcm_simulation_results/intervels_[1]/res_schedule_commitment_result.txt
Step-3: Creating dispatching model (Refactored & Modularized)
  Clustered PCM: 108 physical units -> 31 equivalent units (71.3% state reduction; 108 units in non-singleton clusters)
  ✓ True clustered UC completed (31 virtual units)
PART1: [unit-commitment] calculation result has been saved to: D:\GithubClonefiles\module_unitcommitment\.worktrees\108_168h\output\pcm_com4_loadall_h168_20260823_210543\base\clu_ovl\r01\output/details_schedule_results/pcm_simulation_results/intervels_[1]/res_schedule_commitment_result.txt
PART1: [unit-commitment] calculation result has been saved to: D:\GithubClonefiles\module_unitcommitment\.worktrees\108_168h\output\pcm_com4_loadall_h168_20260823_210543\base\clu_ovl\r01\output/details_schedule_results/pcm_simulation_results/intervels_[1]/res_schedule_commitment_result.txt
Step-3: Creating dispatching model (Refactored & Modularized)
  Clustered PCM: 108 physical units -> 31 equivalent units (71.3% state reduction; 108 units in non-singleton clusters)
  ✓ True clustered UC completed (31 virtual units)
Step-3: Creating dispatching model (Refactored & Modularized)
  Clustered PCM: 108 physical units -> 31 equivalent units (71.3% state reduction; 108 units in non-singleton clusters)
  ✓ True clustered UC completed (31 virtual units)
PART1: [unit-commitment] calculation result has been saved to: D:\GithubClonefiles\module_unitcommitment\.worktrees\108_168h\output\pcm_com4_loadall_h168_20260823_210543\base\clu_ovl\r01\output/details_schedule_results/pcm_simulation_results/intervels_[1]/res_schedule_commitment_result.txt
Step-3: Creating dispatching model (Refactored & Modularized)
  Clustered PCM: 108 physical units -> 31 equivalent units (71.3% state reduction; 108 units in non-singleton clusters)
  ✓ True clustered UC completed (31 virtual units)
PART1: [unit-commitment] calculation result has been saved to: D:\GithubClonefiles\module_unitcommitment\.worktrees\108_168h\output\pcm_com4_loadall_h168_20260823_210543\base\clu_ovl\r01\output/details_schedule_results/pcm_simulation_results/intervels_[1]/res_schedule_commitment_result.txt
Step-3: Creating dispatching model (Refactored & Modularized)
  Clustered PCM: 108 physical units -> 31 equivalent units (71.3% state reduction; 108 units in non-singleton clusters)
  ✓ True clustered UC completed (31 virtual units)
PART1: [unit-commitment] calculation result has been saved to: D:\GithubClonefiles\module_unitcommitment\.worktrees\108_168h\output\pcm_com4_loadall_h168_20260823_210543\base\clu_ovl\r01\output/details_schedule_results/pcm_simulation_results/intervels_[1]/res_schedule_commitment_result.txt
PART1: [unit-commitment] calculation result has been saved to: D:\GithubClonefiles\module_unitcommitment\.worktrees\108_168h\output\pcm_com4_loadall_h168_20260823_210543\base\clu_ovl\r01\output/details_schedule_results/pcm_simulation_results/intervels_[1]/res_schedule_commitment_result.txt
Step-3: Creating dispatching model (Refactored & Modularized)
  Clustered PCM: 108 physical units -> 31 equivalent units (71.3% state reduction; 108 units in non-singleton clusters)
    Fast disaggregation failed at ramp; trying exact cluster-internal certificate
  ✓ True clustered UC completed (31 virtual units)
Step-3: Creating dispatching model (Refactored & Modularized)
  Clustered PCM: 108 physical units -> 31 equivalent units (71.3% state reduction; 108 units in non-singleton clusters)
    Fast disaggregation failed at ramp; trying exact cluster-internal certificate
  ✓ True clustered UC completed (31 virtual units)
PART1: [unit-commitment] calculation result has been saved to: D:\GithubClonefiles\module_unitcommitment\.worktrees\108_168h\output\pcm_com4_loadall_h168_20260823_210543\base\clu_ovl\r01\output/details_schedule_results/pcm_simulation_results/intervels_[1]/res_schedule_commitment_result.txt
Step-3: Creating dispatching model (Refactored & Modularized)
  Clustered PCM: 108 physical units -> 31 equivalent units (71.3% state reduction; 108 units in non-singleton clusters)
  ✓ True clustered UC completed (31 virtual units)
PART1: [unit-commitment] calculation result has been saved to: D:\GithubClonefiles\module_unitcommitment\.worktrees\108_168h\output\pcm_com4_loadall_h168_20260823_210543\base\clu_ovl\r01\output/details_schedule_results/pcm_simulation_results/intervels_[1]/res_schedule_commitment_result.txt
Step-3: Creating dispatching model (Refactored & Modularized)
  Clustered PCM: 108 physical units -> 31 equivalent units (71.3% state reduction; 108 units in non-singleton clusters)
Set parameter Username
Set parameter LicenseID to value 2826524
Academic license - for non-commercial use only - expires 2027-05-22
Set parameter Username
Set parameter LicenseID to value 2826524
Academic license - for non-commercial use only - expires 2027-05-22
Set parameter Username
Set parameter LicenseID to value 2826524
Academic license - for non-commercial use only - expires 2027-05-22
Set parameter Username
Set parameter LicenseID to value 2826524
Academic license - for non-commercial use only - expires 2027-05-22
Set parameter Username
Set parameter LicenseID to value 2826524
Academic license - for non-commercial use only - expires 2027-05-22
Set parameter Username
Set parameter LicenseID to value 2826524
Academic license - for non-commercial use only - expires 2027-05-22
Set parameter Username
Set parameter LicenseID to value 2826524
Academic license - for non-commercial use only - expires 2027-05-22
Set parameter Username
Set parameter LicenseID to value 2826524
Academic license - for non-commercial use only - expires 2027-05-22
Set parameter Username
Set parameter LicenseID to value 2826524
Academic license - for non-commercial use only - expires 2027-05-22
Set parameter Username
Set parameter LicenseID to value 2826524
Academic license - for non-commercial use only - expires 2027-05-22
Set parameter Username
Set parameter LicenseID to value 2826524
Academic license - for non-commercial use only - expires 2027-05-22
Set parameter Username
Set parameter LicenseID to value 2826524
Academic license - for non-commercial use only - expires 2027-05-22
Set parameter Username
Set parameter LicenseID to value 2826524
Academic license - for non-commercial use only - expires 2027-05-22
Set parameter Username
Set parameter LicenseID to value 2826524
Academic license - for non-commercial use only - expires 2027-05-22
Set parameter Username
Set parameter LicenseID to value 2826524
Academic license - for non-commercial use only - expires 2027-05-22
Set parameter Username
Set parameter LicenseID to value 2826524
Academic license - for non-commercial use only - expires 2027-05-22
Set parameter Username
Set parameter LicenseID to value 2826524
Academic license - for non-commercial use only - expires 2027-05-22
Set parameter Username
Set parameter LicenseID to value 2826524
Academic license - for non-commercial use only - expires 2027-05-22
Set parameter Username
Set parameter LicenseID to value 2826524
Academic license - for non-commercial use only - expires 2027-05-22
Set parameter Username
Set parameter LicenseID to value 2826524
Academic license - for non-commercial use only - expires 2027-05-22
Set parameter Username
Set parameter LicenseID to value 2826524
Academic license - for non-commercial use only - expires 2027-05-22
Set parameter Username
Set parameter LicenseID to value 2826524
Academic license - for non-commercial use only - expires 2027-05-22
Set parameter Username
Set parameter LicenseID to value 2826524
Academic license - for non-commercial use only - expires 2027-05-22
Set parameter Username
Set parameter LicenseID to value 2826524
Academic license - for non-commercial use only - expires 2027-05-22
Set parameter Username
Set parameter LicenseID to value 2826524
Academic license - for non-commercial use only - expires 2027-05-22
Set parameter Username
Set parameter LicenseID to value 2826524
Academic license - for non-commercial use only - expires 2027-05-22
Set parameter Username
Set parameter LicenseID to value 2826524
Academic license - for non-commercial use only - expires 2027-05-22
Set parameter Username
Set parameter LicenseID to value 2826524
Academic license - for non-commercial use only - expires 2027-05-22
Set parameter Username
Set parameter LicenseID to value 2826524
Academic license - for non-commercial use only - expires 2027-05-22
Set parameter Username
Set parameter LicenseID to value 2826524
Academic license - for non-commercial use only - expires 2027-05-22
Set parameter Username
Set parameter LicenseID to value 2826524
Academic license - for non-commercial use only - expires 2027-05-22
Set parameter Username
Set parameter LicenseID to value 2826524
Academic license - for non-commercial use only - expires 2027-05-22
Set parameter Username
Set parameter LicenseID to value 2826524
Academic license - for non-commercial use only - expires 2027-05-22
Set parameter Username
Set parameter LicenseID to value 2826524
Academic license - for non-commercial use only - expires 2027-05-22
Set parameter Username
Set parameter LicenseID to value 2826524
Academic license - for non-commercial use only - expires 2027-05-22
Set parameter Username
Set parameter LicenseID to value 2826524
Academic license - for non-commercial use only - expires 2027-05-22
Set parameter Username
Set parameter LicenseID to value 2826524
Academic license - for non-commercial use only - expires 2027-05-22
Set parameter Username
Set parameter LicenseID to value 2826524
Academic license - for non-commercial use only - expires 2027-05-22
Set parameter Username
Set parameter LicenseID to value 2826524
Academic license - for non-commercial use only - expires 2027-05-22
Set parameter Username
Set parameter LicenseID to value 2826524
Academic license - for non-commercial use only - expires 2027-05-22
Set parameter Username
Set parameter LicenseID to value 2826524
Academic license - for non-commercial use only - expires 2027-05-22
Set parameter Username
Set parameter LicenseID to value 2826524
Academic license - for non-commercial use only - expires 2027-05-22
Set parameter Username
Set parameter LicenseID to value 2826524
Academic license - for non-commercial use only - expires 2027-05-22
Set parameter Username
Set parameter LicenseID to value 2826524
Academic license - for non-commercial use only - expires 2027-05-22
Set parameter Username
Set parameter LicenseID to value 2826524
Academic license - for non-commercial use only - expires 2027-05-22
Set parameter Username
Set parameter LicenseID to value 2826524
Academic license - for non-commercial use only - expires 2027-05-22
Set parameter Username
Set parameter LicenseID to value 2826524
Academic license - for non-commercial use only - expires 2027-05-22
Set parameter Username
Set parameter LicenseID to value 2826524
Academic license - for non-commercial use only - expires 2027-05-22
Set parameter Username
Set parameter LicenseID to value 2826524
Academic license - for non-commercial use only - expires 2027-05-22
Set parameter Username
Set parameter LicenseID to value 2826524
Academic license - for non-commercial use only - expires 2027-05-22
Set parameter Username
Set parameter LicenseID to value 2826524
Academic license - for non-commercial use only - expires 2027-05-22
Set parameter Username
Set parameter LicenseID to value 2826524
Academic license - for non-commercial use only - expires 2027-05-22
Set parameter Username
Set parameter LicenseID to value 2826524
Academic license - for non-commercial use only - expires 2027-05-22
Set parameter Username
Set parameter LicenseID to value 2826524
Academic license - for non-commercial use only - expires 2027-05-22
Set parameter Username
Set parameter LicenseID to value 2826524
Academic license - for non-commercial use only - expires 2027-05-22
Set parameter Username
Set parameter LicenseID to value 2826524
Academic license - for non-commercial use only - expires 2027-05-22
Set parameter Username
Set parameter LicenseID to value 2826524
Academic license - for non-commercial use only - expires 2027-05-22
Set parameter Username
Set parameter LicenseID to value 2826524
Academic license - for non-commercial use only - expires 2027-05-22
Set parameter Username
Set parameter LicenseID to value 2826524
Academic license - for non-commercial use only - expires 2027-05-22
Set parameter Username
Set parameter LicenseID to value 2826524
Academic license - for non-commercial use only - expires 2027-05-22
Set parameter Username
Set parameter LicenseID to value 2826524
Academic license - for non-commercial use only - expires 2027-05-22
Set parameter Username
Set parameter LicenseID to value 2826524
Academic license - for non-commercial use only - expires 2027-05-22
Set parameter Username
Set parameter LicenseID to value 2826524
Academic license - for non-commercial use only - expires 2027-05-22
Set parameter Username
Set parameter LicenseID to value 2826524
Academic license - for non-commercial use only - expires 2027-05-22
Set parameter Username
Set parameter LicenseID to value 2826524
Academic license - for non-commercial use only - expires 2027-05-22
Set parameter Username
Set parameter LicenseID to value 2826524
Academic license - for non-commercial use only - expires 2027-05-22
Set parameter Username
Set parameter LicenseID to value 2826524
Academic license - for non-commercial use only - expires 2027-05-22
Set parameter Username
Set parameter LicenseID to value 2826524
Academic license - for non-commercial use only - expires 2027-05-22
Set parameter Username
Set parameter LicenseID to value 2826524
Academic license - for non-commercial use only - expires 2027-05-22
Set parameter Username
Set parameter LicenseID to value 2826524
Academic license - for non-commercial use only - expires 2027-05-22
Set parameter Username
Set parameter LicenseID to value 2826524
Academic license - for non-commercial use only - expires 2027-05-22
Set parameter Username
Set parameter LicenseID to value 2826524
Academic license - for non-commercial use only - expires 2027-05-22
Set parameter Username
Set parameter LicenseID to value 2826524
Academic license - for non-commercial use only - expires 2027-05-22
Set parameter Username
Set parameter LicenseID to value 2826524
Academic license - for non-commercial use only - expires 2027-05-22
Set parameter Username
Set parameter LicenseID to value 2826524
Academic license - for non-commercial use only - expires 2027-05-22
Set parameter Username
Set parameter LicenseID to value 2826524
Academic license - for non-commercial use only - expires 2027-05-22
Set parameter Username
Set parameter LicenseID to value 2826524
Academic license - for non-commercial use only - expires 2027-05-22
Set parameter Username
Set parameter LicenseID to value 2826524
Academic license - for non-commercial use only - expires 2027-05-22
Set parameter Username
Set parameter LicenseID to value 2826524
Academic license - for non-commercial use only - expires 2027-05-22
Set parameter Username
Set parameter LicenseID to value 2826524
Academic license - for non-commercial use only - expires 2027-05-22
Set parameter Username
Set parameter LicenseID to value 2826524
Academic license - for non-commercial use only - expires 2027-05-22
Set parameter Username
Set parameter LicenseID to value 2826524
Academic license - for non-commercial use only - expires 2027-05-22
Set parameter Username
Set parameter LicenseID to value 2826524
Academic license - for non-commercial use only - expires 2027-05-22
Set parameter Username
Set parameter LicenseID to value 2826524
Academic license - for non-commercial use only - expires 2027-05-22
Set parameter Username
Set parameter LicenseID to value 2826524
Academic license - for non-commercial use only - expires 2027-05-22
Set parameter Username
Set parameter LicenseID to value 2826524
Academic license - for non-commercial use only - expires 2027-05-22
Set parameter Username
Set parameter LicenseID to value 2826524
Academic license - for non-commercial use only - expires 2027-05-22
Set parameter Username
Set parameter LicenseID to value 2826524
Academic license - for non-commercial use only - expires 2027-05-22
Set parameter Username
Set parameter LicenseID to value 2826524
Academic license - for non-commercial use only - expires 2027-05-22
Set parameter Username
Set parameter LicenseID to value 2826524
Academic license - for non-commercial use only - expires 2027-05-22
Set parameter Username
Set parameter LicenseID to value 2826524
Academic license - for non-commercial use only - expires 2027-05-22
Set parameter Username
Set parameter LicenseID to value 2826524
Academic license - for non-commercial use only - expires 2027-05-22
Set parameter Username
Set parameter LicenseID to value 2826524
Academic license - for non-commercial use only - expires 2027-05-22
Set parameter Username
Set parameter LicenseID to value 2826524
Academic license - for non-commercial use only - expires 2027-05-22
Set parameter Username
Set parameter LicenseID to value 2826524
Academic license - for non-commercial use only - expires 2027-05-22
Set parameter Username
Set parameter LicenseID to value 2826524
Academic license - for non-commercial use only - expires 2027-05-22
Set parameter Username
Set parameter LicenseID to value 2826524
Academic license - for non-commercial use only - expires 2027-05-22
Set parameter Username
Set parameter LicenseID to value 2826524
Academic license - for non-commercial use only - expires 2027-05-22
Set parameter Username
Set parameter LicenseID to value 2826524
Academic license - for non-commercial use only - expires 2027-05-22
Set parameter Username
Set parameter LicenseID to value 2826524
Academic license - for non-commercial use only - expires 2027-05-22
Set parameter Username
Set parameter LicenseID to value 2826524
Academic license - for non-commercial use only - expires 2027-05-22
Set parameter Username
Set parameter LicenseID to value 2826524
Academic license - for non-commercial use only - expires 2027-05-22
Set parameter Username
Set parameter LicenseID to value 2826524
Academic license - for non-commercial use only - expires 2027-05-22
Set parameter Username
Set parameter LicenseID to value 2826524
Academic license - for non-commercial use only - expires 2027-05-22
Set parameter Username
Set parameter LicenseID to value 2826524
Academic license - for non-commercial use only - expires 2027-05-22
Set parameter Username
Set parameter LicenseID to value 2826524
Academic license - for non-commercial use only - expires 2027-05-22
Set parameter Username
Set parameter LicenseID to value 2826524
Academic license - for non-commercial use only - expires 2027-05-22
Set parameter Username
Set parameter LicenseID to value 2826524
Academic license - for non-commercial use only - expires 2027-05-22
Set parameter Username
Set parameter LicenseID to value 2826524
Academic license - for non-commercial use only - expires 2027-05-22
Set parameter Username
Set parameter LicenseID to value 2826524
Academic license - for non-commercial use only - expires 2027-05-22
Set parameter Username
Set parameter LicenseID to value 2826524
Academic license - for non-commercial use only - expires 2027-05-22
Set parameter Username
Set parameter LicenseID to value 2826524
Academic license - for non-commercial use only - expires 2027-05-22
Set parameter Username
Set parameter LicenseID to value 2826524
Academic license - for non-commercial use only - expires 2027-05-22
Set parameter Username
Set parameter LicenseID to value 2826524
Academic license - for non-commercial use only - expires 2027-05-22
Set parameter Username
Set parameter LicenseID to value 2826524
Academic license - for non-commercial use only - expires 2027-05-22
Set parameter Username
Set parameter LicenseID to value 2826524
Academic license - for non-commercial use only - expires 2027-05-22
Set parameter Username
Set parameter LicenseID to value 2826524
Academic license - for non-commercial use only - expires 2027-05-22
Set parameter Username
Set parameter LicenseID to value 2826524
Academic license - for non-commercial use only - expires 2027-05-22
Set parameter Username
Set parameter LicenseID to value 2826524
Academic license - for non-commercial use only - expires 2027-05-22
Set parameter Username
Set parameter LicenseID to value 2826524
Academic license - for non-commercial use only - expires 2027-05-22
Set parameter Username
Set parameter LicenseID to value 2826524
Academic license - for non-commercial use only - expires 2027-05-22
Set parameter Username
Set parameter LicenseID to value 2826524
Academic license - for non-commercial use only - expires 2027-05-22
Set parameter Username
Set parameter LicenseID to value 2826524
Academic license - for non-commercial use only - expires 2027-05-22
Set parameter Username
Set parameter LicenseID to value 2826524
Academic license - for non-commercial use only - expires 2027-05-22
Set parameter Username
Set parameter LicenseID to value 2826524
Academic license - for non-commercial use only - expires 2027-05-22
Set parameter Username
Set parameter LicenseID to value 2826524
Academic license - for non-commercial use only - expires 2027-05-22
Set parameter Username
Set parameter LicenseID to value 2826524
Academic license - for non-commercial use only - expires 2027-05-22
Set parameter Username
Set parameter LicenseID to value 2826524
Academic license - for non-commercial use only - expires 2027-05-22
Set parameter Username
Set parameter LicenseID to value 2826524
Academic license - for non-commercial use only - expires 2027-05-22
Set parameter Username
Set parameter LicenseID to value 2826524
Academic license - for non-commercial use only - expires 2027-05-22
Set parameter Username
Set parameter LicenseID to value 2826524
Academic license - for non-commercial use only - expires 2027-05-22
Set parameter Username
Set parameter LicenseID to value 2826524
Academic license - for non-commercial use only - expires 2027-05-22
Set parameter Username
Set parameter LicenseID to value 2826524
Academic license - for non-commercial use only - expires 2027-05-22
Set parameter Username
Set parameter LicenseID to value 2826524
Academic license - for non-commercial use only - expires 2027-05-22
Set parameter Username
Set parameter LicenseID to value 2826524
Academic license - for non-commercial use only - expires 2027-05-22
Set parameter Username
Set parameter LicenseID to value 2826524
Academic license - for non-commercial use only - expires 2027-05-22
Set parameter Username
Set parameter LicenseID to value 2826524
Academic license - for non-commercial use only - expires 2027-05-22
Set parameter Username
Set parameter LicenseID to value 2826524
Academic license - for non-commercial use only - expires 2027-05-22
Set parameter Username
Set parameter LicenseID to value 2826524
Academic license - for non-commercial use only - expires 2027-05-22
Set parameter Username
Set parameter LicenseID to value 2826524
Academic license - for non-commercial use only - expires 2027-05-22
Set parameter Username
Set parameter LicenseID to value 2826524
Academic license - for non-commercial use only - expires 2027-05-22
Set parameter Username
Set parameter LicenseID to value 2826524
Academic license - for non-commercial use only - expires 2027-05-22
Set parameter Username
Set parameter LicenseID to value 2826524
Academic license - for non-commercial use only - expires 2027-05-22
Set parameter Username
Set parameter LicenseID to value 2826524
Academic license - for non-commercial use only - expires 2027-05-22
Set parameter Username
Set parameter LicenseID to value 2826524
Academic license - for non-commercial use only - expires 2027-05-22
Set parameter Username
Set parameter LicenseID to value 2826524
Academic license - for non-commercial use only - expires 2027-05-22
Set parameter Username
Set parameter LicenseID to value 2826524
Academic license - for non-commercial use only - expires 2027-05-22
Set parameter Username
Set parameter LicenseID to value 2826524
Academic license - for non-commercial use only - expires 2027-05-22
Set parameter Username
Set parameter LicenseID to value 2826524
Academic license - for non-commercial use only - expires 2027-05-22
Set parameter Username
Set parameter LicenseID to value 2826524
Academic license - for non-commercial use only - expires 2027-05-22
Set parameter Username
Set parameter LicenseID to value 2826524
Academic license - for non-commercial use only - expires 2027-05-22
Set parameter Username
Set parameter LicenseID to value 2826524
Academic license - for non-commercial use only - expires 2027-05-22
Set parameter Username
Set parameter LicenseID to value 2826524
Academic license - for non-commercial use only - expires 2027-05-22
Set parameter Username
Set parameter LicenseID to value 2826524
Academic license - for non-commercial use only - expires 2027-05-22
Set parameter Username
Set parameter LicenseID to value 2826524
Academic license - for non-commercial use only - expires 2027-05-22
Set parameter Username
Set parameter LicenseID to value 2826524
Academic license - for non-commercial use only - expires 2027-05-22
Set parameter Username
Set parameter LicenseID to value 2826524
Academic license - for non-commercial use only - expires 2027-05-22
Set parameter Username
Set parameter LicenseID to value 2826524
Academic license - for non-commercial use only - expires 2027-05-22
Set parameter Username
Set parameter LicenseID to value 2826524
Academic license - for non-commercial use only - expires 2027-05-22
Set parameter Username
Set parameter LicenseID to value 2826524
Academic license - for non-commercial use only - expires 2027-05-22
Set parameter Username
Set parameter LicenseID to value 2826524
Academic license - for non-commercial use only - expires 2027-05-22
Set parameter Username
Set parameter LicenseID to value 2826524
Academic license - for non-commercial use only - expires 2027-05-22
Set parameter Username
Set parameter LicenseID to value 2826524
Academic license - for non-commercial use only - expires 2027-05-22
Set parameter Username
Set parameter LicenseID to value 2826524
Academic license - for non-commercial use only - expires 2027-05-22
Set parameter Username
Set parameter LicenseID to value 2826524
Academic license - for non-commercial use only - expires 2027-05-22
Set parameter Username
Set parameter LicenseID to value 2826524
Academic license - for non-commercial use only - expires 2027-05-22
Set parameter Username
Set parameter LicenseID to value 2826524
Academic license - for non-commercial use only - expires 2027-05-22
Set parameter Username
Set parameter LicenseID to value 2826524
Academic license - for non-commercial use only - expires 2027-05-22
Set parameter Username
Set parameter LicenseID to value 2826524
Academic license - for non-commercial use only - expires 2027-05-22
Set parameter Username
Set parameter LicenseID to value 2826524
Academic license - for non-commercial use only - expires 2027-05-22
Set parameter Username
Set parameter LicenseID to value 2826524
Academic license - for non-commercial use only - expires 2027-05-22
Set parameter Username
Set parameter LicenseID to value 2826524
Academic license - for non-commercial use only - expires 2027-05-22
Set parameter Username
Set parameter LicenseID to value 2826524
Academic license - for non-commercial use only - expires 2027-05-22
Set parameter Username
Set parameter LicenseID to value 2826524
Academic license - for non-commercial use only - expires 2027-05-22
Set parameter Username
Set parameter LicenseID to value 2826524
Academic license - for non-commercial use only - expires 2027-05-22
Set parameter Username
Set parameter LicenseID to value 2826524
Academic license - for non-commercial use only - expires 2027-05-22
Set parameter Username
Set parameter LicenseID to value 2826524
Academic license - for non-commercial use only - expires 2027-05-22
Set parameter Username
Set parameter LicenseID to value 2826524
Academic license - for non-commercial use only - expires 2027-05-22
Set parameter Username
Set parameter LicenseID to value 2826524
Academic license - for non-commercial use only - expires 2027-05-22
Set parameter Username
Set parameter LicenseID to value 2826524
Academic license - for non-commercial use only - expires 2027-05-22
Set parameter Username
Set parameter LicenseID to value 2826524
Academic license - for non-commercial use only - expires 2027-05-22
Set parameter Username
Set parameter LicenseID to value 2826524
Academic license - for non-commercial use only - expires 2027-05-22
Set parameter Username
Set parameter LicenseID to value 2826524
Academic license - for non-commercial use only - expires 2027-05-22
Set parameter Username
Set parameter LicenseID to value 2826524
Academic license - for non-commercial use only - expires 2027-05-22
Set parameter Username
Set parameter LicenseID to value 2826524
Academic license - for non-commercial use only - expires 2027-05-22
Set parameter Username
Set parameter LicenseID to value 2826524
Academic license - for non-commercial use only - expires 2027-05-22
Set parameter Username
Set parameter LicenseID to value 2826524
Academic license - for non-commercial use only - expires 2027-05-22
Set parameter Username
Set parameter LicenseID to value 2826524
Academic license - for non-commercial use only - expires 2027-05-22
Set parameter Username
Set parameter LicenseID to value 2826524
Academic license - for non-commercial use only - expires 2027-05-22
Set parameter Username
Set parameter LicenseID to value 2826524
Academic license - for non-commercial use only - expires 2027-05-22
Set parameter Username
Set parameter LicenseID to value 2826524
Academic license - for non-commercial use only - expires 2027-05-22
Set parameter Username
Set parameter LicenseID to value 2826524
Academic license - for non-commercial use only - expires 2027-05-22
Set parameter Username
Set parameter LicenseID to value 2826524
Academic license - for non-commercial use only - expires 2027-05-22
Set parameter Username
Set parameter LicenseID to value 2826524
Academic license - for non-commercial use only - expires 2027-05-22
Set parameter Username
Set parameter LicenseID to value 2826524
Academic license - for non-commercial use only - expires 2027-05-22
Set parameter Username
Set parameter LicenseID to value 2826524
Academic license - for non-commercial use only - expires 2027-05-22
Set parameter Username
Set parameter LicenseID to value 2826524
Academic license - for non-commercial use only - expires 2027-05-22
Set parameter Username
Set parameter LicenseID to value 2826524
Academic license - for non-commercial use only - expires 2027-05-22
Set parameter Username
Set parameter LicenseID to value 2826524
Academic license - for non-commercial use only - expires 2027-05-22
Set parameter Username
Set parameter LicenseID to value 2826524
Academic license - for non-commercial use only - expires 2027-05-22
Set parameter Username
Set parameter LicenseID to value 2826524
Academic license - for non-commercial use only - expires 2027-05-22
Set parameter Username
Set parameter LicenseID to value 2826524
Academic license - for non-commercial use only - expires 2027-05-22
Set parameter Username
Set parameter LicenseID to value 2826524
Academic license - for non-commercial use only - expires 2027-05-22
Set parameter Username
Set parameter LicenseID to value 2826524
Academic license - for non-commercial use only - expires 2027-05-22
Set parameter Username
Set parameter LicenseID to value 2826524
Academic license - for non-commercial use only - expires 2027-05-22
Set parameter Username
Set parameter LicenseID to value 2826524
Academic license - for non-commercial use only - expires 2027-05-22
Set parameter Username
Set parameter LicenseID to value 2826524
Academic license - for non-commercial use only - expires 2027-05-22
Set parameter Username
Set parameter LicenseID to value 2826524
Academic license - for non-commercial use only - expires 2027-05-22
Set parameter Username
Set parameter LicenseID to value 2826524
Academic license - for non-commercial use only - expires 2027-05-22
Set parameter Username
Set parameter LicenseID to value 2826524
Academic license - for non-commercial use only - expires 2027-05-22
Set parameter Username
Set parameter LicenseID to value 2826524
Academic license - for non-commercial use only - expires 2027-05-22
  ✓ True clustered UC completed (31 virtual units)
PART1: [unit-commitment] calculation result has been saved to: D:\GithubClonefiles\module_unitcommitment\.worktrees\108_168h\output\pcm_com4_loadall_h168_20260823_210543\base\clu_ovl\r01\output/details_schedule_results/pcm_simulation_results/intervels_[1]/res_schedule_commitment_result.txt
PART1: [unit-commitment] calculation result has been saved to: D:\GithubClonefiles\module_unitcommitment\.worktrees\108_168h\output\pcm_com4_loadall_h168_20260823_210543\base\clu_ovl\r01\output/details_schedule_results/pcm_simulation_results/intervels_[1]/res_schedule_commitment_result.txt
Step-3: Creating dispatching model (Refactored & Modularized)
  Clustered PCM: 108 physical units -> 31 equivalent units (71.3% state reduction; 108 units in non-singleton clusters)
  ✓ True clustered UC completed (31 virtual units)
Step-3: Creating dispatching model (Refactored & Modularized)
  Clustered PCM: 108 physical units -> 31 equivalent units (71.3% state reduction; 108 units in non-singleton clusters)
  ✓ True clustered UC completed (31 virtual units)
PART1: [unit-commitment] calculation result has been saved to: D:\GithubClonefiles\module_unitcommitment\.worktrees\108_168h\output\pcm_com4_loadall_h168_20260823_210543\base\clu_ovl\r01\output/details_schedule_results/pcm_simulation_results/intervels_[1]/res_schedule_commitment_result.txt
Step-3: Creating dispatching model (Refactored & Modularized)
  Clustered PCM: 108 physical units -> 31 equivalent units (71.3% state reduction; 108 units in non-singleton clusters)
  ✓ True clustered UC completed (31 virtual units)
PART1: [unit-commitment] calculation result has been saved to: D:\GithubClonefiles\module_unitcommitment\.worktrees\108_168h\output\pcm_com4_loadall_h168_20260823_210543\base\clu_ovl\r01\output/details_schedule_results/pcm_simulation_results/intervels_[1]/res_schedule_commitment_result.txt
Step-3: Creating dispatching model (Refactored & Modularized)
  Clustered PCM: 108 physical units -> 31 equivalent units (71.3% state reduction; 108 units in non-singleton clusters)
  ✓ True clustered UC completed (31 virtual units)
PART1: [unit-commitment] calculation result has been saved to: D:\GithubClonefiles\module_unitcommitment\.worktrees\108_168h\output\pcm_com4_loadall_h168_20260823_210543\base\clu_ovl\r01\output/details_schedule_results/pcm_simulation_results/intervels_[1]/res_schedule_commitment_result.txt
PART1: [unit-commitment] calculation result has been saved to: D:\GithubClonefiles\module_unitcommitment\.worktrees\108_168h\output\pcm_com4_loadall_h168_20260823_210543\base\clu_ovl\r01\output/details_schedule_results/pcm_simulation_results/intervels_[1]/res_schedule_commitment_result.txt
Step-3: Creating dispatching model (Refactored & Modularized)
  Clustered PCM: 108 physical units -> 31 equivalent units (71.3% state reduction; 108 units in non-singleton clusters)
  ✓ True clustered UC completed (31 virtual units)
Step-3: Creating dispatching model (Refactored & Modularized)
  Clustered PCM: 108 physical units -> 31 equivalent units (71.3% state reduction; 108 units in non-singleton clusters)
  ✓ True clustered UC completed (31 virtual units)
PART1: [unit-commitment] calculation result has been saved to: D:\GithubClonefiles\module_unitcommitment\.worktrees\108_168h\output\pcm_com4_loadall_h168_20260823_210543\base\clu_ovl\r01\output/details_schedule_results/pcm_simulation_results/intervels_[1]/res_schedule_commitment_result.txt
Step-3: Creating dispatching model (Refactored & Modularized)
  Clustered PCM: 108 physical units -> 31 equivalent units (71.3% state reduction; 108 units in non-singleton clusters)
  ✓ True clustered UC completed (31 virtual units)
PART1: [unit-commitment] calculation result has been saved to: D:\GithubClonefiles\module_unitcommitment\.worktrees\108_168h\output\pcm_com4_loadall_h168_20260823_210543\base\clu_ovl\r01\output/details_schedule_results/pcm_simulation_results/intervels_[1]/res_schedule_commitment_result.txt
Step-3: Creating dispatching model (Refactored & Modularized)
  Clustered PCM: 108 physical units -> 31 equivalent units (71.3% state reduction; 108 units in non-singleton clusters)
  ✓ True clustered UC completed (31 virtual units)
PART1: [unit-commitment] calculation result has been saved to: D:\GithubClonefiles\module_unitcommitment\.worktrees\108_168h\output\pcm_com4_loadall_h168_20260823_210543\base\clu_ovl\r01\output/details_schedule_results/pcm_simulation_results/intervels_[1]/res_schedule_commitment_result.txt
PART1: [unit-commitment] calculation result has been saved to: D:\GithubClonefiles\module_unitcommitment\.worktrees\108_168h\output\pcm_com4_loadall_h168_20260823_210543\base\clu_ovl\r01\output/details_schedule_results/pcm_simulation_results/intervels_[1]/res_schedule_commitment_result.txt
Step-3: Creating dispatching model (Refactored & Modularized)
  Clustered PCM: 108 physical units -> 31 equivalent units (71.3% state reduction; 108 units in non-singleton clusters)
  ✓ True clustered UC completed (31 virtual units)
Step-3: Creating dispatching model (Refactored & Modularized)
  Clustered PCM: 108 physical units -> 31 equivalent units (71.3% state reduction; 108 units in non-singleton clusters)
  ✓ True clustered UC completed (31 virtual units)
PART1: [unit-commitment] calculation result has been saved to: D:\GithubClonefiles\module_unitcommitment\.worktrees\108_168h\output\pcm_com4_loadall_h168_20260823_210543\base\clu_ovl\r01\output/details_schedule_results/pcm_simulation_results/intervels_[1]/res_schedule_commitment_result.txt
Step-3: Creating dispatching model (Refactored & Modularized)
  Clustered PCM: 108 physical units -> 31 equivalent units (71.3% state reduction; 108 units in non-singleton clusters)
  ✓ True clustered UC completed (31 virtual units)
PART1: [unit-commitment] calculation result has been saved to: D:\GithubClonefiles\module_unitcommitment\.worktrees\108_168h\output\pcm_com4_loadall_h168_20260823_210543\base\clu_ovl\r01\output/details_schedule_results/pcm_simulation_results/intervels_[1]/res_schedule_commitment_result.txt
Step-3: Creating dispatching model (Refactored & Modularized)
  Clustered PCM: 108 physical units -> 31 equivalent units (71.3% state reduction; 108 units in non-singleton clusters)
  ✓ True clustered UC completed (31 virtual units)
PART1: [unit-commitment] calculation result has been saved to: D:\GithubClonefiles\module_unitcommitment\.worktrees\108_168h\output\pcm_com4_loadall_h168_20260823_210543\base\clu_ovl\r01\output/details_schedule_results/pcm_simulation_results/intervels_[1]/res_schedule_commitment_result.txt
PART1: [unit-commitment] calculation result has been saved to: D:\GithubClonefiles\module_unitcommitment\.worktrees\108_168h\output\pcm_com4_loadall_h168_20260823_210543\base\clu_ovl\r01\output/details_schedule_results/pcm_simulation_results/intervels_[1]/res_schedule_commitment_result.txt
Step-3: Creating dispatching model (Refactored & Modularized)
  Clustered PCM: 108 physical units -> 31 equivalent units (71.3% state reduction; 108 units in non-singleton clusters)
  ✓ True clustered UC completed (31 virtual units)
Step-3: Creating dispatching model (Refactored & Modularized)
  Clustered PCM: 108 physical units -> 31 equivalent units (71.3% state reduction; 108 units in non-singleton clusters)
  ✓ True clustered UC completed (31 virtual units)
PART1: [unit-commitment] calculation result has been saved to: D:\GithubClonefiles\module_unitcommitment\.worktrees\108_168h\output\pcm_com4_loadall_h168_20260823_210543\base\clu_ovl\r01\output/details_schedule_results/pcm_simulation_results/intervels_[1]/res_schedule_commitment_result.txt
Step-3: Creating dispatching model (Refactored & Modularized)
  Clustered PCM: 108 physical units -> 31 equivalent units (71.3% state reduction; 108 units in non-singleton clusters)
  ✓ True clustered UC completed (31 virtual units)
PART1: [unit-commitment] calculation result has been saved to: D:\GithubClonefiles\module_unitcommitment\.worktrees\108_168h\output\pcm_com4_loadall_h168_20260823_210543\base\clu_ovl\r01\output/details_schedule_results/pcm_simulation_results/intervels_[1]/res_schedule_commitment_result.txt
Step-3: Creating dispatching model (Refactored & Modularized)
  Clustered PCM: 108 physical units -> 31 equivalent units (71.3% state reduction; 108 units in non-singleton clusters)
  ✓ True clustered UC completed (31 virtual units)
PART1: [unit-commitment] calculation result has been saved to: D:\GithubClonefiles\module_unitcommitment\.worktrees\108_168h\output\pcm_com4_loadall_h168_20260823_210543\base\clu_ovl\r01\output/details_schedule_results/pcm_simulation_results/intervels_[1]/res_schedule_commitment_result.txt
PART1: [unit-commitment] calculation result has been saved to: D:\GithubClonefiles\module_unitcommitment\.worktrees\108_168h\output\pcm_com4_loadall_h168_20260823_210543\base\clu_ovl\r01\output/details_schedule_results/pcm_simulation_results/intervels_[1]/res_schedule_commitment_result.txt
Step-3: Creating dispatching model (Refactored & Modularized)
  Clustered PCM: 108 physical units -> 31 equivalent units (71.3% state reduction; 108 units in non-singleton clusters)
  ✓ True clustered UC completed (31 virtual units)
Step-3: Creating dispatching model (Refactored & Modularized)
  Clustered PCM: 108 physical units -> 31 equivalent units (71.3% state reduction; 108 units in non-singleton clusters)
  ✓ True clustered UC completed (31 virtual units)
PART1: [unit-commitment] calculation result has been saved to: D:\GithubClonefiles\module_unitcommitment\.worktrees\108_168h\output\pcm_com4_loadall_h168_20260823_210543\base\clu_ovl\r01\output/details_schedule_results/pcm_simulation_results/intervels_[1]/res_schedule_commitment_result.txt
Step-3: Creating dispatching model (Refactored & Modularized)
  Clustered PCM: 108 physical units -> 31 equivalent units (71.3% state reduction; 108 units in non-singleton clusters)
  ✓ True clustered UC completed (31 virtual units)
PART1: [unit-commitment] calculation result has been saved to: D:\GithubClonefiles\module_unitcommitment\.worktrees\108_168h\output\pcm_com4_loadall_h168_20260823_210543\base\clu_ovl\r01\output/details_schedule_results/pcm_simulation_results/intervels_[1]/res_schedule_commitment_result.txt
Step-3: Creating dispatching model (Refactored & Modularized)
  Clustered PCM: 108 physical units -> 31 equivalent units (71.3% state reduction; 108 units in non-singleton clusters)
  ✓ True clustered UC completed (31 virtual units)
PART1: [unit-commitment] calculation result has been saved to: D:\GithubClonefiles\module_unitcommitment\.worktrees\108_168h\output\pcm_com4_loadall_h168_20260823_210543\base\clu_ovl\r01\output/details_schedule_results/pcm_simulation_results/intervels_[1]/res_schedule_commitment_result.txt
PART1: [unit-commitment] calculation result has been saved to: D:\GithubClonefiles\module_unitcommitment\.worktrees\108_168h\output\pcm_com4_loadall_h168_20260823_210543\base\clu_ovl\r01\output/details_schedule_results/pcm_simulation_results/intervels_[1]/res_schedule_commitment_result.txt
Step-3: Creating dispatching model (Refactored & Modularized)
  Clustered PCM: 108 physical units -> 31 equivalent units (71.3% state reduction; 108 units in non-singleton clusters)
  ✓ True clustered UC completed (31 virtual units)
Step-3: Creating dispatching model (Refactored & Modularized)
  Clustered PCM: 108 physical units -> 31 equivalent units (71.3% state reduction; 108 units in non-singleton clusters)
  ✓ True clustered UC completed (31 virtual units)
PART1: [unit-commitment] calculation result has been saved to: D:\GithubClonefiles\module_unitcommitment\.worktrees\108_168h\output\pcm_com4_loadall_h168_20260823_210543\base\clu_ovl\r01\output/details_schedule_results/pcm_simulation_results/intervels_[1]/res_schedule_commitment_result.txt
Step-3: Creating dispatching model (Refactored & Modularized)
  Clustered PCM: 108 physical units -> 31 equivalent units (71.3% state reduction; 108 units in non-singleton clusters)
  ✓ True clustered UC completed (31 virtual units)
PART1: [unit-commitment] calculation result has been saved to: D:\GithubClonefiles\module_unitcommitment\.worktrees\108_168h\output\pcm_com4_loadall_h168_20260823_210543\base\clu_ovl\r01\output/details_schedule_results/pcm_simulation_results/intervels_[1]/res_schedule_commitment_result.txt
Step-3: Creating dispatching model (Refactored & Modularized)
  Clustered PCM: 108 physical units -> 31 equivalent units (71.3% state reduction; 108 units in non-singleton clusters)
  ✓ True clustered UC completed (31 virtual units)
PART1: [unit-commitment] calculation result has been saved to: D:\GithubClonefiles\module_unitcommitment\.worktrees\108_168h\output\pcm_com4_loadall_h168_20260823_210543\base\clu_ovl\r01\output/details_schedule_results/pcm_simulation_results/intervels_[1]/res_schedule_commitment_result.txt
PART1: [unit-commitment] calculation result has been saved to: D:\GithubClonefiles\module_unitcommitment\.worktrees\108_168h\output\pcm_com4_loadall_h168_20260823_210543\base\clu_ovl\r01\output/details_schedule_results/pcm_simulation_results/intervels_[1]/res_schedule_commitment_result.txt
Step-3: Creating dispatching model (Refactored & Modularized)
  Clustered PCM: 108 physical units -> 31 equivalent units (71.3% state reduction; 108 units in non-singleton clusters)
  ✓ True clustered UC completed (31 virtual units)
Step-3: Creating dispatching model (Refactored & Modularized)
  Clustered PCM: 108 physical units -> 31 equivalent units (71.3% state reduction; 108 units in non-singleton clusters)
  ✓ True clustered UC completed (31 virtual units)
PART1: [unit-commitment] calculation result has been saved to: D:\GithubClonefiles\module_unitcommitment\.worktrees\108_168h\output\pcm_com4_loadall_h168_20260823_210543\base\clu_ovl\r01\output/details_schedule_results/pcm_simulation_results/intervels_[1]/res_schedule_commitment_result.txt
Step-3: Creating dispatching model (Refactored & Modularized)
  Clustered PCM: 108 physical units -> 31 equivalent units (71.3% state reduction; 108 units in non-singleton clusters)
  ✓ True clustered UC completed (31 virtual units)
PART1: [unit-commitment] calculation result has been saved to: D:\GithubClonefiles\module_unitcommitment\.worktrees\108_168h\output\pcm_com4_loadall_h168_20260823_210543\base\clu_ovl\r01\output/details_schedule_results/pcm_simulation_results/intervels_[1]/res_schedule_commitment_result.txt
Step-3: Creating dispatching model (Refactored & Modularized)
  Clustered PCM: 108 physical units -> 31 equivalent units (71.3% state reduction; 108 units in non-singleton clusters)
  ✓ True clustered UC completed (31 virtual units)
PART1: [unit-commitment] calculation result has been saved to: D:\GithubClonefiles\module_unitcommitment\.worktrees\108_168h\output\pcm_com4_loadall_h168_20260823_210543\base\clu_ovl\r01\output/details_schedule_results/pcm_simulation_results/intervels_[1]/res_schedule_commitment_result.txt
PART1: [unit-commitment] calculation result has been saved to: D:\GithubClonefiles\module_unitcommitment\.worktrees\108_168h\output\pcm_com4_loadall_h168_20260823_210543\base\clu_ovl\r01\output/details_schedule_results/pcm_simulation_results/intervels_[1]/res_schedule_commitment_result.txt
Step-3: Creating dispatching model (Refactored & Modularized)
  Clustered PCM: 108 physical units -> 31 equivalent units (71.3% state reduction; 108 units in non-singleton clusters)
  ✓ True clustered UC completed (31 virtual units)
Step-3: Creating dispatching model (Refactored & Modularized)
  Clustered PCM: 108 physical units -> 31 equivalent units (71.3% state reduction; 108 units in non-singleton clusters)
  ✓ True clustered UC completed (31 virtual units)
PART1: [unit-commitment] calculation result has been saved to: D:\GithubClonefiles\module_unitcommitment\.worktrees\108_168h\output\pcm_com4_loadall_h168_20260823_210543\base\clu_ovl\r01\output/details_schedule_results/pcm_simulation_results/intervels_[1]/res_schedule_commitment_result.txt
Step-3: Creating dispatching model (Refactored & Modularized)
  Clustered PCM: 108 physical units -> 31 equivalent units (71.3% state reduction; 108 units in non-singleton clusters)
  ✓ True clustered UC completed (31 virtual units)
PART1: [unit-commitment] calculation result has been saved to: D:\GithubClonefiles\module_unitcommitment\.worktrees\108_168h\output\pcm_com4_loadall_h168_20260823_210543\base\clu_ovl\r01\output/details_schedule_results/pcm_simulation_results/intervels_[1]/res_schedule_commitment_result.txt
Step-3: Creating dispatching model (Refactored & Modularized)
  Clustered PCM: 108 physical units -> 31 equivalent units (71.3% state reduction; 108 units in non-singleton clusters)
  ✓ True clustered UC completed (31 virtual units)
PART1: [unit-commitment] calculation result has been saved to: D:\GithubClonefiles\module_unitcommitment\.worktrees\108_168h\output\pcm_com4_loadall_h168_20260823_210543\base\clu_ovl\r01\output/details_schedule_results/pcm_simulation_results/intervels_[1]/res_schedule_commitment_result.txt
PART1: [unit-commitment] calculation result has been saved to: D:\GithubClonefiles\module_unitcommitment\.worktrees\108_168h\output\pcm_com4_loadall_h168_20260823_210543\base\clu_ovl\r01\output/details_schedule_results/pcm_simulation_results/intervels_[1]/res_schedule_commitment_result.txt
Step-3: Creating dispatching model (Refactored & Modularized)
  Clustered PCM: 108 physical units -> 31 equivalent units (71.3% state reduction; 108 units in non-singleton clusters)
  ✓ True clustered UC completed (31 virtual units)
Step-3: Creating dispatching model (Refactored & Modularized)
  Clustered PCM: 108 physical units -> 31 equivalent units (71.3% state reduction; 108 units in non-singleton clusters)
  ✓ True clustered UC completed (31 virtual units)
PART1: [unit-commitment] calculation result has been saved to: D:\GithubClonefiles\module_unitcommitment\.worktrees\108_168h\output\pcm_com4_loadall_h168_20260823_210543\base\clu_ovl\r01\output/details_schedule_results/pcm_simulation_results/intervels_[1]/res_schedule_commitment_result.txt
Step-3: Creating dispatching model (Refactored & Modularized)
  Clustered PCM: 108 physical units -> 31 equivalent units (71.3% state reduction; 108 units in non-singleton clusters)
  ✓ True clustered UC completed (31 virtual units)
PART1: [unit-commitment] calculation result has been saved to: D:\GithubClonefiles\module_unitcommitment\.worktrees\108_168h\output\pcm_com4_loadall_h168_20260823_210543\base\clu_ovl\r01\output/details_schedule_results/pcm_simulation_results/intervels_[1]/res_schedule_commitment_result.txt
Step-3: Creating dispatching model (Refactored & Modularized)
  Clustered PCM: 108 physical units -> 31 equivalent units (71.3% state reduction; 108 units in non-singleton clusters)
  ✓ True clustered UC completed (31 virtual units)
PART1: [unit-commitment] calculation result has been saved to: D:\GithubClonefiles\module_unitcommitment\.worktrees\108_168h\output\pcm_com4_loadall_h168_20260823_210543\base\clu_ovl\r01\output/details_schedule_results/pcm_simulation_results/intervels_[1]/res_schedule_commitment_result.txt
PART1: [unit-commitment] calculation result has been saved to: D:\GithubClonefiles\module_unitcommitment\.worktrees\108_168h\output\pcm_com4_loadall_h168_20260823_210543\base\clu_ovl\r01\output/details_schedule_results/pcm_simulation_results/intervels_[1]/res_schedule_commitment_result.txt
Step-3: Creating dispatching model (Refactored & Modularized)
  Clustered PCM: 108 physical units -> 31 equivalent units (71.3% state reduction; 108 units in non-singleton clusters)
    Fast disaggregation failed at ramp; trying exact cluster-internal certificate
  ✓ True clustered UC completed (31 virtual units)
Step-3: Creating dispatching model (Refactored & Modularized)
  Clustered PCM: 108 physical units -> 31 equivalent units (71.3% state reduction; 108 units in non-singleton clusters)
    Fast disaggregation failed at ramp; trying exact cluster-internal certificate
  ✓ True clustered UC completed (31 virtual units)
PART1: [unit-commitment] calculation result has been saved to: D:\GithubClonefiles\module_unitcommitment\.worktrees\108_168h\output\pcm_com4_loadall_h168_20260823_210543\base\clu_ovl\r01\output/details_schedule_results/pcm_simulation_results/intervels_[1]/res_schedule_commitment_result.txt
Step-3: Creating dispatching model (Refactored & Modularized)
  Clustered PCM: 108 physical units -> 31 equivalent units (71.3% state reduction; 108 units in non-singleton clusters)
    Fast disaggregation failed at ramp; trying exact cluster-internal certificate
  ✓ True clustered UC completed (31 virtual units)
PART1: [unit-commitment] calculation result has been saved to: D:\GithubClonefiles\module_unitcommitment\.worktrees\108_168h\output\pcm_com4_loadall_h168_20260823_210543\base\clu_ovl\r01\output/details_schedule_results/pcm_simulation_results/intervels_[1]/res_schedule_commitment_result.txt
Step-3: Creating dispatching model (Refactored & Modularized)
  Clustered PCM: 108 physical units -> 31 equivalent units (71.3% state reduction; 108 units in non-singleton clusters)
  ✓ True clustered UC completed (31 virtual units)
PART1: [unit-commitment] calculation result has been saved to: D:\GithubClonefiles\module_unitcommitment\.worktrees\108_168h\output\pcm_com4_loadall_h168_20260823_210543\base\clu_ovl\r01\output/details_schedule_results/pcm_simulation_results/intervels_[1]/res_schedule_commitment_result.txt
PART1: [unit-commitment] calculation result has been saved to: D:\GithubClonefiles\module_unitcommitment\.worktrees\108_168h\output\pcm_com4_loadall_h168_20260823_210543\base\clu_ovl\r01\output/details_schedule_results/pcm_simulation_results/intervels_[1]/res_schedule_commitment_result.txt
Step-3: Creating dispatching model (Refactored & Modularized)
  Clustered PCM: 108 physical units -> 31 equivalent units (71.3% state reduction; 108 units in non-singleton clusters)
  ✓ True clustered UC completed (31 virtual units)
Step-3: Creating dispatching model (Refactored & Modularized)
  Clustered PCM: 108 physical units -> 31 equivalent units (71.3% state reduction; 108 units in non-singleton clusters)
  ✓ True clustered UC completed (31 virtual units)
PART1: [unit-commitment] calculation result has been saved to: D:\GithubClonefiles\module_unitcommitment\.worktrees\108_168h\output\pcm_com4_loadall_h168_20260823_210543\base\clu_ovl\r01\output/details_schedule_results/pcm_simulation_results/intervels_[1]/res_schedule_commitment_result.txt
Step-3: Creating dispatching model (Refactored & Modularized)
  Clustered PCM: 108 physical units -> 31 equivalent units (71.3% state reduction; 108 units in non-singleton clusters)
  ✓ True clustered UC completed (31 virtual units)
PART1: [unit-commitment] calculation result has been saved to: D:\GithubClonefiles\module_unitcommitment\.worktrees\108_168h\output\pcm_com4_loadall_h168_20260823_210543\base\clu_ovl\r01\output/details_schedule_results/pcm_simulation_results/intervels_[1]/res_schedule_commitment_result.txt
Step-3: Creating dispatching model (Refactored & Modularized)
  Clustered PCM: 108 physical units -> 31 equivalent units (71.3% state reduction; 108 units in non-singleton clusters)
  ✓ True clustered UC completed (31 virtual units)
PART1: [unit-commitment] calculation result has been saved to: D:\GithubClonefiles\module_unitcommitment\.worktrees\108_168h\output\pcm_com4_loadall_h168_20260823_210543\base\clu_ovl\r01\output/details_schedule_results/pcm_simulation_results/intervels_[1]/res_schedule_commitment_result.txt
PART1: [unit-commitment] calculation result has been saved to: D:\GithubClonefiles\module_unitcommitment\.worktrees\108_168h\output\pcm_com4_loadall_h168_20260823_210543\base\clu_ovl\r01\output/details_schedule_results/pcm_simulation_results/intervels_[1]/res_schedule_commitment_result.txt
Step-3: Creating dispatching model (Refactored & Modularized)
  Clustered PCM: 108 physical units -> 31 equivalent units (71.3% state reduction; 108 units in non-singleton clusters)
  ✓ True clustered UC completed (31 virtual units)
Step-3: Creating dispatching model (Refactored & Modularized)
  Clustered PCM: 108 physical units -> 31 equivalent units (71.3% state reduction; 108 units in non-singleton clusters)
  ✓ True clustered UC completed (31 virtual units)
PART1: [unit-commitment] calculation result has been saved to: D:\GithubClonefiles\module_unitcommitment\.worktrees\108_168h\output\pcm_com4_loadall_h168_20260823_210543\base\clu_ovl\r01\output/details_schedule_results/pcm_simulation_results/intervels_[1]/res_schedule_commitment_result.txt
Step-3: Creating dispatching model (Refactored & Modularized)
  Clustered PCM: 108 physical units -> 31 equivalent units (71.3% state reduction; 108 units in non-singleton clusters)
  ✓ True clustered UC completed (31 virtual units)
PART1: [unit-commitment] calculation result has been saved to: D:\GithubClonefiles\module_unitcommitment\.worktrees\108_168h\output\pcm_com4_loadall_h168_20260823_210543\base\clu_ovl\r01\output/details_schedule_results/pcm_simulation_results/intervels_[1]/res_schedule_commitment_result.txt
Step-3: Creating dispatching model (Refactored & Modularized)
  Clustered PCM: 108 physical units -> 31 equivalent units (71.3% state reduction; 108 units in non-singleton clusters)
  ✓ True clustered UC completed (31 virtual units)
PART1: [unit-commitment] calculation result has been saved to: D:\GithubClonefiles\module_unitcommitment\.worktrees\108_168h\output\pcm_com4_loadall_h168_20260823_210543\base\clu_ovl\r01\output/details_schedule_results/pcm_simulation_results/intervels_[1]/res_schedule_commitment_result.txt
PART1: [unit-commitment] calculation result has been saved to: D:\GithubClonefiles\module_unitcommitment\.worktrees\108_168h\output\pcm_com4_loadall_h168_20260823_210543\base\clu_ovl\r01\output/details_schedule_results/pcm_simulation_results/intervels_[1]/res_schedule_commitment_result.txt
Step-3: Creating dispatching model (Refactored & Modularized)
  Clustered PCM: 108 physical units -> 31 equivalent units (71.3% state reduction; 108 units in non-singleton clusters)
  ✓ True clustered UC completed (31 virtual units)
Step-3: Creating dispatching model (Refactored & Modularized)
  Clustered PCM: 108 physical units -> 31 equivalent units (71.3% state reduction; 108 units in non-singleton clusters)
  ✓ True clustered UC completed (31 virtual units)
PART1: [unit-commitment] calculation result has been saved to: D:\GithubClonefiles\module_unitcommitment\.worktrees\108_168h\output\pcm_com4_loadall_h168_20260823_210543\base\clu_ovl\r01\output/details_schedule_results/pcm_simulation_results/intervels_[1]/res_schedule_commitment_result.txt
Step-3: Creating dispatching model (Refactored & Modularized)
  Clustered PCM: 108 physical units -> 31 equivalent units (71.3% state reduction; 108 units in non-singleton clusters)
  ✓ True clustered UC completed (31 virtual units)
PART1: [unit-commitment] calculation result has been saved to: D:\GithubClonefiles\module_unitcommitment\.worktrees\108_168h\output\pcm_com4_loadall_h168_20260823_210543\base\clu_ovl\r01\output/details_schedule_results/pcm_simulation_results/intervels_[1]/res_schedule_commitment_result.txt
Step-3: Creating dispatching model (Refactored & Modularized)
  Clustered PCM: 108 physical units -> 31 equivalent units (71.3% state reduction; 108 units in non-singleton clusters)
  ✓ True clustered UC completed (31 virtual units)
PART1: [unit-commitment] calculation result has been saved to: D:\GithubClonefiles\module_unitcommitment\.worktrees\108_168h\output\pcm_com4_loadall_h168_20260823_210543\base\clu_ovl\r01\output/details_schedule_results/pcm_simulation_results/intervels_[1]/res_schedule_commitment_result.txt
PART1: [unit-commitment] calculation result has been saved to: D:\GithubClonefiles\module_unitcommitment\.worktrees\108_168h\output\pcm_com4_loadall_h168_20260823_210543\base\clu_ovl\r01\output/details_schedule_results/pcm_simulation_results/intervels_[1]/res_schedule_commitment_result.txt
Step-3: Creating dispatching model (Refactored & Modularized)
  Clustered PCM: 108 physical units -> 31 equivalent units (71.3% state reduction; 108 units in non-singleton clusters)
    Fast disaggregation failed at ramp; trying exact cluster-internal certificate
  ✓ True clustered UC completed (31 virtual units)
Step-3: Creating dispatching model (Refactored & Modularized)
  Clustered PCM: 108 physical units -> 31 equivalent units (71.3% state reduction; 108 units in non-singleton clusters)
    Fast disaggregation failed at ramp; trying exact cluster-internal certificate
  ✓ True clustered UC completed (31 virtual units)
PART1: [unit-commitment] calculation result has been saved to: D:\GithubClonefiles\module_unitcommitment\.worktrees\108_168h\output\pcm_com4_loadall_h168_20260823_210543\base\clu_ovl\r01\output/details_schedule_results/pcm_simulation_results/intervels_[1]/res_schedule_commitment_result.txt
Step-3: Creating dispatching model (Refactored & Modularized)
  Clustered PCM: 108 physical units -> 31 equivalent units (71.3% state reduction; 108 units in non-singleton clusters)
  ✓ True clustered UC completed (31 virtual units)
PART1: [unit-commitment] calculation result has been saved to: D:\GithubClonefiles\module_unitcommitment\.worktrees\108_168h\output\pcm_com4_loadall_h168_20260823_210543\base\clu_ovl\r01\output/details_schedule_results/pcm_simulation_results/intervels_[1]/res_schedule_commitment_result.txt
Step-3: Creating dispatching model (Refactored & Modularized)
  Clustered PCM: 108 physical units -> 31 equivalent units (71.3% state reduction; 108 units in non-singleton clusters)
  ✓ True clustered UC completed (31 virtual units)
PART1: [unit-commitment] calculation result has been saved to: D:\GithubClonefiles\module_unitcommitment\.worktrees\108_168h\output\pcm_com4_loadall_h168_20260823_210543\base\clu_ovl\r01\output/details_schedule_results/pcm_simulation_results/intervels_[1]/res_schedule_commitment_result.txt
PART1: [unit-commitment] calculation result has been saved to: D:\GithubClonefiles\module_unitcommitment\.worktrees\108_168h\output\pcm_com4_loadall_h168_20260823_210543\base\clu_ovl\r01\output/details_schedule_results/pcm_simulation_results/intervels_[1]/res_schedule_commitment_result.txt
Step-3: Creating dispatching model (Refactored & Modularized)
  Clustered PCM: 108 physical units -> 31 equivalent units (71.3% state reduction; 108 units in non-singleton clusters)
  ✓ True clustered UC completed (31 virtual units)
Step-3: Creating dispatching model (Refactored & Modularized)
  Clustered PCM: 108 physical units -> 31 equivalent units (71.3% state reduction; 108 units in non-singleton clusters)
  ✓ True clustered UC completed (31 virtual units)
PART1: [unit-commitment] calculation result has been saved to: D:\GithubClonefiles\module_unitcommitment\.worktrees\108_168h\output\pcm_com4_loadall_h168_20260823_210543\base\clu_ovl\r01\output/details_schedule_results/pcm_simulation_results/intervels_[1]/res_schedule_commitment_result.txt
Step-3: Creating dispatching model (Refactored & Modularized)
  Clustered PCM: 108 physical units -> 31 equivalent units (71.3% state reduction; 108 units in non-singleton clusters)
  ✓ True clustered UC completed (31 virtual units)
PART1: [unit-commitment] calculation result has been saved to: D:\GithubClonefiles\module_unitcommitment\.worktrees\108_168h\output\pcm_com4_loadall_h168_20260823_210543\base\clu_ovl\r01\output/details_schedule_results/pcm_simulation_results/intervels_[1]/res_schedule_commitment_result.txt
Step-3: Creating dispatching model (Refactored & Modularized)
  Clustered PCM: 108 physical units -> 31 equivalent units (71.3% state reduction; 108 units in non-singleton clusters)
  ✓ True clustered UC completed (31 virtual units)
PART1: [unit-commitment] calculation result has been saved to: D:\GithubClonefiles\module_unitcommitment\.worktrees\108_168h\output\pcm_com4_loadall_h168_20260823_210543\base\clu_ovl\r01\output/details_schedule_results/pcm_simulation_results/intervels_[1]/res_schedule_commitment_result.txt
PART1: [unit-commitment] calculation result has been saved to: D:\GithubClonefiles\module_unitcommitment\.worktrees\108_168h\output\pcm_com4_loadall_h168_20260823_210543\base\clu_ovl\r01\output/details_schedule_results/pcm_simulation_results/intervels_[1]/res_schedule_commitment_result.txt
Step-3: Creating dispatching model (Refactored & Modularized)
Set parameter Username
Set parameter LicenseID to value 2826524
Academic license - for non-commercial use only - expires 2027-05-22
Set parameter Username
Set parameter LicenseID to value 2826524
Academic license - for non-commercial use only - expires 2027-05-22
Set parameter Username
Set parameter LicenseID to value 2826524
Academic license - for non-commercial use only - expires 2027-05-22
Set parameter Username
Set parameter LicenseID to value 2826524
Academic license - for non-commercial use only - expires 2027-05-22
Set parameter Username
Set parameter LicenseID to value 2826524
Academic license - for non-commercial use only - expires 2027-05-22
Set parameter Username
Set parameter LicenseID to value 2826524
Academic license - for non-commercial use only - expires 2027-05-22
Set parameter Username
Set parameter LicenseID to value 2826524
Academic license - for non-commercial use only - expires 2027-05-22
Set parameter Username
Set parameter LicenseID to value 2826524
Academic license - for non-commercial use only - expires 2027-05-22
Set parameter Username
Set parameter LicenseID to value 2826524
Academic license - for non-commercial use only - expires 2027-05-22
Set parameter Username
Set parameter LicenseID to value 2826524
Academic license - for non-commercial use only - expires 2027-05-22
Set parameter Username
Set parameter LicenseID to value 2826524
Academic license - for non-commercial use only - expires 2027-05-22
Set parameter Username
Set parameter LicenseID to value 2826524
Academic license - for non-commercial use only - expires 2027-05-22
Set parameter Username
Set parameter LicenseID to value 2826524
Academic license - for non-commercial use only - expires 2027-05-22
Set parameter Username
Set parameter LicenseID to value 2826524
Academic license - for non-commercial use only - expires 2027-05-22
Set parameter Username
Set parameter LicenseID to value 2826524
Academic license - for non-commercial use only - expires 2027-05-22
Set parameter Username
Set parameter LicenseID to value 2826524
Academic license - for non-commercial use only - expires 2027-05-22
Set parameter Username
Set parameter LicenseID to value 2826524
Academic license - for non-commercial use only - expires 2027-05-22
Set parameter Username
Set parameter LicenseID to value 2826524
Academic license - for non-commercial use only - expires 2027-05-22
Set parameter Username
Set parameter LicenseID to value 2826524
Academic license - for non-commercial use only - expires 2027-05-22
Set parameter Username
Set parameter LicenseID to value 2826524
Academic license - for non-commercial use only - expires 2027-05-22
Set parameter Username
Set parameter LicenseID to value 2826524
Academic license - for non-commercial use only - expires 2027-05-22
Set parameter Username
Set parameter LicenseID to value 2826524
Academic license - for non-commercial use only - expires 2027-05-22
Set parameter Username
Set parameter LicenseID to value 2826524
Academic license - for non-commercial use only - expires 2027-05-22
Set parameter Username
Set parameter LicenseID to value 2826524
Academic license - for non-commercial use only - expires 2027-05-22
Set parameter Username
Set parameter LicenseID to value 2826524
Academic license - for non-commercial use only - expires 2027-05-22
Set parameter Username
Set parameter LicenseID to value 2826524
Academic license - for non-commercial use only - expires 2027-05-22
Set parameter Username
Set parameter LicenseID to value 2826524
Academic license - for non-commercial use only - expires 2027-05-22
Set parameter Username
Set parameter LicenseID to value 2826524
Academic license - for non-commercial use only - expires 2027-05-22
Set parameter Username
Set parameter LicenseID to value 2826524
Academic license - for non-commercial use only - expires 2027-05-22
Set parameter Username
Set parameter LicenseID to value 2826524
Academic license - for non-commercial use only - expires 2027-05-22
Set parameter Username
Set parameter LicenseID to value 2826524
Academic license - for non-commercial use only - expires 2027-05-22
Set parameter Username
Set parameter LicenseID to value 2826524
Academic license - for non-commercial use only - expires 2027-05-22
Set parameter Username
Set parameter LicenseID to value 2826524
Academic license - for non-commercial use only - expires 2027-05-22
Set parameter Username
Set parameter LicenseID to value 2826524
Academic license - for non-commercial use only - expires 2027-05-22
Set parameter Username
Set parameter LicenseID to value 2826524
Academic license - for non-commercial use only - expires 2027-05-22
Set parameter Username
Set parameter LicenseID to value 2826524
Academic license - for non-commercial use only - expires 2027-05-22
Set parameter Username
Set parameter LicenseID to value 2826524
Academic license - for non-commercial use only - expires 2027-05-22
Set parameter Username
Set parameter LicenseID to value 2826524
Academic license - for non-commercial use only - expires 2027-05-22
Set parameter Username
Set parameter LicenseID to value 2826524
Academic license - for non-commercial use only - expires 2027-05-22
Set parameter Username
Set parameter LicenseID to value 2826524
Academic license - for non-commercial use only - expires 2027-05-22
Set parameter Username
Set parameter LicenseID to value 2826524
Academic license - for non-commercial use only - expires 2027-05-22
Set parameter Username
Set parameter LicenseID to value 2826524
Academic license - for non-commercial use only - expires 2027-05-22
Set parameter Username
Set parameter LicenseID to value 2826524
Academic license - for non-commercial use only - expires 2027-05-22
Set parameter Username
Set parameter LicenseID to value 2826524
Academic license - for non-commercial use only - expires 2027-05-22
Set parameter Username
Set parameter LicenseID to value 2826524
Academic license - for non-commercial use only - expires 2027-05-22
Set parameter Username
Set parameter LicenseID to value 2826524
Academic license - for non-commercial use only - expires 2027-05-22
Set parameter Username
Set parameter LicenseID to value 2826524
Academic license - for non-commercial use only - expires 2027-05-22
Set parameter Username
Set parameter LicenseID to value 2826524
Academic license - for non-commercial use only - expires 2027-05-22
Set parameter Username
Set parameter LicenseID to value 2826524
Academic license - for non-commercial use only - expires 2027-05-22
Set parameter Username
Set parameter LicenseID to value 2826524
Academic license - for non-commercial use only - expires 2027-05-22
Set parameter Username
Set parameter LicenseID to value 2826524
Academic license - for non-commercial use only - expires 2027-05-22
Set parameter Username
Set parameter LicenseID to value 2826524
Academic license - for non-commercial use only - expires 2027-05-22
Set parameter Username
Set parameter LicenseID to value 2826524
Academic license - for non-commercial use only - expires 2027-05-22
Set parameter Username
Set parameter LicenseID to value 2826524
Academic license - for non-commercial use only - expires 2027-05-22
Set parameter Username
Set parameter LicenseID to value 2826524
Academic license - for non-commercial use only - expires 2027-05-22
Set parameter Username
Set parameter LicenseID to value 2826524
Academic license - for non-commercial use only - expires 2027-05-22
Set parameter Username
Set parameter LicenseID to value 2826524
Academic license - for non-commercial use only - expires 2027-05-22
Set parameter Username
Set parameter LicenseID to value 2826524
Academic license - for non-commercial use only - expires 2027-05-22
Set parameter Username
Set parameter LicenseID to value 2826524
Academic license - for non-commercial use only - expires 2027-05-22
Set parameter Username
Set parameter LicenseID to value 2826524
Academic license - for non-commercial use only - expires 2027-05-22
Set parameter Username
Set parameter LicenseID to value 2826524
Academic license - for non-commercial use only - expires 2027-05-22
Set parameter Username
Set parameter LicenseID to value 2826524
Academic license - for non-commercial use only - expires 2027-05-22
Set parameter Username
Set parameter LicenseID to value 2826524
Academic license - for non-commercial use only - expires 2027-05-22
Set parameter Username
Set parameter LicenseID to value 2826524
Academic license - for non-commercial use only - expires 2027-05-22
Set parameter Username
Set parameter LicenseID to value 2826524
Academic license - for non-commercial use only - expires 2027-05-22
Set parameter Username
Set parameter LicenseID to value 2826524
Academic license - for non-commercial use only - expires 2027-05-22
Set parameter Username
Set parameter LicenseID to value 2826524
Academic license - for non-commercial use only - expires 2027-05-22
Set parameter Username
Set parameter LicenseID to value 2826524
Academic license - for non-commercial use only - expires 2027-05-22
Set parameter Username
Set parameter LicenseID to value 2826524
Academic license - for non-commercial use only - expires 2027-05-22
Set parameter Username
Set parameter LicenseID to value 2826524
Academic license - for non-commercial use only - expires 2027-05-22
Set parameter Username
Set parameter LicenseID to value 2826524
Academic license - for non-commercial use only - expires 2027-05-22
Set parameter Username
Set parameter LicenseID to value 2826524
Academic license - for non-commercial use only - expires 2027-05-22
Set parameter Username
Set parameter LicenseID to value 2826524
Academic license - for non-commercial use only - expires 2027-05-22
Set parameter Username
Set parameter LicenseID to value 2826524
Academic license - for non-commercial use only - expires 2027-05-22
Set parameter Username
Set parameter LicenseID to value 2826524
Academic license - for non-commercial use only - expires 2027-05-22
Set parameter Username
Set parameter LicenseID to value 2826524
Academic license - for non-commercial use only - expires 2027-05-22
Set parameter Username
Set parameter LicenseID to value 2826524
Academic license - for non-commercial use only - expires 2027-05-22
Set parameter Username
Set parameter LicenseID to value 2826524
Academic license - for non-commercial use only - expires 2027-05-22
  Clustered PCM: 108 physical units -> 31 equivalent units (71.3% state reduction; 108 units in non-singleton clusters)
    Fast disaggregation failed at ramp; trying exact cluster-internal certificate
  ✓ True clustered UC completed (31 virtual units)
Step-3: Creating dispatching model (Refactored & Modularized)
  Clustered PCM: 108 physical units -> 31 equivalent units (71.3% state reduction; 108 units in non-singleton clusters)
    Fast disaggregation failed at ramp; trying exact cluster-internal certificate
  ✓ True clustered UC completed (31 virtual units)
PART1: [unit-commitment] calculation result has been saved to: D:\GithubClonefiles\module_unitcommitment\.worktrees\108_168h\output\pcm_com4_loadall_h168_20260823_210543\base\clu_ovl\r01\output/details_schedule_results/pcm_simulation_results/intervels_[1]/res_schedule_commitment_result.txt
Step-3: Creating dispatching model (Refactored & Modularized)
  Clustered PCM: 108 physical units -> 31 equivalent units (71.3% state reduction; 108 units in non-singleton clusters)
  ✓ True clustered UC completed (31 virtual units)
PART1: [unit-commitment] calculation result has been saved to: D:\GithubClonefiles\module_unitcommitment\.worktrees\108_168h\output\pcm_com4_loadall_h168_20260823_210543\base\clu_ovl\r01\output/details_schedule_results/pcm_simulation_results/intervels_[1]/res_schedule_commitment_result.txt
Step-3: Creating dispatching model (Refactored & Modularized)
  Clustered PCM: 108 physical units -> 31 equivalent units (71.3% state reduction; 108 units in non-singleton clusters)
  ✓ True clustered UC completed (31 virtual units)
PART1: [unit-commitment] calculation result has been saved to: D:\GithubClonefiles\module_unitcommitment\.worktrees\108_168h\output\pcm_com4_loadall_h168_20260823_210543\base\clu_ovl\r01\output/details_schedule_results/pcm_simulation_results/intervels_[1]/res_schedule_commitment_result.txt
PART1: [unit-commitment] calculation result has been saved to: D:\GithubClonefiles\module_unitcommitment\.worktrees\108_168h\output\pcm_com4_loadall_h168_20260823_210543\base\clu_ovl\r01\output/details_schedule_results/pcm_simulation_results/intervels_[1]/res_schedule_commitment_result.txt
Step-3: Creating dispatching model (Refactored & Modularized)
  Clustered PCM: 108 physical units -> 31 equivalent units (71.3% state reduction; 108 units in non-singleton clusters)
  ✓ True clustered UC completed (31 virtual units)
Step-3: Creating dispatching model (Refactored & Modularized)
  Clustered PCM: 108 physical units -> 31 equivalent units (71.3% state reduction; 108 units in non-singleton clusters)
  ✓ True clustered UC completed (31 virtual units)
PART1: [unit-commitment] calculation result has been saved to: D:\GithubClonefiles\module_unitcommitment\.worktrees\108_168h\output\pcm_com4_loadall_h168_20260823_210543\base\clu_ovl\r01\output/details_schedule_results/pcm_simulation_results/intervels_[1]/res_schedule_commitment_result.txt
Step-3: Creating dispatching model (Refactored & Modularized)
  Clustered PCM: 108 physical units -> 31 equivalent units (71.3% state reduction; 108 units in non-singleton clusters)
  ✓ True clustered UC completed (31 virtual units)
PART1: [unit-commitment] calculation result has been saved to: D:\GithubClonefiles\module_unitcommitment\.worktrees\108_168h\output\pcm_com4_loadall_h168_20260823_210543\base\clu_ovl\r01\output/details_schedule_results/pcm_simulation_results/intervels_[1]/res_schedule_commitment_result.txt
Step-3: Creating dispatching model (Refactored & Modularized)
  Clustered PCM: 108 physical units -> 31 equivalent units (71.3% state reduction; 108 units in non-singleton clusters)
  ✓ True clustered UC completed (31 virtual units)
PART1: [unit-commitment] calculation result has been saved to: D:\GithubClonefiles\module_unitcommitment\.worktrees\108_168h\output\pcm_com4_loadall_h168_20260823_210543\base\clu_ovl\r01\output/details_schedule_results/pcm_simulation_results/intervels_[1]/res_schedule_commitment_result.txt
PART1: [unit-commitment] calculation result has been saved to: D:\GithubClonefiles\module_unitcommitment\.worktrees\108_168h\output\pcm_com4_loadall_h168_20260823_210543\base\clu_ovl\r01\output/details_schedule_results/pcm_simulation_results/intervels_[1]/res_schedule_commitment_result.txt
Step-3: Creating dispatching model (Refactored & Modularized)
  Clustered PCM: 108 physical units -> 31 equivalent units (71.3% state reduction; 108 units in non-singleton clusters)
  ✓ True clustered UC completed (31 virtual units)
Step-3: Creating dispatching model (Refactored & Modularized)
  Clustered PCM: 108 physical units -> 31 equivalent units (71.3% state reduction; 108 units in non-singleton clusters)
  ✓ True clustered UC completed (31 virtual units)
PART1: [unit-commitment] calculation result has been saved to: D:\GithubClonefiles\module_unitcommitment\.worktrees\108_168h\output\pcm_com4_loadall_h168_20260823_210543\base\clu_ovl\r01\output/details_schedule_results/pcm_simulation_results/intervels_[1]/res_schedule_commitment_result.txt
Step-3: Creating dispatching model (Refactored & Modularized)
  Clustered PCM: 108 physical units -> 31 equivalent units (71.3% state reduction; 108 units in non-singleton clusters)
  ✓ True clustered UC completed (31 virtual units)
PART1: [unit-commitment] calculation result has been saved to: D:\GithubClonefiles\module_unitcommitment\.worktrees\108_168h\output\pcm_com4_loadall_h168_20260823_210543\base\clu_ovl\r01\output/details_schedule_results/pcm_simulation_results/intervels_[1]/res_schedule_commitment_result.txt
Step-3: Creating dispatching model (Refactored & Modularized)
  Clustered PCM: 108 physical units -> 31 equivalent units (71.3% state reduction; 108 units in non-singleton clusters)
  ✓ True clustered UC completed (31 virtual units)
PART1: [unit-commitment] calculation result has been saved to: D:\GithubClonefiles\module_unitcommitment\.worktrees\108_168h\output\pcm_com4_loadall_h168_20260823_210543\base\clu_ovl\r01\output/details_schedule_results/pcm_simulation_results/intervels_[1]/res_schedule_commitment_result.txt
PART1: [unit-commitment] calculation result has been saved to: D:\GithubClonefiles\module_unitcommitment\.worktrees\108_168h\output\pcm_com4_loadall_h168_20260823_210543\base\clu_ovl\r01\output/details_schedule_results/pcm_simulation_results/intervels_[1]/res_schedule_commitment_result.txt
Step-3: Creating dispatching model (Refactored & Modularized)
  Clustered PCM: 108 physical units -> 31 equivalent units (71.3% state reduction; 108 units in non-singleton clusters)
    5-point output grid is infeasible; retrying this window with 17 points
  Clustered PCM: 108 physical units -> 31 equivalent units (71.3% state reduction; 108 units in non-singleton clusters)
    Refined output grid is infeasible; entering continuous residence-power diagnosis
  Clustered PCM: 108 physical units -> 31 equivalent units (71.3% state reduction; 108 units in non-singleton clusters)
  ⚠ True clustered UC failed at cluster_master: INFEASIBLE; falling back to full unit-network SCUC
	 Variables defined.
DEBUG set_objective_economic!: NT=36, NG=108, ND=91, NW=20, NS=1, K=3, size(refcost)=(108,), size(eachslope)=(3, 108)
objective_function
	MILP economic objective set
subject to.
	 constraints: 1) minimum shutup/shutdown time limits			 done
	 constraints: 2) binary variable logic					 done
	 constraints: 3) shutup/shutdown cost					 done
	 constraints: 4) loadcurtailments and spoliedwinds			 done
	 constraints: 5) generatos power limits					 done
	 constraints: 6) system reserves limits					 done
	 constraints: 7) power balance constraints				 done
	 constraints: 8) ramp-up/ramp-down constraints				 done
	 constraints: 9) piece linearization constraints			 done
	 constraints: 10) transmissionline limits skipped (is_NetWorkCon != 1 or Gsdf missing or NL=0)
	 constraints: 11) stroges system constraints skipped (NC=0 or variables not defined)
	 constraints: 12) data centra constraints skipped (is_ConsiderDataCentra != 1)
	 constraints: 13) frequency control constraints skipped (is_ConsiderFrequencyControl != 1)
	 constraints: 14) hydro power limits					 done
+++++++++++++++++++++++++++++++++++++++++++++++++++++++++++++++++++++++++++++++++++++++++++
Step-4: starting Gurobi solver
Step-5: Gurobi solver finished
+++++++++++++++++++++++++++++++++++++++++++++++++++++++++++++++++++++++++++++++++++++++++++

solution_summary(scuc) = solution_summary(; result = 1, verbose = false)
├ solver_name          : Gurobi
├ Termination
│ ├ termination_status : OPTIMAL
│ ├ result_count       : 1
│ ├ raw_status         : Model was solved to optimality (subject to tolerances), and an optimal solution is available.
│ └ objective_bound    : 3.35977e+16
├ Solution (result = 1)
│ ├ primal_status        : FEASIBLE_POINT
│ ├ dual_status          : NO_SOLUTION
│ ├ objective_value      : 3.35977e+16
│ └ relative_gap         : 4.39326e-10
└ Work counters
  ├ solve_time (sec)   : 5.94000e-01
  ├ simplex_iterations : 0
  ├ barrier_iterations : 0
  └ node_count         : 0


Termination Status: OPTIMAL
Acceptable solution found (Status: OPTIMAL).
Step-6: record datas
PART1: [unit-commitment] calculation result has been saved to: D:\GithubClonefiles\module_unitcommitment\.worktrees\108_168h\output\pcm_com4_loadall_h168_20260823_210543\base\clu_ovl\r01\output/details_schedule_results/pcm_simulation_results/intervels_[1]/res_schedule_commitment_result.txt
Step-3: Creating dispatching model (Refactored & Modularized)
  Clustered PCM: 108 physical units -> 31 equivalent units (71.3% state reduction; 108 units in non-singleton clusters)
    5-point output grid is infeasible; retrying this window with 17 points
  Clustered PCM: 108 physical units -> 31 equivalent units (71.3% state reduction; 108 units in non-singleton clusters)
    Refined output grid is infeasible; entering continuous residence-power diagnosis
  Clustered PCM: 108 physical units -> 31 equivalent units (71.3% state reduction; 108 units in non-singleton clusters)
  ⚠ True clustered UC failed at cluster_master: INFEASIBLE; falling back to full unit-network SCUC
	 Variables defined.
DEBUG set_objective_economic!: NT=36, NG=108, ND=91, NW=20, NS=1, K=3, size(refcost)=(108,), size(eachslope)=(3, 108)
objective_function
	MILP economic objective set
subject to.
	 constraints: 1) minimum shutup/shutdown time limits			 done
	 constraints: 2) binary variable logic					 done
	 constraints: 3) shutup/shutdown cost					 done
	 constraints: 4) loadcurtailments and spoliedwinds			 done
	 constraints: 5) generatos power limits					 done
	 constraints: 6) system reserves limits					 done
	 constraints: 7) power balance constraints				 done
	 constraints: 8) ramp-up/ramp-down constraints				 done
	 constraints: 9) piece linearization constraints			 done
	 constraints: 10) transmissionline limits skipped (is_NetWorkCon != 1 or Gsdf missing or NL=0)
	 constraints: 11) stroges system constraints skipped (NC=0 or variables not defined)
	 constraints: 12) data centra constraints skipped (is_ConsiderDataCentra != 1)
	 constraints: 13) frequency control constraints skipped (is_ConsiderFrequencyControl != 1)
	 constraints: 14) hydro power limits					 done
+++++++++++++++++++++++++++++++++++++++++++++++++++++++++++++++++++++++++++++++++++++++++++
Step-4: starting Gurobi solver
Step-5: Gurobi solver finished
+++++++++++++++++++++++++++++++++++++++++++++++++++++++++++++++++++++++++++++++++++++++++++

solution_summary(scuc) = solution_summary(; result = 1, verbose = false)
├ solver_name          : Gurobi
├ Termination
│ ├ termination_status : OPTIMAL
│ ├ result_count       : 1
│ ├ raw_status         : Model was solved to optimality (subject to tolerances), and an optimal solution is available.
│ └ objective_bound    : 3.35977e+16
├ Solution (result = 1)
│ ├ primal_status        : FEASIBLE_POINT
│ ├ dual_status          : NO_SOLUTION
│ ├ objective_value      : 3.35977e+16
│ └ relative_gap         : 4.39326e-10
└ Work counters
  ├ solve_time (sec)   : 5.83000e-01
  ├ simplex_iterations : 0
  ├ barrier_iterations : 0
  └ node_count         : 0


Termination Status: OPTIMAL
Acceptable solution found (Status: OPTIMAL).
Step-6: record datas
PART1: [unit-commitment] calculation result has been saved to: D:\GithubClonefiles\module_unitcommitment\.worktrees\108_168h\output\pcm_com4_loadall_h168_20260823_210543\base\clu_ovl\r01\output/details_schedule_results/pcm_simulation_results/intervels_[1]/res_schedule_commitment_result.txt
PART1: [unit-commitment] calculation result has been saved to: D:\GithubClonefiles\module_unitcommitment\.worktrees\108_168h\output\pcm_com4_loadall_h168_20260823_210543\base\clu_ovl\r01\output/details_schedule_results/pcm_simulation_results/intervels_[1]/res_schedule_commitment_result.txt
Step-3: Creating dispatching model (Refactored & Modularized)
  Clustered PCM: 108 physical units -> 31 equivalent units (71.3% state reduction; 108 units in non-singleton clusters)
    5-point output grid is infeasible; retrying this window with 17 points
  Clustered PCM: 108 physical units -> 31 equivalent units (71.3% state reduction; 108 units in non-singleton clusters)
    Refined output grid is infeasible; entering continuous residence-power diagnosis
  Clustered PCM: 108 physical units -> 31 equivalent units (71.3% state reduction; 108 units in non-singleton clusters)
  ⚠ True clustered UC failed at cluster_master: INFEASIBLE; falling back to full unit-network SCUC
	 Variables defined.
DEBUG set_objective_economic!: NT=26, NG=108, ND=91, NW=20, NS=1, K=3, size(refcost)=(108,), size(eachslope)=(3, 108)
objective_function
	MILP economic objective set
subject to.
	 constraints: 1) minimum shutup/shutdown time limits			 done
	 constraints: 2) binary variable logic					 done
	 constraints: 3) shutup/shutdown cost					 done
	 constraints: 4) loadcurtailments and spoliedwinds			 done
	 constraints: 5) generatos power limits					 done
	 constraints: 6) system reserves limits					 done
	 constraints: 7) power balance constraints				 done
	 constraints: 8) ramp-up/ramp-down constraints				 done
	 constraints: 9) piece linearization constraints			 done
	 constraints: 10) transmissionline limits skipped (is_NetWorkCon != 1 or Gsdf missing or NL=0)
	 constraints: 11) stroges system constraints skipped (NC=0 or variables not defined)
	 constraints: 12) data centra constraints skipped (is_ConsiderDataCentra != 1)
	 constraints: 13) frequency control constraints skipped (is_ConsiderFrequencyControl != 1)
	 constraints: 14) hydro power limits					 done
+++++++++++++++++++++++++++++++++++++++++++++++++++++++++++++++++++++++++++++++++++++++++++
Step-4: starting Gurobi solver
Step-5: Gurobi solver finished
+++++++++++++++++++++++++++++++++++++++++++++++++++++++++++++++++++++++++++++++++++++++++++

solution_summary(scuc) = solution_summary(; result = 1, verbose = false)
├ solver_name          : Gurobi
├ Termination
│ ├ termination_status : OPTIMAL
│ ├ result_count       : 1
│ ├ raw_status         : Model was solved to optimality (subject to tolerances), and an optimal solution is available.
│ └ objective_bound    : 3.35977e+16
├ Solution (result = 1)
│ ├ primal_status        : FEASIBLE_POINT
│ ├ dual_status          : NO_SOLUTION
│ ├ objective_value      : 3.35977e+16
│ └ relative_gap         : 3.60632e-10
└ Work counters
  ├ solve_time (sec)   : 5.03000e-01
  ├ simplex_iterations : 0
  ├ barrier_iterations : 0
  └ node_count         : 0


Termination Status: OPTIMAL
Acceptable solution found (Status: OPTIMAL).
Step-6: record datas
PART1: [unit-commitment] calculation result has been saved to: D:\GithubClonefiles\module_unitcommitment\.worktrees\108_168h\output\pcm_com4_loadall_h168_20260823_210543\base\clu_ovl\r01\output/details_schedule_results/pcm_simulation_results/intervels_[1]/res_schedule_commitment_result.txt
PART1: [unit-commitment] calculation result has been saved to: D:\GithubClonefiles\module_unitcommitment\.worktrees\108_168h\output\pcm_com4_loadall_h168_20260823_210543\base\clu_ovl\r01\output/details_schedule_results/pcm_simulation_results/intervels_[1]/res_schedule_commitment_result.txt
Step-3: Creating dispatching model (Refactored & Modularized)
  Clustered PCM: 108 physical units -> 31 equivalent units (71.3% state reduction; 108 units in non-singleton clusters)
    5-point output grid is infeasible; retrying this window with 17 points
  Clustered PCM: 108 physical units -> 31 equivalent units (71.3% state reduction; 108 units in non-singleton clusters)
    Refined output grid is infeasible; entering continuous residence-power diagnosis
  Clustered PCM: 108 physical units -> 31 equivalent units (71.3% state reduction; 108 units in non-singleton clusters)
  ⚠ True clustered UC failed at cluster_master: INFEASIBLE; falling back to full unit-network SCUC
	 Variables defined.
DEBUG set_objective_economic!: NT=31, NG=108, ND=91, NW=20, NS=1, K=3, size(refcost)=(108,), size(eachslope)=(3, 108)
objective_function
	MILP economic objective set
subject to.
	 constraints: 1) minimum shutup/shutdown time limits			 done
	 constraints: 2) binary variable logic					 done
	 constraints: 3) shutup/shutdown cost					 done
	 constraints: 4) loadcurtailments and spoliedwinds			 done
	 constraints: 5) generatos power limits					 done
	 constraints: 6) system reserves limits					 done
	 constraints: 7) power balance constraints				 done
	 constraints: 8) ramp-up/ramp-down constraints				 done
	 constraints: 9) piece linearization constraints			 done
	 constraints: 10) transmissionline limits skipped (is_NetWorkCon != 1 or Gsdf missing or NL=0)
	 constraints: 11) stroges system constraints skipped (NC=0 or variables not defined)
	 constraints: 12) data centra constraints skipped (is_ConsiderDataCentra != 1)
	 constraints: 13) frequency control constraints skipped (is_ConsiderFrequencyControl != 1)
	 constraints: 14) hydro power limits					 done
+++++++++++++++++++++++++++++++++++++++++++++++++++++++++++++++++++++++++++++++++++++++++++
Step-4: starting Gurobi solver
Step-5: Gurobi solver finished
+++++++++++++++++++++++++++++++++++++++++++++++++++++++++++++++++++++++++++++++++++++++++++

solution_summary(scuc) = solution_summary(; result = 1, verbose = false)
├ solver_name          : Gurobi
├ Termination
│ ├ termination_status : OPTIMAL
│ ├ result_count       : 1
│ ├ raw_status         : Model was solved to optimality (subject to tolerances), and an optimal solution is available.
│ └ objective_bound    : 3.35977e+16
├ Solution (result = 1)
│ ├ primal_status        : FEASIBLE_POINT
│ ├ dual_status          : NO_SOLUTION
│ ├ objective_value      : 3.35977e+16
│ └ relative_gap         : 4.19271e-10
└ Work counters
  ├ solve_time (sec)   : 5.28000e-01
  ├ simplex_iterations : 0
  ├ barrier_iterations : 0
  └ node_count         : 0


Termination Status: OPTIMAL
Acceptable solution found (Status: OPTIMAL).
Step-6: record datas
PART1: [unit-commitment] calculation result has been saved to: D:\GithubClonefiles\module_unitcommitment\.worktrees\108_168h\output\pcm_com4_loadall_h168_20260823_210543\base\clu_ovl\r01\output/details_schedule_results/pcm_simulation_results/intervels_[1]/res_schedule_commitment_result.txt
PART1: [unit-commitment] calculation result has been saved to: D:\GithubClonefiles\module_unitcommitment\.worktrees\108_168h\output\pcm_com4_loadall_h168_20260823_210543\base\clu_ovl\r01\output/details_schedule_results/pcm_simulation_results/intervels_[1]/res_schedule_commitment_result.txt
PART1: [unit-commitment] calculation result has been saved to: D:\GithubClonefiles\module_unitcommitment\.worktrees\108_168h\output\pcm_com4_loadall_h168_20260823_210543\base\clu_ovl\r01\output/details_schedule_results/pcm_simulation_results/intervels_[1]/res_schedule_commitment_result.txt
Step-3: Creating dispatching model (Refactored & Modularized)
  Clustered PCM: 108 physical units -> 31 equivalent units (71.3% state reduction; 108 units in non-singleton clusters)
    5-point output grid is infeasible; retrying this window with 17 points
  Clustered PCM: 108 physical units -> 31 equivalent units (71.3% state reduction; 108 units in non-singleton clusters)
    Refined output grid is infeasible; entering continuous residence-power diagnosis
  Clustered PCM: 108 physical units -> 31 equivalent units (71.3% state reduction; 108 units in non-singleton clusters)
  ⚠ True clustered UC failed at cluster_master: INFEASIBLE; falling back to full unit-network SCUC
	 Variables defined.
DEBUG set_objective_economic!: NT=36, NG=108, ND=91, NW=20, NS=1, K=3, size(refcost)=(108,), size(eachslope)=(3, 108)
objective_function
	MILP economic objective set
subject to.
	 constraints: 1) minimum shutup/shutdown time limits			 done
	 constraints: 2) binary variable logic					 done
	 constraints: 3) shutup/shutdown cost					 done
	 constraints: 4) loadcurtailments and spoliedwinds			 done
	 constraints: 5) generatos power limits					 done
	 constraints: 6) system reserves limits					 done
	 constraints: 7) power balance constraints				 done
	 constraints: 8) ramp-up/ramp-down constraints				 done
	 constraints: 9) piece linearization constraints			 done
	 constraints: 10) transmissionline limits skipped (is_NetWorkCon != 1 or Gsdf missing or NL=0)
	 constraints: 11) stroges system constraints skipped (NC=0 or variables not defined)
	 constraints: 12) data centra constraints skipped (is_ConsiderDataCentra != 1)
	 constraints: 13) frequency control constraints skipped (is_ConsiderFrequencyControl != 1)
	 constraints: 14) hydro power limits					 done
+++++++++++++++++++++++++++++++++++++++++++++++++++++++++++++++++++++++++++++++++++++++++++
Step-4: starting Gurobi solver
Step-5: Gurobi solver finished
+++++++++++++++++++++++++++++++++++++++++++++++++++++++++++++++++++++++++++++++++++++++++++

solution_summary(scuc) = solution_summary(; result = 1, verbose = false)
├ solver_name          : Gurobi
├ Termination
│ ├ termination_status : OPTIMAL
│ ├ result_count       : 1
│ ├ raw_status         : Model was solved to optimality (subject to tolerances), and an optimal solution is available.
│ └ objective_bound    : 4.34681e+16
├ Solution (result = 1)
│ ├ primal_status        : FEASIBLE_POINT
│ ├ dual_status          : NO_SOLUTION
│ ├ objective_value      : 4.34681e+16
│ └ relative_gap         : 3.37888e-10
└ Work counters
  ├ solve_time (sec)   : 6.06000e-01
  ├ simplex_iterations : 0
  ├ barrier_iterations : 0
  └ node_count         : 0


Termination Status: OPTIMAL
Acceptable solution found (Status: OPTIMAL).
Step-6: record datas
PART1: [unit-commitment] calculation result has been saved to: D:\GithubClonefiles\module_unitcommitment\.worktrees\108_168h\output\pcm_com4_loadall_h168_20260823_210543\base\clu_ovl\r01\output/details_schedule_results/pcm_simulation_results/intervels_[1]/res_schedule_commitment_result.txt
Step-3: Creating dispatching model (Refactored & Modularized)
  Clustered PCM: 108 physical units -> 31 equivalent units (71.3% state reduction; 108 units in non-singleton clusters)
    5-point output grid is infeasible; retrying this window with 17 points
  Clustered PCM: 108 physical units -> 31 equivalent units (71.3% state reduction; 108 units in non-singleton clusters)
    Refined output grid is infeasible; entering continuous residence-power diagnosis
  Clustered PCM: 108 physical units -> 31 equivalent units (71.3% state reduction; 108 units in non-singleton clusters)
  ⚠ True clustered UC failed at cluster_master: INFEASIBLE; falling back to full unit-network SCUC
	 Variables defined.
DEBUG set_objective_economic!: NT=36, NG=108, ND=91, NW=20, NS=1, K=3, size(refcost)=(108,), size(eachslope)=(3, 108)
objective_function
	MILP economic objective set
subject to.
	 constraints: 1) minimum shutup/shutdown time limits			 done
	 constraints: 2) binary variable logic					 done
	 constraints: 3) shutup/shutdown cost					 done
	 constraints: 4) loadcurtailments and spoliedwinds			 done
	 constraints: 5) generatos power limits					 done
	 constraints: 6) system reserves limits					 done
	 constraints: 7) power balance constraints				 done
	 constraints: 8) ramp-up/ramp-down constraints				 done
	 constraints: 9) piece linearization constraints			 done
	 constraints: 10) transmissionline limits skipped (is_NetWorkCon != 1 or Gsdf missing or NL=0)
	 constraints: 11) stroges system constraints skipped (NC=0 or variables not defined)
	 constraints: 12) data centra constraints skipped (is_ConsiderDataCentra != 1)
	 constraints: 13) frequency control constraints skipped (is_ConsiderFrequencyControl != 1)
	 constraints: 14) hydro power limits					 done
+++++++++++++++++++++++++++++++++++++++++++++++++++++++++++++++++++++++++++++++++++++++++++
Step-4: starting Gurobi solver
Step-5: Gurobi solver finished
+++++++++++++++++++++++++++++++++++++++++++++++++++++++++++++++++++++++++++++++++++++++++++

solution_summary(scuc) = solution_summary(; result = 1, verbose = false)
├ solver_name          : Gurobi
├ Termination
│ ├ termination_status : OPTIMAL
│ ├ result_count       : 1
│ ├ raw_status         : Model was solved to optimality (subject to tolerances), and an optimal solution is available.
│ └ objective_bound    : 4.34681e+16
├ Solution (result = 1)
│ ├ primal_status        : FEASIBLE_POINT
│ ├ dual_status          : NO_SOLUTION
│ ├ objective_value      : 4.34681e+16
│ └ relative_gap         : 3.37888e-10
└ Work counters
  ├ solve_time (sec)   : 6.09000e-01
  ├ simplex_iterations : 0
  ├ barrier_iterations : 0
  └ node_count         : 0


Termination Status: OPTIMAL
Acceptable solution found (Status: OPTIMAL).
Step-6: record datas
PART1: [unit-commitment] calculation result has been saved to: D:\GithubClonefiles\module_unitcommitment\.worktrees\108_168h\output\pcm_com4_loadall_h168_20260823_210543\base\clu_ovl\r01\output/details_schedule_results/pcm_simulation_results/intervels_[1]/res_schedule_commitment_result.txt
PART1: [unit-commitment] calculation result has been saved to: D:\GithubClonefiles\module_unitcommitment\.worktrees\108_168h\output\pcm_com4_loadall_h168_20260823_210543\base\clu_ovl\r01\output/details_schedule_results/pcm_simulation_results/intervels_[1]/res_schedule_commitment_result.txt
Step-3: Creating dispatching model (Refactored & Modularized)
  Clustered PCM: 108 physical units -> 31 equivalent units (71.3% state reduction; 108 units in non-singleton clusters)
    5-point output grid is infeasible; retrying this window with 17 points
  Clustered PCM: 108 physical units -> 31 equivalent units (71.3% state reduction; 108 units in non-singleton clusters)
    Refined output grid is infeasible; entering continuous residence-power diagnosis
  Clustered PCM: 108 physical units -> 31 equivalent units (71.3% state reduction; 108 units in non-singleton clusters)
  ⚠ True clustered UC failed at cluster_master: INFEASIBLE; falling back to full unit-network SCUC
	 Variables defined.
DEBUG set_objective_economic!: NT=26, NG=108, ND=91, NW=20, NS=1, K=3, size(refcost)=(108,), size(eachslope)=(3, 108)
objective_function
	MILP economic objective set
subject to.
	 constraints: 1) minimum shutup/shutdown time limits			 done
	 constraints: 2) binary variable logic					 done
	 constraints: 3) shutup/shutdown cost					 done
	 constraints: 4) loadcurtailments and spoliedwinds			 done
	 constraints: 5) generatos power limits					 done
	 constraints: 6) system reserves limits					 done
	 constraints: 7) power balance constraints				 done
	 constraints: 8) ramp-up/ramp-down constraints				 done
	 constraints: 9) piece linearization constraints			 done
	 constraints: 10) transmissionline limits skipped (is_NetWorkCon != 1 or Gsdf missing or NL=0)
	 constraints: 11) stroges system constraints skipped (NC=0 or variables not defined)
	 constraints: 12) data centra constraints skipped (is_ConsiderDataCentra != 1)
	 constraints: 13) frequency control constraints skipped (is_ConsiderFrequencyControl != 1)
	 constraints: 14) hydro power limits					 done
+++++++++++++++++++++++++++++++++++++++++++++++++++++++++++++++++++++++++++++++++++++++++++
Step-4: starting Gurobi solver
Step-5: Gurobi solver finished
+++++++++++++++++++++++++++++++++++++++++++++++++++++++++++++++++++++++++++++++++++++++++++

solution_summary(scuc) = solution_summary(; result = 1, verbose = false)
├ solver_name          : Gurobi
├ Termination
│ ├ termination_status : OPTIMAL
│ ├ result_count       : 1
│ ├ raw_status         : Model was solved to optimality (subject to tolerances), and an optimal solution is available.
│ └ objective_bound    : 4.34681e+16
├ Solution (result = 1)
│ ├ primal_status        : FEASIBLE_POINT
│ ├ dual_status          : NO_SOLUTION
│ ├ objective_value      : 4.34681e+16
│ └ relative_gap         : 2.84313e-10
└ Work counters
  ├ solve_time (sec)   : 4.84000e-01
  ├ simplex_iterations : 0
  ├ barrier_iterations : 0
  └ node_count         : 0


Termination Status: OPTIMAL
Acceptable solution found (Status: OPTIMAL).
Step-6: record datas
PART1: [unit-commitment] calculation result has been saved to: D:\GithubClonefiles\module_unitcommitment\.worktrees\108_168h\output\pcm_com4_loadall_h168_20260823_210543\base\clu_ovl\r01\output/details_schedule_results/pcm_simulation_results/intervels_[1]/res_schedule_commitment_result.txt
PART1: [unit-commitment] calculation result has been saved to: D:\GithubClonefiles\module_unitcommitment\.worktrees\108_168h\output\pcm_com4_loadall_h168_20260823_210543\base\clu_ovl\r01\output/details_schedule_results/pcm_simulation_results/intervels_[1]/res_schedule_commitment_result.txt
Step-3: Creating dispatching model (Refactored & Modularized)
  Clustered PCM: 108 physical units -> 31 equivalent units (71.3% state reduction; 108 units in non-singleton clusters)
    5-point output grid is infeasible; retrying this window with 17 points
  Clustered PCM: 108 physical units -> 31 equivalent units (71.3% state reduction; 108 units in non-singleton clusters)
    Refined output grid is infeasible; entering continuous residence-power diagnosis
  Clustered PCM: 108 physical units -> 31 equivalent units (71.3% state reduction; 108 units in non-singleton clusters)
  ⚠ True clustered UC failed at cluster_master: INFEASIBLE; falling back to full unit-network SCUC
	 Variables defined.
DEBUG set_objective_economic!: NT=31, NG=108, ND=91, NW=20, NS=1, K=3, size(refcost)=(108,), size(eachslope)=(3, 108)
objective_function
	MILP economic objective set
subject to.
	 constraints: 1) minimum shutup/shutdown time limits			 done
	 constraints: 2) binary variable logic					 done
	 constraints: 3) shutup/shutdown cost					 done
	 constraints: 4) loadcurtailments and spoliedwinds			 done
	 constraints: 5) generatos power limits					 done
	 constraints: 6) system reserves limits					 done
	 constraints: 7) power balance constraints				 done
	 constraints: 8) ramp-up/ramp-down constraints				 done
	 constraints: 9) piece linearization constraints			 done
	 constraints: 10) transmissionline limits skipped (is_NetWorkCon != 1 or Gsdf missing or NL=0)
	 constraints: 11) stroges system constraints skipped (NC=0 or variables not defined)
	 constraints: 12) data centra constraints skipped (is_ConsiderDataCentra != 1)
	 constraints: 13) frequency control constraints skipped (is_ConsiderFrequencyControl != 1)
	 constraints: 14) hydro power limits					 done
+++++++++++++++++++++++++++++++++++++++++++++++++++++++++++++++++++++++++++++++++++++++++++
Step-4: starting Gurobi solver
Step-5: Gurobi solver finished
+++++++++++++++++++++++++++++++++++++++++++++++++++++++++++++++++++++++++++++++++++++++++++

solution_summary(scuc) = solution_summary(; result = 1, verbose = false)
├ solver_name          : Gurobi
├ Termination
│ ├ termination_status : OPTIMAL
│ ├ result_count       : 1
│ ├ raw_status         : Model was solved to optimality (subject to tolerances), and an optimal solution is available.
│ └ objective_bound    : 4.34681e+16
├ Solution (result = 1)
│ ├ primal_status        : FEASIBLE_POINT
│ ├ dual_status          : NO_SOLUTION
│ ├ objective_value      : 4.34681e+16
│ └ relative_gap         : 3.25755e-10
└ Work counters
  ├ solve_time (sec)   : 5.23000e-01
  ├ simplex_iterations : 0
  ├ barrier_iterations : 0
  └ node_count         : 0


Termination Status: OPTIMAL
Acceptable solution found (Status: OPTIMAL).
Step-6: record datas
Set parameter Username
Set parameter LicenseID to value 2826524
Academic license - for non-commercial use only - expires 2027-05-22
Set parameter Username
Set parameter LicenseID to value 2826524
Academic license - for non-commercial use only - expires 2027-05-22
Set parameter Username
Set parameter LicenseID to value 2826524
Academic license - for non-commercial use only - expires 2027-05-22
Set parameter Username
Set parameter LicenseID to value 2826524
Academic license - for non-commercial use only - expires 2027-05-22
Set parameter Username
Set parameter LicenseID to value 2826524
Academic license - for non-commercial use only - expires 2027-05-22
Set parameter Username
Set parameter LicenseID to value 2826524
Academic license - for non-commercial use only - expires 2027-05-22
Set parameter Username
Set parameter LicenseID to value 2826524
Academic license - for non-commercial use only - expires 2027-05-22
Set parameter Username
Set parameter LicenseID to value 2826524
Academic license - for non-commercial use only - expires 2027-05-22
Set parameter Username
Set parameter LicenseID to value 2826524
Academic license - for non-commercial use only - expires 2027-05-22
Set parameter Username
Set parameter LicenseID to value 2826524
Academic license - for non-commercial use only - expires 2027-05-22
Set parameter Username
Set parameter LicenseID to value 2826524
Academic license - for non-commercial use only - expires 2027-05-22
Set parameter Username
Set parameter LicenseID to value 2826524
Academic license - for non-commercial use only - expires 2027-05-22
Set parameter Username
Set parameter LicenseID to value 2826524
Academic license - for non-commercial use only - expires 2027-05-22
Set parameter Username
Set parameter LicenseID to value 2826524
Academic license - for non-commercial use only - expires 2027-05-22
Set parameter Username
Set parameter LicenseID to value 2826524
Academic license - for non-commercial use only - expires 2027-05-22
Set parameter Username
Set parameter LicenseID to value 2826524
Academic license - for non-commercial use only - expires 2027-05-22
Set parameter Username
Set parameter LicenseID to value 2826524
Academic license - for non-commercial use only - expires 2027-05-22
Set parameter Username
Set parameter LicenseID to value 2826524
Academic license - for non-commercial use only - expires 2027-05-22
Set parameter Username
Set parameter LicenseID to value 2826524
Academic license - for non-commercial use only - expires 2027-05-22
Set parameter Username
Set parameter LicenseID to value 2826524
Academic license - for non-commercial use only - expires 2027-05-22
Set parameter Username
Set parameter LicenseID to value 2826524
Academic license - for non-commercial use only - expires 2027-05-22
Set parameter Username
Set parameter LicenseID to value 2826524
Academic license - for non-commercial use only - expires 2027-05-22
Set parameter Username
Set parameter LicenseID to value 2826524
Academic license - for non-commercial use only - expires 2027-05-22
Set parameter Username
Set parameter LicenseID to value 2826524
Academic license - for non-commercial use only - expires 2027-05-22
Set parameter Username
Set parameter LicenseID to value 2826524
Academic license - for non-commercial use only - expires 2027-05-22
Set parameter Username
Set parameter LicenseID to value 2826524
Academic license - for non-commercial use only - expires 2027-05-22
Set parameter Username
Set parameter LicenseID to value 2826524
Academic license - for non-commercial use only - expires 2027-05-22
Set parameter Username
Set parameter LicenseID to value 2826524
Academic license - for non-commercial use only - expires 2027-05-22
Set parameter Username
Set parameter LicenseID to value 2826524
Academic license - for non-commercial use only - expires 2027-05-22
Set parameter Username
Set parameter LicenseID to value 2826524
Academic license - for non-commercial use only - expires 2027-05-22
Set parameter Username
Set parameter LicenseID to value 2826524
Academic license - for non-commercial use only - expires 2027-05-22
Set parameter Username
Set parameter LicenseID to value 2826524
Academic license - for non-commercial use only - expires 2027-05-22
Set parameter Username
Set parameter LicenseID to value 2826524
Academic license - for non-commercial use only - expires 2027-05-22
Set parameter Username
Set parameter LicenseID to value 2826524
Academic license - for non-commercial use only - expires 2027-05-22
Set parameter Username
Set parameter LicenseID to value 2826524
Academic license - for non-commercial use only - expires 2027-05-22
Set parameter Username
Set parameter LicenseID to value 2826524
Academic license - for non-commercial use only - expires 2027-05-22
Set parameter Username
Set parameter LicenseID to value 2826524
Academic license - for non-commercial use only - expires 2027-05-22
Set parameter Username
Set parameter LicenseID to value 2826524
Academic license - for non-commercial use only - expires 2027-05-22
Set parameter Username
Set parameter LicenseID to value 2826524
Academic license - for non-commercial use only - expires 2027-05-22
Set parameter Username
Set parameter LicenseID to value 2826524
Academic license - for non-commercial use only - expires 2027-05-22
PART1: [unit-commitment] calculation result has been saved to: D:\GithubClonefiles\module_unitcommitment\.worktrees\108_168h\output\pcm_com4_loadall_h168_20260823_210543\base\clu_ovl\r01\output/details_schedule_results/pcm_simulation_results/intervels_[1]/res_schedule_commitment_result.txt
PART1: [unit-commitment] calculation result has been saved to: D:\GithubClonefiles\module_unitcommitment\.worktrees\108_168h\output\pcm_com4_loadall_h168_20260823_210543\base\clu_ovl\r01\output/details_schedule_results/pcm_simulation_results/intervels_[1]/res_schedule_commitment_result.txt
PART1: [unit-commitment] calculation result has been saved to: D:\GithubClonefiles\module_unitcommitment\.worktrees\108_168h\output\pcm_com4_loadall_h168_20260823_210543\base\clu_ovl\r01\output/details_schedule_results/pcm_simulation_results/intervels_[1]/res_schedule_commitment_result.txt
Step-3: Creating dispatching model (Refactored & Modularized)
  Clustered PCM: 108 physical units -> 31 equivalent units (71.3% state reduction; 108 units in non-singleton clusters)
    5-point output grid is infeasible; retrying this window with 17 points
  Clustered PCM: 108 physical units -> 31 equivalent units (71.3% state reduction; 108 units in non-singleton clusters)
    Refined output grid is infeasible; entering continuous residence-power diagnosis
  Clustered PCM: 108 physical units -> 31 equivalent units (71.3% state reduction; 108 units in non-singleton clusters)
  ⚠ True clustered UC failed at cluster_master: INFEASIBLE; falling back to full unit-network SCUC
	 Variables defined.
DEBUG set_objective_economic!: NT=36, NG=108, ND=91, NW=20, NS=1, K=3, size(refcost)=(108,), size(eachslope)=(3, 108)
objective_function
	MILP economic objective set
subject to.
	 constraints: 1) minimum shutup/shutdown time limits			 done
	 constraints: 2) binary variable logic					 done
	 constraints: 3) shutup/shutdown cost					 done
	 constraints: 4) loadcurtailments and spoliedwinds			 done
	 constraints: 5) generatos power limits					 done
	 constraints: 6) system reserves limits					 done
	 constraints: 7) power balance constraints				 done
	 constraints: 8) ramp-up/ramp-down constraints				 done
	 constraints: 9) piece linearization constraints			 done
	 constraints: 10) transmissionline limits skipped (is_NetWorkCon != 1 or Gsdf missing or NL=0)
	 constraints: 11) stroges system constraints skipped (NC=0 or variables not defined)
	 constraints: 12) data centra constraints skipped (is_ConsiderDataCentra != 1)
	 constraints: 13) frequency control constraints skipped (is_ConsiderFrequencyControl != 1)
	 constraints: 14) hydro power limits					 done
+++++++++++++++++++++++++++++++++++++++++++++++++++++++++++++++++++++++++++++++++++++++++++
Step-4: starting Gurobi solver
Step-5: Gurobi solver finished
+++++++++++++++++++++++++++++++++++++++++++++++++++++++++++++++++++++++++++++++++++++++++++

solution_summary(scuc) = solution_summary(; result = 1, verbose = false)
├ solver_name          : Gurobi
├ Termination
│ ├ termination_status : OPTIMAL
│ ├ result_count       : 1
│ ├ raw_status         : Model was solved to optimality (subject to tolerances), and an optimal solution is available.
│ └ objective_bound    : 3.51533e+16
├ Solution (result = 1)
│ ├ primal_status        : FEASIBLE_POINT
│ ├ dual_status          : NO_SOLUTION
│ ├ objective_value      : 3.51533e+16
│ └ relative_gap         : 4.21537e-10
└ Work counters
  ├ solve_time (sec)   : 5.98000e-01
  ├ simplex_iterations : 0
  ├ barrier_iterations : 0
  └ node_count         : 0


Termination Status: OPTIMAL
Acceptable solution found (Status: OPTIMAL).
Step-6: record datas
PART1: [unit-commitment] calculation result has been saved to: D:\GithubClonefiles\module_unitcommitment\.worktrees\108_168h\output\pcm_com4_loadall_h168_20260823_210543\base\clu_ovl\r01\output/details_schedule_results/pcm_simulation_results/intervels_[1]/res_schedule_commitment_result.txt
Step-3: Creating dispatching model (Refactored & Modularized)
  Clustered PCM: 108 physical units -> 31 equivalent units (71.3% state reduction; 108 units in non-singleton clusters)
    5-point output grid is infeasible; retrying this window with 17 points
  Clustered PCM: 108 physical units -> 31 equivalent units (71.3% state reduction; 108 units in non-singleton clusters)
    Refined output grid is infeasible; entering continuous residence-power diagnosis
  Clustered PCM: 108 physical units -> 31 equivalent units (71.3% state reduction; 108 units in non-singleton clusters)
  ⚠ True clustered UC failed at cluster_master: INFEASIBLE; falling back to full unit-network SCUC
	 Variables defined.
DEBUG set_objective_economic!: NT=36, NG=108, ND=91, NW=20, NS=1, K=3, size(refcost)=(108,), size(eachslope)=(3, 108)
objective_function
	MILP economic objective set
subject to.
	 constraints: 1) minimum shutup/shutdown time limits			 done
	 constraints: 2) binary variable logic					 done
	 constraints: 3) shutup/shutdown cost					 done
	 constraints: 4) loadcurtailments and spoliedwinds			 done
	 constraints: 5) generatos power limits					 done
	 constraints: 6) system reserves limits					 done
	 constraints: 7) power balance constraints				 done
	 constraints: 8) ramp-up/ramp-down constraints				 done
	 constraints: 9) piece linearization constraints			 done
	 constraints: 10) transmissionline limits skipped (is_NetWorkCon != 1 or Gsdf missing or NL=0)
	 constraints: 11) stroges system constraints skipped (NC=0 or variables not defined)
	 constraints: 12) data centra constraints skipped (is_ConsiderDataCentra != 1)
	 constraints: 13) frequency control constraints skipped (is_ConsiderFrequencyControl != 1)
	 constraints: 14) hydro power limits					 done
+++++++++++++++++++++++++++++++++++++++++++++++++++++++++++++++++++++++++++++++++++++++++++
Step-4: starting Gurobi solver
Step-5: Gurobi solver finished
+++++++++++++++++++++++++++++++++++++++++++++++++++++++++++++++++++++++++++++++++++++++++++

solution_summary(scuc) = solution_summary(; result = 1, verbose = false)
├ solver_name          : Gurobi
├ Termination
│ ├ termination_status : OPTIMAL
│ ├ result_count       : 1
│ ├ raw_status         : Model was solved to optimality (subject to tolerances), and an optimal solution is available.
│ └ objective_bound    : 3.51533e+16
├ Solution (result = 1)
│ ├ primal_status        : FEASIBLE_POINT
│ ├ dual_status          : NO_SOLUTION
│ ├ objective_value      : 3.51533e+16
│ └ relative_gap         : 4.21537e-10
└ Work counters
  ├ solve_time (sec)   : 6.08000e-01
  ├ simplex_iterations : 0
  ├ barrier_iterations : 0
  └ node_count         : 0


Termination Status: OPTIMAL
Acceptable solution found (Status: OPTIMAL).
Step-6: record datas
PART1: [unit-commitment] calculation result has been saved to: D:\GithubClonefiles\module_unitcommitment\.worktrees\108_168h\output\pcm_com4_loadall_h168_20260823_210543\base\clu_ovl\r01\output/details_schedule_results/pcm_simulation_results/intervels_[1]/res_schedule_commitment_result.txt
PART1: [unit-commitment] calculation result has been saved to: D:\GithubClonefiles\module_unitcommitment\.worktrees\108_168h\output\pcm_com4_loadall_h168_20260823_210543\base\clu_ovl\r01\output/details_schedule_results/pcm_simulation_results/intervels_[1]/res_schedule_commitment_result.txt
Step-3: Creating dispatching model (Refactored & Modularized)
  Clustered PCM: 108 physical units -> 31 equivalent units (71.3% state reduction; 108 units in non-singleton clusters)
    5-point output grid is infeasible; retrying this window with 17 points
  Clustered PCM: 108 physical units -> 31 equivalent units (71.3% state reduction; 108 units in non-singleton clusters)
    Refined output grid is infeasible; entering continuous residence-power diagnosis
  Clustered PCM: 108 physical units -> 31 equivalent units (71.3% state reduction; 108 units in non-singleton clusters)
  ⚠ True clustered UC failed at cluster_master: INFEASIBLE; falling back to full unit-network SCUC
	 Variables defined.
DEBUG set_objective_economic!: NT=26, NG=108, ND=91, NW=20, NS=1, K=3, size(refcost)=(108,), size(eachslope)=(3, 108)
objective_function
	MILP economic objective set
subject to.
	 constraints: 1) minimum shutup/shutdown time limits			 done
	 constraints: 2) binary variable logic					 done
	 constraints: 3) shutup/shutdown cost					 done
	 constraints: 4) loadcurtailments and spoliedwinds			 done
	 constraints: 5) generatos power limits					 done
	 constraints: 6) system reserves limits					 done
	 constraints: 7) power balance constraints				 done
	 constraints: 8) ramp-up/ramp-down constraints				 done
	 constraints: 9) piece linearization constraints			 done
	 constraints: 10) transmissionline limits skipped (is_NetWorkCon != 1 or Gsdf missing or NL=0)
	 constraints: 11) stroges system constraints skipped (NC=0 or variables not defined)
	 constraints: 12) data centra constraints skipped (is_ConsiderDataCentra != 1)
	 constraints: 13) frequency control constraints skipped (is_ConsiderFrequencyControl != 1)
	 constraints: 14) hydro power limits					 done
+++++++++++++++++++++++++++++++++++++++++++++++++++++++++++++++++++++++++++++++++++++++++++
Step-4: starting Gurobi solver
Step-5: Gurobi solver finished
+++++++++++++++++++++++++++++++++++++++++++++++++++++++++++++++++++++++++++++++++++++++++++

solution_summary(scuc) = solution_summary(; result = 1, verbose = false)
├ solver_name          : Gurobi
├ Termination
│ ├ termination_status : OPTIMAL
│ ├ result_count       : 1
│ ├ raw_status         : Model was solved to optimality (subject to tolerances), and an optimal solution is available.
│ └ objective_bound    : 3.51533e+16
├ Solution (result = 1)
│ ├ primal_status        : FEASIBLE_POINT
│ ├ dual_status          : NO_SOLUTION
│ ├ objective_value      : 3.51533e+16
│ └ relative_gap         : 3.80751e-10
└ Work counters
  ├ solve_time (sec)   : 4.89000e-01
  ├ simplex_iterations : 0
  ├ barrier_iterations : 0
  └ node_count         : 0


Termination Status: OPTIMAL
Acceptable solution found (Status: OPTIMAL).
Step-6: record datas
PART1: [unit-commitment] calculation result has been saved to: D:\GithubClonefiles\module_unitcommitment\.worktrees\108_168h\output\pcm_com4_loadall_h168_20260823_210543\base\clu_ovl\r01\output/details_schedule_results/pcm_simulation_results/intervels_[1]/res_schedule_commitment_result.txt
PART1: [unit-commitment] calculation result has been saved to: D:\GithubClonefiles\module_unitcommitment\.worktrees\108_168h\output\pcm_com4_loadall_h168_20260823_210543\base\clu_ovl\r01\output/details_schedule_results/pcm_simulation_results/intervels_[1]/res_schedule_commitment_result.txt
Step-3: Creating dispatching model (Refactored & Modularized)
  Clustered PCM: 108 physical units -> 31 equivalent units (71.3% state reduction; 108 units in non-singleton clusters)
    5-point output grid is infeasible; retrying this window with 17 points
  Clustered PCM: 108 physical units -> 31 equivalent units (71.3% state reduction; 108 units in non-singleton clusters)
    Refined output grid is infeasible; entering continuous residence-power diagnosis
  Clustered PCM: 108 physical units -> 31 equivalent units (71.3% state reduction; 108 units in non-singleton clusters)
  ⚠ True clustered UC failed at cluster_master: INFEASIBLE; falling back to full unit-network SCUC
	 Variables defined.
DEBUG set_objective_economic!: NT=31, NG=108, ND=91, NW=20, NS=1, K=3, size(refcost)=(108,), size(eachslope)=(3, 108)
objective_function
	MILP economic objective set
subject to.
	 constraints: 1) minimum shutup/shutdown time limits			 done
	 constraints: 2) binary variable logic					 done
	 constraints: 3) shutup/shutdown cost					 done
	 constraints: 4) loadcurtailments and spoliedwinds			 done
	 constraints: 5) generatos power limits					 done
	 constraints: 6) system reserves limits					 done
	 constraints: 7) power balance constraints				 done
	 constraints: 8) ramp-up/ramp-down constraints				 done
	 constraints: 9) piece linearization constraints			 done
	 constraints: 10) transmissionline limits skipped (is_NetWorkCon != 1 or Gsdf missing or NL=0)
	 constraints: 11) stroges system constraints skipped (NC=0 or variables not defined)
	 constraints: 12) data centra constraints skipped (is_ConsiderDataCentra != 1)
	 constraints: 13) frequency control constraints skipped (is_ConsiderFrequencyControl != 1)
	 constraints: 14) hydro power limits					 done
+++++++++++++++++++++++++++++++++++++++++++++++++++++++++++++++++++++++++++++++++++++++++++
Step-4: starting Gurobi solver
Step-5: Gurobi solver finished
+++++++++++++++++++++++++++++++++++++++++++++++++++++++++++++++++++++++++++++++++++++++++++

solution_summary(scuc) = solution_summary(; result = 1, verbose = false)
├ solver_name          : Gurobi
├ Termination
│ ├ termination_status : OPTIMAL
│ ├ result_count       : 1
│ ├ raw_status         : Model was solved to optimality (subject to tolerances), and an optimal solution is available.
│ └ objective_bound    : 3.51533e+16
├ Solution (result = 1)
│ ├ primal_status        : FEASIBLE_POINT
│ ├ dual_status          : NO_SOLUTION
│ ├ objective_value      : 3.51533e+16
│ └ relative_gap         : 4.02484e-10
└ Work counters
  ├ solve_time (sec)   : 5.10000e-01
  ├ simplex_iterations : 0
  ├ barrier_iterations : 0
  └ node_count         : 0


Termination Status: OPTIMAL
Acceptable solution found (Status: OPTIMAL).
Step-6: record datas
PART1: [unit-commitment] calculation result has been saved to: D:\GithubClonefiles\module_unitcommitment\.worktrees\108_168h\output\pcm_com4_loadall_h168_20260823_210543\base\clu_ovl\r01\output/details_schedule_results/pcm_simulation_results/intervels_[1]/res_schedule_commitment_result.txt
PART1: [unit-commitment] calculation result has been saved to: D:\GithubClonefiles\module_unitcommitment\.worktrees\108_168h\output\pcm_com4_loadall_h168_20260823_210543\base\clu_ovl\r01\output/details_schedule_results/pcm_simulation_results/intervels_[1]/res_schedule_commitment_result.txt
PART1: [unit-commitment] calculation result has been saved to: D:\GithubClonefiles\module_unitcommitment\.worktrees\108_168h\output\pcm_com4_loadall_h168_20260823_210543\base\clu_ovl\r01\output/details_schedule_results/pcm_simulation_results/intervels_[1]/res_schedule_commitment_result.txt
Step-3: Creating dispatching model (Refactored & Modularized)
  Clustered PCM: 108 physical units -> 31 equivalent units (71.3% state reduction; 108 units in non-singleton clusters)
    5-point output grid is infeasible; retrying this window with 17 points
  Clustered PCM: 108 physical units -> 31 equivalent units (71.3% state reduction; 108 units in non-singleton clusters)
    Refined output grid is infeasible; entering continuous residence-power diagnosis
  Clustered PCM: 108 physical units -> 31 equivalent units (71.3% state reduction; 108 units in non-singleton clusters)
  ⚠ True clustered UC failed at cluster_master: INFEASIBLE; falling back to full unit-network SCUC
	 Variables defined.
DEBUG set_objective_economic!: NT=36, NG=108, ND=91, NW=20, NS=1, K=3, size(refcost)=(108,), size(eachslope)=(3, 108)
objective_function
	MILP economic objective set
subject to.
	 constraints: 1) minimum shutup/shutdown time limits			 done
	 constraints: 2) binary variable logic					 done
	 constraints: 3) shutup/shutdown cost					 done
	 constraints: 4) loadcurtailments and spoliedwinds			 done
	 constraints: 5) generatos power limits					 done
	 constraints: 6) system reserves limits					 done
	 constraints: 7) power balance constraints				 done
	 constraints: 8) ramp-up/ramp-down constraints				 done
	 constraints: 9) piece linearization constraints			 done
	 constraints: 10) transmissionline limits skipped (is_NetWorkCon != 1 or Gsdf missing or NL=0)
	 constraints: 11) stroges system constraints skipped (NC=0 or variables not defined)
	 constraints: 12) data centra constraints skipped (is_ConsiderDataCentra != 1)
	 constraints: 13) frequency control constraints skipped (is_ConsiderFrequencyControl != 1)
	 constraints: 14) hydro power limits					 done
+++++++++++++++++++++++++++++++++++++++++++++++++++++++++++++++++++++++++++++++++++++++++++
Step-4: starting Gurobi solver
Step-5: Gurobi solver finished
+++++++++++++++++++++++++++++++++++++++++++++++++++++++++++++++++++++++++++++++++++++++++++

solution_summary(scuc) = solution_summary(; result = 1, verbose = false)
├ solver_name          : Gurobi
├ Termination
│ ├ termination_status : OPTIMAL
│ ├ result_count       : 1
│ ├ raw_status         : Model was solved to optimality (subject to tolerances), and an optimal solution is available.
│ └ objective_bound    : 3.89344e+16
├ Solution (result = 1)
│ ├ primal_status        : FEASIBLE_POINT
│ ├ dual_status          : NO_SOLUTION
│ ├ objective_value      : 3.89344e+16
│ └ relative_gap         : 3.74852e-10
└ Work counters
  ├ solve_time (sec)   : 5.88000e-01
  ├ simplex_iterations : 0
  ├ barrier_iterations : 0
  └ node_count         : 0


Termination Status: OPTIMAL
Acceptable solution found (Status: OPTIMAL).
Step-6: record datas
PART1: [unit-commitment] calculation result has been saved to: D:\GithubClonefiles\module_unitcommitment\.worktrees\108_168h\output\pcm_com4_loadall_h168_20260823_210543\base\clu_ovl\r01\output/details_schedule_results/pcm_simulation_results/intervels_[1]/res_schedule_commitment_result.txt
Step-3: Creating dispatching model (Refactored & Modularized)
  Clustered PCM: 108 physical units -> 31 equivalent units (71.3% state reduction; 108 units in non-singleton clusters)
    5-point output grid is infeasible; retrying this window with 17 points
  Clustered PCM: 108 physical units -> 31 equivalent units (71.3% state reduction; 108 units in non-singleton clusters)
    Refined output grid is infeasible; entering continuous residence-power diagnosis
  Clustered PCM: 108 physical units -> 31 equivalent units (71.3% state reduction; 108 units in non-singleton clusters)
  ⚠ True clustered UC failed at cluster_master: INFEASIBLE; falling back to full unit-network SCUC
	 Variables defined.
DEBUG set_objective_economic!: NT=36, NG=108, ND=91, NW=20, NS=1, K=3, size(refcost)=(108,), size(eachslope)=(3, 108)
objective_function
	MILP economic objective set
subject to.
	 constraints: 1) minimum shutup/shutdown time limits			 done
	 constraints: 2) binary variable logic					 done
	 constraints: 3) shutup/shutdown cost					 done
	 constraints: 4) loadcurtailments and spoliedwinds			 done
	 constraints: 5) generatos power limits					 done
	 constraints: 6) system reserves limits					 done
	 constraints: 7) power balance constraints				 done
	 constraints: 8) ramp-up/ramp-down constraints				 done
	 constraints: 9) piece linearization constraints			 done
	 constraints: 10) transmissionline limits skipped (is_NetWorkCon != 1 or Gsdf missing or NL=0)
	 constraints: 11) stroges system constraints skipped (NC=0 or variables not defined)
	 constraints: 12) data centra constraints skipped (is_ConsiderDataCentra != 1)
	 constraints: 13) frequency control constraints skipped (is_ConsiderFrequencyControl != 1)
	 constraints: 14) hydro power limits					 done
+++++++++++++++++++++++++++++++++++++++++++++++++++++++++++++++++++++++++++++++++++++++++++
Step-4: starting Gurobi solver
Step-5: Gurobi solver finished
+++++++++++++++++++++++++++++++++++++++++++++++++++++++++++++++++++++++++++++++++++++++++++

solution_summary(scuc) = solution_summary(; result = 1, verbose = false)
├ solver_name          : Gurobi
├ Termination
│ ├ termination_status : OPTIMAL
│ ├ result_count       : 1
│ ├ raw_status         : Model was solved to optimality (subject to tolerances), and an optimal solution is available.
│ └ objective_bound    : 3.89344e+16
├ Solution (result = 1)
│ ├ primal_status        : FEASIBLE_POINT
│ ├ dual_status          : NO_SOLUTION
│ ├ objective_value      : 3.89344e+16
│ └ relative_gap         : 3.74852e-10
└ Work counters
  ├ solve_time (sec)   : 5.77000e-01
  ├ simplex_iterations : 0
  ├ barrier_iterations : 0
  └ node_count         : 0


Termination Status: OPTIMAL
Acceptable solution found (Status: OPTIMAL).
Step-6: record datas
PART1: [unit-commitment] calculation result has been saved to: D:\GithubClonefiles\module_unitcommitment\.worktrees\108_168h\output\pcm_com4_loadall_h168_20260823_210543\base\clu_ovl\r01\output/details_schedule_results/pcm_simulation_results/intervels_[1]/res_schedule_commitment_result.txt
PART1: [unit-commitment] calculation result has been saved to: D:\GithubClonefiles\module_unitcommitment\.worktrees\108_168h\output\pcm_com4_loadall_h168_20260823_210543\base\clu_ovl\r01\output/details_schedule_results/pcm_simulation_results/intervels_[1]/res_schedule_commitment_result.txt
Step-3: Creating dispatching model (Refactored & Modularized)
  Clustered PCM: 108 physical units -> 31 equivalent units (71.3% state reduction; 108 units in non-singleton clusters)
    5-point output grid is infeasible; retrying this window with 17 points
  Clustered PCM: 108 physical units -> 31 equivalent units (71.3% state reduction; 108 units in non-singleton clusters)
    Refined output grid is infeasible; entering continuous residence-power diagnosis
  Clustered PCM: 108 physical units -> 31 equivalent units (71.3% state reduction; 108 units in non-singleton clusters)
  ⚠ True clustered UC failed at cluster_master: INFEASIBLE; falling back to full unit-network SCUC
	 Variables defined.
DEBUG set_objective_economic!: NT=26, NG=108, ND=91, NW=20, NS=1, K=3, size(refcost)=(108,), size(eachslope)=(3, 108)
objective_function
	MILP economic objective set
subject to.
	 constraints: 1) minimum shutup/shutdown time limits			 done
	 constraints: 2) binary variable logic					 done
	 constraints: 3) shutup/shutdown cost					 done
	 constraints: 4) loadcurtailments and spoliedwinds			 done
	 constraints: 5) generatos power limits					 done
	 constraints: 6) system reserves limits					 done
	 constraints: 7) power balance constraints				 done
	 constraints: 8) ramp-up/ramp-down constraints				 done
	 constraints: 9) piece linearization constraints			 done
	 constraints: 10) transmissionline limits skipped (is_NetWorkCon != 1 or Gsdf missing or NL=0)
	 constraints: 11) stroges system constraints skipped (NC=0 or variables not defined)
	 constraints: 12) data centra constraints skipped (is_ConsiderDataCentra != 1)
	 constraints: 13) frequency control constraints skipped (is_ConsiderFrequencyControl != 1)
	 constraints: 14) hydro power limits					 done
+++++++++++++++++++++++++++++++++++++++++++++++++++++++++++++++++++++++++++++++++++++++++++
Step-4: starting Gurobi solver
Step-5: Gurobi solver finished
+++++++++++++++++++++++++++++++++++++++++++++++++++++++++++++++++++++++++++++++++++++++++++

solution_summary(scuc) = solution_summary(; result = 1, verbose = false)
├ solver_name          : Gurobi
├ Termination
│ ├ termination_status : OPTIMAL
│ ├ result_count       : 1
│ ├ raw_status         : Model was solved to optimality (subject to tolerances), and an optimal solution is available.
│ └ objective_bound    : 3.89344e+16
├ Solution (result = 1)
│ ├ primal_status        : FEASIBLE_POINT
│ ├ dual_status          : NO_SOLUTION
│ ├ objective_value      : 3.89344e+16
│ └ relative_gap         : 3.41936e-10
└ Work counters
  ├ solve_time (sec)   : 4.74000e-01
  ├ simplex_iterations : 0
  ├ barrier_iterations : 0
  └ node_count         : 0


Termination Status: OPTIMAL
Acceptable solution found (Status: OPTIMAL).
Step-6: record datas
PART1: [unit-commitment] calculation result has been saved to: D:\GithubClonefiles\module_unitcommitment\.worktrees\108_168h\output\pcm_com4_loadall_h168_20260823_210543\base\clu_ovl\r01\output/details_schedule_results/pcm_simulation_results/intervels_[1]/res_schedule_commitment_result.txt
PART1: [unit-commitment] calculation result has been saved to: D:\GithubClonefiles\module_unitcommitment\.worktrees\108_168h\output\pcm_com4_loadall_h168_20260823_210543\base\clu_ovl\r01\output/details_schedule_results/pcm_simulation_results/intervels_[1]/res_schedule_commitment_result.txt
Step-3: Creating dispatching model (Refactored & Modularized)
  Clustered PCM: 108 physical units -> 31 equivalent units (71.3% state reduction; 108 units in non-singleton clusters)
    5-point output grid is infeasible; retrying this window with 17 points
  Clustered PCM: 108 physical units -> 31 equivalent units (71.3% state reduction; 108 units in non-singleton clusters)
    Refined output grid is infeasible; entering continuous residence-power diagnosis
  Clustered PCM: 108 physical units -> 31 equivalent units (71.3% state reduction; 108 units in non-singleton clusters)
  ⚠ True clustered UC failed at cluster_master: INFEASIBLE; falling back to full unit-network SCUC
	 Variables defined.
DEBUG set_objective_economic!: NT=31, NG=108, ND=91, NW=20, NS=1, K=3, size(refcost)=(108,), size(eachslope)=(3, 108)
objective_function
	MILP economic objective set
subject to.
	 constraints: 1) minimum shutup/shutdown time limits			 done
	 constraints: 2) binary variable logic					 done
	 constraints: 3) shutup/shutdown cost					 done
	 constraints: 4) loadcurtailments and spoliedwinds			 done
	 constraints: 5) generatos power limits					 done
	 constraints: 6) system reserves limits					 done
	 constraints: 7) power balance constraints				 done
	 constraints: 8) ramp-up/ramp-down constraints				 done
	 constraints: 9) piece linearization constraints			 done
	 constraints: 10) transmissionline limits skipped (is_NetWorkCon != 1 or Gsdf missing or NL=0)
	 constraints: 11) stroges system constraints skipped (NC=0 or variables not defined)
	 constraints: 12) data centra constraints skipped (is_ConsiderDataCentra != 1)
	 constraints: 13) frequency control constraints skipped (is_ConsiderFrequencyControl != 1)
	 constraints: 14) hydro power limits					 done
+++++++++++++++++++++++++++++++++++++++++++++++++++++++++++++++++++++++++++++++++++++++++++
Step-4: starting Gurobi solver
Step-5: Gurobi solver finished
+++++++++++++++++++++++++++++++++++++++++++++++++++++++++++++++++++++++++++++++++++++++++++

solution_summary(scuc) = solution_summary(; result = 1, verbose = false)
├ solver_name          : Gurobi
├ Termination
│ ├ termination_status : OPTIMAL
│ ├ result_count       : 1
│ ├ raw_status         : Model was solved to optimality (subject to tolerances), and an optimal solution is available.
│ └ objective_bound    : 3.89344e+16
├ Solution (result = 1)
│ ├ primal_status        : FEASIBLE_POINT
│ ├ dual_status          : NO_SOLUTION
│ ├ objective_value      : 3.89344e+16
│ └ relative_gap         : 3.59870e-10
└ Work counters
  ├ solve_time (sec)   : 5.02000e-01
  ├ simplex_iterations : 0
  ├ barrier_iterations : 0
  └ node_count         : 0


Termination Status: OPTIMAL
Acceptable solution found (Status: OPTIMAL).
Step-6: record datas
PART1: [unit-commitment] calculation result has been saved to: D:\GithubClonefiles\module_unitcommitment\.worktrees\108_168h\output\pcm_com4_loadall_h168_20260823_210543\base\clu_ovl\r01\output/details_schedule_results/pcm_simulation_results/intervels_[1]/res_schedule_commitment_result.txt
PART1: [unit-commitment] calculation result has been saved to: D:\GithubClonefiles\module_unitcommitment\.worktrees\108_168h\output\pcm_com4_loadall_h168_20260823_210543\base\clu_ovl\r01\output/details_schedule_results/pcm_simulation_results/intervels_[1]/res_schedule_commitment_result.txt
PART1: [unit-commitment] calculation result has been saved to: D:\GithubClonefiles\module_unitcommitment\.worktrees\108_168h\output\pcm_com4_loadall_h168_20260823_210543\base\clu_ovl\r01\output/details_schedule_results/pcm_simulation_results/intervels_[1]/res_schedule_commitment_result.txt
Step-3: Creating dispatching model (Refactored & Modularized)
  Clustered PCM: 108 physical units -> 31 equivalent units (71.3% state reduction; 108 units in non-singleton clusters)
    5-point output grid is infeasible; retrying this window with 17 points
  Clustered PCM: 108 physical units -> 31 equivalent units (71.3% state reduction; 108 units in non-singleton clusters)
    Refined output grid is infeasible; entering continuous residence-power diagnosis
  Clustered PCM: 108 physical units -> 31 equivalent units (71.3% state reduction; 108 units in non-singleton clusters)
  ⚠ True clustered UC failed at cluster_master: INFEASIBLE; falling back to full unit-network SCUC
	 Variables defined.
DEBUG set_objective_economic!: NT=36, NG=108, ND=91, NW=20, NS=1, K=3, size(refcost)=(108,), size(eachslope)=(3, 108)
objective_function
	MILP economic objective set
subject to.
	 constraints: 1) minimum shutup/shutdown time limits			 done
	 constraints: 2) binary variable logic					 done
	 constraints: 3) shutup/shutdown cost					 done
	 constraints: 4) loadcurtailments and spoliedwinds			 done
	 constraints: 5) generatos power limits					 done
	 constraints: 6) system reserves limits					 done
	 constraints: 7) power balance constraints				 done
	 constraints: 8) ramp-up/ramp-down constraints				 done
	 constraints: 9) piece linearization constraints			 done
	 constraints: 10) transmissionline limits skipped (is_NetWorkCon != 1 or Gsdf missing or NL=0)
	 constraints: 11) stroges system constraints skipped (NC=0 or variables not defined)
	 constraints: 12) data centra constraints skipped (is_ConsiderDataCentra != 1)
	 constraints: 13) frequency control constraints skipped (is_ConsiderFrequencyControl != 1)
	 constraints: 14) hydro power limits					 done
+++++++++++++++++++++++++++++++++++++++++++++++++++++++++++++++++++++++++++++++++++++++++++
Step-4: starting Gurobi solver
Step-5: Gurobi solver finished
+++++++++++++++++++++++++++++++++++++++++++++++++++++++++++++++++++++++++++++++++++++++++++

solution_summary(scuc) = solution_summary(; result = 1, verbose = false)
├ solver_name          : Gurobi
├ Termination
│ ├ termination_status : OPTIMAL
│ ├ result_count       : 4
│ ├ raw_status         : Model was solved to optimality (subject to tolerances), and an optimal solution is available.
│ └ objective_bound    : 6.21852e+16
├ Solution (result = 1)
│ ├ primal_status        : FEASIBLE_POINT
│ ├ dual_status          : NO_SOLUTION
│ ├ objective_value      : 6.27852e+16
│ └ relative_gap         : 9.55640e-03
└ Work counters
  ├ solve_time (sec)   : 3.16800e+00
  ├ simplex_iterations : 18062
  ├ barrier_iterations : 0
  └ node_count         : 1


Termination Status: OPTIMAL
Acceptable solution found (Status: OPTIMAL).
Step-6: record datas
PART1: [unit-commitment] calculation result has been saved to: D:\GithubClonefiles\module_unitcommitment\.worktrees\108_168h\output\pcm_com4_loadall_h168_20260823_210543\base\clu_ovl\r01\output/details_schedule_results/pcm_simulation_results/intervels_[1]/res_schedule_commitment_result.txt
Step-3: Creating dispatching model (Refactored & Modularized)
  Clustered PCM: 108 physical units -> 31 equivalent units (71.3% state reduction; 108 units in non-singleton clusters)
    5-point output grid is infeasible; retrying this window with 17 points
  Clustered PCM: 108 physical units -> 31 equivalent units (71.3% state reduction; 108 units in non-singleton clusters)
    Refined output grid is infeasible; entering continuous residence-power diagnosis
  Clustered PCM: 108 physical units -> 31 equivalent units (71.3% state reduction; 108 units in non-singleton clusters)
  ⚠ True clustered UC failed at cluster_master: INFEASIBLE; falling back to full unit-network SCUC
	 Variables defined.
DEBUG set_objective_economic!: NT=36, NG=108, ND=91, NW=20, NS=1, K=3, size(refcost)=(108,), size(eachslope)=(3, 108)
objective_function
	MILP economic objective set
subject to.
	 constraints: 1) minimum shutup/shutdown time limits			 done
	 constraints: 2) binary variable logic					 done
	 constraints: 3) shutup/shutdown cost					 done
	 constraints: 4) loadcurtailments and spoliedwinds			 done
	 constraints: 5) generatos power limits					 done
	 constraints: 6) system reserves limits					 done
	 constraints: 7) power balance constraints				 done
	 constraints: 8) ramp-up/ramp-down constraints				 done
	 constraints: 9) piece linearization constraints			 done
	 constraints: 10) transmissionline limits skipped (is_NetWorkCon != 1 or Gsdf missing or NL=0)
	 constraints: 11) stroges system constraints skipped (NC=0 or variables not defined)
Set parameter Username
Set parameter LicenseID to value 2826524
Academic license - for non-commercial use only - expires 2027-05-22
Set parameter Username
Set parameter LicenseID to value 2826524
Academic license - for non-commercial use only - expires 2027-05-22
Set parameter Username
Set parameter LicenseID to value 2826524
Academic license - for non-commercial use only - expires 2027-05-22
Set parameter Username
Set parameter LicenseID to value 2826524
Academic license - for non-commercial use only - expires 2027-05-22
Set parameter Username
Set parameter LicenseID to value 2826524
Academic license - for non-commercial use only - expires 2027-05-22
Set parameter Username
Set parameter LicenseID to value 2826524
Academic license - for non-commercial use only - expires 2027-05-22
Set parameter Username
Set parameter LicenseID to value 2826524
Academic license - for non-commercial use only - expires 2027-05-22
Set parameter Username
Set parameter LicenseID to value 2826524
Academic license - for non-commercial use only - expires 2027-05-22
Set parameter Username
Set parameter LicenseID to value 2826524
Academic license - for non-commercial use only - expires 2027-05-22
Set parameter Username
Set parameter LicenseID to value 2826524
Academic license - for non-commercial use only - expires 2027-05-22
Set parameter Username
Set parameter LicenseID to value 2826524
Academic license - for non-commercial use only - expires 2027-05-22
Set parameter Username
Set parameter LicenseID to value 2826524
Academic license - for non-commercial use only - expires 2027-05-22
Set parameter Username
Set parameter LicenseID to value 2826524
Academic license - for non-commercial use only - expires 2027-05-22
Set parameter Username
Set parameter LicenseID to value 2826524
Academic license - for non-commercial use only - expires 2027-05-22
Set parameter Username
Set parameter LicenseID to value 2826524
Academic license - for non-commercial use only - expires 2027-05-22
Set parameter Username
Set parameter LicenseID to value 2826524
Academic license - for non-commercial use only - expires 2027-05-22
Set parameter Username
Set parameter LicenseID to value 2826524
Academic license - for non-commercial use only - expires 2027-05-22
Set parameter Username
Set parameter LicenseID to value 2826524
Academic license - for non-commercial use only - expires 2027-05-22
Set parameter Username
Set parameter LicenseID to value 2826524
Academic license - for non-commercial use only - expires 2027-05-22
Set parameter Username
Set parameter LicenseID to value 2826524
Academic license - for non-commercial use only - expires 2027-05-22
Set parameter Username
Set parameter LicenseID to value 2826524
Academic license - for non-commercial use only - expires 2027-05-22
Set parameter Username
Set parameter LicenseID to value 2826524
Academic license - for non-commercial use only - expires 2027-05-22
Set parameter Username
Set parameter LicenseID to value 2826524
Academic license - for non-commercial use only - expires 2027-05-22
Set parameter Username
Set parameter LicenseID to value 2826524
Academic license - for non-commercial use only - expires 2027-05-22
Set parameter Username
Set parameter LicenseID to value 2826524
Academic license - for non-commercial use only - expires 2027-05-22
Set parameter Username
Set parameter LicenseID to value 2826524
Academic license - for non-commercial use only - expires 2027-05-22
Set parameter Username
Set parameter LicenseID to value 2826524
Academic license - for non-commercial use only - expires 2027-05-22
Set parameter Username
Set parameter LicenseID to value 2826524
Academic license - for non-commercial use only - expires 2027-05-22
Set parameter Username
Set parameter LicenseID to value 2826524
Academic license - for non-commercial use only - expires 2027-05-22
Set parameter Username
Set parameter LicenseID to value 2826524
Academic license - for non-commercial use only - expires 2027-05-22
Set parameter Username
Set parameter LicenseID to value 2826524
Academic license - for non-commercial use only - expires 2027-05-22
Set parameter Username
Set parameter LicenseID to value 2826524
Academic license - for non-commercial use only - expires 2027-05-22
Set parameter Username
Set parameter LicenseID to value 2826524
Academic license - for non-commercial use only - expires 2027-05-22
Set parameter Username
Set parameter LicenseID to value 2826524
Academic license - for non-commercial use only - expires 2027-05-22
Set parameter Username
Set parameter LicenseID to value 2826524
Academic license - for non-commercial use only - expires 2027-05-22
Set parameter Username
Set parameter LicenseID to value 2826524
Academic license - for non-commercial use only - expires 2027-05-22
Set parameter Username
Set parameter LicenseID to value 2826524
Academic license - for non-commercial use only - expires 2027-05-22
	 constraints: 12) data centra constraints skipped (is_ConsiderDataCentra != 1)
	 constraints: 13) frequency control constraints skipped (is_ConsiderFrequencyControl != 1)
	 constraints: 14) hydro power limits					 done
+++++++++++++++++++++++++++++++++++++++++++++++++++++++++++++++++++++++++++++++++++++++++++
Step-4: starting Gurobi solver
Step-5: Gurobi solver finished
+++++++++++++++++++++++++++++++++++++++++++++++++++++++++++++++++++++++++++++++++++++++++++

solution_summary(scuc) = solution_summary(; result = 1, verbose = false)
├ solver_name          : Gurobi
├ Termination
│ ├ termination_status : OPTIMAL
│ ├ result_count       : 4
│ ├ raw_status         : Model was solved to optimality (subject to tolerances), and an optimal solution is available.
│ └ objective_bound    : 6.21852e+16
├ Solution (result = 1)
│ ├ primal_status        : FEASIBLE_POINT
│ ├ dual_status          : NO_SOLUTION
│ ├ objective_value      : 6.27852e+16
│ └ relative_gap         : 9.55640e-03
└ Work counters
  ├ solve_time (sec)   : 3.16100e+00
  ├ simplex_iterations : 18062
  ├ barrier_iterations : 0
  └ node_count         : 1


Termination Status: OPTIMAL
Acceptable solution found (Status: OPTIMAL).
Step-6: record datas
PART1: [unit-commitment] calculation result has been saved to: D:\GithubClonefiles\module_unitcommitment\.worktrees\108_168h\output\pcm_com4_loadall_h168_20260823_210543\base\clu_ovl\r01\output/details_schedule_results/pcm_simulation_results/intervels_[1]/res_schedule_commitment_result.txt
PART1: [unit-commitment] calculation result has been saved to: D:\GithubClonefiles\module_unitcommitment\.worktrees\108_168h\output\pcm_com4_loadall_h168_20260823_210543\base\clu_ovl\r01\output/details_schedule_results/pcm_simulation_results/intervels_[1]/res_schedule_commitment_result.txt
Step-3: Creating dispatching model (Refactored & Modularized)
  Clustered PCM: 108 physical units -> 31 equivalent units (71.3% state reduction; 108 units in non-singleton clusters)
    5-point output grid is infeasible; retrying this window with 17 points
  Clustered PCM: 108 physical units -> 31 equivalent units (71.3% state reduction; 108 units in non-singleton clusters)
    Refined output grid is infeasible; entering continuous residence-power diagnosis
  Clustered PCM: 108 physical units -> 31 equivalent units (71.3% state reduction; 108 units in non-singleton clusters)
  ⚠ True clustered UC failed at cluster_master: INFEASIBLE; falling back to full unit-network SCUC
	 Variables defined.
DEBUG set_objective_economic!: NT=26, NG=108, ND=91, NW=20, NS=1, K=3, size(refcost)=(108,), size(eachslope)=(3, 108)
objective_function
	MILP economic objective set
subject to.
	 constraints: 1) minimum shutup/shutdown time limits			 done
	 constraints: 2) binary variable logic					 done
	 constraints: 3) shutup/shutdown cost					 done
	 constraints: 4) loadcurtailments and spoliedwinds			 done
	 constraints: 5) generatos power limits					 done
	 constraints: 6) system reserves limits					 done
	 constraints: 7) power balance constraints				 done
	 constraints: 8) ramp-up/ramp-down constraints				 done
	 constraints: 9) piece linearization constraints			 done
	 constraints: 10) transmissionline limits skipped (is_NetWorkCon != 1 or Gsdf missing or NL=0)
	 constraints: 11) stroges system constraints skipped (NC=0 or variables not defined)
	 constraints: 12) data centra constraints skipped (is_ConsiderDataCentra != 1)
	 constraints: 13) frequency control constraints skipped (is_ConsiderFrequencyControl != 1)
	 constraints: 14) hydro power limits					 done
+++++++++++++++++++++++++++++++++++++++++++++++++++++++++++++++++++++++++++++++++++++++++++
Step-4: starting Gurobi solver
Step-5: Gurobi solver finished
+++++++++++++++++++++++++++++++++++++++++++++++++++++++++++++++++++++++++++++++++++++++++++

solution_summary(scuc) = solution_summary(; result = 1, verbose = false)
├ solver_name          : Gurobi
├ Termination
│ ├ termination_status : OPTIMAL
│ ├ result_count       : 1
│ ├ raw_status         : Model was solved to optimality (subject to tolerances), and an optimal solution is available.
│ └ objective_bound    : 6.21852e+16
├ Solution (result = 1)
│ ├ primal_status        : FEASIBLE_POINT
│ ├ dual_status          : NO_SOLUTION
│ ├ objective_value      : 6.35852e+16
│ └ relative_gap         : 2.20177e-02
└ Work counters
  ├ solve_time (sec)   : 5.24000e-01
  ├ simplex_iterations : 0
  ├ barrier_iterations : 0
  └ node_count         : 0


Termination Status: OPTIMAL
Acceptable solution found (Status: OPTIMAL).
Step-6: record datas
PART1: [unit-commitment] calculation result has been saved to: D:\GithubClonefiles\module_unitcommitment\.worktrees\108_168h\output\pcm_com4_loadall_h168_20260823_210543\base\clu_ovl\r01\output/details_schedule_results/pcm_simulation_results/intervels_[1]/res_schedule_commitment_result.txt
PART1: [unit-commitment] calculation result has been saved to: D:\GithubClonefiles\module_unitcommitment\.worktrees\108_168h\output\pcm_com4_loadall_h168_20260823_210543\base\clu_ovl\r01\output/details_schedule_results/pcm_simulation_results/intervels_[1]/res_schedule_commitment_result.txt
Step-3: Creating dispatching model (Refactored & Modularized)
  Clustered PCM: 108 physical units -> 31 equivalent units (71.3% state reduction; 108 units in non-singleton clusters)
    5-point output grid is infeasible; retrying this window with 17 points
  Clustered PCM: 108 physical units -> 31 equivalent units (71.3% state reduction; 108 units in non-singleton clusters)
    Refined output grid is infeasible; entering continuous residence-power diagnosis
  Clustered PCM: 108 physical units -> 31 equivalent units (71.3% state reduction; 108 units in non-singleton clusters)
  ⚠ True clustered UC failed at cluster_master: INFEASIBLE; falling back to full unit-network SCUC
	 Variables defined.
DEBUG set_objective_economic!: NT=31, NG=108, ND=91, NW=20, NS=1, K=3, size(refcost)=(108,), size(eachslope)=(3, 108)
objective_function
	MILP economic objective set
subject to.
	 constraints: 1) minimum shutup/shutdown time limits			 done
	 constraints: 2) binary variable logic					 done
	 constraints: 3) shutup/shutdown cost					 done
	 constraints: 4) loadcurtailments and spoliedwinds			 done
	 constraints: 5) generatos power limits					 done
	 constraints: 6) system reserves limits					 done
	 constraints: 7) power balance constraints				 done
	 constraints: 8) ramp-up/ramp-down constraints				 done
	 constraints: 9) piece linearization constraints			 done
	 constraints: 10) transmissionline limits skipped (is_NetWorkCon != 1 or Gsdf missing or NL=0)
	 constraints: 11) stroges system constraints skipped (NC=0 or variables not defined)
	 constraints: 12) data centra constraints skipped (is_ConsiderDataCentra != 1)
	 constraints: 13) frequency control constraints skipped (is_ConsiderFrequencyControl != 1)
	 constraints: 14) hydro power limits					 done
+++++++++++++++++++++++++++++++++++++++++++++++++++++++++++++++++++++++++++++++++++++++++++
Step-4: starting Gurobi solver
Step-5: Gurobi solver finished
+++++++++++++++++++++++++++++++++++++++++++++++++++++++++++++++++++++++++++++++++++++++++++

solution_summary(scuc) = solution_summary(; result = 1, verbose = false)
├ solver_name          : Gurobi
├ Termination
│ ├ termination_status : OPTIMAL
│ ├ result_count       : 1
│ ├ raw_status         : Model was solved to optimality (subject to tolerances), and an optimal solution is available.
│ └ objective_bound    : 6.21852e+16
├ Solution (result = 1)
│ ├ primal_status        : FEASIBLE_POINT
│ ├ dual_status          : NO_SOLUTION
│ ├ objective_value      : 6.21852e+16
│ └ relative_gap         : 2.22944e-10
└ Work counters
  ├ solve_time (sec)   : 5.58000e-01
  ├ simplex_iterations : 0
  ├ barrier_iterations : 0
  └ node_count         : 0


Termination Status: OPTIMAL
Acceptable solution found (Status: OPTIMAL).
Step-6: record datas
PART1: [unit-commitment] calculation result has been saved to: D:\GithubClonefiles\module_unitcommitment\.worktrees\108_168h\output\pcm_com4_loadall_h168_20260823_210543\base\clu_ovl\r01\output/details_schedule_results/pcm_simulation_results/intervels_[1]/res_schedule_commitment_result.txt
PART1: [unit-commitment] calculation result has been saved to: D:\GithubClonefiles\module_unitcommitment\.worktrees\108_168h\output\pcm_com4_loadall_h168_20260823_210543\base\clu_ovl\r01\output/details_schedule_results/pcm_simulation_results/intervels_[1]/res_schedule_commitment_result.txt
PART1: [unit-commitment] calculation result has been saved to: D:\GithubClonefiles\module_unitcommitment\.worktrees\108_168h\output\pcm_com4_loadall_h168_20260823_210543\base\clu_ovl\r01\output/details_schedule_results/pcm_simulation_results/intervels_[1]/res_schedule_commitment_result.txt
Step-3: Creating dispatching model (Refactored & Modularized)
  Clustered PCM: 108 physical units -> 31 equivalent units (71.3% state reduction; 108 units in non-singleton clusters)
    5-point output grid is infeasible; retrying this window with 17 points
  Clustered PCM: 108 physical units -> 31 equivalent units (71.3% state reduction; 108 units in non-singleton clusters)
    Refined output grid is infeasible; entering continuous residence-power diagnosis
  Clustered PCM: 108 physical units -> 31 equivalent units (71.3% state reduction; 108 units in non-singleton clusters)
  ⚠ True clustered UC failed at cluster_master: INFEASIBLE; falling back to full unit-network SCUC
	 Variables defined.
DEBUG set_objective_economic!: NT=36, NG=108, ND=91, NW=20, NS=1, K=3, size(refcost)=(108,), size(eachslope)=(3, 108)
objective_function
	MILP economic objective set
subject to.
	 constraints: 1) minimum shutup/shutdown time limits			 done
	 constraints: 2) binary variable logic					 done
	 constraints: 3) shutup/shutdown cost					 done
	 constraints: 4) loadcurtailments and spoliedwinds			 done
	 constraints: 5) generatos power limits					 done
	 constraints: 6) system reserves limits					 done
	 constraints: 7) power balance constraints				 done
	 constraints: 8) ramp-up/ramp-down constraints				 done
	 constraints: 9) piece linearization constraints			 done
	 constraints: 10) transmissionline limits skipped (is_NetWorkCon != 1 or Gsdf missing or NL=0)
	 constraints: 11) stroges system constraints skipped (NC=0 or variables not defined)
	 constraints: 12) data centra constraints skipped (is_ConsiderDataCentra != 1)
	 constraints: 13) frequency control constraints skipped (is_ConsiderFrequencyControl != 1)
	 constraints: 14) hydro power limits					 done
+++++++++++++++++++++++++++++++++++++++++++++++++++++++++++++++++++++++++++++++++++++++++++
Step-4: starting Gurobi solver
Step-5: Gurobi solver finished
+++++++++++++++++++++++++++++++++++++++++++++++++++++++++++++++++++++++++++++++++++++++++++

solution_summary(scuc) = solution_summary(; result = 1, verbose = false)
├ solver_name          : Gurobi
├ Termination
│ ├ termination_status : OPTIMAL
│ ├ result_count       : 1
│ ├ raw_status         : Model was solved to optimality (subject to tolerances), and an optimal solution is available.
│ └ objective_bound    : 5.55435e+16
├ Solution (result = 1)
│ ├ primal_status        : FEASIBLE_POINT
│ ├ dual_status          : NO_SOLUTION
│ ├ objective_value      : 5.65435e+16
│ └ relative_gap         : 1.76855e-02
└ Work counters
  ├ solve_time (sec)   : 6.38000e-01
  ├ simplex_iterations : 0
  ├ barrier_iterations : 0
  └ node_count         : 0


Termination Status: OPTIMAL
Acceptable solution found (Status: OPTIMAL).
Step-6: record datas
PART1: [unit-commitment] calculation result has been saved to: D:\GithubClonefiles\module_unitcommitment\.worktrees\108_168h\output\pcm_com4_loadall_h168_20260823_210543\base\clu_ovl\r01\output/details_schedule_results/pcm_simulation_results/intervels_[1]/res_schedule_commitment_result.txt
Step-3: Creating dispatching model (Refactored & Modularized)
  Clustered PCM: 108 physical units -> 31 equivalent units (71.3% state reduction; 108 units in non-singleton clusters)
    5-point output grid is infeasible; retrying this window with 17 points
  Clustered PCM: 108 physical units -> 31 equivalent units (71.3% state reduction; 108 units in non-singleton clusters)
    Refined output grid is infeasible; entering continuous residence-power diagnosis
  Clustered PCM: 108 physical units -> 31 equivalent units (71.3% state reduction; 108 units in non-singleton clusters)
  ⚠ True clustered UC failed at cluster_master: INFEASIBLE; falling back to full unit-network SCUC
	 Variables defined.
DEBUG set_objective_economic!: NT=36, NG=108, ND=91, NW=20, NS=1, K=3, size(refcost)=(108,), size(eachslope)=(3, 108)
objective_function
	MILP economic objective set
subject to.
	 constraints: 1) minimum shutup/shutdown time limits			 done
	 constraints: 2) binary variable logic					 done
	 constraints: 3) shutup/shutdown cost					 done
	 constraints: 4) loadcurtailments and spoliedwinds			 done
	 constraints: 5) generatos power limits					 done
	 constraints: 6) system reserves limits					 done
	 constraints: 7) power balance constraints				 done
	 constraints: 8) ramp-up/ramp-down constraints				 done
	 constraints: 9) piece linearization constraints			 done
	 constraints: 10) transmissionline limits skipped (is_NetWorkCon != 1 or Gsdf missing or NL=0)
	 constraints: 11) stroges system constraints skipped (NC=0 or variables not defined)
	 constraints: 12) data centra constraints skipped (is_ConsiderDataCentra != 1)
	 constraints: 13) frequency control constraints skipped (is_ConsiderFrequencyControl != 1)
	 constraints: 14) hydro power limits					 done
+++++++++++++++++++++++++++++++++++++++++++++++++++++++++++++++++++++++++++++++++++++++++++
Step-4: starting Gurobi solver
Step-5: Gurobi solver finished
+++++++++++++++++++++++++++++++++++++++++++++++++++++++++++++++++++++++++++++++++++++++++++

solution_summary(scuc) = solution_summary(; result = 1, verbose = false)
├ solver_name          : Gurobi
├ Termination
│ ├ termination_status : OPTIMAL
│ ├ result_count       : 1
│ ├ raw_status         : Model was solved to optimality (subject to tolerances), and an optimal solution is available.
│ └ objective_bound    : 5.55435e+16
├ Solution (result = 1)
│ ├ primal_status        : FEASIBLE_POINT
│ ├ dual_status          : NO_SOLUTION
│ ├ objective_value      : 5.65435e+16
│ └ relative_gap         : 1.76855e-02
└ Work counters
  ├ solve_time (sec)   : 5.99000e-01
  ├ simplex_iterations : 0
  ├ barrier_iterations : 0
  └ node_count         : 0


Termination Status: OPTIMAL
Acceptable solution found (Status: OPTIMAL).
Step-6: record datas
PART1: [unit-commitment] calculation result has been saved to: D:\GithubClonefiles\module_unitcommitment\.worktrees\108_168h\output\pcm_com4_loadall_h168_20260823_210543\base\clu_ovl\r01\output/details_schedule_results/pcm_simulation_results/intervels_[1]/res_schedule_commitment_result.txt
PART1: [unit-commitment] calculation result has been saved to: D:\GithubClonefiles\module_unitcommitment\.worktrees\108_168h\output\pcm_com4_loadall_h168_20260823_210543\base\clu_ovl\r01\output/details_schedule_results/pcm_simulation_results/intervels_[1]/res_schedule_commitment_result.txt
Step-3: Creating dispatching model (Refactored & Modularized)
  Clustered PCM: 108 physical units -> 31 equivalent units (71.3% state reduction; 108 units in non-singleton clusters)
    5-point output grid is infeasible; retrying this window with 17 points
  Clustered PCM: 108 physical units -> 31 equivalent units (71.3% state reduction; 108 units in non-singleton clusters)
    Refined output grid is infeasible; entering continuous residence-power diagnosis
  Clustered PCM: 108 physical units -> 31 equivalent units (71.3% state reduction; 108 units in non-singleton clusters)
  ⚠ True clustered UC failed at cluster_master: INFEASIBLE; falling back to full unit-network SCUC
	 Variables defined.
DEBUG set_objective_economic!: NT=26, NG=108, ND=91, NW=20, NS=1, K=3, size(refcost)=(108,), size(eachslope)=(3, 108)
objective_function
	MILP economic objective set
subject to.
	 constraints: 1) minimum shutup/shutdown time limits			 done
	 constraints: 2) binary variable logic					 done
	 constraints: 3) shutup/shutdown cost					 done
	 constraints: 4) loadcurtailments and spoliedwinds			 done
	 constraints: 5) generatos power limits					 done
	 constraints: 6) system reserves limits					 done
	 constraints: 7) power balance constraints				 done
	 constraints: 8) ramp-up/ramp-down constraints				 done
	 constraints: 9) piece linearization constraints			 done
	 constraints: 10) transmissionline limits skipped (is_NetWorkCon != 1 or Gsdf missing or NL=0)
	 constraints: 11) stroges system constraints skipped (NC=0 or variables not defined)
	 constraints: 12) data centra constraints skipped (is_ConsiderDataCentra != 1)
	 constraints: 13) frequency control constraints skipped (is_ConsiderFrequencyControl != 1)
	 constraints: 14) hydro power limits					 done
+++++++++++++++++++++++++++++++++++++++++++++++++++++++++++++++++++++++++++++++++++++++++++
Step-4: starting Gurobi solver
Step-5: Gurobi solver finished
+++++++++++++++++++++++++++++++++++++++++++++++++++++++++++++++++++++++++++++++++++++++++++

solution_summary(scuc) = solution_summary(; result = 1, verbose = false)
├ solver_name          : Gurobi
├ Termination
│ ├ termination_status : OPTIMAL
│ ├ result_count       : 1
│ ├ raw_status         : Model was solved to optimality (subject to tolerances), and an optimal solution is available.
│ └ objective_bound    : 5.55435e+16
├ Solution (result = 1)
│ ├ primal_status        : FEASIBLE_POINT
│ ├ dual_status          : NO_SOLUTION
│ ├ objective_value      : 5.65435e+16
│ └ relative_gap         : 1.76855e-02
└ Work counters
  ├ solve_time (sec)   : 5.34000e-01
  ├ simplex_iterations : 0
  ├ barrier_iterations : 0
  └ node_count         : 0


Termination Status: OPTIMAL
Acceptable solution found (Status: OPTIMAL).
Step-6: record datas
PART1: [unit-commitment] calculation result has been saved to: D:\GithubClonefiles\module_unitcommitment\.worktrees\108_168h\output\pcm_com4_loadall_h168_20260823_210543\base\clu_ovl\r01\output/details_schedule_results/pcm_simulation_results/intervels_[1]/res_schedule_commitment_result.txt
PART1: [unit-commitment] calculation result has been saved to: D:\GithubClonefiles\module_unitcommitment\.worktrees\108_168h\output\pcm_com4_loadall_h168_20260823_210543\base\clu_ovl\r01\output/details_schedule_results/pcm_simulation_results/intervels_[1]/res_schedule_commitment_result.txt
Step-3: Creating dispatching model (Refactored & Modularized)
  Clustered PCM: 108 physical units -> 31 equivalent units (71.3% state reduction; 108 units in non-singleton clusters)
    5-point output grid is infeasible; retrying this window with 17 points
  Clustered PCM: 108 physical units -> 31 equivalent units (71.3% state reduction; 108 units in non-singleton clusters)
    Refined output grid is infeasible; entering continuous residence-power diagnosis
  Clustered PCM: 108 physical units -> 31 equivalent units (71.3% state reduction; 108 units in non-singleton clusters)
  ⚠ True clustered UC failed at cluster_master: INFEASIBLE; falling back to full unit-network SCUC
	 Variables defined.
DEBUG set_objective_economic!: NT=31, NG=108, ND=91, NW=20, NS=1, K=3, size(refcost)=(108,), size(eachslope)=(3, 108)
objective_function
	MILP economic objective set
subject to.
	 constraints: 1) minimum shutup/shutdown time limits			 done
	 constraints: 2) binary variable logic					 done
	 constraints: 3) shutup/shutdown cost					 done
	 constraints: 4) loadcurtailments and spoliedwinds			 done
	 constraints: 5) generatos power limits					 done
	 constraints: 6) system reserves limits					 done
	 constraints: 7) power balance constraints				 done
	 constraints: 8) ramp-up/ramp-down constraints				 done
	 constraints: 9) piece linearization constraints			 done
	 constraints: 10) transmissionline limits skipped (is_NetWorkCon != 1 or Gsdf missing or NL=0)
	 constraints: 11) stroges system constraints skipped (NC=0 or variables not defined)
	 constraints: 12) data centra constraints skipped (is_ConsiderDataCentra != 1)
	 constraints: 13) frequency control constraints skipped (is_ConsiderFrequencyControl != 1)
	 constraints: 14) hydro power limits					 done
+++++++++++++++++++++++++++++++++++++++++++++++++++++++++++++++++++++++++++++++++++++++++++
Step-4: starting Gurobi solver
Step-5: Gurobi solver finished
+++++++++++++++++++++++++++++++++++++++++++++++++++++++++++++++++++++++++++++++++++++++++++

solution_summary(scuc) = solution_summary(; result = 1, verbose = false)
├ solver_name          : Gurobi
├ Termination
│ ├ termination_status : OPTIMAL
│ ├ result_count       : 1
│ ├ raw_status         : Model was solved to optimality (subject to tolerances), and an optimal solution is available.
│ └ objective_bound    : 5.55435e+16
├ Solution (result = 1)
│ ├ primal_status        : FEASIBLE_POINT
│ ├ dual_status          : NO_SOLUTION
│ ├ objective_value      : 5.55435e+16
│ └ relative_gap         : 2.47932e-10
└ Work counters
  ├ solve_time (sec)   : 5.28000e-01
  ├ simplex_iterations : 0
  ├ barrier_iterations : 0
  └ node_count         : 0


Termination Status: OPTIMAL
Acceptable solution found (Status: OPTIMAL).
Step-6: record datas
PART1: [unit-commitment] calculation result has been saved to: D:\GithubClonefiles\module_unitcommitment\.worktrees\108_168h\output\pcm_com4_loadall_h168_20260823_210543\base\clu_ovl\r01\output/details_schedule_results/pcm_simulation_results/intervels_[1]/res_schedule_commitment_result.txt
PART1: [unit-commitment] calculation result has been saved to: D:\GithubClonefiles\module_unitcommitment\.worktrees\108_168h\output\pcm_com4_loadall_h168_20260823_210543\base\clu_ovl\r01\output/details_schedule_results/pcm_simulation_results/intervels_[1]/res_schedule_commitment_result.txt
PART1: [unit-commitment] calculation result has been saved to: D:\GithubClonefiles\module_unitcommitment\.worktrees\108_168h\output\pcm_com4_loadall_h168_20260823_210543\base\clu_ovl\r01\output/details_schedule_results/pcm_simulation_results/intervels_[1]/res_schedule_commitment_result.txt
Step-3: Creating dispatching model (Refactored & Modularized)
  Clustered PCM: 108 physical units -> 31 equivalent units (71.3% state reduction; 108 units in non-singleton clusters)
    5-point output grid is infeasible; retrying this window with 17 points
  Clustered PCM: 108 physical units -> 31 equivalent units (71.3% state reduction; 108 units in non-singleton clusters)
    Refined output grid is infeasible; entering continuous residence-power diagnosis
  Clustered PCM: 108 physical units -> 31 equivalent units (71.3% state reduction; 108 units in non-singleton clusters)
  ⚠ True clustered UC failed at cluster_master: INFEASIBLE; falling back to full unit-network SCUC
	 Variables defined.
DEBUG set_objective_economic!: NT=36, NG=108, ND=91, NW=20, NS=1, K=3, size(refcost)=(108,), size(eachslope)=(3, 108)
objective_function
	MILP economic objective set
subject to.
	 constraints: 1) minimum shutup/shutdown time limits			 done
	 constraints: 2) binary variable logic					 done
	 constraints: 3) shutup/shutdown cost					 done
	 constraints: 4) loadcurtailments and spoliedwinds			 done
	 constraints: 5) generatos power limits					 done
	 constraints: 6) system reserves limits					 done
	 constraints: 7) power balance constraints				 done
	 constraints: 8) ramp-up/ramp-down constraints				 done
	 constraints: 9) piece linearization constraints			 done
	 constraints: 10) transmissionline limits skipped (is_NetWorkCon != 1 or Gsdf missing or NL=0)
	 constraints: 11) stroges system constraints skipped (NC=0 or variables not defined)
	 constraints: 12) data centra constraints skipped (is_ConsiderDataCentra != 1)
	 constraints: 13) frequency control constraints skipped (is_ConsiderFrequencyControl != 1)
	 constraints: 14) hydro power limits					 done
+++++++++++++++++++++++++++++++++++++++++++++++++++++++++++++++++++++++++++++++++++++++++++
Step-4: starting Gurobi solver
Step-5: Gurobi solver finished
+++++++++++++++++++++++++++++++++++++++++++++++++++++++++++++++++++++++++++++++++++++++++++

solution_summary(scuc) = solution_summary(; result = 1, verbose = false)
├ solver_name          : Gurobi
├ Termination
│ ├ termination_status : OPTIMAL
│ ├ result_count       : 2
│ ├ raw_status         : Model was solved to optimality (subject to tolerances), and an optimal solution is available.
│ └ objective_bound    : 1.92715e+16
├ Solution (result = 1)
│ ├ primal_status        : FEASIBLE_POINT
│ ├ dual_status          : NO_SOLUTION
│ ├ objective_value      : 1.92715e+16
│ └ relative_gap         : 1.32839e-14
└ Work counters
  ├ solve_time (sec)   : 3.23700e+00
  ├ simplex_iterations : 19363
  ├ barrier_iterations : 0
  └ node_count         : 1


Termination Status: OPTIMAL
Acceptable solution found (Status: OPTIMAL).
Step-6: record datas
PART1: [unit-commitment] calculation result has been saved to: D:\GithubClonefiles\module_unitcommitment\.worktrees\108_168h\output\pcm_com4_loadall_h168_20260823_210543\base\clu_ovl\r01\output/details_schedule_results/pcm_simulation_results/intervels_[1]/res_schedule_commitment_result.txt
Step-3: Creating dispatching model (Refactored & Modularized)
  Clustered PCM: 108 physical units -> 31 equivalent units (71.3% state reduction; 108 units in non-singleton clusters)
    5-point output grid is infeasible; retrying this window with 17 points
  Clustered PCM: 108 physical units -> 31 equivalent units (71.3% state reduction; 108 units in non-singleton clusters)
    Refined output grid is infeasible; entering continuous residence-power diagnosis
  Clustered PCM: 108 physical units -> 31 equivalent units (71.3% state reduction; 108 units in non-singleton clusters)
  ⚠ True clustered UC failed at cluster_master: INFEASIBLE; falling back to full unit-network SCUC
	 Variables defined.
DEBUG set_objective_economic!: NT=36, NG=108, ND=91, NW=20, NS=1, K=3, size(refcost)=(108,), size(eachslope)=(3, 108)
objective_function
	MILP economic objective set
subject to.
	 constraints: 1) minimum shutup/shutdown time limits			 done
	 constraints: 2) binary variable logic					 done
	 constraints: 3) shutup/shutdown cost					 done
	 constraints: 4) loadcurtailments and spoliedwinds			 done
	 constraints: 5) generatos power limits					 done
	 constraints: 6) system reserves limits					 done
	 constraints: 7) power balance constraints				 done
	 constraints: 8) ramp-up/ramp-down constraints				 done
	 constraints: 9) piece linearization constraints			 done
	 constraints: 10) transmissionline limits skipped (is_NetWorkCon != 1 or Gsdf missing or NL=0)
	 constraints: 11) stroges system constraints skipped (NC=0 or variables not defined)
	 constraints: 12) data centra constraints skipped (is_ConsiderDataCentra != 1)
	 constraints: 13) frequency control constraints skipped (is_ConsiderFrequencyControl != 1)
	 constraints: 14) hydro power limits					 done
+++++++++++++++++++++++++++++++++++++++++++++++++++++++++++++++++++++++++++++++++++++++++++
Step-4: starting Gurobi solver
Step-5: Gurobi solver finished
+++++++++++++++++++++++++++++++++++++++++++++++++++++++++++++++++++++++++++++++++++++++++++

solution_summary(scuc) = solution_summary(; result = 1, verbose = false)
├ solver_name          : Gurobi
├ Termination
│ ├ termination_status : OPTIMAL
│ ├ result_count       : 2
│ ├ raw_status         : Model was solved to optimality (subject to tolerances), and an optimal solution is available.
│ └ objective_bound    : 1.92715e+16
├ Solution (result = 1)
│ ├ primal_status        : FEASIBLE_POINT
│ ├ dual_status          : NO_SOLUTION
│ ├ objective_value      : 1.92715e+16
│ └ relative_gap         : 1.32839e-14
└ Work counters
  ├ solve_time (sec)   : 3.29600e+00
  ├ simplex_iterations : 19363
  ├ barrier_iterations : 0
  └ node_count         : 1


Termination Status: OPTIMAL
Acceptable solution found (Status: OPTIMAL).
Step-6: record datas
PART1: [unit-commitment] calculation result has been saved to: D:\GithubClonefiles\module_unitcommitment\.worktrees\108_168h\output\pcm_com4_loadall_h168_20260823_210543\base\clu_ovl\r01\output/details_schedule_results/pcm_simulation_results/intervels_[1]/res_schedule_commitment_result.txt
PART1: [unit-commitment] calculation result has been saved to: D:\GithubClonefiles\module_unitcommitment\.worktrees\108_168h\output\pcm_com4_loadall_h168_20260823_210543\base\clu_ovl\r01\output/details_schedule_results/pcm_simulation_results/intervels_[1]/res_schedule_commitment_result.txt
Step-3: Creating dispatching model (Refactored & Modularized)
  Clustered PCM: 108 physical units -> 31 equivalent units (71.3% state reduction; 108 units in non-singleton clusters)
    5-point output grid is infeasible; retrying this window with 17 points
  Clustered PCM: 108 physical units -> 31 equivalent units (71.3% state reduction; 108 units in non-singleton clusters)
    Refined output grid is infeasible; entering continuous residence-power diagnosis
  Clustered PCM: 108 physical units -> 31 equivalent units (71.3% state reduction; 108 units in non-singleton clusters)
  ⚠ True clustered UC failed at cluster_master: INFEASIBLE; falling back to full unit-network SCUC
	 Variables defined.
DEBUG set_objective_economic!: NT=26, NG=108, ND=91, NW=20, NS=1, K=3, size(refcost)=(108,), size(eachslope)=(3, 108)
objective_function
	MILP economic objective set
subject to.
	 constraints: 1) minimum shutup/shutdown time limits			 done
	 constraints: 2) binary variable logic					 done
	 constraints: 3) shutup/shutdown cost					 done
	 constraints: 4) loadcurtailments and spoliedwinds			 done
	 constraints: 5) generatos power limits					 done
	 constraints: 6) system reserves limits					 done
	 constraints: 7) power balance constraints				 done
	 constraints: 8) ramp-up/ramp-down constraints				 done
	 constraints: 9) piece linearization constraints			 done
	 constraints: 10) transmissionline limits skipped (is_NetWorkCon != 1 or Gsdf missing or NL=0)
	 constraints: 11) stroges system constraints skipped (NC=0 or variables not defined)
	 constraints: 12) data centra constraints skipped (is_ConsiderDataCentra != 1)
	 constraints: 13) frequency control constraints skipped (is_ConsiderFrequencyControl != 1)
	 constraints: 14) hydro power limits					 done
+++++++++++++++++++++++++++++++++++++++++++++++++++++++++++++++++++++++++++++++++++++++++++
Step-4: starting Gurobi solver
Step-5: Gurobi solver finished
+++++++++++++++++++++++++++++++++++++++++++++++++++++++++++++++++++++++++++++++++++++++++++

solution_summary(scuc) = solution_summary(; result = 1, verbose = false)
├ solver_name          : Gurobi
├ Termination
│ ├ termination_status : OPTIMAL
│ ├ result_count       : 2
│ ├ raw_status         : Model was solved to optimality (subject to tolerances), and an optimal solution is available.
│ └ objective_bound    : 1.92715e+16
├ Solution (result = 1)
│ ├ primal_status        : FEASIBLE_POINT
│ ├ dual_status          : NO_SOLUTION
│ ├ objective_value      : 1.92715e+16
│ └ relative_gap         : 7.17158e-10
└ Work counters
  ├ solve_time (sec)   : 5.23000e-01
  ├ simplex_iterations : 0
  ├ barrier_iterations : 0
  └ node_count         : 0


Termination Status: OPTIMAL
Acceptable solution found (Status: OPTIMAL).
Step-6: record datas
PART1: [unit-commitment] calculation result has been saved to: D:\GithubClonefiles\module_unitcommitment\.worktrees\108_168h\output\pcm_com4_loadall_h168_20260823_210543\base\clu_ovl\r01\output/details_schedule_results/pcm_simulation_results/intervels_[1]/res_schedule_commitment_result.txt
PART1: [unit-commitment] calculation result has been saved to: D:\GithubClonefiles\module_unitcommitment\.worktrees\108_168h\output\pcm_com4_loadall_h168_20260823_210543\base\clu_ovl\r01\output/details_schedule_results/pcm_simulation_results/intervels_[1]/res_schedule_commitment_result.txt
Step-3: Creating dispatching model (Refactored & Modularized)
  Clustered PCM: 108 physical units -> 31 equivalent units (71.3% state reduction; 108 units in non-singleton clusters)
    5-point output grid is infeasible; retrying this window with 17 points
Set parameter Username
Set parameter LicenseID to value 2826524
Academic license - for non-commercial use only - expires 2027-05-22
Set parameter Username
Set parameter LicenseID to value 2826524
Academic license - for non-commercial use only - expires 2027-05-22
Set parameter Username
Set parameter LicenseID to value 2826524
Academic license - for non-commercial use only - expires 2027-05-22
Set parameter Username
Set parameter LicenseID to value 2826524
Academic license - for non-commercial use only - expires 2027-05-22
Set parameter Username
Set parameter LicenseID to value 2826524
Academic license - for non-commercial use only - expires 2027-05-22
Set parameter Username
Set parameter LicenseID to value 2826524
Academic license - for non-commercial use only - expires 2027-05-22
Set parameter Username
Set parameter LicenseID to value 2826524
Academic license - for non-commercial use only - expires 2027-05-22
Set parameter Username
Set parameter LicenseID to value 2826524
Academic license - for non-commercial use only - expires 2027-05-22
Set parameter Username
Set parameter LicenseID to value 2826524
Academic license - for non-commercial use only - expires 2027-05-22
Set parameter Username
Set parameter LicenseID to value 2826524
Academic license - for non-commercial use only - expires 2027-05-22
Set parameter Username
Set parameter LicenseID to value 2826524
Academic license - for non-commercial use only - expires 2027-05-22
Set parameter Username
Set parameter LicenseID to value 2826524
Academic license - for non-commercial use only - expires 2027-05-22
Set parameter Username
Set parameter LicenseID to value 2826524
Academic license - for non-commercial use only - expires 2027-05-22
Set parameter Username
Set parameter LicenseID to value 2826524
Academic license - for non-commercial use only - expires 2027-05-22
Set parameter Username
Set parameter LicenseID to value 2826524
Academic license - for non-commercial use only - expires 2027-05-22
Set parameter Username
Set parameter LicenseID to value 2826524
Academic license - for non-commercial use only - expires 2027-05-22
Set parameter Username
Set parameter LicenseID to value 2826524
Academic license - for non-commercial use only - expires 2027-05-22
Set parameter Username
Set parameter LicenseID to value 2826524
Academic license - for non-commercial use only - expires 2027-05-22
Set parameter Username
Set parameter LicenseID to value 2826524
Academic license - for non-commercial use only - expires 2027-05-22
Set parameter Username
Set parameter LicenseID to value 2826524
Academic license - for non-commercial use only - expires 2027-05-22
Set parameter Username
Set parameter LicenseID to value 2826524
Academic license - for non-commercial use only - expires 2027-05-22
Set parameter Username
Set parameter LicenseID to value 2826524
Academic license - for non-commercial use only - expires 2027-05-22
Set parameter Username
Set parameter LicenseID to value 2826524
Academic license - for non-commercial use only - expires 2027-05-22
Set parameter Username
Set parameter LicenseID to value 2826524
Academic license - for non-commercial use only - expires 2027-05-22
Set parameter Username
Set parameter LicenseID to value 2826524
Academic license - for non-commercial use only - expires 2027-05-22
Set parameter Username
Set parameter LicenseID to value 2826524
Academic license - for non-commercial use only - expires 2027-05-22
Set parameter Username
Set parameter LicenseID to value 2826524
Academic license - for non-commercial use only - expires 2027-05-22
Set parameter Username
Set parameter LicenseID to value 2826524
Academic license - for non-commercial use only - expires 2027-05-22
Set parameter Username
Set parameter LicenseID to value 2826524
Academic license - for non-commercial use only - expires 2027-05-22
Set parameter Username
Set parameter LicenseID to value 2826524
Academic license - for non-commercial use only - expires 2027-05-22
Set parameter Username
Set parameter LicenseID to value 2826524
Academic license - for non-commercial use only - expires 2027-05-22
Set parameter Username
Set parameter LicenseID to value 2826524
Academic license - for non-commercial use only - expires 2027-05-22
Set parameter Username
Set parameter LicenseID to value 2826524
Academic license - for non-commercial use only - expires 2027-05-22
Set parameter Username
Set parameter LicenseID to value 2826524
Academic license - for non-commercial use only - expires 2027-05-22
Set parameter Username
Set parameter LicenseID to value 2826524
Academic license - for non-commercial use only - expires 2027-05-22
Set parameter Username
Set parameter LicenseID to value 2826524
Academic license - for non-commercial use only - expires 2027-05-22
Set parameter Username
Set parameter LicenseID to value 2826524
Academic license - for non-commercial use only - expires 2027-05-22
Set parameter Username
Set parameter LicenseID to value 2826524
Academic license - for non-commercial use only - expires 2027-05-22
Set parameter Username
Set parameter LicenseID to value 2826524
Academic license - for non-commercial use only - expires 2027-05-22
  Clustered PCM: 108 physical units -> 31 equivalent units (71.3% state reduction; 108 units in non-singleton clusters)
    Refined output grid is infeasible; entering continuous residence-power diagnosis
  Clustered PCM: 108 physical units -> 31 equivalent units (71.3% state reduction; 108 units in non-singleton clusters)
  ⚠ True clustered UC failed at cluster_master: INFEASIBLE; falling back to full unit-network SCUC
	 Variables defined.
DEBUG set_objective_economic!: NT=31, NG=108, ND=91, NW=20, NS=1, K=3, size(refcost)=(108,), size(eachslope)=(3, 108)
objective_function
	MILP economic objective set
subject to.
	 constraints: 1) minimum shutup/shutdown time limits			 done
	 constraints: 2) binary variable logic					 done
	 constraints: 3) shutup/shutdown cost					 done
	 constraints: 4) loadcurtailments and spoliedwinds			 done
	 constraints: 5) generatos power limits					 done
	 constraints: 6) system reserves limits					 done
	 constraints: 7) power balance constraints				 done
	 constraints: 8) ramp-up/ramp-down constraints				 done
	 constraints: 9) piece linearization constraints			 done
	 constraints: 10) transmissionline limits skipped (is_NetWorkCon != 1 or Gsdf missing or NL=0)
	 constraints: 11) stroges system constraints skipped (NC=0 or variables not defined)
	 constraints: 12) data centra constraints skipped (is_ConsiderDataCentra != 1)
	 constraints: 13) frequency control constraints skipped (is_ConsiderFrequencyControl != 1)
	 constraints: 14) hydro power limits					 done
+++++++++++++++++++++++++++++++++++++++++++++++++++++++++++++++++++++++++++++++++++++++++++
Step-4: starting Gurobi solver
Step-5: Gurobi solver finished
+++++++++++++++++++++++++++++++++++++++++++++++++++++++++++++++++++++++++++++++++++++++++++

solution_summary(scuc) = solution_summary(; result = 1, verbose = false)
├ solver_name          : Gurobi
├ Termination
│ ├ termination_status : OPTIMAL
│ ├ result_count       : 1
│ ├ raw_status         : Model was solved to optimality (subject to tolerances), and an optimal solution is available.
│ └ objective_bound    : 1.92715e+16
├ Solution (result = 1)
│ ├ primal_status        : FEASIBLE_POINT
│ ├ dual_status          : NO_SOLUTION
│ ├ objective_value      : 1.92715e+16
│ └ relative_gap         : 7.05419e-10
└ Work counters
  ├ solve_time (sec)   : 5.18000e-01
  ├ simplex_iterations : 0
  ├ barrier_iterations : 0
  └ node_count         : 0


Termination Status: OPTIMAL
Acceptable solution found (Status: OPTIMAL).
Step-6: record datas
PART1: [unit-commitment] calculation result has been saved to: D:\GithubClonefiles\module_unitcommitment\.worktrees\108_168h\output\pcm_com4_loadall_h168_20260823_210543\base\clu_ovl\r01\output/details_schedule_results/pcm_simulation_results/intervels_[1]/res_schedule_commitment_result.txt
PART1: [unit-commitment] calculation result has been saved to: D:\GithubClonefiles\module_unitcommitment\.worktrees\108_168h\output\pcm_com4_loadall_h168_20260823_210543\base\clu_ovl\r01\output/details_schedule_results/pcm_simulation_results/intervels_[1]/res_schedule_commitment_result.txt
PART1: [unit-commitment] calculation result has been saved to: D:\GithubClonefiles\module_unitcommitment\.worktrees\108_168h\output\pcm_com4_loadall_h168_20260823_210543\base\clu_ovl\r01\output/details_schedule_results/pcm_simulation_results/intervels_[1]/res_schedule_commitment_result.txt
Step-3: Creating dispatching model (Refactored & Modularized)
  Clustered PCM: 108 physical units -> 31 equivalent units (71.3% state reduction; 108 units in non-singleton clusters)
    5-point output grid is infeasible; retrying this window with 17 points
  Clustered PCM: 108 physical units -> 31 equivalent units (71.3% state reduction; 108 units in non-singleton clusters)
    Refined output grid is infeasible; entering continuous residence-power diagnosis
  Clustered PCM: 108 physical units -> 31 equivalent units (71.3% state reduction; 108 units in non-singleton clusters)
  ⚠ True clustered UC failed at cluster_master: INFEASIBLE; falling back to full unit-network SCUC
	 Variables defined.
DEBUG set_objective_economic!: NT=36, NG=108, ND=91, NW=20, NS=1, K=3, size(refcost)=(108,), size(eachslope)=(3, 108)
objective_function
	MILP economic objective set
subject to.
	 constraints: 1) minimum shutup/shutdown time limits			 done
	 constraints: 2) binary variable logic					 done
	 constraints: 3) shutup/shutdown cost					 done
	 constraints: 4) loadcurtailments and spoliedwinds			 done
	 constraints: 5) generatos power limits					 done
	 constraints: 6) system reserves limits					 done
	 constraints: 7) power balance constraints				 done
	 constraints: 8) ramp-up/ramp-down constraints				 done
	 constraints: 9) piece linearization constraints			 done
	 constraints: 10) transmissionline limits skipped (is_NetWorkCon != 1 or Gsdf missing or NL=0)
	 constraints: 11) stroges system constraints skipped (NC=0 or variables not defined)
	 constraints: 12) data centra constraints skipped (is_ConsiderDataCentra != 1)
	 constraints: 13) frequency control constraints skipped (is_ConsiderFrequencyControl != 1)
	 constraints: 14) hydro power limits					 done
+++++++++++++++++++++++++++++++++++++++++++++++++++++++++++++++++++++++++++++++++++++++++++
Step-4: starting Gurobi solver
Step-5: Gurobi solver finished
+++++++++++++++++++++++++++++++++++++++++++++++++++++++++++++++++++++++++++++++++++++++++++

solution_summary(scuc) = solution_summary(; result = 1, verbose = false)
├ solver_name          : Gurobi
├ Termination
│ ├ termination_status : OPTIMAL
│ ├ result_count       : 3
│ ├ raw_status         : Model was solved to optimality (subject to tolerances), and an optimal solution is available.
│ └ objective_bound    : 1.66706e+16
├ Solution (result = 1)
│ ├ primal_status        : FEASIBLE_POINT
│ ├ dual_status          : NO_SOLUTION
│ ├ objective_value      : 1.66706e+16
│ └ relative_gap         : 1.08431e-10
└ Work counters
  ├ solve_time (sec)   : 2.80400e+00
  ├ simplex_iterations : 18224
  ├ barrier_iterations : 0
  └ node_count         : 1


Termination Status: OPTIMAL
Acceptable solution found (Status: OPTIMAL).
Step-6: record datas
PART1: [unit-commitment] calculation result has been saved to: D:\GithubClonefiles\module_unitcommitment\.worktrees\108_168h\output\pcm_com4_loadall_h168_20260823_210543\base\clu_ovl\r01\output/details_schedule_results/pcm_simulation_results/intervels_[1]/res_schedule_commitment_result.txt
Step-3: Creating dispatching model (Refactored & Modularized)
  Clustered PCM: 108 physical units -> 31 equivalent units (71.3% state reduction; 108 units in non-singleton clusters)
    5-point output grid is infeasible; retrying this window with 17 points
  Clustered PCM: 108 physical units -> 31 equivalent units (71.3% state reduction; 108 units in non-singleton clusters)
    Refined output grid is infeasible; entering continuous residence-power diagnosis
  Clustered PCM: 108 physical units -> 31 equivalent units (71.3% state reduction; 108 units in non-singleton clusters)
  ⚠ True clustered UC failed at cluster_master: INFEASIBLE; falling back to full unit-network SCUC
	 Variables defined.
DEBUG set_objective_economic!: NT=36, NG=108, ND=91, NW=20, NS=1, K=3, size(refcost)=(108,), size(eachslope)=(3, 108)
objective_function
	MILP economic objective set
subject to.
	 constraints: 1) minimum shutup/shutdown time limits			 done
	 constraints: 2) binary variable logic					 done
	 constraints: 3) shutup/shutdown cost					 done
	 constraints: 4) loadcurtailments and spoliedwinds			 done
	 constraints: 5) generatos power limits					 done
	 constraints: 6) system reserves limits					 done
	 constraints: 7) power balance constraints				 done
	 constraints: 8) ramp-up/ramp-down constraints				 done
	 constraints: 9) piece linearization constraints			 done
	 constraints: 10) transmissionline limits skipped (is_NetWorkCon != 1 or Gsdf missing or NL=0)
	 constraints: 11) stroges system constraints skipped (NC=0 or variables not defined)
	 constraints: 12) data centra constraints skipped (is_ConsiderDataCentra != 1)
	 constraints: 13) frequency control constraints skipped (is_ConsiderFrequencyControl != 1)
	 constraints: 14) hydro power limits					 done
+++++++++++++++++++++++++++++++++++++++++++++++++++++++++++++++++++++++++++++++++++++++++++
Step-4: starting Gurobi solver
Step-5: Gurobi solver finished
+++++++++++++++++++++++++++++++++++++++++++++++++++++++++++++++++++++++++++++++++++++++++++

solution_summary(scuc) = solution_summary(; result = 1, verbose = false)
├ solver_name          : Gurobi
├ Termination
│ ├ termination_status : OPTIMAL
│ ├ result_count       : 3
│ ├ raw_status         : Model was solved to optimality (subject to tolerances), and an optimal solution is available.
│ └ objective_bound    : 1.66706e+16
├ Solution (result = 1)
│ ├ primal_status        : FEASIBLE_POINT
│ ├ dual_status          : NO_SOLUTION
│ ├ objective_value      : 1.66706e+16
│ └ relative_gap         : 1.08431e-10
└ Work counters
  ├ solve_time (sec)   : 2.72900e+00
  ├ simplex_iterations : 18224
  ├ barrier_iterations : 0
  └ node_count         : 1


Termination Status: OPTIMAL
Acceptable solution found (Status: OPTIMAL).
Step-6: record datas
PART1: [unit-commitment] calculation result has been saved to: D:\GithubClonefiles\module_unitcommitment\.worktrees\108_168h\output\pcm_com4_loadall_h168_20260823_210543\base\clu_ovl\r01\output/details_schedule_results/pcm_simulation_results/intervels_[1]/res_schedule_commitment_result.txt
PART1: [unit-commitment] calculation result has been saved to: D:\GithubClonefiles\module_unitcommitment\.worktrees\108_168h\output\pcm_com4_loadall_h168_20260823_210543\base\clu_ovl\r01\output/details_schedule_results/pcm_simulation_results/intervels_[1]/res_schedule_commitment_result.txt
Step-3: Creating dispatching model (Refactored & Modularized)
  Clustered PCM: 108 physical units -> 31 equivalent units (71.3% state reduction; 108 units in non-singleton clusters)
    5-point output grid is infeasible; retrying this window with 17 points
  Clustered PCM: 108 physical units -> 31 equivalent units (71.3% state reduction; 108 units in non-singleton clusters)
    Refined output grid is infeasible; entering continuous residence-power diagnosis
  Clustered PCM: 108 physical units -> 31 equivalent units (71.3% state reduction; 108 units in non-singleton clusters)
  ⚠ True clustered UC failed at cluster_master: INFEASIBLE; falling back to full unit-network SCUC
	 Variables defined.
DEBUG set_objective_economic!: NT=26, NG=108, ND=91, NW=20, NS=1, K=3, size(refcost)=(108,), size(eachslope)=(3, 108)
objective_function
	MILP economic objective set
subject to.
	 constraints: 1) minimum shutup/shutdown time limits			 done
	 constraints: 2) binary variable logic					 done
	 constraints: 3) shutup/shutdown cost					 done
	 constraints: 4) loadcurtailments and spoliedwinds			 done
	 constraints: 5) generatos power limits					 done
	 constraints: 6) system reserves limits					 done
	 constraints: 7) power balance constraints				 done
	 constraints: 8) ramp-up/ramp-down constraints				 done
	 constraints: 9) piece linearization constraints			 done
	 constraints: 10) transmissionline limits skipped (is_NetWorkCon != 1 or Gsdf missing or NL=0)
	 constraints: 11) stroges system constraints skipped (NC=0 or variables not defined)
	 constraints: 12) data centra constraints skipped (is_ConsiderDataCentra != 1)
	 constraints: 13) frequency control constraints skipped (is_ConsiderFrequencyControl != 1)
	 constraints: 14) hydro power limits					 done
+++++++++++++++++++++++++++++++++++++++++++++++++++++++++++++++++++++++++++++++++++++++++++
Step-4: starting Gurobi solver
Step-5: Gurobi solver finished
+++++++++++++++++++++++++++++++++++++++++++++++++++++++++++++++++++++++++++++++++++++++++++

solution_summary(scuc) = solution_summary(; result = 1, verbose = false)
├ solver_name          : Gurobi
├ Termination
│ ├ termination_status : OPTIMAL
│ ├ result_count       : 2
│ ├ raw_status         : Model was solved to optimality (subject to tolerances), and an optimal solution is available.
│ └ objective_bound    : 1.66706e+16
├ Solution (result = 1)
│ ├ primal_status        : FEASIBLE_POINT
│ ├ dual_status          : NO_SOLUTION
│ ├ objective_value      : 1.66706e+16
│ └ relative_gap         : 8.39695e-10
└ Work counters
  ├ solve_time (sec)   : 5.46000e-01
  ├ simplex_iterations : 0
  ├ barrier_iterations : 0
  └ node_count         : 0


Termination Status: OPTIMAL
Acceptable solution found (Status: OPTIMAL).
Step-6: record datas
PART1: [unit-commitment] calculation result has been saved to: D:\GithubClonefiles\module_unitcommitment\.worktrees\108_168h\output\pcm_com4_loadall_h168_20260823_210543\base\clu_ovl\r01\output/details_schedule_results/pcm_simulation_results/intervels_[1]/res_schedule_commitment_result.txt
PART1: [unit-commitment] calculation result has been saved to: D:\GithubClonefiles\module_unitcommitment\.worktrees\108_168h\output\pcm_com4_loadall_h168_20260823_210543\base\clu_ovl\r01\output/details_schedule_results/pcm_simulation_results/intervels_[1]/res_schedule_commitment_result.txt
Step-3: Creating dispatching model (Refactored & Modularized)
  Clustered PCM: 108 physical units -> 31 equivalent units (71.3% state reduction; 108 units in non-singleton clusters)
    5-point output grid is infeasible; retrying this window with 17 points
  Clustered PCM: 108 physical units -> 31 equivalent units (71.3% state reduction; 108 units in non-singleton clusters)
    Refined output grid is infeasible; entering continuous residence-power diagnosis
  Clustered PCM: 108 physical units -> 31 equivalent units (71.3% state reduction; 108 units in non-singleton clusters)
  ⚠ True clustered UC failed at cluster_master: INFEASIBLE; falling back to full unit-network SCUC
	 Variables defined.
DEBUG set_objective_economic!: NT=31, NG=108, ND=91, NW=20, NS=1, K=3, size(refcost)=(108,), size(eachslope)=(3, 108)
objective_function
	MILP economic objective set
subject to.
	 constraints: 1) minimum shutup/shutdown time limits			 done
	 constraints: 2) binary variable logic					 done
	 constraints: 3) shutup/shutdown cost					 done
	 constraints: 4) loadcurtailments and spoliedwinds			 done
	 constraints: 5) generatos power limits					 done
	 constraints: 6) system reserves limits					 done
	 constraints: 7) power balance constraints				 done
	 constraints: 8) ramp-up/ramp-down constraints				 done
	 constraints: 9) piece linearization constraints			 done
	 constraints: 10) transmissionline limits skipped (is_NetWorkCon != 1 or Gsdf missing or NL=0)
	 constraints: 11) stroges system constraints skipped (NC=0 or variables not defined)
	 constraints: 12) data centra constraints skipped (is_ConsiderDataCentra != 1)
	 constraints: 13) frequency control constraints skipped (is_ConsiderFrequencyControl != 1)
	 constraints: 14) hydro power limits					 done
+++++++++++++++++++++++++++++++++++++++++++++++++++++++++++++++++++++++++++++++++++++++++++
Step-4: starting Gurobi solver
Step-5: Gurobi solver finished
+++++++++++++++++++++++++++++++++++++++++++++++++++++++++++++++++++++++++++++++++++++++++++

solution_summary(scuc) = solution_summary(; result = 1, verbose = false)
├ solver_name          : Gurobi
├ Termination
│ ├ termination_status : OPTIMAL
│ ├ result_count       : 1
│ ├ raw_status         : Model was solved to optimality (subject to tolerances), and an optimal solution is available.
│ └ objective_bound    : 1.66706e+16
├ Solution (result = 1)
│ ├ primal_status        : FEASIBLE_POINT
│ ├ dual_status          : NO_SOLUTION
│ ├ objective_value      : 1.66706e+16
│ └ relative_gap         : 8.21141e-10
└ Work counters
  ├ solve_time (sec)   : 5.19000e-01
  ├ simplex_iterations : 0
  ├ barrier_iterations : 0
  └ node_count         : 0


Termination Status: OPTIMAL
Acceptable solution found (Status: OPTIMAL).
Step-6: record datas
PART1: [unit-commitment] calculation result has been saved to: D:\GithubClonefiles\module_unitcommitment\.worktrees\108_168h\output\pcm_com4_loadall_h168_20260823_210543\base\clu_ovl\r01\output/details_schedule_results/pcm_simulation_results/intervels_[1]/res_schedule_commitment_result.txt
PART1: [unit-commitment] calculation result has been saved to: D:\GithubClonefiles\module_unitcommitment\.worktrees\108_168h\output\pcm_com4_loadall_h168_20260823_210543\base\clu_ovl\r01\output/details_schedule_results/pcm_simulation_results/intervels_[1]/res_schedule_commitment_result.txt
PART1: [unit-commitment] calculation result has been saved to: D:\GithubClonefiles\module_unitcommitment\.worktrees\108_168h\output\pcm_com4_loadall_h168_20260823_210543\base\clu_ovl\r01\output/details_schedule_results/pcm_simulation_results/intervels_[1]/res_schedule_commitment_result.txt
Step-3: Creating dispatching model (Refactored & Modularized)
  Clustered PCM: 108 physical units -> 31 equivalent units (71.3% state reduction; 108 units in non-singleton clusters)
    5-point output grid is infeasible; retrying this window with 17 points
  Clustered PCM: 108 physical units -> 31 equivalent units (71.3% state reduction; 108 units in non-singleton clusters)
    Refined output grid is infeasible; entering continuous residence-power diagnosis
  Clustered PCM: 108 physical units -> 31 equivalent units (71.3% state reduction; 108 units in non-singleton clusters)
  ⚠ True clustered UC failed at cluster_master: INFEASIBLE; falling back to full unit-network SCUC
	 Variables defined.
DEBUG set_objective_economic!: NT=36, NG=108, ND=91, NW=20, NS=1, K=3, size(refcost)=(108,), size(eachslope)=(3, 108)
objective_function
	MILP economic objective set
subject to.
	 constraints: 1) minimum shutup/shutdown time limits			 done
	 constraints: 2) binary variable logic					 done
	 constraints: 3) shutup/shutdown cost					 done
	 constraints: 4) loadcurtailments and spoliedwinds			 done
	 constraints: 5) generatos power limits					 done
	 constraints: 6) system reserves limits					 done
	 constraints: 7) power balance constraints				 done
	 constraints: 8) ramp-up/ramp-down constraints				 done
	 constraints: 9) piece linearization constraints			 done
	 constraints: 10) transmissionline limits skipped (is_NetWorkCon != 1 or Gsdf missing or NL=0)
	 constraints: 11) stroges system constraints skipped (NC=0 or variables not defined)
	 constraints: 12) data centra constraints skipped (is_ConsiderDataCentra != 1)
	 constraints: 13) frequency control constraints skipped (is_ConsiderFrequencyControl != 1)
	 constraints: 14) hydro power limits					 done
+++++++++++++++++++++++++++++++++++++++++++++++++++++++++++++++++++++++++++++++++++++++++++
Step-4: starting Gurobi solver
Step-5: Gurobi solver finished
+++++++++++++++++++++++++++++++++++++++++++++++++++++++++++++++++++++++++++++++++++++++++++

solution_summary(scuc) = solution_summary(; result = 1, verbose = false)
├ solver_name          : Gurobi
├ Termination
│ ├ termination_status : OPTIMAL
│ ├ result_count       : 4
│ ├ raw_status         : Model was solved to optimality (subject to tolerances), and an optimal solution is available.
│ └ objective_bound    : 2.05602e+16
├ Solution (result = 1)
│ ├ primal_status        : FEASIBLE_POINT
│ ├ dual_status          : NO_SOLUTION
│ ├ objective_value      : 2.05602e+16
│ └ relative_gap         : 1.01166e-14
└ Work counters
  ├ solve_time (sec)   : 2.30400e+00
  ├ simplex_iterations : 16050
  ├ barrier_iterations : 0
  └ node_count         : 1


Termination Status: OPTIMAL
Acceptable solution found (Status: OPTIMAL).
Step-6: record datas
PART1: [unit-commitment] calculation result has been saved to: D:\GithubClonefiles\module_unitcommitment\.worktrees\108_168h\output\pcm_com4_loadall_h168_20260823_210543\base\clu_ovl\r01\output/details_schedule_results/pcm_simulation_results/intervels_[1]/res_schedule_commitment_result.txt
Step-3: Creating dispatching model (Refactored & Modularized)
  Clustered PCM: 108 physical units -> 31 equivalent units (71.3% state reduction; 108 units in non-singleton clusters)
    5-point output grid is infeasible; retrying this window with 17 points
  Clustered PCM: 108 physical units -> 31 equivalent units (71.3% state reduction; 108 units in non-singleton clusters)
    Refined output grid is infeasible; entering continuous residence-power diagnosis
  Clustered PCM: 108 physical units -> 31 equivalent units (71.3% state reduction; 108 units in non-singleton clusters)
  ⚠ True clustered UC failed at cluster_master: INFEASIBLE; falling back to full unit-network SCUC
	 Variables defined.
DEBUG set_objective_economic!: NT=36, NG=108, ND=91, NW=20, NS=1, K=3, size(refcost)=(108,), size(eachslope)=(3, 108)
objective_function
	MILP economic objective set
subject to.
	 constraints: 1) minimum shutup/shutdown time limits			 done
	 constraints: 2) binary variable logic					 done
	 constraints: 3) shutup/shutdown cost					 done
	 constraints: 4) loadcurtailments and spoliedwinds			 done
	 constraints: 5) generatos power limits					 done
	 constraints: 6) system reserves limits					 done
	 constraints: 7) power balance constraints				 done
	 constraints: 8) ramp-up/ramp-down constraints				 done
	 constraints: 9) piece linearization constraints			 done
	 constraints: 10) transmissionline limits skipped (is_NetWorkCon != 1 or Gsdf missing or NL=0)
	 constraints: 11) stroges system constraints skipped (NC=0 or variables not defined)
	 constraints: 12) data centra constraints skipped (is_ConsiderDataCentra != 1)
	 constraints: 13) frequency control constraints skipped (is_ConsiderFrequencyControl != 1)
	 constraints: 14) hydro power limits					 done
+++++++++++++++++++++++++++++++++++++++++++++++++++++++++++++++++++++++++++++++++++++++++++
Step-4: starting Gurobi solver
Step-5: Gurobi solver finished
+++++++++++++++++++++++++++++++++++++++++++++++++++++++++++++++++++++++++++++++++++++++++++

solution_summary(scuc) = solution_summary(; result = 1, verbose = false)
├ solver_name          : Gurobi
├ Termination
│ ├ termination_status : OPTIMAL
│ ├ result_count       : 4
│ ├ raw_status         : Model was solved to optimality (subject to tolerances), and an optimal solution is available.
│ └ objective_bound    : 2.05602e+16
├ Solution (result = 1)
│ ├ primal_status        : FEASIBLE_POINT
│ ├ dual_status          : NO_SOLUTION
│ ├ objective_value      : 2.05602e+16
│ └ relative_gap         : 1.01166e-14
└ Work counters
  ├ solve_time (sec)   : 2.52600e+00
  ├ simplex_iterations : 16050
  ├ barrier_iterations : 0
  └ node_count         : 1


Termination Status: OPTIMAL
Acceptable solution found (Status: OPTIMAL).
Step-6: record datas
PART1: [unit-commitment] calculation result has been saved to: D:\GithubClonefiles\module_unitcommitment\.worktrees\108_168h\output\pcm_com4_loadall_h168_20260823_210543\base\clu_ovl\r01\output/details_schedule_results/pcm_simulation_results/intervels_[1]/res_schedule_commitment_result.txt
PART1: [unit-commitment] calculation result has been saved to: D:\GithubClonefiles\module_unitcommitment\.worktrees\108_168h\output\pcm_com4_loadall_h168_20260823_210543\base\clu_ovl\r01\output/details_schedule_results/pcm_simulation_results/intervels_[1]/res_schedule_commitment_result.txt
Step-3: Creating dispatching model (Refactored & Modularized)
  Clustered PCM: 108 physical units -> 31 equivalent units (71.3% state reduction; 108 units in non-singleton clusters)
    5-point output grid is infeasible; retrying this window with 17 points
  Clustered PCM: 108 physical units -> 31 equivalent units (71.3% state reduction; 108 units in non-singleton clusters)
    Refined output grid is infeasible; entering continuous residence-power diagnosis
  Clustered PCM: 108 physical units -> 31 equivalent units (71.3% state reduction; 108 units in non-singleton clusters)
  ⚠ True clustered UC failed at cluster_master: INFEASIBLE; falling back to full unit-network SCUC
	 Variables defined.
DEBUG set_objective_economic!: NT=26, NG=108, ND=91, NW=20, NS=1, K=3, size(refcost)=(108,), size(eachslope)=(3, 108)
objective_function
	MILP economic objective set
subject to.
	 constraints: 1) minimum shutup/shutdown time limits			 done
	 constraints: 2) binary variable logic					 done
	 constraints: 3) shutup/shutdown cost					 done
	 constraints: 4) loadcurtailments and spoliedwinds			 done
	 constraints: 5) generatos power limits					 done
	 constraints: 6) system reserves limits					 done
	 constraints: 7) power balance constraints				 done
	 constraints: 8) ramp-up/ramp-down constraints				 done
	 constraints: 9) piece linearization constraints			 done
	 constraints: 10) transmissionline limits skipped (is_NetWorkCon != 1 or Gsdf missing or NL=0)
	 constraints: 11) stroges system constraints skipped (NC=0 or variables not defined)
	 constraints: 12) data centra constraints skipped (is_ConsiderDataCentra != 1)
	 constraints: 13) frequency control constraints skipped (is_ConsiderFrequencyControl != 1)
	 constraints: 14) hydro power limits					 done
+++++++++++++++++++++++++++++++++++++++++++++++++++++++++++++++++++++++++++++++++++++++++++
Step-4: starting Gurobi solver
Step-5: Gurobi solver finished
+++++++++++++++++++++++++++++++++++++++++++++++++++++++++++++++++++++++++++++++++++++++++++

solution_summary(scuc) = solution_summary(; result = 1, verbose = false)
├ solver_name          : Gurobi
├ Termination
│ ├ termination_status : OPTIMAL
│ ├ result_count       : 2
│ ├ raw_status         : Model was solved to optimality (subject to tolerances), and an optimal solution is available.
│ └ objective_bound    : 2.05602e+16
├ Solution (result = 1)
│ ├ primal_status        : FEASIBLE_POINT
│ ├ dual_status          : NO_SOLUTION
│ ├ objective_value      : 2.05602e+16
│ └ relative_gap         : 6.86188e-10
└ Work counters
  ├ solve_time (sec)   : 5.32000e-01
  ├ simplex_iterations : 0
  ├ barrier_iterations : 0
  └ node_count         : 0


Termination Status: OPTIMAL
Acceptable solution found (Status: OPTIMAL).
Step-6: record datas
PART1: [unit-commitment] calculation result has been saved to: D:\GithubClonefiles\module_unitcommitment\.worktrees\108_168h\output\pcm_com4_loadall_h168_20260823_210543\base\clu_ovl\r01\output/details_schedule_results/pcm_simulation_results/intervels_[1]/res_schedule_commitment_result.txt
PART1: [unit-commitment] calculation result has been saved to: D:\GithubClonefiles\module_unitcommitment\.worktrees\108_168h\output\pcm_com4_loadall_h168_20260823_210543\base\clu_ovl\r01\output/details_schedule_results/pcm_simulation_results/intervels_[1]/res_schedule_commitment_result.txt
Step-3: Creating dispatching model (Refactored & Modularized)
  Clustered PCM: 108 physical units -> 31 equivalent units (71.3% state reduction; 108 units in non-singleton clusters)
    5-point output grid is infeasible; retrying this window with 17 points
  Clustered PCM: 108 physical units -> 31 equivalent units (71.3% state reduction; 108 units in non-singleton clusters)
    Refined output grid is infeasible; entering continuous residence-power diagnosis
  Clustered PCM: 108 physical units -> 31 equivalent units (71.3% state reduction; 108 units in non-singleton clusters)
  ⚠ True clustered UC failed at cluster_master: INFEASIBLE; falling back to full unit-network SCUC
	 Variables defined.
DEBUG set_objective_economic!: NT=31, NG=108, ND=91, NW=20, NS=1, K=3, size(refcost)=(108,), size(eachslope)=(3, 108)
objective_function
	MILP economic objective set
subject to.
	 constraints: 1) minimum shutup/shutdown time limits			 done
	 constraints: 2) binary variable logic					 done
	 constraints: 3) shutup/shutdown cost					 done
	 constraints: 4) loadcurtailments and spoliedwinds			 done
	 constraints: 5) generatos power limits					 done
	 constraints: 6) system reserves limits					 done
	 constraints: 7) power balance constraints				 done
	 constraints: 8) ramp-up/ramp-down constraints				 done
	 constraints: 9) piece linearization constraints			 done
	 constraints: 10) transmissionline limits skipped (is_NetWorkCon != 1 or Gsdf missing or NL=0)
	 constraints: 11) stroges system constraints skipped (NC=0 or variables not defined)
	 constraints: 12) data centra constraints skipped (is_ConsiderDataCentra != 1)
	 constraints: 13) frequency control constraints skipped (is_ConsiderFrequencyControl != 1)
	 constraints: 14) hydro power limits					 done
+++++++++++++++++++++++++++++++++++++++++++++++++++++++++++++++++++++++++++++++++++++++++++
Step-4: starting Gurobi solver
Step-5: Gurobi solver finished
+++++++++++++++++++++++++++++++++++++++++++++++++++++++++++++++++++++++++++++++++++++++++++

solution_summary(scuc) = solution_summary(; result = 1, verbose = false)
├ solver_name          : Gurobi
├ Termination
│ ├ termination_status : OPTIMAL
│ ├ result_count       : 2
│ ├ raw_status         : Model was solved to optimality (subject to tolerances), and an optimal solution is available.
│ └ objective_bound    : 2.05602e+16
├ Solution (result = 1)
│ ├ primal_status        : FEASIBLE_POINT
│ ├ dual_status          : NO_SOLUTION
│ ├ objective_value      : 2.05602e+16
│ └ relative_gap         : 7.12365e-10
└ Work counters
  ├ solve_time (sec)   : 5.75000e-01
  ├ simplex_iterations : 0
  ├ barrier_iterations : 0
  └ node_count         : 0


Termination Status: OPTIMAL
Acceptable solution found (Status: OPTIMAL).
Step-6: record datas
PART1: [unit-commitment] calculation result has been saved to: D:\GithubClonefiles\module_unitcommitment\.worktrees\108_168h\output\pcm_com4_loadall_h168_20260823_210543\base\clu_ovl\r01\output/details_schedule_results/pcm_simulation_results/intervels_[1]/res_schedule_commitment_result.txt
PART1: [unit-commitment] calculation result has been saved to: D:\GithubClonefiles\module_unitcommitment\.worktrees\108_168h\output\pcm_com4_loadall_h168_20260823_210543\base\clu_ovl\r01\output/details_schedule_results/pcm_simulation_results/intervels_[1]/res_schedule_commitment_result.txt
PART1: [unit-commitment] calculation result has been saved to: D:\GithubClonefiles\module_unitcommitment\.worktrees\108_168h\output\pcm_com4_loadall_h168_20260823_210543\base\clu_ovl\r01\output/details_schedule_results/pcm_simulation_results/intervels_[1]/res_schedule_commitment_result.txt
Step-3: Creating dispatching model (Refactored & Modularized)
  Clustered PCM: 108 physical units -> 31 equivalent units (71.3% state reduction; 108 units in non-singleton clusters)
    5-point output grid is infeasible; retrying this window with 17 points
  Clustered PCM: 108 physical units -> 31 equivalent units (71.3% state reduction; 108 units in non-singleton clusters)
    Refined output grid is infeasible; entering continuous residence-power diagnosis
  Clustered PCM: 108 physical units -> 31 equivalent units (71.3% state reduction; 108 units in non-singleton clusters)
  ⚠ True clustered UC failed at cluster_master: INFEASIBLE; falling back to full unit-network SCUC
	 Variables defined.
DEBUG set_objective_economic!: NT=36, NG=108, ND=91, NW=20, NS=1, K=3, size(refcost)=(108,), size(eachslope)=(3, 108)
objective_function
	MILP economic objective set
subject to.
	 constraints: 1) minimum shutup/shutdown time limits			 done
	 constraints: 2) binary variable logic					 done
	 constraints: 3) shutup/shutdown cost					 done
	 constraints: 4) loadcurtailments and spoliedwinds			 done
	 constraints: 5) generatos power limits					 done
	 constraints: 6) system reserves limits					 done
	 constraints: 7) power balance constraints				 done
	 constraints: 8) ramp-up/ramp-down constraints				 done
	 constraints: 9) piece linearization constraints			 done
	 constraints: 10) transmissionline limits skipped (is_NetWorkCon != 1 or Gsdf missing or NL=0)
	 constraints: 11) stroges system constraints skipped (NC=0 or variables not defined)
	 constraints: 12) data centra constraints skipped (is_ConsiderDataCentra != 1)
	 constraints: 13) frequency control constraints skipped (is_ConsiderFrequencyControl != 1)
	 constraints: 14) hydro power limits					 done
+++++++++++++++++++++++++++++++++++++++++++++++++++++++++++++++++++++++++++++++++++++++++++
Step-4: starting Gurobi solver
Step-5: Gurobi solver finished
+++++++++++++++++++++++++++++++++++++++++++++++++++++++++++++++++++++++++++++++++++++++++++

solution_summary(scuc) = Set parameter Username
Set parameter LicenseID to value 2826524
Academic license - for non-commercial use only - expires 2027-05-22
Set parameter Username
Set parameter LicenseID to value 2826524
Academic license - for non-commercial use only - expires 2027-05-22
Set parameter Username
Set parameter LicenseID to value 2826524
Academic license - for non-commercial use only - expires 2027-05-22
Set parameter Username
Set parameter LicenseID to value 2826524
Academic license - for non-commercial use only - expires 2027-05-22
Set parameter Username
Set parameter LicenseID to value 2826524
Academic license - for non-commercial use only - expires 2027-05-22
Set parameter Username
Set parameter LicenseID to value 2826524
Academic license - for non-commercial use only - expires 2027-05-22
Set parameter Username
Set parameter LicenseID to value 2826524
Academic license - for non-commercial use only - expires 2027-05-22
Set parameter Username
Set parameter LicenseID to value 2826524
Academic license - for non-commercial use only - expires 2027-05-22
Set parameter Username
Set parameter LicenseID to value 2826524
Academic license - for non-commercial use only - expires 2027-05-22
Set parameter Username
Set parameter LicenseID to value 2826524
Academic license - for non-commercial use only - expires 2027-05-22
Set parameter Username
Set parameter LicenseID to value 2826524
Academic license - for non-commercial use only - expires 2027-05-22
Set parameter Username
Set parameter LicenseID to value 2826524
Academic license - for non-commercial use only - expires 2027-05-22
Set parameter Username
Set parameter LicenseID to value 2826524
Academic license - for non-commercial use only - expires 2027-05-22
Set parameter Username
Set parameter LicenseID to value 2826524
Academic license - for non-commercial use only - expires 2027-05-22
Set parameter Username
Set parameter LicenseID to value 2826524
Academic license - for non-commercial use only - expires 2027-05-22
Set parameter Username
Set parameter LicenseID to value 2826524
Academic license - for non-commercial use only - expires 2027-05-22
Set parameter Username
Set parameter LicenseID to value 2826524
Academic license - for non-commercial use only - expires 2027-05-22
Set parameter Username
Set parameter LicenseID to value 2826524
Academic license - for non-commercial use only - expires 2027-05-22
Set parameter Username
Set parameter LicenseID to value 2826524
Academic license - for non-commercial use only - expires 2027-05-22
Set parameter Username
Set parameter LicenseID to value 2826524
Academic license - for non-commercial use only - expires 2027-05-22
Set parameter Username
Set parameter LicenseID to value 2826524
Academic license - for non-commercial use only - expires 2027-05-22
Set parameter Username
Set parameter LicenseID to value 2826524
Academic license - for non-commercial use only - expires 2027-05-22
Set parameter Username
Set parameter LicenseID to value 2826524
Academic license - for non-commercial use only - expires 2027-05-22
Set parameter Username
Set parameter LicenseID to value 2826524
Academic license - for non-commercial use only - expires 2027-05-22
Set parameter Username
Set parameter LicenseID to value 2826524
Academic license - for non-commercial use only - expires 2027-05-22
Set parameter Username
Set parameter LicenseID to value 2826524
Academic license - for non-commercial use only - expires 2027-05-22
Set parameter Username
Set parameter LicenseID to value 2826524
Academic license - for non-commercial use only - expires 2027-05-22
Set parameter Username
Set parameter LicenseID to value 2826524
Academic license - for non-commercial use only - expires 2027-05-22
Set parameter Username
Set parameter LicenseID to value 2826524
Academic license - for non-commercial use only - expires 2027-05-22
Set parameter Username
Set parameter LicenseID to value 2826524
Academic license - for non-commercial use only - expires 2027-05-22
Set parameter Username
Set parameter LicenseID to value 2826524
Academic license - for non-commercial use only - expires 2027-05-22
Set parameter Username
Set parameter LicenseID to value 2826524
Academic license - for non-commercial use only - expires 2027-05-22
Set parameter Username
Set parameter LicenseID to value 2826524
Academic license - for non-commercial use only - expires 2027-05-22
Set parameter Username
Set parameter LicenseID to value 2826524
Academic license - for non-commercial use only - expires 2027-05-22
Set parameter Username
Set parameter LicenseID to value 2826524
Academic license - for non-commercial use only - expires 2027-05-22
Set parameter Username
Set parameter LicenseID to value 2826524
Academic license - for non-commercial use only - expires 2027-05-22
Set parameter Username
Set parameter LicenseID to value 2826524
Academic license - for non-commercial use only - expires 2027-05-22
Set parameter Username
Set parameter LicenseID to value 2826524
Academic license - for non-commercial use only - expires 2027-05-22
Set parameter Username
Set parameter LicenseID to value 2826524
Academic license - for non-commercial use only - expires 2027-05-22
Set parameter Username
Set parameter LicenseID to value 2826524
Academic license - for non-commercial use only - expires 2027-05-22
solution_summary(; result = 1, verbose = false)
├ solver_name          : Gurobi
├ Termination
│ ├ termination_status : OPTIMAL
│ ├ result_count       : 3
│ ├ raw_status         : Model was solved to optimality (subject to tolerances), and an optimal solution is available.
│ └ objective_bound    : 3.67791e+16
├ Solution (result = 1)
│ ├ primal_status        : FEASIBLE_POINT
│ ├ dual_status          : NO_SOLUTION
│ ├ objective_value      : 3.76285e+16
│ └ relative_gap         : 2.25733e-02
└ Work counters
  ├ solve_time (sec)   : 2.47100e+00
  ├ simplex_iterations : 16835
  ├ barrier_iterations : 0
  └ node_count         : 1


Termination Status: OPTIMAL
Acceptable solution found (Status: OPTIMAL).
Step-6: record datas
PART1: [unit-commitment] calculation result has been saved to: D:\GithubClonefiles\module_unitcommitment\.worktrees\108_168h\output\pcm_com4_loadall_h168_20260823_210543\base\clu_ovl\r01\output/details_schedule_results/pcm_simulation_results/intervels_[1]/res_schedule_commitment_result.txt
Step-3: Creating dispatching model (Refactored & Modularized)
  Clustered PCM: 108 physical units -> 31 equivalent units (71.3% state reduction; 108 units in non-singleton clusters)
    5-point output grid is infeasible; retrying this window with 17 points
  Clustered PCM: 108 physical units -> 31 equivalent units (71.3% state reduction; 108 units in non-singleton clusters)
    Refined output grid is infeasible; entering continuous residence-power diagnosis
  Clustered PCM: 108 physical units -> 31 equivalent units (71.3% state reduction; 108 units in non-singleton clusters)
  ⚠ True clustered UC failed at cluster_master: INFEASIBLE; falling back to full unit-network SCUC
	 Variables defined.
DEBUG set_objective_economic!: NT=36, NG=108, ND=91, NW=20, NS=1, K=3, size(refcost)=(108,), size(eachslope)=(3, 108)
objective_function
	MILP economic objective set
subject to.
	 constraints: 1) minimum shutup/shutdown time limits			 done
	 constraints: 2) binary variable logic					 done
	 constraints: 3) shutup/shutdown cost					 done
	 constraints: 4) loadcurtailments and spoliedwinds			 done
	 constraints: 5) generatos power limits					 done
	 constraints: 6) system reserves limits					 done
	 constraints: 7) power balance constraints				 done
	 constraints: 8) ramp-up/ramp-down constraints				 done
	 constraints: 9) piece linearization constraints			 done
	 constraints: 10) transmissionline limits skipped (is_NetWorkCon != 1 or Gsdf missing or NL=0)
	 constraints: 11) stroges system constraints skipped (NC=0 or variables not defined)
	 constraints: 12) data centra constraints skipped (is_ConsiderDataCentra != 1)
	 constraints: 13) frequency control constraints skipped (is_ConsiderFrequencyControl != 1)
	 constraints: 14) hydro power limits					 done
+++++++++++++++++++++++++++++++++++++++++++++++++++++++++++++++++++++++++++++++++++++++++++
Step-4: starting Gurobi solver
Step-5: Gurobi solver finished
+++++++++++++++++++++++++++++++++++++++++++++++++++++++++++++++++++++++++++++++++++++++++++

solution_summary(scuc) = solution_summary(; result = 1, verbose = false)
├ solver_name          : Gurobi
├ Termination
│ ├ termination_status : OPTIMAL
│ ├ result_count       : 3
│ ├ raw_status         : Model was solved to optimality (subject to tolerances), and an optimal solution is available.
│ └ objective_bound    : 3.67791e+16
├ Solution (result = 1)
│ ├ primal_status        : FEASIBLE_POINT
│ ├ dual_status          : NO_SOLUTION
│ ├ objective_value      : 3.76285e+16
│ └ relative_gap         : 2.25733e-02
└ Work counters
  ├ solve_time (sec)   : 2.42600e+00
  ├ simplex_iterations : 16835
  ├ barrier_iterations : 0
  └ node_count         : 1


Termination Status: OPTIMAL
Acceptable solution found (Status: OPTIMAL).
Step-6: record datas
PART1: [unit-commitment] calculation result has been saved to: D:\GithubClonefiles\module_unitcommitment\.worktrees\108_168h\output\pcm_com4_loadall_h168_20260823_210543\base\clu_ovl\r01\output/details_schedule_results/pcm_simulation_results/intervels_[1]/res_schedule_commitment_result.txt
PART1: [unit-commitment] calculation result has been saved to: D:\GithubClonefiles\module_unitcommitment\.worktrees\108_168h\output\pcm_com4_loadall_h168_20260823_210543\base\clu_ovl\r01\output/details_schedule_results/pcm_simulation_results/intervels_[1]/res_schedule_commitment_result.txt
Step-3: Creating dispatching model (Refactored & Modularized)
  Clustered PCM: 108 physical units -> 31 equivalent units (71.3% state reduction; 108 units in non-singleton clusters)
    5-point output grid is infeasible; retrying this window with 17 points
  Clustered PCM: 108 physical units -> 31 equivalent units (71.3% state reduction; 108 units in non-singleton clusters)
    Refined output grid is infeasible; entering continuous residence-power diagnosis
  Clustered PCM: 108 physical units -> 31 equivalent units (71.3% state reduction; 108 units in non-singleton clusters)
  ⚠ True clustered UC failed at cluster_master: INFEASIBLE; falling back to full unit-network SCUC
	 Variables defined.
DEBUG set_objective_economic!: NT=26, NG=108, ND=91, NW=20, NS=1, K=3, size(refcost)=(108,), size(eachslope)=(3, 108)
objective_function
	MILP economic objective set
subject to.
	 constraints: 1) minimum shutup/shutdown time limits			 done
	 constraints: 2) binary variable logic					 done
	 constraints: 3) shutup/shutdown cost					 done
	 constraints: 4) loadcurtailments and spoliedwinds			 done
	 constraints: 5) generatos power limits					 done
	 constraints: 6) system reserves limits					 done
	 constraints: 7) power balance constraints				 done
	 constraints: 8) ramp-up/ramp-down constraints				 done
	 constraints: 9) piece linearization constraints			 done
	 constraints: 10) transmissionline limits skipped (is_NetWorkCon != 1 or Gsdf missing or NL=0)
	 constraints: 11) stroges system constraints skipped (NC=0 or variables not defined)
	 constraints: 12) data centra constraints skipped (is_ConsiderDataCentra != 1)
	 constraints: 13) frequency control constraints skipped (is_ConsiderFrequencyControl != 1)
	 constraints: 14) hydro power limits					 done
+++++++++++++++++++++++++++++++++++++++++++++++++++++++++++++++++++++++++++++++++++++++++++
Step-4: starting Gurobi solver
Step-5: Gurobi solver finished
+++++++++++++++++++++++++++++++++++++++++++++++++++++++++++++++++++++++++++++++++++++++++++

solution_summary(scuc) = solution_summary(; result = 1, verbose = false)
├ solver_name          : Gurobi
├ Termination
│ ├ termination_status : OPTIMAL
│ ├ result_count       : 2
│ ├ raw_status         : Model was solved to optimality (subject to tolerances), and an optimal solution is available.
│ └ objective_bound    : 3.67791e+16
├ Solution (result = 1)
│ ├ primal_status        : FEASIBLE_POINT
│ ├ dual_status          : NO_SOLUTION
│ ├ objective_value      : 3.67791e+16
│ └ relative_gap         : 3.65159e-10
└ Work counters
  ├ solve_time (sec)   : 5.28000e-01
  ├ simplex_iterations : 0
  ├ barrier_iterations : 0
  └ node_count         : 0


Termination Status: OPTIMAL
Acceptable solution found (Status: OPTIMAL).
Step-6: record datas
PART1: [unit-commitment] calculation result has been saved to: D:\GithubClonefiles\module_unitcommitment\.worktrees\108_168h\output\pcm_com4_loadall_h168_20260823_210543\base\clu_ovl\r01\output/details_schedule_results/pcm_simulation_results/intervels_[1]/res_schedule_commitment_result.txt
PART1: [unit-commitment] calculation result has been saved to: D:\GithubClonefiles\module_unitcommitment\.worktrees\108_168h\output\pcm_com4_loadall_h168_20260823_210543\base\clu_ovl\r01\output/details_schedule_results/pcm_simulation_results/intervels_[1]/res_schedule_commitment_result.txt
Step-3: Creating dispatching model (Refactored & Modularized)
  Clustered PCM: 108 physical units -> 31 equivalent units (71.3% state reduction; 108 units in non-singleton clusters)
    5-point output grid is infeasible; retrying this window with 17 points
  Clustered PCM: 108 physical units -> 31 equivalent units (71.3% state reduction; 108 units in non-singleton clusters)
    Refined output grid is infeasible; entering continuous residence-power diagnosis
  Clustered PCM: 108 physical units -> 31 equivalent units (71.3% state reduction; 108 units in non-singleton clusters)
  ⚠ True clustered UC failed at cluster_master: INFEASIBLE; falling back to full unit-network SCUC
	 Variables defined.
DEBUG set_objective_economic!: NT=31, NG=108, ND=91, NW=20, NS=1, K=3, size(refcost)=(108,), size(eachslope)=(3, 108)
objective_function
	MILP economic objective set
subject to.
	 constraints: 1) minimum shutup/shutdown time limits			 done
	 constraints: 2) binary variable logic					 done
	 constraints: 3) shutup/shutdown cost					 done
	 constraints: 4) loadcurtailments and spoliedwinds			 done
	 constraints: 5) generatos power limits					 done
	 constraints: 6) system reserves limits					 done
	 constraints: 7) power balance constraints				 done
	 constraints: 8) ramp-up/ramp-down constraints				 done
	 constraints: 9) piece linearization constraints			 done
	 constraints: 10) transmissionline limits skipped (is_NetWorkCon != 1 or Gsdf missing or NL=0)
	 constraints: 11) stroges system constraints skipped (NC=0 or variables not defined)
	 constraints: 12) data centra constraints skipped (is_ConsiderDataCentra != 1)
	 constraints: 13) frequency control constraints skipped (is_ConsiderFrequencyControl != 1)
	 constraints: 14) hydro power limits					 done
+++++++++++++++++++++++++++++++++++++++++++++++++++++++++++++++++++++++++++++++++++++++++++
Step-4: starting Gurobi solver
Step-5: Gurobi solver finished
+++++++++++++++++++++++++++++++++++++++++++++++++++++++++++++++++++++++++++++++++++++++++++

solution_summary(scuc) = solution_summary(; result = 1, verbose = false)
├ solver_name          : Gurobi
├ Termination
│ ├ termination_status : OPTIMAL
│ ├ result_count       : 2
│ ├ raw_status         : Model was solved to optimality (subject to tolerances), and an optimal solution is available.
│ └ objective_bound    : 3.67791e+16
├ Solution (result = 1)
│ ├ primal_status        : FEASIBLE_POINT
│ ├ dual_status          : NO_SOLUTION
│ ├ objective_value      : 3.67791e+16
│ └ relative_gap         : 4.17485e-10
└ Work counters
  ├ solve_time (sec)   : 5.71000e-01
  ├ simplex_iterations : 0
  ├ barrier_iterations : 0
  └ node_count         : 0


Termination Status: OPTIMAL
Acceptable solution found (Status: OPTIMAL).
Step-6: record datas
PART1: [unit-commitment] calculation result has been saved to: D:\GithubClonefiles\module_unitcommitment\.worktrees\108_168h\output\pcm_com4_loadall_h168_20260823_210543\base\clu_ovl\r01\output/details_schedule_results/pcm_simulation_results/intervels_[1]/res_schedule_commitment_result.txt
PART1: [unit-commitment] calculation result has been saved to: D:\GithubClonefiles\module_unitcommitment\.worktrees\108_168h\output\pcm_com4_loadall_h168_20260823_210543\base\clu_ovl\r01\output/details_schedule_results/pcm_simulation_results/intervels_[1]/res_schedule_commitment_result.txt
PART1: [unit-commitment] calculation result has been saved to: D:\GithubClonefiles\module_unitcommitment\.worktrees\108_168h\output\pcm_com4_loadall_h168_20260823_210543\base\clu_ovl\r01\output/details_schedule_results/pcm_simulation_results/intervels_[1]/res_schedule_commitment_result.txt
Step-3: Creating dispatching model (Refactored & Modularized)
  Clustered PCM: 108 physical units -> 31 equivalent units (71.3% state reduction; 108 units in non-singleton clusters)
    5-point output grid is infeasible; retrying this window with 17 points
  Clustered PCM: 108 physical units -> 31 equivalent units (71.3% state reduction; 108 units in non-singleton clusters)
    Refined output grid is infeasible; entering continuous residence-power diagnosis
  Clustered PCM: 108 physical units -> 31 equivalent units (71.3% state reduction; 108 units in non-singleton clusters)
  ⚠ True clustered UC failed at cluster_master: INFEASIBLE; falling back to full unit-network SCUC
	 Variables defined.
DEBUG set_objective_economic!: NT=36, NG=108, ND=91, NW=20, NS=1, K=3, size(refcost)=(108,), size(eachslope)=(3, 108)
objective_function
	MILP economic objective set
subject to.
	 constraints: 1) minimum shutup/shutdown time limits			 done
	 constraints: 2) binary variable logic					 done
	 constraints: 3) shutup/shutdown cost					 done
	 constraints: 4) loadcurtailments and spoliedwinds			 done
	 constraints: 5) generatos power limits					 done
	 constraints: 6) system reserves limits					 done
	 constraints: 7) power balance constraints				 done
	 constraints: 8) ramp-up/ramp-down constraints				 done
	 constraints: 9) piece linearization constraints			 done
	 constraints: 10) transmissionline limits skipped (is_NetWorkCon != 1 or Gsdf missing or NL=0)
	 constraints: 11) stroges system constraints skipped (NC=0 or variables not defined)
	 constraints: 12) data centra constraints skipped (is_ConsiderDataCentra != 1)
	 constraints: 13) frequency control constraints skipped (is_ConsiderFrequencyControl != 1)
	 constraints: 14) hydro power limits					 done
+++++++++++++++++++++++++++++++++++++++++++++++++++++++++++++++++++++++++++++++++++++++++++
Step-4: starting Gurobi solver
Step-5: Gurobi solver finished
+++++++++++++++++++++++++++++++++++++++++++++++++++++++++++++++++++++++++++++++++++++++++++

solution_summary(scuc) = solution_summary(; result = 1, verbose = false)
├ solver_name          : Gurobi
├ Termination
│ ├ termination_status : OPTIMAL
│ ├ result_count       : 10
│ ├ raw_status         : Model was solved to optimality (subject to tolerances), and an optimal solution is available.
│ └ objective_bound    : 3.25664e+16
├ Solution (result = 1)
│ ├ primal_status        : FEASIBLE_POINT
│ ├ dual_status          : NO_SOLUTION
│ ├ objective_value      : 3.25664e+16
│ └ relative_gap         : 6.01847e-15
└ Work counters
  ├ solve_time (sec)   : 4.95700e+00
  ├ simplex_iterations : 21165
  ├ barrier_iterations : 0
  └ node_count         : 1


Termination Status: OPTIMAL
Acceptable solution found (Status: OPTIMAL).
Step-6: record datas
PART1: [unit-commitment] calculation result has been saved to: D:\GithubClonefiles\module_unitcommitment\.worktrees\108_168h\output\pcm_com4_loadall_h168_20260823_210543\base\clu_ovl\r01\output/details_schedule_results/pcm_simulation_results/intervels_[1]/res_schedule_commitment_result.txt
Step-3: Creating dispatching model (Refactored & Modularized)
  Clustered PCM: 108 physical units -> 31 equivalent units (71.3% state reduction; 108 units in non-singleton clusters)
    5-point output grid is infeasible; retrying this window with 17 points
  Clustered PCM: 108 physical units -> 31 equivalent units (71.3% state reduction; 108 units in non-singleton clusters)
    Refined output grid is infeasible; entering continuous residence-power diagnosis
  Clustered PCM: 108 physical units -> 31 equivalent units (71.3% state reduction; 108 units in non-singleton clusters)
  ⚠ True clustered UC failed at cluster_master: INFEASIBLE; falling back to full unit-network SCUC
	 Variables defined.
DEBUG set_objective_economic!: NT=36, NG=108, ND=91, NW=20, NS=1, K=3, size(refcost)=(108,), size(eachslope)=(3, 108)
objective_function
	MILP economic objective set
subject to.
	 constraints: 1) minimum shutup/shutdown time limits			 done
	 constraints: 2) binary variable logic					 done
	 constraints: 3) shutup/shutdown cost					 done
	 constraints: 4) loadcurtailments and spoliedwinds			 done
	 constraints: 5) generatos power limits					 done
	 constraints: 6) system reserves limits					 done
	 constraints: 7) power balance constraints				 done
	 constraints: 8) ramp-up/ramp-down constraints				 done
	 constraints: 9) piece linearization constraints			 done
	 constraints: 10) transmissionline limits skipped (is_NetWorkCon != 1 or Gsdf missing or NL=0)
	 constraints: 11) stroges system constraints skipped (NC=0 or variables not defined)
	 constraints: 12) data centra constraints skipped (is_ConsiderDataCentra != 1)
	 constraints: 13) frequency control constraints skipped (is_ConsiderFrequencyControl != 1)
	 constraints: 14) hydro power limits					 done
+++++++++++++++++++++++++++++++++++++++++++++++++++++++++++++++++++++++++++++++++++++++++++
Step-4: starting Gurobi solver
Step-5: Gurobi solver finished
+++++++++++++++++++++++++++++++++++++++++++++++++++++++++++++++++++++++++++++++++++++++++++

solution_summary(scuc) = solution_summary(; result = 1, verbose = false)
├ solver_name          : Gurobi
├ Termination
│ ├ termination_status : OPTIMAL
│ ├ result_count       : 10
│ ├ raw_status         : Model was solved to optimality (subject to tolerances), and an optimal solution is available.
│ └ objective_bound    : 3.25664e+16
├ Solution (result = 1)
│ ├ primal_status        : FEASIBLE_POINT
│ ├ dual_status          : NO_SOLUTION
│ ├ objective_value      : 3.25664e+16
│ └ relative_gap         : 6.01847e-15
└ Work counters
  ├ solve_time (sec)   : 5.76500e+00
  ├ simplex_iterations : 21165
  ├ barrier_iterations : 0
  └ node_count         : 1


Termination Status: OPTIMAL
Acceptable solution found (Status: OPTIMAL).
Step-6: record datas
PART1: [unit-commitment] calculation result has been saved to: D:\GithubClonefiles\module_unitcommitment\.worktrees\108_168h\output\pcm_com4_loadall_h168_20260823_210543\base\clu_ovl\r01\output/details_schedule_results/pcm_simulation_results/intervels_[1]/res_schedule_commitment_result.txt
PART1: [unit-commitment] calculation result has been saved to: D:\GithubClonefiles\module_unitcommitment\.worktrees\108_168h\output\pcm_com4_loadall_h168_20260823_210543\base\clu_ovl\r01\output/details_schedule_results/pcm_simulation_results/intervels_[1]/res_schedule_commitment_result.txt
Step-3: Creating dispatching model (Refactored & Modularized)
  Clustered PCM: 108 physical units -> 31 equivalent units (71.3% state reduction; 108 units in non-singleton clusters)
    5-point output grid is infeasible; retrying this window with 17 points
  Clustered PCM: 108 physical units -> 31 equivalent units (71.3% state reduction; 108 units in non-singleton clusters)
    Refined output grid is infeasible; entering continuous residence-power diagnosis
  Clustered PCM: 108 physical units -> 31 equivalent units (71.3% state reduction; 108 units in non-singleton clusters)
  ⚠ True clustered UC failed at cluster_master: INFEASIBLE; falling back to full unit-network SCUC
	 Variables defined.
DEBUG set_objective_economic!: NT=26, NG=108, ND=91, NW=20, NS=1, K=3, size(refcost)=(108,), size(eachslope)=(3, 108)
objective_function
	MILP economic objective set
subject to.
	 constraints: 1) minimum shutup/shutdown time limits			 done
	 constraints: 2) binary variable logic					 done
	 constraints: 3) shutup/shutdown cost					 done
	 constraints: 4) loadcurtailments and spoliedwinds			 done
	 constraints: 5) generatos power limits					 done
	 constraints: 6) system reserves limits					 done
	 constraints: 7) power balance constraints				 done
	 constraints: 8) ramp-up/ramp-down constraints				 done
	 constraints: 9) piece linearization constraints			 done
	 constraints: 10) transmissionline limits skipped (is_NetWorkCon != 1 or Gsdf missing or NL=0)
	 constraints: 11) stroges system constraints skipped (NC=0 or variables not defined)
	 constraints: 12) data centra constraints skipped (is_ConsiderDataCentra != 1)
	 constraints: 13) frequency control constraints skipped (is_ConsiderFrequencyControl != 1)
	 constraints: 14) hydro power limits					 done
+++++++++++++++++++++++++++++++++++++++++++++++++++++++++++++++++++++++++++++++++++++++++++
Step-4: starting Gurobi solver
Step-5: Gurobi solver finished
+++++++++++++++++++++++++++++++++++++++++++++++++++++++++++++++++++++++++++++++++++++++++++

solution_summary(scuc) = solution_summary(; result = 1, verbose = false)
├ solver_name          : Gurobi
├ Termination
│ ├ termination_status : OPTIMAL
│ ├ result_count       : 3
│ ├ raw_status         : Model was solved to optimality (subject to tolerances), and an optimal solution is available.
│ └ objective_bound    : 3.25664e+16
├ Solution (result = 1)
│ ├ primal_status        : FEASIBLE_POINT
│ ├ dual_status          : NO_SOLUTION
│ ├ objective_value      : 3.25664e+16
│ └ relative_gap         : 4.32208e-10
└ Work counters
  ├ solve_time (sec)   : 5.82000e-01
  ├ simplex_iterations : 0
  ├ barrier_iterations : 0
  └ node_count         : 0


Termination Status: OPTIMAL
Acceptable solution found (Status: OPTIMAL).
Step-6: record datas
PART1: [unit-commitment] calculation result has been saved to: D:\GithubClonefiles\module_unitcommitment\.worktrees\108_168h\output\pcm_com4_loadall_h168_20260823_210543\base\clu_ovl\r01\output/details_schedule_results/pcm_simulation_results/intervels_[1]/res_schedule_commitment_result.txt
PART1: [unit-commitment] calculation result has been saved to: D:\GithubClonefiles\module_unitcommitment\.worktrees\108_168h\output\pcm_com4_loadall_h168_20260823_210543\base\clu_ovl\r01\output/details_schedule_results/pcm_simulation_results/intervels_[1]/res_schedule_commitment_result.txt
Step-3: Creating dispatching model (Refactored & Modularized)
  Clustered PCM: 108 physical units -> 31 equivalent units (71.3% state reduction; 108 units in non-singleton clusters)
    5-point output grid is infeasible; retrying this window with 17 points
  Clustered PCM: 108 physical units -> 31 equivalent units (71.3% state reduction; 108 units in non-singleton clusters)
    Refined output grid is infeasible; entering continuous residence-power diagnosis
  Clustered PCM: 108 physical units -> 31 equivalent units (71.3% state reduction; 108 units in non-singleton clusters)
  ⚠ True clustered UC failed at cluster_master: INFEASIBLE; falling back to full unit-network SCUC
	 Variables defined.
DEBUG set_objective_economic!: NT=31, NG=108, ND=91, NW=20, NS=1, K=3, size(refcost)=(108,), size(eachslope)=(3, 108)
objective_function
	MILP economic objective set
subject to.
	 constraints: 1) minimum shutup/shutdown time limits			 done
	 constraints: 2) binary variable logic					 done
	 constraints: 3) shutup/shutdown cost					 done
	 constraints: 4) loadcurtailments and spoliedwinds			 done
	 constraints: 5) generatos power limits					 done
	 constraints: 6) system reserves limits					 done
	 constraints: 7) power balance constraints				 done
	 constraints: 8) ramp-up/ramp-down constraints				 done
	 constraints: 9) piece linearization constraints			 done
	 constraints: 10) transmissionline limits skipped (is_NetWorkCon != 1 or Gsdf missing or NL=0)
	 constraints: 11) stroges system constraints skipped (NC=0 or variables not defined)
	 constraints: 12) data centra constraints skipped (is_ConsiderDataCentra != 1)
	 constraints: 13) frequency control constraints skipped (is_ConsiderFrequencyControl != 1)
	 constraints: 14) hydro power limits					 done
+++++++++++++++++++++++++++++++++++++++++++++++++++++++++++++++++++++++++++++++++++++++++++
Step-4: starting Gurobi solver
Step-5: Gurobi solver finished
+++++++++++++++++++++++++++++++++++++++++++++++++++++++++++++++++++++++++++++++++++++++++++

solution_summary(scuc) = solution_summary(; result = 1, verbose = false)
├ solver_name          : Gurobi
├ Termination
│ ├ termination_status : OPTIMAL
│ ├ result_count       : 4
│ ├ raw_status         : Model was solved to optimality (subject to tolerances), and an optimal solution is available.
│ └ objective_bound    : 3.25664e+16
├ Solution (result = 1)
│ ├ primal_status        : FEASIBLE_POINT
│ ├ dual_status          : NO_SOLUTION
│ ├ objective_value      : 3.29264e+16
│ └ relative_gap         : 1.09335e-02
└ Work counters
  ├ solve_time (sec)   : 1.44300e+00
  ├ simplex_iterations : 8000
  ├ barrier_iterations : 0
  └ node_count         : 1


Termination Status: OPTIMAL
Acceptable solution found (Status: OPTIMAL).
Step-6: record datas
PART1: [unit-commitment] calculation result has been saved to: D:\GithubClonefiles\module_unitcommitment\.worktrees\108_168h\output\pcm_com4_loadall_h168_20260823_210543\base\clu_ovl\r01\output/details_schedule_results/pcm_simulation_results/intervels_[1]/res_schedule_commitment_result.txt
PART1: [unit-commitment] calculation result has been saved to: D:\GithubClonefiles\module_unitcommitment\.worktrees\108_168h\output\pcm_com4_loadall_h168_20260823_210543\base\clu_ovl\r01\output/details_schedule_results/pcm_simulation_results/intervels_[1]/res_schedule_commitment_result.txt
PART1: [unit-commitment] calculation result has been saved to: D:\GithubClonefiles\module_unitcommitment\.worktrees\108_168h\output\pcm_com4_loadall_h168_20260823_210543\base\clu_ovl\r01\output/details_schedule_results/pcm_simulation_results/intervels_[1]/res_schedule_commitment_result.txt
Step-3: Creating dispatching model (Refactored & Modularized)
  Clustered PCM: 108 physical units -> 31 equivalent units (71.3% state reduction; 108 units in non-singleton clusters)
    5-point output grid is infeasible; retrying this window with 17 points
  Clustered PCM: 108 physical units -> 31 equivalent units (71.3% state reduction; 108 units in non-singleton clusters)
    Refined output grid is infeasible; entering continuous residence-power diagnosis
  Clustered PCM: 108 physical units -> 31 equivalent units (71.3% state reduction; 108 units in non-singleton clusters)
  ⚠ True clustered UC failed at cluster_master: INFEASIBLE; falling back to full unit-network SCUC
	 Variables defined.
DEBUG set_objective_economic!: NT=36, NG=108, ND=91, NW=20, NS=1, K=3, size(refcost)=(108,), size(eachslope)=(3, 108)
objective_function
	MILP economic objective set
subject to.
	 constraints: 1) minimum shutup/shutdown time limits			 done
	 constraints: 2) binary variable logic					 done
	 constraints: 3) shutup/shutdown cost					 done
	 constraints: 4) loadcurtailments and spoliedwinds			 done
	 constraints: 5) generatos power limits					 done
	 constraints: 6) system reserves limits					 done
	 constraints: 7) power balance constraints				 done
	 constraints: 8) ramp-up/ramp-down constraints				 done
	 constraints: 9) piece linearization constraints			 done
	 constraints: 10) transmissionline limits skipped (is_NetWorkCon != 1 or Gsdf missing or NL=0)
	 constraints: 11) stroges system constraints skipped (NC=0 or variables not defined)
	 constraints: 12) data centra constraints skipped (is_ConsiderDataCentra != 1)
	 constraints: 13) frequency control constraints skipped (is_ConsiderFrequencyControl != 1)
	 constraints: 14) hydro power limits					 done
+++++++++++++++++++++++++++++++++++++++++++++++++++++++++++++++++++++++++++++++++++++++++++
Step-4: starting Gurobi solver
Step-5: Gurobi solver finished
+++++++++++++++++++++++++++++++++++++++++++++++++++++++++++++++++++++++++++++++++++++++++++

solution_summary(scuc) = solution_summary(; result = 1, verbose = false)
├ solver_name          : Gurobi
├ Termination
│ ├ termination_status : OPTIMAL
│ ├ result_count       : 4
│ ├ raw_status         : Model was solved to optimality (subject to tolerances), and an optimal solution is available.
│ └ objective_bound    : 3.84119e+16
├ Solution (result = 1)
│ ├ primal_status        : FEASIBLE_POINT
│ ├ dual_status          : NO_SOLUTION
│ ├ objective_value      : 3.87360e+16
│ └ relative_gap         : 8.36674e-03
└ Work counters
  ├ solve_time (sec)   : 2.84200e+00
  ├ simplex_iterations : 16972
  ├ barrier_iterations : 0
  └ node_count         : 1


Termination Status: OPTIMAL
Acceptable solution found (Status: OPTIMAL).
Step-6: record datas
PART1: [unit-commitment] calculation result has been saved to: D:\GithubClonefiles\module_unitcommitment\.worktrees\108_168h\output\pcm_com4_loadall_h168_20260823_210543\base\clu_ovl\r01\output/details_schedule_results/pcm_simulation_results/intervels_[1]/res_schedule_commitment_result.txt
Step-3: Creating dispatching model (Refactored & Modularized)
  Clustered PCM: 108 physical units -> 31 equivalent units (71.3% state reduction; 108 units in non-singleton clusters)
    5-point output grid is infeasible; retrying this window with 17 points
  Clustered PCM: 108 physical units -> 31 equivalent units (71.3% state reduction; 108 units in non-singleton clusters)
    Refined output grid is infeasible; entering continuous residence-power diagnosis
  Clustered PCM: 108 physical units -> 31 equivalent units (71.3% state reduction; 108 units in non-singleton clusters)
  ⚠ True clustered UC failed at cluster_master: INFEASIBLE; falling back to full unit-network SCUC
	 Variables defined.
DEBUG set_objective_economic!: NT=36, NG=108, ND=91, NW=20, NS=1, K=3, size(refcost)=(108,), size(eachslope)=(3, 108)
objective_function
	MILP economic objective set
subject to.
	 constraints: 1) minimum shutup/shutdown time limits			 done
	 constraints: 2) binary variable logic					 done
	 constraints: 3) shutup/shutdown cost					 done
	 constraints: 4) loadcurtailments and spoliedwinds			 done
	 constraints: 5) generatos power limits					 done
	 constraints: 6) system reserves limits					 done
	 constraints: 7) power balance constraints				 done
	 constraints: 8) ramp-up/ramp-down constraints				 done
	 constraints: 9) piece linearization constraints			 done
	 constraints: 10) transmissionline limits skipped (is_NetWorkCon != 1 or Gsdf missing or NL=0)
	 constraints: 11) stroges system constraints skipped (NC=0 or variables not defined)
	 constraints: 12) data centra constraints skipped (is_ConsiderDataCentra != 1)
	 constraints: 13) frequency control constraints skipped (is_ConsiderFrequencyControl != 1)
	 constraints: 14) hydro power limits					 done
+++++++++++++++++++++++++++++++++++++++++++++++++++++++++++++++++++++++++++++++++++++++++++
Step-4: starting Gurobi solver
Step-5: Gurobi solver finished
+++++++++++++++++++++++++++++++++++++++++++++++++++++++++++++++++++++++++++++++++++++++++++

solution_summary(scuc) = solution_summary(; result = 1, verbose = false)
├ solver_name          : Gurobi
├ Termination
│ ├ termination_status : OPTIMAL
│ ├ result_count       : 4
│ ├ raw_status         : Model was solved to optimality (subject to tolerances), and an optimal solution is available.
│ └ objective_bound    : 3.84119e+16
├ Solution (result = 1)
│ ├ primal_status        : FEASIBLE_POINT
│ ├ dual_status          : NO_SOLUTION
│ ├ objective_value      : 3.87360e+16
│ └ relative_gap         : 8.36674e-03
└ Work counters
  ├ solve_time (sec)   : 2.85400e+00
  ├ simplex_iterations : 16972
  ├ barrier_iterations : 0
  └ node_count         : 1


Termination Status: OPTIMAL
Acceptable solution found (Status: OPTIMAL).
Step-6: record datas
PART1: [unit-commitment] calculation result has been saved to: D:\GithubClonefiles\module_unitcommitment\.worktrees\108_168h\output\pcm_com4_loadall_h168_20260823_210543\base\clu_ovl\r01\output/details_schedule_results/pcm_simulation_results/intervels_[1]/res_schedule_commitment_result.txt
PART1: [unit-commitment] calculation result has been saved to: D:\GithubClonefiles\module_unitcommitment\.worktrees\108_168h\output\pcm_com4_loadall_h168_20260823_210543\base\clu_ovl\r01\output/details_schedule_results/pcm_simulation_results/intervels_[1]/res_schedule_commitment_result.txt
Step-3: Creating dispatching model (Refactored & Modularized)
  Clustered PCM: 108 physical units -> 31 equivalent units (71.3% state reduction; 108 units in non-singleton clusters)
    5-point output grid is infeasible; retrying this window with 17 points
  Clustered PCM: 108 physical units -> 31 equivalent units (71.3% state reduction; 108 units in non-singleton clusters)
    Refined output grid is infeasible; entering continuous residence-power diagnosis
  Clustered PCM: 108 physical units -> 31 equivalent units (71.3% state reduction; 108 units in non-singleton clusters)
  ⚠ True clustered UC failed at cluster_master: INFEASIBLE; falling back to full unit-network SCUC
	 Variables defined.
DEBUG set_objective_economic!: NT=26, NG=108, ND=91, NW=20, NS=1, K=3, size(refcost)=(108,), size(eachslope)=(3, 108)
objective_function
	MILP economic objective set
subject to.
	 constraints: 1) minimum shutup/shutdown time limits			 done
	 constraints: 2) binary variable logic					 done
	 constraints: 3) shutup/shutdown cost					 done
Set parameter Username
Set parameter LicenseID to value 2826524
Academic license - for non-commercial use only - expires 2027-05-22
Set parameter Username
Set parameter LicenseID to value 2826524
Academic license - for non-commercial use only - expires 2027-05-22
Set parameter Username
Set parameter LicenseID to value 2826524
Academic license - for non-commercial use only - expires 2027-05-22
Set parameter Username
Set parameter LicenseID to value 2826524
Academic license - for non-commercial use only - expires 2027-05-22
Set parameter Username
Set parameter LicenseID to value 2826524
Academic license - for non-commercial use only - expires 2027-05-22
Set parameter Username
Set parameter LicenseID to value 2826524
Academic license - for non-commercial use only - expires 2027-05-22
Set parameter Username
Set parameter LicenseID to value 2826524
Academic license - for non-commercial use only - expires 2027-05-22
Set parameter Username
Set parameter LicenseID to value 2826524
Academic license - for non-commercial use only - expires 2027-05-22
Set parameter Username
Set parameter LicenseID to value 2826524
Academic license - for non-commercial use only - expires 2027-05-22
Set parameter Username
Set parameter LicenseID to value 2826524
Academic license - for non-commercial use only - expires 2027-05-22
Set parameter Username
Set parameter LicenseID to value 2826524
Academic license - for non-commercial use only - expires 2027-05-22
Set parameter Username
Set parameter LicenseID to value 2826524
Academic license - for non-commercial use only - expires 2027-05-22
Set parameter Username
Set parameter LicenseID to value 2826524
Academic license - for non-commercial use only - expires 2027-05-22
Set parameter Username
Set parameter LicenseID to value 2826524
Academic license - for non-commercial use only - expires 2027-05-22
Set parameter Username
Set parameter LicenseID to value 2826524
Academic license - for non-commercial use only - expires 2027-05-22
Set parameter Username
Set parameter LicenseID to value 2826524
Academic license - for non-commercial use only - expires 2027-05-22
Set parameter Username
Set parameter LicenseID to value 2826524
Academic license - for non-commercial use only - expires 2027-05-22
Set parameter Username
Set parameter LicenseID to value 2826524
Academic license - for non-commercial use only - expires 2027-05-22
Set parameter Username
Set parameter LicenseID to value 2826524
Academic license - for non-commercial use only - expires 2027-05-22
Set parameter Username
Set parameter LicenseID to value 2826524
Academic license - for non-commercial use only - expires 2027-05-22
Set parameter Username
Set parameter LicenseID to value 2826524
Academic license - for non-commercial use only - expires 2027-05-22
Set parameter Username
Set parameter LicenseID to value 2826524
Academic license - for non-commercial use only - expires 2027-05-22
Set parameter Username
Set parameter LicenseID to value 2826524
Academic license - for non-commercial use only - expires 2027-05-22
Set parameter Username
Set parameter LicenseID to value 2826524
Academic license - for non-commercial use only - expires 2027-05-22
Set parameter Username
Set parameter LicenseID to value 2826524
Academic license - for non-commercial use only - expires 2027-05-22
Set parameter Username
Set parameter LicenseID to value 2826524
Academic license - for non-commercial use only - expires 2027-05-22
Set parameter Username
Set parameter LicenseID to value 2826524
Academic license - for non-commercial use only - expires 2027-05-22
Set parameter Username
Set parameter LicenseID to value 2826524
Academic license - for non-commercial use only - expires 2027-05-22
Set parameter Username
Set parameter LicenseID to value 2826524
Academic license - for non-commercial use only - expires 2027-05-22
Set parameter Username
Set parameter LicenseID to value 2826524
Academic license - for non-commercial use only - expires 2027-05-22
Set parameter Username
Set parameter LicenseID to value 2826524
Academic license - for non-commercial use only - expires 2027-05-22
Set parameter Username
Set parameter LicenseID to value 2826524
Academic license - for non-commercial use only - expires 2027-05-22
Set parameter Username
Set parameter LicenseID to value 2826524
Academic license - for non-commercial use only - expires 2027-05-22
Set parameter Username
Set parameter LicenseID to value 2826524
Academic license - for non-commercial use only - expires 2027-05-22
Set parameter Username
Set parameter LicenseID to value 2826524
Academic license - for non-commercial use only - expires 2027-05-22
Set parameter Username
Set parameter LicenseID to value 2826524
Academic license - for non-commercial use only - expires 2027-05-22
	 constraints: 4) loadcurtailments and spoliedwinds			 done
	 constraints: 5) generatos power limits					 done
	 constraints: 6) system reserves limits					 done
	 constraints: 7) power balance constraints				 done
	 constraints: 8) ramp-up/ramp-down constraints				 done
	 constraints: 9) piece linearization constraints			 done
	 constraints: 10) transmissionline limits skipped (is_NetWorkCon != 1 or Gsdf missing or NL=0)
	 constraints: 11) stroges system constraints skipped (NC=0 or variables not defined)
	 constraints: 12) data centra constraints skipped (is_ConsiderDataCentra != 1)
	 constraints: 13) frequency control constraints skipped (is_ConsiderFrequencyControl != 1)
	 constraints: 14) hydro power limits					 done
+++++++++++++++++++++++++++++++++++++++++++++++++++++++++++++++++++++++++++++++++++++++++++
Step-4: starting Gurobi solver
Step-5: Gurobi solver finished
+++++++++++++++++++++++++++++++++++++++++++++++++++++++++++++++++++++++++++++++++++++++++++

solution_summary(scuc) = solution_summary(; result = 1, verbose = false)
├ solver_name          : Gurobi
├ Termination
│ ├ termination_status : OPTIMAL
│ ├ result_count       : 3
│ ├ raw_status         : Model was solved to optimality (subject to tolerances), and an optimal solution is available.
│ └ objective_bound    : 3.84119e+16
├ Solution (result = 1)
│ ├ primal_status        : FEASIBLE_POINT
│ ├ dual_status          : NO_SOLUTION
│ ├ objective_value      : 3.84119e+16
│ └ relative_gap         : 3.57301e-10
└ Work counters
  ├ solve_time (sec)   : 5.74000e-01
  ├ simplex_iterations : 0
  ├ barrier_iterations : 0
  └ node_count         : 0


Termination Status: OPTIMAL
Acceptable solution found (Status: OPTIMAL).
Step-6: record datas
PART1: [unit-commitment] calculation result has been saved to: D:\GithubClonefiles\module_unitcommitment\.worktrees\108_168h\output\pcm_com4_loadall_h168_20260823_210543\base\clu_ovl\r01\output/details_schedule_results/pcm_simulation_results/intervels_[1]/res_schedule_commitment_result.txt
PART1: [unit-commitment] calculation result has been saved to: D:\GithubClonefiles\module_unitcommitment\.worktrees\108_168h\output\pcm_com4_loadall_h168_20260823_210543\base\clu_ovl\r01\output/details_schedule_results/pcm_simulation_results/intervels_[1]/res_schedule_commitment_result.txt
Step-3: Creating dispatching model (Refactored & Modularized)
  Clustered PCM: 108 physical units -> 31 equivalent units (71.3% state reduction; 108 units in non-singleton clusters)
    5-point output grid is infeasible; retrying this window with 17 points
  Clustered PCM: 108 physical units -> 31 equivalent units (71.3% state reduction; 108 units in non-singleton clusters)
    Refined output grid is infeasible; entering continuous residence-power diagnosis
  Clustered PCM: 108 physical units -> 31 equivalent units (71.3% state reduction; 108 units in non-singleton clusters)
  ⚠ True clustered UC failed at cluster_master: INFEASIBLE; falling back to full unit-network SCUC
	 Variables defined.
DEBUG set_objective_economic!: NT=31, NG=108, ND=91, NW=20, NS=1, K=3, size(refcost)=(108,), size(eachslope)=(3, 108)
objective_function
	MILP economic objective set
subject to.
	 constraints: 1) minimum shutup/shutdown time limits			 done
	 constraints: 2) binary variable logic					 done
	 constraints: 3) shutup/shutdown cost					 done
	 constraints: 4) loadcurtailments and spoliedwinds			 done
	 constraints: 5) generatos power limits					 done
	 constraints: 6) system reserves limits					 done
	 constraints: 7) power balance constraints				 done
	 constraints: 8) ramp-up/ramp-down constraints				 done
	 constraints: 9) piece linearization constraints			 done
	 constraints: 10) transmissionline limits skipped (is_NetWorkCon != 1 or Gsdf missing or NL=0)
	 constraints: 11) stroges system constraints skipped (NC=0 or variables not defined)
	 constraints: 12) data centra constraints skipped (is_ConsiderDataCentra != 1)
	 constraints: 13) frequency control constraints skipped (is_ConsiderFrequencyControl != 1)
	 constraints: 14) hydro power limits					 done
+++++++++++++++++++++++++++++++++++++++++++++++++++++++++++++++++++++++++++++++++++++++++++
Step-4: starting Gurobi solver
Step-5: Gurobi solver finished
+++++++++++++++++++++++++++++++++++++++++++++++++++++++++++++++++++++++++++++++++++++++++++

solution_summary(scuc) = solution_summary(; result = 1, verbose = false)
├ solver_name          : Gurobi
├ Termination
│ ├ termination_status : OPTIMAL
│ ├ result_count       : 4
│ ├ raw_status         : Model was solved to optimality (subject to tolerances), and an optimal solution is available.
│ └ objective_bound    : 3.84119e+16
├ Solution (result = 1)
│ ├ primal_status        : FEASIBLE_POINT
│ ├ dual_status          : NO_SOLUTION
│ ├ objective_value      : 3.87119e+16
│ └ relative_gap         : 7.74956e-03
└ Work counters
  ├ solve_time (sec)   : 1.44500e+00
  ├ simplex_iterations : 7708
  ├ barrier_iterations : 0
  └ node_count         : 1


Termination Status: OPTIMAL
Acceptable solution found (Status: OPTIMAL).
Step-6: record datas
PART1: [unit-commitment] calculation result has been saved to: D:\GithubClonefiles\module_unitcommitment\.worktrees\108_168h\output\pcm_com4_loadall_h168_20260823_210543\base\clu_ovl\r01\output/details_schedule_results/pcm_simulation_results/intervels_[1]/res_schedule_commitment_result.txt
PART1: [unit-commitment] calculation result has been saved to: D:\GithubClonefiles\module_unitcommitment\.worktrees\108_168h\output\pcm_com4_loadall_h168_20260823_210543\base\clu_ovl\r01\output/details_schedule_results/pcm_simulation_results/intervels_[1]/res_schedule_commitment_result.txt
PART1: [unit-commitment] calculation result has been saved to: D:\GithubClonefiles\module_unitcommitment\.worktrees\108_168h\output\pcm_com4_loadall_h168_20260823_210543\base\clu_ovl\r01\output/details_schedule_results/pcm_simulation_results/intervels_[1]/res_schedule_commitment_result.txt
Step-3: Creating dispatching model (Refactored & Modularized)
  Clustered PCM: 108 physical units -> 31 equivalent units (71.3% state reduction; 108 units in non-singleton clusters)
    5-point output grid is infeasible; retrying this window with 17 points
  Clustered PCM: 108 physical units -> 31 equivalent units (71.3% state reduction; 108 units in non-singleton clusters)
    Refined output grid is infeasible; entering continuous residence-power diagnosis
  Clustered PCM: 108 physical units -> 31 equivalent units (71.3% state reduction; 108 units in non-singleton clusters)
  ⚠ True clustered UC failed at cluster_master: INFEASIBLE; falling back to full unit-network SCUC
	 Variables defined.
DEBUG set_objective_economic!: NT=36, NG=108, ND=91, NW=20, NS=1, K=3, size(refcost)=(108,), size(eachslope)=(3, 108)
objective_function
	MILP economic objective set
subject to.
	 constraints: 1) minimum shutup/shutdown time limits			 done
	 constraints: 2) binary variable logic					 done
	 constraints: 3) shutup/shutdown cost					 done
	 constraints: 4) loadcurtailments and spoliedwinds			 done
	 constraints: 5) generatos power limits					 done
	 constraints: 6) system reserves limits					 done
	 constraints: 7) power balance constraints				 done
	 constraints: 8) ramp-up/ramp-down constraints				 done
	 constraints: 9) piece linearization constraints			 done
	 constraints: 10) transmissionline limits skipped (is_NetWorkCon != 1 or Gsdf missing or NL=0)
	 constraints: 11) stroges system constraints skipped (NC=0 or variables not defined)
	 constraints: 12) data centra constraints skipped (is_ConsiderDataCentra != 1)
	 constraints: 13) frequency control constraints skipped (is_ConsiderFrequencyControl != 1)
	 constraints: 14) hydro power limits					 done
+++++++++++++++++++++++++++++++++++++++++++++++++++++++++++++++++++++++++++++++++++++++++++
Step-4: starting Gurobi solver
Step-5: Gurobi solver finished
+++++++++++++++++++++++++++++++++++++++++++++++++++++++++++++++++++++++++++++++++++++++++++

solution_summary(scuc) = solution_summary(; result = 1, verbose = false)
├ solver_name          : Gurobi
├ Termination
│ ├ termination_status : OPTIMAL
│ ├ result_count       : 5
│ ├ raw_status         : Model was solved to optimality (subject to tolerances), and an optimal solution is available.
│ └ objective_bound    : 1.21593e+16
├ Solution (result = 1)
│ ├ primal_status        : FEASIBLE_POINT
│ ├ dual_status          : NO_SOLUTION
│ ├ objective_value      : 1.21593e+16
│ └ relative_gap         : 3.48542e-10
└ Work counters
  ├ solve_time (sec)   : 3.75900e+00
  ├ simplex_iterations : 20352
  ├ barrier_iterations : 0
  └ node_count         : 1


Termination Status: OPTIMAL
Acceptable solution found (Status: OPTIMAL).
Step-6: record datas
PART1: [unit-commitment] calculation result has been saved to: D:\GithubClonefiles\module_unitcommitment\.worktrees\108_168h\output\pcm_com4_loadall_h168_20260823_210543\base\clu_ovl\r01\output/details_schedule_results/pcm_simulation_results/intervels_[1]/res_schedule_commitment_result.txt
Step-3: Creating dispatching model (Refactored & Modularized)
  Clustered PCM: 108 physical units -> 31 equivalent units (71.3% state reduction; 108 units in non-singleton clusters)
    5-point output grid is infeasible; retrying this window with 17 points
  Clustered PCM: 108 physical units -> 31 equivalent units (71.3% state reduction; 108 units in non-singleton clusters)
    Refined output grid is infeasible; entering continuous residence-power diagnosis
  Clustered PCM: 108 physical units -> 31 equivalent units (71.3% state reduction; 108 units in non-singleton clusters)
  ⚠ True clustered UC failed at cluster_master: INFEASIBLE; falling back to full unit-network SCUC
	 Variables defined.
DEBUG set_objective_economic!: NT=36, NG=108, ND=91, NW=20, NS=1, K=3, size(refcost)=(108,), size(eachslope)=(3, 108)
objective_function
	MILP economic objective set
subject to.
	 constraints: 1) minimum shutup/shutdown time limits			 done
	 constraints: 2) binary variable logic					 done
	 constraints: 3) shutup/shutdown cost					 done
	 constraints: 4) loadcurtailments and spoliedwinds			 done
	 constraints: 5) generatos power limits					 done
	 constraints: 6) system reserves limits					 done
	 constraints: 7) power balance constraints				 done
	 constraints: 8) ramp-up/ramp-down constraints				 done
	 constraints: 9) piece linearization constraints			 done
	 constraints: 10) transmissionline limits skipped (is_NetWorkCon != 1 or Gsdf missing or NL=0)
	 constraints: 11) stroges system constraints skipped (NC=0 or variables not defined)
	 constraints: 12) data centra constraints skipped (is_ConsiderDataCentra != 1)
	 constraints: 13) frequency control constraints skipped (is_ConsiderFrequencyControl != 1)
	 constraints: 14) hydro power limits					 done
+++++++++++++++++++++++++++++++++++++++++++++++++++++++++++++++++++++++++++++++++++++++++++
Step-4: starting Gurobi solver
Step-5: Gurobi solver finished
+++++++++++++++++++++++++++++++++++++++++++++++++++++++++++++++++++++++++++++++++++++++++++

solution_summary(scuc) = solution_summary(; result = 1, verbose = false)
├ solver_name          : Gurobi
├ Termination
│ ├ termination_status : OPTIMAL
│ ├ result_count       : 5
│ ├ raw_status         : Model was solved to optimality (subject to tolerances), and an optimal solution is available.
│ └ objective_bound    : 1.21593e+16
├ Solution (result = 1)
│ ├ primal_status        : FEASIBLE_POINT
│ ├ dual_status          : NO_SOLUTION
│ ├ objective_value      : 1.21593e+16
│ └ relative_gap         : 3.48542e-10
└ Work counters
  ├ solve_time (sec)   : 3.74300e+00
  ├ simplex_iterations : 20352
  ├ barrier_iterations : 0
  └ node_count         : 1


Termination Status: OPTIMAL
Acceptable solution found (Status: OPTIMAL).
Step-6: record datas
PART1: [unit-commitment] calculation result has been saved to: D:\GithubClonefiles\module_unitcommitment\.worktrees\108_168h\output\pcm_com4_loadall_h168_20260823_210543\base\clu_ovl\r01\output/details_schedule_results/pcm_simulation_results/intervels_[1]/res_schedule_commitment_result.txt
PART1: [unit-commitment] calculation result has been saved to: D:\GithubClonefiles\module_unitcommitment\.worktrees\108_168h\output\pcm_com4_loadall_h168_20260823_210543\base\clu_ovl\r01\output/details_schedule_results/pcm_simulation_results/intervels_[1]/res_schedule_commitment_result.txt
Step-3: Creating dispatching model (Refactored & Modularized)
  Clustered PCM: 108 physical units -> 31 equivalent units (71.3% state reduction; 108 units in non-singleton clusters)
    5-point output grid is infeasible; retrying this window with 17 points
  Clustered PCM: 108 physical units -> 31 equivalent units (71.3% state reduction; 108 units in non-singleton clusters)
    Refined output grid is infeasible; entering continuous residence-power diagnosis
  Clustered PCM: 108 physical units -> 31 equivalent units (71.3% state reduction; 108 units in non-singleton clusters)
  ⚠ True clustered UC failed at cluster_master: INFEASIBLE; falling back to full unit-network SCUC
	 Variables defined.
DEBUG set_objective_economic!: NT=26, NG=108, ND=91, NW=20, NS=1, K=3, size(refcost)=(108,), size(eachslope)=(3, 108)
objective_function
	MILP economic objective set
subject to.
	 constraints: 1) minimum shutup/shutdown time limits			 done
	 constraints: 2) binary variable logic					 done
	 constraints: 3) shutup/shutdown cost					 done
	 constraints: 4) loadcurtailments and spoliedwinds			 done
	 constraints: 5) generatos power limits					 done
	 constraints: 6) system reserves limits					 done
	 constraints: 7) power balance constraints				 done
	 constraints: 8) ramp-up/ramp-down constraints				 done
	 constraints: 9) piece linearization constraints			 done
	 constraints: 10) transmissionline limits skipped (is_NetWorkCon != 1 or Gsdf missing or NL=0)
	 constraints: 11) stroges system constraints skipped (NC=0 or variables not defined)
	 constraints: 12) data centra constraints skipped (is_ConsiderDataCentra != 1)
	 constraints: 13) frequency control constraints skipped (is_ConsiderFrequencyControl != 1)
	 constraints: 14) hydro power limits					 done
+++++++++++++++++++++++++++++++++++++++++++++++++++++++++++++++++++++++++++++++++++++++++++
Step-4: starting Gurobi solver
Step-5: Gurobi solver finished
+++++++++++++++++++++++++++++++++++++++++++++++++++++++++++++++++++++++++++++++++++++++++++

solution_summary(scuc) = solution_summary(; result = 1, verbose = false)
├ solver_name          : Gurobi
├ Termination
│ ├ termination_status : OPTIMAL
│ ├ result_count       : 3
│ ├ raw_status         : Model was solved to optimality (subject to tolerances), and an optimal solution is available.
│ └ objective_bound    : 1.21593e+16
├ Solution (result = 1)
│ ├ primal_status        : FEASIBLE_POINT
│ ├ dual_status          : NO_SOLUTION
│ ├ objective_value      : 1.21593e+16
│ └ relative_gap         : 1.17063e-09
└ Work counters
  ├ solve_time (sec)   : 5.95000e-01
  ├ simplex_iterations : 0
  ├ barrier_iterations : 0
  └ node_count         : 0


Termination Status: OPTIMAL
Acceptable solution found (Status: OPTIMAL).
Step-6: record datas
PART1: [unit-commitment] calculation result has been saved to: D:\GithubClonefiles\module_unitcommitment\.worktrees\108_168h\output\pcm_com4_loadall_h168_20260823_210543\base\clu_ovl\r01\output/details_schedule_results/pcm_simulation_results/intervels_[1]/res_schedule_commitment_result.txt
PART1: [unit-commitment] calculation result has been saved to: D:\GithubClonefiles\module_unitcommitment\.worktrees\108_168h\output\pcm_com4_loadall_h168_20260823_210543\base\clu_ovl\r01\output/details_schedule_results/pcm_simulation_results/intervels_[1]/res_schedule_commitment_result.txt
Step-3: Creating dispatching model (Refactored & Modularized)
  Clustered PCM: 108 physical units -> 31 equivalent units (71.3% state reduction; 108 units in non-singleton clusters)
    5-point output grid is infeasible; retrying this window with 17 points
  Clustered PCM: 108 physical units -> 31 equivalent units (71.3% state reduction; 108 units in non-singleton clusters)
    Refined output grid is infeasible; entering continuous residence-power diagnosis
  Clustered PCM: 108 physical units -> 31 equivalent units (71.3% state reduction; 108 units in non-singleton clusters)
  ⚠ True clustered UC failed at cluster_master: INFEASIBLE; falling back to full unit-network SCUC
	 Variables defined.
DEBUG set_objective_economic!: NT=31, NG=108, ND=91, NW=20, NS=1, K=3, size(refcost)=(108,), size(eachslope)=(3, 108)
objective_function
	MILP economic objective set
subject to.
	 constraints: 1) minimum shutup/shutdown time limits			 done
	 constraints: 2) binary variable logic					 done
	 constraints: 3) shutup/shutdown cost					 done
	 constraints: 4) loadcurtailments and spoliedwinds			 done
	 constraints: 5) generatos power limits					 done
	 constraints: 6) system reserves limits					 done
	 constraints: 7) power balance constraints				 done
	 constraints: 8) ramp-up/ramp-down constraints				 done
	 constraints: 9) piece linearization constraints			 done
	 constraints: 10) transmissionline limits skipped (is_NetWorkCon != 1 or Gsdf missing or NL=0)
	 constraints: 11) stroges system constraints skipped (NC=0 or variables not defined)
	 constraints: 12) data centra constraints skipped (is_ConsiderDataCentra != 1)
	 constraints: 13) frequency control constraints skipped (is_ConsiderFrequencyControl != 1)
	 constraints: 14) hydro power limits					 done
+++++++++++++++++++++++++++++++++++++++++++++++++++++++++++++++++++++++++++++++++++++++++++
Step-4: starting Gurobi solver
Step-5: Gurobi solver finished
+++++++++++++++++++++++++++++++++++++++++++++++++++++++++++++++++++++++++++++++++++++++++++

solution_summary(scuc) = solution_summary(; result = 1, verbose = false)
├ solver_name          : Gurobi
├ Termination
│ ├ termination_status : OPTIMAL
│ ├ result_count       : 5
│ ├ raw_status         : Model was solved to optimality (subject to tolerances), and an optimal solution is available.
│ └ objective_bound    : 1.21593e+16
├ Solution (result = 1)
│ ├ primal_status        : FEASIBLE_POINT
│ ├ dual_status          : NO_SOLUTION
│ ├ objective_value      : 1.21593e+16
│ └ relative_gap         : 1.61120e-09
└ Work counters
  ├ solve_time (sec)   : 1.83300e+00
  ├ simplex_iterations : 7619
  ├ barrier_iterations : 0
  └ node_count         : 1


Termination Status: OPTIMAL
Acceptable solution found (Status: OPTIMAL).
Step-6: record datas
PART1: [unit-commitment] calculation result has been saved to: D:\GithubClonefiles\module_unitcommitment\.worktrees\108_168h\output\pcm_com4_loadall_h168_20260823_210543\base\clu_ovl\r01\output/details_schedule_results/pcm_simulation_results/intervels_[1]/res_schedule_commitment_result.txt
PART1: [unit-commitment] calculation result has been saved to: D:\GithubClonefiles\module_unitcommitment\.worktrees\108_168h\output\pcm_com4_loadall_h168_20260823_210543\base\clu_ovl\r01\output/details_schedule_results/pcm_simulation_results/intervels_[1]/res_schedule_commitment_result.txt
PART1: [unit-commitment] calculation result has been saved to: D:\GithubClonefiles\module_unitcommitment\.worktrees\108_168h\output\pcm_com4_loadall_h168_20260823_210543\base\clu_ovl\r01\output/details_schedule_results/pcm_simulation_results/intervels_[1]/res_schedule_commitment_result.txt
Step-3: Creating dispatching model (Refactored & Modularized)
  Clustered PCM: 108 physical units -> 31 equivalent units (71.3% state reduction; 108 units in non-singleton clusters)
    5-point output grid is infeasible; retrying this window with 17 points
  Clustered PCM: 108 physical units -> 31 equivalent units (71.3% state reduction; 108 units in non-singleton clusters)
    Refined output grid is infeasible; entering continuous residence-power diagnosis
  Clustered PCM: 108 physical units -> 31 equivalent units (71.3% state reduction; 108 units in non-singleton clusters)
  ⚠ True clustered UC failed at cluster_master: INFEASIBLE; falling back to full unit-network SCUC
	 Variables defined.
DEBUG set_objective_economic!: NT=36, NG=108, ND=91, NW=20, NS=1, K=3, size(refcost)=(108,), size(eachslope)=(3, 108)
objective_function
	MILP economic objective set
subject to.
	 constraints: 1) minimum shutup/shutdown time limits			 done
	 constraints: 2) binary variable logic					 done
	 constraints: 3) shutup/shutdown cost					 done
	 constraints: 4) loadcurtailments and spoliedwinds			 done
	 constraints: 5) generatos power limits					 done
	 constraints: 6) system reserves limits					 done
	 constraints: 7) power balance constraints				 done
	 constraints: 8) ramp-up/ramp-down constraints				 done
	 constraints: 9) piece linearization constraints			 done
	 constraints: 10) transmissionline limits skipped (is_NetWorkCon != 1 or Gsdf missing or NL=0)
	 constraints: 11) stroges system constraints skipped (NC=0 or variables not defined)
	 constraints: 12) data centra constraints skipped (is_ConsiderDataCentra != 1)
	 constraints: 13) frequency control constraints skipped (is_ConsiderFrequencyControl != 1)
	 constraints: 14) hydro power limits					 done
+++++++++++++++++++++++++++++++++++++++++++++++++++++++++++++++++++++++++++++++++++++++++++
Step-4: starting Gurobi solver
Step-5: Gurobi solver finished
+++++++++++++++++++++++++++++++++++++++++++++++++++++++++++++++++++++++++++++++++++++++++++

solution_summary(scuc) = solution_summary(; result = 1, verbose = false)
├ solver_name          : Gurobi
├ Termination
│ ├ termination_status : OPTIMAL
│ ├ result_count       : 8
│ ├ raw_status         : Model was solved to optimality (subject to tolerances), and an optimal solution is available.
│ └ objective_bound    : 7.00296e+15
├ Solution (result = 1)
│ ├ primal_status        : FEASIBLE_POINT
│ ├ dual_status          : NO_SOLUTION
│ ├ objective_value      : 7.00296e+15
│ └ relative_gap         : 3.28432e-14
└ Work counters
  ├ solve_time (sec)   : 4.16400e+00
  ├ simplex_iterations : 20567
  ├ barrier_iterations : 0
  └ node_count         : 1


Termination Status: OPTIMAL
Acceptable solution found (Status: OPTIMAL).
Step-6: record datas
PART1: [unit-commitment] calculation result has been saved to: D:\GithubClonefiles\module_unitcommitment\.worktrees\108_168h\output\pcm_com4_loadall_h168_20260823_210543\base\clu_ovl\r01\output/details_schedule_results/pcm_simulation_results/intervels_[1]/res_schedule_commitment_result.txt
Step-3: Creating dispatching model (Refactored & Modularized)
  Clustered PCM: 108 physical units -> 31 equivalent units (71.3% state reduction; 108 units in non-singleton clusters)
    5-point output grid is infeasible; retrying this window with 17 points
  Clustered PCM: 108 physical units -> 31 equivalent units (71.3% state reduction; 108 units in non-singleton clusters)
    Refined output grid is infeasible; entering continuous residence-power diagnosis
  Clustered PCM: 108 physical units -> 31 equivalent units (71.3% state reduction; 108 units in non-singleton clusters)
  ⚠ True clustered UC failed at cluster_master: INFEASIBLE; falling back to full unit-network SCUC
	 Variables defined.
DEBUG set_objective_economic!: NT=36, NG=108, ND=91, NW=20, NS=1, K=3, size(refcost)=(108,), size(eachslope)=(3, 108)
objective_function
	MILP economic objective set
subject to.
	 constraints: 1) minimum shutup/shutdown time limits			 done
	 constraints: 2) binary variable logic					 done
	 constraints: 3) shutup/shutdown cost					 done
	 constraints: 4) loadcurtailments and spoliedwinds			 done
	 constraints: 5) generatos power limits					 done
	 constraints: 6) system reserves limits					 done
	 constraints: 7) power balance constraints				 done
	 constraints: 8) ramp-up/ramp-down constraints				 done
	 constraints: 9) piece linearization constraints			 done
	 constraints: 10) transmissionline limits skipped (is_NetWorkCon != 1 or Gsdf missing or NL=0)
	 constraints: 11) stroges system constraints skipped (NC=0 or variables not defined)
	 constraints: 12) data centra constraints skipped (is_ConsiderDataCentra != 1)
	 constraints: 13) frequency control constraints skipped (is_ConsiderFrequencyControl != 1)
	 constraints: 14) hydro power limits					 done
+++++++++++++++++++++++++++++++++++++++++++++++++++++++++++++++++++++++++++++++++++++++++++
Step-4: starting Gurobi solver
Step-5: Gurobi solver finished
+++++++++++++++++++++++++++++++++++++++++++++++++++++++++++++++++++++++++++++++++++++++++++

solution_summary(scuc) = solution_summary(; result = 1, verbose = false)
├ solver_name          : Gurobi
├ Termination
│ ├ termination_status : OPTIMAL
│ ├ result_count       : 8
│ ├ raw_status         : Model was solved to optimality (subject to tolerances), and an optimal solution is available.
│ └ objective_bound    : 7.00296e+15
├ Solution (result = 1)
│ ├ primal_status        : FEASIBLE_POINT
│ ├ dual_status          : NO_SOLUTION
│ ├ objective_value      : 7.00296e+15
│ └ relative_gap         : 3.28432e-14
└ Work counters
  ├ solve_time (sec)   : 4.21500e+00
  ├ simplex_iterations : 20567
  ├ barrier_iterations : 0
  └ node_count         : 1


Termination Status: OPTIMAL
Acceptable solution found (Status: OPTIMAL).
Step-6: record datas
PART1: [unit-commitment] calculation result has been saved to: D:\GithubClonefiles\module_unitcommitment\.worktrees\108_168h\output\pcm_com4_loadall_h168_20260823_210543\base\clu_ovl\r01\output/details_schedule_results/pcm_simulation_results/intervels_[1]/res_schedule_commitment_result.txt
PART1: [unit-commitment] calculation result has been saved to: D:\GithubClonefiles\module_unitcommitment\.worktrees\108_168h\output\pcm_com4_loadall_h168_20260823_210543\base\clu_ovl\r01\output/details_schedule_results/pcm_simulation_results/intervels_[1]/res_schedule_commitment_result.txt
Step-3: Creating dispatching model (Refactored & Modularized)
  Clustered PCM: 108 physical units -> 31 equivalent units (71.3% state reduction; 108 units in non-singleton clusters)
    5-point output grid is infeasible; retrying this window with 17 points
  Clustered PCM: 108 physical units -> 31 equivalent units (71.3% state reduction; 108 units in non-singleton clusters)
    Refined output grid is infeasible; entering continuous residence-power diagnosis
  Clustered PCM: 108 physical units -> 31 equivalent units (71.3% state reduction; 108 units in non-singleton clusters)
  ⚠ True clustered UC failed at cluster_master: INFEASIBLE; falling back to full unit-network SCUC
	 Variables defined.
DEBUG set_objective_economic!: NT=26, NG=108, ND=91, NW=20, NS=1, K=3, size(refcost)=(108,), size(eachslope)=(3, 108)
objective_function
	MILP economic objective set
subject to.
	 constraints: 1) minimum shutup/shutdown time limits			 done
	 constraints: 2) binary variable logic					 done
	 constraints: 3) shutup/shutdown cost					 done
	 constraints: 4) loadcurtailments and spoliedwinds			 done
	 constraints: 5) generatos power limits					 done
	 constraints: 6) system reserves limits					 done
	 constraints: 7) power balance constraints				 done
	 constraints: 8) ramp-up/ramp-down constraints				 done
	 constraints: 9) piece linearization constraints			 done
	 constraints: 10) transmissionline limits skipped (is_NetWorkCon != 1 or Gsdf missing or NL=0)
	 constraints: 11) stroges system constraints skipped (NC=0 or variables not defined)
	 constraints: 12) data centra constraints skipped (is_ConsiderDataCentra != 1)
	 constraints: 13) frequency control constraints skipped (is_ConsiderFrequencyControl != 1)
	 constraints: 14) hydro power limits					 done
+++++++++++++++++++++++++++++++++++++++++++++++++++++++++++++++++++++++++++++++++++++++++++
Step-4: starting Gurobi solver
Step-5: Gurobi solver finished
+++++++++++++++++++++++++++++++++++++++++++++++++++++++++++++++++++++++++++++++++++++++++++

solution_summary(scuc) = solution_summary(; result = 1, verbose = false)
├ solver_name          : Gurobi
├ Termination
│ ├ termination_status : OPTIMAL
│ ├ result_count       : 6
│ ├ raw_status         : Model was solved to optimality (subject to tolerances), and an optimal solution is available.
│ └ objective_bound    : 7.00296e+15
├ Solution (result = 1)
│ ├ primal_status        : FEASIBLE_POINT
│ ├ dual_status          : NO_SOLUTION
│ ├ objective_value      : 7.00296e+15
│ └ relative_gap         : 7.90066e-12
└ Work counters
  ├ solve_time (sec)   : 2.12100e+00
  ├ simplex_iterations : 12656
  ├ barrier_iterations : 0
  └ node_count         : 1


Termination Status: OPTIMAL
Acceptable solution found (Status: OPTIMAL).
Step-6: record datas
PART1: [unit-commitment] calculation result has been saved to: D:\GithubClonefiles\module_unitcommitment\.worktrees\108_168h\output\pcm_com4_loadall_h168_20260823_210543\base\clu_ovl\r01\output/details_schedule_results/pcm_simulation_results/intervels_[1]/res_schedule_commitment_result.txt
PART1: [unit-commitment] calculation result has been saved to: D:\GithubClonefiles\module_unitcommitment\.worktrees\108_168h\output\pcm_com4_loadall_h168_20260823_210543\base\clu_ovl\r01\output/details_schedule_results/pcm_simulation_results/intervels_[1]/res_schedule_commitment_result.txt
Step-3: Creating dispatching model (Refactored & Modularized)
  Clustered PCM: 108 physical units -> 31 equivalent units (71.3% state reduction; 108 units in non-singleton clusters)
    5-point output grid is infeasible; retrying this window with 17 points
  Clustered PCM: 108 physical units -> 31 equivalent units (71.3% state reduction; 108 units in non-singleton clusters)
    Refined output grid is infeasible; entering continuous residence-power diagnosis
  Clustered PCM: 108 physical units -> 31 equivalent units (71.3% state reduction; 108 units in non-singleton clusters)
  ⚠ True clustered UC failed at cluster_master: INFEASIBLE; falling back to full unit-network SCUC
	 Variables defined.
DEBUG set_objective_economic!: NT=31, NG=108, ND=91, NW=20, NS=1, K=3, size(refcost)=(108,), size(eachslope)=(3, 108)
objective_function
	MILP economic objective set
subject to.
	 constraints: 1) minimum shutup/shutdown time limits			 done
	 constraints: 2) binary variable logic					 done
	 constraints: 3) shutup/shutdown cost					 done
	 constraints: 4) loadcurtailments and spoliedwinds			 done
	 constraints: 5) generatos power limits					 done
	 constraints: 6) system reserves limits					 done
	 constraints: 7) power balance constraints				 done
	 constraints: 8) ramp-up/ramp-down constraints				 done
	 constraints: 9) piece linearization constraints			 done
	 constraints: 10) transmissionline limits skipped (is_NetWorkCon != 1 or Gsdf missing or NL=0)
	 constraints: 11) stroges system constraints skipped (NC=0 or variables not defined)
	 constraints: 12) data centra constraints skipped (is_ConsiderDataCentra != 1)
	 constraints: 13) frequency control constraints skipped (is_ConsiderFrequencyControl != 1)
	 constraints: 14) hydro power limits					 done
+++++++++++++++++++++++++++++++++++++++++++++++++++++++++++++++++++++++++++++++++++++++++++
Step-4: starting Gurobi solver
Step-5: Gurobi solver finished
+++++++++++++++++++++++++++++++++++++++++++++++++++++++++++++++++++++++++++++++++++++++++++

solution_summary(scuc) = solution_summary(; result = 1, verbose = false)
├ solver_name          : Gurobi
├ Termination
│ ├ termination_status : OPTIMAL
│ ├ result_count       : 5
│ ├ raw_status         : Model was solved to optimality (subject to tolerances), and an optimal solution is available.
│ └ objective_bound    : 7.00296e+15
├ Solution (result = 1)
│ ├ primal_status        : FEASIBLE_POINT
│ ├ dual_status          : NO_SOLUTION
│ ├ objective_value      : 7.00296e+15
│ └ relative_gap         : 3.95547e-14
└ Work counters
  ├ solve_time (sec)   : 2.24100e+00
  ├ simplex_iterations : 9136
  ├ barrier_iterations : 0
  └ node_count         : 1


Termination Status: OPTIMAL
Acceptable solution found (Status: OPTIMAL).
Step-6: record datas
PART1: [unit-commitment] calculation result has been saved to: D:\GithubClonefiles\module_unitcommitment\.worktrees\108_168h\output\pcm_com4_loadall_h168_20260823_210543\base\clu_ovl\r01\output/details_schedule_results/pcm_simulation_results/intervels_[1]/res_schedule_commitment_result.txt
Set parameter Username
Set parameter LicenseID to value 2826524
Academic license - for non-commercial use only - expires 2027-05-22
Set parameter Username
Set parameter LicenseID to value 2826524
Academic license - for non-commercial use only - expires 2027-05-22
Set parameter Username
Set parameter LicenseID to value 2826524
Academic license - for non-commercial use only - expires 2027-05-22
Set parameter Username
Set parameter LicenseID to value 2826524
Academic license - for non-commercial use only - expires 2027-05-22
Set parameter Username
Set parameter LicenseID to value 2826524
Academic license - for non-commercial use only - expires 2027-05-22
Set parameter Username
Set parameter LicenseID to value 2826524
Academic license - for non-commercial use only - expires 2027-05-22
Set parameter Username
Set parameter LicenseID to value 2826524
Academic license - for non-commercial use only - expires 2027-05-22
Set parameter Username
Set parameter LicenseID to value 2826524
Academic license - for non-commercial use only - expires 2027-05-22
Set parameter Username
Set parameter LicenseID to value 2826524
Academic license - for non-commercial use only - expires 2027-05-22
Set parameter Username
Set parameter LicenseID to value 2826524
Academic license - for non-commercial use only - expires 2027-05-22
Set parameter Username
Set parameter LicenseID to value 2826524
Academic license - for non-commercial use only - expires 2027-05-22
Set parameter Username
Set parameter LicenseID to value 2826524
Academic license - for non-commercial use only - expires 2027-05-22
Set parameter Username
Set parameter LicenseID to value 2826524
Academic license - for non-commercial use only - expires 2027-05-22
Set parameter Username
Set parameter LicenseID to value 2826524
Academic license - for non-commercial use only - expires 2027-05-22
Set parameter Username
Set parameter LicenseID to value 2826524
Academic license - for non-commercial use only - expires 2027-05-22
Set parameter Username
Set parameter LicenseID to value 2826524
Academic license - for non-commercial use only - expires 2027-05-22
Set parameter Username
Set parameter LicenseID to value 2826524
Academic license - for non-commercial use only - expires 2027-05-22
Set parameter Username
Set parameter LicenseID to value 2826524
Academic license - for non-commercial use only - expires 2027-05-22
Set parameter Username
Set parameter LicenseID to value 2826524
Academic license - for non-commercial use only - expires 2027-05-22
Set parameter Username
Set parameter LicenseID to value 2826524
Academic license - for non-commercial use only - expires 2027-05-22
Set parameter Username
Set parameter LicenseID to value 2826524
Academic license - for non-commercial use only - expires 2027-05-22
Set parameter Username
Set parameter LicenseID to value 2826524
Academic license - for non-commercial use only - expires 2027-05-22
Set parameter Username
Set parameter LicenseID to value 2826524
Academic license - for non-commercial use only - expires 2027-05-22
Set parameter Username
Set parameter LicenseID to value 2826524
Academic license - for non-commercial use only - expires 2027-05-22
Set parameter Username
Set parameter LicenseID to value 2826524
Academic license - for non-commercial use only - expires 2027-05-22
Set parameter Username
Set parameter LicenseID to value 2826524
Academic license - for non-commercial use only - expires 2027-05-22
Set parameter Username
Set parameter LicenseID to value 2826524
Academic license - for non-commercial use only - expires 2027-05-22
Set parameter Username
Set parameter LicenseID to value 2826524
Academic license - for non-commercial use only - expires 2027-05-22
Set parameter Username
Set parameter LicenseID to value 2826524
Academic license - for non-commercial use only - expires 2027-05-22
Set parameter Username
Set parameter LicenseID to value 2826524
Academic license - for non-commercial use only - expires 2027-05-22
Set parameter Username
Set parameter LicenseID to value 2826524
Academic license - for non-commercial use only - expires 2027-05-22
Set parameter Username
Set parameter LicenseID to value 2826524
Academic license - for non-commercial use only - expires 2027-05-22
Set parameter Username
Set parameter LicenseID to value 2826524
Academic license - for non-commercial use only - expires 2027-05-22
Set parameter Username
Set parameter LicenseID to value 2826524
Academic license - for non-commercial use only - expires 2027-05-22
PART1: [unit-commitment] calculation result has been saved to: D:\GithubClonefiles\module_unitcommitment\.worktrees\108_168h\output\pcm_com4_loadall_h168_20260823_210543\base\clu_ovl\r01\output/details_schedule_results/pcm_simulation_results/intervels_[1]/res_schedule_commitment_result.txt
PART1: [unit-commitment] calculation result has been saved to: D:\GithubClonefiles\module_unitcommitment\.worktrees\108_168h\output\pcm_com4_loadall_h168_20260823_210543\base\clu_ovl\r01\output/details_schedule_results/pcm_simulation_results/intervels_[1]/res_schedule_commitment_result.txt
Step-3: Creating dispatching model (Refactored & Modularized)
  Clustered PCM: 108 physical units -> 31 equivalent units (71.3% state reduction; 108 units in non-singleton clusters)
  ✓ True clustered UC completed (31 virtual units)
Step-3: Creating dispatching model (Refactored & Modularized)
  Clustered PCM: 108 physical units -> 31 equivalent units (71.3% state reduction; 108 units in non-singleton clusters)
  ✓ True clustered UC completed (31 virtual units)
PART1: [unit-commitment] calculation result has been saved to: D:\GithubClonefiles\module_unitcommitment\.worktrees\108_168h\output\pcm_com4_loadall_h168_20260823_210543\base\clu_ovl\r01\output/details_schedule_results/pcm_simulation_results/intervels_[1]/res_schedule_commitment_result.txt
Step-3: Creating dispatching model (Refactored & Modularized)
  Clustered PCM: 108 physical units -> 31 equivalent units (71.3% state reduction; 108 units in non-singleton clusters)
  ✓ True clustered UC completed (31 virtual units)
PART1: [unit-commitment] calculation result has been saved to: D:\GithubClonefiles\module_unitcommitment\.worktrees\108_168h\output\pcm_com4_loadall_h168_20260823_210543\base\clu_ovl\r01\output/details_schedule_results/pcm_simulation_results/intervels_[1]/res_schedule_commitment_result.txt
Step-3: Creating dispatching model (Refactored & Modularized)
  Clustered PCM: 108 physical units -> 31 equivalent units (71.3% state reduction; 108 units in non-singleton clusters)
  ✓ True clustered UC completed (31 virtual units)
PART1: [unit-commitment] calculation result has been saved to: D:\GithubClonefiles\module_unitcommitment\.worktrees\108_168h\output\pcm_com4_loadall_h168_20260823_210543\base\clu_ovl\r01\output/details_schedule_results/pcm_simulation_results/intervels_[1]/res_schedule_commitment_result.txt
PART1: [unit-commitment] calculation result has been saved to: D:\GithubClonefiles\module_unitcommitment\.worktrees\108_168h\output\pcm_com4_loadall_h168_20260823_210543\base\clu_ovl\r01\output/details_schedule_results/pcm_simulation_results/intervels_[1]/res_schedule_commitment_result.txt
Sampling completed. Total valid scenarios solved: 145. Samples collected: 435
  ✓ Regression model calibrated: ln(Loss) = 2.28 + -9.63*L_norm + 0.93*U_norm + 0.52*X_delta_norm + -0.23*X_switch_ratio + -0.95*H
  ✓ Neural Network model calibrated successfully.
Training Decision Tree on: D:\GithubClonefiles\module_unitcommitment\.worktrees\108_168h\output\ml_trainningdata_res\overlap_training_cache\ad9979cab0775f56847b561b4b256a356554e6d347dc0dda9cc34097bb528788\offline_training_dataset.csv
Model training complete. Trained Tree Structure:
Split: L_norm <= 0.3448
  L:     Split: L_norm <= 0.3057
      L:         => Prediction: 12.0
      R:         Split: L_norm <= 0.3243
          L:             => Prediction: 7.56
          R:             => Prediction: 12.0
  R:     Split: X_switch_ratio <= 0.7685
      L:         Split: L_norm <= 0.4164
          L:             => Prediction: 6.32
          R:             => Prediction: 3.97
      R:         Split: L_norm <= 0.4227
          L:             => Prediction: 2.0
          R:             => Prediction: 7.0
R^2 score on training data: 0.4772
  ✓ CART Decision Tree trained and cached successfully (145 unique samples).
  Calibration / training time: 7816.09 s
[AdaptiveOverlap][RampCriterion] start=1 no ramp/uncertainty event in lookahead; T_ramp=0
[AdaptiveOverlap] interval=1 start=1 mode=ml_prediction
  boundary criterion: U_norm=0.4072, T_dwell_rem=0.0, X_delta_norm=0.4432, X_switch_ratio=0.3611
  steady-state criterion: L_norm=0.3271, sigma_load=21.2132, R_wind_max=0.0734, T_ml=12
  physical criteria: T_unit_start=0, ramp_event=false, T_ramp=0
  final criterion: max(T_ml=12, T_unit=0, T_ramp=0)=12; clamped_final=12, solved_horizon=36
Step-3: Creating dispatching model (Refactored & Modularized)
  Clustered PCM: 108 physical units -> 31 equivalent units (71.3% state reduction; 108 units in non-singleton clusters)
  ✓ True clustered UC completed (31 virtual units)
PART1: [unit-commitment] calculation result has been saved to: D:\GithubClonefiles\module_unitcommitment\.worktrees\108_168h\output\pcm_com4_loadall_h168_20260823_210543\base\clu_ovl\r01\output/details_schedule_results/pcm_simulation_results/intervels_[1]/res_schedule_commitment_result.txt
  Interval 1 | Overlap Selection Time: 0.664 s | Selected Overlap: 12h (Steady: 12h, Unit:  0h, Ramp:  0h) | Solve Time: 15.96 s
[AdaptiveOverlap][RampCriterion] start=25 no ramp/uncertainty event in lookahead; T_ramp=0
[AdaptiveOverlap] interval=2 start=25 mode=ml_prediction
  boundary criterion: U_norm=0.3726, T_dwell_rem=6.0, X_delta_norm=0.608, X_switch_ratio=0.713
  steady-state criterion: L_norm=0.3474, sigma_load=30.8015, R_wind_max=0.0677, T_ml=6
  physical criteria: T_unit_start=6, ramp_event=false, T_ramp=0
  final criterion: max(T_ml=6, T_unit=6, T_ramp=0)=6; clamped_final=6, solved_horizon=30
Step-3: Creating dispatching model (Refactored & Modularized)
  Clustered PCM: 108 physical units -> 33 equivalent units (69.4% state reduction; 105 units in non-singleton clusters)
  ✓ True clustered UC completed (33 virtual units)
PART1: [unit-commitment] calculation result has been saved to: D:\GithubClonefiles\module_unitcommitment\.worktrees\108_168h\output\pcm_com4_loadall_h168_20260823_210543\base\clu_ovl\r01\output/details_schedule_results/pcm_simulation_results/intervels_[2]/res_schedule_commitment_result.txt
  Interval 2 | Overlap Selection Time: 0.138 s | Selected Overlap:  6h (Steady:  6h, Unit:  6h, Ramp:  0h) | Solve Time: 10.96 s
[AdaptiveOverlap][RampCriterion] start=49 no ramp/uncertainty event in lookahead; T_ramp=0
[AdaptiveOverlap] interval=3 start=49 mode=ml_prediction
  boundary criterion: U_norm=0.7445, T_dwell_rem=1.0, X_delta_norm=0.1364, X_switch_ratio=0.1852
  steady-state criterion: L_norm=0.2787, sigma_load=27.2774, R_wind_max=0.0675, T_ml=12
  physical criteria: T_unit_start=1, ramp_event=false, T_ramp=0
  final criterion: max(T_ml=12, T_unit=1, T_ramp=0)=12; clamped_final=12, solved_horizon=36
Step-3: Creating dispatching model (Refactored & Modularized)
  Clustered PCM: 108 physical units -> 34 equivalent units (68.5% state reduction; 106 units in non-singleton clusters)
  ✓ True clustered UC completed (34 virtual units)
PART1: [unit-commitment] calculation result has been saved to: D:\GithubClonefiles\module_unitcommitment\.worktrees\108_168h\output\pcm_com4_loadall_h168_20260823_210543\base\clu_ovl\r01\output/details_schedule_results/pcm_simulation_results/intervels_[3]/res_schedule_commitment_result.txt
  Interval 3 | Overlap Selection Time: 0.000 s | Selected Overlap: 12h (Steady: 12h, Unit:  1h, Ramp:  0h) | Solve Time: 13.60 s
[AdaptiveOverlap][RampCriterion] start=73 no ramp/uncertainty event in lookahead; T_ramp=0
[AdaptiveOverlap] interval=4 start=73 mode=ml_prediction
  boundary criterion: U_norm=0.4924, T_dwell_rem=3.0, X_delta_norm=0.5076, X_switch_ratio=0.6111
  steady-state criterion: L_norm=0.401, sigma_load=37.8919, R_wind_max=0.0717, T_ml=6
  physical criteria: T_unit_start=3, ramp_event=false, T_ramp=0
  final criterion: max(T_ml=6, T_unit=3, T_ramp=0)=6; clamped_final=6, solved_horizon=30
Step-3: Creating dispatching model (Refactored & Modularized)
  Clustered PCM: 108 physical units -> 38 equivalent units (64.8% state reduction; 99 units in non-singleton clusters)
  ✓ True clustered UC completed (38 virtual units)
PART1: [unit-commitment] calculation result has been saved to: D:\GithubClonefiles\module_unitcommitment\.worktrees\108_168h\output\pcm_com4_loadall_h168_20260823_210543\base\clu_ovl\r01\output/details_schedule_results/pcm_simulation_results/intervels_[4]/res_schedule_commitment_result.txt
  Interval 4 | Overlap Selection Time: 0.001 s | Selected Overlap:  6h (Steady:  6h, Unit:  3h, Ramp:  0h) | Solve Time: 9.39 s
[AdaptiveOverlap][RampCriterion] start=97 no ramp/uncertainty event in lookahead; T_ramp=0
[AdaptiveOverlap] interval=5 start=97 mode=ml_prediction
  boundary criterion: U_norm=0.7687, T_dwell_rem=2.0, X_delta_norm=0.0776, X_switch_ratio=0.1389
  steady-state criterion: L_norm=0.3103, sigma_load=26.5831, R_wind_max=0.0734, T_ml=8
  physical criteria: T_unit_start=2, ramp_event=false, T_ramp=0
  final criterion: max(T_ml=8, T_unit=2, T_ramp=0)=8; clamped_final=8, solved_horizon=32
Step-3: Creating dispatching model (Refactored & Modularized)
  Clustered PCM: 108 physical units -> 34 equivalent units (68.5% state reduction; 107 units in non-singleton clusters)
  ✓ True clustered UC completed (34 virtual units)
PART1: [unit-commitment] calculation result has been saved to: D:\GithubClonefiles\module_unitcommitment\.worktrees\108_168h\output\pcm_com4_loadall_h168_20260823_210543\base\clu_ovl\r01\output/details_schedule_results/pcm_simulation_results/intervels_[5]/res_schedule_commitment_result.txt
  Interval 5 | Overlap Selection Time: 0.000 s | Selected Overlap:  8h (Steady:  8h, Unit:  2h, Ramp:  0h) | Solve Time: 11.67 s
[AdaptiveOverlap][RampCriterion] start=121 no ramp/uncertainty event in lookahead; T_ramp=0
[AdaptiveOverlap] interval=6 start=121 mode=ml_prediction
  boundary criterion: U_norm=0.4702, T_dwell_rem=4.0, X_delta_norm=0.5298, X_switch_ratio=0.7685
  steady-state criterion: L_norm=0.4253, sigma_load=43.6926, R_wind_max=0.0734, T_ml=4
  physical criteria: T_unit_start=4, ramp_event=false, T_ramp=0
  final criterion: max(T_ml=4, T_unit=4, T_ramp=0)=4; clamped_final=4, solved_horizon=28
Step-3: Creating dispatching model (Refactored & Modularized)
  Clustered PCM: 108 physical units -> 34 equivalent units (68.5% state reduction; 102 units in non-singleton clusters)
  ✓ True clustered UC completed (34 virtual units)
PART1: [unit-commitment] calculation result has been saved to: D:\GithubClonefiles\module_unitcommitment\.worktrees\108_168h\output\pcm_com4_loadall_h168_20260823_210543\base\clu_ovl\r01\output/details_schedule_results/pcm_simulation_results/intervels_[6]/res_schedule_commitment_result.txt
  Interval 6 | Overlap Selection Time: 0.001 s | Selected Overlap:  4h (Steady:  4h, Unit:  4h, Ramp:  0h) | Solve Time: 7.30 s
[AdaptiveOverlap][RampCriterion] start=145 no ramp/uncertainty event in lookahead; T_ramp=0
[AdaptiveOverlap] interval=7 start=145 mode=ml_prediction
  boundary criterion: U_norm=0.9882, T_dwell_rem=1.0, X_delta_norm=0.3663, X_switch_ratio=0.6944
  steady-state criterion: L_norm=0.2665, sigma_load=21.427, R_wind_max=0.0734, T_ml=12
  physical criteria: T_unit_start=1, ramp_event=false, T_ramp=0
  final criterion: max(T_ml=12, T_unit=1, T_ramp=0)=12; clamped_final=12, solved_horizon=36
Step-3: Creating dispatching model (Refactored & Modularized)
  Clustered PCM: 108 physical units -> 33 equivalent units (69.4% state reduction; 105 units in non-singleton clusters)
  ✓ True clustered UC completed (33 virtual units)
PART1: [unit-commitment] calculation result has been saved to: D:\GithubClonefiles\module_unitcommitment\.worktrees\108_168h\output\pcm_com4_loadall_h168_20260823_210543\base\clu_ovl\r01\output/details_schedule_results/pcm_simulation_results/intervels_[7]/res_schedule_commitment_result.txt
  Interval 7 | Overlap Selection Time: 0.001 s | Selected Overlap: 12h (Steady: 12h, Unit:  1h, Ramp:  0h) | Solve Time: 13.62 s
  ✓ Report exported to CSV: D:\GithubClonefiles\module_unitcommitment\.worktrees\108_168h\output\pcm_com4_loadall_h168_20260823_210543\base\clu_ovl\r01\output\details_schedule_results\clustered_adaptive_pcm_simulation_results\overlap_window_statistics.csv
  ✓ Report exported to TXT: D:\GithubClonefiles\module_unitcommitment\.worktrees\108_168h\output\pcm_com4_loadall_h168_20260823_210543\base\clu_ovl\r01\output\details_schedule_results\clustered_adaptive_pcm_simulation_results\overlap_window_summary.txt
================================================================================

