  Activating project at `d:\GithubClonefiles\module_unitcommitment\pkg`
	→ The renewable energy scenarios module loaded.
	→ Input data module loaded and ready for UC modeling.
Set parameter Username
Set parameter LicenseID to value 2826524
Academic license - for non-commercial use only - expires 2027-05-22
	→ The [JULIA] environment_config has been loaded.
	→ Constraint modules included and functions exported.
	→ Objective functions module loaded and exported.
	→ Utility functions module loaded and exported.
	→ all boundary conditions validated.
================================================================================
EVALUATING OVERLAP CRITERIA COMBINATIONS
================================================================================
Step-1: Loading packages and functions...
  Reading data from: d:/GithubClonefiles/module_unitcommitment/data/data_118.xlsx
  Reading frequency parameters...
  Reading energy storage system data...
  Reading generator, network, and load data...
  Reading data center data...
  Reading hydroelectric power data...
  ✓ All data successfully loaded from Excel file.
Step-2: imput data are loaded
Calibrating steady-state model once for all modes...

================================================================================
SAMPLING AND CALIBRATING ACCURACY LOSS MAPPING MODEL...
================================================================================
Step-3: Creating dispatching model (Refactored & Modularized)
Set parameter Username
Set parameter LicenseID to value 2826524
Academic license - for non-commercial use only - expires 2027-05-22
	 Variables defined.
DEBUG set_objective_economic!: NT=36, NG=54, ND=91, NW=2, NS=1, K=3, size(refcost)=(54,), size(eachslope)=(3, 54)
objective_function
	MILP economic objective set
subject to.
	 constraints: 1) minimum shutup/shutdown time limits			 done
	 constraints: 2) binary variable logic					 done
	 constraints: 3) shutup/shutdown cost					 done
	 constraints: 4) loadcurtailments and spoliedwinds			 done
	 constraints: 5) generatos power limits					 done
	 constraints: 6) system reserves limits					 done
	 constraints: 7) power balance constraints				 done
	 constraints: 8) ramp-up/ramp-down constraints				 done
	 constraints: 9) piece linearization constraints			 done
	 constraints: 10) transmissionline limits skipped (is_NetWorkCon != 1 or Gsdf missing or NL=0)
	 constraints: 11) stroges system constraints skipped (is_ConsiderBESS=0)
	 constraints: 12) data centra constraints skipped (is_ConsiderDataCentra != 1)
	 constraints: 13) frequency control constraints skipped (is_ConsiderFrequencyControl != 1)
	 constraints: 14) hydro power limits					 done
+++++++++++++++++++++++++++++++++++++++++++++++++++++++++++++++++++++++++++++++++++++++++++
Step-4: starting Gurobi solver
Step-5: Gurobi solver finished
+++++++++++++++++++++++++++++++++++++++++++++++++++++++++++++++++++++++++++++++++++++++++++

assert_is_solved_and_feasible(scuc) = nothing
solution_summary(scuc) = solution_summary(; result = 1, verbose = false)
├ solver_name          : Gurobi
├ Termination
│ ├ termination_status : OPTIMAL
│ ├ result_count       : 2
│ ├ raw_status         : Model was solved to optimality (subject to tolerances), and an optimal solution is available.
│ └ objective_bound    : 2.95549e+06
├ Solution (result = 1)
│ ├ primal_status        : FEASIBLE_POINT
│ ├ dual_status          : NO_SOLUTION
│ ├ objective_value      : 2.95549e+06
│ └ relative_gap         : 0.00000e+00
└ Work counters
  ├ solve_time (sec)   : 2.05200e+00
  ├ simplex_iterations : 11504
  ├ barrier_iterations : 0
  └ node_count         : 1


Termination Status: OPTIMAL
Acceptable solution found (Status: OPTIMAL).
Step-6: record datas
PART1: [unit-commitment] calculation result has been saved to: D:/GithubClonefiles/module_unitcommitment/output/details_schedule_results/pcm_simulation_results/intervels_[1]/res_schedule_commitment_result.txt
Step-3: Creating dispatching model (Refactored & Modularized)
Set parameter Username
Set parameter LicenseID to value 2826524
Academic license - for non-commercial use only - expires 2027-05-22
	 Variables defined.
DEBUG set_objective_economic!: NT=36, NG=54, ND=91, NW=2, NS=1, K=3, size(refcost)=(54,), size(eachslope)=(3, 54)
objective_function
	MILP economic objective set
subject to.
	 constraints: 1) minimum shutup/shutdown time limits			 done
	 constraints: 2) binary variable logic					 done
	 constraints: 3) shutup/shutdown cost					 done
	 constraints: 4) loadcurtailments and spoliedwinds			 done
	 constraints: 5) generatos power limits					 done
	 constraints: 6) system reserves limits					 done
	 constraints: 7) power balance constraints				 done
	 constraints: 8) ramp-up/ramp-down constraints				 done
	 constraints: 9) piece linearization constraints			 done
	 constraints: 10) transmissionline limits skipped (is_NetWorkCon != 1 or Gsdf missing or NL=0)
	 constraints: 11) stroges system constraints skipped (is_ConsiderBESS=0)
	 constraints: 12) data centra constraints skipped (is_ConsiderDataCentra != 1)
	 constraints: 13) frequency control constraints skipped (is_ConsiderFrequencyControl != 1)
	 constraints: 14) hydro power limits					 done
+++++++++++++++++++++++++++++++++++++++++++++++++++++++++++++++++++++++++++++++++++++++++++
Step-4: starting Gurobi solver
Step-5: Gurobi solver finished
+++++++++++++++++++++++++++++++++++++++++++++++++++++++++++++++++++++++++++++++++++++++++++

assert_is_solved_and_feasible(scuc) = nothing
solution_summary(scuc) = solution_summary(; result = 1, verbose = false)
├ solver_name          : Gurobi
├ Termination
│ ├ termination_status : OPTIMAL
│ ├ result_count       : 2
│ ├ raw_status         : Model was solved to optimality (subject to tolerances), and an optimal solution is available.
│ └ objective_bound    : 2.95549e+06
├ Solution (result = 1)
│ ├ primal_status        : FEASIBLE_POINT
│ ├ dual_status          : NO_SOLUTION
│ ├ objective_value      : 2.95549e+06
│ └ relative_gap         : 0.00000e+00
└ Work counters
  ├ solve_time (sec)   : 2.14700e+00
  ├ simplex_iterations : 11504
  ├ barrier_iterations : 0
  └ node_count         : 1


Termination Status: OPTIMAL
Acceptable solution found (Status: OPTIMAL).
Step-6: record datas
PART1: [unit-commitment] calculation result has been saved to: D:/GithubClonefiles/module_unitcommitment/output/details_schedule_results/pcm_simulation_results/intervels_[1]/res_schedule_commitment_result.txt
PART1: [unit-commitment] calculation result has been saved to: D:/GithubClonefiles/module_unitcommitment/output/details_schedule_results/pcm_simulation_results/intervels_[1]/res_schedule_commitment_result.txt
Step-3: Creating dispatching model (Refactored & Modularized)
Set parameter Username
Set parameter LicenseID to value 2826524
Academic license - for non-commercial use only - expires 2027-05-22
	 Variables defined.
DEBUG set_objective_economic!: NT=26, NG=54, ND=91, NW=2, NS=1, K=3, size(refcost)=(54,), size(eachslope)=(3, 54)
objective_function
	MILP economic objective set
subject to.
	 constraints: 1) minimum shutup/shutdown time limits			 done
	 constraints: 2) binary variable logic					 done
	 constraints: 3) shutup/shutdown cost					 done
	 constraints: 4) loadcurtailments and spoliedwinds			 done
	 constraints: 5) generatos power limits					 done
	 constraints: 6) system reserves limits					 done
	 constraints: 7) power balance constraints				 done
	 constraints: 8) ramp-up/ramp-down constraints				 done
	 constraints: 9) piece linearization constraints			 done
	 constraints: 10) transmissionline limits skipped (is_NetWorkCon != 1 or Gsdf missing or NL=0)
	 constraints: 11) stroges system constraints skipped (is_ConsiderBESS=0)
	 constraints: 12) data centra constraints skipped (is_ConsiderDataCentra != 1)
	 constraints: 13) frequency control constraints skipped (is_ConsiderFrequencyControl != 1)
	 constraints: 14) hydro power limits					 done
+++++++++++++++++++++++++++++++++++++++++++++++++++++++++++++++++++++++++++++++++++++++++++
Step-4: starting Gurobi solver
Step-5: Gurobi solver finished
+++++++++++++++++++++++++++++++++++++++++++++++++++++++++++++++++++++++++++++++++++++++++++

assert_is_solved_and_feasible(scuc) = nothing
solution_summary(scuc) = solution_summary(; result = 1, verbose = false)
├ solver_name          : Gurobi
├ Termination
│ ├ termination_status : OPTIMAL
│ ├ result_count       : 10
│ ├ raw_status         : Model was solved to optimality (subject to tolerances), and an optimal solution is available.
│ └ objective_bound    : 1.86656e+06
├ Solution (result = 1)
│ ├ primal_status        : FEASIBLE_POINT
│ ├ dual_status          : NO_SOLUTION
│ ├ objective_value      : 1.89382e+06
│ └ relative_gap         : 1.43951e-02
└ Work counters
  ├ solve_time (sec)   : 2.50400e+00
  ├ simplex_iterations : 11627
  ├ barrier_iterations : 0
  └ node_count         : 1


Termination Status: OPTIMAL
Acceptable solution found (Status: OPTIMAL).
Step-6: record datas
PART1: [unit-commitment] calculation result has been saved to: D:/GithubClonefiles/module_unitcommitment/output/details_schedule_results/pcm_simulation_results/intervels_[1]/res_schedule_commitment_result.txt
PART1: [unit-commitment] calculation result has been saved to: D:/GithubClonefiles/module_unitcommitment/output/details_schedule_results/pcm_simulation_results/intervels_[1]/res_schedule_commitment_result.txt
Step-3: Creating dispatching model (Refactored & Modularized)
Set parameter Username
Set parameter LicenseID to value 2826524
Academic license - for non-commercial use only - expires 2027-05-22
	 Variables defined.
DEBUG set_objective_economic!: NT=31, NG=54, ND=91, NW=2, NS=1, K=3, size(refcost)=(54,), size(eachslope)=(3, 54)
objective_function
	MILP economic objective set
subject to.
	 constraints: 1) minimum shutup/shutdown time limits			 done
	 constraints: 2) binary variable logic					 done
	 constraints: 3) shutup/shutdown cost					 done
	 constraints: 4) loadcurtailments and spoliedwinds			 done
	 constraints: 5) generatos power limits					 done
	 constraints: 6) system reserves limits					 done
	 constraints: 7) power balance constraints				 done
	 constraints: 8) ramp-up/ramp-down constraints				 done
	 constraints: 9) piece linearization constraints			 done
	 constraints: 10) transmissionline limits skipped (is_NetWorkCon != 1 or Gsdf missing or NL=0)
	 constraints: 11) stroges system constraints skipped (is_ConsiderBESS=0)
	 constraints: 12) data centra constraints skipped (is_ConsiderDataCentra != 1)
	 constraints: 13) frequency control constraints skipped (is_ConsiderFrequencyControl != 1)
	 constraints: 14) hydro power limits					 done
+++++++++++++++++++++++++++++++++++++++++++++++++++++++++++++++++++++++++++++++++++++++++++
Step-4: starting Gurobi solver
Step-5: Gurobi solver finished
+++++++++++++++++++++++++++++++++++++++++++++++++++++++++++++++++++++++++++++++++++++++++++

assert_is_solved_and_feasible(scuc) = nothing
solution_summary(scuc) = solution_summary(; result = 1, verbose = false)
├ solver_name          : Gurobi
├ Termination
│ ├ termination_status : OPTIMAL
│ ├ result_count       : 4
│ ├ raw_status         : Model was solved to optimality (subject to tolerances), and an optimal solution is available.
│ └ objective_bound    : 2.14232e+06
├ Solution (result = 1)
│ ├ primal_status        : FEASIBLE_POINT
│ ├ dual_status          : NO_SOLUTION
│ ├ objective_value      : 2.16848e+06
│ └ relative_gap         : 1.20638e-02
└ Work counters
  ├ solve_time (sec)   : 1.74500e+00
  ├ simplex_iterations : 11331
  ├ barrier_iterations : 0
  └ node_count         : 1


Termination Status: OPTIMAL
Acceptable solution found (Status: OPTIMAL).
Step-6: record datas
PART1: [unit-commitment] calculation result has been saved to: D:/GithubClonefiles/module_unitcommitment/output/details_schedule_results/pcm_simulation_results/intervels_[1]/res_schedule_commitment_result.txt
PART1: [unit-commitment] calculation result has been saved to: D:/GithubClonefiles/module_unitcommitment/output/details_schedule_results/pcm_simulation_results/intervels_[1]/res_schedule_commitment_result.txt
Step-3: Creating dispatching model (Refactored & Modularized)
Set parameter Username
Set parameter LicenseID to value 2826524
Academic license - for non-commercial use only - expires 2027-05-22
	 Variables defined.
DEBUG set_objective_economic!: NT=36, NG=54, ND=91, NW=2, NS=1, K=3, size(refcost)=(54,), size(eachslope)=(3, 54)
objective_function
	MILP economic objective set
subject to.
	 constraints: 1) minimum shutup/shutdown time limits			 done
	 constraints: 2) binary variable logic					 done
	 constraints: 3) shutup/shutdown cost					 done
	 constraints: 4) loadcurtailments and spoliedwinds			 done
	 constraints: 5) generatos power limits					 done
	 constraints: 6) system reserves limits					 done
	 constraints: 7) power balance constraints				 done
	 constraints: 8) ramp-up/ramp-down constraints				 done
	 constraints: 9) piece linearization constraints			 done
	 constraints: 10) transmissionline limits skipped (is_NetWorkCon != 1 or Gsdf missing or NL=0)
	 constraints: 11) stroges system constraints skipped (is_ConsiderBESS=0)
	 constraints: 12) data centra constraints skipped (is_ConsiderDataCentra != 1)
	 constraints: 13) frequency control constraints skipped (is_ConsiderFrequencyControl != 1)
	 constraints: 14) hydro power limits					 done
+++++++++++++++++++++++++++++++++++++++++++++++++++++++++++++++++++++++++++++++++++++++++++
Step-4: starting Gurobi solver
Step-5: Gurobi solver finished
+++++++++++++++++++++++++++++++++++++++++++++++++++++++++++++++++++++++++++++++++++++++++++

assert_is_solved_and_feasible(scuc) = nothing
solution_summary(scuc) = solution_summary(; result = 1, verbose = false)
├ solver_name          : Gurobi
├ Termination
│ ├ termination_status : OPTIMAL
│ ├ result_count       : 2
│ ├ raw_status         : Model was solved to optimality (subject to tolerances), and an optimal solution is available.
│ └ objective_bound    : 2.95549e+06
├ Solution (result = 1)
│ ├ primal_status        : FEASIBLE_POINT
│ ├ dual_status          : NO_SOLUTION
│ ├ objective_value      : 2.95549e+06
│ └ relative_gap         : 0.00000e+00
└ Work counters
  ├ solve_time (sec)   : 2.13800e+00
  ├ simplex_iterations : 11504
  ├ barrier_iterations : 0
  └ node_count         : 1


Termination Status: OPTIMAL
Acceptable solution found (Status: OPTIMAL).
Step-6: record datas
PART1: [unit-commitment] calculation result has been saved to: D:/GithubClonefiles/module_unitcommitment/output/details_schedule_results/pcm_simulation_results/intervels_[1]/res_schedule_commitment_result.txt
PART1: [unit-commitment] calculation result has been saved to: D:/GithubClonefiles/module_unitcommitment/output/details_schedule_results/pcm_simulation_results/intervels_[1]/res_schedule_commitment_result.txt
Step-3: Creating dispatching model (Refactored & Modularized)
Set parameter Username
Set parameter LicenseID to value 2826524
Academic license - for non-commercial use only - expires 2027-05-22
	 Variables defined.
DEBUG set_objective_economic!: NT=36, NG=54, ND=91, NW=2, NS=1, K=3, size(refcost)=(54,), size(eachslope)=(3, 54)
objective_function
	MILP economic objective set
subject to.
	 constraints: 1) minimum shutup/shutdown time limits			 done
	 constraints: 2) binary variable logic					 done
	 constraints: 3) shutup/shutdown cost					 done
	 constraints: 4) loadcurtailments and spoliedwinds			 done
	 constraints: 5) generatos power limits					 done
	 constraints: 6) system reserves limits					 done
	 constraints: 7) power balance constraints				 done
	 constraints: 8) ramp-up/ramp-down constraints				 done
	 constraints: 9) piece linearization constraints			 done
	 constraints: 10) transmissionline limits skipped (is_NetWorkCon != 1 or Gsdf missing or NL=0)
	 constraints: 11) stroges system constraints skipped (is_ConsiderBESS=0)
	 constraints: 12) data centra constraints skipped (is_ConsiderDataCentra != 1)
	 constraints: 13) frequency control constraints skipped (is_ConsiderFrequencyControl != 1)
	 constraints: 14) hydro power limits					 done
+++++++++++++++++++++++++++++++++++++++++++++++++++++++++++++++++++++++++++++++++++++++++++
Step-4: starting Gurobi solver
Step-5: Gurobi solver finished
+++++++++++++++++++++++++++++++++++++++++++++++++++++++++++++++++++++++++++++++++++++++++++

assert_is_solved_and_feasible(scuc) = nothing
solution_summary(scuc) = solution_summary(; result = 1, verbose = false)
├ solver_name          : Gurobi
├ Termination
│ ├ termination_status : OPTIMAL
│ ├ result_count       : 1
│ ├ raw_status         : Model was solved to optimality (subject to tolerances), and an optimal solution is available.
│ └ objective_bound    : 3.60158e+06
├ Solution (result = 1)
│ ├ primal_status        : FEASIBLE_POINT
│ ├ dual_status          : NO_SOLUTION
│ ├ objective_value      : 3.60158e+06
│ └ relative_gap         : 0.00000e+00
└ Work counters
  ├ solve_time (sec)   : 1.91200e+00
  ├ simplex_iterations : 10503
  ├ barrier_iterations : 0
  └ node_count         : 1


Termination Status: OPTIMAL
Acceptable solution found (Status: OPTIMAL).
Step-6: record datas
PART1: [unit-commitment] calculation result has been saved to: D:/GithubClonefiles/module_unitcommitment/output/details_schedule_results/pcm_simulation_results/intervels_[1]/res_schedule_commitment_result.txt
PART1: [unit-commitment] calculation result has been saved to: D:/GithubClonefiles/module_unitcommitment/output/details_schedule_results/pcm_simulation_results/intervels_[1]/res_schedule_commitment_result.txt
Step-3: Creating dispatching model (Refactored & Modularized)
Set parameter Username
Set parameter LicenseID to value 2826524
Academic license - for non-commercial use only - expires 2027-05-22
	 Variables defined.
DEBUG set_objective_economic!: NT=26, NG=54, ND=91, NW=2, NS=1, K=3, size(refcost)=(54,), size(eachslope)=(3, 54)
objective_function
	MILP economic objective set
subject to.
	 constraints: 1) minimum shutup/shutdown time limits			 done
	 constraints: 2) binary variable logic					 done
	 constraints: 3) shutup/shutdown cost					 done
	 constraints: 4) loadcurtailments and spoliedwinds			 done
	 constraints: 5) generatos power limits					 done
	 constraints: 6) system reserves limits					 done
	 constraints: 7) power balance constraints				 done
	 constraints: 8) ramp-up/ramp-down constraints				 done
	 constraints: 9) piece linearization constraints			 done
	 constraints: 10) transmissionline limits skipped (is_NetWorkCon != 1 or Gsdf missing or NL=0)
	 constraints: 11) stroges system constraints skipped (is_ConsiderBESS=0)
	 constraints: 12) data centra constraints skipped (is_ConsiderDataCentra != 1)
	 constraints: 13) frequency control constraints skipped (is_ConsiderFrequencyControl != 1)
	 constraints: 14) hydro power limits					 done
+++++++++++++++++++++++++++++++++++++++++++++++++++++++++++++++++++++++++++++++++++++++++++
Step-4: starting Gurobi solver
Step-5: Gurobi solver finished
+++++++++++++++++++++++++++++++++++++++++++++++++++++++++++++++++++++++++++++++++++++++++++

assert_is_solved_and_feasible(scuc) = nothing
solution_summary(scuc) = solution_summary(; result = 1, verbose = false)
├ solver_name          : Gurobi
├ Termination
│ ├ termination_status : OPTIMAL
│ ├ result_count       : 3
│ ├ raw_status         : Model was solved to optimality (subject to tolerances), and an optimal solution is available.
│ └ objective_bound    : 2.00151e+06
├ Solution (result = 1)
│ ├ primal_status        : FEASIBLE_POINT
│ ├ dual_status          : NO_SOLUTION
│ ├ objective_value      : 2.00151e+06
│ └ relative_gap         : 0.00000e+00
└ Work counters
  ├ solve_time (sec)   : 1.11100e+00
  ├ simplex_iterations : 9701
  ├ barrier_iterations : 0
  └ node_count         : 1


Termination Status: OPTIMAL
Acceptable solution found (Status: OPTIMAL).
Step-6: record datas
PART1: [unit-commitment] calculation result has been saved to: D:/GithubClonefiles/module_unitcommitment/output/details_schedule_results/pcm_simulation_results/intervels_[1]/res_schedule_commitment_result.txt
PART1: [unit-commitment] calculation result has been saved to: D:/GithubClonefiles/module_unitcommitment/output/details_schedule_results/pcm_simulation_results/intervels_[1]/res_schedule_commitment_result.txt
Step-3: Creating dispatching model (Refactored & Modularized)
Set parameter Username
Set parameter LicenseID to value 2826524
Academic license - for non-commercial use only - expires 2027-05-22
	 Variables defined.
DEBUG set_objective_economic!: NT=31, NG=54, ND=91, NW=2, NS=1, K=3, size(refcost)=(54,), size(eachslope)=(3, 54)
objective_function
	MILP economic objective set
subject to.
	 constraints: 1) minimum shutup/shutdown time limits			 done
	 constraints: 2) binary variable logic					 done
	 constraints: 3) shutup/shutdown cost					 done
	 constraints: 4) loadcurtailments and spoliedwinds			 done
	 constraints: 5) generatos power limits					 done
	 constraints: 6) system reserves limits					 done
	 constraints: 7) power balance constraints				 done
	 constraints: 8) ramp-up/ramp-down constraints				 done
	 constraints: 9) piece linearization constraints			 done
	 constraints: 10) transmissionline limits skipped (is_NetWorkCon != 1 or Gsdf missing or NL=0)
	 constraints: 11) stroges system constraints skipped (is_ConsiderBESS=0)
	 constraints: 12) data centra constraints skipped (is_ConsiderDataCentra != 1)
	 constraints: 13) frequency control constraints skipped (is_ConsiderFrequencyControl != 1)
	 constraints: 14) hydro power limits					 done
+++++++++++++++++++++++++++++++++++++++++++++++++++++++++++++++++++++++++++++++++++++++++++
Step-4: starting Gurobi solver
Step-5: Gurobi solver finished
+++++++++++++++++++++++++++++++++++++++++++++++++++++++++++++++++++++++++++++++++++++++++++

assert_is_solved_and_feasible(scuc) = nothing
solution_summary(scuc) = solution_summary(; result = 1, verbose = false)
├ solver_name          : Gurobi
├ Termination
│ ├ termination_status : OPTIMAL
│ ├ result_count       : 5
│ ├ raw_status         : Model was solved to optimality (subject to tolerances), and an optimal solution is available.
│ └ objective_bound    : 2.14109e+06
├ Solution (result = 1)
│ ├ primal_status        : FEASIBLE_POINT
│ ├ dual_status          : NO_SOLUTION
│ ├ objective_value      : 2.17305e+06
│ └ relative_gap         : 1.47085e-02
└ Work counters
  ├ solve_time (sec)   : 2.73100e+00
  ├ simplex_iterations : 11956
  ├ barrier_iterations : 0
  └ node_count         : 1


Termination Status: OPTIMAL
Acceptable solution found (Status: OPTIMAL).
Step-6: record datas
PART1: [unit-commitment] calculation result has been saved to: D:/GithubClonefiles/module_unitcommitment/output/details_schedule_results/pcm_simulation_results/intervels_[1]/res_schedule_commitment_result.txt
PART1: [unit-commitment] calculation result has been saved to: D:/GithubClonefiles/module_unitcommitment/output/details_schedule_results/pcm_simulation_results/intervels_[1]/res_schedule_commitment_result.txt
Step-3: Creating dispatching model (Refactored & Modularized)
Set parameter Username
Set parameter LicenseID to value 2826524
Academic license - for non-commercial use only - expires 2027-05-22
	 Variables defined.
DEBUG set_objective_economic!: NT=36, NG=54, ND=91, NW=2, NS=1, K=3, size(refcost)=(54,), size(eachslope)=(3, 54)
objective_function
	MILP economic objective set
subject to.
	 constraints: 1) minimum shutup/shutdown time limits			 done
	 constraints: 2) binary variable logic					 done
	 constraints: 3) shutup/shutdown cost					 done
	 constraints: 4) loadcurtailments and spoliedwinds			 done
	 constraints: 5) generatos power limits					 done
	 constraints: 6) system reserves limits					 done
	 constraints: 7) power balance constraints				 done
	 constraints: 8) ramp-up/ramp-down constraints				 done
	 constraints: 9) piece linearization constraints			 done
	 constraints: 10) transmissionline limits skipped (is_NetWorkCon != 1 or Gsdf missing or NL=0)
	 constraints: 11) stroges system constraints skipped (is_ConsiderBESS=0)
	 constraints: 12) data centra constraints skipped (is_ConsiderDataCentra != 1)
	 constraints: 13) frequency control constraints skipped (is_ConsiderFrequencyControl != 1)
	 constraints: 14) hydro power limits					 done
+++++++++++++++++++++++++++++++++++++++++++++++++++++++++++++++++++++++++++++++++++++++++++
Step-4: starting Gurobi solver
Step-5: Gurobi solver finished
+++++++++++++++++++++++++++++++++++++++++++++++++++++++++++++++++++++++++++++++++++++++++++

assert_is_solved_and_feasible(scuc) = nothing
solution_summary(scuc) = solution_summary(; result = 1, verbose = false)
├ solver_name          : Gurobi
├ Termination
│ ├ termination_status : OPTIMAL
│ ├ result_count       : 1
│ ├ raw_status         : Model was solved to optimality (subject to tolerances), and an optimal solution is available.
│ └ objective_bound    : 3.60158e+06
├ Solution (result = 1)
│ ├ primal_status        : FEASIBLE_POINT
│ ├ dual_status          : NO_SOLUTION
│ ├ objective_value      : 3.60158e+06
│ └ relative_gap         : 0.00000e+00
└ Work counters
  ├ solve_time (sec)   : 1.87500e+00
  ├ simplex_iterations : 10503
  ├ barrier_iterations : 0
  └ node_count         : 1


Termination Status: OPTIMAL
Acceptable solution found (Status: OPTIMAL).
Step-6: record datas
PART1: [unit-commitment] calculation result has been saved to: D:/GithubClonefiles/module_unitcommitment/output/details_schedule_results/pcm_simulation_results/intervels_[1]/res_schedule_commitment_result.txt
PART1: [unit-commitment] calculation result has been saved to: D:/GithubClonefiles/module_unitcommitment/output/details_schedule_results/pcm_simulation_results/intervels_[1]/res_schedule_commitment_result.txt
Step-3: Creating dispatching model (Refactored & Modularized)
Set parameter Username
Set parameter LicenseID to value 2826524
Academic license - for non-commercial use only - expires 2027-05-22
	 Variables defined.
DEBUG set_objective_economic!: NT=36, NG=54, ND=91, NW=2, NS=1, K=3, size(refcost)=(54,), size(eachslope)=(3, 54)
objective_function
	MILP economic objective set
subject to.
	 constraints: 1) minimum shutup/shutdown time limits			 done
	 constraints: 2) binary variable logic					 done
	 constraints: 3) shutup/shutdown cost					 done
	 constraints: 4) loadcurtailments and spoliedwinds			 done
	 constraints: 5) generatos power limits					 done
	 constraints: 6) system reserves limits					 done
	 constraints: 7) power balance constraints				 done
	 constraints: 8) ramp-up/ramp-down constraints				 done
	 constraints: 9) piece linearization constraints			 done
	 constraints: 10) transmissionline limits skipped (is_NetWorkCon != 1 or Gsdf missing or NL=0)
	 constraints: 11) stroges system constraints skipped (is_ConsiderBESS=0)
	 constraints: 12) data centra constraints skipped (is_ConsiderDataCentra != 1)
	 constraints: 13) frequency control constraints skipped (is_ConsiderFrequencyControl != 1)
	 constraints: 14) hydro power limits					 done
+++++++++++++++++++++++++++++++++++++++++++++++++++++++++++++++++++++++++++++++++++++++++++
Step-4: starting Gurobi solver
Step-5: Gurobi solver finished
+++++++++++++++++++++++++++++++++++++++++++++++++++++++++++++++++++++++++++++++++++++++++++

assert_is_solved_and_feasible(scuc) = nothing
solution_summary(scuc) = solution_summary(; result = 1, verbose = false)
├ solver_name          : Gurobi
├ Termination
│ ├ termination_status : OPTIMAL
│ ├ result_count       : 4
│ ├ raw_status         : Model was solved to optimality (subject to tolerances), and an optimal solution is available.
│ └ objective_bound    : 2.89271e+06
├ Solution (result = 1)
│ ├ primal_status        : FEASIBLE_POINT
│ ├ dual_status          : NO_SOLUTION
│ ├ objective_value      : 2.91531e+06
│ └ relative_gap         : 7.75272e-03
└ Work counters
  ├ solve_time (sec)   : 2.79000e+00
  ├ simplex_iterations : 11546
  ├ barrier_iterations : 0
  └ node_count         : 1


Termination Status: OPTIMAL
Acceptable solution found (Status: OPTIMAL).
Step-6: record datas
PART1: [unit-commitment] calculation result has been saved to: D:/GithubClonefiles/module_unitcommitment/output/details_schedule_results/pcm_simulation_results/intervels_[1]/res_schedule_commitment_result.txt
Step-3: Creating dispatching model (Refactored & Modularized)
Set parameter Username
Set parameter LicenseID to value 2826524
Academic license - for non-commercial use only - expires 2027-05-22
	 Variables defined.
DEBUG set_objective_economic!: NT=36, NG=54, ND=91, NW=2, NS=1, K=3, size(refcost)=(54,), size(eachslope)=(3, 54)
objective_function
	MILP economic objective set
subject to.
	 constraints: 1) minimum shutup/shutdown time limits			 done
	 constraints: 2) binary variable logic					 done
	 constraints: 3) shutup/shutdown cost					 done
	 constraints: 4) loadcurtailments and spoliedwinds			 done
	 constraints: 5) generatos power limits					 done
	 constraints: 6) system reserves limits					 done
	 constraints: 7) power balance constraints				 done
	 constraints: 8) ramp-up/ramp-down constraints				 done
	 constraints: 9) piece linearization constraints			 done
	 constraints: 10) transmissionline limits skipped (is_NetWorkCon != 1 or Gsdf missing or NL=0)
	 constraints: 11) stroges system constraints skipped (is_ConsiderBESS=0)
	 constraints: 12) data centra constraints skipped (is_ConsiderDataCentra != 1)
	 constraints: 13) frequency control constraints skipped (is_ConsiderFrequencyControl != 1)
	 constraints: 14) hydro power limits					 done
+++++++++++++++++++++++++++++++++++++++++++++++++++++++++++++++++++++++++++++++++++++++++++
Step-4: starting Gurobi solver
Step-5: Gurobi solver finished
+++++++++++++++++++++++++++++++++++++++++++++++++++++++++++++++++++++++++++++++++++++++++++

assert_is_solved_and_feasible(scuc) = nothing
solution_summary(scuc) = solution_summary(; result = 1, verbose = false)
├ solver_name          : Gurobi
├ Termination
│ ├ termination_status : OPTIMAL
│ ├ result_count       : 4
│ ├ raw_status         : Model was solved to optimality (subject to tolerances), and an optimal solution is available.
│ └ objective_bound    : 2.89271e+06
├ Solution (result = 1)
│ ├ primal_status        : FEASIBLE_POINT
│ ├ dual_status          : NO_SOLUTION
│ ├ objective_value      : 2.91531e+06
│ └ relative_gap         : 7.75272e-03
└ Work counters
  ├ solve_time (sec)   : 2.89100e+00
  ├ simplex_iterations : 11546
  ├ barrier_iterations : 0
  └ node_count         : 1


Termination Status: OPTIMAL
Acceptable solution found (Status: OPTIMAL).
Step-6: record datas
PART1: [unit-commitment] calculation result has been saved to: D:/GithubClonefiles/module_unitcommitment/output/details_schedule_results/pcm_simulation_results/intervels_[1]/res_schedule_commitment_result.txt
PART1: [unit-commitment] calculation result has been saved to: D:/GithubClonefiles/module_unitcommitment/output/details_schedule_results/pcm_simulation_results/intervels_[1]/res_schedule_commitment_result.txt
Step-3: Creating dispatching model (Refactored & Modularized)
Set parameter Username
Set parameter LicenseID to value 2826524
Academic license - for non-commercial use only - expires 2027-05-22
	 Variables defined.
DEBUG set_objective_economic!: NT=26, NG=54, ND=91, NW=2, NS=1, K=3, size(refcost)=(54,), size(eachslope)=(3, 54)
objective_function
	MILP economic objective set
subject to.
	 constraints: 1) minimum shutup/shutdown time limits			 done
	 constraints: 2) binary variable logic					 done
	 constraints: 3) shutup/shutdown cost					 done
	 constraints: 4) loadcurtailments and spoliedwinds			 done
	 constraints: 5) generatos power limits					 done
	 constraints: 6) system reserves limits					 done
	 constraints: 7) power balance constraints				 done
	 constraints: 8) ramp-up/ramp-down constraints				 done
	 constraints: 9) piece linearization constraints			 done
	 constraints: 10) transmissionline limits skipped (is_NetWorkCon != 1 or Gsdf missing or NL=0)
	 constraints: 11) stroges system constraints skipped (is_ConsiderBESS=0)
	 constraints: 12) data centra constraints skipped (is_ConsiderDataCentra != 1)
	 constraints: 13) frequency control constraints skipped (is_ConsiderFrequencyControl != 1)
	 constraints: 14) hydro power limits					 done
+++++++++++++++++++++++++++++++++++++++++++++++++++++++++++++++++++++++++++++++++++++++++++
Step-4: starting Gurobi solver
Step-5: Gurobi solver finished
+++++++++++++++++++++++++++++++++++++++++++++++++++++++++++++++++++++++++++++++++++++++++++

assert_is_solved_and_feasible(scuc) = nothing
solution_summary(scuc) = solution_summary(; result = 1, verbose = false)
├ solver_name          : Gurobi
├ Termination
│ ├ termination_status : OPTIMAL
│ ├ result_count       : 10
│ ├ raw_status         : Model was solved to optimality (subject to tolerances), and an optimal solution is available.
│ └ objective_bound    : 2.09438e+06
├ Solution (result = 1)
│ ├ primal_status        : FEASIBLE_POINT
│ ├ dual_status          : NO_SOLUTION
│ ├ objective_value      : 2.11639e+06
│ └ relative_gap         : 1.03982e-02
└ Work counters
  ├ solve_time (sec)   : 2.15100e+00
  ├ simplex_iterations : 12071
  ├ barrier_iterations : 0
  └ node_count         : 1


Termination Status: OPTIMAL
Acceptable solution found (Status: OPTIMAL).
Step-6: record datas
PART1: [unit-commitment] calculation result has been saved to: D:/GithubClonefiles/module_unitcommitment/output/details_schedule_results/pcm_simulation_results/intervels_[1]/res_schedule_commitment_result.txt
PART1: [unit-commitment] calculation result has been saved to: D:/GithubClonefiles/module_unitcommitment/output/details_schedule_results/pcm_simulation_results/intervels_[1]/res_schedule_commitment_result.txt
Step-3: Creating dispatching model (Refactored & Modularized)
Set parameter Username
Set parameter LicenseID to value 2826524
Academic license - for non-commercial use only - expires 2027-05-22
	 Variables defined.
DEBUG set_objective_economic!: NT=31, NG=54, ND=91, NW=2, NS=1, K=3, size(refcost)=(54,), size(eachslope)=(3, 54)
objective_function
	MILP economic objective set
subject to.
	 constraints: 1) minimum shutup/shutdown time limits			 done
	 constraints: 2) binary variable logic					 done
	 constraints: 3) shutup/shutdown cost					 done
	 constraints: 4) loadcurtailments and spoliedwinds			 done
	 constraints: 5) generatos power limits					 done
	 constraints: 6) system reserves limits					 done
	 constraints: 7) power balance constraints				 done
	 constraints: 8) ramp-up/ramp-down constraints				 done
	 constraints: 9) piece linearization constraints			 done
	 constraints: 10) transmissionline limits skipped (is_NetWorkCon != 1 or Gsdf missing or NL=0)
	 constraints: 11) stroges system constraints skipped (is_ConsiderBESS=0)
	 constraints: 12) data centra constraints skipped (is_ConsiderDataCentra != 1)
	 constraints: 13) frequency control constraints skipped (is_ConsiderFrequencyControl != 1)
	 constraints: 14) hydro power limits					 done
+++++++++++++++++++++++++++++++++++++++++++++++++++++++++++++++++++++++++++++++++++++++++++
Step-4: starting Gurobi solver
Step-5: Gurobi solver finished
+++++++++++++++++++++++++++++++++++++++++++++++++++++++++++++++++++++++++++++++++++++++++++

assert_is_solved_and_feasible(scuc) = nothing
solution_summary(scuc) = solution_summary(; result = 1, verbose = false)
├ solver_name          : Gurobi
├ Termination
│ ├ termination_status : OPTIMAL
│ ├ result_count       : 5
│ ├ raw_status         : Model was solved to optimality (subject to tolerances), and an optimal solution is available.
│ └ objective_bound    : 2.40322e+06
├ Solution (result = 1)
│ ├ primal_status        : FEASIBLE_POINT
│ ├ dual_status          : NO_SOLUTION
│ ├ objective_value      : 2.43904e+06
│ └ relative_gap         : 1.46839e-02
└ Work counters
  ├ solve_time (sec)   : 2.60700e+00
  ├ simplex_iterations : 12825
  ├ barrier_iterations : 0
  └ node_count         : 1


Termination Status: OPTIMAL
Acceptable solution found (Status: OPTIMAL).
Step-6: record datas
PART1: [unit-commitment] calculation result has been saved to: D:/GithubClonefiles/module_unitcommitment/output/details_schedule_results/pcm_simulation_results/intervels_[1]/res_schedule_commitment_result.txt
PART1: [unit-commitment] calculation result has been saved to: D:/GithubClonefiles/module_unitcommitment/output/details_schedule_results/pcm_simulation_results/intervels_[1]/res_schedule_commitment_result.txt
Step-3: Creating dispatching model (Refactored & Modularized)
Set parameter Username
Set parameter LicenseID to value 2826524
Academic license - for non-commercial use only - expires 2027-05-22
	 Variables defined.
DEBUG set_objective_economic!: NT=36, NG=54, ND=91, NW=2, NS=1, K=3, size(refcost)=(54,), size(eachslope)=(3, 54)
objective_function
	MILP economic objective set
subject to.
	 constraints: 1) minimum shutup/shutdown time limits			 done
	 constraints: 2) binary variable logic					 done
	 constraints: 3) shutup/shutdown cost					 done
	 constraints: 4) loadcurtailments and spoliedwinds			 done
	 constraints: 5) generatos power limits					 done
	 constraints: 6) system reserves limits					 done
	 constraints: 7) power balance constraints				 done
	 constraints: 8) ramp-up/ramp-down constraints				 done
	 constraints: 9) piece linearization constraints			 done
	 constraints: 10) transmissionline limits skipped (is_NetWorkCon != 1 or Gsdf missing or NL=0)
	 constraints: 11) stroges system constraints skipped (is_ConsiderBESS=0)
	 constraints: 12) data centra constraints skipped (is_ConsiderDataCentra != 1)
	 constraints: 13) frequency control constraints skipped (is_ConsiderFrequencyControl != 1)
	 constraints: 14) hydro power limits					 done
+++++++++++++++++++++++++++++++++++++++++++++++++++++++++++++++++++++++++++++++++++++++++++
Step-4: starting Gurobi solver
Step-5: Gurobi solver finished
+++++++++++++++++++++++++++++++++++++++++++++++++++++++++++++++++++++++++++++++++++++++++++

assert_is_solved_and_feasible(scuc) = nothing
solution_summary(scuc) = solution_summary(; result = 1, verbose = false)
├ solver_name          : Gurobi
├ Termination
│ ├ termination_status : OPTIMAL
│ ├ result_count       : 4
│ ├ raw_status         : Model was solved to optimality (subject to tolerances), and an optimal solution is available.
│ └ objective_bound    : 2.89271e+06
├ Solution (result = 1)
│ ├ primal_status        : FEASIBLE_POINT
│ ├ dual_status          : NO_SOLUTION
│ ├ objective_value      : 2.91531e+06
│ └ relative_gap         : 7.75272e-03
└ Work counters
  ├ solve_time (sec)   : 2.78200e+00
  ├ simplex_iterations : 11546
  ├ barrier_iterations : 0
  └ node_count         : 1


Termination Status: OPTIMAL
Acceptable solution found (Status: OPTIMAL).
Step-6: record datas
PART1: [unit-commitment] calculation result has been saved to: D:/GithubClonefiles/module_unitcommitment/output/details_schedule_results/pcm_simulation_results/intervels_[1]/res_schedule_commitment_result.txt
PART1: [unit-commitment] calculation result has been saved to: D:/GithubClonefiles/module_unitcommitment/output/details_schedule_results/pcm_simulation_results/intervels_[1]/res_schedule_commitment_result.txt
Step-3: Creating dispatching model (Refactored & Modularized)
Set parameter Username
Set parameter LicenseID to value 2826524
Academic license - for non-commercial use only - expires 2027-05-22
	 Variables defined.
DEBUG set_objective_economic!: NT=36, NG=54, ND=91, NW=2, NS=1, K=3, size(refcost)=(54,), size(eachslope)=(3, 54)
objective_function
	MILP economic objective set
subject to.
	 constraints: 1) minimum shutup/shutdown time limits			 done
	 constraints: 2) binary variable logic					 done
	 constraints: 3) shutup/shutdown cost					 done
	 constraints: 4) loadcurtailments and spoliedwinds			 done
	 constraints: 5) generatos power limits					 done
	 constraints: 6) system reserves limits					 done
	 constraints: 7) power balance constraints				 done
	 constraints: 8) ramp-up/ramp-down constraints				 done
	 constraints: 9) piece linearization constraints			 done
	 constraints: 10) transmissionline limits skipped (is_NetWorkCon != 1 or Gsdf missing or NL=0)
	 constraints: 11) stroges system constraints skipped (is_ConsiderBESS=0)
	 constraints: 12) data centra constraints skipped (is_ConsiderDataCentra != 1)
	 constraints: 13) frequency control constraints skipped (is_ConsiderFrequencyControl != 1)
	 constraints: 14) hydro power limits					 done
+++++++++++++++++++++++++++++++++++++++++++++++++++++++++++++++++++++++++++++++++++++++++++
Step-4: starting Gurobi solver
Step-5: Gurobi solver finished
+++++++++++++++++++++++++++++++++++++++++++++++++++++++++++++++++++++++++++++++++++++++++++

assert_is_solved_and_feasible(scuc) = nothing
solution_summary(scuc) = solution_summary(; result = 1, verbose = false)
├ solver_name          : Gurobi
├ Termination
│ ├ termination_status : OPTIMAL
│ ├ result_count       : 4
│ ├ raw_status         : Model was solved to optimality (subject to tolerances), and an optimal solution is available.
│ └ objective_bound    : 2.89259e+06
├ Solution (result = 1)
│ ├ primal_status        : FEASIBLE_POINT
│ ├ dual_status          : NO_SOLUTION
│ ├ objective_value      : 2.90808e+06
│ └ relative_gap         : 5.32503e-03
└ Work counters
  ├ solve_time (sec)   : 2.66300e+00
  ├ simplex_iterations : 11644
  ├ barrier_iterations : 0
  └ node_count         : 1


Termination Status: OPTIMAL
Acceptable solution found (Status: OPTIMAL).
Step-6: record datas
PART1: [unit-commitment] calculation result has been saved to: D:/GithubClonefiles/module_unitcommitment/output/details_schedule_results/pcm_simulation_results/intervels_[1]/res_schedule_commitment_result.txt
PART1: [unit-commitment] calculation result has been saved to: D:/GithubClonefiles/module_unitcommitment/output/details_schedule_results/pcm_simulation_results/intervels_[1]/res_schedule_commitment_result.txt
Step-3: Creating dispatching model (Refactored & Modularized)
Set parameter Username
Set parameter LicenseID to value 2826524
Academic license - for non-commercial use only - expires 2027-05-22
	 Variables defined.
DEBUG set_objective_economic!: NT=26, NG=54, ND=91, NW=2, NS=1, K=3, size(refcost)=(54,), size(eachslope)=(3, 54)
objective_function
	MILP economic objective set
subject to.
	 constraints: 1) minimum shutup/shutdown time limits			 done
	 constraints: 2) binary variable logic					 done
	 constraints: 3) shutup/shutdown cost					 done
	 constraints: 4) loadcurtailments and spoliedwinds			 done
	 constraints: 5) generatos power limits					 done
	 constraints: 6) system reserves limits					 done
	 constraints: 7) power balance constraints				 done
	 constraints: 8) ramp-up/ramp-down constraints				 done
	 constraints: 9) piece linearization constraints			 done
	 constraints: 10) transmissionline limits skipped (is_NetWorkCon != 1 or Gsdf missing or NL=0)
	 constraints: 11) stroges system constraints skipped (is_ConsiderBESS=0)
	 constraints: 12) data centra constraints skipped (is_ConsiderDataCentra != 1)
	 constraints: 13) frequency control constraints skipped (is_ConsiderFrequencyControl != 1)
	 constraints: 14) hydro power limits					 done
+++++++++++++++++++++++++++++++++++++++++++++++++++++++++++++++++++++++++++++++++++++++++++
Step-4: starting Gurobi solver
Step-5: Gurobi solver finished
+++++++++++++++++++++++++++++++++++++++++++++++++++++++++++++++++++++++++++++++++++++++++++

assert_is_solved_and_feasible(scuc) = nothing
solution_summary(scuc) = solution_summary(; result = 1, verbose = false)
├ solver_name          : Gurobi
├ Termination
│ ├ termination_status : OPTIMAL
│ ├ result_count       : 10
│ ├ raw_status         : Model was solved to optimality (subject to tolerances), and an optimal solution is available.
│ └ objective_bound    : 2.09345e+06
├ Solution (result = 1)
│ ├ primal_status        : FEASIBLE_POINT
│ ├ dual_status          : NO_SOLUTION
│ ├ objective_value      : 2.12137e+06
│ └ relative_gap         : 1.31590e-02
└ Work counters
  ├ solve_time (sec)   : 2.43000e+00
  ├ simplex_iterations : 9425
  ├ barrier_iterations : 0
  └ node_count         : 1


Termination Status: OPTIMAL
Acceptable solution found (Status: OPTIMAL).
Step-6: record datas
PART1: [unit-commitment] calculation result has been saved to: D:/GithubClonefiles/module_unitcommitment/output/details_schedule_results/pcm_simulation_results/intervels_[1]/res_schedule_commitment_result.txt
PART1: [unit-commitment] calculation result has been saved to: D:/GithubClonefiles/module_unitcommitment/output/details_schedule_results/pcm_simulation_results/intervels_[1]/res_schedule_commitment_result.txt
Step-3: Creating dispatching model (Refactored & Modularized)
Set parameter Username
Set parameter LicenseID to value 2826524
Academic license - for non-commercial use only - expires 2027-05-22
	 Variables defined.
DEBUG set_objective_economic!: NT=31, NG=54, ND=91, NW=2, NS=1, K=3, size(refcost)=(54,), size(eachslope)=(3, 54)
objective_function
	MILP economic objective set
subject to.
	 constraints: 1) minimum shutup/shutdown time limits			 done
	 constraints: 2) binary variable logic					 done
	 constraints: 3) shutup/shutdown cost					 done
	 constraints: 4) loadcurtailments and spoliedwinds			 done
	 constraints: 5) generatos power limits					 done
	 constraints: 6) system reserves limits					 done
	 constraints: 7) power balance constraints				 done
	 constraints: 8) ramp-up/ramp-down constraints				 done
	 constraints: 9) piece linearization constraints			 done
	 constraints: 10) transmissionline limits skipped (is_NetWorkCon != 1 or Gsdf missing or NL=0)
	 constraints: 11) stroges system constraints skipped (is_ConsiderBESS=0)
	 constraints: 12) data centra constraints skipped (is_ConsiderDataCentra != 1)
	 constraints: 13) frequency control constraints skipped (is_ConsiderFrequencyControl != 1)
	 constraints: 14) hydro power limits					 done
+++++++++++++++++++++++++++++++++++++++++++++++++++++++++++++++++++++++++++++++++++++++++++
Step-4: starting Gurobi solver
Step-5: Gurobi solver finished
+++++++++++++++++++++++++++++++++++++++++++++++++++++++++++++++++++++++++++++++++++++++++++

assert_is_solved_and_feasible(scuc) = nothing
solution_summary(scuc) = solution_summary(; result = 1, verbose = false)
├ solver_name          : Gurobi
├ Termination
│ ├ termination_status : OPTIMAL
│ ├ result_count       : 5
│ ├ raw_status         : Model was solved to optimality (subject to tolerances), and an optimal solution is available.
│ └ objective_bound    : 2.40236e+06
├ Solution (result = 1)
│ ├ primal_status        : FEASIBLE_POINT
│ ├ dual_status          : NO_SOLUTION
│ ├ objective_value      : 2.43245e+06
│ └ relative_gap         : 1.23720e-02
└ Work counters
  ├ solve_time (sec)   : 2.39200e+00
  ├ simplex_iterations : 12718
  ├ barrier_iterations : 0
  └ node_count         : 1


Termination Status: OPTIMAL
Acceptable solution found (Status: OPTIMAL).
Step-6: record datas
PART1: [unit-commitment] calculation result has been saved to: D:/GithubClonefiles/module_unitcommitment/output/details_schedule_results/pcm_simulation_results/intervels_[1]/res_schedule_commitment_result.txt
PART1: [unit-commitment] calculation result has been saved to: D:/GithubClonefiles/module_unitcommitment/output/details_schedule_results/pcm_simulation_results/intervels_[1]/res_schedule_commitment_result.txt
Step-3: Creating dispatching model (Refactored & Modularized)
Set parameter Username
Set parameter LicenseID to value 2826524
Academic license - for non-commercial use only - expires 2027-05-22
	 Variables defined.
DEBUG set_objective_economic!: NT=36, NG=54, ND=91, NW=2, NS=1, K=3, size(refcost)=(54,), size(eachslope)=(3, 54)
objective_function
	MILP economic objective set
subject to.
	 constraints: 1) minimum shutup/shutdown time limits			 done
	 constraints: 2) binary variable logic					 done
	 constraints: 3) shutup/shutdown cost					 done
	 constraints: 4) loadcurtailments and spoliedwinds			 done
	 constraints: 5) generatos power limits					 done
	 constraints: 6) system reserves limits					 done
	 constraints: 7) power balance constraints				 done
	 constraints: 8) ramp-up/ramp-down constraints				 done
	 constraints: 9) piece linearization constraints			 done
	 constraints: 10) transmissionline limits skipped (is_NetWorkCon != 1 or Gsdf missing or NL=0)
	 constraints: 11) stroges system constraints skipped (is_ConsiderBESS=0)
	 constraints: 12) data centra constraints skipped (is_ConsiderDataCentra != 1)
	 constraints: 13) frequency control constraints skipped (is_ConsiderFrequencyControl != 1)
	 constraints: 14) hydro power limits					 done
+++++++++++++++++++++++++++++++++++++++++++++++++++++++++++++++++++++++++++++++++++++++++++
Step-4: starting Gurobi solver
Step-5: Gurobi solver finished
+++++++++++++++++++++++++++++++++++++++++++++++++++++++++++++++++++++++++++++++++++++++++++

assert_is_solved_and_feasible(scuc) = nothing
solution_summary(scuc) = solution_summary(; result = 1, verbose = false)
├ solver_name          : Gurobi
├ Termination
│ ├ termination_status : OPTIMAL
│ ├ result_count       : 4
│ ├ raw_status         : Model was solved to optimality (subject to tolerances), and an optimal solution is available.
│ └ objective_bound    : 2.89259e+06
├ Solution (result = 1)
│ ├ primal_status        : FEASIBLE_POINT
│ ├ dual_status          : NO_SOLUTION
│ ├ objective_value      : 2.90808e+06
│ └ relative_gap         : 5.32503e-03
└ Work counters
  ├ solve_time (sec)   : 2.67700e+00
  ├ simplex_iterations : 11644
  ├ barrier_iterations : 0
  └ node_count         : 1


Termination Status: OPTIMAL
Acceptable solution found (Status: OPTIMAL).
Step-6: record datas
PART1: [unit-commitment] calculation result has been saved to: D:/GithubClonefiles/module_unitcommitment/output/details_schedule_results/pcm_simulation_results/intervels_[1]/res_schedule_commitment_result.txt
PART1: [unit-commitment] calculation result has been saved to: D:/GithubClonefiles/module_unitcommitment/output/details_schedule_results/pcm_simulation_results/intervels_[1]/res_schedule_commitment_result.txt
Step-3: Creating dispatching model (Refactored & Modularized)
Set parameter Username
Set parameter LicenseID to value 2826524
Academic license - for non-commercial use only - expires 2027-05-22
	 Variables defined.
DEBUG set_objective_economic!: NT=36, NG=54, ND=91, NW=2, NS=1, K=3, size(refcost)=(54,), size(eachslope)=(3, 54)
objective_function
	MILP economic objective set
subject to.
	 constraints: 1) minimum shutup/shutdown time limits			 done
	 constraints: 2) binary variable logic					 done
	 constraints: 3) shutup/shutdown cost					 done
	 constraints: 4) loadcurtailments and spoliedwinds			 done
	 constraints: 5) generatos power limits					 done
	 constraints: 6) system reserves limits					 done
	 constraints: 7) power balance constraints				 done
	 constraints: 8) ramp-up/ramp-down constraints				 done
	 constraints: 9) piece linearization constraints			 done
	 constraints: 10) transmissionline limits skipped (is_NetWorkCon != 1 or Gsdf missing or NL=0)
	 constraints: 11) stroges system constraints skipped (is_ConsiderBESS=0)
	 constraints: 12) data centra constraints skipped (is_ConsiderDataCentra != 1)
	 constraints: 13) frequency control constraints skipped (is_ConsiderFrequencyControl != 1)
	 constraints: 14) hydro power limits					 done
+++++++++++++++++++++++++++++++++++++++++++++++++++++++++++++++++++++++++++++++++++++++++++
Step-4: starting Gurobi solver
Step-5: Gurobi solver finished
+++++++++++++++++++++++++++++++++++++++++++++++++++++++++++++++++++++++++++++++++++++++++++

assert_is_solved_and_feasible(scuc) = nothing
solution_summary(scuc) = solution_summary(; result = 1, verbose = false)
├ solver_name          : Gurobi
├ Termination
│ ├ termination_status : OPTIMAL
│ ├ result_count       : 3
│ ├ raw_status         : Model was solved to optimality (subject to tolerances), and an optimal solution is available.
│ └ objective_bound    : 3.18684e+06
├ Solution (result = 1)
│ ├ primal_status        : FEASIBLE_POINT
│ ├ dual_status          : NO_SOLUTION
│ ├ objective_value      : 3.22934e+06
│ └ relative_gap         : 1.31621e-02
└ Work counters
  ├ solve_time (sec)   : 1.82900e+00
  ├ simplex_iterations : 8962
  ├ barrier_iterations : 0
  └ node_count         : 1


Termination Status: OPTIMAL
Acceptable solution found (Status: OPTIMAL).
Step-6: record datas
PART1: [unit-commitment] calculation result has been saved to: D:/GithubClonefiles/module_unitcommitment/output/details_schedule_results/pcm_simulation_results/intervels_[1]/res_schedule_commitment_result.txt
Step-3: Creating dispatching model (Refactored & Modularized)
Set parameter Username
Set parameter LicenseID to value 2826524
Academic license - for non-commercial use only - expires 2027-05-22
	 Variables defined.
DEBUG set_objective_economic!: NT=36, NG=54, ND=91, NW=2, NS=1, K=3, size(refcost)=(54,), size(eachslope)=(3, 54)
objective_function
	MILP economic objective set
subject to.
	 constraints: 1) minimum shutup/shutdown time limits			 done
	 constraints: 2) binary variable logic					 done
	 constraints: 3) shutup/shutdown cost					 done
	 constraints: 4) loadcurtailments and spoliedwinds			 done
	 constraints: 5) generatos power limits					 done
	 constraints: 6) system reserves limits					 done
	 constraints: 7) power balance constraints				 done
	 constraints: 8) ramp-up/ramp-down constraints				 done
	 constraints: 9) piece linearization constraints			 done
	 constraints: 10) transmissionline limits skipped (is_NetWorkCon != 1 or Gsdf missing or NL=0)
	 constraints: 11) stroges system constraints skipped (is_ConsiderBESS=0)
	 constraints: 12) data centra constraints skipped (is_ConsiderDataCentra != 1)
	 constraints: 13) frequency control constraints skipped (is_ConsiderFrequencyControl != 1)
	 constraints: 14) hydro power limits					 done
+++++++++++++++++++++++++++++++++++++++++++++++++++++++++++++++++++++++++++++++++++++++++++
Step-4: starting Gurobi solver
Step-5: Gurobi solver finished
+++++++++++++++++++++++++++++++++++++++++++++++++++++++++++++++++++++++++++++++++++++++++++

assert_is_solved_and_feasible(scuc) = nothing
solution_summary(scuc) = solution_summary(; result = 1, verbose = false)
├ solver_name          : Gurobi
├ Termination
│ ├ termination_status : OPTIMAL
│ ├ result_count       : 3
│ ├ raw_status         : Model was solved to optimality (subject to tolerances), and an optimal solution is available.
│ └ objective_bound    : 3.18684e+06
├ Solution (result = 1)
│ ├ primal_status        : FEASIBLE_POINT
│ ├ dual_status          : NO_SOLUTION
│ ├ objective_value      : 3.22934e+06
│ └ relative_gap         : 1.31621e-02
└ Work counters
  ├ solve_time (sec)   : 1.79400e+00
  ├ simplex_iterations : 8962
  ├ barrier_iterations : 0
  └ node_count         : 1


Termination Status: OPTIMAL
Acceptable solution found (Status: OPTIMAL).
Step-6: record datas
PART1: [unit-commitment] calculation result has been saved to: D:/GithubClonefiles/module_unitcommitment/output/details_schedule_results/pcm_simulation_results/intervels_[1]/res_schedule_commitment_result.txt
PART1: [unit-commitment] calculation result has been saved to: D:/GithubClonefiles/module_unitcommitment/output/details_schedule_results/pcm_simulation_results/intervels_[1]/res_schedule_commitment_result.txt
Step-3: Creating dispatching model (Refactored & Modularized)
Set parameter Username
Set parameter LicenseID to value 2826524
Academic license - for non-commercial use only - expires 2027-05-22
	 Variables defined.
DEBUG set_objective_economic!: NT=26, NG=54, ND=91, NW=2, NS=1, K=3, size(refcost)=(54,), size(eachslope)=(3, 54)
objective_function
	MILP economic objective set
subject to.
	 constraints: 1) minimum shutup/shutdown time limits			 done
	 constraints: 2) binary variable logic					 done
	 constraints: 3) shutup/shutdown cost					 done
	 constraints: 4) loadcurtailments and spoliedwinds			 done
	 constraints: 5) generatos power limits					 done
	 constraints: 6) system reserves limits					 done
	 constraints: 7) power balance constraints				 done
	 constraints: 8) ramp-up/ramp-down constraints				 done
	 constraints: 9) piece linearization constraints			 done
	 constraints: 10) transmissionline limits skipped (is_NetWorkCon != 1 or Gsdf missing or NL=0)
	 constraints: 11) stroges system constraints skipped (is_ConsiderBESS=0)
	 constraints: 12) data centra constraints skipped (is_ConsiderDataCentra != 1)
	 constraints: 13) frequency control constraints skipped (is_ConsiderFrequencyControl != 1)
	 constraints: 14) hydro power limits					 done
+++++++++++++++++++++++++++++++++++++++++++++++++++++++++++++++++++++++++++++++++++++++++++
Step-4: starting Gurobi solver
Step-5: Gurobi solver finished
+++++++++++++++++++++++++++++++++++++++++++++++++++++++++++++++++++++++++++++++++++++++++++

assert_is_solved_and_feasible(scuc) = nothing
solution_summary(scuc) = solution_summary(; result = 1, verbose = false)
├ solver_name          : Gurobi
├ Termination
│ ├ termination_status : OPTIMAL
│ ├ result_count       : 8
│ ├ raw_status         : Model was solved to optimality (subject to tolerances), and an optimal solution is available.
│ └ objective_bound    : 2.42190e+06
├ Solution (result = 1)
│ ├ primal_status        : FEASIBLE_POINT
│ ├ dual_status          : NO_SOLUTION
│ ├ objective_value      : 2.44022e+06
│ └ relative_gap         : 7.50788e-03
└ Work counters
  ├ solve_time (sec)   : 2.16500e+00
  ├ simplex_iterations : 12672
  ├ barrier_iterations : 0
  └ node_count         : 1


Termination Status: OPTIMAL
Acceptable solution found (Status: OPTIMAL).
Step-6: record datas
PART1: [unit-commitment] calculation result has been saved to: D:/GithubClonefiles/module_unitcommitment/output/details_schedule_results/pcm_simulation_results/intervels_[1]/res_schedule_commitment_result.txt
PART1: [unit-commitment] calculation result has been saved to: D:/GithubClonefiles/module_unitcommitment/output/details_schedule_results/pcm_simulation_results/intervels_[1]/res_schedule_commitment_result.txt
Step-3: Creating dispatching model (Refactored & Modularized)
Set parameter Username
Set parameter LicenseID to value 2826524
Academic license - for non-commercial use only - expires 2027-05-22
	 Variables defined.
DEBUG set_objective_economic!: NT=31, NG=54, ND=91, NW=2, NS=1, K=3, size(refcost)=(54,), size(eachslope)=(3, 54)
objective_function
	MILP economic objective set
subject to.
	 constraints: 1) minimum shutup/shutdown time limits			 done
	 constraints: 2) binary variable logic					 done
	 constraints: 3) shutup/shutdown cost					 done
	 constraints: 4) loadcurtailments and spoliedwinds			 done
	 constraints: 5) generatos power limits					 done
	 constraints: 6) system reserves limits					 done
	 constraints: 7) power balance constraints				 done
	 constraints: 8) ramp-up/ramp-down constraints				 done
	 constraints: 9) piece linearization constraints			 done
	 constraints: 10) transmissionline limits skipped (is_NetWorkCon != 1 or Gsdf missing or NL=0)
	 constraints: 11) stroges system constraints skipped (is_ConsiderBESS=0)
	 constraints: 12) data centra constraints skipped (is_ConsiderDataCentra != 1)
	 constraints: 13) frequency control constraints skipped (is_ConsiderFrequencyControl != 1)
	 constraints: 14) hydro power limits					 done
+++++++++++++++++++++++++++++++++++++++++++++++++++++++++++++++++++++++++++++++++++++++++++
Step-4: starting Gurobi solver
Step-5: Gurobi solver finished
+++++++++++++++++++++++++++++++++++++++++++++++++++++++++++++++++++++++++++++++++++++++++++

assert_is_solved_and_feasible(scuc) = nothing
solution_summary(scuc) = solution_summary(; result = 1, verbose = false)
├ solver_name          : Gurobi
├ Termination
│ ├ termination_status : OPTIMAL
│ ├ result_count       : 2
│ ├ raw_status         : Model was solved to optimality (subject to tolerances), and an optimal solution is available.
│ └ objective_bound    : 2.97932e+06
├ Solution (result = 1)
│ ├ primal_status        : FEASIBLE_POINT
│ ├ dual_status          : NO_SOLUTION
│ ├ objective_value      : 3.01537e+06
│ └ relative_gap         : 1.19562e-02
└ Work counters
  ├ solve_time (sec)   : 1.10800e+00
  ├ simplex_iterations : 11820
  ├ barrier_iterations : 0
  └ node_count         : 1


Termination Status: OPTIMAL
Acceptable solution found (Status: OPTIMAL).
Step-6: record datas
PART1: [unit-commitment] calculation result has been saved to: D:/GithubClonefiles/module_unitcommitment/output/details_schedule_results/pcm_simulation_results/intervels_[1]/res_schedule_commitment_result.txt
PART1: [unit-commitment] calculation result has been saved to: D:/GithubClonefiles/module_unitcommitment/output/details_schedule_results/pcm_simulation_results/intervels_[1]/res_schedule_commitment_result.txt
Step-3: Creating dispatching model (Refactored & Modularized)
Set parameter Username
Set parameter LicenseID to value 2826524
Academic license - for non-commercial use only - expires 2027-05-22
	 Variables defined.
DEBUG set_objective_economic!: NT=36, NG=54, ND=91, NW=2, NS=1, K=3, size(refcost)=(54,), size(eachslope)=(3, 54)
objective_function
	MILP economic objective set
subject to.
	 constraints: 1) minimum shutup/shutdown time limits			 done
	 constraints: 2) binary variable logic					 done
	 constraints: 3) shutup/shutdown cost					 done
	 constraints: 4) loadcurtailments and spoliedwinds			 done
	 constraints: 5) generatos power limits					 done
	 constraints: 6) system reserves limits					 done
	 constraints: 7) power balance constraints				 done
	 constraints: 8) ramp-up/ramp-down constraints				 done
	 constraints: 9) piece linearization constraints			 done
	 constraints: 10) transmissionline limits skipped (is_NetWorkCon != 1 or Gsdf missing or NL=0)
	 constraints: 11) stroges system constraints skipped (is_ConsiderBESS=0)
	 constraints: 12) data centra constraints skipped (is_ConsiderDataCentra != 1)
	 constraints: 13) frequency control constraints skipped (is_ConsiderFrequencyControl != 1)
	 constraints: 14) hydro power limits					 done
+++++++++++++++++++++++++++++++++++++++++++++++++++++++++++++++++++++++++++++++++++++++++++
Step-4: starting Gurobi solver
Step-5: Gurobi solver finished
+++++++++++++++++++++++++++++++++++++++++++++++++++++++++++++++++++++++++++++++++++++++++++

assert_is_solved_and_feasible(scuc) = nothing
solution_summary(scuc) = solution_summary(; result = 1, verbose = false)
├ solver_name          : Gurobi
├ Termination
│ ├ termination_status : OPTIMAL
│ ├ result_count       : 3
│ ├ raw_status         : Model was solved to optimality (subject to tolerances), and an optimal solution is available.
│ └ objective_bound    : 3.18684e+06
├ Solution (result = 1)
│ ├ primal_status        : FEASIBLE_POINT
│ ├ dual_status          : NO_SOLUTION
│ ├ objective_value      : 3.22934e+06
│ └ relative_gap         : 1.31621e-02
└ Work counters
  ├ solve_time (sec)   : 1.92700e+00
  ├ simplex_iterations : 8962
  ├ barrier_iterations : 0
  └ node_count         : 1


Termination Status: OPTIMAL
Acceptable solution found (Status: OPTIMAL).
Step-6: record datas
PART1: [unit-commitment] calculation result has been saved to: D:/GithubClonefiles/module_unitcommitment/output/details_schedule_results/pcm_simulation_results/intervels_[1]/res_schedule_commitment_result.txt
PART1: [unit-commitment] calculation result has been saved to: D:/GithubClonefiles/module_unitcommitment/output/details_schedule_results/pcm_simulation_results/intervels_[1]/res_schedule_commitment_result.txt
Step-3: Creating dispatching model (Refactored & Modularized)
Set parameter Username
Set parameter LicenseID to value 2826524
Academic license - for non-commercial use only - expires 2027-05-22
	 Variables defined.
DEBUG set_objective_economic!: NT=36, NG=54, ND=91, NW=2, NS=1, K=3, size(refcost)=(54,), size(eachslope)=(3, 54)
objective_function
	MILP economic objective set
subject to.
	 constraints: 1) minimum shutup/shutdown time limits			 done
	 constraints: 2) binary variable logic					 done
	 constraints: 3) shutup/shutdown cost					 done
	 constraints: 4) loadcurtailments and spoliedwinds			 done
	 constraints: 5) generatos power limits					 done
	 constraints: 6) system reserves limits					 done
	 constraints: 7) power balance constraints				 done
	 constraints: 8) ramp-up/ramp-down constraints				 done
	 constraints: 9) piece linearization constraints			 done
	 constraints: 10) transmissionline limits skipped (is_NetWorkCon != 1 or Gsdf missing or NL=0)
	 constraints: 11) stroges system constraints skipped (is_ConsiderBESS=0)
	 constraints: 12) data centra constraints skipped (is_ConsiderDataCentra != 1)
	 constraints: 13) frequency control constraints skipped (is_ConsiderFrequencyControl != 1)
	 constraints: 14) hydro power limits					 done
+++++++++++++++++++++++++++++++++++++++++++++++++++++++++++++++++++++++++++++++++++++++++++
Step-4: starting Gurobi solver
Step-5: Gurobi solver finished
+++++++++++++++++++++++++++++++++++++++++++++++++++++++++++++++++++++++++++++++++++++++++++

assert_is_solved_and_feasible(scuc) = nothing
solution_summary(scuc) = solution_summary(; result = 1, verbose = false)
├ solver_name          : Gurobi
├ Termination
│ ├ termination_status : OPTIMAL
│ ├ result_count       : 4
│ ├ raw_status         : Model was solved to optimality (subject to tolerances), and an optimal solution is available.
│ └ objective_bound    : 3.18976e+06
├ Solution (result = 1)
│ ├ primal_status        : FEASIBLE_POINT
│ ├ dual_status          : NO_SOLUTION
│ ├ objective_value      : 3.21879e+06
│ └ relative_gap         : 9.01859e-03
└ Work counters
  ├ solve_time (sec)   : 2.72300e+00
  ├ simplex_iterations : 9599
  ├ barrier_iterations : 0
  └ node_count         : 1


Termination Status: OPTIMAL
Acceptable solution found (Status: OPTIMAL).
Step-6: record datas
PART1: [unit-commitment] calculation result has been saved to: D:/GithubClonefiles/module_unitcommitment/output/details_schedule_results/pcm_simulation_results/intervels_[1]/res_schedule_commitment_result.txt
PART1: [unit-commitment] calculation result has been saved to: D:/GithubClonefiles/module_unitcommitment/output/details_schedule_results/pcm_simulation_results/intervels_[1]/res_schedule_commitment_result.txt
Step-3: Creating dispatching model (Refactored & Modularized)
Set parameter Username
Set parameter LicenseID to value 2826524
Academic license - for non-commercial use only - expires 2027-05-22
	 Variables defined.
DEBUG set_objective_economic!: NT=26, NG=54, ND=91, NW=2, NS=1, K=3, size(refcost)=(54,), size(eachslope)=(3, 54)
objective_function
	MILP economic objective set
subject to.
	 constraints: 1) minimum shutup/shutdown time limits			 done
	 constraints: 2) binary variable logic					 done
	 constraints: 3) shutup/shutdown cost					 done
	 constraints: 4) loadcurtailments and spoliedwinds			 done
	 constraints: 5) generatos power limits					 done
	 constraints: 6) system reserves limits					 done
	 constraints: 7) power balance constraints				 done
	 constraints: 8) ramp-up/ramp-down constraints				 done
	 constraints: 9) piece linearization constraints			 done
	 constraints: 10) transmissionline limits skipped (is_NetWorkCon != 1 or Gsdf missing or NL=0)
	 constraints: 11) stroges system constraints skipped (is_ConsiderBESS=0)
	 constraints: 12) data centra constraints skipped (is_ConsiderDataCentra != 1)
	 constraints: 13) frequency control constraints skipped (is_ConsiderFrequencyControl != 1)
	 constraints: 14) hydro power limits					 done
+++++++++++++++++++++++++++++++++++++++++++++++++++++++++++++++++++++++++++++++++++++++++++
Step-4: starting Gurobi solver
Step-5: Gurobi solver finished
+++++++++++++++++++++++++++++++++++++++++++++++++++++++++++++++++++++++++++++++++++++++++++

assert_is_solved_and_feasible(scuc) = nothing
solution_summary(scuc) = solution_summary(; result = 1, verbose = false)
├ solver_name          : Gurobi
├ Termination
│ ├ termination_status : OPTIMAL
│ ├ result_count       : 6
│ ├ raw_status         : Model was solved to optimality (subject to tolerances), and an optimal solution is available.
│ └ objective_bound    : 2.42327e+06
├ Solution (result = 1)
│ ├ primal_status        : FEASIBLE_POINT
│ ├ dual_status          : NO_SOLUTION
│ ├ objective_value      : 2.44545e+06
│ └ relative_gap         : 9.06885e-03
└ Work counters
  ├ solve_time (sec)   : 2.53400e+00
  ├ simplex_iterations : 13385
  ├ barrier_iterations : 0
  └ node_count         : 1


Termination Status: OPTIMAL
Acceptable solution found (Status: OPTIMAL).
Step-6: record datas
PART1: [unit-commitment] calculation result has been saved to: D:/GithubClonefiles/module_unitcommitment/output/details_schedule_results/pcm_simulation_results/intervels_[1]/res_schedule_commitment_result.txt
PART1: [unit-commitment] calculation result has been saved to: D:/GithubClonefiles/module_unitcommitment/output/details_schedule_results/pcm_simulation_results/intervels_[1]/res_schedule_commitment_result.txt
Step-3: Creating dispatching model (Refactored & Modularized)
Set parameter Username
Set parameter LicenseID to value 2826524
Academic license - for non-commercial use only - expires 2027-05-22
	 Variables defined.
DEBUG set_objective_economic!: NT=31, NG=54, ND=91, NW=2, NS=1, K=3, size(refcost)=(54,), size(eachslope)=(3, 54)
objective_function
	MILP economic objective set
subject to.
	 constraints: 1) minimum shutup/shutdown time limits			 done
	 constraints: 2) binary variable logic					 done
	 constraints: 3) shutup/shutdown cost					 done
	 constraints: 4) loadcurtailments and spoliedwinds			 done
	 constraints: 5) generatos power limits					 done
	 constraints: 6) system reserves limits					 done
	 constraints: 7) power balance constraints				 done
	 constraints: 8) ramp-up/ramp-down constraints				 done
	 constraints: 9) piece linearization constraints			 done
	 constraints: 10) transmissionline limits skipped (is_NetWorkCon != 1 or Gsdf missing or NL=0)
	 constraints: 11) stroges system constraints skipped (is_ConsiderBESS=0)
	 constraints: 12) data centra constraints skipped (is_ConsiderDataCentra != 1)
	 constraints: 13) frequency control constraints skipped (is_ConsiderFrequencyControl != 1)
	 constraints: 14) hydro power limits					 done
+++++++++++++++++++++++++++++++++++++++++++++++++++++++++++++++++++++++++++++++++++++++++++
Step-4: starting Gurobi solver
Step-5: Gurobi solver finished
+++++++++++++++++++++++++++++++++++++++++++++++++++++++++++++++++++++++++++++++++++++++++++

assert_is_solved_and_feasible(scuc) = nothing
solution_summary(scuc) = solution_summary(; result = 1, verbose = false)
├ solver_name          : Gurobi
├ Termination
│ ├ termination_status : OPTIMAL
│ ├ result_count       : 9
│ ├ raw_status         : Model was solved to optimality (subject to tolerances), and an optimal solution is available.
│ └ objective_bound    : 2.98269e+06
├ Solution (result = 1)
│ ├ primal_status        : FEASIBLE_POINT
│ ├ dual_status          : NO_SOLUTION
│ ├ objective_value      : 3.00553e+06
│ └ relative_gap         : 7.59923e-03
└ Work counters
  ├ solve_time (sec)   : 2.19900e+00
  ├ simplex_iterations : 12992
  ├ barrier_iterations : 0
  └ node_count         : 1


Termination Status: OPTIMAL
Acceptable solution found (Status: OPTIMAL).
Step-6: record datas
PART1: [unit-commitment] calculation result has been saved to: D:/GithubClonefiles/module_unitcommitment/output/details_schedule_results/pcm_simulation_results/intervels_[1]/res_schedule_commitment_result.txt
PART1: [unit-commitment] calculation result has been saved to: D:/GithubClonefiles/module_unitcommitment/output/details_schedule_results/pcm_simulation_results/intervels_[1]/res_schedule_commitment_result.txt
Step-3: Creating dispatching model (Refactored & Modularized)
Set parameter Username
Set parameter LicenseID to value 2826524
Academic license - for non-commercial use only - expires 2027-05-22
	 Variables defined.
DEBUG set_objective_economic!: NT=36, NG=54, ND=91, NW=2, NS=1, K=3, size(refcost)=(54,), size(eachslope)=(3, 54)
objective_function
	MILP economic objective set
subject to.
	 constraints: 1) minimum shutup/shutdown time limits			 done
	 constraints: 2) binary variable logic					 done
	 constraints: 3) shutup/shutdown cost					 done
	 constraints: 4) loadcurtailments and spoliedwinds			 done
	 constraints: 5) generatos power limits					 done
	 constraints: 6) system reserves limits					 done
	 constraints: 7) power balance constraints				 done
	 constraints: 8) ramp-up/ramp-down constraints				 done
	 constraints: 9) piece linearization constraints			 done
	 constraints: 10) transmissionline limits skipped (is_NetWorkCon != 1 or Gsdf missing or NL=0)
	 constraints: 11) stroges system constraints skipped (is_ConsiderBESS=0)
	 constraints: 12) data centra constraints skipped (is_ConsiderDataCentra != 1)
	 constraints: 13) frequency control constraints skipped (is_ConsiderFrequencyControl != 1)
	 constraints: 14) hydro power limits					 done
+++++++++++++++++++++++++++++++++++++++++++++++++++++++++++++++++++++++++++++++++++++++++++
Step-4: starting Gurobi solver
Step-5: Gurobi solver finished
+++++++++++++++++++++++++++++++++++++++++++++++++++++++++++++++++++++++++++++++++++++++++++

assert_is_solved_and_feasible(scuc) = nothing
solution_summary(scuc) = solution_summary(; result = 1, verbose = false)
├ solver_name          : Gurobi
├ Termination
│ ├ termination_status : OPTIMAL
│ ├ result_count       : 4
│ ├ raw_status         : Model was solved to optimality (subject to tolerances), and an optimal solution is available.
│ └ objective_bound    : 3.18976e+06
├ Solution (result = 1)
│ ├ primal_status        : FEASIBLE_POINT
│ ├ dual_status          : NO_SOLUTION
│ ├ objective_value      : 3.21879e+06
│ └ relative_gap         : 9.01859e-03
└ Work counters
  ├ solve_time (sec)   : 2.68600e+00
  ├ simplex_iterations : 9599
  ├ barrier_iterations : 0
  └ node_count         : 1


Termination Status: OPTIMAL
Acceptable solution found (Status: OPTIMAL).
Step-6: record datas
PART1: [unit-commitment] calculation result has been saved to: D:/GithubClonefiles/module_unitcommitment/output/details_schedule_results/pcm_simulation_results/intervels_[1]/res_schedule_commitment_result.txt
PART1: [unit-commitment] calculation result has been saved to: D:/GithubClonefiles/module_unitcommitment/output/details_schedule_results/pcm_simulation_results/intervels_[1]/res_schedule_commitment_result.txt
Step-3: Creating dispatching model (Refactored & Modularized)
Set parameter Username
Set parameter LicenseID to value 2826524
Academic license - for non-commercial use only - expires 2027-05-22
	 Variables defined.
DEBUG set_objective_economic!: NT=36, NG=54, ND=91, NW=2, NS=1, K=3, size(refcost)=(54,), size(eachslope)=(3, 54)
objective_function
	MILP economic objective set
subject to.
	 constraints: 1) minimum shutup/shutdown time limits			 done
	 constraints: 2) binary variable logic					 done
	 constraints: 3) shutup/shutdown cost					 done
	 constraints: 4) loadcurtailments and spoliedwinds			 done
	 constraints: 5) generatos power limits					 done
	 constraints: 6) system reserves limits					 done
	 constraints: 7) power balance constraints				 done
	 constraints: 8) ramp-up/ramp-down constraints				 done
	 constraints: 9) piece linearization constraints			 done
	 constraints: 10) transmissionline limits skipped (is_NetWorkCon != 1 or Gsdf missing or NL=0)
	 constraints: 11) stroges system constraints skipped (is_ConsiderBESS=0)
	 constraints: 12) data centra constraints skipped (is_ConsiderDataCentra != 1)
	 constraints: 13) frequency control constraints skipped (is_ConsiderFrequencyControl != 1)
	 constraints: 14) hydro power limits					 done
+++++++++++++++++++++++++++++++++++++++++++++++++++++++++++++++++++++++++++++++++++++++++++
Step-4: starting Gurobi solver
Step-5: Gurobi solver finished
+++++++++++++++++++++++++++++++++++++++++++++++++++++++++++++++++++++++++++++++++++++++++++

assert_is_solved_and_feasible(scuc) = nothing
solution_summary(scuc) = solution_summary(; result = 1, verbose = false)
├ solver_name          : Gurobi
├ Termination
│ ├ termination_status : OPTIMAL
│ ├ result_count       : 4
│ ├ raw_status         : Model was solved to optimality (subject to tolerances), and an optimal solution is available.
│ └ objective_bound    : 1.53615e+16
├ Solution (result = 1)
│ ├ primal_status        : FEASIBLE_POINT
│ ├ dual_status          : NO_SOLUTION
│ ├ objective_value      : 1.54582e+16
│ └ relative_gap         : 6.25979e-03
└ Work counters
  ├ solve_time (sec)   : 2.70500e+00
  ├ simplex_iterations : 22915
  ├ barrier_iterations : 0
  └ node_count         : 1


Termination Status: OPTIMAL
Acceptable solution found (Status: OPTIMAL).
Step-6: record datas
PART1: [unit-commitment] calculation result has been saved to: D:/GithubClonefiles/module_unitcommitment/output/details_schedule_results/pcm_simulation_results/intervels_[1]/res_schedule_commitment_result.txt
Step-3: Creating dispatching model (Refactored & Modularized)
Set parameter Username
Set parameter LicenseID to value 2826524
Academic license - for non-commercial use only - expires 2027-05-22
	 Variables defined.
DEBUG set_objective_economic!: NT=36, NG=54, ND=91, NW=2, NS=1, K=3, size(refcost)=(54,), size(eachslope)=(3, 54)
objective_function
	MILP economic objective set
subject to.
	 constraints: 1) minimum shutup/shutdown time limits			 done
	 constraints: 2) binary variable logic					 done
	 constraints: 3) shutup/shutdown cost					 done
	 constraints: 4) loadcurtailments and spoliedwinds			 done
	 constraints: 5) generatos power limits					 done
	 constraints: 6) system reserves limits					 done
	 constraints: 7) power balance constraints				 done
	 constraints: 8) ramp-up/ramp-down constraints				 done
	 constraints: 9) piece linearization constraints			 done
	 constraints: 10) transmissionline limits skipped (is_NetWorkCon != 1 or Gsdf missing or NL=0)
	 constraints: 11) stroges system constraints skipped (is_ConsiderBESS=0)
	 constraints: 12) data centra constraints skipped (is_ConsiderDataCentra != 1)
	 constraints: 13) frequency control constraints skipped (is_ConsiderFrequencyControl != 1)
	 constraints: 14) hydro power limits					 done
+++++++++++++++++++++++++++++++++++++++++++++++++++++++++++++++++++++++++++++++++++++++++++
Step-4: starting Gurobi solver
Step-5: Gurobi solver finished
+++++++++++++++++++++++++++++++++++++++++++++++++++++++++++++++++++++++++++++++++++++++++++

assert_is_solved_and_feasible(scuc) = nothing
solution_summary(scuc) = solution_summary(; result = 1, verbose = false)
├ solver_name          : Gurobi
├ Termination
│ ├ termination_status : OPTIMAL
│ ├ result_count       : 4
│ ├ raw_status         : Model was solved to optimality (subject to tolerances), and an optimal solution is available.
│ └ objective_bound    : 1.53615e+16
├ Solution (result = 1)
│ ├ primal_status        : FEASIBLE_POINT
│ ├ dual_status          : NO_SOLUTION
│ ├ objective_value      : 1.54582e+16
│ └ relative_gap         : 6.25979e-03
└ Work counters
  ├ solve_time (sec)   : 2.67800e+00
  ├ simplex_iterations : 22915
  ├ barrier_iterations : 0
  └ node_count         : 1


Termination Status: OPTIMAL
Acceptable solution found (Status: OPTIMAL).
Step-6: record datas
PART1: [unit-commitment] calculation result has been saved to: D:/GithubClonefiles/module_unitcommitment/output/details_schedule_results/pcm_simulation_results/intervels_[1]/res_schedule_commitment_result.txt
PART1: [unit-commitment] calculation result has been saved to: D:/GithubClonefiles/module_unitcommitment/output/details_schedule_results/pcm_simulation_results/intervels_[1]/res_schedule_commitment_result.txt
Step-3: Creating dispatching model (Refactored & Modularized)
Set parameter Username
Set parameter LicenseID to value 2826524
Academic license - for non-commercial use only - expires 2027-05-22
	 Variables defined.
DEBUG set_objective_economic!: NT=26, NG=54, ND=91, NW=2, NS=1, K=3, size(refcost)=(54,), size(eachslope)=(3, 54)
objective_function
	MILP economic objective set
subject to.
	 constraints: 1) minimum shutup/shutdown time limits			 done
	 constraints: 2) binary variable logic					 done
	 constraints: 3) shutup/shutdown cost					 done
	 constraints: 4) loadcurtailments and spoliedwinds			 done
	 constraints: 5) generatos power limits					 done
	 constraints: 6) system reserves limits					 done
	 constraints: 7) power balance constraints				 done
	 constraints: 8) ramp-up/ramp-down constraints				 done
	 constraints: 9) piece linearization constraints			 done
	 constraints: 10) transmissionline limits skipped (is_NetWorkCon != 1 or Gsdf missing or NL=0)
	 constraints: 11) stroges system constraints skipped (is_ConsiderBESS=0)
	 constraints: 12) data centra constraints skipped (is_ConsiderDataCentra != 1)
	 constraints: 13) frequency control constraints skipped (is_ConsiderFrequencyControl != 1)
	 constraints: 14) hydro power limits					 done
+++++++++++++++++++++++++++++++++++++++++++++++++++++++++++++++++++++++++++++++++++++++++++
Step-4: starting Gurobi solver
Step-5: Gurobi solver finished
+++++++++++++++++++++++++++++++++++++++++++++++++++++++++++++++++++++++++++++++++++++++++++

assert_is_solved_and_feasible(scuc) = nothing
solution_summary(scuc) = solution_summary(; result = 1, verbose = false)
├ solver_name          : Gurobi
├ Termination
│ ├ termination_status : OPTIMAL
│ ├ result_count       : 2
│ ├ raw_status         : Model was solved to optimality (subject to tolerances), and an optimal solution is available.
│ └ objective_bound    : 1.44449e+16
├ Solution (result = 1)
│ ├ primal_status        : FEASIBLE_POINT
│ ├ dual_status          : NO_SOLUTION
│ ├ objective_value      : 1.44449e+16
│ └ relative_gap         : 3.65527e-14
└ Work counters
  ├ solve_time (sec)   : 9.75000e-01
  ├ simplex_iterations : 9868
  ├ barrier_iterations : 0
  └ node_count         : 1


Termination Status: OPTIMAL
Acceptable solution found (Status: OPTIMAL).
Step-6: record datas
PART1: [unit-commitment] calculation result has been saved to: D:/GithubClonefiles/module_unitcommitment/output/details_schedule_results/pcm_simulation_results/intervels_[1]/res_schedule_commitment_result.txt
PART1: [unit-commitment] calculation result has been saved to: D:/GithubClonefiles/module_unitcommitment/output/details_schedule_results/pcm_simulation_results/intervels_[1]/res_schedule_commitment_result.txt
Step-3: Creating dispatching model (Refactored & Modularized)
Set parameter Username
Set parameter LicenseID to value 2826524
Academic license - for non-commercial use only - expires 2027-05-22
	 Variables defined.
DEBUG set_objective_economic!: NT=31, NG=54, ND=91, NW=2, NS=1, K=3, size(refcost)=(54,), size(eachslope)=(3, 54)
objective_function
	MILP economic objective set
subject to.
	 constraints: 1) minimum shutup/shutdown time limits			 done
	 constraints: 2) binary variable logic					 done
	 constraints: 3) shutup/shutdown cost					 done
	 constraints: 4) loadcurtailments and spoliedwinds			 done
	 constraints: 5) generatos power limits					 done
	 constraints: 6) system reserves limits					 done
	 constraints: 7) power balance constraints				 done
	 constraints: 8) ramp-up/ramp-down constraints				 done
	 constraints: 9) piece linearization constraints			 done
	 constraints: 10) transmissionline limits skipped (is_NetWorkCon != 1 or Gsdf missing or NL=0)
	 constraints: 11) stroges system constraints skipped (is_ConsiderBESS=0)
	 constraints: 12) data centra constraints skipped (is_ConsiderDataCentra != 1)
	 constraints: 13) frequency control constraints skipped (is_ConsiderFrequencyControl != 1)
	 constraints: 14) hydro power limits					 done
+++++++++++++++++++++++++++++++++++++++++++++++++++++++++++++++++++++++++++++++++++++++++++
Step-4: starting Gurobi solver
Step-5: Gurobi solver finished
+++++++++++++++++++++++++++++++++++++++++++++++++++++++++++++++++++++++++++++++++++++++++++

assert_is_solved_and_feasible(scuc) = nothing
solution_summary(scuc) = solution_summary(; result = 1, verbose = false)
├ solver_name          : Gurobi
├ Termination
│ ├ termination_status : OPTIMAL
│ ├ result_count       : 1
│ ├ raw_status         : Model was solved to optimality (subject to tolerances), and an optimal solution is available.
│ └ objective_bound    : 1.53615e+16
├ Solution (result = 1)
│ ├ primal_status        : FEASIBLE_POINT
│ ├ dual_status          : NO_SOLUTION
│ ├ objective_value      : 1.53615e+16
│ └ relative_gap         : 3.98399e-14
└ Work counters
  ├ solve_time (sec)   : 9.34000e-01
  ├ simplex_iterations : 11379
  ├ barrier_iterations : 0
  └ node_count         : 1


Termination Status: OPTIMAL
Acceptable solution found (Status: OPTIMAL).
Step-6: record datas
PART1: [unit-commitment] calculation result has been saved to: D:/GithubClonefiles/module_unitcommitment/output/details_schedule_results/pcm_simulation_results/intervels_[1]/res_schedule_commitment_result.txt
PART1: [unit-commitment] calculation result has been saved to: D:/GithubClonefiles/module_unitcommitment/output/details_schedule_results/pcm_simulation_results/intervels_[1]/res_schedule_commitment_result.txt
Step-3: Creating dispatching model (Refactored & Modularized)
Set parameter Username
Set parameter LicenseID to value 2826524
Academic license - for non-commercial use only - expires 2027-05-22
	 Variables defined.
DEBUG set_objective_economic!: NT=36, NG=54, ND=91, NW=2, NS=1, K=3, size(refcost)=(54,), size(eachslope)=(3, 54)
objective_function
	MILP economic objective set
subject to.
	 constraints: 1) minimum shutup/shutdown time limits			 done
	 constraints: 2) binary variable logic					 done
	 constraints: 3) shutup/shutdown cost					 done
	 constraints: 4) loadcurtailments and spoliedwinds			 done
	 constraints: 5) generatos power limits					 done
	 constraints: 6) system reserves limits					 done
	 constraints: 7) power balance constraints				 done
	 constraints: 8) ramp-up/ramp-down constraints				 done
	 constraints: 9) piece linearization constraints			 done
	 constraints: 10) transmissionline limits skipped (is_NetWorkCon != 1 or Gsdf missing or NL=0)
	 constraints: 11) stroges system constraints skipped (is_ConsiderBESS=0)
	 constraints: 12) data centra constraints skipped (is_ConsiderDataCentra != 1)
	 constraints: 13) frequency control constraints skipped (is_ConsiderFrequencyControl != 1)
	 constraints: 14) hydro power limits					 done
+++++++++++++++++++++++++++++++++++++++++++++++++++++++++++++++++++++++++++++++++++++++++++
Step-4: starting Gurobi solver
Step-5: Gurobi solver finished
+++++++++++++++++++++++++++++++++++++++++++++++++++++++++++++++++++++++++++++++++++++++++++

assert_is_solved_and_feasible(scuc) = nothing
solution_summary(scuc) = solution_summary(; result = 1, verbose = false)
├ solver_name          : Gurobi
├ Termination
│ ├ termination_status : OPTIMAL
│ ├ result_count       : 4
│ ├ raw_status         : Model was solved to optimality (subject to tolerances), and an optimal solution is available.
│ └ objective_bound    : 1.53615e+16
├ Solution (result = 1)
│ ├ primal_status        : FEASIBLE_POINT
│ ├ dual_status          : NO_SOLUTION
│ ├ objective_value      : 1.54582e+16
│ └ relative_gap         : 6.25979e-03
└ Work counters
  ├ solve_time (sec)   : 2.69200e+00
  ├ simplex_iterations : 22915
  ├ barrier_iterations : 0
  └ node_count         : 1


Termination Status: OPTIMAL
Acceptable solution found (Status: OPTIMAL).
Step-6: record datas
PART1: [unit-commitment] calculation result has been saved to: D:/GithubClonefiles/module_unitcommitment/output/details_schedule_results/pcm_simulation_results/intervels_[1]/res_schedule_commitment_result.txt
PART1: [unit-commitment] calculation result has been saved to: D:/GithubClonefiles/module_unitcommitment/output/details_schedule_results/pcm_simulation_results/intervels_[1]/res_schedule_commitment_result.txt
Step-3: Creating dispatching model (Refactored & Modularized)
Set parameter Username
Set parameter LicenseID to value 2826524
Academic license - for non-commercial use only - expires 2027-05-22
	 Variables defined.
DEBUG set_objective_economic!: NT=36, NG=54, ND=91, NW=2, NS=1, K=3, size(refcost)=(54,), size(eachslope)=(3, 54)
objective_function
	MILP economic objective set
subject to.
	 constraints: 1) minimum shutup/shutdown time limits			 done
	 constraints: 2) binary variable logic					 done
	 constraints: 3) shutup/shutdown cost					 done
	 constraints: 4) loadcurtailments and spoliedwinds			 done
	 constraints: 5) generatos power limits					 done
	 constraints: 6) system reserves limits					 done
	 constraints: 7) power balance constraints				 done
	 constraints: 8) ramp-up/ramp-down constraints				 done
	 constraints: 9) piece linearization constraints			 done
	 constraints: 10) transmissionline limits skipped (is_NetWorkCon != 1 or Gsdf missing or NL=0)
	 constraints: 11) stroges system constraints skipped (is_ConsiderBESS=0)
	 constraints: 12) data centra constraints skipped (is_ConsiderDataCentra != 1)
	 constraints: 13) frequency control constraints skipped (is_ConsiderFrequencyControl != 1)
	 constraints: 14) hydro power limits					 done
+++++++++++++++++++++++++++++++++++++++++++++++++++++++++++++++++++++++++++++++++++++++++++
Step-4: starting Gurobi solver
Step-5: Gurobi solver finished
+++++++++++++++++++++++++++++++++++++++++++++++++++++++++++++++++++++++++++++++++++++++++++

assert_is_solved_and_feasible(scuc) = nothing
solution_summary(scuc) = solution_summary(; result = 1, verbose = false)
├ solver_name          : Gurobi
├ Termination
│ ├ termination_status : OPTIMAL
│ ├ result_count       : 3
│ ├ raw_status         : Model was solved to optimality (subject to tolerances), and an optimal solution is available.
│ └ objective_bound    : 1.53615e+16
├ Solution (result = 1)
│ ├ primal_status        : FEASIBLE_POINT
│ ├ dual_status          : NO_SOLUTION
│ ├ objective_value      : 1.55458e+16
│ └ relative_gap         : 1.18602e-02
└ Work counters
  ├ solve_time (sec)   : 1.20100e+00
  ├ simplex_iterations : 8872
  ├ barrier_iterations : 0
  └ node_count         : 1


Termination Status: OPTIMAL
Acceptable solution found (Status: OPTIMAL).
Step-6: record datas
PART1: [unit-commitment] calculation result has been saved to: D:/GithubClonefiles/module_unitcommitment/output/details_schedule_results/pcm_simulation_results/intervels_[1]/res_schedule_commitment_result.txt
PART1: [unit-commitment] calculation result has been saved to: D:/GithubClonefiles/module_unitcommitment/output/details_schedule_results/pcm_simulation_results/intervels_[1]/res_schedule_commitment_result.txt
Step-3: Creating dispatching model (Refactored & Modularized)
Set parameter Username
Set parameter LicenseID to value 2826524
Academic license - for non-commercial use only - expires 2027-05-22
	 Variables defined.
DEBUG set_objective_economic!: NT=26, NG=54, ND=91, NW=2, NS=1, K=3, size(refcost)=(54,), size(eachslope)=(3, 54)
objective_function
	MILP economic objective set
subject to.
	 constraints: 1) minimum shutup/shutdown time limits			 done
	 constraints: 2) binary variable logic					 done
	 constraints: 3) shutup/shutdown cost					 done
	 constraints: 4) loadcurtailments and spoliedwinds			 done
	 constraints: 5) generatos power limits					 done
	 constraints: 6) system reserves limits					 done
	 constraints: 7) power balance constraints				 done
	 constraints: 8) ramp-up/ramp-down constraints				 done
	 constraints: 9) piece linearization constraints			 done
	 constraints: 10) transmissionline limits skipped (is_NetWorkCon != 1 or Gsdf missing or NL=0)
	 constraints: 11) stroges system constraints skipped (is_ConsiderBESS=0)
	 constraints: 12) data centra constraints skipped (is_ConsiderDataCentra != 1)
	 constraints: 13) frequency control constraints skipped (is_ConsiderFrequencyControl != 1)
	 constraints: 14) hydro power limits					 done
+++++++++++++++++++++++++++++++++++++++++++++++++++++++++++++++++++++++++++++++++++++++++++
Step-4: starting Gurobi solver
Step-5: Gurobi solver finished
+++++++++++++++++++++++++++++++++++++++++++++++++++++++++++++++++++++++++++++++++++++++++++

assert_is_solved_and_feasible(scuc) = nothing
solution_summary(scuc) = solution_summary(; result = 1, verbose = false)
├ solver_name          : Gurobi
├ Termination
│ ├ termination_status : OPTIMAL
│ ├ result_count       : 2
│ ├ raw_status         : Model was solved to optimality (subject to tolerances), and an optimal solution is available.
│ └ objective_bound    : 1.44449e+16
├ Solution (result = 1)
│ ├ primal_status        : FEASIBLE_POINT
│ ├ dual_status          : NO_SOLUTION
│ ├ objective_value      : 1.44449e+16
│ └ relative_gap         : 3.62758e-14
└ Work counters
  ├ solve_time (sec)   : 9.96000e-01
  ├ simplex_iterations : 9990
  ├ barrier_iterations : 0
  └ node_count         : 1


Termination Status: OPTIMAL
Acceptable solution found (Status: OPTIMAL).
Step-6: record datas
PART1: [unit-commitment] calculation result has been saved to: D:/GithubClonefiles/module_unitcommitment/output/details_schedule_results/pcm_simulation_results/intervels_[1]/res_schedule_commitment_result.txt
PART1: [unit-commitment] calculation result has been saved to: D:/GithubClonefiles/module_unitcommitment/output/details_schedule_results/pcm_simulation_results/intervels_[1]/res_schedule_commitment_result.txt
Step-3: Creating dispatching model (Refactored & Modularized)
Set parameter Username
Set parameter LicenseID to value 2826524
Academic license - for non-commercial use only - expires 2027-05-22
	 Variables defined.
DEBUG set_objective_economic!: NT=31, NG=54, ND=91, NW=2, NS=1, K=3, size(refcost)=(54,), size(eachslope)=(3, 54)
objective_function
	MILP economic objective set
subject to.
	 constraints: 1) minimum shutup/shutdown time limits			 done
	 constraints: 2) binary variable logic					 done
	 constraints: 3) shutup/shutdown cost					 done
	 constraints: 4) loadcurtailments and spoliedwinds			 done
	 constraints: 5) generatos power limits					 done
	 constraints: 6) system reserves limits					 done
	 constraints: 7) power balance constraints				 done
	 constraints: 8) ramp-up/ramp-down constraints				 done
	 constraints: 9) piece linearization constraints			 done
	 constraints: 10) transmissionline limits skipped (is_NetWorkCon != 1 or Gsdf missing or NL=0)
	 constraints: 11) stroges system constraints skipped (is_ConsiderBESS=0)
	 constraints: 12) data centra constraints skipped (is_ConsiderDataCentra != 1)
	 constraints: 13) frequency control constraints skipped (is_ConsiderFrequencyControl != 1)
	 constraints: 14) hydro power limits					 done
+++++++++++++++++++++++++++++++++++++++++++++++++++++++++++++++++++++++++++++++++++++++++++
Step-4: starting Gurobi solver
Step-5: Gurobi solver finished
+++++++++++++++++++++++++++++++++++++++++++++++++++++++++++++++++++++++++++++++++++++++++++

assert_is_solved_and_feasible(scuc) = nothing
solution_summary(scuc) = solution_summary(; result = 1, verbose = false)
├ solver_name          : Gurobi
├ Termination
│ ├ termination_status : OPTIMAL
│ ├ result_count       : 2
│ ├ raw_status         : Model was solved to optimality (subject to tolerances), and an optimal solution is available.
│ └ objective_bound    : 1.53615e+16
├ Solution (result = 1)
│ ├ primal_status        : FEASIBLE_POINT
│ ├ dual_status          : NO_SOLUTION
│ ├ objective_value      : 1.53615e+16
│ └ relative_gap         : 3.54133e-14
└ Work counters
  ├ solve_time (sec)   : 1.55600e+00
  ├ simplex_iterations : 11579
  ├ barrier_iterations : 0
  └ node_count         : 1


Termination Status: OPTIMAL
Acceptable solution found (Status: OPTIMAL).
Step-6: record datas
PART1: [unit-commitment] calculation result has been saved to: D:/GithubClonefiles/module_unitcommitment/output/details_schedule_results/pcm_simulation_results/intervels_[1]/res_schedule_commitment_result.txt
PART1: [unit-commitment] calculation result has been saved to: D:/GithubClonefiles/module_unitcommitment/output/details_schedule_results/pcm_simulation_results/intervels_[1]/res_schedule_commitment_result.txt
Step-3: Creating dispatching model (Refactored & Modularized)
Set parameter Username
Set parameter LicenseID to value 2826524
Academic license - for non-commercial use only - expires 2027-05-22
	 Variables defined.
DEBUG set_objective_economic!: NT=36, NG=54, ND=91, NW=2, NS=1, K=3, size(refcost)=(54,), size(eachslope)=(3, 54)
objective_function
	MILP economic objective set
subject to.
	 constraints: 1) minimum shutup/shutdown time limits			 done
	 constraints: 2) binary variable logic					 done
	 constraints: 3) shutup/shutdown cost					 done
	 constraints: 4) loadcurtailments and spoliedwinds			 done
	 constraints: 5) generatos power limits					 done
	 constraints: 6) system reserves limits					 done
	 constraints: 7) power balance constraints				 done
	 constraints: 8) ramp-up/ramp-down constraints				 done
	 constraints: 9) piece linearization constraints			 done
	 constraints: 10) transmissionline limits skipped (is_NetWorkCon != 1 or Gsdf missing or NL=0)
	 constraints: 11) stroges system constraints skipped (is_ConsiderBESS=0)
	 constraints: 12) data centra constraints skipped (is_ConsiderDataCentra != 1)
	 constraints: 13) frequency control constraints skipped (is_ConsiderFrequencyControl != 1)
	 constraints: 14) hydro power limits					 done
+++++++++++++++++++++++++++++++++++++++++++++++++++++++++++++++++++++++++++++++++++++++++++
Step-4: starting Gurobi solver
Step-5: Gurobi solver finished
+++++++++++++++++++++++++++++++++++++++++++++++++++++++++++++++++++++++++++++++++++++++++++

assert_is_solved_and_feasible(scuc) = nothing
solution_summary(scuc) = solution_summary(; result = 1, verbose = false)
├ solver_name          : Gurobi
├ Termination
│ ├ termination_status : OPTIMAL
│ ├ result_count       : 3
│ ├ raw_status         : Model was solved to optimality (subject to tolerances), and an optimal solution is available.
│ └ objective_bound    : 1.53615e+16
├ Solution (result = 1)
│ ├ primal_status        : FEASIBLE_POINT
│ ├ dual_status          : NO_SOLUTION
│ ├ objective_value      : 1.55458e+16
│ └ relative_gap         : 1.18602e-02
└ Work counters
  ├ solve_time (sec)   : 1.19200e+00
  ├ simplex_iterations : 8872
  ├ barrier_iterations : 0
  └ node_count         : 1


Termination Status: OPTIMAL
Acceptable solution found (Status: OPTIMAL).
Step-6: record datas
PART1: [unit-commitment] calculation result has been saved to: D:/GithubClonefiles/module_unitcommitment/output/details_schedule_results/pcm_simulation_results/intervels_[1]/res_schedule_commitment_result.txt
PART1: [unit-commitment] calculation result has been saved to: D:/GithubClonefiles/module_unitcommitment/output/details_schedule_results/pcm_simulation_results/intervels_[1]/res_schedule_commitment_result.txt
Step-3: Creating dispatching model (Refactored & Modularized)
Set parameter Username
Set parameter LicenseID to value 2826524
Academic license - for non-commercial use only - expires 2027-05-22
	 Variables defined.
DEBUG set_objective_economic!: NT=36, NG=54, ND=91, NW=2, NS=1, K=3, size(refcost)=(54,), size(eachslope)=(3, 54)
objective_function
	MILP economic objective set
subject to.
	 constraints: 1) minimum shutup/shutdown time limits			 done
	 constraints: 2) binary variable logic					 done
	 constraints: 3) shutup/shutdown cost					 done
	 constraints: 4) loadcurtailments and spoliedwinds			 done
	 constraints: 5) generatos power limits					 done
	 constraints: 6) system reserves limits					 done
	 constraints: 7) power balance constraints				 done
	 constraints: 8) ramp-up/ramp-down constraints				 done
	 constraints: 9) piece linearization constraints			 done
	 constraints: 10) transmissionline limits skipped (is_NetWorkCon != 1 or Gsdf missing or NL=0)
	 constraints: 11) stroges system constraints skipped (is_ConsiderBESS=0)
	 constraints: 12) data centra constraints skipped (is_ConsiderDataCentra != 1)
	 constraints: 13) frequency control constraints skipped (is_ConsiderFrequencyControl != 1)
	 constraints: 14) hydro power limits					 done
+++++++++++++++++++++++++++++++++++++++++++++++++++++++++++++++++++++++++++++++++++++++++++
Step-4: starting Gurobi solver
Step-5: Gurobi solver finished
+++++++++++++++++++++++++++++++++++++++++++++++++++++++++++++++++++++++++++++++++++++++++++

assert_is_solved_and_feasible(scuc) = nothing
solution_summary(scuc) = solution_summary(; result = 1, verbose = false)
├ solver_name          : Gurobi
├ Termination
│ ├ termination_status : OPTIMAL
│ ├ result_count       : 2
│ ├ raw_status         : Model was solved to optimality (subject to tolerances), and an optimal solution is available.
│ └ objective_bound    : 1.18316e+16
├ Solution (result = 1)
│ ├ primal_status        : FEASIBLE_POINT
│ ├ dual_status          : NO_SOLUTION
│ ├ objective_value      : 1.18316e+16
│ └ relative_gap         : 8.11385e-15
└ Work counters
  ├ solve_time (sec)   : 2.32100e+00
  ├ simplex_iterations : 11526
  ├ barrier_iterations : 0
  └ node_count         : 1


Termination Status: OPTIMAL
Acceptable solution found (Status: OPTIMAL).
Step-6: record datas
PART1: [unit-commitment] calculation result has been saved to: D:/GithubClonefiles/module_unitcommitment/output/details_schedule_results/pcm_simulation_results/intervels_[1]/res_schedule_commitment_result.txt
Step-3: Creating dispatching model (Refactored & Modularized)
Set parameter Username
Set parameter LicenseID to value 2826524
Academic license - for non-commercial use only - expires 2027-05-22
	 Variables defined.
DEBUG set_objective_economic!: NT=36, NG=54, ND=91, NW=2, NS=1, K=3, size(refcost)=(54,), size(eachslope)=(3, 54)
objective_function
	MILP economic objective set
subject to.
	 constraints: 1) minimum shutup/shutdown time limits			 done
	 constraints: 2) binary variable logic					 done
	 constraints: 3) shutup/shutdown cost					 done
	 constraints: 4) loadcurtailments and spoliedwinds			 done
	 constraints: 5) generatos power limits					 done
	 constraints: 6) system reserves limits					 done
	 constraints: 7) power balance constraints				 done
	 constraints: 8) ramp-up/ramp-down constraints				 done
	 constraints: 9) piece linearization constraints			 done
	 constraints: 10) transmissionline limits skipped (is_NetWorkCon != 1 or Gsdf missing or NL=0)
	 constraints: 11) stroges system constraints skipped (is_ConsiderBESS=0)
	 constraints: 12) data centra constraints skipped (is_ConsiderDataCentra != 1)
	 constraints: 13) frequency control constraints skipped (is_ConsiderFrequencyControl != 1)
	 constraints: 14) hydro power limits					 done
+++++++++++++++++++++++++++++++++++++++++++++++++++++++++++++++++++++++++++++++++++++++++++
Step-4: starting Gurobi solver
Step-5: Gurobi solver finished
+++++++++++++++++++++++++++++++++++++++++++++++++++++++++++++++++++++++++++++++++++++++++++

assert_is_solved_and_feasible(scuc) = nothing
solution_summary(scuc) = solution_summary(; result = 1, verbose = false)
├ solver_name          : Gurobi
├ Termination
│ ├ termination_status : OPTIMAL
│ ├ result_count       : 2
│ ├ raw_status         : Model was solved to optimality (subject to tolerances), and an optimal solution is available.
│ └ objective_bound    : 1.18316e+16
├ Solution (result = 1)
│ ├ primal_status        : FEASIBLE_POINT
│ ├ dual_status          : NO_SOLUTION
│ ├ objective_value      : 1.18316e+16
│ └ relative_gap         : 8.11385e-15
└ Work counters
  ├ solve_time (sec)   : 2.33000e+00
  ├ simplex_iterations : 11526
  ├ barrier_iterations : 0
  └ node_count         : 1


Termination Status: OPTIMAL
Acceptable solution found (Status: OPTIMAL).
Step-6: record datas
PART1: [unit-commitment] calculation result has been saved to: D:/GithubClonefiles/module_unitcommitment/output/details_schedule_results/pcm_simulation_results/intervels_[1]/res_schedule_commitment_result.txt
PART1: [unit-commitment] calculation result has been saved to: D:/GithubClonefiles/module_unitcommitment/output/details_schedule_results/pcm_simulation_results/intervels_[1]/res_schedule_commitment_result.txt
Step-3: Creating dispatching model (Refactored & Modularized)
Set parameter Username
Set parameter LicenseID to value 2826524
Academic license - for non-commercial use only - expires 2027-05-22
	 Variables defined.
DEBUG set_objective_economic!: NT=26, NG=54, ND=91, NW=2, NS=1, K=3, size(refcost)=(54,), size(eachslope)=(3, 54)
objective_function
	MILP economic objective set
subject to.
	 constraints: 1) minimum shutup/shutdown time limits			 done
	 constraints: 2) binary variable logic					 done
	 constraints: 3) shutup/shutdown cost					 done
	 constraints: 4) loadcurtailments and spoliedwinds			 done
	 constraints: 5) generatos power limits					 done
	 constraints: 6) system reserves limits					 done
	 constraints: 7) power balance constraints				 done
	 constraints: 8) ramp-up/ramp-down constraints				 done
	 constraints: 9) piece linearization constraints			 done
	 constraints: 10) transmissionline limits skipped (is_NetWorkCon != 1 or Gsdf missing or NL=0)
	 constraints: 11) stroges system constraints skipped (is_ConsiderBESS=0)
	 constraints: 12) data centra constraints skipped (is_ConsiderDataCentra != 1)
	 constraints: 13) frequency control constraints skipped (is_ConsiderFrequencyControl != 1)
	 constraints: 14) hydro power limits					 done
+++++++++++++++++++++++++++++++++++++++++++++++++++++++++++++++++++++++++++++++++++++++++++
Step-4: starting Gurobi solver
Step-5: Gurobi solver finished
+++++++++++++++++++++++++++++++++++++++++++++++++++++++++++++++++++++++++++++++++++++++++++

assert_is_solved_and_feasible(scuc) = nothing
solution_summary(scuc) = solution_summary(; result = 1, verbose = false)
├ solver_name          : Gurobi
├ Termination
│ ├ termination_status : OPTIMAL
│ ├ result_count       : 2
│ ├ raw_status         : Model was solved to optimality (subject to tolerances), and an optimal solution is available.
│ └ objective_bound    : 1.18316e+16
├ Solution (result = 1)
│ ├ primal_status        : FEASIBLE_POINT
│ ├ dual_status          : NO_SOLUTION
│ ├ objective_value      : 1.18316e+16
│ └ relative_gap         : 3.04269e-15
└ Work counters
  ├ solve_time (sec)   : 9.95000e-01
  ├ simplex_iterations : 10545
  ├ barrier_iterations : 0
  └ node_count         : 1


Termination Status: OPTIMAL
Acceptable solution found (Status: OPTIMAL).
Step-6: record datas
PART1: [unit-commitment] calculation result has been saved to: D:/GithubClonefiles/module_unitcommitment/output/details_schedule_results/pcm_simulation_results/intervels_[1]/res_schedule_commitment_result.txt
PART1: [unit-commitment] calculation result has been saved to: D:/GithubClonefiles/module_unitcommitment/output/details_schedule_results/pcm_simulation_results/intervels_[1]/res_schedule_commitment_result.txt
Step-3: Creating dispatching model (Refactored & Modularized)
Set parameter Username
Set parameter LicenseID to value 2826524
Academic license - for non-commercial use only - expires 2027-05-22
	 Variables defined.
DEBUG set_objective_economic!: NT=31, NG=54, ND=91, NW=2, NS=1, K=3, size(refcost)=(54,), size(eachslope)=(3, 54)
objective_function
	MILP economic objective set
subject to.
	 constraints: 1) minimum shutup/shutdown time limits			 done
	 constraints: 2) binary variable logic					 done
	 constraints: 3) shutup/shutdown cost					 done
	 constraints: 4) loadcurtailments and spoliedwinds			 done
	 constraints: 5) generatos power limits					 done
	 constraints: 6) system reserves limits					 done
	 constraints: 7) power balance constraints				 done
	 constraints: 8) ramp-up/ramp-down constraints				 done
	 constraints: 9) piece linearization constraints			 done
	 constraints: 10) transmissionline limits skipped (is_NetWorkCon != 1 or Gsdf missing or NL=0)
	 constraints: 11) stroges system constraints skipped (is_ConsiderBESS=0)
	 constraints: 12) data centra constraints skipped (is_ConsiderDataCentra != 1)
	 constraints: 13) frequency control constraints skipped (is_ConsiderFrequencyControl != 1)
	 constraints: 14) hydro power limits					 done
+++++++++++++++++++++++++++++++++++++++++++++++++++++++++++++++++++++++++++++++++++++++++++
Step-4: starting Gurobi solver
Step-5: Gurobi solver finished
+++++++++++++++++++++++++++++++++++++++++++++++++++++++++++++++++++++++++++++++++++++++++++

assert_is_solved_and_feasible(scuc) = nothing
solution_summary(scuc) = solution_summary(; result = 1, verbose = false)
├ solver_name          : Gurobi
├ Termination
│ ├ termination_status : OPTIMAL
│ ├ result_count       : 4
│ ├ raw_status         : Model was solved to optimality (subject to tolerances), and an optimal solution is available.
│ └ objective_bound    : 1.18316e+16
├ Solution (result = 1)
│ ├ primal_status        : FEASIBLE_POINT
│ ├ dual_status          : NO_SOLUTION
│ ├ objective_value      : 1.20111e+16
│ └ relative_gap         : 1.49411e-02
└ Work counters
  ├ solve_time (sec)   : 4.76100e+00
  ├ simplex_iterations : 31800
  ├ barrier_iterations : 0
  └ node_count         : 1


Termination Status: OPTIMAL
Acceptable solution found (Status: OPTIMAL).
Step-6: record datas
PART1: [unit-commitment] calculation result has been saved to: D:/GithubClonefiles/module_unitcommitment/output/details_schedule_results/pcm_simulation_results/intervels_[1]/res_schedule_commitment_result.txt
PART1: [unit-commitment] calculation result has been saved to: D:/GithubClonefiles/module_unitcommitment/output/details_schedule_results/pcm_simulation_results/intervels_[1]/res_schedule_commitment_result.txt
Step-3: Creating dispatching model (Refactored & Modularized)
Set parameter Username
Set parameter LicenseID to value 2826524
Academic license - for non-commercial use only - expires 2027-05-22
	 Variables defined.
DEBUG set_objective_economic!: NT=36, NG=54, ND=91, NW=2, NS=1, K=3, size(refcost)=(54,), size(eachslope)=(3, 54)
objective_function
	MILP economic objective set
subject to.
	 constraints: 1) minimum shutup/shutdown time limits			 done
	 constraints: 2) binary variable logic					 done
	 constraints: 3) shutup/shutdown cost					 done
	 constraints: 4) loadcurtailments and spoliedwinds			 done
	 constraints: 5) generatos power limits					 done
	 constraints: 6) system reserves limits					 done
	 constraints: 7) power balance constraints				 done
	 constraints: 8) ramp-up/ramp-down constraints				 done
	 constraints: 9) piece linearization constraints			 done
	 constraints: 10) transmissionline limits skipped (is_NetWorkCon != 1 or Gsdf missing or NL=0)
	 constraints: 11) stroges system constraints skipped (is_ConsiderBESS=0)
	 constraints: 12) data centra constraints skipped (is_ConsiderDataCentra != 1)
	 constraints: 13) frequency control constraints skipped (is_ConsiderFrequencyControl != 1)
	 constraints: 14) hydro power limits					 done
+++++++++++++++++++++++++++++++++++++++++++++++++++++++++++++++++++++++++++++++++++++++++++
Step-4: starting Gurobi solver
Step-5: Gurobi solver finished
+++++++++++++++++++++++++++++++++++++++++++++++++++++++++++++++++++++++++++++++++++++++++++

assert_is_solved_and_feasible(scuc) = nothing
solution_summary(scuc) = solution_summary(; result = 1, verbose = false)
├ solver_name          : Gurobi
├ Termination
│ ├ termination_status : OPTIMAL
│ ├ result_count       : 2
│ ├ raw_status         : Model was solved to optimality (subject to tolerances), and an optimal solution is available.
│ └ objective_bound    : 1.18316e+16
├ Solution (result = 1)
│ ├ primal_status        : FEASIBLE_POINT
│ ├ dual_status          : NO_SOLUTION
│ ├ objective_value      : 1.18316e+16
│ └ relative_gap         : 8.11385e-15
└ Work counters
  ├ solve_time (sec)   : 2.36400e+00
  ├ simplex_iterations : 11526
  ├ barrier_iterations : 0
  └ node_count         : 1


Termination Status: OPTIMAL
Acceptable solution found (Status: OPTIMAL).
Step-6: record datas
PART1: [unit-commitment] calculation result has been saved to: D:/GithubClonefiles/module_unitcommitment/output/details_schedule_results/pcm_simulation_results/intervels_[1]/res_schedule_commitment_result.txt
PART1: [unit-commitment] calculation result has been saved to: D:/GithubClonefiles/module_unitcommitment/output/details_schedule_results/pcm_simulation_results/intervels_[1]/res_schedule_commitment_result.txt
Step-3: Creating dispatching model (Refactored & Modularized)
Set parameter Username
Set parameter LicenseID to value 2826524
Academic license - for non-commercial use only - expires 2027-05-22
	 Variables defined.
DEBUG set_objective_economic!: NT=36, NG=54, ND=91, NW=2, NS=1, K=3, size(refcost)=(54,), size(eachslope)=(3, 54)
objective_function
	MILP economic objective set
subject to.
	 constraints: 1) minimum shutup/shutdown time limits			 done
	 constraints: 2) binary variable logic					 done
	 constraints: 3) shutup/shutdown cost					 done
	 constraints: 4) loadcurtailments and spoliedwinds			 done
	 constraints: 5) generatos power limits					 done
	 constraints: 6) system reserves limits					 done
	 constraints: 7) power balance constraints				 done
	 constraints: 8) ramp-up/ramp-down constraints				 done
	 constraints: 9) piece linearization constraints			 done
	 constraints: 10) transmissionline limits skipped (is_NetWorkCon != 1 or Gsdf missing or NL=0)
	 constraints: 11) stroges system constraints skipped (is_ConsiderBESS=0)
	 constraints: 12) data centra constraints skipped (is_ConsiderDataCentra != 1)
	 constraints: 13) frequency control constraints skipped (is_ConsiderFrequencyControl != 1)
	 constraints: 14) hydro power limits					 done
+++++++++++++++++++++++++++++++++++++++++++++++++++++++++++++++++++++++++++++++++++++++++++
Step-4: starting Gurobi solver
Step-5: Gurobi solver finished
+++++++++++++++++++++++++++++++++++++++++++++++++++++++++++++++++++++++++++++++++++++++++++

assert_is_solved_and_feasible(scuc) = nothing
solution_summary(scuc) = solution_summary(; result = 1, verbose = false)
├ solver_name          : Gurobi
├ Termination
│ ├ termination_status : OPTIMAL
│ ├ result_count       : 5
│ ├ raw_status         : Model was solved to optimality (subject to tolerances), and an optimal solution is available.
│ └ objective_bound    : 3.26119e+16
├ Solution (result = 1)
│ ├ primal_status        : FEASIBLE_POINT
│ ├ dual_status          : NO_SOLUTION
│ ├ objective_value      : 3.26119e+16
│ └ relative_gap         : 1.75396e-14
└ Work counters
  ├ solve_time (sec)   : 3.09900e+00
  ├ simplex_iterations : 10523
  ├ barrier_iterations : 0
  └ node_count         : 1


Termination Status: OPTIMAL
Acceptable solution found (Status: OPTIMAL).
Step-6: record datas
PART1: [unit-commitment] calculation result has been saved to: D:/GithubClonefiles/module_unitcommitment/output/details_schedule_results/pcm_simulation_results/intervels_[1]/res_schedule_commitment_result.txt
PART1: [unit-commitment] calculation result has been saved to: D:/GithubClonefiles/module_unitcommitment/output/details_schedule_results/pcm_simulation_results/intervels_[1]/res_schedule_commitment_result.txt
Step-3: Creating dispatching model (Refactored & Modularized)
Set parameter Username
Set parameter LicenseID to value 2826524
Academic license - for non-commercial use only - expires 2027-05-22
	 Variables defined.
DEBUG set_objective_economic!: NT=26, NG=54, ND=91, NW=2, NS=1, K=3, size(refcost)=(54,), size(eachslope)=(3, 54)
objective_function
	MILP economic objective set
subject to.
	 constraints: 1) minimum shutup/shutdown time limits			 done
	 constraints: 2) binary variable logic					 done
	 constraints: 3) shutup/shutdown cost					 done
	 constraints: 4) loadcurtailments and spoliedwinds			 done
	 constraints: 5) generatos power limits					 done
	 constraints: 6) system reserves limits					 done
	 constraints: 7) power balance constraints				 done
	 constraints: 8) ramp-up/ramp-down constraints				 done
	 constraints: 9) piece linearization constraints			 done
	 constraints: 10) transmissionline limits skipped (is_NetWorkCon != 1 or Gsdf missing or NL=0)
	 constraints: 11) stroges system constraints skipped (is_ConsiderBESS=0)
	 constraints: 12) data centra constraints skipped (is_ConsiderDataCentra != 1)
	 constraints: 13) frequency control constraints skipped (is_ConsiderFrequencyControl != 1)
	 constraints: 14) hydro power limits					 done
+++++++++++++++++++++++++++++++++++++++++++++++++++++++++++++++++++++++++++++++++++++++++++
Step-4: starting Gurobi solver
Step-5: Gurobi solver finished
+++++++++++++++++++++++++++++++++++++++++++++++++++++++++++++++++++++++++++++++++++++++++++

assert_is_solved_and_feasible(scuc) = nothing
solution_summary(scuc) = solution_summary(; result = 1, verbose = false)
├ solver_name          : Gurobi
├ Termination
│ ├ termination_status : OPTIMAL
│ ├ result_count       : 2
│ ├ raw_status         : Model was solved to optimality (subject to tolerances), and an optimal solution is available.
│ └ objective_bound    : 3.26119e+16
├ Solution (result = 1)
│ ├ primal_status        : FEASIBLE_POINT
│ ├ dual_status          : NO_SOLUTION
│ ├ objective_value      : 3.26119e+16
│ └ relative_gap         : 1.21428e-14
└ Work counters
  ├ solve_time (sec)   : 9.40000e-01
  ├ simplex_iterations : 10109
  ├ barrier_iterations : 0
  └ node_count         : 1


Termination Status: OPTIMAL
Acceptable solution found (Status: OPTIMAL).
Step-6: record datas
PART1: [unit-commitment] calculation result has been saved to: D:/GithubClonefiles/module_unitcommitment/output/details_schedule_results/pcm_simulation_results/intervels_[1]/res_schedule_commitment_result.txt
PART1: [unit-commitment] calculation result has been saved to: D:/GithubClonefiles/module_unitcommitment/output/details_schedule_results/pcm_simulation_results/intervels_[1]/res_schedule_commitment_result.txt
Step-3: Creating dispatching model (Refactored & Modularized)
Set parameter Username
Set parameter LicenseID to value 2826524
Academic license - for non-commercial use only - expires 2027-05-22
	 Variables defined.
DEBUG set_objective_economic!: NT=31, NG=54, ND=91, NW=2, NS=1, K=3, size(refcost)=(54,), size(eachslope)=(3, 54)
objective_function
	MILP economic objective set
subject to.
	 constraints: 1) minimum shutup/shutdown time limits			 done
	 constraints: 2) binary variable logic					 done
	 constraints: 3) shutup/shutdown cost					 done
	 constraints: 4) loadcurtailments and spoliedwinds			 done
	 constraints: 5) generatos power limits					 done
	 constraints: 6) system reserves limits					 done
	 constraints: 7) power balance constraints				 done
	 constraints: 8) ramp-up/ramp-down constraints				 done
	 constraints: 9) piece linearization constraints			 done
	 constraints: 10) transmissionline limits skipped (is_NetWorkCon != 1 or Gsdf missing or NL=0)
	 constraints: 11) stroges system constraints skipped (is_ConsiderBESS=0)
	 constraints: 12) data centra constraints skipped (is_ConsiderDataCentra != 1)
	 constraints: 13) frequency control constraints skipped (is_ConsiderFrequencyControl != 1)
	 constraints: 14) hydro power limits					 done
+++++++++++++++++++++++++++++++++++++++++++++++++++++++++++++++++++++++++++++++++++++++++++
Step-4: starting Gurobi solver
Step-5: Gurobi solver finished
+++++++++++++++++++++++++++++++++++++++++++++++++++++++++++++++++++++++++++++++++++++++++++

assert_is_solved_and_feasible(scuc) = nothing
solution_summary(scuc) = solution_summary(; result = 1, verbose = false)
├ solver_name          : Gurobi
├ Termination
│ ├ termination_status : OPTIMAL
│ ├ result_count       : 3
│ ├ raw_status         : Model was solved to optimality (subject to tolerances), and an optimal solution is available.
│ └ objective_bound    : 3.26119e+16
├ Solution (result = 1)
│ ├ primal_status        : FEASIBLE_POINT
│ ├ dual_status          : NO_SOLUTION
│ ├ objective_value      : 3.26119e+16
│ └ relative_gap         : 1.48412e-14
└ Work counters
  ├ solve_time (sec)   : 1.17700e+00
  ├ simplex_iterations : 11485
  ├ barrier_iterations : 0
  └ node_count         : 1


Termination Status: OPTIMAL
Acceptable solution found (Status: OPTIMAL).
Step-6: record datas
PART1: [unit-commitment] calculation result has been saved to: D:/GithubClonefiles/module_unitcommitment/output/details_schedule_results/pcm_simulation_results/intervels_[1]/res_schedule_commitment_result.txt
PART1: [unit-commitment] calculation result has been saved to: D:/GithubClonefiles/module_unitcommitment/output/details_schedule_results/pcm_simulation_results/intervels_[1]/res_schedule_commitment_result.txt
Step-3: Creating dispatching model (Refactored & Modularized)
Set parameter Username
Set parameter LicenseID to value 2826524
Academic license - for non-commercial use only - expires 2027-05-22
	 Variables defined.
DEBUG set_objective_economic!: NT=36, NG=54, ND=91, NW=2, NS=1, K=3, size(refcost)=(54,), size(eachslope)=(3, 54)
objective_function
	MILP economic objective set
subject to.
	 constraints: 1) minimum shutup/shutdown time limits			 done
	 constraints: 2) binary variable logic					 done
	 constraints: 3) shutup/shutdown cost					 done
	 constraints: 4) loadcurtailments and spoliedwinds			 done
	 constraints: 5) generatos power limits					 done
	 constraints: 6) system reserves limits					 done
	 constraints: 7) power balance constraints				 done
	 constraints: 8) ramp-up/ramp-down constraints				 done
	 constraints: 9) piece linearization constraints			 done
	 constraints: 10) transmissionline limits skipped (is_NetWorkCon != 1 or Gsdf missing or NL=0)
	 constraints: 11) stroges system constraints skipped (is_ConsiderBESS=0)
	 constraints: 12) data centra constraints skipped (is_ConsiderDataCentra != 1)
	 constraints: 13) frequency control constraints skipped (is_ConsiderFrequencyControl != 1)
	 constraints: 14) hydro power limits					 done
+++++++++++++++++++++++++++++++++++++++++++++++++++++++++++++++++++++++++++++++++++++++++++
Step-4: starting Gurobi solver
Step-5: Gurobi solver finished
+++++++++++++++++++++++++++++++++++++++++++++++++++++++++++++++++++++++++++++++++++++++++++

assert_is_solved_and_feasible(scuc) = nothing
solution_summary(scuc) = solution_summary(; result = 1, verbose = false)
├ solver_name          : Gurobi
├ Termination
│ ├ termination_status : OPTIMAL
│ ├ result_count       : 5
│ ├ raw_status         : Model was solved to optimality (subject to tolerances), and an optimal solution is available.
│ └ objective_bound    : 3.26119e+16
├ Solution (result = 1)
│ ├ primal_status        : FEASIBLE_POINT
│ ├ dual_status          : NO_SOLUTION
│ ├ objective_value      : 3.26119e+16
│ └ relative_gap         : 1.75396e-14
└ Work counters
  ├ solve_time (sec)   : 3.07600e+00
  ├ simplex_iterations : 10523
  ├ barrier_iterations : 0
  └ node_count         : 1


Termination Status: OPTIMAL
Acceptable solution found (Status: OPTIMAL).
Step-6: record datas
PART1: [unit-commitment] calculation result has been saved to: D:/GithubClonefiles/module_unitcommitment/output/details_schedule_results/pcm_simulation_results/intervels_[1]/res_schedule_commitment_result.txt
PART1: [unit-commitment] calculation result has been saved to: D:/GithubClonefiles/module_unitcommitment/output/details_schedule_results/pcm_simulation_results/intervels_[1]/res_schedule_commitment_result.txt
Step-3: Creating dispatching model (Refactored & Modularized)
Set parameter Username
Set parameter LicenseID to value 2826524
Academic license - for non-commercial use only - expires 2027-05-22
	 Variables defined.
DEBUG set_objective_economic!: NT=36, NG=54, ND=91, NW=2, NS=1, K=3, size(refcost)=(54,), size(eachslope)=(3, 54)
objective_function
	MILP economic objective set
subject to.
	 constraints: 1) minimum shutup/shutdown time limits			 done
	 constraints: 2) binary variable logic					 done
	 constraints: 3) shutup/shutdown cost					 done
	 constraints: 4) loadcurtailments and spoliedwinds			 done
	 constraints: 5) generatos power limits					 done
	 constraints: 6) system reserves limits					 done
	 constraints: 7) power balance constraints				 done
	 constraints: 8) ramp-up/ramp-down constraints				 done
	 constraints: 9) piece linearization constraints			 done
	 constraints: 10) transmissionline limits skipped (is_NetWorkCon != 1 or Gsdf missing or NL=0)
	 constraints: 11) stroges system constraints skipped (is_ConsiderBESS=0)
	 constraints: 12) data centra constraints skipped (is_ConsiderDataCentra != 1)
	 constraints: 13) frequency control constraints skipped (is_ConsiderFrequencyControl != 1)
	 constraints: 14) hydro power limits					 done
+++++++++++++++++++++++++++++++++++++++++++++++++++++++++++++++++++++++++++++++++++++++++++
Step-4: starting Gurobi solver
Step-5: Gurobi solver finished
+++++++++++++++++++++++++++++++++++++++++++++++++++++++++++++++++++++++++++++++++++++++++++

assert_is_solved_and_feasible(scuc) = nothing
solution_summary(scuc) = solution_summary(; result = 1, verbose = false)
├ solver_name          : Gurobi
├ Termination
│ ├ termination_status : OPTIMAL
│ ├ result_count       : 3
│ ├ raw_status         : Model was solved to optimality (subject to tolerances), and an optimal solution is available.
│ └ objective_bound    : 5.50465e+16
├ Solution (result = 1)
│ ├ primal_status        : FEASIBLE_POINT
│ ├ dual_status          : NO_SOLUTION
│ ├ objective_value      : 5.52728e+16
│ └ relative_gap         : 4.09392e-03
└ Work counters
  ├ solve_time (sec)   : 2.04000e+00
  ├ simplex_iterations : 10213
  ├ barrier_iterations : 0
  └ node_count         : 1


Termination Status: OPTIMAL
Acceptable solution found (Status: OPTIMAL).
Step-6: record datas
PART1: [unit-commitment] calculation result has been saved to: D:/GithubClonefiles/module_unitcommitment/output/details_schedule_results/pcm_simulation_results/intervels_[1]/res_schedule_commitment_result.txt
Step-3: Creating dispatching model (Refactored & Modularized)
Set parameter Username
Set parameter LicenseID to value 2826524
Academic license - for non-commercial use only - expires 2027-05-22
	 Variables defined.
DEBUG set_objective_economic!: NT=36, NG=54, ND=91, NW=2, NS=1, K=3, size(refcost)=(54,), size(eachslope)=(3, 54)
objective_function
	MILP economic objective set
subject to.
	 constraints: 1) minimum shutup/shutdown time limits			 done
	 constraints: 2) binary variable logic					 done
	 constraints: 3) shutup/shutdown cost					 done
	 constraints: 4) loadcurtailments and spoliedwinds			 done
	 constraints: 5) generatos power limits					 done
	 constraints: 6) system reserves limits					 done
	 constraints: 7) power balance constraints				 done
	 constraints: 8) ramp-up/ramp-down constraints				 done
	 constraints: 9) piece linearization constraints			 done
	 constraints: 10) transmissionline limits skipped (is_NetWorkCon != 1 or Gsdf missing or NL=0)
	 constraints: 11) stroges system constraints skipped (is_ConsiderBESS=0)
	 constraints: 12) data centra constraints skipped (is_ConsiderDataCentra != 1)
	 constraints: 13) frequency control constraints skipped (is_ConsiderFrequencyControl != 1)
	 constraints: 14) hydro power limits					 done
+++++++++++++++++++++++++++++++++++++++++++++++++++++++++++++++++++++++++++++++++++++++++++
Step-4: starting Gurobi solver
Step-5: Gurobi solver finished
+++++++++++++++++++++++++++++++++++++++++++++++++++++++++++++++++++++++++++++++++++++++++++

assert_is_solved_and_feasible(scuc) = nothing
solution_summary(scuc) = solution_summary(; result = 1, verbose = false)
├ solver_name          : Gurobi
├ Termination
│ ├ termination_status : OPTIMAL
│ ├ result_count       : 3
│ ├ raw_status         : Model was solved to optimality (subject to tolerances), and an optimal solution is available.
│ └ objective_bound    : 5.50465e+16
├ Solution (result = 1)
│ ├ primal_status        : FEASIBLE_POINT
│ ├ dual_status          : NO_SOLUTION
│ ├ objective_value      : 5.52728e+16
│ └ relative_gap         : 4.09392e-03
└ Work counters
  ├ solve_time (sec)   : 2.05100e+00
  ├ simplex_iterations : 10213
  ├ barrier_iterations : 0
  └ node_count         : 1


Termination Status: OPTIMAL
Acceptable solution found (Status: OPTIMAL).
Step-6: record datas
PART1: [unit-commitment] calculation result has been saved to: D:/GithubClonefiles/module_unitcommitment/output/details_schedule_results/pcm_simulation_results/intervels_[1]/res_schedule_commitment_result.txt
PART1: [unit-commitment] calculation result has been saved to: D:/GithubClonefiles/module_unitcommitment/output/details_schedule_results/pcm_simulation_results/intervels_[1]/res_schedule_commitment_result.txt
Step-3: Creating dispatching model (Refactored & Modularized)
Set parameter Username
Set parameter LicenseID to value 2826524
Academic license - for non-commercial use only - expires 2027-05-22
	 Variables defined.
DEBUG set_objective_economic!: NT=26, NG=54, ND=91, NW=2, NS=1, K=3, size(refcost)=(54,), size(eachslope)=(3, 54)
objective_function
	MILP economic objective set
subject to.
	 constraints: 1) minimum shutup/shutdown time limits			 done
	 constraints: 2) binary variable logic					 done
	 constraints: 3) shutup/shutdown cost					 done
	 constraints: 4) loadcurtailments and spoliedwinds			 done
	 constraints: 5) generatos power limits					 done
	 constraints: 6) system reserves limits					 done
	 constraints: 7) power balance constraints				 done
	 constraints: 8) ramp-up/ramp-down constraints				 done
	 constraints: 9) piece linearization constraints			 done
	 constraints: 10) transmissionline limits skipped (is_NetWorkCon != 1 or Gsdf missing or NL=0)
	 constraints: 11) stroges system constraints skipped (is_ConsiderBESS=0)
	 constraints: 12) data centra constraints skipped (is_ConsiderDataCentra != 1)
	 constraints: 13) frequency control constraints skipped (is_ConsiderFrequencyControl != 1)
	 constraints: 14) hydro power limits					 done
+++++++++++++++++++++++++++++++++++++++++++++++++++++++++++++++++++++++++++++++++++++++++++
Step-4: starting Gurobi solver
Step-5: Gurobi solver finished
+++++++++++++++++++++++++++++++++++++++++++++++++++++++++++++++++++++++++++++++++++++++++++

assert_is_solved_and_feasible(scuc) = nothing
solution_summary(scuc) = solution_summary(; result = 1, verbose = false)
├ solver_name          : Gurobi
├ Termination
│ ├ termination_status : OPTIMAL
│ ├ result_count       : 1
│ ├ raw_status         : Model was solved to optimality (subject to tolerances), and an optimal solution is available.
│ └ objective_bound    : 5.50465e+16
├ Solution (result = 1)
│ ├ primal_status        : FEASIBLE_POINT
│ ├ dual_status          : NO_SOLUTION
│ ├ objective_value      : 5.55309e+16
│ └ relative_gap         : 8.72320e-03
└ Work counters
  ├ solve_time (sec)   : 8.22000e-01
  ├ simplex_iterations : 10549
  ├ barrier_iterations : 0
  └ node_count         : 1


Termination Status: OPTIMAL
Acceptable solution found (Status: OPTIMAL).
Step-6: record datas
PART1: [unit-commitment] calculation result has been saved to: D:/GithubClonefiles/module_unitcommitment/output/details_schedule_results/pcm_simulation_results/intervels_[1]/res_schedule_commitment_result.txt
PART1: [unit-commitment] calculation result has been saved to: D:/GithubClonefiles/module_unitcommitment/output/details_schedule_results/pcm_simulation_results/intervels_[1]/res_schedule_commitment_result.txt
Step-3: Creating dispatching model (Refactored & Modularized)
Set parameter Username
Set parameter LicenseID to value 2826524
Academic license - for non-commercial use only - expires 2027-05-22
	 Variables defined.
DEBUG set_objective_economic!: NT=31, NG=54, ND=91, NW=2, NS=1, K=3, size(refcost)=(54,), size(eachslope)=(3, 54)
objective_function
	MILP economic objective set
subject to.
	 constraints: 1) minimum shutup/shutdown time limits			 done
	 constraints: 2) binary variable logic					 done
	 constraints: 3) shutup/shutdown cost					 done
	 constraints: 4) loadcurtailments and spoliedwinds			 done
	 constraints: 5) generatos power limits					 done
	 constraints: 6) system reserves limits					 done
	 constraints: 7) power balance constraints				 done
	 constraints: 8) ramp-up/ramp-down constraints				 done
	 constraints: 9) piece linearization constraints			 done
	 constraints: 10) transmissionline limits skipped (is_NetWorkCon != 1 or Gsdf missing or NL=0)
	 constraints: 11) stroges system constraints skipped (is_ConsiderBESS=0)
	 constraints: 12) data centra constraints skipped (is_ConsiderDataCentra != 1)
	 constraints: 13) frequency control constraints skipped (is_ConsiderFrequencyControl != 1)
	 constraints: 14) hydro power limits					 done
+++++++++++++++++++++++++++++++++++++++++++++++++++++++++++++++++++++++++++++++++++++++++++
Step-4: starting Gurobi solver
Step-5: Gurobi solver finished
+++++++++++++++++++++++++++++++++++++++++++++++++++++++++++++++++++++++++++++++++++++++++++

assert_is_solved_and_feasible(scuc) = nothing
solution_summary(scuc) = solution_summary(; result = 1, verbose = false)
├ solver_name          : Gurobi
├ Termination
│ ├ termination_status : OPTIMAL
│ ├ result_count       : 4
│ ├ raw_status         : Model was solved to optimality (subject to tolerances), and an optimal solution is available.
│ └ objective_bound    : 5.50465e+16
├ Solution (result = 1)
│ ├ primal_status        : FEASIBLE_POINT
│ ├ dual_status          : NO_SOLUTION
│ ├ objective_value      : 5.57204e+16
│ └ relative_gap         : 1.20943e-02
└ Work counters
  ├ solve_time (sec)   : 2.45700e+00
  ├ simplex_iterations : 14982
  ├ barrier_iterations : 0
  └ node_count         : 1


Termination Status: OPTIMAL
Acceptable solution found (Status: OPTIMAL).
Step-6: record datas
PART1: [unit-commitment] calculation result has been saved to: D:/GithubClonefiles/module_unitcommitment/output/details_schedule_results/pcm_simulation_results/intervels_[1]/res_schedule_commitment_result.txt
PART1: [unit-commitment] calculation result has been saved to: D:/GithubClonefiles/module_unitcommitment/output/details_schedule_results/pcm_simulation_results/intervels_[1]/res_schedule_commitment_result.txt
Step-3: Creating dispatching model (Refactored & Modularized)
Set parameter Username
Set parameter LicenseID to value 2826524
Academic license - for non-commercial use only - expires 2027-05-22
	 Variables defined.
DEBUG set_objective_economic!: NT=36, NG=54, ND=91, NW=2, NS=1, K=3, size(refcost)=(54,), size(eachslope)=(3, 54)
objective_function
	MILP economic objective set
subject to.
	 constraints: 1) minimum shutup/shutdown time limits			 done
	 constraints: 2) binary variable logic					 done
	 constraints: 3) shutup/shutdown cost					 done
	 constraints: 4) loadcurtailments and spoliedwinds			 done
	 constraints: 5) generatos power limits					 done
	 constraints: 6) system reserves limits					 done
	 constraints: 7) power balance constraints				 done
	 constraints: 8) ramp-up/ramp-down constraints				 done
	 constraints: 9) piece linearization constraints			 done
	 constraints: 10) transmissionline limits skipped (is_NetWorkCon != 1 or Gsdf missing or NL=0)
	 constraints: 11) stroges system constraints skipped (is_ConsiderBESS=0)
	 constraints: 12) data centra constraints skipped (is_ConsiderDataCentra != 1)
	 constraints: 13) frequency control constraints skipped (is_ConsiderFrequencyControl != 1)
	 constraints: 14) hydro power limits					 done
+++++++++++++++++++++++++++++++++++++++++++++++++++++++++++++++++++++++++++++++++++++++++++
Step-4: starting Gurobi solver
Step-5: Gurobi solver finished
+++++++++++++++++++++++++++++++++++++++++++++++++++++++++++++++++++++++++++++++++++++++++++

assert_is_solved_and_feasible(scuc) = nothing
solution_summary(scuc) = solution_summary(; result = 1, verbose = false)
├ solver_name          : Gurobi
├ Termination
│ ├ termination_status : OPTIMAL
│ ├ result_count       : 3
│ ├ raw_status         : Model was solved to optimality (subject to tolerances), and an optimal solution is available.
│ └ objective_bound    : 5.50465e+16
├ Solution (result = 1)
│ ├ primal_status        : FEASIBLE_POINT
│ ├ dual_status          : NO_SOLUTION
│ ├ objective_value      : 5.52728e+16
│ └ relative_gap         : 4.09392e-03
└ Work counters
  ├ solve_time (sec)   : 2.06300e+00
  ├ simplex_iterations : 10213
  ├ barrier_iterations : 0
  └ node_count         : 1


Termination Status: OPTIMAL
Acceptable solution found (Status: OPTIMAL).
Step-6: record datas
PART1: [unit-commitment] calculation result has been saved to: D:/GithubClonefiles/module_unitcommitment/output/details_schedule_results/pcm_simulation_results/intervels_[1]/res_schedule_commitment_result.txt
PART1: [unit-commitment] calculation result has been saved to: D:/GithubClonefiles/module_unitcommitment/output/details_schedule_results/pcm_simulation_results/intervels_[1]/res_schedule_commitment_result.txt
Step-3: Creating dispatching model (Refactored & Modularized)
Set parameter Username
Set parameter LicenseID to value 2826524
Academic license - for non-commercial use only - expires 2027-05-22
	 Variables defined.
DEBUG set_objective_economic!: NT=36, NG=54, ND=91, NW=2, NS=1, K=3, size(refcost)=(54,), size(eachslope)=(3, 54)
objective_function
	MILP economic objective set
subject to.
	 constraints: 1) minimum shutup/shutdown time limits			 done
	 constraints: 2) binary variable logic					 done
	 constraints: 3) shutup/shutdown cost					 done
	 constraints: 4) loadcurtailments and spoliedwinds			 done
	 constraints: 5) generatos power limits					 done
	 constraints: 6) system reserves limits					 done
	 constraints: 7) power balance constraints				 done
	 constraints: 8) ramp-up/ramp-down constraints				 done
	 constraints: 9) piece linearization constraints			 done
	 constraints: 10) transmissionline limits skipped (is_NetWorkCon != 1 or Gsdf missing or NL=0)
	 constraints: 11) stroges system constraints skipped (is_ConsiderBESS=0)
	 constraints: 12) data centra constraints skipped (is_ConsiderDataCentra != 1)
	 constraints: 13) frequency control constraints skipped (is_ConsiderFrequencyControl != 1)
	 constraints: 14) hydro power limits					 done
+++++++++++++++++++++++++++++++++++++++++++++++++++++++++++++++++++++++++++++++++++++++++++
Step-4: starting Gurobi solver
Step-5: Gurobi solver finished
+++++++++++++++++++++++++++++++++++++++++++++++++++++++++++++++++++++++++++++++++++++++++++

assert_is_solved_and_feasible(scuc) = nothing
solution_summary(scuc) = solution_summary(; result = 1, verbose = false)
├ solver_name          : Gurobi
├ Termination
│ ├ termination_status : OPTIMAL
│ ├ result_count       : 2
│ ├ raw_status         : Model was solved to optimality (subject to tolerances), and an optimal solution is available.
│ └ objective_bound    : 8.17165e+16
├ Solution (result = 1)
│ ├ primal_status        : FEASIBLE_POINT
│ ├ dual_status          : NO_SOLUTION
│ ├ objective_value      : 8.17790e+16
│ └ relative_gap         : 7.64490e-04
└ Work counters
  ├ solve_time (sec)   : 1.42600e+00
  ├ simplex_iterations : 10561
  ├ barrier_iterations : 0
  └ node_count         : 1


Termination Status: OPTIMAL
Acceptable solution found (Status: OPTIMAL).
Step-6: record datas
PART1: [unit-commitment] calculation result has been saved to: D:/GithubClonefiles/module_unitcommitment/output/details_schedule_results/pcm_simulation_results/intervels_[1]/res_schedule_commitment_result.txt
PART1: [unit-commitment] calculation result has been saved to: D:/GithubClonefiles/module_unitcommitment/output/details_schedule_results/pcm_simulation_results/intervels_[1]/res_schedule_commitment_result.txt
Step-3: Creating dispatching model (Refactored & Modularized)
Set parameter Username
Set parameter LicenseID to value 2826524
Academic license - for non-commercial use only - expires 2027-05-22
	 Variables defined.
DEBUG set_objective_economic!: NT=26, NG=54, ND=91, NW=2, NS=1, K=3, size(refcost)=(54,), size(eachslope)=(3, 54)
objective_function
	MILP economic objective set
subject to.
	 constraints: 1) minimum shutup/shutdown time limits			 done
	 constraints: 2) binary variable logic					 done
	 constraints: 3) shutup/shutdown cost					 done
	 constraints: 4) loadcurtailments and spoliedwinds			 done
	 constraints: 5) generatos power limits					 done
	 constraints: 6) system reserves limits					 done
	 constraints: 7) power balance constraints				 done
	 constraints: 8) ramp-up/ramp-down constraints				 done
	 constraints: 9) piece linearization constraints			 done
	 constraints: 10) transmissionline limits skipped (is_NetWorkCon != 1 or Gsdf missing or NL=0)
	 constraints: 11) stroges system constraints skipped (is_ConsiderBESS=0)
	 constraints: 12) data centra constraints skipped (is_ConsiderDataCentra != 1)
	 constraints: 13) frequency control constraints skipped (is_ConsiderFrequencyControl != 1)
	 constraints: 14) hydro power limits					 done
+++++++++++++++++++++++++++++++++++++++++++++++++++++++++++++++++++++++++++++++++++++++++++
Step-4: starting Gurobi solver
Step-5: Gurobi solver finished
+++++++++++++++++++++++++++++++++++++++++++++++++++++++++++++++++++++++++++++++++++++++++++

assert_is_solved_and_feasible(scuc) = nothing
solution_summary(scuc) = solution_summary(; result = 1, verbose = false)
├ solver_name          : Gurobi
├ Termination
│ ├ termination_status : OPTIMAL
│ ├ result_count       : 2
│ ├ raw_status         : Model was solved to optimality (subject to tolerances), and an optimal solution is available.
│ └ objective_bound    : 8.17165e+16
├ Solution (result = 1)
│ ├ primal_status        : FEASIBLE_POINT
│ ├ dual_status          : NO_SOLUTION
│ ├ objective_value      : 8.17165e+16
│ └ relative_gap         : 0.00000e+00
└ Work counters
  ├ solve_time (sec)   : 1.00100e+00
  ├ simplex_iterations : 10378
  ├ barrier_iterations : 0
  └ node_count         : 1


Termination Status: OPTIMAL
Acceptable solution found (Status: OPTIMAL).
Step-6: record datas
PART1: [unit-commitment] calculation result has been saved to: D:/GithubClonefiles/module_unitcommitment/output/details_schedule_results/pcm_simulation_results/intervels_[1]/res_schedule_commitment_result.txt
PART1: [unit-commitment] calculation result has been saved to: D:/GithubClonefiles/module_unitcommitment/output/details_schedule_results/pcm_simulation_results/intervels_[1]/res_schedule_commitment_result.txt
Step-3: Creating dispatching model (Refactored & Modularized)
Set parameter Username
Set parameter LicenseID to value 2826524
Academic license - for non-commercial use only - expires 2027-05-22
	 Variables defined.
DEBUG set_objective_economic!: NT=31, NG=54, ND=91, NW=2, NS=1, K=3, size(refcost)=(54,), size(eachslope)=(3, 54)
objective_function
	MILP economic objective set
subject to.
	 constraints: 1) minimum shutup/shutdown time limits			 done
	 constraints: 2) binary variable logic					 done
	 constraints: 3) shutup/shutdown cost					 done
	 constraints: 4) loadcurtailments and spoliedwinds			 done
	 constraints: 5) generatos power limits					 done
	 constraints: 6) system reserves limits					 done
	 constraints: 7) power balance constraints				 done
	 constraints: 8) ramp-up/ramp-down constraints				 done
	 constraints: 9) piece linearization constraints			 done
	 constraints: 10) transmissionline limits skipped (is_NetWorkCon != 1 or Gsdf missing or NL=0)
	 constraints: 11) stroges system constraints skipped (is_ConsiderBESS=0)
	 constraints: 12) data centra constraints skipped (is_ConsiderDataCentra != 1)
	 constraints: 13) frequency control constraints skipped (is_ConsiderFrequencyControl != 1)
	 constraints: 14) hydro power limits					 done
+++++++++++++++++++++++++++++++++++++++++++++++++++++++++++++++++++++++++++++++++++++++++++
Step-4: starting Gurobi solver
Step-5: Gurobi solver finished
+++++++++++++++++++++++++++++++++++++++++++++++++++++++++++++++++++++++++++++++++++++++++++

assert_is_solved_and_feasible(scuc) = nothing
solution_summary(scuc) = solution_summary(; result = 1, verbose = false)
├ solver_name          : Gurobi
├ Termination
│ ├ termination_status : OPTIMAL
│ ├ result_count       : 1
│ ├ raw_status         : Model was solved to optimality (subject to tolerances), and an optimal solution is available.
│ └ objective_bound    : 8.17165e+16
├ Solution (result = 1)
│ ├ primal_status        : FEASIBLE_POINT
│ ├ dual_status          : NO_SOLUTION
│ ├ objective_value      : 8.23647e+16
│ └ relative_gap         : 7.86952e-03
└ Work counters
  ├ solve_time (sec)   : 1.14500e+00
  ├ simplex_iterations : 11953
  ├ barrier_iterations : 0
  └ node_count         : 1


Termination Status: OPTIMAL
Acceptable solution found (Status: OPTIMAL).
Step-6: record datas
PART1: [unit-commitment] calculation result has been saved to: D:/GithubClonefiles/module_unitcommitment/output/details_schedule_results/pcm_simulation_results/intervels_[1]/res_schedule_commitment_result.txt
PART1: [unit-commitment] calculation result has been saved to: D:/GithubClonefiles/module_unitcommitment/output/details_schedule_results/pcm_simulation_results/intervels_[1]/res_schedule_commitment_result.txt
Step-3: Creating dispatching model (Refactored & Modularized)
Set parameter Username
Set parameter LicenseID to value 2826524
Academic license - for non-commercial use only - expires 2027-05-22
	 Variables defined.
DEBUG set_objective_economic!: NT=36, NG=54, ND=91, NW=2, NS=1, K=3, size(refcost)=(54,), size(eachslope)=(3, 54)
objective_function
	MILP economic objective set
subject to.
	 constraints: 1) minimum shutup/shutdown time limits			 done
	 constraints: 2) binary variable logic					 done
	 constraints: 3) shutup/shutdown cost					 done
	 constraints: 4) loadcurtailments and spoliedwinds			 done
	 constraints: 5) generatos power limits					 done
	 constraints: 6) system reserves limits					 done
	 constraints: 7) power balance constraints				 done
	 constraints: 8) ramp-up/ramp-down constraints				 done
	 constraints: 9) piece linearization constraints			 done
	 constraints: 10) transmissionline limits skipped (is_NetWorkCon != 1 or Gsdf missing or NL=0)
	 constraints: 11) stroges system constraints skipped (is_ConsiderBESS=0)
	 constraints: 12) data centra constraints skipped (is_ConsiderDataCentra != 1)
	 constraints: 13) frequency control constraints skipped (is_ConsiderFrequencyControl != 1)
	 constraints: 14) hydro power limits					 done
+++++++++++++++++++++++++++++++++++++++++++++++++++++++++++++++++++++++++++++++++++++++++++
Step-4: starting Gurobi solver
Step-5: Gurobi solver finished
+++++++++++++++++++++++++++++++++++++++++++++++++++++++++++++++++++++++++++++++++++++++++++

assert_is_solved_and_feasible(scuc) = nothing
solution_summary(scuc) = solution_summary(; result = 1, verbose = false)
├ solver_name          : Gurobi
├ Termination
│ ├ termination_status : OPTIMAL
│ ├ result_count       : 2
│ ├ raw_status         : Model was solved to optimality (subject to tolerances), and an optimal solution is available.
│ └ objective_bound    : 8.17165e+16
├ Solution (result = 1)
│ ├ primal_status        : FEASIBLE_POINT
│ ├ dual_status          : NO_SOLUTION
│ ├ objective_value      : 8.17790e+16
│ └ relative_gap         : 7.64490e-04
└ Work counters
  ├ solve_time (sec)   : 1.39600e+00
  ├ simplex_iterations : 10561
  ├ barrier_iterations : 0
  └ node_count         : 1


Termination Status: OPTIMAL
Acceptable solution found (Status: OPTIMAL).
Step-6: record datas
PART1: [unit-commitment] calculation result has been saved to: D:/GithubClonefiles/module_unitcommitment/output/details_schedule_results/pcm_simulation_results/intervels_[1]/res_schedule_commitment_result.txt
PART1: [unit-commitment] calculation result has been saved to: D:/GithubClonefiles/module_unitcommitment/output/details_schedule_results/pcm_simulation_results/intervels_[1]/res_schedule_commitment_result.txt
Sampling completed. Total valid scenarios solved: 12. Samples collected: 36
  ✓ Regression model calibrated: ln(Loss) = 8.38 + -19.51*L_norm + 3.86*U_norm + 1.93*X_delta_norm + 1.02*X_switch_ratio + -1.15*H
  ✓ Neural Network model calibrated successfully.
Solving local no-boundary reference commitments once...
Step-3: Creating dispatching model (Refactored & Modularized)
Set parameter Username
Set parameter LicenseID to value 2826524
Academic license - for non-commercial use only - expires 2027-05-22
Set parameter MIPGap to value 0.015
	 Variables defined.
DEBUG set_objective_economic!: NT=36, NG=54, ND=91, NW=2, NS=1, K=3, size(refcost)=(54,), size(eachslope)=(3, 54)
objective_function
	MILP economic objective set
subject to.
	 constraints: 1) minimum shutup/shutdown time limits			 done
	 constraints: 2) binary variable logic					 done
	 constraints: 3) shutup/shutdown cost					 done
	 constraints: 4) loadcurtailments and spoliedwinds			 done
	 constraints: 5) generatos power limits					 done
	 constraints: 6) system reserves limits					 done
	 constraints: 7) power balance constraints				 done
	 constraints: 8) ramp-up/ramp-down constraints				 done
	 constraints: 9) piece linearization constraints			 done
	 constraints: 10) transmissionline limits skipped (is_NetWorkCon != 1 or Gsdf missing or NL=0)
	 constraints: 11) stroges system constraints skipped (is_ConsiderBESS=0)
	 constraints: 12) data centra constraints skipped (is_ConsiderDataCentra != 1)
	 constraints: 13) frequency control constraints skipped (is_ConsiderFrequencyControl != 1)
	 constraints: 14) hydro power limits					 done
+++++++++++++++++++++++++++++++++++++++++++++++++++++++++++++++++++++++++++++++++++++++++++
Step-4: starting Gurobi solver
Set parameter MIPGap to value 0.015
Gurobi Optimizer version 13.0.2 build v13.0.2rc1 (win64 - Windows 11+.0 (29639.2))

CPU model: 13th Gen Intel(R) Core(TM) i7-13700F, instruction set [SSE2|AVX|AVX2]
Thread count: 16 physical cores, 24 logical processors, using up to 24 threads

Non-default parameters:
MIPGap  0.015

Optimize a model with 39042 rows, 25272 columns and 211082 nonzeros (Min)
Model fingerprint: 0xaa508295
Model has 18900 linear objective coefficients
Variable types: 19296 continuous, 5976 integer (5976 binary)
Coefficient statistics:
  Matrix range     [3e-02, 4e+02]
  Objective range  [1e+00, 1e+15]
  Bounds range     [0e+00, 0e+00]
  RHS range        [7e-03, 3e+02]
Warning: Model contains large objective coefficients
         Consider reformulating model or setting NumericFocus parameter
         to avoid numerical issues.

Presolve removed 15435 rows and 8023 columns
Presolve time: 0.46s
Presolved: 23607 rows, 17249 columns, 106957 nonzeros
Variable types: 11771 continuous, 5478 integer (5478 binary)
Deterministic concurrent LP optimizer: primal and dual simplex
Showing primal log only...

Concurrent spin time: 0.00s

Solved with dual simplex

Use crossover to convert LP symmetric solution to basic solution...
Crossover time: 0.03 seconds (0.02 work units)

Root relaxation: objective 2.730449e+06, 9876 iterations, 0.55 seconds (0.77 work units)

    Nodes    |    Current Node    |     Objective Bounds      |     Work
 Expl Unexpl |  Obj  Depth IntInf | Incumbent    BestBd   Gap | It/Node Time

     0     0 2730448.71    0  350          - 2730448.71      -     -    1s
H    0     0                    2976665.7927 2730448.71  8.27%     -    1s
     0     0 2732568.40    0  286 2976665.79 2732568.40  8.20%     -    2s
     0     0 2732609.84    0  287 2976665.79 2732609.84  8.20%     -    2s
     0     0 2732609.84    0  294 2976665.79 2732609.84  8.20%     -    2s
     0     0 2733311.23    0  310 2976665.79 2733311.23  8.18%     -    2s
H    0     0                    2911362.3573 2733393.05  6.11%     -    2s
H    0     0                    2910579.7807 2733393.05  6.09%     -    2s
H    0     0                    2910430.7846 2733393.05  6.08%     -    2s
     0     0 2733393.05    0  340 2910430.78 2733393.05  6.08%     -    2s
     0     0 2733400.43    0  359 2910430.78 2733400.43  6.08%     -    2s
     0     0 2733400.63    0  362 2910430.78 2733400.63  6.08%     -    2s
H    0     0                    2910119.9483 2733400.63  6.07%     -    3s
H    0     0                    2909223.2286 2733400.63  6.04%     -    3s
     0     0 2733597.37    0  308 2909223.23 2733597.37  6.04%     -    3s
H    0     0                    2840746.1547 2733612.22  3.77%     -    3s
H    0     0                    2838447.8000 2733612.22  3.69%     -    3s
     0     0 2733612.22    0  341 2838447.80 2733612.22  3.69%     -    3s
     0     0 2733614.91    0  285 2838447.80 2733614.91  3.69%     -    3s
     0     0 2733616.40    0  319 2838447.80 2733616.40  3.69%     -    3s
     0     0 2733616.56    0  315 2838447.80 2733616.56  3.69%     -    3s
H    0     0                    2770710.5851 2733616.56  1.34%     -    3s
H    0     0                    2769982.8595 2733616.56  1.31%     -    3s
H    0     0                    2769905.9695 2733616.56  1.31%     -    3s
H    0     0                    2769866.3086 2733616.56  1.31%     -    3s
H    0     0                    2769841.0355 2733616.56  1.31%     -    3s

Cutting planes:
  Gomory: 15
  Cover: 3
  Implied bound: 66
  MIR: 133
  Flow cover: 56
  RLT: 4
  Relax-and-lift: 20

Explored 1 nodes (12352 simplex iterations) in 3.79 seconds (4.91 work units)
Thread count was 24 (of 24 available processors)

Solution count 10: 2.76984e+06 2.76987e+06 2.76991e+06 ... 2.91058e+06

Optimal solution found (tolerance 1.50e-02)
Best objective 2.769841035489e+06, best bound 2.733616555584e+06, gap 1.3078%

User-callback calls 844, time in user-callback 0.00 sec
Step-5: Gurobi solver finished
+++++++++++++++++++++++++++++++++++++++++++++++++++++++++++++++++++++++++++++++++++++++++++

assert_is_solved_and_feasible(scuc) = nothing
solution_summary(scuc) = solution_summary(; result = 1, verbose = false)
├ solver_name          : Gurobi
├ Termination
│ ├ termination_status : OPTIMAL
│ ├ result_count       : 10
│ ├ raw_status         : Model was solved to optimality (subject to tolerances), and an optimal solution is available.
│ └ objective_bound    : 2.73362e+06
├ Solution (result = 1)
│ ├ primal_status        : FEASIBLE_POINT
│ ├ dual_status          : NO_SOLUTION
│ ├ objective_value      : 2.76984e+06
│ └ relative_gap         : 1.30782e-02
└ Work counters
  ├ solve_time (sec)   : 3.78600e+00
  ├ simplex_iterations : 12352
  ├ barrier_iterations : 0
  └ node_count         : 1


Termination Status: OPTIMAL
Acceptable solution found (Status: OPTIMAL).
Step-6: record datas
PART1: [unit-commitment] calculation result has been saved to: D:/GithubClonefiles/module_unitcommitment/output/details_schedule_results/pcm_simulation_results/intervels_[1]/res_schedule_commitment_result.txt
Step-3: Creating dispatching model (Refactored & Modularized)
Set parameter Username
Set parameter LicenseID to value 2826524
Academic license - for non-commercial use only - expires 2027-05-22
Set parameter MIPGap to value 0.015
	 Variables defined.
DEBUG set_objective_economic!: NT=36, NG=54, ND=91, NW=2, NS=1, K=3, size(refcost)=(54,), size(eachslope)=(3, 54)
objective_function
	MILP economic objective set
subject to.
	 constraints: 1) minimum shutup/shutdown time limits			 done
	 constraints: 2) binary variable logic					 done
	 constraints: 3) shutup/shutdown cost					 done
	 constraints: 4) loadcurtailments and spoliedwinds			 done
	 constraints: 5) generatos power limits					 done
	 constraints: 6) system reserves limits					 done
	 constraints: 7) power balance constraints				 done
	 constraints: 8) ramp-up/ramp-down constraints				 done
	 constraints: 9) piece linearization constraints			 done
	 constraints: 10) transmissionline limits skipped (is_NetWorkCon != 1 or Gsdf missing or NL=0)
	 constraints: 11) stroges system constraints skipped (is_ConsiderBESS=0)
	 constraints: 12) data centra constraints skipped (is_ConsiderDataCentra != 1)
	 constraints: 13) frequency control constraints skipped (is_ConsiderFrequencyControl != 1)
	 constraints: 14) hydro power limits					 done
+++++++++++++++++++++++++++++++++++++++++++++++++++++++++++++++++++++++++++++++++++++++++++
Step-4: starting Gurobi solver
Set parameter MIPGap to value 0.015
Gurobi Optimizer version 13.0.2 build v13.0.2rc1 (win64 - Windows 11+.0 (29639.2))

CPU model: 13th Gen Intel(R) Core(TM) i7-13700F, instruction set [SSE2|AVX|AVX2]
Thread count: 16 physical cores, 24 logical processors, using up to 24 threads

Non-default parameters:
MIPGap  0.015

Optimize a model with 39042 rows, 25272 columns and 211082 nonzeros (Min)
Model fingerprint: 0x50f0f002
Model has 18900 linear objective coefficients
Variable types: 19296 continuous, 5976 integer (5976 binary)
Coefficient statistics:
  Matrix range     [3e-02, 4e+02]
  Objective range  [1e+00, 1e+15]
  Bounds range     [0e+00, 0e+00]
  RHS range        [7e-03, 3e+02]
Warning: Model contains large objective coefficients
         Consider reformulating model or setting NumericFocus parameter
         to avoid numerical issues.

Presolve removed 15435 rows and 8023 columns
Presolve time: 0.41s
Presolved: 23607 rows, 17249 columns, 106957 nonzeros
Variable types: 11771 continuous, 5478 integer (5478 binary)
Deterministic concurrent LP optimizer: primal and dual simplex
Showing primal log only...

Concurrent spin time: 0.00s

Solved with dual simplex

Use crossover to convert LP symmetric solution to basic solution...
Crossover time: 0.03 seconds (0.02 work units)

Root relaxation: objective 2.913767e+06, 8972 iterations, 0.37 seconds (0.45 work units)

    Nodes    |    Current Node    |     Objective Bounds      |     Work
 Expl Unexpl |  Obj  Depth IntInf | Incumbent    BestBd   Gap | It/Node Time

     0     0 2913767.21    0  333          - 2913767.21      -     -    1s
H    0     0                    9.686127e+15 2913767.21   100%     -    1s
H    0     0                    3.859344e+15 2913767.21   100%     -    1s
H    0     0                    1.461691e+14 2913767.21   100%     -    1s
H    0     0                    3138341.6908 2913770.34  7.16%     -    1s
     0     0 2916320.87    0  317 3138341.69 2916320.87  7.07%     -    1s
     0     0 2916449.80    0  317 3138341.69 2916449.80  7.07%     -    1s
     0     0 2916449.80    0  338 3138341.69 2916449.80  7.07%     -    1s
     0     0 2917087.25    0  280 3138341.69 2917087.25  7.05%     -    1s
     0     0 2917132.83    0  280 3138341.69 2917132.83  7.05%     -    1s
     0     0 2917133.86    0  282 3138341.69 2917133.86  7.05%     -    1s
     0     0 2917134.64    0  282 3138341.69 2917134.64  7.05%     -    2s
     0     0 2917419.55    0  290 3138341.69 2917419.55  7.04%     -    2s
     0     0 2917448.81    0  278 3138341.69 2917448.81  7.04%     -    2s
H    0     0                    3066693.4869 2917453.96  4.87%     -    2s
H    0     0                    3065982.8139 2917453.96  4.84%     -    2s
H    0     0                    3065980.8239 2917453.96  4.84%     -    2s
H    0     0                    3065226.4479 2917453.96  4.82%     -    2s
     0     0 2917453.96    0  310 3065226.45 2917453.96  4.82%     -    2s
     0     0 2917453.96    0  316 3065226.45 2917453.96  4.82%     -    2s
H    0     0                    2951975.8059 2917453.96  1.17%     -    2s

Cutting planes:
  Gomory: 36
  Cover: 6
  Implied bound: 83
  MIR: 177
  Flow cover: 104
  Network: 1
  RLT: 2
  Relax-and-lift: 29

Explored 1 nodes (11261 simplex iterations) in 2.91 seconds (3.81 work units)
Thread count was 24 (of 24 available processors)

Solution count 8: 2.95198e+06 3.06523e+06 3.06598e+06 ... 9.68613e+15

Optimal solution found (tolerance 1.50e-02)
Best objective 2.951975805942e+06, best bound 2.917453961457e+06, gap 1.1694%

User-callback calls 678, time in user-callback 0.00 sec
Step-5: Gurobi solver finished
+++++++++++++++++++++++++++++++++++++++++++++++++++++++++++++++++++++++++++++++++++++++++++

assert_is_solved_and_feasible(scuc) = nothing
solution_summary(scuc) = solution_summary(; result = 1, verbose = false)
├ solver_name          : Gurobi
├ Termination
│ ├ termination_status : OPTIMAL
│ ├ result_count       : 8
│ ├ raw_status         : Model was solved to optimality (subject to tolerances), and an optimal solution is available.
│ └ objective_bound    : 2.91745e+06
├ Solution (result = 1)
│ ├ primal_status        : FEASIBLE_POINT
│ ├ dual_status          : NO_SOLUTION
│ ├ objective_value      : 2.95198e+06
│ └ relative_gap         : 1.16945e-02
└ Work counters
  ├ solve_time (sec)   : 2.91500e+00
  ├ simplex_iterations : 11261
  ├ barrier_iterations : 0
  └ node_count         : 1


Termination Status: OPTIMAL
Acceptable solution found (Status: OPTIMAL).
Step-6: record datas
PART1: [unit-commitment] calculation result has been saved to: D:/GithubClonefiles/module_unitcommitment/output/details_schedule_results/pcm_simulation_results/intervels_[2]/res_schedule_commitment_result.txt
Step-3: Creating dispatching model (Refactored & Modularized)
Set parameter Username
Set parameter LicenseID to value 2826524
Academic license - for non-commercial use only - expires 2027-05-22
Set parameter MIPGap to value 0.015
	 Variables defined.
DEBUG set_objective_economic!: NT=36, NG=54, ND=91, NW=2, NS=1, K=3, size(refcost)=(54,), size(eachslope)=(3, 54)
objective_function
	MILP economic objective set
subject to.
	 constraints: 1) minimum shutup/shutdown time limits			 done
	 constraints: 2) binary variable logic					 done
	 constraints: 3) shutup/shutdown cost					 done
	 constraints: 4) loadcurtailments and spoliedwinds			 done
	 constraints: 5) generatos power limits					 done
	 constraints: 6) system reserves limits					 done
	 constraints: 7) power balance constraints				 done
	 constraints: 8) ramp-up/ramp-down constraints				 done
	 constraints: 9) piece linearization constraints			 done
	 constraints: 10) transmissionline limits skipped (is_NetWorkCon != 1 or Gsdf missing or NL=0)
	 constraints: 11) stroges system constraints skipped (is_ConsiderBESS=0)
	 constraints: 12) data centra constraints skipped (is_ConsiderDataCentra != 1)
	 constraints: 13) frequency control constraints skipped (is_ConsiderFrequencyControl != 1)
	 constraints: 14) hydro power limits					 done
+++++++++++++++++++++++++++++++++++++++++++++++++++++++++++++++++++++++++++++++++++++++++++
Step-4: starting Gurobi solver
Set parameter MIPGap to value 0.015
Gurobi Optimizer version 13.0.2 build v13.0.2rc1 (win64 - Windows 11+.0 (29639.2))

CPU model: 13th Gen Intel(R) Core(TM) i7-13700F, instruction set [SSE2|AVX|AVX2]
Thread count: 16 physical cores, 24 logical processors, using up to 24 threads

Non-default parameters:
MIPGap  0.015

Optimize a model with 39042 rows, 25272 columns and 211082 nonzeros (Min)
Model fingerprint: 0x889dc4ba
Model has 18900 linear objective coefficients
Variable types: 19296 continuous, 5976 integer (5976 binary)
Coefficient statistics:
  Matrix range     [3e-02, 4e+02]
  Objective range  [1e+00, 1e+15]
  Bounds range     [0e+00, 0e+00]
  RHS range        [7e-03, 3e+02]
Warning: Model contains large objective coefficients
         Consider reformulating model or setting NumericFocus parameter
         to avoid numerical issues.

Presolve removed 15436 rows and 8025 columns
Presolve time: 0.45s
Presolved: 23606 rows, 17247 columns, 106919 nonzeros
Variable types: 11769 continuous, 5478 integer (5478 binary)
Found heuristic solution: objective 2.504865e+16
Deterministic concurrent LP optimizer: primal and dual simplex
Showing primal log only...

Concurrent spin time: 0.00s

Solved with dual simplex

Use crossover to convert LP symmetric solution to basic solution...
Crossover time: 0.04 seconds (0.06 work units)

Root relaxation: objective 3.648645e+15, 8022 iterations, 0.35 seconds (0.51 work units)

    Nodes    |    Current Node    |     Objective Bounds      |     Work
 Expl Unexpl |  Obj  Depth IntInf | Incumbent    BestBd   Gap | It/Node Time

     0     0 3.6486e+15    0  275 2.5049e+16 3.6486e+15  85.4%     -    1s
H    0     0                    2.454865e+16 3.6486e+15  85.1%     -    1s
H    0     0                    7.430838e+15 3.6486e+15  50.9%     -    1s
     0     0 3.6486e+15    0  304 7.4308e+15 3.6486e+15  50.9%     -    1s
     0     0 3.6486e+15    0  281 7.4308e+15 3.6486e+15  50.9%     -    2s
H    0     0                    3.648645e+15 3.6486e+15  0.00%     -    2s
     0     0 3.6486e+15    0  287 3.6486e+15 3.6486e+15  0.00%     -    2s

Cutting planes:
  Gomory: 3
  Lift-and-project: 26
  Implied bound: 50
  MIR: 58
  Flow cover: 42
  Network: 1
  Relax-and-lift: 9

Explored 1 nodes (12202 simplex iterations) in 2.76 seconds (4.06 work units)
Thread count was 24 (of 24 available processors)

Solution count 4: 3.64865e+15 7.43084e+15 2.45486e+16 2.50486e+16 

Optimal solution found (tolerance 1.50e-02)
Best objective 3.648645367633e+15, best bound 3.648645367632e+15, gap 0.0000%

User-callback calls 597, time in user-callback 0.00 sec
Step-5: Gurobi solver finished
+++++++++++++++++++++++++++++++++++++++++++++++++++++++++++++++++++++++++++++++++++++++++++

assert_is_solved_and_feasible(scuc) = nothing
solution_summary(scuc) = solution_summary(; result = 1, verbose = false)
├ solver_name          : Gurobi
├ Termination
│ ├ termination_status : OPTIMAL
│ ├ result_count       : 4
│ ├ raw_status         : Model was solved to optimality (subject to tolerances), and an optimal solution is available.
│ └ objective_bound    : 3.64865e+15
├ Solution (result = 1)
│ ├ primal_status        : FEASIBLE_POINT
│ ├ dual_status          : NO_SOLUTION
│ ├ objective_value      : 3.64865e+15
│ └ relative_gap         : 1.82259e-14
└ Work counters
  ├ solve_time (sec)   : 2.76100e+00
  ├ simplex_iterations : 12202
  ├ barrier_iterations : 0
  └ node_count         : 1


Termination Status: OPTIMAL
Acceptable solution found (Status: OPTIMAL).
Step-6: record datas
PART1: [unit-commitment] calculation result has been saved to: D:/GithubClonefiles/module_unitcommitment/output/details_schedule_results/pcm_simulation_results/intervels_[3]/res_schedule_commitment_result.txt
Step-3: Creating dispatching model (Refactored & Modularized)
Set parameter Username
Set parameter LicenseID to value 2826524
Academic license - for non-commercial use only - expires 2027-05-22
Set parameter MIPGap to value 0.015
	 Variables defined.
DEBUG set_objective_economic!: NT=36, NG=54, ND=91, NW=2, NS=1, K=3, size(refcost)=(54,), size(eachslope)=(3, 54)
objective_function
	MILP economic objective set
subject to.
	 constraints: 1) minimum shutup/shutdown time limits			 done
	 constraints: 2) binary variable logic					 done
	 constraints: 3) shutup/shutdown cost					 done
	 constraints: 4) loadcurtailments and spoliedwinds			 done
	 constraints: 5) generatos power limits					 done
	 constraints: 6) system reserves limits					 done
	 constraints: 7) power balance constraints				 done
	 constraints: 8) ramp-up/ramp-down constraints				 done
	 constraints: 9) piece linearization constraints			 done
	 constraints: 10) transmissionline limits skipped (is_NetWorkCon != 1 or Gsdf missing or NL=0)
	 constraints: 11) stroges system constraints skipped (is_ConsiderBESS=0)
	 constraints: 12) data centra constraints skipped (is_ConsiderDataCentra != 1)
	 constraints: 13) frequency control constraints skipped (is_ConsiderFrequencyControl != 1)
	 constraints: 14) hydro power limits					 done
+++++++++++++++++++++++++++++++++++++++++++++++++++++++++++++++++++++++++++++++++++++++++++
Step-4: starting Gurobi solver
Set parameter MIPGap to value 0.015
Gurobi Optimizer version 13.0.2 build v13.0.2rc1 (win64 - Windows 11+.0 (29639.2))

CPU model: 13th Gen Intel(R) Core(TM) i7-13700F, instruction set [SSE2|AVX|AVX2]
Thread count: 16 physical cores, 24 logical processors, using up to 24 threads

Non-default parameters:
MIPGap  0.015

Optimize a model with 39042 rows, 25272 columns and 211082 nonzeros (Min)
Model fingerprint: 0x086dd3e4
Model has 18900 linear objective coefficients
Variable types: 19296 continuous, 5976 integer (5976 binary)
Coefficient statistics:
  Matrix range     [3e-02, 4e+02]
  Objective range  [1e+00, 1e+15]
  Bounds range     [0e+00, 0e+00]
  RHS range        [8e-03, 3e+02]
Warning: Model contains large objective coefficients
         Consider reformulating model or setting NumericFocus parameter
         to avoid numerical issues.

Presolve removed 15436 rows and 8025 columns
Presolve time: 0.52s
Presolved: 23606 rows, 17247 columns, 106920 nonzeros
Variable types: 11769 continuous, 5478 integer (5478 binary)
Deterministic concurrent LP optimizer: primal and dual simplex
Showing primal log only...

Concurrent spin time: 0.00s

Solved with dual simplex

Use crossover to convert LP symmetric solution to basic solution...
Crossover time: 0.06 seconds (0.10 work units)

Root relaxation: objective 3.648645e+15, 8923 iterations, 0.31 seconds (0.44 work units)

    Nodes    |    Current Node    |     Objective Bounds      |     Work
 Expl Unexpl |  Obj  Depth IntInf | Incumbent    BestBd   Gap | It/Node Time

     0     0 3.6486e+15    0  217          - 3.6486e+15      -     -    1s
H    0     0                    8.856817e+15 3.6486e+15  58.8%     -    1s
H    0     0                    3.862489e+15 3.6486e+15  5.54%     -    1s
H    0     0                    3.829191e+15 3.6486e+15  4.71%     -    2s
H    0     0                    3.648645e+15 3.6486e+15  0.00%     -    2s

Explored 1 nodes (9453 simplex iterations) in 2.71 seconds (5.38 work units)
Thread count was 24 (of 24 available processors)

Solution count 4: 3.64865e+15 3.82919e+15 3.86249e+15 8.85682e+15 

Optimal solution found (tolerance 1.50e-02)
Best objective 3.648645368737e+15, best bound 3.648645368737e+15, gap 0.0000%

User-callback calls 1226, time in user-callback 0.00 sec
Step-5: Gurobi solver finished
+++++++++++++++++++++++++++++++++++++++++++++++++++++++++++++++++++++++++++++++++++++++++++

assert_is_solved_and_feasible(scuc) = nothing
solution_summary(scuc) = solution_summary(; result = 1, verbose = false)
├ solver_name          : Gurobi
├ Termination
│ ├ termination_status : OPTIMAL
│ ├ result_count       : 4
│ ├ raw_status         : Model was solved to optimality (subject to tolerances), and an optimal solution is available.
│ └ objective_bound    : 3.64865e+15
├ Solution (result = 1)
│ ├ primal_status        : FEASIBLE_POINT
│ ├ dual_status          : NO_SOLUTION
│ ├ objective_value      : 3.64865e+15
│ └ relative_gap         : 1.32926e-14
└ Work counters
  ├ solve_time (sec)   : 2.71600e+00
  ├ simplex_iterations : 9453
  ├ barrier_iterations : 0
  └ node_count         : 1


Termination Status: OPTIMAL
Acceptable solution found (Status: OPTIMAL).
Step-6: record datas
PART1: [unit-commitment] calculation result has been saved to: D:/GithubClonefiles/module_unitcommitment/output/details_schedule_results/pcm_simulation_results/intervels_[4]/res_schedule_commitment_result.txt
Step-3: Creating dispatching model (Refactored & Modularized)
Set parameter Username
Set parameter LicenseID to value 2826524
Academic license - for non-commercial use only - expires 2027-05-22
Set parameter MIPGap to value 0.015
	 Variables defined.
DEBUG set_objective_economic!: NT=36, NG=54, ND=91, NW=2, NS=1, K=3, size(refcost)=(54,), size(eachslope)=(3, 54)
objective_function
	MILP economic objective set
subject to.
	 constraints: 1) minimum shutup/shutdown time limits			 done
	 constraints: 2) binary variable logic					 done
	 constraints: 3) shutup/shutdown cost					 done
	 constraints: 4) loadcurtailments and spoliedwinds			 done
	 constraints: 5) generatos power limits					 done
	 constraints: 6) system reserves limits					 done
	 constraints: 7) power balance constraints				 done
	 constraints: 8) ramp-up/ramp-down constraints				 done
	 constraints: 9) piece linearization constraints			 done
	 constraints: 10) transmissionline limits skipped (is_NetWorkCon != 1 or Gsdf missing or NL=0)
	 constraints: 11) stroges system constraints skipped (is_ConsiderBESS=0)
	 constraints: 12) data centra constraints skipped (is_ConsiderDataCentra != 1)
	 constraints: 13) frequency control constraints skipped (is_ConsiderFrequencyControl != 1)
	 constraints: 14) hydro power limits					 done
+++++++++++++++++++++++++++++++++++++++++++++++++++++++++++++++++++++++++++++++++++++++++++
Step-4: starting Gurobi solver
Set parameter MIPGap to value 0.015
Gurobi Optimizer version 13.0.2 build v13.0.2rc1 (win64 - Windows 11+.0 (29639.2))

CPU model: 13th Gen Intel(R) Core(TM) i7-13700F, instruction set [SSE2|AVX|AVX2]
Thread count: 16 physical cores, 24 logical processors, using up to 24 threads

Non-default parameters:
MIPGap  0.015

Optimize a model with 39042 rows, 25272 columns and 211082 nonzeros (Min)
Model fingerprint: 0x99bdc25d
Model has 18900 linear objective coefficients
Variable types: 19296 continuous, 5976 integer (5976 binary)
Coefficient statistics:
  Matrix range     [3e-02, 4e+02]
  Objective range  [1e+00, 1e+15]
  Bounds range     [0e+00, 0e+00]
  RHS range        [8e-03, 3e+02]
Warning: Model contains large objective coefficients
         Consider reformulating model or setting NumericFocus parameter
         to avoid numerical issues.

Presolve removed 15436 rows and 8025 columns
Presolve time: 0.42s
Presolved: 23606 rows, 17247 columns, 106901 nonzeros
Variable types: 11769 continuous, 5478 integer (5478 binary)
Deterministic concurrent LP optimizer: primal and dual simplex
Showing primal log only...

Concurrent spin time: 0.00s

Solved with dual simplex

Use crossover to convert LP symmetric solution to basic solution...
Crossover time: 0.04 seconds (0.06 work units)

Root relaxation: objective 6.736272e+15, 10219 iterations, 0.69 seconds (0.87 work units)

    Nodes    |    Current Node    |     Objective Bounds      |     Work
 Expl Unexpl |  Obj  Depth IntInf | Incumbent    BestBd   Gap | It/Node Time

     0     0 6.7363e+15    0  380          - 6.7363e+15      -     -    1s
H    0     0                    6.736272e+15 6.7363e+15  0.00%     -    1s

Explored 1 nodes (10360 simplex iterations) in 1.64 seconds (2.71 work units)
Thread count was 24 (of 24 available processors)

Solution count 1: 6.73627e+15 

Optimal solution found (tolerance 1.50e-02)
Best objective 6.736271738287e+15, best bound 6.736271738287e+15, gap 0.0000%

User-callback calls 452, time in user-callback 0.00 sec
Step-5: Gurobi solver finished
+++++++++++++++++++++++++++++++++++++++++++++++++++++++++++++++++++++++++++++++++++++++++++

assert_is_solved_and_feasible(scuc) = nothing
solution_summary(scuc) = solution_summary(; result = 1, verbose = false)
├ solver_name          : Gurobi
├ Termination
│ ├ termination_status : OPTIMAL
│ ├ result_count       : 1
│ ├ raw_status         : Model was solved to optimality (subject to tolerances), and an optimal solution is available.
│ └ objective_bound    : 6.73627e+15
├ Solution (result = 1)
│ ├ primal_status        : FEASIBLE_POINT
│ ├ dual_status          : NO_SOLUTION
│ ├ objective_value      : 6.73627e+15
│ └ relative_gap         : 8.16475e-15
└ Work counters
  ├ solve_time (sec)   : 1.64000e+00
  ├ simplex_iterations : 10360
  ├ barrier_iterations : 0
  └ node_count         : 1


Termination Status: OPTIMAL
Acceptable solution found (Status: OPTIMAL).
Step-6: record datas
PART1: [unit-commitment] calculation result has been saved to: D:/GithubClonefiles/module_unitcommitment/output/details_schedule_results/pcm_simulation_results/intervels_[5]/res_schedule_commitment_result.txt
Step-3: Creating dispatching model (Refactored & Modularized)
Set parameter Username
Set parameter LicenseID to value 2826524
Academic license - for non-commercial use only - expires 2027-05-22
Set parameter MIPGap to value 0.015
	 Variables defined.
DEBUG set_objective_economic!: NT=36, NG=54, ND=91, NW=2, NS=1, K=3, size(refcost)=(54,), size(eachslope)=(3, 54)
objective_function
	MILP economic objective set
subject to.
	 constraints: 1) minimum shutup/shutdown time limits			 done
	 constraints: 2) binary variable logic					 done
	 constraints: 3) shutup/shutdown cost					 done
	 constraints: 4) loadcurtailments and spoliedwinds			 done
	 constraints: 5) generatos power limits					 done
	 constraints: 6) system reserves limits					 done
	 constraints: 7) power balance constraints				 done
	 constraints: 8) ramp-up/ramp-down constraints				 done
	 constraints: 9) piece linearization constraints			 done
	 constraints: 10) transmissionline limits skipped (is_NetWorkCon != 1 or Gsdf missing or NL=0)
	 constraints: 11) stroges system constraints skipped (is_ConsiderBESS=0)
	 constraints: 12) data centra constraints skipped (is_ConsiderDataCentra != 1)
	 constraints: 13) frequency control constraints skipped (is_ConsiderFrequencyControl != 1)
	 constraints: 14) hydro power limits					 done
+++++++++++++++++++++++++++++++++++++++++++++++++++++++++++++++++++++++++++++++++++++++++++
Step-4: starting Gurobi solver
Set parameter MIPGap to value 0.015
Gurobi Optimizer version 13.0.2 build v13.0.2rc1 (win64 - Windows 11+.0 (29639.2))

CPU model: 13th Gen Intel(R) Core(TM) i7-13700F, instruction set [SSE2|AVX|AVX2]
Thread count: 16 physical cores, 24 logical processors, using up to 24 threads

Non-default parameters:
MIPGap  0.015

Optimize a model with 39042 rows, 25272 columns and 211082 nonzeros (Min)
Model fingerprint: 0xa458e39a
Model has 18900 linear objective coefficients
Variable types: 19296 continuous, 5976 integer (5976 binary)
Coefficient statistics:
  Matrix range     [3e-02, 4e+02]
  Objective range  [1e+00, 1e+15]
  Bounds range     [0e+00, 0e+00]
  RHS range        [7e-03, 3e+02]
Warning: Model contains large objective coefficients
         Consider reformulating model or setting NumericFocus parameter
         to avoid numerical issues.

Presolve removed 15441 rows and 8035 columns
Presolve time: 0.46s
Presolved: 23601 rows, 17237 columns, 106694 nonzeros
Variable types: 11759 continuous, 5478 integer (5478 binary)
Deterministic concurrent LP optimizer: primal and dual simplex
Showing primal log only...

Concurrent spin time: 0.00s

Solved with dual simplex

Use crossover to convert LP symmetric solution to basic solution...
Crossover time: 0.06 seconds (0.12 work units)

Root relaxation: objective 3.688152e+16, 9018 iterations, 0.29 seconds (0.44 work units)

    Nodes    |    Current Node    |     Objective Bounds      |     Work
 Expl Unexpl |  Obj  Depth IntInf | Incumbent    BestBd   Gap | It/Node Time

     0     0 3.6882e+16    0  184          - 3.6882e+16      -     -    1s
H    0     0                    4.695183e+16 3.6882e+16  21.4%     -    1s
H    0     0                    3.688152e+16 3.6882e+16  0.00%     -    1s

Explored 1 nodes (9056 simplex iterations) in 1.41 seconds (2.54 work units)
Thread count was 24 (of 24 available processors)

Solution count 2: 3.68815e+16 4.69518e+16 

Optimal solution found (tolerance 1.50e-02)
Best objective 3.688152224760e+16, best bound 3.688152224760e+16, gap 0.0000%

User-callback calls 549, time in user-callback 0.00 sec
Step-5: Gurobi solver finished
+++++++++++++++++++++++++++++++++++++++++++++++++++++++++++++++++++++++++++++++++++++++++++

assert_is_solved_and_feasible(scuc) = nothing
solution_summary(scuc) = solution_summary(; result = 1, verbose = false)
├ solver_name          : Gurobi
├ Termination
│ ├ termination_status : OPTIMAL
│ ├ result_count       : 2
│ ├ raw_status         : Model was solved to optimality (subject to tolerances), and an optimal solution is available.
│ └ objective_bound    : 3.68815e+16
├ Solution (result = 1)
│ ├ primal_status        : FEASIBLE_POINT
│ ├ dual_status          : NO_SOLUTION
│ ├ objective_value      : 3.68815e+16
│ └ relative_gap         : 0.00000e+00
└ Work counters
  ├ solve_time (sec)   : 1.41400e+00
  ├ simplex_iterations : 9056
  ├ barrier_iterations : 0
  └ node_count         : 1


Termination Status: OPTIMAL
Acceptable solution found (Status: OPTIMAL).
Step-6: record datas
PART1: [unit-commitment] calculation result has been saved to: D:/GithubClonefiles/module_unitcommitment/output/details_schedule_results/pcm_simulation_results/intervels_[6]/res_schedule_commitment_result.txt
Step-3: Creating dispatching model (Refactored & Modularized)
Set parameter Username
Set parameter LicenseID to value 2826524
Academic license - for non-commercial use only - expires 2027-05-22
Set parameter MIPGap to value 0.015
	 Variables defined.
DEBUG set_objective_economic!: NT=24, NG=54, ND=91, NW=2, NS=1, K=3, size(refcost)=(54,), size(eachslope)=(3, 54)
objective_function
	MILP economic objective set
subject to.
	 constraints: 1) minimum shutup/shutdown time limits			 done
	 constraints: 2) binary variable logic					 done
	 constraints: 3) shutup/shutdown cost					 done
	 constraints: 4) loadcurtailments and spoliedwinds			 done
	 constraints: 5) generatos power limits					 done
	 constraints: 6) system reserves limits					 done
	 constraints: 7) power balance constraints				 done
	 constraints: 8) ramp-up/ramp-down constraints				 done
	 constraints: 9) piece linearization constraints			 done
	 constraints: 10) transmissionline limits skipped (is_NetWorkCon != 1 or Gsdf missing or NL=0)
	 constraints: 11) stroges system constraints skipped (is_ConsiderBESS=0)
	 constraints: 12) data centra constraints skipped (is_ConsiderDataCentra != 1)
	 constraints: 13) frequency control constraints skipped (is_ConsiderFrequencyControl != 1)
	 constraints: 14) hydro power limits					 done
+++++++++++++++++++++++++++++++++++++++++++++++++++++++++++++++++++++++++++++++++++++++++++
Step-4: starting Gurobi solver
Set parameter MIPGap to value 0.015
Gurobi Optimizer version 13.0.2 build v13.0.2rc1 (win64 - Windows 11+.0 (29639.2))

CPU model: 13th Gen Intel(R) Core(TM) i7-13700F, instruction set [SSE2|AVX|AVX2]
Thread count: 16 physical cores, 24 logical processors, using up to 24 threads

Non-default parameters:
MIPGap  0.015

Optimize a model with 25950 rows, 16848 columns and 139802 nonzeros (Min)
Model fingerprint: 0x010b86ec
Model has 12600 linear objective coefficients
Variable types: 12864 continuous, 3984 integer (3984 binary)
Coefficient statistics:
  Matrix range     [3e-02, 4e+02]
  Objective range  [1e+00, 1e+15]
  Bounds range     [0e+00, 0e+00]
  RHS range        [7e-03, 3e+02]
Warning: Model contains large objective coefficients
         Consider reformulating model or setting NumericFocus parameter
         to avoid numerical issues.

Presolve removed 10540 rows and 5467 columns
Presolve time: 0.21s
Presolved: 15410 rows, 11381 columns, 58811 nonzeros
Variable types: 7847 continuous, 3534 integer (3534 binary)

Root relaxation: objective 1.508323e+06, 7563 iterations, 0.22 seconds (0.37 work units)

    Nodes    |    Current Node    |     Objective Bounds      |     Work
 Expl Unexpl |  Obj  Depth IntInf | Incumbent    BestBd   Gap | It/Node Time

     0     0 1508322.58    0  308          - 1508322.58      -     -    0s
H    0     0                    1555014.7886 1508322.58  3.00%     -    0s
     0     0 1510437.76    0  218 1555014.79 1510437.76  2.87%     -    0s
     0     0 1510523.17    0  223 1555014.79 1510523.17  2.86%     -    0s
     0     0 1510524.38    0  227 1555014.79 1510524.38  2.86%     -    0s
H    0     0                    1544167.3338 1510524.38  2.18%     -    1s
H    0     0                    1542291.3711 1510524.38  2.06%     -    1s
     0     0 1511153.82    0  204 1542291.37 1511153.82  2.02%     -    1s
     0     0 1511276.83    0  187 1542291.37 1511276.83  2.01%     -    1s
     0     0 1511277.85    0  199 1542291.37 1511277.85  2.01%     -    1s
H    0     0                    1542218.4093 1511277.85  2.01%     -    1s
H    0     0                    1540849.0831 1511277.85  1.92%     -    1s
H    0     0                    1535902.2937 1511637.20  1.58%     -    1s
     0     0 1511637.20    0  234 1535902.29 1511637.20  1.58%     -    1s
     0     0 1511675.90    0  275 1535902.29 1511675.90  1.58%     -    1s
     0     0 1511687.70    0  265 1535902.29 1511687.70  1.58%     -    1s
     0     0 1511688.85    0  258 1535902.29 1511688.85  1.58%     -    1s
H    0     0                    1535298.5906 1511689.13  1.54%     -    1s
     0     0 1511689.13    0  256 1535298.59 1511689.13  1.54%     -    1s
H    0     0                    1535281.5766 1511689.13  1.54%     -    1s
H    0     0                    1534956.7901 1511689.13  1.52%     -    1s
     0     0          -    0      1534956.79 1511934.06  1.50%     -    2s

Cutting planes:
  Learned: 1
  Gomory: 5
  Cover: 3
  Implied bound: 190
  MIR: 154
  Flow cover: 113
  Network: 1
  RLT: 65
  Relax-and-lift: 56
  BQP: 4

Explored 1 nodes (9659 simplex iterations) in 2.04 seconds (2.84 work units)
Thread count was 24 (of 24 available processors)

Solution count 9: 1.53496e+06 1.53496e+06 1.53528e+06 ... 1.55501e+06

Optimal solution found (tolerance 1.50e-02)
Best objective 1.534956790094e+06, best bound 1.511934059671e+06, gap 1.4999%

User-callback calls 436, time in user-callback 0.00 sec
Step-5: Gurobi solver finished
+++++++++++++++++++++++++++++++++++++++++++++++++++++++++++++++++++++++++++++++++++++++++++

assert_is_solved_and_feasible(scuc) = nothing
solution_summary(scuc) = solution_summary(; result = 1, verbose = false)
├ solver_name          : Gurobi
├ Termination
│ ├ termination_status : OPTIMAL
│ ├ result_count       : 9
│ ├ raw_status         : Model was solved to optimality (subject to tolerances), and an optimal solution is available.
│ └ objective_bound    : 1.51193e+06
├ Solution (result = 1)
│ ├ primal_status        : FEASIBLE_POINT
│ ├ dual_status          : NO_SOLUTION
│ ├ objective_value      : 1.53496e+06
│ └ relative_gap         : 1.49989e-02
└ Work counters
  ├ solve_time (sec)   : 2.04100e+00
  ├ simplex_iterations : 9659
  ├ barrier_iterations : 0
  └ node_count         : 1


Termination Status: OPTIMAL
Acceptable solution found (Status: OPTIMAL).
Step-6: record datas
PART1: [unit-commitment] calculation result has been saved to: D:/GithubClonefiles/module_unitcommitment/output/details_schedule_results/pcm_simulation_results/intervels_[7]/res_schedule_commitment_result.txt
--------------------------------------------------------------------------------
Running mode: NoOverlap
Step-3: Creating dispatching model (Refactored & Modularized)
Set parameter Username
Set parameter LicenseID to value 2826524
Academic license - for non-commercial use only - expires 2027-05-22
Set parameter MIPGap to value 0.015
	 Variables defined.
DEBUG set_objective_economic!: NT=24, NG=54, ND=91, NW=2, NS=1, K=3, size(refcost)=(54,), size(eachslope)=(3, 54)
objective_function
	MILP economic objective set
subject to.
	 constraints: 1) minimum shutup/shutdown time limits			 done
	 constraints: 2) binary variable logic					 done
	 constraints: 3) shutup/shutdown cost					 done
	 constraints: 4) loadcurtailments and spoliedwinds			 done
	 constraints: 5) generatos power limits					 done
	 constraints: 6) system reserves limits					 done
	 constraints: 7) power balance constraints				 done
	 constraints: 8) ramp-up/ramp-down constraints				 done
	 constraints: 9) piece linearization constraints			 done
	 constraints: 10) transmissionline limits skipped (is_NetWorkCon != 1 or Gsdf missing or NL=0)
	 constraints: 11) stroges system constraints skipped (is_ConsiderBESS=0)
	 constraints: 12) data centra constraints skipped (is_ConsiderDataCentra != 1)
	 constraints: 13) frequency control constraints skipped (is_ConsiderFrequencyControl != 1)
	 constraints: 14) hydro power limits					 done
+++++++++++++++++++++++++++++++++++++++++++++++++++++++++++++++++++++++++++++++++++++++++++
Step-4: starting Gurobi solver
Set parameter MIPGap to value 0.015
Gurobi Optimizer version 13.0.2 build v13.0.2rc1 (win64 - Windows 11+.0 (29639.2))

CPU model: 13th Gen Intel(R) Core(TM) i7-13700F, instruction set [SSE2|AVX|AVX2]
Thread count: 16 physical cores, 24 logical processors, using up to 24 threads

Non-default parameters:
MIPGap  0.015

Optimize a model with 25950 rows, 16848 columns and 139802 nonzeros (Min)
Model fingerprint: 0xe3647337
Model has 12600 linear objective coefficients
Variable types: 12864 continuous, 3984 integer (3984 binary)
Coefficient statistics:
  Matrix range     [3e-02, 4e+02]
  Objective range  [1e+00, 1e+15]
  Bounds range     [0e+00, 0e+00]
  RHS range        [7e-03, 3e+02]
Warning: Model contains large objective coefficients
         Consider reformulating model or setting NumericFocus parameter
         to avoid numerical issues.

Presolve removed 10540 rows and 5467 columns
Presolve time: 0.22s
Presolved: 15410 rows, 11381 columns, 58811 nonzeros
Variable types: 7847 continuous, 3534 integer (3534 binary)

Root relaxation: objective 1.824926e+06, 8618 iterations, 0.22 seconds (0.33 work units)

    Nodes    |    Current Node    |     Objective Bounds      |     Work
 Expl Unexpl |  Obj  Depth IntInf | Incumbent    BestBd   Gap | It/Node Time

     0     0 1824925.71    0  417          - 1824925.71      -     -    0s
H    0     0                    5.721263e+15 1824925.71   100%     -    0s
H    0     0                    1.483783e+15 1824925.71   100%     -    1s
H    0     0                    1.237480e+15 1824925.71   100%     -    1s
H    0     0                    1.237480e+15 1824925.71   100%     -    1s
H    0     0                    2011718.4924 1824925.71  9.29%     -    1s
H    0     0                    2011237.1363 1824925.71  9.26%     -    1s
H    0     0                    2010599.2676 1824925.71  9.23%     -    1s
H    0     0                    1915028.0205 1832551.83  4.31%     -    1s
     0     0 1832551.83    0  288 1915028.02 1832551.83  4.31%     -    1s
     0     0 1832551.83    0  282 1915028.02 1832551.83  4.31%     -    1s
H    0     0                    1864062.2113 1832551.83  1.69%     -    1s
H    0     0                    1862052.6740 1832551.83  1.58%     -    1s
H    0     0                    1861987.0661 1832551.83  1.58%     -    1s
     0     0 1833228.04    0  252 1861987.07 1833228.04  1.54%     -    1s
H    0     0                    1861942.3549 1833228.04  1.54%     -    2s
     0     0 1833228.04    0  253 1861942.35 1833228.04  1.54%     -    2s
     0     0 1833228.04    0  226 1861942.35 1833228.04  1.54%     -    2s
     0     0 1833228.04    0  226 1861942.35 1833228.04  1.54%     -    2s
     0     0 1833320.75    0  214 1861942.35 1833320.75  1.54%     -    2s
     0     0 1833320.75    0  251 1861942.35 1833320.75  1.54%     -    2s
     0     0 1833402.54    0  260 1861942.35 1833402.54  1.53%     -    2s
     0     0 1833402.54    0  265 1861942.35 1833402.54  1.53%     -    2s
     0     0 1833484.14    0  258 1861942.35 1833484.14  1.53%     -    2s
H    0     0                    1860631.5426 1833484.20  1.46%     -    2s

Cutting planes:
  Gomory: 26
  Implied bound: 226
  MIR: 95
  Flow cover: 102
  RLT: 63
  Relax-and-lift: 62
  BQP: 7

Explored 1 nodes (11362 simplex iterations) in 2.81 seconds (3.75 work units)
Thread count was 24 (of 24 available processors)

Solution count 10: 1.86063e+06 1.86194e+06 1.86199e+06 ... 1.23748e+15

Optimal solution found (tolerance 1.50e-02)
Best objective 1.860631542607e+06, best bound 1.833484198271e+06, gap 1.4590%

User-callback calls 716, time in user-callback 0.00 sec
Step-5: Gurobi solver finished
+++++++++++++++++++++++++++++++++++++++++++++++++++++++++++++++++++++++++++++++++++++++++++

assert_is_solved_and_feasible(scuc) = nothing
solution_summary(scuc) = solution_summary(; result = 1, verbose = false)
├ solver_name          : Gurobi
├ Termination
│ ├ termination_status : OPTIMAL
│ ├ result_count       : 10
│ ├ raw_status         : Model was solved to optimality (subject to tolerances), and an optimal solution is available.
│ └ objective_bound    : 1.83348e+06
├ Solution (result = 1)
│ ├ primal_status        : FEASIBLE_POINT
│ ├ dual_status          : NO_SOLUTION
│ ├ objective_value      : 1.86063e+06
│ └ relative_gap         : 1.45904e-02
└ Work counters
  ├ solve_time (sec)   : 2.80900e+00
  ├ simplex_iterations : 11362
  ├ barrier_iterations : 0
  └ node_count         : 1


Termination Status: OPTIMAL
Acceptable solution found (Status: OPTIMAL).
Step-6: record datas
PART1: [unit-commitment] calculation result has been saved to: D:/GithubClonefiles/module_unitcommitment/output/details_schedule_results/pcm_simulation_results/intervels_[1]/res_schedule_commitment_result.txt
PART1: [unit-commitment] calculation result has been saved to: D:/GithubClonefiles/module_unitcommitment/output/details_schedule_results/pcm_simulation_results/intervels_[1]/res_schedule_commitment_result.txt
Step-3: Creating dispatching model (Refactored & Modularized)
Set parameter Username
Set parameter LicenseID to value 2826524
Academic license - for non-commercial use only - expires 2027-05-22
Set parameter MIPGap to value 0.015
	 Variables defined.
DEBUG set_objective_economic!: NT=24, NG=54, ND=91, NW=2, NS=1, K=3, size(refcost)=(54,), size(eachslope)=(3, 54)
objective_function
	MILP economic objective set
subject to.
	 constraints: 1) minimum shutup/shutdown time limits			 done
	 constraints: 2) binary variable logic					 done
	 constraints: 3) shutup/shutdown cost					 done
	 constraints: 4) loadcurtailments and spoliedwinds			 done
	 constraints: 5) generatos power limits					 done
	 constraints: 6) system reserves limits					 done
	 constraints: 7) power balance constraints				 done
	 constraints: 8) ramp-up/ramp-down constraints				 done
	 constraints: 9) piece linearization constraints			 done
	 constraints: 10) transmissionline limits skipped (is_NetWorkCon != 1 or Gsdf missing or NL=0)
	 constraints: 11) stroges system constraints skipped (is_ConsiderBESS=0)
	 constraints: 12) data centra constraints skipped (is_ConsiderDataCentra != 1)
	 constraints: 13) frequency control constraints skipped (is_ConsiderFrequencyControl != 1)
	 constraints: 14) hydro power limits					 done
+++++++++++++++++++++++++++++++++++++++++++++++++++++++++++++++++++++++++++++++++++++++++++
Step-4: starting Gurobi solver
Set parameter MIPGap to value 0.015
Gurobi Optimizer version 13.0.2 build v13.0.2rc1 (win64 - Windows 11+.0 (29639.2))

CPU model: 13th Gen Intel(R) Core(TM) i7-13700F, instruction set [SSE2|AVX|AVX2]
Thread count: 16 physical cores, 24 logical processors, using up to 24 threads

Non-default parameters:
MIPGap  0.015

Optimize a model with 25987 rows, 16848 columns and 140025 nonzeros (Min)
Model fingerprint: 0x8463292f
Model has 12600 linear objective coefficients
Variable types: 12864 continuous, 3984 integer (3984 binary)
Coefficient statistics:
  Matrix range     [3e-02, 4e+02]
  Objective range  [1e+00, 1e+15]
  Bounds range     [0e+00, 0e+00]
  RHS range        [1e-02, 4e+02]
Warning: Model contains large objective coefficients
         Consider reformulating model or setting NumericFocus parameter
         to avoid numerical issues.

Presolve removed 10562 rows and 5470 columns
Presolve time: 0.23s
Presolved: 15425 rows, 11378 columns, 58761 nonzeros
Variable types: 7847 continuous, 3531 integer (3531 binary)
Found heuristic solution: objective 2.553942e+15
Found heuristic solution: objective 3044567.4036

Root relaxation: objective 2.311813e+06, 9412 iterations, 0.21 seconds (0.32 work units)

    Nodes    |    Current Node    |     Objective Bounds      |     Work
 Expl Unexpl |  Obj  Depth IntInf | Incumbent    BestBd   Gap | It/Node Time

     0     0 2311813.30    0  354 3044567.40 2311813.30  24.1%     -    0s
H    0     0                    2479914.3167 2317343.52  6.56%     -    0s
     0     0 2317343.52    0  324 2479914.32 2317343.52  6.56%     -    0s
     0     0 2317418.08    0  301 2479914.32 2317418.08  6.55%     -    1s
H    0     0                    2379725.2046 2317418.08  2.62%     -    1s
     0     0 2318336.92    0  198 2379725.20 2318336.92  2.58%     -    1s
     0     0 2318421.08    0  210 2379725.20 2318421.08  2.58%     -    1s
H    0     0                    2374994.3351 2318421.08  2.38%     -    1s

Cutting planes:
  Gomory: 39
  Cover: 3
  Implied bound: 245
  MIR: 170
  Flow cover: 135
  Network: 31
  RLT: 63
  Relax-and-lift: 126
  BQP: 9

Explored 1 nodes (11504 simplex iterations) in 1.45 seconds (1.94 work units)
Thread count was 24 (of 24 available processors)

Solution count 5: 2.37499e+06 2.37973e+06 2.47991e+06 ... 2.55394e+15

Optimal solution found (tolerance 1.50e-02)
Best objective 2.374994335116e+06, best bound 2.374994335116e+06, gap 0.0000%

User-callback calls 386, time in user-callback 0.00 sec
Step-5: Gurobi solver finished
+++++++++++++++++++++++++++++++++++++++++++++++++++++++++++++++++++++++++++++++++++++++++++

assert_is_solved_and_feasible(scuc) = nothing
solution_summary(scuc) = solution_summary(; result = 1, verbose = false)
├ solver_name          : Gurobi
├ Termination
│ ├ termination_status : OPTIMAL
│ ├ result_count       : 5
│ ├ raw_status         : Model was solved to optimality (subject to tolerances), and an optimal solution is available.
│ └ objective_bound    : 2.37499e+06
├ Solution (result = 1)
│ ├ primal_status        : FEASIBLE_POINT
│ ├ dual_status          : NO_SOLUTION
│ ├ objective_value      : 2.37499e+06
│ └ relative_gap         : 0.00000e+00
└ Work counters
  ├ solve_time (sec)   : 1.45100e+00
  ├ simplex_iterations : 11504
  ├ barrier_iterations : 0
  └ node_count         : 1


Termination Status: OPTIMAL
Acceptable solution found (Status: OPTIMAL).
Step-6: record datas
PART1: [unit-commitment] calculation result has been saved to: D:/GithubClonefiles/module_unitcommitment/output/details_schedule_results/pcm_simulation_results/intervels_[2]/res_schedule_commitment_result.txt
PART1: [unit-commitment] calculation result has been saved to: D:/GithubClonefiles/module_unitcommitment/output/details_schedule_results/pcm_simulation_results/intervels_[2]/res_schedule_commitment_result.txt
Step-3: Creating dispatching model (Refactored & Modularized)
Set parameter Username
Set parameter LicenseID to value 2826524
Academic license - for non-commercial use only - expires 2027-05-22
Set parameter MIPGap to value 0.015
	 Variables defined.
DEBUG set_objective_economic!: NT=24, NG=54, ND=91, NW=2, NS=1, K=3, size(refcost)=(54,), size(eachslope)=(3, 54)
objective_function
	MILP economic objective set
subject to.
	 constraints: 1) minimum shutup/shutdown time limits			 done
	 constraints: 2) binary variable logic					 done
	 constraints: 3) shutup/shutdown cost					 done
	 constraints: 4) loadcurtailments and spoliedwinds			 done
	 constraints: 5) generatos power limits					 done
	 constraints: 6) system reserves limits					 done
	 constraints: 7) power balance constraints				 done
	 constraints: 8) ramp-up/ramp-down constraints				 done
	 constraints: 9) piece linearization constraints			 done
	 constraints: 10) transmissionline limits skipped (is_NetWorkCon != 1 or Gsdf missing or NL=0)
	 constraints: 11) stroges system constraints skipped (is_ConsiderBESS=0)
	 constraints: 12) data centra constraints skipped (is_ConsiderDataCentra != 1)
	 constraints: 13) frequency control constraints skipped (is_ConsiderFrequencyControl != 1)
	 constraints: 14) hydro power limits					 done
+++++++++++++++++++++++++++++++++++++++++++++++++++++++++++++++++++++++++++++++++++++++++++
Step-4: starting Gurobi solver
Set parameter MIPGap to value 0.015
Gurobi Optimizer version 13.0.2 build v13.0.2rc1 (win64 - Windows 11+.0 (29639.2))

CPU model: 13th Gen Intel(R) Core(TM) i7-13700F, instruction set [SSE2|AVX|AVX2]
Thread count: 16 physical cores, 24 logical processors, using up to 24 threads

Non-default parameters:
MIPGap  0.015

Optimize a model with 25967 rows, 16848 columns and 139886 nonzeros (Min)
Model fingerprint: 0x2224e2f6
Model has 12600 linear objective coefficients
Variable types: 12864 continuous, 3984 integer (3984 binary)
Coefficient statistics:
  Matrix range     [3e-02, 4e+02]
  Objective range  [1e+00, 1e+15]
  Bounds range     [0e+00, 0e+00]
  RHS range        [7e-03, 4e+02]
Warning: Model contains large objective coefficients
         Consider reformulating model or setting NumericFocus parameter
         to avoid numerical issues.

Presolve removed 10605 rows and 5488 columns
Presolve time: 0.23s
Presolved: 15362 rows, 11360 columns, 58422 nonzeros
Variable types: 7847 continuous, 3513 integer (3513 binary)

Root relaxation: objective 1.464364e+06, 6740 iterations, 0.13 seconds (0.22 work units)

    Nodes    |    Current Node    |     Objective Bounds      |     Work
 Expl Unexpl |  Obj  Depth IntInf | Incumbent    BestBd   Gap | It/Node Time

     0     0 1464363.64    0  222          - 1464363.64      -     -    0s
H    0     0                    1717751.6307 1464363.64  14.8%     -    0s
H    0     0                    1715535.7321 1464363.64  14.6%     -    0s
H    0     0                    1714977.8419 1464363.64  14.6%     -    0s
     0     0 1467691.82    0  221 1714977.84 1467691.82  14.4%     -    0s
     0     0 1467842.85    0  182 1714977.84 1467842.85  14.4%     -    0s
     0     0 1467842.85    0  182 1714977.84 1467842.85  14.4%     -    0s
H    0     0                    1652420.2787 1472883.75  10.9%     -    1s
     0     0 1472883.75    0  201 1652420.28 1472883.75  10.9%     -    1s
H    0     0                    1596266.2119 1473027.80  7.72%     -    1s
H    0     0                    1596251.9348 1473027.80  7.72%     -    1s
H    0     0                    1594660.8700 1473027.80  7.63%     -    1s
     0     0 1473027.80    0  206 1594660.87 1473027.80  7.63%     -    1s
H    0     0                    1594185.2042 1473719.00  7.56%     -    1s
H    0     0                    1520327.5020 1473719.00  3.07%     -    1s
H    0     0                    1502001.6138 1473719.00  1.88%     -    1s
     0     0 1473719.00    0  176 1502001.61 1473719.00  1.88%     -    1s
H    0     0                    1501706.8734 1473769.84  1.86%     -    1s
     0     0 1473769.84    0  179 1501706.87 1473769.84  1.86%     -    1s
     0     0 1473781.94    0  185 1501706.87 1473781.94  1.86%     -    1s
     0     0 1473783.78    0  187 1501706.87 1473783.78  1.86%     -    1s
     0     0 1473783.78    0  187 1501706.87 1473783.78  1.86%     -    1s
     0     0 1474218.21    0  209 1501706.87 1474218.21  1.83%     -    1s
     0     0 1474308.86    0  199 1501706.87 1474308.86  1.82%     -    1s
     0     0 1474313.77    0  187 1501706.87 1474313.77  1.82%     -    1s
     0     0 1474313.92    0  190 1501706.87 1474313.92  1.82%     -    1s
H    0     0                    1500592.9226 1474405.83  1.75%     -    2s
     0     0 1474405.83    0  197 1500592.92 1474405.83  1.75%     -    2s
H    0     0                    1489927.9865 1474405.85  1.04%     -    2s

Cutting planes:
  Gomory: 21
  Lift-and-project: 1
  Cover: 4
  Implied bound: 150
  MIR: 110
  Flow cover: 92
  RLT: 24
  Relax-and-lift: 42
  BQP: 4

Explored 1 nodes (10045 simplex iterations) in 2.16 seconds (2.82 work units)
Thread count was 24 (of 24 available processors)

Solution count 10: 1.48993e+06 1.50059e+06 1.50171e+06 ... 1.65242e+06

Optimal solution found (tolerance 1.50e-02)
Best objective 1.489927986526e+06, best bound 1.474405848601e+06, gap 1.0418%

User-callback calls 518, time in user-callback 0.00 sec
Step-5: Gurobi solver finished
+++++++++++++++++++++++++++++++++++++++++++++++++++++++++++++++++++++++++++++++++++++++++++

assert_is_solved_and_feasible(scuc) = nothing
solution_summary(scuc) = solution_summary(; result = 1, verbose = false)
├ solver_name          : Gurobi
├ Termination
│ ├ termination_status : OPTIMAL
│ ├ result_count       : 10
│ ├ raw_status         : Model was solved to optimality (subject to tolerances), and an optimal solution is available.
│ └ objective_bound    : 1.47441e+06
├ Solution (result = 1)
│ ├ primal_status        : FEASIBLE_POINT
│ ├ dual_status          : NO_SOLUTION
│ ├ objective_value      : 1.48993e+06
│ └ relative_gap         : 1.04180e-02
└ Work counters
  ├ solve_time (sec)   : 2.15900e+00
  ├ simplex_iterations : 10045
  ├ barrier_iterations : 0
  └ node_count         : 1


Termination Status: OPTIMAL
Acceptable solution found (Status: OPTIMAL).
Step-6: record datas
PART1: [unit-commitment] calculation result has been saved to: D:/GithubClonefiles/module_unitcommitment/output/details_schedule_results/pcm_simulation_results/intervels_[3]/res_schedule_commitment_result.txt
PART1: [unit-commitment] calculation result has been saved to: D:/GithubClonefiles/module_unitcommitment/output/details_schedule_results/pcm_simulation_results/intervels_[3]/res_schedule_commitment_result.txt
Step-3: Creating dispatching model (Refactored & Modularized)
Set parameter Username
Set parameter LicenseID to value 2826524
Academic license - for non-commercial use only - expires 2027-05-22
Set parameter MIPGap to value 0.015
	 Variables defined.
DEBUG set_objective_economic!: NT=24, NG=54, ND=91, NW=2, NS=1, K=3, size(refcost)=(54,), size(eachslope)=(3, 54)
objective_function
	MILP economic objective set
subject to.
	 constraints: 1) minimum shutup/shutdown time limits			 done
	 constraints: 2) binary variable logic					 done
	 constraints: 3) shutup/shutdown cost					 done
	 constraints: 4) loadcurtailments and spoliedwinds			 done
	 constraints: 5) generatos power limits					 done
	 constraints: 6) system reserves limits					 done
	 constraints: 7) power balance constraints				 done
	 constraints: 8) ramp-up/ramp-down constraints				 done
	 constraints: 9) piece linearization constraints			 done
	 constraints: 10) transmissionline limits skipped (is_NetWorkCon != 1 or Gsdf missing or NL=0)
	 constraints: 11) stroges system constraints skipped (is_ConsiderBESS=0)
	 constraints: 12) data centra constraints skipped (is_ConsiderDataCentra != 1)
	 constraints: 13) frequency control constraints skipped (is_ConsiderFrequencyControl != 1)
	 constraints: 14) hydro power limits					 done
+++++++++++++++++++++++++++++++++++++++++++++++++++++++++++++++++++++++++++++++++++++++++++
Step-4: starting Gurobi solver
Set parameter MIPGap to value 0.015
Gurobi Optimizer version 13.0.2 build v13.0.2rc1 (win64 - Windows 11+.0 (29639.2))

CPU model: 13th Gen Intel(R) Core(TM) i7-13700F, instruction set [SSE2|AVX|AVX2]
Thread count: 16 physical cores, 24 logical processors, using up to 24 threads

Non-default parameters:
MIPGap  0.015

Optimize a model with 25955 rows, 16848 columns and 139843 nonzeros (Min)
Model fingerprint: 0xd6187d88
Model has 12600 linear objective coefficients
Variable types: 12864 continuous, 3984 integer (3984 binary)
Coefficient statistics:
  Matrix range     [3e-02, 4e+02]
  Objective range  [1e+00, 1e+15]
  Bounds range     [0e+00, 0e+00]
  RHS range        [8e-03, 4e+02]
Warning: Model contains large objective coefficients
         Consider reformulating model or setting NumericFocus parameter
         to avoid numerical issues.

Presolve removed 10531 rows and 5472 columns
Presolve time: 0.22s
Presolved: 15424 rows, 11376 columns, 58701 nonzeros
Variable types: 7845 continuous, 3531 integer (3531 binary)

Root relaxation: objective 3.648645e+15, 9787 iterations, 0.22 seconds (0.34 work units)

    Nodes    |    Current Node    |     Objective Bounds      |     Work
 Expl Unexpl |  Obj  Depth IntInf | Incumbent    BestBd   Gap | It/Node Time

     0     0 3.6486e+15    0  317          - 3.6486e+15      -     -    0s
H    0     0                    3.901114e+15 3.6486e+15  6.47%     -    0s
H    0     0                    3.648645e+15 3.6486e+15  0.00%     -    0s

Explored 1 nodes (9792 simplex iterations) in 0.75 seconds (1.34 work units)
Thread count was 24 (of 24 available processors)

Solution count 2: 3.64865e+15 3.90111e+15 

Optimal solution found (tolerance 1.50e-02)
Best objective 3.648645368004e+15, best bound 3.648645368004e+15, gap 0.0000%

User-callback calls 262, time in user-callback 0.00 sec
Step-5: Gurobi solver finished
+++++++++++++++++++++++++++++++++++++++++++++++++++++++++++++++++++++++++++++++++++++++++++

assert_is_solved_and_feasible(scuc) = nothing
solution_summary(scuc) = solution_summary(; result = 1, verbose = false)
├ solver_name          : Gurobi
├ Termination
│ ├ termination_status : OPTIMAL
│ ├ result_count       : 2
│ ├ raw_status         : Model was solved to optimality (subject to tolerances), and an optimal solution is available.
│ └ objective_bound    : 3.64865e+15
├ Solution (result = 1)
│ ├ primal_status        : FEASIBLE_POINT
│ ├ dual_status          : NO_SOLUTION
│ ├ objective_value      : 3.64865e+15
│ └ relative_gap         : 1.01407e-14
└ Work counters
  ├ solve_time (sec)   : 7.54000e-01
  ├ simplex_iterations : 9792
  ├ barrier_iterations : 0
  └ node_count         : 1


Termination Status: OPTIMAL
Acceptable solution found (Status: OPTIMAL).
Step-6: record datas
PART1: [unit-commitment] calculation result has been saved to: D:/GithubClonefiles/module_unitcommitment/output/details_schedule_results/pcm_simulation_results/intervels_[4]/res_schedule_commitment_result.txt
PART1: [unit-commitment] calculation result has been saved to: D:/GithubClonefiles/module_unitcommitment/output/details_schedule_results/pcm_simulation_results/intervels_[4]/res_schedule_commitment_result.txt
Step-3: Creating dispatching model (Refactored & Modularized)
Set parameter Username
Set parameter LicenseID to value 2826524
Academic license - for non-commercial use only - expires 2027-05-22
Set parameter MIPGap to value 0.015
	 Variables defined.
DEBUG set_objective_economic!: NT=24, NG=54, ND=91, NW=2, NS=1, K=3, size(refcost)=(54,), size(eachslope)=(3, 54)
objective_function
	MILP economic objective set
subject to.
	 constraints: 1) minimum shutup/shutdown time limits			 done
	 constraints: 2) binary variable logic					 done
	 constraints: 3) shutup/shutdown cost					 done
	 constraints: 4) loadcurtailments and spoliedwinds			 done
	 constraints: 5) generatos power limits					 done
	 constraints: 6) system reserves limits					 done
	 constraints: 7) power balance constraints				 done
	 constraints: 8) ramp-up/ramp-down constraints				 done
	 constraints: 9) piece linearization constraints			 done
	 constraints: 10) transmissionline limits skipped (is_NetWorkCon != 1 or Gsdf missing or NL=0)
	 constraints: 11) stroges system constraints skipped (is_ConsiderBESS=0)
	 constraints: 12) data centra constraints skipped (is_ConsiderDataCentra != 1)
	 constraints: 13) frequency control constraints skipped (is_ConsiderFrequencyControl != 1)
	 constraints: 14) hydro power limits					 done
+++++++++++++++++++++++++++++++++++++++++++++++++++++++++++++++++++++++++++++++++++++++++++
Step-4: starting Gurobi solver
Set parameter MIPGap to value 0.015
Gurobi Optimizer version 13.0.2 build v13.0.2rc1 (win64 - Windows 11+.0 (29639.2))

CPU model: 13th Gen Intel(R) Core(TM) i7-13700F, instruction set [SSE2|AVX|AVX2]
Thread count: 16 physical cores, 24 logical processors, using up to 24 threads

Non-default parameters:
MIPGap  0.015

Optimize a model with 25950 rows, 16848 columns and 139802 nonzeros (Min)
Model fingerprint: 0x01658cdb
Model has 12600 linear objective coefficients
Variable types: 12864 continuous, 3984 integer (3984 binary)
Coefficient statistics:
  Matrix range     [3e-02, 4e+02]
  Objective range  [1e+00, 1e+15]
  Bounds range     [0e+00, 0e+00]
  RHS range        [8e-03, 4e+02]
Warning: Model contains large objective coefficients
         Consider reformulating model or setting NumericFocus parameter
         to avoid numerical issues.

Presolve removed 10608 rows and 5494 columns
Presolve time: 0.21s
Presolved: 15342 rows, 11354 columns, 58318 nonzeros
Variable types: 7847 continuous, 3507 integer (3507 binary)

Root relaxation: objective 1.670528e+06, 7640 iterations, 0.16 seconds (0.25 work units)

    Nodes    |    Current Node    |     Objective Bounds      |     Work
 Expl Unexpl |  Obj  Depth IntInf | Incumbent    BestBd   Gap | It/Node Time

     0     0 1670528.34    0  271          - 1670528.34      -     -    0s
H    0     0                    1876010.0909 1670528.34  11.0%     -    0s
H    0     0                    1796821.3875 1670528.34  7.03%     -    0s
     0     0 1672042.83    0  225 1796821.39 1672042.83  6.94%     -    0s
     0     0 1672311.51    0  223 1796821.39 1672311.51  6.93%     -    0s
H    0     0                    1717029.1277 1674128.26  2.50%     -    1s
H    0     0                    1707810.9510 1674128.26  1.97%     -    1s
     0     0 1674128.26    0  230 1707810.95 1674128.26  1.97%     -    1s
     0     0 1674171.09    0  271 1707810.95 1674171.09  1.97%     -    1s
     0     0 1674171.09    0  285 1707810.95 1674171.09  1.97%     -    1s
     0     0 1674810.75    0  225 1707810.95 1674810.75  1.93%     -    1s
     0     0 1674857.40    0  207 1707810.95 1674857.40  1.93%     -    1s
     0     0 1674861.65    0  229 1707810.95 1674861.65  1.93%     -    1s
     0     0 1674861.65    0  232 1707810.95 1674861.65  1.93%     -    1s
H    0     0                    1706552.5084 1674861.65  1.86%     -    1s
     0     0 1675100.42    0  223 1706552.51 1675100.42  1.84%     -    1s
H    0     0                    1705088.5535 1675100.42  1.76%     -    1s
H    0     0                    1687671.5412 1675130.57  0.74%     -    2s
     0     0 1675130.57    0  232 1687671.54 1675130.57  0.74%     -    2s

Cutting planes:
  Gomory: 36
  Cover: 3
  Implied bound: 250
  MIR: 112
  Flow cover: 100
  RLT: 59
  Relax-and-lift: 75
  BQP: 8

Explored 1 nodes (10966 simplex iterations) in 2.04 seconds (2.82 work units)
Thread count was 24 (of 24 available processors)

Solution count 7: 1.68767e+06 1.70509e+06 1.70655e+06 ... 1.87601e+06

Optimal solution found (tolerance 1.50e-02)
Best objective 1.687671541179e+06, best bound 1.675130567321e+06, gap 0.7431%

User-callback calls 451, time in user-callback 0.00 sec
Step-5: Gurobi solver finished
+++++++++++++++++++++++++++++++++++++++++++++++++++++++++++++++++++++++++++++++++++++++++++

assert_is_solved_and_feasible(scuc) = nothing
solution_summary(scuc) = solution_summary(; result = 1, verbose = false)
├ solver_name          : Gurobi
├ Termination
│ ├ termination_status : OPTIMAL
│ ├ result_count       : 7
│ ├ raw_status         : Model was solved to optimality (subject to tolerances), and an optimal solution is available.
│ └ objective_bound    : 1.67513e+06
├ Solution (result = 1)
│ ├ primal_status        : FEASIBLE_POINT
│ ├ dual_status          : NO_SOLUTION
│ ├ objective_value      : 1.68767e+06
│ └ relative_gap         : 7.43093e-03
└ Work counters
  ├ solve_time (sec)   : 2.04200e+00
  ├ simplex_iterations : 10966
  ├ barrier_iterations : 0
  └ node_count         : 1


Termination Status: OPTIMAL
Acceptable solution found (Status: OPTIMAL).
Step-6: record datas
PART1: [unit-commitment] calculation result has been saved to: D:/GithubClonefiles/module_unitcommitment/output/details_schedule_results/pcm_simulation_results/intervels_[5]/res_schedule_commitment_result.txt
PART1: [unit-commitment] calculation result has been saved to: D:/GithubClonefiles/module_unitcommitment/output/details_schedule_results/pcm_simulation_results/intervels_[5]/res_schedule_commitment_result.txt
Step-3: Creating dispatching model (Refactored & Modularized)
Set parameter Username
Set parameter LicenseID to value 2826524
Academic license - for non-commercial use only - expires 2027-05-22
Set parameter MIPGap to value 0.015
	 Variables defined.
DEBUG set_objective_economic!: NT=24, NG=54, ND=91, NW=2, NS=1, K=3, size(refcost)=(54,), size(eachslope)=(3, 54)
objective_function
	MILP economic objective set
subject to.
	 constraints: 1) minimum shutup/shutdown time limits			 done
	 constraints: 2) binary variable logic					 done
	 constraints: 3) shutup/shutdown cost					 done
	 constraints: 4) loadcurtailments and spoliedwinds			 done
	 constraints: 5) generatos power limits					 done
	 constraints: 6) system reserves limits					 done
	 constraints: 7) power balance constraints				 done
	 constraints: 8) ramp-up/ramp-down constraints				 done
	 constraints: 9) piece linearization constraints			 done
	 constraints: 10) transmissionline limits skipped (is_NetWorkCon != 1 or Gsdf missing or NL=0)
	 constraints: 11) stroges system constraints skipped (is_ConsiderBESS=0)
	 constraints: 12) data centra constraints skipped (is_ConsiderDataCentra != 1)
	 constraints: 13) frequency control constraints skipped (is_ConsiderFrequencyControl != 1)
	 constraints: 14) hydro power limits					 done
+++++++++++++++++++++++++++++++++++++++++++++++++++++++++++++++++++++++++++++++++++++++++++
Step-4: starting Gurobi solver
Set parameter MIPGap to value 0.015
Gurobi Optimizer version 13.0.2 build v13.0.2rc1 (win64 - Windows 11+.0 (29639.2))

CPU model: 13th Gen Intel(R) Core(TM) i7-13700F, instruction set [SSE2|AVX|AVX2]
Thread count: 16 physical cores, 24 logical processors, using up to 24 threads

Non-default parameters:
MIPGap  0.015

Optimize a model with 25970 rows, 16848 columns and 139931 nonzeros (Min)
Model fingerprint: 0x91c363ab
Model has 12600 linear objective coefficients
Variable types: 12864 continuous, 3984 integer (3984 binary)
Coefficient statistics:
  Matrix range     [3e-02, 4e+02]
  Objective range  [1e+00, 1e+15]
  Bounds range     [0e+00, 0e+00]
  RHS range        [8e-03, 4e+02]
Warning: Model contains large objective coefficients
         Consider reformulating model or setting NumericFocus parameter
         to avoid numerical issues.

Presolve removed 10551 rows and 5482 columns
Presolve time: 0.21s
Presolved: 15419 rows, 11366 columns, 58428 nonzeros
Variable types: 7835 continuous, 3531 integer (3531 binary)
Found heuristic solution: objective 8.734050e+16

Root relaxation: objective 3.688152e+16, 8358 iterations, 0.12 seconds (0.23 work units)

    Nodes    |    Current Node    |     Objective Bounds      |     Work
 Expl Unexpl |  Obj  Depth IntInf | Incumbent    BestBd   Gap | It/Node Time

     0     0 3.6882e+16    0  307 8.7341e+16 3.6882e+16  57.8%     -    0s
     0     0 3.6882e+16    0  184 8.7341e+16 3.6882e+16  57.8%     -    0s
H    0     0                    3.916385e+16 3.6882e+16  5.83%     -    0s
     0     0 3.6882e+16    0  107 3.9164e+16 3.6882e+16  5.83%     -    0s
     0     0 3.6882e+16    0  107 3.9164e+16 3.6882e+16  5.83%     -    0s
     0     0 3.6882e+16    0  107 3.9164e+16 3.6882e+16  5.83%     -    0s
     0     0 3.6882e+16    0   93 3.9164e+16 3.6882e+16  5.83%     -    1s
     0     0 3.6882e+16    0   90 3.9164e+16 3.6882e+16  5.83%     -    1s
     0     0 3.6882e+16    0   84 3.9164e+16 3.6882e+16  5.83%     -    1s
     0     0 3.6882e+16    0   71 3.9164e+16 3.6882e+16  5.83%     -    1s
     0     0 3.6882e+16    0   71 3.9164e+16 3.6882e+16  5.83%     -    1s
H    0     0                    3.890040e+16 3.6882e+16  5.19%     -    1s
H    0     0                    3.890040e+16 3.6882e+16  5.19%     -    1s
     0     0 3.6882e+16    0   97 3.8900e+16 3.6882e+16  5.19%     -    1s
     0     0 3.6882e+16    0   87 3.8900e+16 3.6882e+16  5.19%     -    1s
     0     0 3.6882e+16    0   87 3.8900e+16 3.6882e+16  5.19%     -    1s
H    0     0                    3.739556e+16 3.6882e+16  1.37%     -    1s

Cutting planes:
  Gomory: 49
  Cover: 2
  Implied bound: 306
  MIR: 91
  Flow cover: 81
  RLT: 52
  Relax-and-lift: 135
  BQP: 13
  PSD: 1

Explored 1 nodes (11045 simplex iterations) in 1.70 seconds (2.41 work units)
Thread count was 24 (of 24 available processors)

Solution count 4: 3.73956e+16 3.89004e+16 3.91638e+16 8.73405e+16 

Optimal solution found (tolerance 1.50e-02)
Best objective 3.739555631960e+16, best bound 3.688152224681e+16, gap 1.3746%

User-callback calls 407, time in user-callback 0.00 sec
Step-5: Gurobi solver finished
+++++++++++++++++++++++++++++++++++++++++++++++++++++++++++++++++++++++++++++++++++++++++++

assert_is_solved_and_feasible(scuc) = nothing
solution_summary(scuc) = solution_summary(; result = 1, verbose = false)
├ solver_name          : Gurobi
├ Termination
│ ├ termination_status : OPTIMAL
│ ├ result_count       : 4
│ ├ raw_status         : Model was solved to optimality (subject to tolerances), and an optimal solution is available.
│ └ objective_bound    : 3.68815e+16
├ Solution (result = 1)
│ ├ primal_status        : FEASIBLE_POINT
│ ├ dual_status          : NO_SOLUTION
│ ├ objective_value      : 3.73956e+16
│ └ relative_gap         : 1.37459e-02
└ Work counters
  ├ solve_time (sec)   : 1.69900e+00
  ├ simplex_iterations : 11045
  ├ barrier_iterations : 0
  └ node_count         : 1


Termination Status: OPTIMAL
Acceptable solution found (Status: OPTIMAL).
Step-6: record datas
PART1: [unit-commitment] calculation result has been saved to: D:/GithubClonefiles/module_unitcommitment/output/details_schedule_results/pcm_simulation_results/intervels_[6]/res_schedule_commitment_result.txt
PART1: [unit-commitment] calculation result has been saved to: D:/GithubClonefiles/module_unitcommitment/output/details_schedule_results/pcm_simulation_results/intervels_[6]/res_schedule_commitment_result.txt
Step-3: Creating dispatching model (Refactored & Modularized)
Set parameter Username
Set parameter LicenseID to value 2826524
Academic license - for non-commercial use only - expires 2027-05-22
Set parameter MIPGap to value 0.015
	 Variables defined.
DEBUG set_objective_economic!: NT=24, NG=54, ND=91, NW=2, NS=1, K=3, size(refcost)=(54,), size(eachslope)=(3, 54)
objective_function
	MILP economic objective set
subject to.
	 constraints: 1) minimum shutup/shutdown time limits			 done
	 constraints: 2) binary variable logic					 done
	 constraints: 3) shutup/shutdown cost					 done
	 constraints: 4) loadcurtailments and spoliedwinds			 done
	 constraints: 5) generatos power limits					 done
	 constraints: 6) system reserves limits					 done
	 constraints: 7) power balance constraints				 done
	 constraints: 8) ramp-up/ramp-down constraints				 done
	 constraints: 9) piece linearization constraints			 done
	 constraints: 10) transmissionline limits skipped (is_NetWorkCon != 1 or Gsdf missing or NL=0)
	 constraints: 11) stroges system constraints skipped (is_ConsiderBESS=0)
	 constraints: 12) data centra constraints skipped (is_ConsiderDataCentra != 1)
	 constraints: 13) frequency control constraints skipped (is_ConsiderFrequencyControl != 1)
	 constraints: 14) hydro power limits					 done
+++++++++++++++++++++++++++++++++++++++++++++++++++++++++++++++++++++++++++++++++++++++++++
Step-4: starting Gurobi solver
Set parameter MIPGap to value 0.015
Gurobi Optimizer version 13.0.2 build v13.0.2rc1 (win64 - Windows 11+.0 (29639.2))

CPU model: 13th Gen Intel(R) Core(TM) i7-13700F, instruction set [SSE2|AVX|AVX2]
Thread count: 16 physical cores, 24 logical processors, using up to 24 threads

Non-default parameters:
MIPGap  0.015

Optimize a model with 25970 rows, 16848 columns and 139889 nonzeros (Min)
Model fingerprint: 0xfedbd1db
Model has 12600 linear objective coefficients
Variable types: 12864 continuous, 3984 integer (3984 binary)
Coefficient statistics:
  Matrix range     [3e-02, 4e+02]
  Objective range  [1e+00, 1e+15]
  Bounds range     [0e+00, 0e+00]
  RHS range        [7e-03, 4e+02]
Warning: Model contains large objective coefficients
         Consider reformulating model or setting NumericFocus parameter
         to avoid numerical issues.

Presolve removed 10659 rows and 5509 columns
Presolve time: 0.24s
Presolved: 15311 rows, 11339 columns, 58199 nonzeros
Variable types: 7847 continuous, 3492 integer (3492 binary)
Found heuristic solution: objective 2515461.6541

Root relaxation: objective 1.540534e+06, 7899 iterations, 0.25 seconds (0.36 work units)

    Nodes    |    Current Node    |     Objective Bounds      |     Work
 Expl Unexpl |  Obj  Depth IntInf | Incumbent    BestBd   Gap | It/Node Time

     0     0 1540534.36    0  347 2515461.65 1540534.36  38.8%     -    0s
     0     0 2515461.65    0  315 2515461.65 2515461.65  0.00%     -    1s

Cutting planes:
  Gomory: 18
  Implied bound: 98
  MIR: 81
  Flow cover: 51
  Network: 2
  RLT: 38
  Relax-and-lift: 25
  BQP: 10

Explored 1 nodes (9061 simplex iterations) in 1.02 seconds (1.64 work units)
Thread count was 24 (of 24 available processors)

Solution count 1: 2.51546e+06 

Optimal solution found (tolerance 1.50e-02)
Best objective 2.515461654126e+06, best bound 2.515461654126e+06, gap 0.0000%

User-callback calls 280, time in user-callback 0.00 sec
Step-5: Gurobi solver finished
+++++++++++++++++++++++++++++++++++++++++++++++++++++++++++++++++++++++++++++++++++++++++++

assert_is_solved_and_feasible(scuc) = nothing
solution_summary(scuc) = solution_summary(; result = 1, verbose = false)
├ solver_name          : Gurobi
├ Termination
│ ├ termination_status : OPTIMAL
│ ├ result_count       : 1
│ ├ raw_status         : Model was solved to optimality (subject to tolerances), and an optimal solution is available.
│ └ objective_bound    : 2.51546e+06
├ Solution (result = 1)
│ ├ primal_status        : FEASIBLE_POINT
│ ├ dual_status          : NO_SOLUTION
│ ├ objective_value      : 2.51546e+06
│ └ relative_gap         : 0.00000e+00
└ Work counters
  ├ solve_time (sec)   : 1.02300e+00
  ├ simplex_iterations : 9061
  ├ barrier_iterations : 0
  └ node_count         : 1


Termination Status: OPTIMAL
Acceptable solution found (Status: OPTIMAL).
Step-6: record datas
PART1: [unit-commitment] calculation result has been saved to: D:/GithubClonefiles/module_unitcommitment/output/details_schedule_results/pcm_simulation_results/intervels_[7]/res_schedule_commitment_result.txt
PART1: [unit-commitment] calculation result has been saved to: D:/GithubClonefiles/module_unitcommitment/output/details_schedule_results/pcm_simulation_results/intervels_[7]/res_schedule_commitment_result.txt
--------------------------------------------------------------------------------
Running mode: SteadyOnly
Step-3: Creating dispatching model (Refactored & Modularized)
Set parameter Username
Set parameter LicenseID to value 2826524
Academic license - for non-commercial use only - expires 2027-05-22
Set parameter MIPGap to value 0.015
	 Variables defined.
DEBUG set_objective_economic!: NT=28, NG=54, ND=91, NW=2, NS=1, K=3, size(refcost)=(54,), size(eachslope)=(3, 54)
objective_function
	MILP economic objective set
subject to.
	 constraints: 1) minimum shutup/shutdown time limits			 done
	 constraints: 2) binary variable logic					 done
	 constraints: 3) shutup/shutdown cost					 done
	 constraints: 4) loadcurtailments and spoliedwinds			 done
	 constraints: 5) generatos power limits					 done
	 constraints: 6) system reserves limits					 done
	 constraints: 7) power balance constraints				 done
	 constraints: 8) ramp-up/ramp-down constraints				 done
	 constraints: 9) piece linearization constraints			 done
	 constraints: 10) transmissionline limits skipped (is_NetWorkCon != 1 or Gsdf missing or NL=0)
	 constraints: 11) stroges system constraints skipped (is_ConsiderBESS=0)
	 constraints: 12) data centra constraints skipped (is_ConsiderDataCentra != 1)
	 constraints: 13) frequency control constraints skipped (is_ConsiderFrequencyControl != 1)
	 constraints: 14) hydro power limits					 done
+++++++++++++++++++++++++++++++++++++++++++++++++++++++++++++++++++++++++++++++++++++++++++
Step-4: starting Gurobi solver
Set parameter MIPGap to value 0.015
Gurobi Optimizer version 13.0.2 build v13.0.2rc1 (win64 - Windows 11+.0 (29639.2))

CPU model: 13th Gen Intel(R) Core(TM) i7-13700F, instruction set [SSE2|AVX|AVX2]
Thread count: 16 physical cores, 24 logical processors, using up to 24 threads

Non-default parameters:
MIPGap  0.015

Optimize a model with 30314 rows, 19656 columns and 163562 nonzeros (Min)
Model fingerprint: 0x5a5d7f3c
Model has 14700 linear objective coefficients
Variable types: 15008 continuous, 4648 integer (4648 binary)
Coefficient statistics:
  Matrix range     [3e-02, 4e+02]
  Objective range  [1e+00, 1e+15]
  Bounds range     [0e+00, 0e+00]
  RHS range        [7e-03, 3e+02]
Warning: Model contains large objective coefficients
         Consider reformulating model or setting NumericFocus parameter
         to avoid numerical issues.

Presolve removed 12151 rows and 6319 columns
Presolve time: 0.28s
Presolved: 18163 rows, 13337 columns, 69144 nonzeros
Variable types: 9155 continuous, 4182 integer (4182 binary)

Root relaxation: objective 2.080449e+06, 9320 iterations, 0.30 seconds (0.35 work units)

    Nodes    |    Current Node    |     Objective Bounds      |     Work
 Expl Unexpl |  Obj  Depth IntInf | Incumbent    BestBd   Gap | It/Node Time

     0     0 2080449.49    0  460          - 2080449.49      -     -    0s
H    0     0                    1.237480e+15 2080449.49   100%     -    0s
H    0     0                    2457415.5537 2080449.49  15.3%     -    0s
     0     0 2087878.89    0  428 2457415.55 2087878.89  15.0%     -    1s
     0     0 2087891.71    0  431 2457415.55 2087891.71  15.0%     -    1s
     0     0 2087891.71    0  416 2457415.55 2087891.71  15.0%     -    1s
H    0     0                    2268043.2200 2090982.82  7.81%     -    1s
     0     0 2090982.82    0  265 2268043.22 2090982.82  7.81%     -    1s
     0     0 2091102.97    0  282 2268043.22 2091102.97  7.80%     -    1s
     0     0 2091102.97    0  274 2268043.22 2091102.97  7.80%     -    1s
     0     0 2091102.97    0  277 2268043.22 2091102.97  7.80%     -    1s
H    0     0                    2267467.9546 2091102.97  7.78%     -    2s
H    0     0                    2171542.5497 2091102.97  3.70%     -    2s
H    0     0                    2170789.2491 2091102.97  3.67%     -    2s
H    0     0                    2161180.1172 2091102.97  3.24%     -    2s
H    0     0                    2130808.7727 2091102.97  1.86%     -    2s
     0     0 2091514.14    0  280 2130808.77 2091514.14  1.84%     -    2s
     0     0 2091529.04    0  251 2130808.77 2091529.04  1.84%     -    2s
     0     0 2091567.29    0  285 2130808.77 2091567.29  1.84%     -    2s
     0     0 2091567.29    0  285 2130808.77 2091567.29  1.84%     -    2s
H    0     0                    2130281.5787 2091567.29  1.82%     -    2s
     0     0 2091824.15    0  214 2130281.58 2091824.15  1.81%     -    2s
H    0     0                    2129510.5848 2091829.47  1.77%     -    2s
     0     0 2091867.75    0  220 2129510.58 2091867.75  1.77%     -    2s
     0     0 2091879.40    0  259 2129510.58 2091879.40  1.77%     -    2s
     0     0 2091879.76    0  272 2129510.58 2091879.76  1.77%     -    2s
H    0     0                    2128532.8720 2091907.35  1.72%     -    2s
     0     0 2091907.35    0  244 2128532.87 2091907.35  1.72%     -    2s
     0     0 2091908.07    0  251 2128532.87 2091908.07  1.72%     -    3s
H    0     0                    2126346.1075 2091908.07  1.62%     -    3s
     0     0 2091952.83    0  307 2126346.11 2091952.83  1.62%     -    3s
H    0     0                    2125617.9272 2091953.09  1.58%     -    3s
H    0     0                    2124668.0266 2091953.09  1.54%     -    3s
     0     0 2091954.55    0  275 2124668.03 2091954.55  1.54%     -    3s
     0     0 2091967.47    0  302 2124668.03 2091967.47  1.54%     -    3s
H    0     0                    2124051.3110 2091969.76  1.51%     -    3s
H    0     0                    2123849.9240 2091969.76  1.50%     -    3s
H    0     0                    2123070.7240 2091969.76  1.46%     -    3s
     0     0 2091969.76    0  311 2123070.72 2091969.76  1.46%     -    3s

Cutting planes:
  Gomory: 32
  Cover: 8
  Implied bound: 302
  MIR: 119
  Flow cover: 105
  RLT: 96
  Relax-and-lift: 90
  BQP: 8

Explored 1 nodes (13434 simplex iterations) in 3.43 seconds (4.16 work units)
Thread count was 24 (of 24 available processors)

Solution count 10: 2.12307e+06 2.12307e+06 2.12385e+06 ... 2.13028e+06

Optimal solution found (tolerance 1.50e-02)
Best objective 2.123070723988e+06, best bound 2.091969763272e+06, gap 1.4649%

User-callback calls 723, time in user-callback 0.00 sec
Step-5: Gurobi solver finished
+++++++++++++++++++++++++++++++++++++++++++++++++++++++++++++++++++++++++++++++++++++++++++

assert_is_solved_and_feasible(scuc) = nothing
solution_summary(scuc) = solution_summary(; result = 1, verbose = false)
├ solver_name          : Gurobi
├ Termination
│ ├ termination_status : OPTIMAL
│ ├ result_count       : 10
│ ├ raw_status         : Model was solved to optimality (subject to tolerances), and an optimal solution is available.
│ └ objective_bound    : 2.09197e+06
├ Solution (result = 1)
│ ├ primal_status        : FEASIBLE_POINT
│ ├ dual_status          : NO_SOLUTION
│ ├ objective_value      : 2.12307e+06
│ └ relative_gap         : 1.46490e-02
└ Work counters
  ├ solve_time (sec)   : 3.43100e+00
  ├ simplex_iterations : 13434
  ├ barrier_iterations : 0
  └ node_count         : 1


Termination Status: OPTIMAL
Acceptable solution found (Status: OPTIMAL).
Step-6: record datas
PART1: [unit-commitment] calculation result has been saved to: D:/GithubClonefiles/module_unitcommitment/output/details_schedule_results/pcm_simulation_results/intervels_[1]/res_schedule_commitment_result.txt
PART1: [unit-commitment] calculation result has been saved to: D:/GithubClonefiles/module_unitcommitment/output/details_schedule_results/pcm_simulation_results/intervels_[1]/res_schedule_commitment_result.txt
Step-3: Creating dispatching model (Refactored & Modularized)
Set parameter Username
Set parameter LicenseID to value 2826524
Academic license - for non-commercial use only - expires 2027-05-22
Set parameter MIPGap to value 0.015
	 Variables defined.
DEBUG set_objective_economic!: NT=29, NG=54, ND=91, NW=2, NS=1, K=3, size(refcost)=(54,), size(eachslope)=(3, 54)
objective_function
	MILP economic objective set
subject to.
	 constraints: 1) minimum shutup/shutdown time limits			 done
	 constraints: 2) binary variable logic					 done
	 constraints: 3) shutup/shutdown cost					 done
	 constraints: 4) loadcurtailments and spoliedwinds			 done
	 constraints: 5) generatos power limits					 done
	 constraints: 6) system reserves limits					 done
	 constraints: 7) power balance constraints				 done
	 constraints: 8) ramp-up/ramp-down constraints				 done
	 constraints: 9) piece linearization constraints			 done
	 constraints: 10) transmissionline limits skipped (is_NetWorkCon != 1 or Gsdf missing or NL=0)
	 constraints: 11) stroges system constraints skipped (is_ConsiderBESS=0)
	 constraints: 12) data centra constraints skipped (is_ConsiderDataCentra != 1)
	 constraints: 13) frequency control constraints skipped (is_ConsiderFrequencyControl != 1)
	 constraints: 14) hydro power limits					 done
+++++++++++++++++++++++++++++++++++++++++++++++++++++++++++++++++++++++++++++++++++++++++++
Step-4: starting Gurobi solver
Set parameter MIPGap to value 0.015
Gurobi Optimizer version 13.0.2 build v13.0.2rc1 (win64 - Windows 11+.0 (29639.2))

CPU model: 13th Gen Intel(R) Core(TM) i7-13700F, instruction set [SSE2|AVX|AVX2]
Thread count: 16 physical cores, 24 logical processors, using up to 24 threads

Non-default parameters:
MIPGap  0.015

Optimize a model with 31427 rows, 20358 columns and 169637 nonzeros (Min)
Model fingerprint: 0x6b0543eb
Model has 15225 linear objective coefficients
Variable types: 15544 continuous, 4814 integer (4814 binary)
Coefficient statistics:
  Matrix range     [3e-02, 4e+02]
  Objective range  [1e+00, 1e+15]
  Bounds range     [0e+00, 0e+00]
  RHS range        [7e-03, 4e+02]
Warning: Model contains large objective coefficients
         Consider reformulating model or setting NumericFocus parameter
         to avoid numerical issues.

Presolve removed 12558 rows and 6535 columns
Presolve time: 0.26s
Presolved: 18869 rows, 13823 columns, 71676 nonzeros
Variable types: 9482 continuous, 4341 integer (4341 binary)

Root relaxation: objective 2.514970e+06, 11537 iterations, 0.26 seconds (0.38 work units)

    Nodes    |    Current Node    |     Objective Bounds      |     Work
 Expl Unexpl |  Obj  Depth IntInf | Incumbent    BestBd   Gap | It/Node Time

     0     0 2514970.10    0  541          - 2514970.10      -     -    0s
H    0     0                    3181919.6288 2514970.10  21.0%     -    0s
     0     0 2526352.44    0  349 3181919.63 2526352.44  20.6%     -    1s
     0     0 2526381.57    0  342 3181919.63 2526381.57  20.6%     -    1s
     0     0 2526381.57    0  342 3181919.63 2526381.57  20.6%     -    1s
     0     0 2528447.13    0  287 3181919.63 2528447.13  20.5%     -    1s
     0     0 2528670.69    0  297 3181919.63 2528670.69  20.5%     -    1s
     0     0 2529922.62    0  213 3181919.63 2529922.62  20.5%     -    1s
H    0     0                    2752980.7030 2529994.04  8.10%     -    2s
H    0     0                    2586512.5987 2529994.04  2.19%     -    2s
     0     0 2529994.04    0  200 2586512.60 2529994.04  2.19%     -    2s
     0     0 2530143.02    0  230 2586512.60 2530143.02  2.18%     -    2s
     0     0 2530145.77    0  232 2586512.60 2530145.77  2.18%     -    2s
     0     0 2530284.46    0  207 2586512.60 2530284.46  2.17%     -    2s
H    0     0                    2585628.7657 2530287.83  2.14%     -    2s
H    0     0                    2580520.2918 2530356.48  1.94%     -    2s
     0     0 2530356.48    0  216 2580520.29 2530356.48  1.94%     -    2s
H    0     0                    2580329.6638 2530361.85  1.94%     -    2s
     0     0 2530361.85    0  219 2580329.66 2530361.85  1.94%     -    2s
     0     0 2530364.60    0  236 2580329.66 2530364.60  1.94%     -    2s
     0     0 2530460.91    0  253 2580329.66 2530460.91  1.93%     -    2s
     0     0 2530486.68    0  260 2580329.66 2530486.68  1.93%     -    2s
     0     0 2530487.52    0  270 2580329.66 2530487.52  1.93%     -    2s
     0     0 2530552.03    0  272 2580329.66 2530552.03  1.93%     -    2s
H    0     0                    2576704.4420 2530552.20  1.79%     -    2s
H    0     0                    2576155.1375 2530552.20  1.77%     -    2s
     0     0 2530567.97    0  286 2576155.14 2530567.97  1.77%     -    2s
     0     0 2530574.72    0  287 2576155.14 2530574.72  1.77%     -    2s
     0     0 2530575.28    0  296 2576155.14 2530575.28  1.77%     -    2s
     0     0 2530602.88    0  259 2576155.14 2530602.88  1.77%     -    3s
     0     0 2530612.44    0  255 2576155.14 2530612.44  1.77%     -    3s
     0     0 2530612.93    0  250 2576155.14 2530612.93  1.77%     -    3s
     0     0 2530617.13    0  228 2576155.14 2530617.13  1.77%     -    3s
H    0     0                    2572202.2830 2530617.62  1.62%     -    3s
H    0     0                    2571467.3040 2530617.62  1.59%     -    3s
     0     0 2530622.45    0  262 2571467.30 2530622.45  1.59%     -    3s
     0     0 2530622.50    0  264 2571467.30 2530622.50  1.59%     -    3s
     0     0 2530632.07    0  235 2571467.30 2530632.07  1.59%     -    3s
     0     0 2530632.77    0  257 2571467.30 2530632.77  1.59%     -    3s
H    0     0                    2548717.8484 2530632.77  0.71%     -    3s

Cutting planes:
  Gomory: 44
  Cover: 9
  Implied bound: 329
  MIR: 191
  StrongCG: 1
  Flow cover: 219
  RLT: 73
  Relax-and-lift: 127
  BQP: 5

Explored 1 nodes (16978 simplex iterations) in 3.66 seconds (4.19 work units)
Thread count was 24 (of 24 available processors)

Solution count 10: 2.54872e+06 2.54872e+06 2.57147e+06 ... 2.58651e+06

Optimal solution found (tolerance 1.50e-02)
Best objective 2.548717848396e+06, best bound 2.530632766989e+06, gap 0.7096%

User-callback calls 862, time in user-callback 0.00 sec
Step-5: Gurobi solver finished
+++++++++++++++++++++++++++++++++++++++++++++++++++++++++++++++++++++++++++++++++++++++++++

assert_is_solved_and_feasible(scuc) = nothing
solution_summary(scuc) = solution_summary(; result = 1, verbose = false)
├ solver_name          : Gurobi
├ Termination
│ ├ termination_status : OPTIMAL
│ ├ result_count       : 10
│ ├ raw_status         : Model was solved to optimality (subject to tolerances), and an optimal solution is available.
│ └ objective_bound    : 2.53063e+06
├ Solution (result = 1)
│ ├ primal_status        : FEASIBLE_POINT
│ ├ dual_status          : NO_SOLUTION
│ ├ objective_value      : 2.54872e+06
│ └ relative_gap         : 7.09576e-03
└ Work counters
  ├ solve_time (sec)   : 3.79200e+00
  ├ simplex_iterations : 16978
  ├ barrier_iterations : 0
  └ node_count         : 1


Termination Status: OPTIMAL
Acceptable solution found (Status: OPTIMAL).
Step-6: record datas
PART1: [unit-commitment] calculation result has been saved to: D:/GithubClonefiles/module_unitcommitment/output/details_schedule_results/pcm_simulation_results/intervels_[2]/res_schedule_commitment_result.txt
PART1: [unit-commitment] calculation result has been saved to: D:/GithubClonefiles/module_unitcommitment/output/details_schedule_results/pcm_simulation_results/intervels_[2]/res_schedule_commitment_result.txt
Step-3: Creating dispatching model (Refactored & Modularized)
Set parameter Username
Set parameter LicenseID to value 2826524
Academic license - for non-commercial use only - expires 2027-05-22
Set parameter MIPGap to value 0.015
	 Variables defined.
DEBUG set_objective_economic!: NT=31, NG=54, ND=91, NW=2, NS=1, K=3, size(refcost)=(54,), size(eachslope)=(3, 54)
objective_function
	MILP economic objective set
subject to.
	 constraints: 1) minimum shutup/shutdown time limits			 done
	 constraints: 2) binary variable logic					 done
	 constraints: 3) shutup/shutdown cost					 done
	 constraints: 4) loadcurtailments and spoliedwinds			 done
	 constraints: 5) generatos power limits					 done
	 constraints: 6) system reserves limits					 done
	 constraints: 7) power balance constraints				 done
	 constraints: 8) ramp-up/ramp-down constraints				 done
	 constraints: 9) piece linearization constraints			 done
	 constraints: 10) transmissionline limits skipped (is_NetWorkCon != 1 or Gsdf missing or NL=0)
	 constraints: 11) stroges system constraints skipped (is_ConsiderBESS=0)
	 constraints: 12) data centra constraints skipped (is_ConsiderDataCentra != 1)
	 constraints: 13) frequency control constraints skipped (is_ConsiderFrequencyControl != 1)
	 constraints: 14) hydro power limits					 done
+++++++++++++++++++++++++++++++++++++++++++++++++++++++++++++++++++++++++++++++++++++++++++
Step-4: starting Gurobi solver
Set parameter MIPGap to value 0.015
Gurobi Optimizer version 13.0.2 build v13.0.2rc1 (win64 - Windows 11+.0 (29639.2))

CPU model: 13th Gen Intel(R) Core(TM) i7-13700F, instruction set [SSE2|AVX|AVX2]
Thread count: 16 physical cores, 24 logical processors, using up to 24 threads

Non-default parameters:
MIPGap  0.015

Optimize a model with 33630 rows, 21762 columns and 181582 nonzeros (Min)
Model fingerprint: 0x76b6ee2f
Model has 16275 linear objective coefficients
Variable types: 16616 continuous, 5146 integer (5146 binary)
Coefficient statistics:
  Matrix range     [3e-02, 4e+02]
  Objective range  [1e+00, 1e+15]
  Bounds range     [0e+00, 0e+00]
  RHS range        [7e-03, 4e+02]
Warning: Model contains large objective coefficients
         Consider reformulating model or setting NumericFocus parameter
         to avoid numerical issues.

Presolve removed 13448 rows and 6973 columns
Presolve time: 0.38s
Presolved: 20182 rows, 14789 columns, 90521 nonzeros
Variable types: 10136 continuous, 4653 integer (4653 binary)

Root relaxation: objective 1.847392e+06, 9287 iterations, 0.24 seconds (0.31 work units)

    Nodes    |    Current Node    |     Objective Bounds      |     Work
 Expl Unexpl |  Obj  Depth IntInf | Incumbent    BestBd   Gap | It/Node Time

     0     0 1847391.64    0  210          - 1847391.64      -     -    0s
H    0     0                    5.769668e+15 1847391.64   100%     -    0s
H    0     0                    3.917931e+15 1847391.64   100%     -    0s
H    0     0                    7.944979e+14 1847391.64   100%     -    0s
H    0     0                    5.246828e+13 1847391.64   100%     -    0s
H    0     0                    2048204.9089 1847528.65  9.80%     -    1s
     0     0 1848256.86    0  235 2048204.91 1848256.86  9.76%     -    1s
     0     0 1848338.51    0  245 2048204.91 1848338.51  9.76%     -    1s
     0     0 1848339.54    0  235 2048204.91 1848339.54  9.76%     -    1s
     0     0 1848339.54    0  235 2048204.91 1848339.54  9.76%     -    1s
     0     0 1849007.59    0  186 2048204.91 1849007.59  9.73%     -    1s
     0     0 1849045.55    0  193 2048204.91 1849045.55  9.72%     -    1s
H    0     0                    1868666.2407 1849045.55  1.05%     -    2s
H    0     0                    1867068.0197 1849045.55  0.97%     -    2s
H    0     0                    1867047.5406 1849045.55  0.96%     -    2s
H    0     0                    1865711.6301 1849045.55  0.89%     -    2s
H    0     0                    1865711.5041 1849045.55  0.89%     -    2s

Cutting planes:
  Gomory: 24
  Lift-and-project: 10
  Cover: 7
  Implied bound: 52
  MIR: 107
  Flow cover: 50
  Relax-and-lift: 12

Explored 1 nodes (10403 simplex iterations) in 2.11 seconds (2.78 work units)
Thread count was 24 (of 24 available processors)

Solution count 9: 1.86571e+06 1.86705e+06 1.86707e+06 ... 5.76967e+15

Optimal solution found (tolerance 1.50e-02)
Best objective 1.865711504141e+06, best bound 1.849045549425e+06, gap 0.8933%

User-callback calls 529, time in user-callback 0.00 sec
Step-5: Gurobi solver finished
+++++++++++++++++++++++++++++++++++++++++++++++++++++++++++++++++++++++++++++++++++++++++++

assert_is_solved_and_feasible(scuc) = nothing
solution_summary(scuc) = solution_summary(; result = 1, verbose = false)
├ solver_name          : Gurobi
├ Termination
│ ├ termination_status : OPTIMAL
│ ├ result_count       : 9
│ ├ raw_status         : Model was solved to optimality (subject to tolerances), and an optimal solution is available.
│ └ objective_bound    : 1.84905e+06
├ Solution (result = 1)
│ ├ primal_status        : FEASIBLE_POINT
│ ├ dual_status          : NO_SOLUTION
│ ├ objective_value      : 1.86571e+06
│ └ relative_gap         : 8.93276e-03
└ Work counters
  ├ solve_time (sec)   : 2.10700e+00
  ├ simplex_iterations : 10403
  ├ barrier_iterations : 0
  └ node_count         : 1


Termination Status: OPTIMAL
Acceptable solution found (Status: OPTIMAL).
Step-6: record datas
PART1: [unit-commitment] calculation result has been saved to: D:/GithubClonefiles/module_unitcommitment/output/details_schedule_results/pcm_simulation_results/intervels_[3]/res_schedule_commitment_result.txt
PART1: [unit-commitment] calculation result has been saved to: D:/GithubClonefiles/module_unitcommitment/output/details_schedule_results/pcm_simulation_results/intervels_[3]/res_schedule_commitment_result.txt
Step-3: Creating dispatching model (Refactored & Modularized)
Set parameter Username
Set parameter LicenseID to value 2826524
Academic license - for non-commercial use only - expires 2027-05-22
Set parameter MIPGap to value 0.015
	 Variables defined.
DEBUG set_objective_economic!: NT=27, NG=54, ND=91, NW=2, NS=1, K=3, size(refcost)=(54,), size(eachslope)=(3, 54)
objective_function
	MILP economic objective set
subject to.
	 constraints: 1) minimum shutup/shutdown time limits			 done
	 constraints: 2) binary variable logic					 done
	 constraints: 3) shutup/shutdown cost					 done
	 constraints: 4) loadcurtailments and spoliedwinds			 done
	 constraints: 5) generatos power limits					 done
	 constraints: 6) system reserves limits					 done
	 constraints: 7) power balance constraints				 done
	 constraints: 8) ramp-up/ramp-down constraints				 done
	 constraints: 9) piece linearization constraints			 done
	 constraints: 10) transmissionline limits skipped (is_NetWorkCon != 1 or Gsdf missing or NL=0)
	 constraints: 11) stroges system constraints skipped (is_ConsiderBESS=0)
	 constraints: 12) data centra constraints skipped (is_ConsiderDataCentra != 1)
	 constraints: 13) frequency control constraints skipped (is_ConsiderFrequencyControl != 1)
	 constraints: 14) hydro power limits					 done
+++++++++++++++++++++++++++++++++++++++++++++++++++++++++++++++++++++++++++++++++++++++++++
Step-4: starting Gurobi solver
Set parameter MIPGap to value 0.015
Gurobi Optimizer version 13.0.2 build v13.0.2rc1 (win64 - Windows 11+.0 (29639.2))

CPU model: 13th Gen Intel(R) Core(TM) i7-13700F, instruction set [SSE2|AVX|AVX2]
Thread count: 16 physical cores, 24 logical processors, using up to 24 threads

Non-default parameters:
MIPGap  0.015

Optimize a model with 29225 rows, 18954 columns and 157639 nonzeros (Min)
Model fingerprint: 0xb8f7b81e
Model has 14175 linear objective coefficients
Variable types: 14472 continuous, 4482 integer (4482 binary)
Coefficient statistics:
  Matrix range     [3e-02, 4e+02]
  Objective range  [1e+00, 1e+15]
  Bounds range     [0e+00, 0e+00]
  RHS range        [8e-03, 4e+02]
Warning: Model contains large objective coefficients
         Consider reformulating model or setting NumericFocus parameter
         to avoid numerical issues.

Presolve removed 11728 rows and 6108 columns
Presolve time: 0.25s
Presolved: 17497 rows, 12846 columns, 66483 nonzeros
Variable types: 8826 continuous, 4020 integer (4020 binary)

Root relaxation: objective 3.648645e+15, 10594 iterations, 0.21 seconds (0.30 work units)

    Nodes    |    Current Node    |     Objective Bounds      |     Work
 Expl Unexpl |  Obj  Depth IntInf | Incumbent    BestBd   Gap | It/Node Time

     0     0 3.6486e+15    0  407          - 3.6486e+15      -     -    0s
H    0     0                    4.201114e+15 3.6486e+15  13.2%     -    0s
     0     0 3.6486e+15    0  230 4.2011e+15 3.6486e+15  13.2%     -    2s
H    0     0                    3.939191e+15 3.6486e+15  7.38%     -    3s
H    0     0                    3.648645e+15 3.6486e+15  0.00%     -    3s
     0     0 3.6486e+15    0  228 3.6486e+15 3.6486e+15  0.00%     -    3s

Cutting planes:
  Gomory: 13
  Implied bound: 266
  MIR: 40
  Flow cover: 27
  RLT: 93
  Relax-and-lift: 97
  BQP: 10
  PSD: 7

Explored 1 nodes (13027 simplex iterations) in 3.04 seconds (3.52 work units)
Thread count was 24 (of 24 available processors)

Solution count 3: 3.64865e+15 3.93919e+15 4.20111e+15 

Optimal solution found (tolerance 1.50e-02)
Best objective 3.648645368113e+15, best bound 3.648645368113e+15, gap 0.0000%

User-callback calls 1032, time in user-callback 0.00 sec
Step-5: Gurobi solver finished
+++++++++++++++++++++++++++++++++++++++++++++++++++++++++++++++++++++++++++++++++++++++++++

assert_is_solved_and_feasible(scuc) = nothing
solution_summary(scuc) = solution_summary(; result = 1, verbose = false)
├ solver_name          : Gurobi
├ Termination
│ ├ termination_status : OPTIMAL
│ ├ result_count       : 3
│ ├ raw_status         : Model was solved to optimality (subject to tolerances), and an optimal solution is available.
│ └ objective_bound    : 3.64865e+15
├ Solution (result = 1)
│ ├ primal_status        : FEASIBLE_POINT
│ ├ dual_status          : NO_SOLUTION
│ ├ objective_value      : 3.64865e+15
│ └ relative_gap         : 2.75445e-14
└ Work counters
  ├ solve_time (sec)   : 3.03900e+00
  ├ simplex_iterations : 13027
  ├ barrier_iterations : 0
  └ node_count         : 1


Termination Status: OPTIMAL
Acceptable solution found (Status: OPTIMAL).
Step-6: record datas
PART1: [unit-commitment] calculation result has been saved to: D:/GithubClonefiles/module_unitcommitment/output/details_schedule_results/pcm_simulation_results/intervels_[4]/res_schedule_commitment_result.txt
PART1: [unit-commitment] calculation result has been saved to: D:/GithubClonefiles/module_unitcommitment/output/details_schedule_results/pcm_simulation_results/intervels_[4]/res_schedule_commitment_result.txt
Step-3: Creating dispatching model (Refactored & Modularized)
Set parameter Username
Set parameter LicenseID to value 2826524
Academic license - for non-commercial use only - expires 2027-05-22
Set parameter MIPGap to value 0.015
	 Variables defined.
DEBUG set_objective_economic!: NT=30, NG=54, ND=91, NW=2, NS=1, K=3, size(refcost)=(54,), size(eachslope)=(3, 54)
objective_function
	MILP economic objective set
subject to.
	 constraints: 1) minimum shutup/shutdown time limits			 done
	 constraints: 2) binary variable logic					 done
	 constraints: 3) shutup/shutdown cost					 done
	 constraints: 4) loadcurtailments and spoliedwinds			 done
	 constraints: 5) generatos power limits					 done
	 constraints: 6) system reserves limits					 done
	 constraints: 7) power balance constraints				 done
	 constraints: 8) ramp-up/ramp-down constraints				 done
	 constraints: 9) piece linearization constraints			 done
	 constraints: 10) transmissionline limits skipped (is_NetWorkCon != 1 or Gsdf missing or NL=0)
	 constraints: 11) stroges system constraints skipped (is_ConsiderBESS=0)
	 constraints: 12) data centra constraints skipped (is_ConsiderDataCentra != 1)
	 constraints: 13) frequency control constraints skipped (is_ConsiderFrequencyControl != 1)
	 constraints: 14) hydro power limits					 done
+++++++++++++++++++++++++++++++++++++++++++++++++++++++++++++++++++++++++++++++++++++++++++
Step-4: starting Gurobi solver
Set parameter MIPGap to value 0.015
Gurobi Optimizer version 13.0.2 build v13.0.2rc1 (win64 - Windows 11+.0 (29639.2))

CPU model: 13th Gen Intel(R) Core(TM) i7-13700F, instruction set [SSE2|AVX|AVX2]
Thread count: 16 physical cores, 24 logical processors, using up to 24 threads

Non-default parameters:
MIPGap  0.015

Optimize a model with 32528 rows, 21060 columns and 175583 nonzeros (Min)
Model fingerprint: 0xc4d6aaef
Model has 15750 linear objective coefficients
Variable types: 16080 continuous, 4980 integer (4980 binary)
Coefficient statistics:
  Matrix range     [3e-02, 4e+02]
  Objective range  [1e+00, 1e+15]
  Bounds range     [0e+00, 0e+00]
  RHS range        [8e-03, 4e+02]
Warning: Model contains large objective coefficients
         Consider reformulating model or setting NumericFocus parameter
         to avoid numerical issues.

Presolve removed 13051 rows and 6775 columns
Presolve time: 0.39s
Presolved: 19477 rows, 14285 columns, 73881 nonzeros
Variable types: 9809 continuous, 4476 integer (4476 binary)

Root relaxation: objective 2.013157e+06, 10346 iterations, 0.40 seconds (0.55 work units)

    Nodes    |    Current Node    |     Objective Bounds      |     Work
 Expl Unexpl |  Obj  Depth IntInf | Incumbent    BestBd   Gap | It/Node Time

     0     0 2013157.31    0  415          - 2013157.31      -     -    1s
H    0     0                    2150388.1568 2013157.31  6.38%     -    1s
H    0     0                    2149613.1648 2013157.31  6.35%     -    1s
     0     0 2017780.52    0  317 2149613.16 2017780.52  6.13%     -    1s
     0     0 2017849.45    0  348 2149613.16 2017849.45  6.13%     -    1s
     0     0 2017849.45    0  348 2149613.16 2017849.45  6.13%     -    1s
     0     0 2019933.31    0  323 2149613.16 2019933.31  6.03%     -    2s
     0     0 2019967.82    0  309 2149613.16 2019967.82  6.03%     -    2s
     0     0 2019972.57    0  310 2149613.16 2019972.57  6.03%     -    2s
     0     0 2019977.07    0  312 2149613.16 2019977.07  6.03%     -    2s
     0     0 2019978.13    0  315 2149613.16 2019978.13  6.03%     -    2s
H    0     0                    2084900.2607 2019978.13  3.11%     -    2s
H    0     0                    2055696.8117 2021278.04  1.67%     -    3s
H    0     0                    2054568.6793 2021278.04  1.62%     -    3s
     0     0 2021447.08    0  317 2054568.68 2021447.08  1.61%     -    3s
H    0     0                    2054369.6301 2021447.08  1.60%     -    3s
     0     0 2021456.99    0  314 2054369.63 2021456.99  1.60%     -    3s
     0     0 2021456.99    0  316 2054369.63 2021456.99  1.60%     -    3s
     0     0 2021456.99    0  314 2054369.63 2021456.99  1.60%     -    3s
H    0     0                    2051979.5484 2021456.99  1.49%     -    3s
H    0     0                    2051959.5484 2021456.99  1.49%     -    3s
H    0     0                    2051088.4387 2021456.99  1.44%     -    3s

Cutting planes:
  Gomory: 21
  Cover: 4
  Implied bound: 277
  MIR: 208
  StrongCG: 3
  Flow cover: 164
  Network: 1
  RLT: 88
  Relax-and-lift: 98
  BQP: 3

Explored 1 nodes (14221 simplex iterations) in 3.75 seconds (4.40 work units)
Thread count was 24 (of 24 available processors)

Solution count 9: 2.05109e+06 2.05109e+06 2.05196e+06 ... 2.15039e+06

Optimal solution found (tolerance 1.50e-02)
Best objective 2.051088438742e+06, best bound 2.021538705490e+06, gap 1.4407%

User-callback calls 600, time in user-callback 0.01 sec
Step-5: Gurobi solver finished
+++++++++++++++++++++++++++++++++++++++++++++++++++++++++++++++++++++++++++++++++++++++++++

assert_is_solved_and_feasible(scuc) = nothing
solution_summary(scuc) = solution_summary(; result = 1, verbose = false)
├ solver_name          : Gurobi
├ Termination
│ ├ termination_status : OPTIMAL
│ ├ result_count       : 9
│ ├ raw_status         : Model was solved to optimality (subject to tolerances), and an optimal solution is available.
│ └ objective_bound    : 2.02154e+06
├ Solution (result = 1)
│ ├ primal_status        : FEASIBLE_POINT
│ ├ dual_status          : NO_SOLUTION
│ ├ objective_value      : 2.05109e+06
│ └ relative_gap         : 1.44069e-02
└ Work counters
  ├ solve_time (sec)   : 3.74900e+00
  ├ simplex_iterations : 14221
  ├ barrier_iterations : 0
  └ node_count         : 1


Termination Status: OPTIMAL
Acceptable solution found (Status: OPTIMAL).
Step-6: record datas
PART1: [unit-commitment] calculation result has been saved to: D:/GithubClonefiles/module_unitcommitment/output/details_schedule_results/pcm_simulation_results/intervels_[5]/res_schedule_commitment_result.txt
PART1: [unit-commitment] calculation result has been saved to: D:/GithubClonefiles/module_unitcommitment/output/details_schedule_results/pcm_simulation_results/intervels_[5]/res_schedule_commitment_result.txt
Step-3: Creating dispatching model (Refactored & Modularized)
Set parameter Username
Set parameter LicenseID to value 2826524
Academic license - for non-commercial use only - expires 2027-05-22
Set parameter MIPGap to value 0.015
	 Variables defined.
DEBUG set_objective_economic!: NT=27, NG=54, ND=91, NW=2, NS=1, K=3, size(refcost)=(54,), size(eachslope)=(3, 54)
objective_function
	MILP economic objective set
subject to.
	 constraints: 1) minimum shutup/shutdown time limits			 done
	 constraints: 2) binary variable logic					 done
	 constraints: 3) shutup/shutdown cost					 done
	 constraints: 4) loadcurtailments and spoliedwinds			 done
	 constraints: 5) generatos power limits					 done
	 constraints: 6) system reserves limits					 done
	 constraints: 7) power balance constraints				 done
	 constraints: 8) ramp-up/ramp-down constraints				 done
	 constraints: 9) piece linearization constraints			 done
	 constraints: 10) transmissionline limits skipped (is_NetWorkCon != 1 or Gsdf missing or NL=0)
	 constraints: 11) stroges system constraints skipped (is_ConsiderBESS=0)
	 constraints: 12) data centra constraints skipped (is_ConsiderDataCentra != 1)
	 constraints: 13) frequency control constraints skipped (is_ConsiderFrequencyControl != 1)
	 constraints: 14) hydro power limits					 done
+++++++++++++++++++++++++++++++++++++++++++++++++++++++++++++++++++++++++++++++++++++++++++
Step-4: starting Gurobi solver
Set parameter MIPGap to value 0.015
Gurobi Optimizer version 13.0.2 build v13.0.2rc1 (win64 - Windows 11+.0 (29639.2))

CPU model: 13th Gen Intel(R) Core(TM) i7-13700F, instruction set [SSE2|AVX|AVX2]
Thread count: 16 physical cores, 24 logical processors, using up to 24 threads

Non-default parameters:
MIPGap  0.015

Optimize a model with 29226 rows, 18954 columns and 157646 nonzeros (Min)
Model fingerprint: 0xfe874dd1
Model has 14175 linear objective coefficients
Variable types: 14472 continuous, 4482 integer (4482 binary)
Coefficient statistics:
  Matrix range     [3e-02, 4e+02]
  Objective range  [1e+00, 1e+15]
  Bounds range     [0e+00, 0e+00]
  RHS range        [8e-03, 4e+02]
Warning: Model contains large objective coefficients
         Consider reformulating model or setting NumericFocus parameter
         to avoid numerical issues.

Presolve removed 11749 rows and 6121 columns
Presolve time: 0.26s
Presolved: 17477 rows, 12833 columns, 66151 nonzeros
Variable types: 8816 continuous, 4017 integer (4017 binary)

Root relaxation: objective 3.688152e+16, 9552 iterations, 0.16 seconds (0.23 work units)

    Nodes    |    Current Node    |     Objective Bounds      |     Work
 Expl Unexpl |  Obj  Depth IntInf | Incumbent    BestBd   Gap | It/Node Time

     0     0 3.6882e+16    0  457          - 3.6882e+16      -     -    0s
H    0     0                    3.688152e+16 3.6882e+16  0.00%     -    0s

Explored 1 nodes (9570 simplex iterations) in 0.84 seconds (1.62 work units)
Thread count was 24 (of 24 available processors)

Solution count 1: 3.68815e+16 

Optimal solution found (tolerance 1.50e-02)
Best objective 3.688152224723e+16, best bound 3.688152224723e+16, gap 0.0000%

User-callback calls 316, time in user-callback 0.00 sec
Step-5: Gurobi solver finished
+++++++++++++++++++++++++++++++++++++++++++++++++++++++++++++++++++++++++++++++++++++++++++

assert_is_solved_and_feasible(scuc) = nothing
solution_summary(scuc) = solution_summary(; result = 1, verbose = false)
├ solver_name          : Gurobi
├ Termination
│ ├ termination_status : OPTIMAL
│ ├ result_count       : 1
│ ├ raw_status         : Model was solved to optimality (subject to tolerances), and an optimal solution is available.
│ └ objective_bound    : 3.68815e+16
├ Solution (result = 1)
│ ├ primal_status        : FEASIBLE_POINT
│ ├ dual_status          : NO_SOLUTION
│ ├ objective_value      : 3.68815e+16
│ └ relative_gap         : 0.00000e+00
└ Work counters
  ├ solve_time (sec)   : 8.45000e-01
  ├ simplex_iterations : 9570
  ├ barrier_iterations : 0
  └ node_count         : 1


Termination Status: OPTIMAL
Acceptable solution found (Status: OPTIMAL).
Step-6: record datas
PART1: [unit-commitment] calculation result has been saved to: D:/GithubClonefiles/module_unitcommitment/output/details_schedule_results/pcm_simulation_results/intervels_[6]/res_schedule_commitment_result.txt
PART1: [unit-commitment] calculation result has been saved to: D:/GithubClonefiles/module_unitcommitment/output/details_schedule_results/pcm_simulation_results/intervels_[6]/res_schedule_commitment_result.txt
Step-3: Creating dispatching model (Refactored & Modularized)
Set parameter Username
Set parameter LicenseID to value 2826524
Academic license - for non-commercial use only - expires 2027-05-22
Set parameter MIPGap to value 0.015
	 Variables defined.
DEBUG set_objective_economic!: NT=24, NG=54, ND=91, NW=2, NS=1, K=3, size(refcost)=(54,), size(eachslope)=(3, 54)
objective_function
	MILP economic objective set
subject to.
	 constraints: 1) minimum shutup/shutdown time limits			 done
	 constraints: 2) binary variable logic					 done
	 constraints: 3) shutup/shutdown cost					 done
	 constraints: 4) loadcurtailments and spoliedwinds			 done
	 constraints: 5) generatos power limits					 done
	 constraints: 6) system reserves limits					 done
	 constraints: 7) power balance constraints				 done
	 constraints: 8) ramp-up/ramp-down constraints				 done
	 constraints: 9) piece linearization constraints			 done
	 constraints: 10) transmissionline limits skipped (is_NetWorkCon != 1 or Gsdf missing or NL=0)
	 constraints: 11) stroges system constraints skipped (is_ConsiderBESS=0)
	 constraints: 12) data centra constraints skipped (is_ConsiderDataCentra != 1)
	 constraints: 13) frequency control constraints skipped (is_ConsiderFrequencyControl != 1)
	 constraints: 14) hydro power limits					 done
+++++++++++++++++++++++++++++++++++++++++++++++++++++++++++++++++++++++++++++++++++++++++++
Step-4: starting Gurobi solver
Set parameter MIPGap to value 0.015
Gurobi Optimizer version 13.0.2 build v13.0.2rc1 (win64 - Windows 11+.0 (29639.2))

CPU model: 13th Gen Intel(R) Core(TM) i7-13700F, instruction set [SSE2|AVX|AVX2]
Thread count: 16 physical cores, 24 logical processors, using up to 24 threads

Non-default parameters:
MIPGap  0.015

Optimize a model with 25962 rows, 16848 columns and 139856 nonzeros (Min)
Model fingerprint: 0x03b59f01
Model has 12600 linear objective coefficients
Variable types: 12864 continuous, 3984 integer (3984 binary)
Coefficient statistics:
  Matrix range     [3e-02, 4e+02]
  Objective range  [1e+00, 1e+15]
  Bounds range     [0e+00, 0e+00]
  RHS range        [7e-03, 4e+02]
Warning: Model contains large objective coefficients
         Consider reformulating model or setting NumericFocus parameter
         to avoid numerical issues.

Presolve removed 10664 rows and 5512 columns
Presolve time: 0.22s
Presolved: 15298 rows, 11336 columns, 58135 nonzeros
Variable types: 7847 continuous, 3489 integer (3489 binary)

Root relaxation: objective 1.542084e+06, 8038 iterations, 0.28 seconds (0.49 work units)

    Nodes    |    Current Node    |     Objective Bounds      |     Work
 Expl Unexpl |  Obj  Depth IntInf | Incumbent    BestBd   Gap | It/Node Time

     0     0 1542084.12    0  347          - 1542084.12      -     -    0s
H    0     0                    6.616556e+14 1542084.12   100%     -    0s
H    0     0                    1867672.5803 1542084.12  17.4%     -    0s
H    0     0                    1812569.0285 1542084.12  14.9%     -    0s
     0     0 1545999.45    0  316 1812569.03 1545999.45  14.7%     -    1s
     0     0 1551086.13    0  261 1812569.03 1551086.13  14.4%     -    1s
     0     0 1551543.44    0  259 1812569.03 1551543.44  14.4%     -    1s
H    0     0                    1787591.7874 1551543.44  13.2%     -    1s
     0     0 1553300.51    0  196 1787591.79 1553300.51  13.1%     -    1s
H    0     0                    1612099.6998 1553300.65  3.65%     -    1s
H    0     0                    1568677.3494 1553339.54  0.98%     -    1s
H    0     0                    1568186.1533 1553339.54  0.95%     -    1s
H    0     0                    1567977.2136 1553339.54  0.93%     -    1s
     0     0 1553408.07    0  209 1567977.21 1553408.07  0.93%     -    1s

Cutting planes:
  Gomory: 25
  Implied bound: 148
  MIR: 112
  Flow cover: 74
  Network: 1
  RLT: 46
  Relax-and-lift: 36
  BQP: 5

Explored 1 nodes (10950 simplex iterations) in 1.98 seconds (2.91 work units)
Thread count was 24 (of 24 available processors)

Solution count 8: 1.56798e+06 1.56819e+06 1.56868e+06 ... 6.61656e+14

Optimal solution found (tolerance 1.50e-02)
Best objective 1.567977213584e+06, best bound 1.553408070907e+06, gap 0.9292%

User-callback calls 429, time in user-callback 0.00 sec
Step-5: Gurobi solver finished
+++++++++++++++++++++++++++++++++++++++++++++++++++++++++++++++++++++++++++++++++++++++++++

assert_is_solved_and_feasible(scuc) = nothing
solution_summary(scuc) = solution_summary(; result = 1, verbose = false)
├ solver_name          : Gurobi
├ Termination
│ ├ termination_status : OPTIMAL
│ ├ result_count       : 8
│ ├ raw_status         : Model was solved to optimality (subject to tolerances), and an optimal solution is available.
│ └ objective_bound    : 1.55341e+06
├ Solution (result = 1)
│ ├ primal_status        : FEASIBLE_POINT
│ ├ dual_status          : NO_SOLUTION
│ ├ objective_value      : 1.56798e+06
│ └ relative_gap         : 9.29168e-03
└ Work counters
  ├ solve_time (sec)   : 1.97700e+00
  ├ simplex_iterations : 10950
  ├ barrier_iterations : 0
  └ node_count         : 1


Termination Status: OPTIMAL
Acceptable solution found (Status: OPTIMAL).
Step-6: record datas
PART1: [unit-commitment] calculation result has been saved to: D:/GithubClonefiles/module_unitcommitment/output/details_schedule_results/pcm_simulation_results/intervels_[7]/res_schedule_commitment_result.txt
PART1: [unit-commitment] calculation result has been saved to: D:/GithubClonefiles/module_unitcommitment/output/details_schedule_results/pcm_simulation_results/intervels_[7]/res_schedule_commitment_result.txt
--------------------------------------------------------------------------------
Running mode: UnitOnly
Step-3: Creating dispatching model (Refactored & Modularized)
Set parameter Username
Set parameter LicenseID to value 2826524
Academic license - for non-commercial use only - expires 2027-05-22
Set parameter MIPGap to value 0.015
	 Variables defined.
DEBUG set_objective_economic!: NT=26, NG=54, ND=91, NW=2, NS=1, K=3, size(refcost)=(54,), size(eachslope)=(3, 54)
objective_function
	MILP economic objective set
subject to.
	 constraints: 1) minimum shutup/shutdown time limits			 done
	 constraints: 2) binary variable logic					 done
	 constraints: 3) shutup/shutdown cost					 done
	 constraints: 4) loadcurtailments and spoliedwinds			 done
	 constraints: 5) generatos power limits					 done
	 constraints: 6) system reserves limits					 done
	 constraints: 7) power balance constraints				 done
	 constraints: 8) ramp-up/ramp-down constraints				 done
	 constraints: 9) piece linearization constraints			 done
	 constraints: 10) transmissionline limits skipped (is_NetWorkCon != 1 or Gsdf missing or NL=0)
	 constraints: 11) stroges system constraints skipped (is_ConsiderBESS=0)
	 constraints: 12) data centra constraints skipped (is_ConsiderDataCentra != 1)
	 constraints: 13) frequency control constraints skipped (is_ConsiderFrequencyControl != 1)
	 constraints: 14) hydro power limits					 done
+++++++++++++++++++++++++++++++++++++++++++++++++++++++++++++++++++++++++++++++++++++++++++
Step-4: starting Gurobi solver
Set parameter MIPGap to value 0.015
Gurobi Optimizer version 13.0.2 build v13.0.2rc1 (win64 - Windows 11+.0 (29639.2))

CPU model: 13th Gen Intel(R) Core(TM) i7-13700F, instruction set [SSE2|AVX|AVX2]
Thread count: 16 physical cores, 24 logical processors, using up to 24 threads

Non-default parameters:
MIPGap  0.015

Optimize a model with 28132 rows, 18252 columns and 151682 nonzeros (Min)
Model fingerprint: 0x34d6a9b9
Model has 13650 linear objective coefficients
Variable types: 13936 continuous, 4316 integer (4316 binary)
Coefficient statistics:
  Matrix range     [3e-02, 4e+02]
  Objective range  [1e+00, 1e+15]
  Bounds range     [0e+00, 0e+00]
  RHS range        [7e-03, 3e+02]
Warning: Model contains large objective coefficients
         Consider reformulating model or setting NumericFocus parameter
         to avoid numerical issues.

Presolve removed 11345 rows and 5893 columns
Presolve time: 0.24s
Presolved: 16787 rows, 12359 columns, 63983 nonzeros
Variable types: 8501 continuous, 3858 integer (3858 binary)
Found heuristic solution: objective 2855296.0807

Root relaxation: objective 1.970396e+06, 8396 iterations, 0.24 seconds (0.33 work units)

    Nodes    |    Current Node    |     Objective Bounds      |     Work
 Expl Unexpl |  Obj  Depth IntInf | Incumbent    BestBd   Gap | It/Node Time

     0     0 1970395.96    0  437 2855296.08 1970395.96  31.0%     -    0s
H    0     0                    2440071.4606 1970395.96  19.2%     -    0s
     0     0 2440071.46    0  349 2440071.46 2440071.46  0.00%     -    1s

Cutting planes:
  Gomory: 29
  Cover: 1
  Implied bound: 151
  MIR: 62
  Flow cover: 45
  Network: 9
  RLT: 63
  Relax-and-lift: 38
  BQP: 11

Explored 1 nodes (9624 simplex iterations) in 1.02 seconds (1.62 work units)
Thread count was 24 (of 24 available processors)

Solution count 2: 2.44007e+06 2.8553e+06 

Optimal solution found (tolerance 1.50e-02)
Best objective 2.440071460603e+06, best bound 2.440071460603e+06, gap 0.0000%

User-callback calls 292, time in user-callback 0.00 sec
Step-5: Gurobi solver finished
+++++++++++++++++++++++++++++++++++++++++++++++++++++++++++++++++++++++++++++++++++++++++++

assert_is_solved_and_feasible(scuc) = nothing
solution_summary(scuc) = solution_summary(; result = 1, verbose = false)
├ solver_name          : Gurobi
├ Termination
│ ├ termination_status : OPTIMAL
│ ├ result_count       : 2
│ ├ raw_status         : Model was solved to optimality (subject to tolerances), and an optimal solution is available.
│ └ objective_bound    : 2.44007e+06
├ Solution (result = 1)
│ ├ primal_status        : FEASIBLE_POINT
│ ├ dual_status          : NO_SOLUTION
│ ├ objective_value      : 2.44007e+06
│ └ relative_gap         : 1.90839e-16
└ Work counters
  ├ solve_time (sec)   : 1.01600e+00
  ├ simplex_iterations : 9624
  ├ barrier_iterations : 0
  └ node_count         : 1


Termination Status: OPTIMAL
Acceptable solution found (Status: OPTIMAL).
Step-6: record datas
PART1: [unit-commitment] calculation result has been saved to: D:/GithubClonefiles/module_unitcommitment/output/details_schedule_results/pcm_simulation_results/intervels_[1]/res_schedule_commitment_result.txt
PART1: [unit-commitment] calculation result has been saved to: D:/GithubClonefiles/module_unitcommitment/output/details_schedule_results/pcm_simulation_results/intervels_[1]/res_schedule_commitment_result.txt
Step-3: Creating dispatching model (Refactored & Modularized)
Set parameter Username
Set parameter LicenseID to value 2826524
Academic license - for non-commercial use only - expires 2027-05-22
Set parameter MIPGap to value 0.015
	 Variables defined.
DEBUG set_objective_economic!: NT=30, NG=54, ND=91, NW=2, NS=1, K=3, size(refcost)=(54,), size(eachslope)=(3, 54)
objective_function
	MILP economic objective set
subject to.
	 constraints: 1) minimum shutup/shutdown time limits			 done
	 constraints: 2) binary variable logic					 done
	 constraints: 3) shutup/shutdown cost					 done
	 constraints: 4) loadcurtailments and spoliedwinds			 done
	 constraints: 5) generatos power limits					 done
	 constraints: 6) system reserves limits					 done
	 constraints: 7) power balance constraints				 done
	 constraints: 8) ramp-up/ramp-down constraints				 done
	 constraints: 9) piece linearization constraints			 done
	 constraints: 10) transmissionline limits skipped (is_NetWorkCon != 1 or Gsdf missing or NL=0)
	 constraints: 11) stroges system constraints skipped (is_ConsiderBESS=0)
	 constraints: 12) data centra constraints skipped (is_ConsiderDataCentra != 1)
	 constraints: 13) frequency control constraints skipped (is_ConsiderFrequencyControl != 1)
	 constraints: 14) hydro power limits					 done
+++++++++++++++++++++++++++++++++++++++++++++++++++++++++++++++++++++++++++++++++++++++++++
Step-4: starting Gurobi solver
Set parameter MIPGap to value 0.015
Gurobi Optimizer version 13.0.2 build v13.0.2rc1 (win64 - Windows 11+.0 (29639.2))

CPU model: 13th Gen Intel(R) Core(TM) i7-13700F, instruction set [SSE2|AVX|AVX2]
Thread count: 16 physical cores, 24 logical processors, using up to 24 threads

Non-default parameters:
MIPGap  0.015

Optimize a model with 32517 rows, 21060 columns and 175583 nonzeros (Min)
Model fingerprint: 0x74a8fe38
Model has 15750 linear objective coefficients
Variable types: 16080 continuous, 4980 integer (4980 binary)
Coefficient statistics:
  Matrix range     [3e-02, 4e+02]
  Objective range  [1e+00, 1e+15]
  Bounds range     [0e+00, 0e+00]
  RHS range        [7e-03, 4e+02]
Warning: Model contains large objective coefficients
         Consider reformulating model or setting NumericFocus parameter
         to avoid numerical issues.

Presolve removed 12972 rows and 6751 columns
Presolve time: 0.26s
Presolved: 19545 rows, 14309 columns, 74190 nonzeros
Variable types: 9809 continuous, 4500 integer (4500 binary)

Root relaxation: objective 2.559729e+06, 11922 iterations, 0.29 seconds (0.41 work units)

    Nodes    |    Current Node    |     Objective Bounds      |     Work
 Expl Unexpl |  Obj  Depth IntInf | Incumbent    BestBd   Gap | It/Node Time

     0     0 2559729.21    0  577          - 2559729.21      -     -    0s
H    0     0                    3242767.3076 2559729.21  21.1%     -    0s
H    0     0                    3222558.5195 2559729.21  20.6%     -    0s
     0     0 2570223.44    0  362 3222558.52 2570223.44  20.2%     -    1s
     0     0 2570258.43    0  342 3222558.52 2570258.43  20.2%     -    1s
     0     0 2570267.41    0  326 3222558.52 2570267.41  20.2%     -    1s
     0     0 2571935.52    0  264 3222558.52 2571935.52  20.2%     -    1s
     0     0 2571961.04    0  273 3222558.52 2571961.04  20.2%     -    1s
     0     0 2571965.58    0  269 3222558.52 2571965.58  20.2%     -    1s
H    0     0                    2787139.6572 2571965.58  7.72%     -    1s
     0     0 2573097.54    0  232 2787139.66 2573097.54  7.68%     -    2s
H    0     0                    2686032.1247 2573153.54  4.20%     -    2s
     0     0 2573153.54    0  213 2686032.12 2573153.54  4.20%     -    2s
     0     0 2573159.35    0  244 2686032.12 2573159.35  4.20%     -    2s
     0     0 2573159.40    0  244 2686032.12 2573159.40  4.20%     -    2s
H    0     0                    2681220.8842 2573159.40  4.03%     -    2s
H    0     0                    2625068.0509 2573159.40  1.98%     -    2s
     0     0 2573506.30    0  219 2625068.05 2573506.30  1.96%     -    2s
H    0     0                    2624310.3476 2573510.99  1.94%     -    2s
     0     0 2573522.15    0  237 2624310.35 2573522.15  1.94%     -    2s
     0     0 2573522.60    0  230 2624310.35 2573522.60  1.94%     -    2s
     0     0 2573663.38    0  207 2624310.35 2573663.38  1.93%     -    2s
     0     0 2573672.24    0  191 2624310.35 2573672.24  1.93%     -    2s
     0     0 2573672.24    0  187 2624310.35 2573672.24  1.93%     -    2s
H    0     0                    2622762.3968 2573672.24  1.87%     -    2s
H    0     0                    2621314.5380 2573672.24  1.82%     -    2s
     0     0 2573683.04    0  208 2621314.54 2573683.04  1.82%     -    2s
H    0     0                    2621229.0406 2573684.74  1.81%     -    2s
H    0     0                    2620923.0008 2573684.74  1.80%     -    2s
     0     0 2573684.74    0  207 2620923.00 2573684.74  1.80%     -    2s
     0     0 2573758.73    0  217 2620923.00 2573758.73  1.80%     -    3s
     0     0 2573773.66    0  228 2620923.00 2573773.66  1.80%     -    3s
     0     0 2573773.66    0  222 2620923.00 2573773.66  1.80%     -    3s
     0     0 2573799.11    0  245 2620923.00 2573799.11  1.80%     -    3s
H    0     0                    2613951.7823 2573799.36  1.54%     -    3s
H    0     0                    2613877.0063 2573799.36  1.53%     -    3s
     0     0 2573804.59    0  229 2613877.01 2573804.59  1.53%     -    3s
     0     0 2573804.65    0  258 2613877.01 2573804.65  1.53%     -    3s
     0     0 2573837.45    0  277 2613877.01 2573837.45  1.53%     -    3s
     0     0 2573838.57    0  275 2613877.01 2573838.57  1.53%     -    3s
     0     0 2573857.01    0  257 2613877.01 2573857.01  1.53%     -    3s
H    0     0                    2612443.9431 2573857.25  1.48%     -    3s

Cutting planes:
  Gomory: 39
  Cover: 3
  Implied bound: 282
  MIR: 163
  StrongCG: 1
  Flow cover: 227
  RLT: 27
  Relax-and-lift: 106

Explored 1 nodes (17236 simplex iterations) in 3.86 seconds (4.49 work units)
Thread count was 24 (of 24 available processors)

Solution count 10: 2.61244e+06 2.61244e+06 2.61388e+06 ... 2.62507e+06

Optimal solution found (tolerance 1.50e-02)
Best objective 2.612443943067e+06, best bound 2.573857250483e+06, gap 1.4770%

User-callback calls 915, time in user-callback 0.01 sec
Step-5: Gurobi solver finished
+++++++++++++++++++++++++++++++++++++++++++++++++++++++++++++++++++++++++++++++++++++++++++

assert_is_solved_and_feasible(scuc) = nothing
solution_summary(scuc) = solution_summary(; result = 1, verbose = false)
├ solver_name          : Gurobi
├ Termination
│ ├ termination_status : OPTIMAL
│ ├ result_count       : 10
│ ├ raw_status         : Model was solved to optimality (subject to tolerances), and an optimal solution is available.
│ └ objective_bound    : 2.57386e+06
├ Solution (result = 1)
│ ├ primal_status        : FEASIBLE_POINT
│ ├ dual_status          : NO_SOLUTION
│ ├ objective_value      : 2.61244e+06
│ └ relative_gap         : 1.47703e-02
└ Work counters
  ├ solve_time (sec)   : 3.85700e+00
  ├ simplex_iterations : 17236
  ├ barrier_iterations : 0
  └ node_count         : 1


Termination Status: OPTIMAL
Acceptable solution found (Status: OPTIMAL).
Step-6: record datas
PART1: [unit-commitment] calculation result has been saved to: D:/GithubClonefiles/module_unitcommitment/output/details_schedule_results/pcm_simulation_results/intervels_[2]/res_schedule_commitment_result.txt
PART1: [unit-commitment] calculation result has been saved to: D:/GithubClonefiles/module_unitcommitment/output/details_schedule_results/pcm_simulation_results/intervels_[2]/res_schedule_commitment_result.txt
Step-3: Creating dispatching model (Refactored & Modularized)
Set parameter Username
Set parameter LicenseID to value 2826524
Academic license - for non-commercial use only - expires 2027-05-22
Set parameter MIPGap to value 0.015
	 Variables defined.
DEBUG set_objective_economic!: NT=28, NG=54, ND=91, NW=2, NS=1, K=3, size(refcost)=(54,), size(eachslope)=(3, 54)
objective_function
	MILP economic objective set
subject to.
	 constraints: 1) minimum shutup/shutdown time limits			 done
	 constraints: 2) binary variable logic					 done
	 constraints: 3) shutup/shutdown cost					 done
	 constraints: 4) loadcurtailments and spoliedwinds			 done
	 constraints: 5) generatos power limits					 done
	 constraints: 6) system reserves limits					 done
	 constraints: 7) power balance constraints				 done
	 constraints: 8) ramp-up/ramp-down constraints				 done
	 constraints: 9) piece linearization constraints			 done
	 constraints: 10) transmissionline limits skipped (is_NetWorkCon != 1 or Gsdf missing or NL=0)
	 constraints: 11) stroges system constraints skipped (is_ConsiderBESS=0)
	 constraints: 12) data centra constraints skipped (is_ConsiderDataCentra != 1)
	 constraints: 13) frequency control constraints skipped (is_ConsiderFrequencyControl != 1)
	 constraints: 14) hydro power limits					 done
+++++++++++++++++++++++++++++++++++++++++++++++++++++++++++++++++++++++++++++++++++++++++++
Step-4: starting Gurobi solver
Set parameter MIPGap to value 0.015
Gurobi Optimizer version 13.0.2 build v13.0.2rc1 (win64 - Windows 11+.0 (29639.2))

CPU model: 13th Gen Intel(R) Core(TM) i7-13700F, instruction set [SSE2|AVX|AVX2]
Thread count: 16 physical cores, 24 logical processors, using up to 24 threads

Non-default parameters:
MIPGap  0.015

Optimize a model with 30348 rows, 19656 columns and 163721 nonzeros (Min)
Model fingerprint: 0x19603a0e
Model has 14700 linear objective coefficients
Variable types: 15008 continuous, 4648 integer (4648 binary)
Coefficient statistics:
  Matrix range     [3e-02, 4e+02]
  Objective range  [1e+00, 1e+15]
  Bounds range     [0e+00, 0e+00]
  RHS range        [7e-03, 4e+02]
Warning: Model contains large objective coefficients
         Consider reformulating model or setting NumericFocus parameter
         to avoid numerical issues.

Presolve removed 12209 rows and 6334 columns
Presolve time: 0.26s
Presolved: 18139 rows, 13322 columns, 68891 nonzeros
Variable types: 9155 continuous, 4167 integer (4167 binary)

Root relaxation: objective 1.717536e+06, 8416 iterations, 0.19 seconds (0.28 work units)

    Nodes    |    Current Node    |     Objective Bounds      |     Work
 Expl Unexpl |  Obj  Depth IntInf | Incumbent    BestBd   Gap | It/Node Time

     0     0 1717535.59    0  317          - 1717535.59      -     -    0s
H    0     0                    1988183.8134 1717535.59  13.6%     -    0s
H    0     0                    1986511.6165 1717535.59  13.5%     -    0s
     0     0 1722938.26    0  263 1986511.62 1722938.26  13.3%     -    1s
     0     0 1722959.71    0  267 1986511.62 1722959.71  13.3%     -    1s
     0     0 1722959.71    0  271 1986511.62 1722959.71  13.3%     -    1s
     0     0 1722959.71    0  268 1986511.62 1722959.71  13.3%     -    1s
H    0     0                    1820473.1856 1722959.71  5.36%     -    1s
H    0     0                    1818077.3298 1722959.71  5.23%     -    1s
     0     0 1729125.04    0  194 1818077.33 1729125.04  4.89%     -    1s
     0     0 1729145.27    0  221 1818077.33 1729145.27  4.89%     -    1s
H    0     0                    1818049.3414 1729150.45  4.89%     -    1s
     0     0 1729150.45    0  211 1818049.34 1729150.45  4.89%     -    1s
     0     0 1729150.59    0  210 1818049.34 1729150.59  4.89%     -    1s
H    0     0                    1757517.2058 1729379.18  1.60%     -    1s
     0     0 1729379.18    0  201 1757517.21 1729379.18  1.60%     -    1s
     0     0 1729505.21    0  212 1757517.21 1729505.21  1.59%     -    1s
     0     0 1729505.21    0  228 1757517.21 1729505.21  1.59%     -    1s
     0     0 1729505.21    0  225 1757517.21 1729505.21  1.59%     -    2s
     0     0 1729705.33    0  220 1757517.21 1729705.33  1.58%     -    2s
H    0     0                    1757023.4391 1729705.56  1.55%     -    2s
H    0     0                    1754082.8913 1729735.64  1.39%     -    2s
H    0     0                    1748229.4367 1729735.64  1.06%     -    2s
     0     0 1729809.59    0  218 1748229.44 1729809.59  1.05%     -    2s

Cutting planes:
  Gomory: 19
  Cover: 4
  Implied bound: 187
  MIR: 147
  Flow cover: 89
  RLT: 51
  Relax-and-lift: 38
  BQP: 6
  PSD: 1

Explored 1 nodes (11729 simplex iterations) in 2.43 seconds (3.20 work units)
Thread count was 24 (of 24 available processors)

Solution count 9: 1.74823e+06 1.74823e+06 1.75408e+06 ... 1.98818e+06

Optimal solution found (tolerance 1.50e-02)
Best objective 1.748229436717e+06, best bound 1.729809591339e+06, gap 1.0536%

User-callback calls 561, time in user-callback 0.00 sec
Step-5: Gurobi solver finished
+++++++++++++++++++++++++++++++++++++++++++++++++++++++++++++++++++++++++++++++++++++++++++

assert_is_solved_and_feasible(scuc) = nothing
solution_summary(scuc) = solution_summary(; result = 1, verbose = false)
├ solver_name          : Gurobi
├ Termination
│ ├ termination_status : OPTIMAL
│ ├ result_count       : 9
│ ├ raw_status         : Model was solved to optimality (subject to tolerances), and an optimal solution is available.
│ └ objective_bound    : 1.72981e+06
├ Solution (result = 1)
│ ├ primal_status        : FEASIBLE_POINT
│ ├ dual_status          : NO_SOLUTION
│ ├ objective_value      : 1.74823e+06
│ └ relative_gap         : 1.05363e-02
└ Work counters
  ├ solve_time (sec)   : 2.43500e+00
  ├ simplex_iterations : 11729
  ├ barrier_iterations : 0
  └ node_count         : 1


Termination Status: OPTIMAL
Acceptable solution found (Status: OPTIMAL).
Step-6: record datas
PART1: [unit-commitment] calculation result has been saved to: D:/GithubClonefiles/module_unitcommitment/output/details_schedule_results/pcm_simulation_results/intervels_[3]/res_schedule_commitment_result.txt
PART1: [unit-commitment] calculation result has been saved to: D:/GithubClonefiles/module_unitcommitment/output/details_schedule_results/pcm_simulation_results/intervels_[3]/res_schedule_commitment_result.txt
Step-3: Creating dispatching model (Refactored & Modularized)
Set parameter Username
Set parameter LicenseID to value 2826524
Academic license - for non-commercial use only - expires 2027-05-22
Set parameter MIPGap to value 0.015
	 Variables defined.
DEBUG set_objective_economic!: NT=26, NG=54, ND=91, NW=2, NS=1, K=3, size(refcost)=(54,), size(eachslope)=(3, 54)
objective_function
	MILP economic objective set
subject to.
	 constraints: 1) minimum shutup/shutdown time limits			 done
	 constraints: 2) binary variable logic					 done
	 constraints: 3) shutup/shutdown cost					 done
	 constraints: 4) loadcurtailments and spoliedwinds			 done
	 constraints: 5) generatos power limits					 done
	 constraints: 6) system reserves limits					 done
	 constraints: 7) power balance constraints				 done
	 constraints: 8) ramp-up/ramp-down constraints				 done
	 constraints: 9) piece linearization constraints			 done
	 constraints: 10) transmissionline limits skipped (is_NetWorkCon != 1 or Gsdf missing or NL=0)
	 constraints: 11) stroges system constraints skipped (is_ConsiderBESS=0)
	 constraints: 12) data centra constraints skipped (is_ConsiderDataCentra != 1)
	 constraints: 13) frequency control constraints skipped (is_ConsiderFrequencyControl != 1)
	 constraints: 14) hydro power limits					 done
+++++++++++++++++++++++++++++++++++++++++++++++++++++++++++++++++++++++++++++++++++++++++++
Step-4: starting Gurobi solver
Set parameter MIPGap to value 0.015
Gurobi Optimizer version 13.0.2 build v13.0.2rc1 (win64 - Windows 11+.0 (29639.2))

CPU model: 13th Gen Intel(R) Core(TM) i7-13700F, instruction set [SSE2|AVX|AVX2]
Thread count: 16 physical cores, 24 logical processors, using up to 24 threads

Non-default parameters:
MIPGap  0.015

Optimize a model with 28136 rows, 18252 columns and 151716 nonzeros (Min)
Model fingerprint: 0x4b7a2c13
Model has 13650 linear objective coefficients
Variable types: 13936 continuous, 4316 integer (4316 binary)
Coefficient statistics:
  Matrix range     [3e-02, 4e+02]
  Objective range  [1e+00, 1e+15]
  Bounds range     [0e+00, 0e+00]
  RHS range        [8e-03, 4e+02]
Warning: Model contains large objective coefficients
         Consider reformulating model or setting NumericFocus parameter
         to avoid numerical issues.

Presolve removed 11331 rows and 5895 columns
Presolve time: 0.24s
Presolved: 16805 rows, 12357 columns, 63898 nonzeros
Variable types: 8499 continuous, 3858 integer (3858 binary)

Root relaxation: objective 3.648645e+15, 9866 iterations, 0.17 seconds (0.26 work units)

    Nodes    |    Current Node    |     Objective Bounds      |     Work
 Expl Unexpl |  Obj  Depth IntInf | Incumbent    BestBd   Gap | It/Node Time

     0     0 3.6486e+15    0  386          - 3.6486e+15      -     -    0s
H    0     0                    5.701114e+15 3.6486e+15  36.0%     -    1s
H    0     0                    3.648645e+15 3.6486e+15  0.00%     -    1s

Explored 1 nodes (9876 simplex iterations) in 1.35 seconds (2.79 work units)
Thread count was 24 (of 24 available processors)

Solution count 2: 3.64865e+15 5.70111e+15 

Optimal solution found (tolerance 1.50e-02)
Best objective 3.648645368091e+15, best bound 3.648645368091e+15, gap 0.0000%

User-callback calls 626, time in user-callback 0.00 sec
Step-5: Gurobi solver finished
+++++++++++++++++++++++++++++++++++++++++++++++++++++++++++++++++++++++++++++++++++++++++++

assert_is_solved_and_feasible(scuc) = nothing
solution_summary(scuc) = solution_summary(; result = 1, verbose = false)
├ solver_name          : Gurobi
├ Termination
│ ├ termination_status : OPTIMAL
│ ├ result_count       : 2
│ ├ raw_status         : Model was solved to optimality (subject to tolerances), and an optimal solution is available.
│ └ objective_bound    : 3.64865e+15
├ Solution (result = 1)
│ ├ primal_status        : FEASIBLE_POINT
│ ├ dual_status          : NO_SOLUTION
│ ├ objective_value      : 3.64865e+15
│ └ relative_gap         : 2.04185e-14
└ Work counters
  ├ solve_time (sec)   : 1.35300e+00
  ├ simplex_iterations : 9876
  ├ barrier_iterations : 0
  └ node_count         : 1


Termination Status: OPTIMAL
Acceptable solution found (Status: OPTIMAL).
Step-6: record datas
PART1: [unit-commitment] calculation result has been saved to: D:/GithubClonefiles/module_unitcommitment/output/details_schedule_results/pcm_simulation_results/intervels_[4]/res_schedule_commitment_result.txt
PART1: [unit-commitment] calculation result has been saved to: D:/GithubClonefiles/module_unitcommitment/output/details_schedule_results/pcm_simulation_results/intervels_[4]/res_schedule_commitment_result.txt
Step-3: Creating dispatching model (Refactored & Modularized)
Set parameter Username
Set parameter LicenseID to value 2826524
Academic license - for non-commercial use only - expires 2027-05-22
Set parameter MIPGap to value 0.015
	 Variables defined.
DEBUG set_objective_economic!: NT=28, NG=54, ND=91, NW=2, NS=1, K=3, size(refcost)=(54,), size(eachslope)=(3, 54)
objective_function
	MILP economic objective set
subject to.
	 constraints: 1) minimum shutup/shutdown time limits			 done
	 constraints: 2) binary variable logic					 done
	 constraints: 3) shutup/shutdown cost					 done
	 constraints: 4) loadcurtailments and spoliedwinds			 done
	 constraints: 5) generatos power limits					 done
	 constraints: 6) system reserves limits					 done
	 constraints: 7) power balance constraints				 done
	 constraints: 8) ramp-up/ramp-down constraints				 done
	 constraints: 9) piece linearization constraints			 done
	 constraints: 10) transmissionline limits skipped (is_NetWorkCon != 1 or Gsdf missing or NL=0)
	 constraints: 11) stroges system constraints skipped (is_ConsiderBESS=0)
	 constraints: 12) data centra constraints skipped (is_ConsiderDataCentra != 1)
	 constraints: 13) frequency control constraints skipped (is_ConsiderFrequencyControl != 1)
	 constraints: 14) hydro power limits					 done
+++++++++++++++++++++++++++++++++++++++++++++++++++++++++++++++++++++++++++++++++++++++++++
Step-4: starting Gurobi solver
Set parameter MIPGap to value 0.015
Gurobi Optimizer version 13.0.2 build v13.0.2rc1 (win64 - Windows 11+.0 (29639.2))

CPU model: 13th Gen Intel(R) Core(TM) i7-13700F, instruction set [SSE2|AVX|AVX2]
Thread count: 16 physical cores, 24 logical processors, using up to 24 threads

Non-default parameters:
MIPGap  0.015

Optimize a model with 30322 rows, 19656 columns and 163598 nonzeros (Min)
Model fingerprint: 0x963a4712
Model has 14700 linear objective coefficients
Variable types: 15008 continuous, 4648 integer (4648 binary)
Coefficient statistics:
  Matrix range     [3e-02, 4e+02]
  Objective range  [1e+00, 1e+15]
  Bounds range     [0e+00, 0e+00]
  RHS range        [8e-03, 4e+02]
Warning: Model contains large objective coefficients
         Consider reformulating model or setting NumericFocus parameter
         to avoid numerical issues.

Presolve removed 12233 rows and 6349 columns
Presolve time: 0.26s
Presolved: 18089 rows, 13307 columns, 68650 nonzeros
Variable types: 9155 continuous, 4152 integer (4152 binary)

Root relaxation: objective 1.935215e+06, 9492 iterations, 0.36 seconds (0.51 work units)

    Nodes    |    Current Node    |     Objective Bounds      |     Work
 Expl Unexpl |  Obj  Depth IntInf | Incumbent    BestBd   Gap | It/Node Time

     0     0 1935214.53    0  349          - 1935214.53      -     -    0s
H    0     0                    2058249.0653 1935214.53  5.98%     -    0s
     0     0 1940264.64    0  317 2058249.07 1940264.64  5.73%     -    1s
     0     0 1940417.93    0  326 2058249.07 1940417.93  5.72%     -    1s
     0     0 1942200.34    0  253 2058249.07 1942200.34  5.64%     -    1s
     0     0 1942261.51    0  256 2058249.07 1942261.51  5.64%     -    1s
H    0     0                    2033270.2538 1942261.51  4.48%     -    2s
H    0     0                    2033012.5541 1942261.51  4.46%     -    2s
H    0     0                    2007042.9794 1942261.51  3.23%     -    2s
H    0     0                    1980157.0015 1943110.76  1.87%     -    2s
H    0     0                    1973878.5399 1943110.76  1.56%     -    2s
     0     0 1943110.76    0  220 1973878.54 1943110.76  1.56%     -    2s
H    0     0                    1956915.7722 1943110.87  0.71%     -    2s

Cutting planes:
  Gomory: 19
  Implied bound: 226
  MIR: 104
  Flow cover: 100
  RLT: 81
  Relax-and-lift: 61
  BQP: 8

Explored 1 nodes (12340 simplex iterations) in 2.20 seconds (3.18 work units)
Thread count was 24 (of 24 available processors)

Solution count 7: 1.95692e+06 1.97388e+06 1.98016e+06 ... 2.05825e+06

Optimal solution found (tolerance 1.50e-02)
Best objective 1.956915772184e+06, best bound 1.943110868729e+06, gap 0.7054%

User-callback calls 441, time in user-callback 0.00 sec
Step-5: Gurobi solver finished
+++++++++++++++++++++++++++++++++++++++++++++++++++++++++++++++++++++++++++++++++++++++++++

assert_is_solved_and_feasible(scuc) = nothing
solution_summary(scuc) = solution_summary(; result = 1, verbose = false)
├ solver_name          : Gurobi
├ Termination
│ ├ termination_status : OPTIMAL
│ ├ result_count       : 7
│ ├ raw_status         : Model was solved to optimality (subject to tolerances), and an optimal solution is available.
│ └ objective_bound    : 1.94311e+06
├ Solution (result = 1)
│ ├ primal_status        : FEASIBLE_POINT
│ ├ dual_status          : NO_SOLUTION
│ ├ objective_value      : 1.95692e+06
│ └ relative_gap         : 7.05442e-03
└ Work counters
  ├ solve_time (sec)   : 2.20200e+00
  ├ simplex_iterations : 12340
  ├ barrier_iterations : 0
  └ node_count         : 1


Termination Status: OPTIMAL
Acceptable solution found (Status: OPTIMAL).
Step-6: record datas
PART1: [unit-commitment] calculation result has been saved to: D:/GithubClonefiles/module_unitcommitment/output/details_schedule_results/pcm_simulation_results/intervels_[5]/res_schedule_commitment_result.txt
PART1: [unit-commitment] calculation result has been saved to: D:/GithubClonefiles/module_unitcommitment/output/details_schedule_results/pcm_simulation_results/intervels_[5]/res_schedule_commitment_result.txt
Step-3: Creating dispatching model (Refactored & Modularized)
Set parameter Username
Set parameter LicenseID to value 2826524
Academic license - for non-commercial use only - expires 2027-05-22
Set parameter MIPGap to value 0.015
	 Variables defined.
DEBUG set_objective_economic!: NT=31, NG=54, ND=91, NW=2, NS=1, K=3, size(refcost)=(54,), size(eachslope)=(3, 54)
objective_function
	MILP economic objective set
subject to.
	 constraints: 1) minimum shutup/shutdown time limits			 done
	 constraints: 2) binary variable logic					 done
	 constraints: 3) shutup/shutdown cost					 done
	 constraints: 4) loadcurtailments and spoliedwinds			 done
	 constraints: 5) generatos power limits					 done
	 constraints: 6) system reserves limits					 done
	 constraints: 7) power balance constraints				 done
	 constraints: 8) ramp-up/ramp-down constraints				 done
	 constraints: 9) piece linearization constraints			 done
	 constraints: 10) transmissionline limits skipped (is_NetWorkCon != 1 or Gsdf missing or NL=0)
	 constraints: 11) stroges system constraints skipped (is_ConsiderBESS=0)
	 constraints: 12) data centra constraints skipped (is_ConsiderDataCentra != 1)
	 constraints: 13) frequency control constraints skipped (is_ConsiderFrequencyControl != 1)
	 constraints: 14) hydro power limits					 done
+++++++++++++++++++++++++++++++++++++++++++++++++++++++++++++++++++++++++++++++++++++++++++
Step-4: starting Gurobi solver
Set parameter MIPGap to value 0.015
Gurobi Optimizer version 13.0.2 build v13.0.2rc1 (win64 - Windows 11+.0 (29639.2))

CPU model: 13th Gen Intel(R) Core(TM) i7-13700F, instruction set [SSE2|AVX|AVX2]
Thread count: 16 physical cores, 24 logical processors, using up to 24 threads

Non-default parameters:
MIPGap  0.015

Optimize a model with 33599 rows, 21762 columns and 181465 nonzeros (Min)
Model fingerprint: 0x5d2003b1
Model has 16275 linear objective coefficients
Variable types: 16616 continuous, 5146 integer (5146 binary)
Coefficient statistics:
  Matrix range     [3e-02, 4e+02]
  Objective range  [1e+00, 1e+15]
  Bounds range     [0e+00, 0e+00]
  RHS range        [7e-03, 4e+02]
Warning: Model contains large objective coefficients
         Consider reformulating model or setting NumericFocus parameter
         to avoid numerical issues.

Presolve removed 13418 rows and 6977 columns
Presolve time: 0.36s
Presolved: 20181 rows, 14785 columns, 91037 nonzeros
Variable types: 10123 continuous, 4662 integer (4662 binary)
Found heuristic solution: objective 2.356088e+17

Root relaxation: objective 3.688152e+16, 12036 iterations, 0.22 seconds (0.37 work units)

    Nodes    |    Current Node    |     Objective Bounds      |     Work
 Expl Unexpl |  Obj  Depth IntInf | Incumbent    BestBd   Gap | It/Node Time

     0     0 3.6882e+16    0  164 2.3561e+17 3.6882e+16  84.3%     -    0s
H    0     0                    3.702744e+16 3.6882e+16  0.39%     -    0s
     0     0 3.6882e+16    0  131 3.7027e+16 3.6882e+16  0.39%     -    0s

Cutting planes:
  Gomory: 29
  Implied bound: 22
  MIR: 46
  Flow cover: 36
  RLT: 1
  Relax-and-lift: 10
  PSD: 2

Explored 1 nodes (13363 simplex iterations) in 1.00 seconds (1.73 work units)
Thread count was 24 (of 24 available processors)

Solution count 3: 3.70274e+16 3.70274e+16 2.35609e+17 

Optimal solution found (tolerance 1.50e-02)
Best objective 3.702743825428e+16, best bound 3.688152224713e+16, gap 0.3941%

User-callback calls 275, time in user-callback 0.00 sec
Step-5: Gurobi solver finished
+++++++++++++++++++++++++++++++++++++++++++++++++++++++++++++++++++++++++++++++++++++++++++

assert_is_solved_and_feasible(scuc) = nothing
solution_summary(scuc) = solution_summary(; result = 1, verbose = false)
├ solver_name          : Gurobi
├ Termination
│ ├ termination_status : OPTIMAL
│ ├ result_count       : 3
│ ├ raw_status         : Model was solved to optimality (subject to tolerances), and an optimal solution is available.
│ └ objective_bound    : 3.68815e+16
├ Solution (result = 1)
│ ├ primal_status        : FEASIBLE_POINT
│ ├ dual_status          : NO_SOLUTION
│ ├ objective_value      : 3.70274e+16
│ └ relative_gap         : 3.94075e-03
└ Work counters
  ├ solve_time (sec)   : 9.98000e-01
  ├ simplex_iterations : 13363
  ├ barrier_iterations : 0
  └ node_count         : 1


Termination Status: OPTIMAL
Acceptable solution found (Status: OPTIMAL).
Step-6: record datas
Error writing results to file: SystemError("opening file \"D:/GithubClonefiles/module_unitcommitment/output/details_schedule_results/pcm_simulation_results/intervels_[6]/res_schedule_commitment_result.txt\"", 22, nothing)
PART1: [unit-commitment] calculation result has been saved to: D:/GithubClonefiles/module_unitcommitment/output/details_schedule_results/pcm_simulation_results/intervels_[6]/res_schedule_commitment_result.txt
Step-3: Creating dispatching model (Refactored & Modularized)
Set parameter Username
Set parameter LicenseID to value 2826524
Academic license - for non-commercial use only - expires 2027-05-22
Set parameter MIPGap to value 0.015
	 Variables defined.
DEBUG set_objective_economic!: NT=24, NG=54, ND=91, NW=2, NS=1, K=3, size(refcost)=(54,), size(eachslope)=(3, 54)
objective_function
	MILP economic objective set
subject to.
	 constraints: 1) minimum shutup/shutdown time limits			 done
	 constraints: 2) binary variable logic					 done
	 constraints: 3) shutup/shutdown cost					 done
	 constraints: 4) loadcurtailments and spoliedwinds			 done
	 constraints: 5) generatos power limits					 done
	 constraints: 6) system reserves limits					 done
	 constraints: 7) power balance constraints				 done
	 constraints: 8) ramp-up/ramp-down constraints				 done
	 constraints: 9) piece linearization constraints			 done
	 constraints: 10) transmissionline limits skipped (is_NetWorkCon != 1 or Gsdf missing or NL=0)
	 constraints: 11) stroges system constraints skipped (is_ConsiderBESS=0)
	 constraints: 12) data centra constraints skipped (is_ConsiderDataCentra != 1)
	 constraints: 13) frequency control constraints skipped (is_ConsiderFrequencyControl != 1)
	 constraints: 14) hydro power limits					 done
+++++++++++++++++++++++++++++++++++++++++++++++++++++++++++++++++++++++++++++++++++++++++++
Step-4: starting Gurobi solver
Set parameter MIPGap to value 0.015
Gurobi Optimizer version 13.0.2 build v13.0.2rc1 (win64 - Windows 11+.0 (29639.2))

CPU model: 13th Gen Intel(R) Core(TM) i7-13700F, instruction set [SSE2|AVX|AVX2]
Thread count: 16 physical cores, 24 logical processors, using up to 24 threads

Non-default parameters:
MIPGap  0.015

Optimize a model with 25964 rows, 16848 columns and 139862 nonzeros (Min)
Model fingerprint: 0xba39f5fd
Model has 12600 linear objective coefficients
Variable types: 12864 continuous, 3984 integer (3984 binary)
Coefficient statistics:
  Matrix range     [3e-02, 4e+02]
  Objective range  [1e+00, 1e+15]
  Bounds range     [0e+00, 0e+00]
  RHS range        [7e-03, 4e+02]
Warning: Model contains large objective coefficients
         Consider reformulating model or setting NumericFocus parameter
         to avoid numerical issues.

Presolve removed 10640 rows and 5503 columns
Presolve time: 0.23s
Presolved: 15324 rows, 11345 columns, 58242 nonzeros
Variable types: 7847 continuous, 3498 integer (3498 binary)

Root relaxation: objective 1.539167e+06, 7543 iterations, 0.21 seconds (0.35 work units)

    Nodes    |    Current Node    |     Objective Bounds      |     Work
 Expl Unexpl |  Obj  Depth IntInf | Incumbent    BestBd   Gap | It/Node Time

     0     0 1539167.45    0  349          - 1539167.45      -     -    0s
H    0     0                    6.616556e+14 1539167.45   100%     -    0s
H    0     0                    1864756.0387 1539167.45  17.5%     -    0s
H    0     0                    1809652.5628 1539167.45  14.9%     -    0s
     0     0 1542896.88    0  330 1809652.56 1542896.88  14.7%     -    1s
H    0     0                    1561232.8279 1543055.08  1.16%     -    1s

Cutting planes:
  Gomory: 17
  Implied bound: 79
  MIR: 52
  Flow cover: 34
  RLT: 38
  Relax-and-lift: 16
  BQP: 5

Explored 1 nodes (8810 simplex iterations) in 1.17 seconds (1.87 work units)
Thread count was 24 (of 24 available processors)

Solution count 4: 1.56123e+06 1.80965e+06 1.86476e+06 6.61656e+14 

Optimal solution found (tolerance 1.50e-02)
Best objective 1.561232827925e+06, best bound 1.543055081155e+06, gap 1.1643%

User-callback calls 315, time in user-callback 0.00 sec
Step-5: Gurobi solver finished
+++++++++++++++++++++++++++++++++++++++++++++++++++++++++++++++++++++++++++++++++++++++++++

assert_is_solved_and_feasible(scuc) = nothing
solution_summary(scuc) = solution_summary(; result = 1, verbose = false)
├ solver_name          : Gurobi
├ Termination
│ ├ termination_status : OPTIMAL
│ ├ result_count       : 4
│ ├ raw_status         : Model was solved to optimality (subject to tolerances), and an optimal solution is available.
│ └ objective_bound    : 1.54306e+06
├ Solution (result = 1)
│ ├ primal_status        : FEASIBLE_POINT
│ ├ dual_status          : NO_SOLUTION
│ ├ objective_value      : 1.56123e+06
│ └ relative_gap         : 1.16432e-02
└ Work counters
  ├ solve_time (sec)   : 1.17300e+00
  ├ simplex_iterations : 8810
  ├ barrier_iterations : 0
  └ node_count         : 1


Termination Status: OPTIMAL
Acceptable solution found (Status: OPTIMAL).
Step-6: record datas
PART1: [unit-commitment] calculation result has been saved to: D:/GithubClonefiles/module_unitcommitment/output/details_schedule_results/pcm_simulation_results/intervels_[7]/res_schedule_commitment_result.txt
PART1: [unit-commitment] calculation result has been saved to: D:/GithubClonefiles/module_unitcommitment/output/details_schedule_results/pcm_simulation_results/intervels_[7]/res_schedule_commitment_result.txt
--------------------------------------------------------------------------------
Running mode: RampOnly
Step-3: Creating dispatching model (Refactored & Modularized)
Set parameter Username
Set parameter LicenseID to value 2826524
Academic license - for non-commercial use only - expires 2027-05-22
Set parameter MIPGap to value 0.015
	 Variables defined.
DEBUG set_objective_economic!: NT=30, NG=54, ND=91, NW=2, NS=1, K=3, size(refcost)=(54,), size(eachslope)=(3, 54)
objective_function
	MILP economic objective set
subject to.
	 constraints: 1) minimum shutup/shutdown time limits			 done
	 constraints: 2) binary variable logic					 done
	 constraints: 3) shutup/shutdown cost					 done
	 constraints: 4) loadcurtailments and spoliedwinds			 done
	 constraints: 5) generatos power limits					 done
	 constraints: 6) system reserves limits					 done
	 constraints: 7) power balance constraints				 done
	 constraints: 8) ramp-up/ramp-down constraints				 done
	 constraints: 9) piece linearization constraints			 done
	 constraints: 10) transmissionline limits skipped (is_NetWorkCon != 1 or Gsdf missing or NL=0)
	 constraints: 11) stroges system constraints skipped (is_ConsiderBESS=0)
	 constraints: 12) data centra constraints skipped (is_ConsiderDataCentra != 1)
	 constraints: 13) frequency control constraints skipped (is_ConsiderFrequencyControl != 1)
	 constraints: 14) hydro power limits					 done
+++++++++++++++++++++++++++++++++++++++++++++++++++++++++++++++++++++++++++++++++++++++++++
Step-4: starting Gurobi solver
Set parameter MIPGap to value 0.015
Gurobi Optimizer version 13.0.2 build v13.0.2rc1 (win64 - Windows 11+.0 (29639.2))

CPU model: 13th Gen Intel(R) Core(TM) i7-13700F, instruction set [SSE2|AVX|AVX2]
Thread count: 16 physical cores, 24 logical processors, using up to 24 threads

Non-default parameters:
MIPGap  0.015

Optimize a model with 32496 rows, 21060 columns and 175442 nonzeros (Min)
Model fingerprint: 0xee044a47
Model has 15750 linear objective coefficients
Variable types: 16080 continuous, 4980 integer (4980 binary)
Coefficient statistics:
  Matrix range     [3e-02, 4e+02]
  Objective range  [1e+00, 1e+15]
  Bounds range     [0e+00, 0e+00]
  RHS range        [7e-03, 3e+02]
Warning: Model contains large objective coefficients
         Consider reformulating model or setting NumericFocus parameter
         to avoid numerical issues.

Presolve removed 13005 rows and 6745 columns
Presolve time: 0.34s
Presolved: 19491 rows, 14315 columns, 88036 nonzeros
Variable types: 9809 continuous, 4506 integer (4506 binary)

Root relaxation: objective 2.192464e+06, 10114 iterations, 0.39 seconds (0.53 work units)

    Nodes    |    Current Node    |     Objective Bounds      |     Work
 Expl Unexpl |  Obj  Depth IntInf | Incumbent    BestBd   Gap | It/Node Time

     0     0 2192463.56    0  215          - 2192463.56      -     -    0s
H    0     0                    5.265068e+15 2192463.56   100%     -    0s
H    0     0                    4.999508e+15 2192463.56   100%     -    1s
H    0     0                    9.467453e+14 2192463.56   100%     -    1s
H    0     0                    2275206.5648 2192463.56  3.64%     -    1s
H    0     0                    2229377.4845 2193479.56  1.61%     -    1s
     0     0 2193479.56    0  259 2229377.48 2193479.56  1.61%     -    1s
     0     0 2193488.62    0  246 2229377.48 2193488.62  1.61%     -    1s
     0     0 2193624.30    0  255 2229377.48 2193624.30  1.60%     -    1s
     0     0 2193627.68    0  260 2229377.48 2193627.68  1.60%     -    1s
     0     0 2193627.68    0  267 2229377.48 2193627.68  1.60%     -    1s
H    0     0                    2219024.5863 2193737.16  1.14%     -    1s
     0     0 2193737.16    0  263 2219024.59 2193737.16  1.14%     -    1s

Cutting planes:
  Gomory: 12
  Cover: 2
  Implied bound: 46
  MIR: 102
  Flow cover: 44
  Network: 1
  RLT: 2
  Relax-and-lift: 10

Explored 1 nodes (11161 simplex iterations) in 1.96 seconds (2.86 work units)
Thread count was 24 (of 24 available processors)

Solution count 6: 2.21902e+06 2.22938e+06 2.27521e+06 ... 5.26507e+15

Optimal solution found (tolerance 1.50e-02)
Best objective 2.219024586335e+06, best bound 2.193737155727e+06, gap 1.1396%

User-callback calls 449, time in user-callback 0.00 sec
Step-5: Gurobi solver finished
+++++++++++++++++++++++++++++++++++++++++++++++++++++++++++++++++++++++++++++++++++++++++++

assert_is_solved_and_feasible(scuc) = nothing
solution_summary(scuc) = solution_summary(; result = 1, verbose = false)
├ solver_name          : Gurobi
├ Termination
│ ├ termination_status : OPTIMAL
│ ├ result_count       : 6
│ ├ raw_status         : Model was solved to optimality (subject to tolerances), and an optimal solution is available.
│ └ objective_bound    : 2.19374e+06
├ Solution (result = 1)
│ ├ primal_status        : FEASIBLE_POINT
│ ├ dual_status          : NO_SOLUTION
│ ├ objective_value      : 2.21902e+06
│ └ relative_gap         : 1.13957e-02
└ Work counters
  ├ solve_time (sec)   : 1.96400e+00
  ├ simplex_iterations : 11161
  ├ barrier_iterations : 0
  └ node_count         : 1


Termination Status: OPTIMAL
Acceptable solution found (Status: OPTIMAL).
Step-6: record datas
PART1: [unit-commitment] calculation result has been saved to: D:/GithubClonefiles/module_unitcommitment/output/details_schedule_results/pcm_simulation_results/intervels_[1]/res_schedule_commitment_result.txt
PART1: [unit-commitment] calculation result has been saved to: D:/GithubClonefiles/module_unitcommitment/output/details_schedule_results/pcm_simulation_results/intervels_[1]/res_schedule_commitment_result.txt
Step-3: Creating dispatching model (Refactored & Modularized)
Set parameter Username
Set parameter LicenseID to value 2826524
Academic license - for non-commercial use only - expires 2027-05-22
Set parameter MIPGap to value 0.015
	 Variables defined.
DEBUG set_objective_economic!: NT=27, NG=54, ND=91, NW=2, NS=1, K=3, size(refcost)=(54,), size(eachslope)=(3, 54)
objective_function
	MILP economic objective set
subject to.
	 constraints: 1) minimum shutup/shutdown time limits			 done
	 constraints: 2) binary variable logic					 done
	 constraints: 3) shutup/shutdown cost					 done
	 constraints: 4) loadcurtailments and spoliedwinds			 done
	 constraints: 5) generatos power limits					 done
	 constraints: 6) system reserves limits					 done
	 constraints: 7) power balance constraints				 done
	 constraints: 8) ramp-up/ramp-down constraints				 done
	 constraints: 9) piece linearization constraints			 done
	 constraints: 10) transmissionline limits skipped (is_NetWorkCon != 1 or Gsdf missing or NL=0)
	 constraints: 11) stroges system constraints skipped (is_ConsiderBESS=0)
	 constraints: 12) data centra constraints skipped (is_ConsiderDataCentra != 1)
	 constraints: 13) frequency control constraints skipped (is_ConsiderFrequencyControl != 1)
	 constraints: 14) hydro power limits					 done
+++++++++++++++++++++++++++++++++++++++++++++++++++++++++++++++++++++++++++++++++++++++++++
Step-4: starting Gurobi solver
Set parameter MIPGap to value 0.015
Gurobi Optimizer version 13.0.2 build v13.0.2rc1 (win64 - Windows 11+.0 (29639.2))

CPU model: 13th Gen Intel(R) Core(TM) i7-13700F, instruction set [SSE2|AVX|AVX2]
Thread count: 16 physical cores, 24 logical processors, using up to 24 threads

Non-default parameters:
MIPGap  0.015

Optimize a model with 29232 rows, 18954 columns and 157667 nonzeros (Min)
Model fingerprint: 0x1efffdcb
Model has 14175 linear objective coefficients
Variable types: 14472 continuous, 4482 integer (4482 binary)
Coefficient statistics:
  Matrix range     [3e-02, 4e+02]
  Objective range  [1e+00, 1e+15]
  Bounds range     [0e+00, 0e+00]
  RHS range        [1e-02, 4e+02]
Warning: Model contains large objective coefficients
         Consider reformulating model or setting NumericFocus parameter
         to avoid numerical issues.

Presolve removed 11746 rows and 6109 columns
Presolve time: 0.24s
Presolved: 17486 rows, 12845 columns, 66490 nonzeros
Variable types: 8828 continuous, 4017 integer (4017 binary)
Found heuristic solution: objective 2.553942e+15
Found heuristic solution: objective 3298219.6653

Root relaxation: objective 2.468450e+06, 10641 iterations, 0.22 seconds (0.35 work units)

    Nodes    |    Current Node    |     Objective Bounds      |     Work
 Expl Unexpl |  Obj  Depth IntInf | Incumbent    BestBd   Gap | It/Node Time

     0     0 2468449.57    0  489 3298219.67 2468449.57  25.2%     -    0s
     0     0 2480286.80    0  349 3298219.67 2480286.80  24.8%     -    1s
H    0     0                    2598610.9357 2480290.89  4.55%     -    1s
     0     0 2480315.08    0  335 2598610.94 2480315.08  4.55%     -    1s
     0     0 2480315.08    0  348 2598610.94 2480315.08  4.55%     -    1s
     0     0 2481794.71    0  267 2598610.94 2481794.71  4.50%     -    1s
     0     0 2598610.94    0  267 2598610.94 2598610.94  0.00%     -    1s

Cutting planes:
  Gomory: 45
  Implied bound: 269
  MIR: 93
  Flow cover: 84
  Network: 2
  RLT: 108
  Relax-and-lift: 103
  BQP: 9

Explored 1 nodes (12881 simplex iterations) in 1.39 seconds (2.06 work units)
Thread count was 24 (of 24 available processors)

Solution count 3: 2.59861e+06 3.29822e+06 2.55394e+15 

Optimal solution found (tolerance 1.50e-02)
Best objective 2.598610935697e+06, best bound 2.598610935697e+06, gap 0.0000%

User-callback calls 388, time in user-callback 0.00 sec
Step-5: Gurobi solver finished
+++++++++++++++++++++++++++++++++++++++++++++++++++++++++++++++++++++++++++++++++++++++++++

assert_is_solved_and_feasible(scuc) = nothing
solution_summary(scuc) = solution_summary(; result = 1, verbose = false)
├ solver_name          : Gurobi
├ Termination
│ ├ termination_status : OPTIMAL
│ ├ result_count       : 3
│ ├ raw_status         : Model was solved to optimality (subject to tolerances), and an optimal solution is available.
│ └ objective_bound    : 2.59861e+06
├ Solution (result = 1)
│ ├ primal_status        : FEASIBLE_POINT
│ ├ dual_status          : NO_SOLUTION
│ ├ objective_value      : 2.59861e+06
│ └ relative_gap         : 0.00000e+00
└ Work counters
  ├ solve_time (sec)   : 1.39000e+00
  ├ simplex_iterations : 12881
  ├ barrier_iterations : 0
  └ node_count         : 1


Termination Status: OPTIMAL
Acceptable solution found (Status: OPTIMAL).
Step-6: record datas
PART1: [unit-commitment] calculation result has been saved to: D:/GithubClonefiles/module_unitcommitment/output/details_schedule_results/pcm_simulation_results/intervels_[2]/res_schedule_commitment_result.txt
PART1: [unit-commitment] calculation result has been saved to: D:/GithubClonefiles/module_unitcommitment/output/details_schedule_results/pcm_simulation_results/intervels_[2]/res_schedule_commitment_result.txt
Step-3: Creating dispatching model (Refactored & Modularized)
Set parameter Username
Set parameter LicenseID to value 2826524
Academic license - for non-commercial use only - expires 2027-05-22
Set parameter MIPGap to value 0.015
	 Variables defined.
DEBUG set_objective_economic!: NT=27, NG=54, ND=91, NW=2, NS=1, K=3, size(refcost)=(54,), size(eachslope)=(3, 54)
objective_function
	MILP economic objective set
subject to.
	 constraints: 1) minimum shutup/shutdown time limits			 done
	 constraints: 2) binary variable logic					 done
	 constraints: 3) shutup/shutdown cost					 done
	 constraints: 4) loadcurtailments and spoliedwinds			 done
	 constraints: 5) generatos power limits					 done
	 constraints: 6) system reserves limits					 done
	 constraints: 7) power balance constraints				 done
	 constraints: 8) ramp-up/ramp-down constraints				 done
	 constraints: 9) piece linearization constraints			 done
	 constraints: 10) transmissionline limits skipped (is_NetWorkCon != 1 or Gsdf missing or NL=0)
	 constraints: 11) stroges system constraints skipped (is_ConsiderBESS=0)
	 constraints: 12) data centra constraints skipped (is_ConsiderDataCentra != 1)
	 constraints: 13) frequency control constraints skipped (is_ConsiderFrequencyControl != 1)
	 constraints: 14) hydro power limits					 done
+++++++++++++++++++++++++++++++++++++++++++++++++++++++++++++++++++++++++++++++++++++++++++
Step-4: starting Gurobi solver
Set parameter MIPGap to value 0.015
Gurobi Optimizer version 13.0.2 build v13.0.2rc1 (win64 - Windows 11+.0 (29639.2))

CPU model: 13th Gen Intel(R) Core(TM) i7-13700F, instruction set [SSE2|AVX|AVX2]
Thread count: 16 physical cores, 24 logical processors, using up to 24 threads

Non-default parameters:
MIPGap  0.015

Optimize a model with 29263 rows, 18954 columns and 157805 nonzeros (Min)
Model fingerprint: 0x3de15a92
Model has 14175 linear objective coefficients
Variable types: 14472 continuous, 4482 integer (4482 binary)
Coefficient statistics:
  Matrix range     [3e-02, 4e+02]
  Objective range  [1e+00, 1e+15]
  Bounds range     [0e+00, 0e+00]
  RHS range        [7e-03, 4e+02]
Warning: Model contains large objective coefficients
         Consider reformulating model or setting NumericFocus parameter
         to avoid numerical issues.

Presolve removed 11828 rows and 6127 columns
Presolve time: 0.24s
Presolved: 17435 rows, 12827 columns, 66249 nonzeros
Variable types: 8828 continuous, 3999 integer (3999 binary)

Root relaxation: objective 1.685241e+06, 7902 iterations, 0.15 seconds (0.25 work units)

    Nodes    |    Current Node    |     Objective Bounds      |     Work
 Expl Unexpl |  Obj  Depth IntInf | Incumbent    BestBd   Gap | It/Node Time

     0     0 1685241.24    0  282          - 1685241.24      -     -    0s
H    0     0                    1948142.4272 1685241.24  13.5%     -    0s
     0     0 1689002.41    0  259 1948142.43 1689002.41  13.3%     -    0s
     0     0 1689162.92    0  249 1948142.43 1689162.92  13.3%     -    0s
H    0     0                    1851348.5423 1694577.50  8.47%     -    1s
H    0     0                    1851348.0601 1694577.50  8.47%     -    1s
     0     0 1694609.92    0  250 1851348.06 1694609.92  8.47%     -    1s
     0     0 1694609.92    0  249 1851348.06 1694609.92  8.47%     -    1s
H    0     0                    1851326.8211 1694609.92  8.47%     -    1s
H    0     0                    1739440.7295 1694609.92  2.58%     -    1s
H    0     0                    1738681.1532 1694609.92  2.53%     -    1s
H    0     0                    1738675.4572 1694609.92  2.53%     -    1s
H    0     0                    1738597.7256 1694609.92  2.53%     -    1s
H    0     0                    1722909.7139 1694915.78  1.62%     -    1s
     0     0 1694915.78    0  222 1722909.71 1694915.78  1.62%     -    1s
     0     0 1695023.04    0  223 1722909.71 1695023.04  1.62%     -    1s
     0     0 1695029.82    0  242 1722909.71 1695029.82  1.62%     -    1s
     0     0 1695031.95    0  235 1722909.71 1695031.95  1.62%     -    1s
     0     0 1695032.34    0  235 1722909.71 1695032.34  1.62%     -    1s
H    0     0                    1709020.5813 1695032.34  0.82%     -    2s

Cutting planes:
  Gomory: 18
  Lift-and-project: 1
  Cover: 3
  Implied bound: 177
  MIR: 172
  Flow cover: 121
  RLT: 41
  Relax-and-lift: 45
  BQP: 5
  PSD: 1

Explored 1 nodes (10560 simplex iterations) in 2.18 seconds (2.98 work units)
Thread count was 24 (of 24 available processors)

Solution count 8: 1.70902e+06 1.72291e+06 1.7386e+06 ... 1.94814e+06

Optimal solution found (tolerance 1.50e-02)
Best objective 1.709020581289e+06, best bound 1.695209510226e+06, gap 0.8081%

User-callback calls 518, time in user-callback 0.00 sec
Step-5: Gurobi solver finished
+++++++++++++++++++++++++++++++++++++++++++++++++++++++++++++++++++++++++++++++++++++++++++

assert_is_solved_and_feasible(scuc) = nothing
solution_summary(scuc) = solution_summary(; result = 1, verbose = false)
├ solver_name          : Gurobi
├ Termination
│ ├ termination_status : OPTIMAL
│ ├ result_count       : 8
│ ├ raw_status         : Model was solved to optimality (subject to tolerances), and an optimal solution is available.
│ └ objective_bound    : 1.69521e+06
├ Solution (result = 1)
│ ├ primal_status        : FEASIBLE_POINT
│ ├ dual_status          : NO_SOLUTION
│ ├ objective_value      : 1.70902e+06
│ └ relative_gap         : 8.08128e-03
└ Work counters
  ├ solve_time (sec)   : 2.18000e+00
  ├ simplex_iterations : 10560
  ├ barrier_iterations : 0
  └ node_count         : 1


Termination Status: OPTIMAL
Acceptable solution found (Status: OPTIMAL).
Step-6: record datas
PART1: [unit-commitment] calculation result has been saved to: D:/GithubClonefiles/module_unitcommitment/output/details_schedule_results/pcm_simulation_results/intervels_[3]/res_schedule_commitment_result.txt
PART1: [unit-commitment] calculation result has been saved to: D:/GithubClonefiles/module_unitcommitment/output/details_schedule_results/pcm_simulation_results/intervels_[3]/res_schedule_commitment_result.txt
Step-3: Creating dispatching model (Refactored & Modularized)
Set parameter Username
Set parameter LicenseID to value 2826524
Academic license - for non-commercial use only - expires 2027-05-22
Set parameter MIPGap to value 0.015
	 Variables defined.
DEBUG set_objective_economic!: NT=27, NG=54, ND=91, NW=2, NS=1, K=3, size(refcost)=(54,), size(eachslope)=(3, 54)
objective_function
	MILP economic objective set
subject to.
	 constraints: 1) minimum shutup/shutdown time limits			 done
	 constraints: 2) binary variable logic					 done
	 constraints: 3) shutup/shutdown cost					 done
	 constraints: 4) loadcurtailments and spoliedwinds			 done
	 constraints: 5) generatos power limits					 done
	 constraints: 6) system reserves limits					 done
	 constraints: 7) power balance constraints				 done
	 constraints: 8) ramp-up/ramp-down constraints				 done
	 constraints: 9) piece linearization constraints			 done
	 constraints: 10) transmissionline limits skipped (is_NetWorkCon != 1 or Gsdf missing or NL=0)
	 constraints: 11) stroges system constraints skipped (is_ConsiderBESS=0)
	 constraints: 12) data centra constraints skipped (is_ConsiderDataCentra != 1)
	 constraints: 13) frequency control constraints skipped (is_ConsiderFrequencyControl != 1)
	 constraints: 14) hydro power limits					 done
+++++++++++++++++++++++++++++++++++++++++++++++++++++++++++++++++++++++++++++++++++++++++++
Step-4: starting Gurobi solver
Set parameter MIPGap to value 0.015
Gurobi Optimizer version 13.0.2 build v13.0.2rc1 (win64 - Windows 11+.0 (29639.2))

CPU model: 13th Gen Intel(R) Core(TM) i7-13700F, instruction set [SSE2|AVX|AVX2]
Thread count: 16 physical cores, 24 logical processors, using up to 24 threads

Non-default parameters:
MIPGap  0.015

Optimize a model with 29225 rows, 18954 columns and 157639 nonzeros (Min)
Model fingerprint: 0x9cd63100
Model has 14175 linear objective coefficients
Variable types: 14472 continuous, 4482 integer (4482 binary)
Coefficient statistics:
  Matrix range     [3e-02, 4e+02]
  Objective range  [1e+00, 1e+15]
  Bounds range     [0e+00, 0e+00]
  RHS range        [8e-03, 4e+02]
Warning: Model contains large objective coefficients
         Consider reformulating model or setting NumericFocus parameter
         to avoid numerical issues.

Presolve removed 11731 rows and 6108 columns
Presolve time: 0.26s
Presolved: 17494 rows, 12846 columns, 66480 nonzeros
Variable types: 8826 continuous, 4020 integer (4020 binary)
Warning: switch to quad precision

Root relaxation: objective 3.648645e+15, 10629 iterations, 0.24 seconds (0.29 work units)

    Nodes    |    Current Node    |     Objective Bounds      |     Work
 Expl Unexpl |  Obj  Depth IntInf | Incumbent    BestBd   Gap | It/Node Time

     0     0 3.6486e+15    0  415          - 3.6486e+15      -     -    0s
H    0     0                    5.701114e+15 3.6486e+15  36.0%     -    1s
H    0     0                    3.648645e+15 3.6486e+15  0.00%     -    1s

Explored 1 nodes (10648 simplex iterations) in 1.44 seconds (2.85 work units)
Thread count was 24 (of 24 available processors)

Solution count 2: 3.64865e+15 5.70111e+15 

Optimal solution found (tolerance 1.50e-02)
Best objective 3.648645368152e+15, best bound 3.648645368152e+15, gap 0.0000%

User-callback calls 622, time in user-callback 0.00 sec
Step-5: Gurobi solver finished
+++++++++++++++++++++++++++++++++++++++++++++++++++++++++++++++++++++++++++++++++++++++++++

assert_is_solved_and_feasible(scuc) = nothing
solution_summary(scuc) = solution_summary(; result = 1, verbose = false)
├ solver_name          : Gurobi
├ Termination
│ ├ termination_status : OPTIMAL
│ ├ result_count       : 2
│ ├ raw_status         : Model was solved to optimality (subject to tolerances), and an optimal solution is available.
│ └ objective_bound    : 3.64865e+15
├ Solution (result = 1)
│ ├ primal_status        : FEASIBLE_POINT
│ ├ dual_status          : NO_SOLUTION
│ ├ objective_value      : 3.64865e+15
│ └ relative_gap         : 1.57593e-14
└ Work counters
  ├ solve_time (sec)   : 1.43700e+00
  ├ simplex_iterations : 10648
  ├ barrier_iterations : 0
  └ node_count         : 1


Termination Status: OPTIMAL
Acceptable solution found (Status: OPTIMAL).
Step-6: record datas
PART1: [unit-commitment] calculation result has been saved to: D:/GithubClonefiles/module_unitcommitment/output/details_schedule_results/pcm_simulation_results/intervels_[4]/res_schedule_commitment_result.txt
PART1: [unit-commitment] calculation result has been saved to: D:/GithubClonefiles/module_unitcommitment/output/details_schedule_results/pcm_simulation_results/intervels_[4]/res_schedule_commitment_result.txt
Step-3: Creating dispatching model (Refactored & Modularized)
Set parameter Username
Set parameter LicenseID to value 2826524
Academic license - for non-commercial use only - expires 2027-05-22
Set parameter MIPGap to value 0.015
	 Variables defined.
DEBUG set_objective_economic!: NT=30, NG=54, ND=91, NW=2, NS=1, K=3, size(refcost)=(54,), size(eachslope)=(3, 54)
objective_function
	MILP economic objective set
subject to.
	 constraints: 1) minimum shutup/shutdown time limits			 done
	 constraints: 2) binary variable logic					 done
	 constraints: 3) shutup/shutdown cost					 done
	 constraints: 4) loadcurtailments and spoliedwinds			 done
	 constraints: 5) generatos power limits					 done
	 constraints: 6) system reserves limits					 done
	 constraints: 7) power balance constraints				 done
	 constraints: 8) ramp-up/ramp-down constraints				 done
	 constraints: 9) piece linearization constraints			 done
	 constraints: 10) transmissionline limits skipped (is_NetWorkCon != 1 or Gsdf missing or NL=0)
	 constraints: 11) stroges system constraints skipped (is_ConsiderBESS=0)
	 constraints: 12) data centra constraints skipped (is_ConsiderDataCentra != 1)
	 constraints: 13) frequency control constraints skipped (is_ConsiderFrequencyControl != 1)
	 constraints: 14) hydro power limits					 done
+++++++++++++++++++++++++++++++++++++++++++++++++++++++++++++++++++++++++++++++++++++++++++
Step-4: starting Gurobi solver
Set parameter MIPGap to value 0.015
Gurobi Optimizer version 13.0.2 build v13.0.2rc1 (win64 - Windows 11+.0 (29639.2))

CPU model: 13th Gen Intel(R) Core(TM) i7-13700F, instruction set [SSE2|AVX|AVX2]
Thread count: 16 physical cores, 24 logical processors, using up to 24 threads

Non-default parameters:
MIPGap  0.015

Optimize a model with 32496 rows, 21060 columns and 175442 nonzeros (Min)
Model fingerprint: 0x1259e552
Model has 15750 linear objective coefficients
Variable types: 16080 continuous, 4980 integer (4980 binary)
Coefficient statistics:
  Matrix range     [3e-02, 4e+02]
  Objective range  [1e+00, 1e+15]
  Bounds range     [0e+00, 0e+00]
  RHS range        [8e-03, 4e+02]
Warning: Model contains large objective coefficients
         Consider reformulating model or setting NumericFocus parameter
         to avoid numerical issues.

Presolve removed 13029 rows and 6775 columns
Presolve time: 0.27s
Presolved: 19467 rows, 14285 columns, 73817 nonzeros
Variable types: 9809 continuous, 4476 integer (4476 binary)

Root relaxation: objective 2.014340e+06, 10510 iterations, 0.39 seconds (0.59 work units)

    Nodes    |    Current Node    |     Objective Bounds      |     Work
 Expl Unexpl |  Obj  Depth IntInf | Incumbent    BestBd   Gap | It/Node Time

     0     0 2014340.02    0  388          - 2014340.02      -     -    0s
H    0     0                    2174964.7461 2014340.02  7.39%     -    0s
H    0     0                    2168775.1993 2014340.02  7.12%     -    0s
     0     0 2018744.96    0  339 2168775.20 2018744.96  6.92%     -    1s
     0     0 2018787.06    0  347 2168775.20 2018787.06  6.92%     -    1s
     0     0 2018787.06    0  347 2168775.20 2018787.06  6.92%     -    1s
     0     0 2020881.66    0  270 2168775.20 2020881.66  6.82%     -    1s
     0     0 2020892.49    0  269 2168775.20 2020892.49  6.82%     -    1s
     0     0 2020892.49    0  272 2168775.20 2020892.49  6.82%     -    1s
H    0     0                    2132191.7257 2020892.49  5.22%     -    2s
H    0     0                    2131324.0819 2022759.74  5.09%     -    2s
H    0     0                    2063389.8745 2022759.74  1.97%     -    2s
H    0     0                    2061429.4971 2022759.74  1.88%     -    2s
H    0     0                    2059801.4309 2022759.74  1.80%     -    2s
H    0     0                    2059788.3654 2022759.74  1.80%     -    2s
H    0     0                    2059788.0791 2022759.74  1.80%     -    2s
     0     0 2022759.74    0  284 2059788.08 2022759.74  1.80%     -    2s
     0     0 2022759.74    0  314 2059788.08 2022759.74  1.80%     -    2s
     0     0 2022759.74    0  334 2059788.08 2022759.74  1.80%     -    2s
H    0     0                    2059764.1273 2022759.74  1.80%     -    2s
H    0     0                    2057843.8802 2022759.74  1.70%     -    2s
H    0     0                    2055319.8933 2023077.21  1.57%     -    2s
H    0     0                    2054123.1566 2023077.21  1.51%     -    2s
H    0     0                    2054042.0287 2023077.21  1.51%     -    2s
     0     0 2023105.62    0  288 2054042.03 2023105.62  1.51%     -    2s
H    0     0                    2053908.2515 2023105.62  1.50%     -    3s

Cutting planes:
  Gomory: 29
  Cover: 1
  Implied bound: 274
  MIR: 134
  Flow cover: 139
  RLT: 83
  Relax-and-lift: 91
  BQP: 3

Explored 1 nodes (14135 simplex iterations) in 3.06 seconds (4.22 work units)
Thread count was 24 (of 24 available processors)

Solution count 10: 2.05391e+06 2.05391e+06 2.05404e+06 ... 2.06143e+06

Optimal solution found (tolerance 1.50e-02)
Best objective 2.053908251472e+06, best bound 2.023105619608e+06, gap 1.4997%

User-callback calls 557, time in user-callback 0.00 sec
Step-5: Gurobi solver finished
+++++++++++++++++++++++++++++++++++++++++++++++++++++++++++++++++++++++++++++++++++++++++++

assert_is_solved_and_feasible(scuc) = nothing
solution_summary(scuc) = solution_summary(; result = 1, verbose = false)
├ solver_name          : Gurobi
├ Termination
│ ├ termination_status : OPTIMAL
│ ├ result_count       : 10
│ ├ raw_status         : Model was solved to optimality (subject to tolerances), and an optimal solution is available.
│ └ objective_bound    : 2.02311e+06
├ Solution (result = 1)
│ ├ primal_status        : FEASIBLE_POINT
│ ├ dual_status          : NO_SOLUTION
│ ├ objective_value      : 2.05391e+06
│ └ relative_gap         : 1.49971e-02
└ Work counters
  ├ solve_time (sec)   : 3.06100e+00
  ├ simplex_iterations : 14135
  ├ barrier_iterations : 0
  └ node_count         : 1


Termination Status: OPTIMAL
Acceptable solution found (Status: OPTIMAL).
Step-6: record datas
PART1: [unit-commitment] calculation result has been saved to: D:/GithubClonefiles/module_unitcommitment/output/details_schedule_results/pcm_simulation_results/intervels_[5]/res_schedule_commitment_result.txt
PART1: [unit-commitment] calculation result has been saved to: D:/GithubClonefiles/module_unitcommitment/output/details_schedule_results/pcm_simulation_results/intervels_[5]/res_schedule_commitment_result.txt
Step-3: Creating dispatching model (Refactored & Modularized)
Set parameter Username
Set parameter LicenseID to value 2826524
Academic license - for non-commercial use only - expires 2027-05-22
Set parameter MIPGap to value 0.015
	 Variables defined.
DEBUG set_objective_economic!: NT=27, NG=54, ND=91, NW=2, NS=1, K=3, size(refcost)=(54,), size(eachslope)=(3, 54)
objective_function
	MILP economic objective set
subject to.
	 constraints: 1) minimum shutup/shutdown time limits			 done
	 constraints: 2) binary variable logic					 done
	 constraints: 3) shutup/shutdown cost					 done
	 constraints: 4) loadcurtailments and spoliedwinds			 done
	 constraints: 5) generatos power limits					 done
	 constraints: 6) system reserves limits					 done
	 constraints: 7) power balance constraints				 done
	 constraints: 8) ramp-up/ramp-down constraints				 done
	 constraints: 9) piece linearization constraints			 done
	 constraints: 10) transmissionline limits skipped (is_NetWorkCon != 1 or Gsdf missing or NL=0)
	 constraints: 11) stroges system constraints skipped (is_ConsiderBESS=0)
	 constraints: 12) data centra constraints skipped (is_ConsiderDataCentra != 1)
	 constraints: 13) frequency control constraints skipped (is_ConsiderFrequencyControl != 1)
	 constraints: 14) hydro power limits					 done
+++++++++++++++++++++++++++++++++++++++++++++++++++++++++++++++++++++++++++++++++++++++++++
Step-4: starting Gurobi solver
Set parameter MIPGap to value 0.015
Gurobi Optimizer version 13.0.2 build v13.0.2rc1 (win64 - Windows 11+.0 (29639.2))

CPU model: 13th Gen Intel(R) Core(TM) i7-13700F, instruction set [SSE2|AVX|AVX2]
Thread count: 16 physical cores, 24 logical processors, using up to 24 threads

Non-default parameters:
MIPGap  0.015

Optimize a model with 29232 rows, 18954 columns and 157685 nonzeros (Min)
Model fingerprint: 0x5f879c82
Model has 14175 linear objective coefficients
Variable types: 14472 continuous, 4482 integer (4482 binary)
Coefficient statistics:
  Matrix range     [3e-02, 4e+02]
  Objective range  [1e+00, 1e+15]
  Bounds range     [0e+00, 0e+00]
  RHS range        [8e-03, 4e+02]
Warning: Model contains large objective coefficients
         Consider reformulating model or setting NumericFocus parameter
         to avoid numerical issues.

Presolve removed 11757 rows and 6125 columns
Presolve time: 0.25s
Presolved: 17475 rows, 12829 columns, 66144 nonzeros
Variable types: 8815 continuous, 4014 integer (4014 binary)

Root relaxation: objective 3.688152e+16, 9525 iterations, 0.16 seconds (0.24 work units)

    Nodes    |    Current Node    |     Objective Bounds      |     Work
 Expl Unexpl |  Obj  Depth IntInf | Incumbent    BestBd   Gap | It/Node Time

     0     0 3.6882e+16    0  449          - 3.6882e+16      -     -    0s
H    0     0                    3.699780e+16 3.6882e+16  0.31%     -    1s

Explored 1 nodes (9553 simplex iterations) in 1.10 seconds (2.25 work units)
Thread count was 24 (of 24 available processors)

Solution count 1: 3.69978e+16 

Optimal solution found (tolerance 1.50e-02)
Best objective 3.699780318574e+16, best bound 3.688152224695e+16, gap 0.3143%

User-callback calls 464, time in user-callback 0.00 sec
Step-5: Gurobi solver finished
+++++++++++++++++++++++++++++++++++++++++++++++++++++++++++++++++++++++++++++++++++++++++++

assert_is_solved_and_feasible(scuc) = nothing
solution_summary(scuc) = solution_summary(; result = 1, verbose = false)
├ solver_name          : Gurobi
├ Termination
│ ├ termination_status : OPTIMAL
│ ├ result_count       : 1
│ ├ raw_status         : Model was solved to optimality (subject to tolerances), and an optimal solution is available.
│ └ objective_bound    : 3.68815e+16
├ Solution (result = 1)
│ ├ primal_status        : FEASIBLE_POINT
│ ├ dual_status          : NO_SOLUTION
│ ├ objective_value      : 3.69978e+16
│ └ relative_gap         : 3.14291e-03
└ Work counters
  ├ solve_time (sec)   : 1.09800e+00
  ├ simplex_iterations : 9553
  ├ barrier_iterations : 0
  └ node_count         : 1


Termination Status: OPTIMAL
Acceptable solution found (Status: OPTIMAL).
Step-6: record datas
PART1: [unit-commitment] calculation result has been saved to: D:/GithubClonefiles/module_unitcommitment/output/details_schedule_results/pcm_simulation_results/intervels_[6]/res_schedule_commitment_result.txt
PART1: [unit-commitment] calculation result has been saved to: D:/GithubClonefiles/module_unitcommitment/output/details_schedule_results/pcm_simulation_results/intervels_[6]/res_schedule_commitment_result.txt
Step-3: Creating dispatching model (Refactored & Modularized)
Set parameter Username
Set parameter LicenseID to value 2826524
Academic license - for non-commercial use only - expires 2027-05-22
Set parameter MIPGap to value 0.015
	 Variables defined.
DEBUG set_objective_economic!: NT=24, NG=54, ND=91, NW=2, NS=1, K=3, size(refcost)=(54,), size(eachslope)=(3, 54)
objective_function
	MILP economic objective set
subject to.
	 constraints: 1) minimum shutup/shutdown time limits			 done
	 constraints: 2) binary variable logic					 done
	 constraints: 3) shutup/shutdown cost					 done
	 constraints: 4) loadcurtailments and spoliedwinds			 done
	 constraints: 5) generatos power limits					 done
	 constraints: 6) system reserves limits					 done
	 constraints: 7) power balance constraints				 done
	 constraints: 8) ramp-up/ramp-down constraints				 done
	 constraints: 9) piece linearization constraints			 done
	 constraints: 10) transmissionline limits skipped (is_NetWorkCon != 1 or Gsdf missing or NL=0)
	 constraints: 11) stroges system constraints skipped (is_ConsiderBESS=0)
	 constraints: 12) data centra constraints skipped (is_ConsiderDataCentra != 1)
	 constraints: 13) frequency control constraints skipped (is_ConsiderFrequencyControl != 1)
	 constraints: 14) hydro power limits					 done
+++++++++++++++++++++++++++++++++++++++++++++++++++++++++++++++++++++++++++++++++++++++++++
Step-4: starting Gurobi solver
Set parameter MIPGap to value 0.015
Gurobi Optimizer version 13.0.2 build v13.0.2rc1 (win64 - Windows 11+.0 (29639.2))

CPU model: 13th Gen Intel(R) Core(TM) i7-13700F, instruction set [SSE2|AVX|AVX2]
Thread count: 16 physical cores, 24 logical processors, using up to 24 threads

Non-default parameters:
MIPGap  0.015

Optimize a model with 25962 rows, 16848 columns and 139856 nonzeros (Min)
Model fingerprint: 0x1538cd23
Model has 12600 linear objective coefficients
Variable types: 12864 continuous, 3984 integer (3984 binary)
Coefficient statistics:
  Matrix range     [3e-02, 4e+02]
  Objective range  [1e+00, 1e+15]
  Bounds range     [0e+00, 0e+00]
  RHS range        [7e-03, 4e+02]
Warning: Model contains large objective coefficients
         Consider reformulating model or setting NumericFocus parameter
         to avoid numerical issues.

Presolve removed 10664 rows and 5512 columns
Presolve time: 0.22s
Presolved: 15298 rows, 11336 columns, 58135 nonzeros
Variable types: 7847 continuous, 3489 integer (3489 binary)

Root relaxation: objective 1.542084e+06, 8038 iterations, 0.28 seconds (0.49 work units)

    Nodes    |    Current Node    |     Objective Bounds      |     Work
 Expl Unexpl |  Obj  Depth IntInf | Incumbent    BestBd   Gap | It/Node Time

     0     0 1542084.12    0  347          - 1542084.12      -     -    0s
H    0     0                    6.616556e+14 1542084.12   100%     -    0s
H    0     0                    1867672.5803 1542084.12  17.4%     -    0s
H    0     0                    1812569.0285 1542084.12  14.9%     -    0s
     0     0 1545999.45    0  316 1812569.03 1545999.45  14.7%     -    1s
     0     0 1551086.13    0  261 1812569.03 1551086.13  14.4%     -    1s
     0     0 1551543.44    0  259 1812569.03 1551543.44  14.4%     -    1s
H    0     0                    1787591.7874 1551543.44  13.2%     -    1s
     0     0 1553300.51    0  196 1787591.79 1553300.51  13.1%     -    1s
H    0     0                    1612099.6998 1553300.65  3.65%     -    1s
H    0     0                    1568677.3494 1553339.54  0.98%     -    1s
H    0     0                    1568186.1533 1553339.54  0.95%     -    1s
H    0     0                    1567977.2136 1553339.54  0.93%     -    1s
     0     0 1553408.07    0  209 1567977.21 1553408.07  0.93%     -    1s

Cutting planes:
  Gomory: 25
  Implied bound: 148
  MIR: 112
  Flow cover: 74
  Network: 1
  RLT: 46
  Relax-and-lift: 36
  BQP: 5

Explored 1 nodes (10950 simplex iterations) in 1.94 seconds (2.91 work units)
Thread count was 24 (of 24 available processors)

Solution count 8: 1.56798e+06 1.56819e+06 1.56868e+06 ... 6.61656e+14

Optimal solution found (tolerance 1.50e-02)
Best objective 1.567977213584e+06, best bound 1.553408070907e+06, gap 0.9292%

User-callback calls 425, time in user-callback 0.00 sec
Step-5: Gurobi solver finished
+++++++++++++++++++++++++++++++++++++++++++++++++++++++++++++++++++++++++++++++++++++++++++

assert_is_solved_and_feasible(scuc) = nothing
solution_summary(scuc) = solution_summary(; result = 1, verbose = false)
├ solver_name          : Gurobi
├ Termination
│ ├ termination_status : OPTIMAL
│ ├ result_count       : 8
│ ├ raw_status         : Model was solved to optimality (subject to tolerances), and an optimal solution is available.
│ └ objective_bound    : 1.55341e+06
├ Solution (result = 1)
│ ├ primal_status        : FEASIBLE_POINT
│ ├ dual_status          : NO_SOLUTION
│ ├ objective_value      : 1.56798e+06
│ └ relative_gap         : 9.29168e-03
└ Work counters
  ├ solve_time (sec)   : 1.94400e+00
  ├ simplex_iterations : 10950
  ├ barrier_iterations : 0
  └ node_count         : 1


Termination Status: OPTIMAL
Acceptable solution found (Status: OPTIMAL).
Step-6: record datas
PART1: [unit-commitment] calculation result has been saved to: D:/GithubClonefiles/module_unitcommitment/output/details_schedule_results/pcm_simulation_results/intervels_[7]/res_schedule_commitment_result.txt
PART1: [unit-commitment] calculation result has been saved to: D:/GithubClonefiles/module_unitcommitment/output/details_schedule_results/pcm_simulation_results/intervels_[7]/res_schedule_commitment_result.txt
--------------------------------------------------------------------------------
Running mode: Steady+Unit
Step-3: Creating dispatching model (Refactored & Modularized)
Set parameter Username
Set parameter LicenseID to value 2826524
Academic license - for non-commercial use only - expires 2027-05-22
Set parameter MIPGap to value 0.015
	 Variables defined.
DEBUG set_objective_economic!: NT=28, NG=54, ND=91, NW=2, NS=1, K=3, size(refcost)=(54,), size(eachslope)=(3, 54)
objective_function
	MILP economic objective set
subject to.
	 constraints: 1) minimum shutup/shutdown time limits			 done
	 constraints: 2) binary variable logic					 done
	 constraints: 3) shutup/shutdown cost					 done
	 constraints: 4) loadcurtailments and spoliedwinds			 done
	 constraints: 5) generatos power limits					 done
	 constraints: 6) system reserves limits					 done
	 constraints: 7) power balance constraints				 done
	 constraints: 8) ramp-up/ramp-down constraints				 done
	 constraints: 9) piece linearization constraints			 done
	 constraints: 10) transmissionline limits skipped (is_NetWorkCon != 1 or Gsdf missing or NL=0)
	 constraints: 11) stroges system constraints skipped (is_ConsiderBESS=0)
	 constraints: 12) data centra constraints skipped (is_ConsiderDataCentra != 1)
	 constraints: 13) frequency control constraints skipped (is_ConsiderFrequencyControl != 1)
	 constraints: 14) hydro power limits					 done
+++++++++++++++++++++++++++++++++++++++++++++++++++++++++++++++++++++++++++++++++++++++++++
Step-4: starting Gurobi solver
Set parameter MIPGap to value 0.015
Gurobi Optimizer version 13.0.2 build v13.0.2rc1 (win64 - Windows 11+.0 (29639.2))

CPU model: 13th Gen Intel(R) Core(TM) i7-13700F, instruction set [SSE2|AVX|AVX2]
Thread count: 16 physical cores, 24 logical processors, using up to 24 threads

Non-default parameters:
MIPGap  0.015

Optimize a model with 30314 rows, 19656 columns and 163562 nonzeros (Min)
Model fingerprint: 0x5a5d7f3c
Model has 14700 linear objective coefficients
Variable types: 15008 continuous, 4648 integer (4648 binary)
Coefficient statistics:
  Matrix range     [3e-02, 4e+02]
  Objective range  [1e+00, 1e+15]
  Bounds range     [0e+00, 0e+00]
  RHS range        [7e-03, 3e+02]
Warning: Model contains large objective coefficients
         Consider reformulating model or setting NumericFocus parameter
         to avoid numerical issues.

Presolve removed 12151 rows and 6319 columns
Presolve time: 0.25s
Presolved: 18163 rows, 13337 columns, 69144 nonzeros
Variable types: 9155 continuous, 4182 integer (4182 binary)

Root relaxation: objective 2.080449e+06, 9320 iterations, 0.27 seconds (0.35 work units)

    Nodes    |    Current Node    |     Objective Bounds      |     Work
 Expl Unexpl |  Obj  Depth IntInf | Incumbent    BestBd   Gap | It/Node Time

     0     0 2080449.49    0  460          - 2080449.49      -     -    0s
H    0     0                    1.237480e+15 2080449.49   100%     -    0s
H    0     0                    2457415.5537 2080449.49  15.3%     -    0s
     0     0 2087878.89    0  428 2457415.55 2087878.89  15.0%     -    1s
     0     0 2087891.71    0  431 2457415.55 2087891.71  15.0%     -    1s
     0     0 2087891.71    0  416 2457415.55 2087891.71  15.0%     -    1s
H    0     0                    2268043.2200 2090982.82  7.81%     -    1s
     0     0 2090982.82    0  265 2268043.22 2090982.82  7.81%     -    1s
     0     0 2091102.97    0  282 2268043.22 2091102.97  7.80%     -    1s
     0     0 2091102.97    0  274 2268043.22 2091102.97  7.80%     -    1s
     0     0 2091102.97    0  277 2268043.22 2091102.97  7.80%     -    1s
H    0     0                    2267467.9546 2091102.97  7.78%     -    1s
H    0     0                    2171542.5497 2091102.97  3.70%     -    1s
H    0     0                    2170789.2491 2091102.97  3.67%     -    1s
H    0     0                    2161180.1172 2091102.97  3.24%     -    1s
H    0     0                    2130808.7727 2091102.97  1.86%     -    1s
     0     0 2091514.14    0  280 2130808.77 2091514.14  1.84%     -    2s
     0     0 2091529.04    0  251 2130808.77 2091529.04  1.84%     -    2s
     0     0 2091567.29    0  285 2130808.77 2091567.29  1.84%     -    2s
     0     0 2091567.29    0  285 2130808.77 2091567.29  1.84%     -    2s
H    0     0                    2130281.5787 2091567.29  1.82%     -    2s
     0     0 2091824.15    0  214 2130281.58 2091824.15  1.81%     -    2s
H    0     0                    2129510.5848 2091829.47  1.77%     -    2s
     0     0 2091867.75    0  220 2129510.58 2091867.75  1.77%     -    2s
     0     0 2091879.40    0  259 2129510.58 2091879.40  1.77%     -    2s
     0     0 2091879.76    0  272 2129510.58 2091879.76  1.77%     -    2s
H    0     0                    2128532.8720 2091907.35  1.72%     -    2s
     0     0 2091907.35    0  244 2128532.87 2091907.35  1.72%     -    2s
     0     0 2091908.07    0  251 2128532.87 2091908.07  1.72%     -    2s
H    0     0                    2126346.1075 2091908.07  1.62%     -    2s
     0     0 2091952.83    0  307 2126346.11 2091952.83  1.62%     -    2s
H    0     0                    2125617.9272 2091953.09  1.58%     -    2s
H    0     0                    2124668.0266 2091953.09  1.54%     -    3s
     0     0 2091954.55    0  275 2124668.03 2091954.55  1.54%     -    3s
     0     0 2091967.47    0  302 2124668.03 2091967.47  1.54%     -    3s
H    0     0                    2124051.3110 2091969.76  1.51%     -    3s
H    0     0                    2123849.9240 2091969.76  1.50%     -    3s
H    0     0                    2123070.7240 2091969.76  1.46%     -    3s
     0     0 2091969.76    0  311 2123070.72 2091969.76  1.46%     -    3s

Cutting planes:
  Gomory: 32
  Cover: 8
  Implied bound: 302
  MIR: 119
  Flow cover: 105
  RLT: 96
  Relax-and-lift: 90
  BQP: 8

Explored 1 nodes (13434 simplex iterations) in 3.21 seconds (4.16 work units)
Thread count was 24 (of 24 available processors)

Solution count 10: 2.12307e+06 2.12307e+06 2.12385e+06 ... 2.13028e+06

Optimal solution found (tolerance 1.50e-02)
Best objective 2.123070723988e+06, best bound 2.091969763272e+06, gap 1.4649%

User-callback calls 705, time in user-callback 0.00 sec
Step-5: Gurobi solver finished
+++++++++++++++++++++++++++++++++++++++++++++++++++++++++++++++++++++++++++++++++++++++++++

assert_is_solved_and_feasible(scuc) = nothing
solution_summary(scuc) = solution_summary(; result = 1, verbose = false)
├ solver_name          : Gurobi
├ Termination
│ ├ termination_status : OPTIMAL
│ ├ result_count       : 10
│ ├ raw_status         : Model was solved to optimality (subject to tolerances), and an optimal solution is available.
│ └ objective_bound    : 2.09197e+06
├ Solution (result = 1)
│ ├ primal_status        : FEASIBLE_POINT
│ ├ dual_status          : NO_SOLUTION
│ ├ objective_value      : 2.12307e+06
│ └ relative_gap         : 1.46490e-02
└ Work counters
  ├ solve_time (sec)   : 3.20700e+00
  ├ simplex_iterations : 13434
  ├ barrier_iterations : 0
  └ node_count         : 1


Termination Status: OPTIMAL
Acceptable solution found (Status: OPTIMAL).
Step-6: record datas
PART1: [unit-commitment] calculation result has been saved to: D:/GithubClonefiles/module_unitcommitment/output/details_schedule_results/pcm_simulation_results/intervels_[1]/res_schedule_commitment_result.txt
PART1: [unit-commitment] calculation result has been saved to: D:/GithubClonefiles/module_unitcommitment/output/details_schedule_results/pcm_simulation_results/intervels_[1]/res_schedule_commitment_result.txt
Step-3: Creating dispatching model (Refactored & Modularized)
Set parameter Username
Set parameter LicenseID to value 2826524
Academic license - for non-commercial use only - expires 2027-05-22
Set parameter MIPGap to value 0.015
	 Variables defined.
DEBUG set_objective_economic!: NT=31, NG=54, ND=91, NW=2, NS=1, K=3, size(refcost)=(54,), size(eachslope)=(3, 54)
objective_function
	MILP economic objective set
subject to.
	 constraints: 1) minimum shutup/shutdown time limits			 done
	 constraints: 2) binary variable logic					 done
	 constraints: 3) shutup/shutdown cost					 done
	 constraints: 4) loadcurtailments and spoliedwinds			 done
	 constraints: 5) generatos power limits					 done
	 constraints: 6) system reserves limits					 done
	 constraints: 7) power balance constraints				 done
	 constraints: 8) ramp-up/ramp-down constraints				 done
	 constraints: 9) piece linearization constraints			 done
	 constraints: 10) transmissionline limits skipped (is_NetWorkCon != 1 or Gsdf missing or NL=0)
	 constraints: 11) stroges system constraints skipped (is_ConsiderBESS=0)
	 constraints: 12) data centra constraints skipped (is_ConsiderDataCentra != 1)
	 constraints: 13) frequency control constraints skipped (is_ConsiderFrequencyControl != 1)
	 constraints: 14) hydro power limits					 done
+++++++++++++++++++++++++++++++++++++++++++++++++++++++++++++++++++++++++++++++++++++++++++
Step-4: starting Gurobi solver
Set parameter MIPGap to value 0.015
Gurobi Optimizer version 13.0.2 build v13.0.2rc1 (win64 - Windows 11+.0 (29639.2))

CPU model: 13th Gen Intel(R) Core(TM) i7-13700F, instruction set [SSE2|AVX|AVX2]
Thread count: 16 physical cores, 24 logical processors, using up to 24 threads

Non-default parameters:
MIPGap  0.015

Optimize a model with 33609 rows, 21762 columns and 181517 nonzeros (Min)
Model fingerprint: 0xd0fe37c5
Model has 16275 linear objective coefficients
Variable types: 16616 continuous, 5146 integer (5146 binary)
Coefficient statistics:
  Matrix range     [3e-02, 4e+02]
  Objective range  [1e+00, 1e+15]
  Bounds range     [0e+00, 0e+00]
  RHS range        [7e-03, 4e+02]
Warning: Model contains large objective coefficients
         Consider reformulating model or setting NumericFocus parameter
         to avoid numerical issues.

Presolve removed 13410 rows and 6961 columns
Presolve time: 0.35s
Presolved: 20199 rows, 14801 columns, 90978 nonzeros
Variable types: 10136 continuous, 4665 integer (4665 binary)

Root relaxation: objective 2.619388e+06, 11341 iterations, 0.24 seconds (0.34 work units)

    Nodes    |    Current Node    |     Objective Bounds      |     Work
 Expl Unexpl |  Obj  Depth IntInf | Incumbent    BestBd   Gap | It/Node Time

     0     0 2619388.34    0  199          - 2619388.34      -     -    0s
H    0     0                    9.134146e+15 2619388.34   100%     -    0s
H    0     0                    1.798323e+15 2619388.34   100%     -    0s
     0     0 2620442.96    0  237 1.7983e+15 2620442.96   100%     -    1s
     0     0 2620451.21    0  253 1.7983e+15 2620451.21   100%     -    1s
     0     0 2620452.14    0  250 1.7983e+15 2620452.14   100%     -    1s
     0     0 2620452.30    0  257 1.7983e+15 2620452.30   100%     -    1s
H    0     0                    1.074984e+14 2620452.30   100%     -    1s
H    0     0                    2653558.9087 2620452.30  1.25%     -    1s

Cutting planes:
  Gomory: 53
  Implied bound: 29
  MIR: 103
  Flow cover: 62
  RLT: 1
  Relax-and-lift: 13

Explored 1 nodes (12059 simplex iterations) in 1.41 seconds (2.09 work units)
Thread count was 24 (of 24 available processors)

Solution count 4: 2.65356e+06 1.07498e+14 1.79832e+15 9.13415e+15 

Optimal solution found (tolerance 1.50e-02)
Best objective 2.653558908720e+06, best bound 2.620452298082e+06, gap 1.2476%

User-callback calls 398, time in user-callback 0.00 sec
Step-5: Gurobi solver finished
+++++++++++++++++++++++++++++++++++++++++++++++++++++++++++++++++++++++++++++++++++++++++++

assert_is_solved_and_feasible(scuc) = nothing
solution_summary(scuc) = solution_summary(; result = 1, verbose = false)
├ solver_name          : Gurobi
├ Termination
│ ├ termination_status : OPTIMAL
│ ├ result_count       : 4
│ ├ raw_status         : Model was solved to optimality (subject to tolerances), and an optimal solution is available.
│ └ objective_bound    : 2.62045e+06
├ Solution (result = 1)
│ ├ primal_status        : FEASIBLE_POINT
│ ├ dual_status          : NO_SOLUTION
│ ├ objective_value      : 2.65356e+06
│ └ relative_gap         : 1.24763e-02
└ Work counters
  ├ solve_time (sec)   : 1.41200e+00
  ├ simplex_iterations : 12059
  ├ barrier_iterations : 0
  └ node_count         : 1


Termination Status: OPTIMAL
Acceptable solution found (Status: OPTIMAL).
Step-6: record datas
PART1: [unit-commitment] calculation result has been saved to: D:/GithubClonefiles/module_unitcommitment/output/details_schedule_results/pcm_simulation_results/intervels_[2]/res_schedule_commitment_result.txt
PART1: [unit-commitment] calculation result has been saved to: D:/GithubClonefiles/module_unitcommitment/output/details_schedule_results/pcm_simulation_results/intervels_[2]/res_schedule_commitment_result.txt
Step-3: Creating dispatching model (Refactored & Modularized)
Set parameter Username
Set parameter LicenseID to value 2826524
Academic license - for non-commercial use only - expires 2027-05-22
Set parameter MIPGap to value 0.015
	 Variables defined.
DEBUG set_objective_economic!: NT=32, NG=54, ND=91, NW=2, NS=1, K=3, size(refcost)=(54,), size(eachslope)=(3, 54)
objective_function
	MILP economic objective set
subject to.
	 constraints: 1) minimum shutup/shutdown time limits			 done
	 constraints: 2) binary variable logic					 done
	 constraints: 3) shutup/shutdown cost					 done
	 constraints: 4) loadcurtailments and spoliedwinds			 done
	 constraints: 5) generatos power limits					 done
	 constraints: 6) system reserves limits					 done
	 constraints: 7) power balance constraints				 done
	 constraints: 8) ramp-up/ramp-down constraints				 done
	 constraints: 9) piece linearization constraints			 done
	 constraints: 10) transmissionline limits skipped (is_NetWorkCon != 1 or Gsdf missing or NL=0)
	 constraints: 11) stroges system constraints skipped (is_ConsiderBESS=0)
	 constraints: 12) data centra constraints skipped (is_ConsiderDataCentra != 1)
	 constraints: 13) frequency control constraints skipped (is_ConsiderFrequencyControl != 1)
	 constraints: 14) hydro power limits					 done
+++++++++++++++++++++++++++++++++++++++++++++++++++++++++++++++++++++++++++++++++++++++++++
Step-4: starting Gurobi solver
Set parameter MIPGap to value 0.015
Gurobi Optimizer version 13.0.2 build v13.0.2rc1 (win64 - Windows 11+.0 (29639.2))

CPU model: 13th Gen Intel(R) Core(TM) i7-13700F, instruction set [SSE2|AVX|AVX2]
Thread count: 16 physical cores, 24 logical processors, using up to 24 threads

Non-default parameters:
MIPGap  0.015

Optimize a model with 34713 rows, 22464 columns and 187484 nonzeros (Min)
Model fingerprint: 0x20ce48f7
Model has 16800 linear objective coefficients
Variable types: 17152 continuous, 5312 integer (5312 binary)
Coefficient statistics:
  Matrix range     [3e-02, 4e+02]
  Objective range  [1e+00, 1e+15]
  Bounds range     [0e+00, 0e+00]
  RHS range        [7e-03, 4e+02]
Warning: Model contains large objective coefficients
         Consider reformulating model or setting NumericFocus parameter
         to avoid numerical issues.

Presolve removed 13842 rows and 7183 columns
Presolve time: 0.40s
Presolved: 20871 rows, 15281 columns, 93691 nonzeros
Variable types: 10463 continuous, 4818 integer (4818 binary)

Root relaxation: objective 1.913134e+06, 9718 iterations, 0.27 seconds (0.39 work units)

    Nodes    |    Current Node    |     Objective Bounds      |     Work
 Expl Unexpl |  Obj  Depth IntInf | Incumbent    BestBd   Gap | It/Node Time

     0     0 1913133.70    0  230          - 1913133.70      -     -    0s
H    0     0                    2.725437e+15 1913133.70   100%     -    0s
H    0     0                    1.994498e+15 1913133.70   100%     -    1s
H    0     0                    5.246828e+13 1913133.70   100%     -    1s
H    0     0                    2119286.3610 1913315.55  9.72%     -    1s
     0     0 1914154.67    0  209 2119286.36 1914154.67  9.68%     -    1s
     0     0 1914201.09    0  205 2119286.36 1914201.09  9.68%     -    1s
     0     0 1914201.50    0  205 2119286.36 1914201.50  9.68%     -    1s
     0     0 1914797.34    0  197 2119286.36 1914797.34  9.65%     -    1s
     0     0 1914820.86    0  207 2119286.36 1914820.86  9.65%     -    1s
     0     0 1914838.23    0  219 2119286.36 1914838.23  9.65%     -    1s
     0     0 1914838.60    0  203 2119286.36 1914838.60  9.65%     -    1s
     0     0 1914838.60    0  203 2119286.36 1914838.60  9.65%     -    1s
H    0     0                    1960606.4175 1914838.60  2.33%     -    2s
H    0     0                    1959843.7859 1914838.60  2.30%     -    2s
H    0     0                    1959797.9957 1914838.60  2.29%     -    2s
H    0     0                    1941609.1510 1915292.26  1.36%     -    2s
H    0     0                    1940892.6014 1915292.26  1.32%     -    2s
     0     0 1915292.26    0  336 1940892.60 1915292.26  1.32%     -    2s

Cutting planes:
  Gomory: 33
  Cover: 6
  Implied bound: 66
  MIR: 122
  Flow cover: 57
  Network: 2
  Relax-and-lift: 12

Explored 1 nodes (11970 simplex iterations) in 2.35 seconds (3.13 work units)
Thread count was 24 (of 24 available processors)

Solution count 9: 1.94089e+06 1.94161e+06 1.9598e+06 ... 2.72544e+15

Optimal solution found (tolerance 1.50e-02)
Best objective 1.940892601373e+06, best bound 1.915292257270e+06, gap 1.3190%

User-callback calls 528, time in user-callback 0.00 sec
Step-5: Gurobi solver finished
+++++++++++++++++++++++++++++++++++++++++++++++++++++++++++++++++++++++++++++++++++++++++++

assert_is_solved_and_feasible(scuc) = nothing
solution_summary(scuc) = solution_summary(; result = 1, verbose = false)
├ solver_name          : Gurobi
├ Termination
│ ├ termination_status : OPTIMAL
│ ├ result_count       : 9
│ ├ raw_status         : Model was solved to optimality (subject to tolerances), and an optimal solution is available.
│ └ objective_bound    : 1.91529e+06
├ Solution (result = 1)
│ ├ primal_status        : FEASIBLE_POINT
│ ├ dual_status          : NO_SOLUTION
│ ├ objective_value      : 1.94089e+06
│ └ relative_gap         : 1.31900e-02
└ Work counters
  ├ solve_time (sec)   : 2.35300e+00
  ├ simplex_iterations : 11970
  ├ barrier_iterations : 0
  └ node_count         : 1


Termination Status: OPTIMAL
Acceptable solution found (Status: OPTIMAL).
Step-6: record datas
PART1: [unit-commitment] calculation result has been saved to: D:/GithubClonefiles/module_unitcommitment/output/details_schedule_results/pcm_simulation_results/intervels_[3]/res_schedule_commitment_result.txt
PART1: [unit-commitment] calculation result has been saved to: D:/GithubClonefiles/module_unitcommitment/output/details_schedule_results/pcm_simulation_results/intervels_[3]/res_schedule_commitment_result.txt
Step-3: Creating dispatching model (Refactored & Modularized)
Set parameter Username
Set parameter LicenseID to value 2826524
Academic license - for non-commercial use only - expires 2027-05-22
Set parameter MIPGap to value 0.015
	 Variables defined.
DEBUG set_objective_economic!: NT=27, NG=54, ND=91, NW=2, NS=1, K=3, size(refcost)=(54,), size(eachslope)=(3, 54)
objective_function
	MILP economic objective set
subject to.
	 constraints: 1) minimum shutup/shutdown time limits			 done
	 constraints: 2) binary variable logic					 done
	 constraints: 3) shutup/shutdown cost					 done
	 constraints: 4) loadcurtailments and spoliedwinds			 done
	 constraints: 5) generatos power limits					 done
	 constraints: 6) system reserves limits					 done
	 constraints: 7) power balance constraints				 done
	 constraints: 8) ramp-up/ramp-down constraints				 done
	 constraints: 9) piece linearization constraints			 done
	 constraints: 10) transmissionline limits skipped (is_NetWorkCon != 1 or Gsdf missing or NL=0)
	 constraints: 11) stroges system constraints skipped (is_ConsiderBESS=0)
	 constraints: 12) data centra constraints skipped (is_ConsiderDataCentra != 1)
	 constraints: 13) frequency control constraints skipped (is_ConsiderFrequencyControl != 1)
	 constraints: 14) hydro power limits					 done
+++++++++++++++++++++++++++++++++++++++++++++++++++++++++++++++++++++++++++++++++++++++++++
Step-4: starting Gurobi solver
Set parameter MIPGap to value 0.015
Gurobi Optimizer version 13.0.2 build v13.0.2rc1 (win64 - Windows 11+.0 (29639.2))

CPU model: 13th Gen Intel(R) Core(TM) i7-13700F, instruction set [SSE2|AVX|AVX2]
Thread count: 16 physical cores, 24 logical processors, using up to 24 threads

Non-default parameters:
MIPGap  0.015

Optimize a model with 29227 rows, 18954 columns and 157656 nonzeros (Min)
Model fingerprint: 0x2122f42f
Model has 14175 linear objective coefficients
Variable types: 14472 continuous, 4482 integer (4482 binary)
Coefficient statistics:
  Matrix range     [3e-02, 4e+02]
  Objective range  [1e+00, 1e+15]
  Bounds range     [0e+00, 0e+00]
  RHS range        [8e-03, 4e+02]
Warning: Model contains large objective coefficients
         Consider reformulating model or setting NumericFocus parameter
         to avoid numerical issues.

Presolve removed 11733 rows and 6108 columns
Presolve time: 0.25s
Presolved: 17494 rows, 12846 columns, 66473 nonzeros
Variable types: 8826 continuous, 4020 integer (4020 binary)
Found heuristic solution: objective 3.394514e+16

Root relaxation: objective 3.648645e+15, 10492 iterations, 0.19 seconds (0.31 work units)

    Nodes    |    Current Node    |     Objective Bounds      |     Work
 Expl Unexpl |  Obj  Depth IntInf | Incumbent    BestBd   Gap | It/Node Time

     0     0 3.6486e+15    0  423 3.3945e+16 3.6486e+15  89.3%     -    0s
H    0     0                    1.034520e+16 3.6486e+15  64.7%     -    0s
     0     0 3.6486e+15    0  250 1.0345e+16 3.6486e+15  64.7%     -    0s
     0     0 3.6486e+15    0  236 1.0345e+16 3.6486e+15  64.7%     -    1s
     0     0 3.6486e+15    0  178 1.0345e+16 3.6486e+15  64.7%     -    1s
     0     0 3.6486e+15    0  178 1.0345e+16 3.6486e+15  64.7%     -    1s
     0     0 3.6486e+15    0  163 1.0345e+16 3.6486e+15  64.7%     -    1s
     0     0 3.6486e+15    0  130 1.0345e+16 3.6486e+15  64.7%     -    1s
     0     0 3.6486e+15    0  130 1.0345e+16 3.6486e+15  64.7%     -    1s
H    0     0                    5.845796e+15 3.6486e+15  37.6%     -    1s
     0     0 3.6486e+15    0  123 5.8458e+15 3.6486e+15  37.6%     -    1s
H    0     0                    4.846874e+15 3.6486e+15  24.7%     -    1s
H    0     0                    4.397055e+15 3.6486e+15  17.0%     -    1s
     0     0 3.6486e+15    0  125 4.3971e+15 3.6486e+15  17.0%     -    1s
     0     0 3.6486e+15    0  125 4.3971e+15 3.6486e+15  17.0%     -    1s
     0     0 3.6486e+15    0  125 4.3971e+15 3.6486e+15  17.0%     -    2s
H    0     0                    3.844586e+15 3.6486e+15  5.10%     -    2s
     0     0 3.6486e+15    0  106 3.8446e+15 3.6486e+15  5.10%     -    2s
     0     0 3.6486e+15    0  138 3.8446e+15 3.6486e+15  5.10%     -    2s
     0     0 3.6486e+15    0  138 3.8446e+15 3.6486e+15  5.10%     -    2s
     0     0 3.6486e+15    0  113 3.8446e+15 3.6486e+15  5.10%     -    2s
     0     0 3.6486e+15    0  103 3.8446e+15 3.6486e+15  5.10%     -    2s
     0     0 3.6486e+15    0   99 3.8446e+15 3.6486e+15  5.10%     -    2s
H    0     0                    3.794586e+15 3.6486e+15  3.85%     -    2s
H    0     0                    3.704698e+15 3.6486e+15  1.51%     -    2s
     0     0 3.6486e+15    0  103 3.7047e+15 3.6486e+15  1.51%     -    2s
     0     0 3.6486e+15    0  123 3.7047e+15 3.6486e+15  1.51%     -    2s
     0     0 3.6486e+15    0  123 3.7047e+15 3.6486e+15  1.51%     -    2s
     0     0 3.6486e+15    0  123 3.7047e+15 3.6486e+15  1.51%     -    2s
     0     0 3.6486e+15    0  123 3.7047e+15 3.6486e+15  1.51%     -    2s
     0     2 3.6486e+15    0  128 3.7047e+15 3.6486e+15  1.51%     -    3s
H    1     2                    3.681944e+15 3.6486e+15  0.90%  2448    3s

Cutting planes:
  Gomory: 18
  Cover: 1
  Implied bound: 447
  MIR: 119
  StrongCG: 1
  Flow cover: 104
  RLT: 100
  Relax-and-lift: 164
  BQP: 6
  PSD: 5

Explored 1 nodes (19564 simplex iterations) in 3.57 seconds (4.82 work units)
Thread count was 24 (of 24 available processors)

Solution count 9: 3.68194e+15 3.7047e+15 3.79459e+15 ... 3.39451e+16

Optimal solution found (tolerance 1.50e-02)
Best objective 3.681943794462e+15, best bound 3.648645367971e+15, gap 0.9044%

User-callback calls 773, time in user-callback 0.00 sec
Step-5: Gurobi solver finished
+++++++++++++++++++++++++++++++++++++++++++++++++++++++++++++++++++++++++++++++++++++++++++

assert_is_solved_and_feasible(scuc) = nothing
solution_summary(scuc) = solution_summary(; result = 1, verbose = false)
├ solver_name          : Gurobi
├ Termination
│ ├ termination_status : OPTIMAL
│ ├ result_count       : 9
│ ├ raw_status         : Model was solved to optimality (subject to tolerances), and an optimal solution is available.
│ └ objective_bound    : 3.64865e+15
├ Solution (result = 1)
│ ├ primal_status        : FEASIBLE_POINT
│ ├ dual_status          : NO_SOLUTION
│ ├ objective_value      : 3.68194e+15
│ └ relative_gap         : 9.04371e-03
└ Work counters
  ├ solve_time (sec)   : 3.57100e+00
  ├ simplex_iterations : 19564
  ├ barrier_iterations : 0
  └ node_count         : 1


Termination Status: OPTIMAL
Acceptable solution found (Status: OPTIMAL).
Step-6: record datas
PART1: [unit-commitment] calculation result has been saved to: D:/GithubClonefiles/module_unitcommitment/output/details_schedule_results/pcm_simulation_results/intervels_[4]/res_schedule_commitment_result.txt
PART1: [unit-commitment] calculation result has been saved to: D:/GithubClonefiles/module_unitcommitment/output/details_schedule_results/pcm_simulation_results/intervels_[4]/res_schedule_commitment_result.txt
Step-3: Creating dispatching model (Refactored & Modularized)
Set parameter Username
Set parameter LicenseID to value 2826524
Academic license - for non-commercial use only - expires 2027-05-22
Set parameter MIPGap to value 0.015
	 Variables defined.
DEBUG set_objective_economic!: NT=31, NG=54, ND=91, NW=2, NS=1, K=3, size(refcost)=(54,), size(eachslope)=(3, 54)
objective_function
	MILP economic objective set
subject to.
	 constraints: 1) minimum shutup/shutdown time limits			 done
	 constraints: 2) binary variable logic					 done
	 constraints: 3) shutup/shutdown cost					 done
	 constraints: 4) loadcurtailments and spoliedwinds			 done
	 constraints: 5) generatos power limits					 done
	 constraints: 6) system reserves limits					 done
	 constraints: 7) power balance constraints				 done
	 constraints: 8) ramp-up/ramp-down constraints				 done
	 constraints: 9) piece linearization constraints			 done
	 constraints: 10) transmissionline limits skipped (is_NetWorkCon != 1 or Gsdf missing or NL=0)
	 constraints: 11) stroges system constraints skipped (is_ConsiderBESS=0)
	 constraints: 12) data centra constraints skipped (is_ConsiderDataCentra != 1)
	 constraints: 13) frequency control constraints skipped (is_ConsiderFrequencyControl != 1)
	 constraints: 14) hydro power limits					 done
+++++++++++++++++++++++++++++++++++++++++++++++++++++++++++++++++++++++++++++++++++++++++++
Step-4: starting Gurobi solver
Set parameter MIPGap to value 0.015
Gurobi Optimizer version 13.0.2 build v13.0.2rc1 (win64 - Windows 11+.0 (29639.2))

CPU model: 13th Gen Intel(R) Core(TM) i7-13700F, instruction set [SSE2|AVX|AVX2]
Thread count: 16 physical cores, 24 logical processors, using up to 24 threads

Non-default parameters:
MIPGap  0.015

Optimize a model with 33606 rows, 21762 columns and 181466 nonzeros (Min)
Model fingerprint: 0x83dae15f
Model has 16275 linear objective coefficients
Variable types: 16616 continuous, 5146 integer (5146 binary)
Coefficient statistics:
  Matrix range     [3e-02, 4e+02]
  Objective range  [1e+00, 1e+15]
  Bounds range     [0e+00, 0e+00]
  RHS range        [8e-03, 4e+02]
Warning: Model contains large objective coefficients
         Consider reformulating model or setting NumericFocus parameter
         to avoid numerical issues.

Presolve removed 13451 rows and 6991 columns
Presolve time: 0.28s
Presolved: 20155 rows, 14771 columns, 76416 nonzeros
Variable types: 10136 continuous, 4635 integer (4635 binary)

Root relaxation: objective 2.077482e+06, 10407 iterations, 0.39 seconds (0.58 work units)

    Nodes    |    Current Node    |     Objective Bounds      |     Work
 Expl Unexpl |  Obj  Depth IntInf | Incumbent    BestBd   Gap | It/Node Time

     0     0 2077481.61    0  404          - 2077481.61      -     -    0s
H    0     0                    1.256281e+15 2077481.61   100%     -    1s
H    0     0                    8.900732e+14 2077481.61   100%     -    1s
H    0     0                    4.162809e+14 2077481.61   100%     -    1s
     0     0 2080913.24    0  384 4.1628e+14 2080913.24   100%     -    1s
     0     0 2081095.94    0  384 4.1628e+14 2081095.94   100%     -    1s
     0     0 2083916.43    0  361 4.1628e+14 2083916.43   100%     -    2s
     0     0 2083995.05    0  343 4.1628e+14 2083995.05   100%     -    2s
     0     0 2083997.13    0  330 4.1628e+14 2083997.13   100%     -    2s
     0     0 2083997.24    0  367 4.1628e+14 2083997.24   100%     -    2s
H    0     0                    2240004.2673 2083997.24  6.96%     -    2s
H    0     0                    2239984.2673 2083997.24  6.96%     -    2s
H    0     0                    2239479.5377 2083997.24  6.94%     -    2s
     0     0 2087866.79    0  338 2239479.54 2087866.79  6.77%     -    2s
H    0     0                    2165464.1535 2087866.79  3.58%     -    2s
H    0     0                    2163675.1869 2087866.79  3.50%     -    2s
H    0     0                    2163675.1851 2087866.79  3.50%     -    2s
     0     0 2087866.79    0  299 2163675.19 2087866.79  3.50%     -    2s
H    0     0                    2163574.3681 2087866.79  3.50%     -    2s
     0     0 2087866.79    0  341 2163574.37 2087866.79  3.50%     -    2s
H    0     0                    2163573.9382 2087866.79  3.50%     -    2s
H    0     0                    2163556.7919 2087866.79  3.50%     -    2s
     0     0 2087866.79    0  344 2163556.79 2087866.79  3.50%     -    2s
     0     0 2087866.79    0  342 2163556.79 2087866.79  3.50%     -    2s
     0     0 2088007.38    0  319 2163556.79 2088007.38  3.49%     -    3s
     0     0 2088018.66    0  344 2163556.79 2088018.66  3.49%     -    3s
     0     0 2088018.66    0  341 2163556.79 2088018.66  3.49%     -    3s
     0     0 2088018.66    0  416 2163556.79 2088018.66  3.49%     -    3s
     0     0 2088018.66    0  398 2163556.79 2088018.66  3.49%     -    3s
     0     0 2088018.66    0  410 2163556.79 2088018.66  3.49%     -    3s
     0     0 2088044.06    0  338 2163556.79 2088044.06  3.49%     -    4s
     0     0 2088063.46    0  352 2163556.79 2088063.46  3.49%     -    4s
     0     0 2088103.50    0  327 2163556.79 2088103.50  3.49%     -    4s
     0     0 2088109.40    0  299 2163556.79 2088109.40  3.49%     -    4s
     0     0 2088111.60    0  330 2163556.79 2088111.60  3.49%     -    4s
     0     0 2088112.89    0  375 2163556.79 2088112.89  3.49%     -    4s
H    0     0                    2140619.7479 2088112.89  2.45%     -    4s
     0     0 2088162.15    0  350 2140619.75 2088162.15  2.45%     -    4s
H    0     0                    2114597.3686 2088162.56  1.25%     -    4s

Cutting planes:
  Gomory: 11
  Cover: 1
  Implied bound: 290
  MIR: 179
  Flow cover: 151
  RLT: 89
  Relax-and-lift: 104
  BQP: 4

Explored 1 nodes (17255 simplex iterations) in 4.96 seconds (6.44 work units)
Thread count was 24 (of 24 available processors)

Solution count 10: 2.1146e+06 2.14062e+06 2.16356e+06 ... 4.16281e+14

Optimal solution found (tolerance 1.50e-02)
Best objective 2.114597368584e+06, best bound 2.088162555495e+06, gap 1.2501%

User-callback calls 754, time in user-callback 0.00 sec
Step-5: Gurobi solver finished
+++++++++++++++++++++++++++++++++++++++++++++++++++++++++++++++++++++++++++++++++++++++++++

assert_is_solved_and_feasible(scuc) = nothing
solution_summary(scuc) = solution_summary(; result = 1, verbose = false)
├ solver_name          : Gurobi
├ Termination
│ ├ termination_status : OPTIMAL
│ ├ result_count       : 10
│ ├ raw_status         : Model was solved to optimality (subject to tolerances), and an optimal solution is available.
│ └ objective_bound    : 2.08816e+06
├ Solution (result = 1)
│ ├ primal_status        : FEASIBLE_POINT
│ ├ dual_status          : NO_SOLUTION
│ ├ objective_value      : 2.11460e+06
│ └ relative_gap         : 1.25011e-02
└ Work counters
  ├ solve_time (sec)   : 5.08700e+00
  ├ simplex_iterations : 17255
  ├ barrier_iterations : 0
  └ node_count         : 1


Termination Status: OPTIMAL
Acceptable solution found (Status: OPTIMAL).
Step-6: record datas
PART1: [unit-commitment] calculation result has been saved to: D:/GithubClonefiles/module_unitcommitment/output/details_schedule_results/pcm_simulation_results/intervels_[5]/res_schedule_commitment_result.txt
PART1: [unit-commitment] calculation result has been saved to: D:/GithubClonefiles/module_unitcommitment/output/details_schedule_results/pcm_simulation_results/intervels_[5]/res_schedule_commitment_result.txt
Step-3: Creating dispatching model (Refactored & Modularized)
Set parameter Username
Set parameter LicenseID to value 2826524
Academic license - for non-commercial use only - expires 2027-05-22
Set parameter MIPGap to value 0.015
	 Variables defined.
DEBUG set_objective_economic!: NT=31, NG=54, ND=91, NW=2, NS=1, K=3, size(refcost)=(54,), size(eachslope)=(3, 54)
objective_function
	MILP economic objective set
subject to.
	 constraints: 1) minimum shutup/shutdown time limits			 done
	 constraints: 2) binary variable logic					 done
	 constraints: 3) shutup/shutdown cost					 done
	 constraints: 4) loadcurtailments and spoliedwinds			 done
	 constraints: 5) generatos power limits					 done
	 constraints: 6) system reserves limits					 done
	 constraints: 7) power balance constraints				 done
	 constraints: 8) ramp-up/ramp-down constraints				 done
	 constraints: 9) piece linearization constraints			 done
	 constraints: 10) transmissionline limits skipped (is_NetWorkCon != 1 or Gsdf missing or NL=0)
	 constraints: 11) stroges system constraints skipped (is_ConsiderBESS=0)
	 constraints: 12) data centra constraints skipped (is_ConsiderDataCentra != 1)
	 constraints: 13) frequency control constraints skipped (is_ConsiderFrequencyControl != 1)
	 constraints: 14) hydro power limits					 done
+++++++++++++++++++++++++++++++++++++++++++++++++++++++++++++++++++++++++++++++++++++++++++
Step-4: starting Gurobi solver
Set parameter MIPGap to value 0.015
Gurobi Optimizer version 13.0.2 build v13.0.2rc1 (win64 - Windows 11+.0 (29639.2))

CPU model: 13th Gen Intel(R) Core(TM) i7-13700F, instruction set [SSE2|AVX|AVX2]
Thread count: 16 physical cores, 24 logical processors, using up to 24 threads

Non-default parameters:
MIPGap  0.015

Optimize a model with 33599 rows, 21762 columns and 181459 nonzeros (Min)
Model fingerprint: 0x938cd29d
Model has 16275 linear objective coefficients
Variable types: 16616 continuous, 5146 integer (5146 binary)
Coefficient statistics:
  Matrix range     [3e-02, 4e+02]
  Objective range  [1e+00, 1e+15]
  Bounds range     [0e+00, 0e+00]
  RHS range        [7e-03, 4e+02]
Warning: Model contains large objective coefficients
         Consider reformulating model or setting NumericFocus parameter
         to avoid numerical issues.

Presolve removed 13411 rows and 6973 columns
Presolve time: 0.35s
Presolved: 20188 rows, 14789 columns, 91069 nonzeros
Variable types: 10124 continuous, 4665 integer (4665 binary)

Root relaxation: objective 3.688152e+16, 11992 iterations, 0.24 seconds (0.38 work units)

    Nodes    |    Current Node    |     Objective Bounds      |     Work
 Expl Unexpl |  Obj  Depth IntInf | Incumbent    BestBd   Gap | It/Node Time

     0     0 3.6882e+16    0  164          - 3.6882e+16      -     -    0s
H    0     0                    3.688152e+16 3.6882e+16  0.00%     -    1s

Explored 1 nodes (12003 simplex iterations) in 1.10 seconds (2.09 work units)
Thread count was 24 (of 24 available processors)

Solution count 1: 3.68815e+16 

Optimal solution found (tolerance 1.50e-02)
Best objective 3.688152224746e+16, best bound 3.688152224746e+16, gap 0.0000%

User-callback calls 385, time in user-callback 0.00 sec
Step-5: Gurobi solver finished
+++++++++++++++++++++++++++++++++++++++++++++++++++++++++++++++++++++++++++++++++++++++++++

assert_is_solved_and_feasible(scuc) = nothing
solution_summary(scuc) = solution_summary(; result = 1, verbose = false)
├ solver_name          : Gurobi
├ Termination
│ ├ termination_status : OPTIMAL
│ ├ result_count       : 1
│ ├ raw_status         : Model was solved to optimality (subject to tolerances), and an optimal solution is available.
│ └ objective_bound    : 3.68815e+16
├ Solution (result = 1)
│ ├ primal_status        : FEASIBLE_POINT
│ ├ dual_status          : NO_SOLUTION
│ ├ objective_value      : 3.68815e+16
│ └ relative_gap         : 0.00000e+00
└ Work counters
  ├ solve_time (sec)   : 1.09600e+00
  ├ simplex_iterations : 12003
  ├ barrier_iterations : 0
  └ node_count         : 1


Termination Status: OPTIMAL
Acceptable solution found (Status: OPTIMAL).
Step-6: record datas
PART1: [unit-commitment] calculation result has been saved to: D:/GithubClonefiles/module_unitcommitment/output/details_schedule_results/pcm_simulation_results/intervels_[6]/res_schedule_commitment_result.txt
PART1: [unit-commitment] calculation result has been saved to: D:/GithubClonefiles/module_unitcommitment/output/details_schedule_results/pcm_simulation_results/intervels_[6]/res_schedule_commitment_result.txt
Step-3: Creating dispatching model (Refactored & Modularized)
Set parameter Username
Set parameter LicenseID to value 2826524
Academic license - for non-commercial use only - expires 2027-05-22
Set parameter MIPGap to value 0.015
	 Variables defined.
DEBUG set_objective_economic!: NT=24, NG=54, ND=91, NW=2, NS=1, K=3, size(refcost)=(54,), size(eachslope)=(3, 54)
objective_function
	MILP economic objective set
subject to.
	 constraints: 1) minimum shutup/shutdown time limits			 done
	 constraints: 2) binary variable logic					 done
	 constraints: 3) shutup/shutdown cost					 done
	 constraints: 4) loadcurtailments and spoliedwinds			 done
	 constraints: 5) generatos power limits					 done
	 constraints: 6) system reserves limits					 done
	 constraints: 7) power balance constraints				 done
	 constraints: 8) ramp-up/ramp-down constraints				 done
	 constraints: 9) piece linearization constraints			 done
	 constraints: 10) transmissionline limits skipped (is_NetWorkCon != 1 or Gsdf missing or NL=0)
	 constraints: 11) stroges system constraints skipped (is_ConsiderBESS=0)
	 constraints: 12) data centra constraints skipped (is_ConsiderDataCentra != 1)
	 constraints: 13) frequency control constraints skipped (is_ConsiderFrequencyControl != 1)
	 constraints: 14) hydro power limits					 done
+++++++++++++++++++++++++++++++++++++++++++++++++++++++++++++++++++++++++++++++++++++++++++
Step-4: starting Gurobi solver
Set parameter MIPGap to value 0.015
Gurobi Optimizer version 13.0.2 build v13.0.2rc1 (win64 - Windows 11+.0 (29639.2))

CPU model: 13th Gen Intel(R) Core(TM) i7-13700F, instruction set [SSE2|AVX|AVX2]
Thread count: 16 physical cores, 24 logical processors, using up to 24 threads

Non-default parameters:
MIPGap  0.015

Optimize a model with 25960 rows, 16848 columns and 139844 nonzeros (Min)
Model fingerprint: 0x846b8d44
Model has 12600 linear objective coefficients
Variable types: 12864 continuous, 3984 integer (3984 binary)
Coefficient statistics:
  Matrix range     [3e-02, 4e+02]
  Objective range  [1e+00, 1e+15]
  Bounds range     [0e+00, 0e+00]
  RHS range        [7e-03, 4e+02]
Warning: Model contains large objective coefficients
         Consider reformulating model or setting NumericFocus parameter
         to avoid numerical issues.

Presolve removed 10645 rows and 5506 columns
Presolve time: 0.23s
Presolved: 15315 rows, 11342 columns, 58198 nonzeros
Variable types: 7847 continuous, 3495 integer (3495 binary)
Found heuristic solution: objective 2637795.2304

Root relaxation: objective 1.539494e+06, 7487 iterations, 0.24 seconds (0.41 work units)

    Nodes    |    Current Node    |     Objective Bounds      |     Work
 Expl Unexpl |  Obj  Depth IntInf | Incumbent    BestBd   Gap | It/Node Time

     0     0 1539494.21    0  349 2637795.23 1539494.21  41.6%     -    0s
     0     0 1543013.75    0  326 2637795.23 1543013.75  41.5%     -    1s
H    0     0                    1761678.4128 1543148.98  12.4%     -    1s
     0     0 1761678.41    0  326 1761678.41 1761678.41  0.00%     -    1s

Cutting planes:
  Gomory: 14
  Implied bound: 75
  MIR: 49
  Flow cover: 32
  RLT: 37
  Relax-and-lift: 16
  BQP: 5

Explored 1 nodes (8515 simplex iterations) in 1.10 seconds (1.81 work units)
Thread count was 24 (of 24 available processors)

Solution count 2: 1.76168e+06 2.6378e+06 

Optimal solution found (tolerance 1.50e-02)
Best objective 1.761678412784e+06, best bound 1.761678412784e+06, gap 0.0000%

User-callback calls 325, time in user-callback 0.00 sec
Step-5: Gurobi solver finished
+++++++++++++++++++++++++++++++++++++++++++++++++++++++++++++++++++++++++++++++++++++++++++

assert_is_solved_and_feasible(scuc) = nothing
solution_summary(scuc) = solution_summary(; result = 1, verbose = false)
├ solver_name          : Gurobi
├ Termination
│ ├ termination_status : OPTIMAL
│ ├ result_count       : 2
│ ├ raw_status         : Model was solved to optimality (subject to tolerances), and an optimal solution is available.
│ └ objective_bound    : 1.76168e+06
├ Solution (result = 1)
│ ├ primal_status        : FEASIBLE_POINT
│ ├ dual_status          : NO_SOLUTION
│ ├ objective_value      : 1.76168e+06
│ └ relative_gap         : 0.00000e+00
└ Work counters
  ├ solve_time (sec)   : 1.09500e+00
  ├ simplex_iterations : 8515
  ├ barrier_iterations : 0
  └ node_count         : 1


Termination Status: OPTIMAL
Acceptable solution found (Status: OPTIMAL).
Step-6: record datas
PART1: [unit-commitment] calculation result has been saved to: D:/GithubClonefiles/module_unitcommitment/output/details_schedule_results/pcm_simulation_results/intervels_[7]/res_schedule_commitment_result.txt
PART1: [unit-commitment] calculation result has been saved to: D:/GithubClonefiles/module_unitcommitment/output/details_schedule_results/pcm_simulation_results/intervels_[7]/res_schedule_commitment_result.txt
--------------------------------------------------------------------------------
Running mode: Steady+Ramp
Step-3: Creating dispatching model (Refactored & Modularized)
Set parameter Username
Set parameter LicenseID to value 2826524
Academic license - for non-commercial use only - expires 2027-05-22
Set parameter MIPGap to value 0.015
	 Variables defined.
DEBUG set_objective_economic!: NT=30, NG=54, ND=91, NW=2, NS=1, K=3, size(refcost)=(54,), size(eachslope)=(3, 54)
objective_function
	MILP economic objective set
subject to.
	 constraints: 1) minimum shutup/shutdown time limits			 done
	 constraints: 2) binary variable logic					 done
	 constraints: 3) shutup/shutdown cost					 done
	 constraints: 4) loadcurtailments and spoliedwinds			 done
	 constraints: 5) generatos power limits					 done
	 constraints: 6) system reserves limits					 done
	 constraints: 7) power balance constraints				 done
	 constraints: 8) ramp-up/ramp-down constraints				 done
	 constraints: 9) piece linearization constraints			 done
	 constraints: 10) transmissionline limits skipped (is_NetWorkCon != 1 or Gsdf missing or NL=0)
	 constraints: 11) stroges system constraints skipped (is_ConsiderBESS=0)
	 constraints: 12) data centra constraints skipped (is_ConsiderDataCentra != 1)
	 constraints: 13) frequency control constraints skipped (is_ConsiderFrequencyControl != 1)
	 constraints: 14) hydro power limits					 done
+++++++++++++++++++++++++++++++++++++++++++++++++++++++++++++++++++++++++++++++++++++++++++
Step-4: starting Gurobi solver
Set parameter MIPGap to value 0.015
Gurobi Optimizer version 13.0.2 build v13.0.2rc1 (win64 - Windows 11+.0 (29639.2))

CPU model: 13th Gen Intel(R) Core(TM) i7-13700F, instruction set [SSE2|AVX|AVX2]
Thread count: 16 physical cores, 24 logical processors, using up to 24 threads

Non-default parameters:
MIPGap  0.015

Optimize a model with 32496 rows, 21060 columns and 175442 nonzeros (Min)
Model fingerprint: 0xee044a47
Model has 15750 linear objective coefficients
Variable types: 16080 continuous, 4980 integer (4980 binary)
Coefficient statistics:
  Matrix range     [3e-02, 4e+02]
  Objective range  [1e+00, 1e+15]
  Bounds range     [0e+00, 0e+00]
  RHS range        [7e-03, 3e+02]
Warning: Model contains large objective coefficients
         Consider reformulating model or setting NumericFocus parameter
         to avoid numerical issues.

Presolve removed 13005 rows and 6745 columns
Presolve time: 0.34s
Presolved: 19491 rows, 14315 columns, 88036 nonzeros
Variable types: 9809 continuous, 4506 integer (4506 binary)

Root relaxation: objective 2.192464e+06, 10114 iterations, 0.38 seconds (0.53 work units)

    Nodes    |    Current Node    |     Objective Bounds      |     Work
 Expl Unexpl |  Obj  Depth IntInf | Incumbent    BestBd   Gap | It/Node Time

     0     0 2192463.56    0  215          - 2192463.56      -     -    0s
H    0     0                    5.265068e+15 2192463.56   100%     -    0s
H    0     0                    4.999508e+15 2192463.56   100%     -    0s
H    0     0                    9.467453e+14 2192463.56   100%     -    1s
H    0     0                    2275206.5648 2192463.56  3.64%     -    1s
H    0     0                    2229377.4845 2193479.56  1.61%     -    1s
     0     0 2193479.56    0  259 2229377.48 2193479.56  1.61%     -    1s
     0     0 2193488.62    0  246 2229377.48 2193488.62  1.61%     -    1s
     0     0 2193624.30    0  255 2229377.48 2193624.30  1.60%     -    1s
     0     0 2193627.68    0  260 2229377.48 2193627.68  1.60%     -    1s
     0     0 2193627.68    0  267 2229377.48 2193627.68  1.60%     -    1s
H    0     0                    2219024.5863 2193737.16  1.14%     -    2s
     0     0 2193737.16    0  263 2219024.59 2193737.16  1.14%     -    2s

Cutting planes:
  Gomory: 12
  Cover: 2
  Implied bound: 46
  MIR: 102
  Flow cover: 44
  Network: 1
  RLT: 2
  Relax-and-lift: 10

Explored 1 nodes (11161 simplex iterations) in 2.13 seconds (2.86 work units)
Thread count was 24 (of 24 available processors)

Solution count 6: 2.21902e+06 2.22938e+06 2.27521e+06 ... 5.26507e+15

Optimal solution found (tolerance 1.50e-02)
Best objective 2.219024586335e+06, best bound 2.193737155727e+06, gap 1.1396%

User-callback calls 462, time in user-callback 0.00 sec
Step-5: Gurobi solver finished
+++++++++++++++++++++++++++++++++++++++++++++++++++++++++++++++++++++++++++++++++++++++++++

assert_is_solved_and_feasible(scuc) = nothing
solution_summary(scuc) = solution_summary(; result = 1, verbose = false)
├ solver_name          : Gurobi
├ Termination
│ ├ termination_status : OPTIMAL
│ ├ result_count       : 6
│ ├ raw_status         : Model was solved to optimality (subject to tolerances), and an optimal solution is available.
│ └ objective_bound    : 2.19374e+06
├ Solution (result = 1)
│ ├ primal_status        : FEASIBLE_POINT
│ ├ dual_status          : NO_SOLUTION
│ ├ objective_value      : 2.21902e+06
│ └ relative_gap         : 1.13957e-02
└ Work counters
  ├ solve_time (sec)   : 2.12900e+00
  ├ simplex_iterations : 11161
  ├ barrier_iterations : 0
  └ node_count         : 1


Termination Status: OPTIMAL
Acceptable solution found (Status: OPTIMAL).
Step-6: record datas
PART1: [unit-commitment] calculation result has been saved to: D:/GithubClonefiles/module_unitcommitment/output/details_schedule_results/pcm_simulation_results/intervels_[1]/res_schedule_commitment_result.txt
PART1: [unit-commitment] calculation result has been saved to: D:/GithubClonefiles/module_unitcommitment/output/details_schedule_results/pcm_simulation_results/intervels_[1]/res_schedule_commitment_result.txt
Step-3: Creating dispatching model (Refactored & Modularized)
Set parameter Username
Set parameter LicenseID to value 2826524
Academic license - for non-commercial use only - expires 2027-05-22
Set parameter MIPGap to value 0.015
	 Variables defined.
DEBUG set_objective_economic!: NT=29, NG=54, ND=91, NW=2, NS=1, K=3, size(refcost)=(54,), size(eachslope)=(3, 54)
objective_function
	MILP economic objective set
subject to.
	 constraints: 1) minimum shutup/shutdown time limits			 done
	 constraints: 2) binary variable logic					 done
	 constraints: 3) shutup/shutdown cost					 done
	 constraints: 4) loadcurtailments and spoliedwinds			 done
	 constraints: 5) generatos power limits					 done
	 constraints: 6) system reserves limits					 done
	 constraints: 7) power balance constraints				 done
	 constraints: 8) ramp-up/ramp-down constraints				 done
	 constraints: 9) piece linearization constraints			 done
	 constraints: 10) transmissionline limits skipped (is_NetWorkCon != 1 or Gsdf missing or NL=0)
	 constraints: 11) stroges system constraints skipped (is_ConsiderBESS=0)
	 constraints: 12) data centra constraints skipped (is_ConsiderDataCentra != 1)
	 constraints: 13) frequency control constraints skipped (is_ConsiderFrequencyControl != 1)
	 constraints: 14) hydro power limits					 done
+++++++++++++++++++++++++++++++++++++++++++++++++++++++++++++++++++++++++++++++++++++++++++
Step-4: starting Gurobi solver
Set parameter MIPGap to value 0.015
Gurobi Optimizer version 13.0.2 build v13.0.2rc1 (win64 - Windows 11+.0 (29639.2))

CPU model: 13th Gen Intel(R) Core(TM) i7-13700F, instruction set [SSE2|AVX|AVX2]
Thread count: 16 physical cores, 24 logical processors, using up to 24 threads

Non-default parameters:
MIPGap  0.015

Optimize a model with 31414 rows, 20358 columns and 169547 nonzeros (Min)
Model fingerprint: 0xd68cd6b4
Model has 15225 linear objective coefficients
Variable types: 15544 continuous, 4814 integer (4814 binary)
Coefficient statistics:
  Matrix range     [3e-02, 4e+02]
  Objective range  [1e+00, 1e+15]
  Bounds range     [0e+00, 0e+00]
  RHS range        [7e-03, 4e+02]
Warning: Model contains large objective coefficients
         Consider reformulating model or setting NumericFocus parameter
         to avoid numerical issues.

Presolve removed 12550 rows and 6535 columns
Presolve time: 0.29s
Presolved: 18864 rows, 13823 columns, 71657 nonzeros
Variable types: 9482 continuous, 4341 integer (4341 binary)

Root relaxation: objective 2.518870e+06, 11391 iterations, 0.27 seconds (0.40 work units)

    Nodes    |    Current Node    |     Objective Bounds      |     Work
 Expl Unexpl |  Obj  Depth IntInf | Incumbent    BestBd   Gap | It/Node Time

     0     0 2518870.09    0  580          - 2518870.09      -     -    0s
H    0     0                    3212014.1333 2518870.09  21.6%     -    0s
H    0     0                    3192465.1608 2518870.09  21.1%     -    1s
     0     0 2531160.39    0  357 3192465.16 2531160.39  20.7%     -    1s
     0     0 2531204.20    0  358 3192465.16 2531204.20  20.7%     -    1s
     0     0 2531204.20    0  358 3192465.16 2531204.20  20.7%     -    1s
H    0     0                    2581883.1839 2531204.20  1.96%     -    1s
     0     0 2533345.95    0  244 2581883.18 2533345.95  1.88%     -    1s
     0     0 2533464.53    0  260 2581883.18 2533464.53  1.88%     -    1s
     0     0 2533491.52    0  263 2581883.18 2533491.52  1.87%     -    1s
     0     0 2533491.52    0  263 2581883.18 2533491.52  1.87%     -    1s
     0     0 2534536.59    0  246 2581883.18 2534536.59  1.83%     -    2s
     0     0 2534656.17    0  236 2581883.18 2534656.17  1.83%     -    2s
     0     0 2534678.83    0  267 2581883.18 2534678.83  1.83%     -    2s
H    0     0                    2565959.8347 2534689.57  1.22%     -    2s
H    0     0                    2564680.3237 2534689.57  1.17%     -    2s
H    0     0                    2564603.1979 2534689.57  1.17%     -    2s
     0     0 2534689.57    0  242 2564603.20 2534689.57  1.17%     -    2s

Cutting planes:
  Gomory: 52
  Cover: 4
  Implied bound: 249
  MIR: 146
  StrongCG: 1
  Flow cover: 171
  RLT: 22
  Relax-and-lift: 82
  PSD: 1

Explored 1 nodes (14992 simplex iterations) in 2.28 seconds (3.01 work units)
Thread count was 24 (of 24 available processors)

Solution count 7: 2.5646e+06 2.5646e+06 2.56468e+06 ... 3.21201e+06

Optimal solution found (tolerance 1.50e-02)
Best objective 2.564603197971e+06, best bound 2.534689569210e+06, gap 1.1664%

User-callback calls 560, time in user-callback 0.00 sec
Step-5: Gurobi solver finished
+++++++++++++++++++++++++++++++++++++++++++++++++++++++++++++++++++++++++++++++++++++++++++

assert_is_solved_and_feasible(scuc) = nothing
solution_summary(scuc) = solution_summary(; result = 1, verbose = false)
├ solver_name          : Gurobi
├ Termination
│ ├ termination_status : OPTIMAL
│ ├ result_count       : 7
│ ├ raw_status         : Model was solved to optimality (subject to tolerances), and an optimal solution is available.
│ └ objective_bound    : 2.53469e+06
├ Solution (result = 1)
│ ├ primal_status        : FEASIBLE_POINT
│ ├ dual_status          : NO_SOLUTION
│ ├ objective_value      : 2.56460e+06
│ └ relative_gap         : 1.16640e-02
└ Work counters
  ├ solve_time (sec)   : 2.28500e+00
  ├ simplex_iterations : 14992
  ├ barrier_iterations : 0
  └ node_count         : 1


Termination Status: OPTIMAL
Acceptable solution found (Status: OPTIMAL).
Step-6: record datas
PART1: [unit-commitment] calculation result has been saved to: D:/GithubClonefiles/module_unitcommitment/output/details_schedule_results/pcm_simulation_results/intervels_[2]/res_schedule_commitment_result.txt
PART1: [unit-commitment] calculation result has been saved to: D:/GithubClonefiles/module_unitcommitment/output/details_schedule_results/pcm_simulation_results/intervels_[2]/res_schedule_commitment_result.txt
Step-3: Creating dispatching model (Refactored & Modularized)
Set parameter Username
Set parameter LicenseID to value 2826524
Academic license - for non-commercial use only - expires 2027-05-22
Set parameter MIPGap to value 0.015
	 Variables defined.
DEBUG set_objective_economic!: NT=31, NG=54, ND=91, NW=2, NS=1, K=3, size(refcost)=(54,), size(eachslope)=(3, 54)
objective_function
	MILP economic objective set
subject to.
	 constraints: 1) minimum shutup/shutdown time limits			 done
	 constraints: 2) binary variable logic					 done
	 constraints: 3) shutup/shutdown cost					 done
	 constraints: 4) loadcurtailments and spoliedwinds			 done
	 constraints: 5) generatos power limits					 done
	 constraints: 6) system reserves limits					 done
	 constraints: 7) power balance constraints				 done
	 constraints: 8) ramp-up/ramp-down constraints				 done
	 constraints: 9) piece linearization constraints			 done
	 constraints: 10) transmissionline limits skipped (is_NetWorkCon != 1 or Gsdf missing or NL=0)
	 constraints: 11) stroges system constraints skipped (is_ConsiderBESS=0)
	 constraints: 12) data centra constraints skipped (is_ConsiderDataCentra != 1)
	 constraints: 13) frequency control constraints skipped (is_ConsiderFrequencyControl != 1)
	 constraints: 14) hydro power limits					 done
+++++++++++++++++++++++++++++++++++++++++++++++++++++++++++++++++++++++++++++++++++++++++++
Step-4: starting Gurobi solver
Set parameter MIPGap to value 0.015
Gurobi Optimizer version 13.0.2 build v13.0.2rc1 (win64 - Windows 11+.0 (29639.2))

CPU model: 13th Gen Intel(R) Core(TM) i7-13700F, instruction set [SSE2|AVX|AVX2]
Thread count: 16 physical cores, 24 logical processors, using up to 24 threads

Non-default parameters:
MIPGap  0.015

Optimize a model with 33623 rows, 21762 columns and 181553 nonzeros (Min)
Model fingerprint: 0xb45a9f83
Model has 16275 linear objective coefficients
Variable types: 16616 continuous, 5146 integer (5146 binary)
Coefficient statistics:
  Matrix range     [3e-02, 4e+02]
  Objective range  [1e+00, 1e+15]
  Bounds range     [0e+00, 0e+00]
  RHS range        [7e-03, 4e+02]
Warning: Model contains large objective coefficients
         Consider reformulating model or setting NumericFocus parameter
         to avoid numerical issues.

Presolve removed 13443 rows and 6973 columns
Presolve time: 0.36s
Presolved: 20180 rows, 14789 columns, 90633 nonzeros
Variable types: 10136 continuous, 4653 integer (4653 binary)

Root relaxation: objective 1.846438e+06, 9434 iterations, 0.26 seconds (0.35 work units)

    Nodes    |    Current Node    |     Objective Bounds      |     Work
 Expl Unexpl |  Obj  Depth IntInf | Incumbent    BestBd   Gap | It/Node Time

     0     0 1846438.10    0  190          - 1846438.10      -     -    0s
H    0     0                    9.283104e+14 1846438.10   100%     -    0s
H    0     0                    5.524683e+14 1846438.10   100%     -    0s
H    0     0                    2012938.7302 1846438.10  8.27%     -    0s
H    0     0                    1875807.1978 1846438.10  1.57%     -    1s
     0     0 1847438.12    0  233 1875807.20 1847438.12  1.51%     -    1s
     0     0 1847460.17    0  237 1875807.20 1847460.17  1.51%     -    1s
     0     0 1847643.59    0  211 1875807.20 1847643.59  1.50%     -    1s
     0     0 1847656.18    0  235 1875807.20 1847656.18  1.50%     -    1s
H    0     0                    1874599.1812 1847656.18  1.44%     -    2s
H    0     0                    1874105.4145 1847656.18  1.41%     -    2s
H    0     0                    1874104.7040 1847656.18  1.41%     -    2s

Cutting planes:
  Gomory: 18
  Lift-and-project: 2
  Cover: 2
  Implied bound: 56
  MIR: 102
  Flow cover: 42
  RLT: 1
  Relax-and-lift: 11

Explored 1 nodes (10573 simplex iterations) in 2.03 seconds (2.77 work units)
Thread count was 24 (of 24 available processors)

Solution count 6: 1.8741e+06 1.8746e+06 1.87581e+06 ... 9.2831e+14

Optimal solution found (tolerance 1.50e-02)
Best objective 1.874104704004e+06, best bound 1.847656183472e+06, gap 1.4113%

User-callback calls 529, time in user-callback 0.00 sec
Step-5: Gurobi solver finished
+++++++++++++++++++++++++++++++++++++++++++++++++++++++++++++++++++++++++++++++++++++++++++

assert_is_solved_and_feasible(scuc) = nothing
solution_summary(scuc) = solution_summary(; result = 1, verbose = false)
├ solver_name          : Gurobi
├ Termination
│ ├ termination_status : OPTIMAL
│ ├ result_count       : 6
│ ├ raw_status         : Model was solved to optimality (subject to tolerances), and an optimal solution is available.
│ └ objective_bound    : 1.84766e+06
├ Solution (result = 1)
│ ├ primal_status        : FEASIBLE_POINT
│ ├ dual_status          : NO_SOLUTION
│ ├ objective_value      : 1.87410e+06
│ └ relative_gap         : 1.41126e-02
└ Work counters
  ├ solve_time (sec)   : 2.03300e+00
  ├ simplex_iterations : 10573
  ├ barrier_iterations : 0
  └ node_count         : 1


Termination Status: OPTIMAL
Acceptable solution found (Status: OPTIMAL).
Step-6: record datas
PART1: [unit-commitment] calculation result has been saved to: D:/GithubClonefiles/module_unitcommitment/output/details_schedule_results/pcm_simulation_results/intervels_[3]/res_schedule_commitment_result.txt
PART1: [unit-commitment] calculation result has been saved to: D:/GithubClonefiles/module_unitcommitment/output/details_schedule_results/pcm_simulation_results/intervels_[3]/res_schedule_commitment_result.txt
Step-3: Creating dispatching model (Refactored & Modularized)
Set parameter Username
Set parameter LicenseID to value 2826524
Academic license - for non-commercial use only - expires 2027-05-22
Set parameter MIPGap to value 0.015
	 Variables defined.
DEBUG set_objective_economic!: NT=27, NG=54, ND=91, NW=2, NS=1, K=3, size(refcost)=(54,), size(eachslope)=(3, 54)
objective_function
	MILP economic objective set
subject to.
	 constraints: 1) minimum shutup/shutdown time limits			 done
	 constraints: 2) binary variable logic					 done
	 constraints: 3) shutup/shutdown cost					 done
	 constraints: 4) loadcurtailments and spoliedwinds			 done
	 constraints: 5) generatos power limits					 done
	 constraints: 6) system reserves limits					 done
	 constraints: 7) power balance constraints				 done
	 constraints: 8) ramp-up/ramp-down constraints				 done
	 constraints: 9) piece linearization constraints			 done
	 constraints: 10) transmissionline limits skipped (is_NetWorkCon != 1 or Gsdf missing or NL=0)
	 constraints: 11) stroges system constraints skipped (is_ConsiderBESS=0)
	 constraints: 12) data centra constraints skipped (is_ConsiderDataCentra != 1)
	 constraints: 13) frequency control constraints skipped (is_ConsiderFrequencyControl != 1)
	 constraints: 14) hydro power limits					 done
+++++++++++++++++++++++++++++++++++++++++++++++++++++++++++++++++++++++++++++++++++++++++++
Step-4: starting Gurobi solver
Set parameter MIPGap to value 0.015
Gurobi Optimizer version 13.0.2 build v13.0.2rc1 (win64 - Windows 11+.0 (29639.2))

CPU model: 13th Gen Intel(R) Core(TM) i7-13700F, instruction set [SSE2|AVX|AVX2]
Thread count: 16 physical cores, 24 logical processors, using up to 24 threads

Non-default parameters:
MIPGap  0.015

Optimize a model with 29223 rows, 18954 columns and 157622 nonzeros (Min)
Model fingerprint: 0x3617c5ea
Model has 14175 linear objective coefficients
Variable types: 14472 continuous, 4482 integer (4482 binary)
Coefficient statistics:
  Matrix range     [3e-02, 4e+02]
  Objective range  [1e+00, 1e+15]
  Bounds range     [0e+00, 0e+00]
  RHS range        [8e-03, 4e+02]
Warning: Model contains large objective coefficients
         Consider reformulating model or setting NumericFocus parameter
         to avoid numerical issues.

Presolve removed 11729 rows and 6108 columns
Presolve time: 0.25s
Presolved: 17494 rows, 12846 columns, 66473 nonzeros
Variable types: 8826 continuous, 4020 integer (4020 binary)
Found heuristic solution: objective 3.394514e+16

Root relaxation: objective 3.648645e+15, 10492 iterations, 0.19 seconds (0.31 work units)

    Nodes    |    Current Node    |     Objective Bounds      |     Work
 Expl Unexpl |  Obj  Depth IntInf | Incumbent    BestBd   Gap | It/Node Time

     0     0 3.6486e+15    0  423 3.3945e+16 3.6486e+15  89.3%     -    0s
H    0     0                    1.034520e+16 3.6486e+15  64.7%     -    0s
     0     0 3.6486e+15    0  250 1.0345e+16 3.6486e+15  64.7%     -    0s
     0     0 3.6486e+15    0  236 1.0345e+16 3.6486e+15  64.7%     -    1s
     0     0 3.6486e+15    0  178 1.0345e+16 3.6486e+15  64.7%     -    1s
     0     0 3.6486e+15    0  178 1.0345e+16 3.6486e+15  64.7%     -    1s
     0     0 3.6486e+15    0  163 1.0345e+16 3.6486e+15  64.7%     -    1s
     0     0 3.6486e+15    0  130 1.0345e+16 3.6486e+15  64.7%     -    1s
     0     0 3.6486e+15    0  130 1.0345e+16 3.6486e+15  64.7%     -    1s
H    0     0                    5.845796e+15 3.6486e+15  37.6%     -    1s
     0     0 3.6486e+15    0  123 5.8458e+15 3.6486e+15  37.6%     -    1s
H    0     0                    4.846874e+15 3.6486e+15  24.7%     -    1s
H    0     0                    4.397055e+15 3.6486e+15  17.0%     -    2s
     0     0 3.6486e+15    0  125 4.3971e+15 3.6486e+15  17.0%     -    2s
     0     0 3.6486e+15    0  125 4.3971e+15 3.6486e+15  17.0%     -    2s
     0     0 3.6486e+15    0  125 4.3971e+15 3.6486e+15  17.0%     -    2s
H    0     0                    3.844586e+15 3.6486e+15  5.10%     -    2s
     0     0 3.6486e+15    0  106 3.8446e+15 3.6486e+15  5.10%     -    2s
     0     0 3.6486e+15    0  138 3.8446e+15 3.6486e+15  5.10%     -    2s
     0     0 3.6486e+15    0  138 3.8446e+15 3.6486e+15  5.10%     -    2s
     0     0 3.6486e+15    0  113 3.8446e+15 3.6486e+15  5.10%     -    2s
     0     0 3.6486e+15    0  103 3.8446e+15 3.6486e+15  5.10%     -    2s
     0     0 3.6486e+15    0   99 3.8446e+15 3.6486e+15  5.10%     -    2s
H    0     0                    3.794586e+15 3.6486e+15  3.85%     -    2s
H    0     0                    3.704698e+15 3.6486e+15  1.51%     -    2s
     0     0 3.6486e+15    0  103 3.7047e+15 3.6486e+15  1.51%     -    2s
     0     0 3.6486e+15    0  123 3.7047e+15 3.6486e+15  1.51%     -    2s
     0     0 3.6486e+15    0  123 3.7047e+15 3.6486e+15  1.51%     -    2s
     0     0 3.6486e+15    0  123 3.7047e+15 3.6486e+15  1.51%     -    2s
     0     0 3.6486e+15    0  123 3.7047e+15 3.6486e+15  1.51%     -    2s
     0     2 3.6486e+15    0  128 3.7047e+15 3.6486e+15  1.51%     -    3s
H    1     2                    3.681944e+15 3.6486e+15  0.90%  2448    3s

Cutting planes:
  Gomory: 18
  Cover: 1
  Implied bound: 447
  MIR: 119
  StrongCG: 1
  Flow cover: 104
  RLT: 100
  Relax-and-lift: 164
  BQP: 6
  PSD: 5

Explored 1 nodes (19564 simplex iterations) in 3.65 seconds (4.82 work units)
Thread count was 24 (of 24 available processors)

Solution count 9: 3.68194e+15 3.7047e+15 3.79459e+15 ... 3.39451e+16

Optimal solution found (tolerance 1.50e-02)
Best objective 3.681943794462e+15, best bound 3.648645367971e+15, gap 0.9044%

User-callback calls 793, time in user-callback 0.00 sec
Step-5: Gurobi solver finished
+++++++++++++++++++++++++++++++++++++++++++++++++++++++++++++++++++++++++++++++++++++++++++

assert_is_solved_and_feasible(scuc) = nothing
solution_summary(scuc) = solution_summary(; result = 1, verbose = false)
├ solver_name          : Gurobi
├ Termination
│ ├ termination_status : OPTIMAL
│ ├ result_count       : 9
│ ├ raw_status         : Model was solved to optimality (subject to tolerances), and an optimal solution is available.
│ └ objective_bound    : 3.64865e+15
├ Solution (result = 1)
│ ├ primal_status        : FEASIBLE_POINT
│ ├ dual_status          : NO_SOLUTION
│ ├ objective_value      : 3.68194e+15
│ └ relative_gap         : 9.04371e-03
└ Work counters
  ├ solve_time (sec)   : 3.65500e+00
  ├ simplex_iterations : 19564
  ├ barrier_iterations : 0
  └ node_count         : 1


Termination Status: OPTIMAL
Acceptable solution found (Status: OPTIMAL).
Step-6: record datas
PART1: [unit-commitment] calculation result has been saved to: D:/GithubClonefiles/module_unitcommitment/output/details_schedule_results/pcm_simulation_results/intervels_[4]/res_schedule_commitment_result.txt
PART1: [unit-commitment] calculation result has been saved to: D:/GithubClonefiles/module_unitcommitment/output/details_schedule_results/pcm_simulation_results/intervels_[4]/res_schedule_commitment_result.txt
Step-3: Creating dispatching model (Refactored & Modularized)
Set parameter Username
Set parameter LicenseID to value 2826524
Academic license - for non-commercial use only - expires 2027-05-22
Set parameter MIPGap to value 0.015
	 Variables defined.
DEBUG set_objective_economic!: NT=31, NG=54, ND=91, NW=2, NS=1, K=3, size(refcost)=(54,), size(eachslope)=(3, 54)
objective_function
	MILP economic objective set
subject to.
	 constraints: 1) minimum shutup/shutdown time limits			 done
	 constraints: 2) binary variable logic					 done
	 constraints: 3) shutup/shutdown cost					 done
	 constraints: 4) loadcurtailments and spoliedwinds			 done
	 constraints: 5) generatos power limits					 done
	 constraints: 6) system reserves limits					 done
	 constraints: 7) power balance constraints				 done
	 constraints: 8) ramp-up/ramp-down constraints				 done
	 constraints: 9) piece linearization constraints			 done
	 constraints: 10) transmissionline limits skipped (is_NetWorkCon != 1 or Gsdf missing or NL=0)
	 constraints: 11) stroges system constraints skipped (is_ConsiderBESS=0)
	 constraints: 12) data centra constraints skipped (is_ConsiderDataCentra != 1)
	 constraints: 13) frequency control constraints skipped (is_ConsiderFrequencyControl != 1)
	 constraints: 14) hydro power limits					 done
+++++++++++++++++++++++++++++++++++++++++++++++++++++++++++++++++++++++++++++++++++++++++++
Step-4: starting Gurobi solver
Set parameter MIPGap to value 0.015
Gurobi Optimizer version 13.0.2 build v13.0.2rc1 (win64 - Windows 11+.0 (29639.2))

CPU model: 13th Gen Intel(R) Core(TM) i7-13700F, instruction set [SSE2|AVX|AVX2]
Thread count: 16 physical cores, 24 logical processors, using up to 24 threads

Non-default parameters:
MIPGap  0.015

Optimize a model with 33606 rows, 21762 columns and 181466 nonzeros (Min)
Model fingerprint: 0x83dae15f
Model has 16275 linear objective coefficients
Variable types: 16616 continuous, 5146 integer (5146 binary)
Coefficient statistics:
  Matrix range     [3e-02, 4e+02]
  Objective range  [1e+00, 1e+15]
  Bounds range     [0e+00, 0e+00]
  RHS range        [8e-03, 4e+02]
Warning: Model contains large objective coefficients
         Consider reformulating model or setting NumericFocus parameter
         to avoid numerical issues.

Presolve removed 13451 rows and 6991 columns
Presolve time: 0.28s
Presolved: 20155 rows, 14771 columns, 76416 nonzeros
Variable types: 10136 continuous, 4635 integer (4635 binary)

Root relaxation: objective 2.077482e+06, 10407 iterations, 0.40 seconds (0.58 work units)

    Nodes    |    Current Node    |     Objective Bounds      |     Work
 Expl Unexpl |  Obj  Depth IntInf | Incumbent    BestBd   Gap | It/Node Time

     0     0 2077481.61    0  404          - 2077481.61      -     -    0s
H    0     0                    1.256281e+15 2077481.61   100%     -    1s
H    0     0                    8.900732e+14 2077481.61   100%     -    1s
H    0     0                    4.162809e+14 2077481.61   100%     -    1s
     0     0 2080913.24    0  384 4.1628e+14 2080913.24   100%     -    1s
     0     0 2081095.94    0  384 4.1628e+14 2081095.94   100%     -    1s
     0     0 2083916.43    0  361 4.1628e+14 2083916.43   100%     -    2s
     0     0 2083995.05    0  343 4.1628e+14 2083995.05   100%     -    2s
     0     0 2083997.13    0  330 4.1628e+14 2083997.13   100%     -    2s
     0     0 2083997.24    0  367 4.1628e+14 2083997.24   100%     -    2s
H    0     0                    2240004.2673 2083997.24  6.96%     -    2s
H    0     0                    2239984.2673 2083997.24  6.96%     -    2s
H    0     0                    2239479.5377 2083997.24  6.94%     -    2s
     0     0 2087866.79    0  338 2239479.54 2087866.79  6.77%     -    2s
H    0     0                    2165464.1535 2087866.79  3.58%     -    2s
H    0     0                    2163675.1869 2087866.79  3.50%     -    2s
H    0     0                    2163675.1851 2087866.79  3.50%     -    2s
     0     0 2087866.79    0  299 2163675.19 2087866.79  3.50%     -    2s
H    0     0                    2163574.3681 2087866.79  3.50%     -    2s
     0     0 2087866.79    0  341 2163574.37 2087866.79  3.50%     -    2s
H    0     0                    2163573.9382 2087866.79  3.50%     -    2s
H    0     0                    2163556.7919 2087866.79  3.50%     -    2s
     0     0 2087866.79    0  344 2163556.79 2087866.79  3.50%     -    2s
     0     0 2087866.79    0  342 2163556.79 2087866.79  3.50%     -    2s
     0     0 2088007.38    0  319 2163556.79 2088007.38  3.49%     -    3s
     0     0 2088018.66    0  344 2163556.79 2088018.66  3.49%     -    3s
     0     0 2088018.66    0  341 2163556.79 2088018.66  3.49%     -    3s
     0     0 2088018.66    0  416 2163556.79 2088018.66  3.49%     -    3s
     0     0 2088018.66    0  398 2163556.79 2088018.66  3.49%     -    3s
     0     0 2088018.66    0  410 2163556.79 2088018.66  3.49%     -    3s
     0     0 2088044.06    0  338 2163556.79 2088044.06  3.49%     -    4s
     0     0 2088063.46    0  352 2163556.79 2088063.46  3.49%     -    4s
     0     0 2088103.50    0  327 2163556.79 2088103.50  3.49%     -    4s
     0     0 2088109.40    0  299 2163556.79 2088109.40  3.49%     -    4s
     0     0 2088111.60    0  330 2163556.79 2088111.60  3.49%     -    4s
     0     0 2088112.89    0  375 2163556.79 2088112.89  3.49%     -    4s
H    0     0                    2140619.7479 2088112.89  2.45%     -    4s
     0     0 2088162.15    0  350 2140619.75 2088162.15  2.45%     -    4s
H    0     0                    2114597.3686 2088162.56  1.25%     -    4s

Cutting planes:
  Gomory: 11
  Cover: 1
  Implied bound: 290
  MIR: 179
  Flow cover: 151
  RLT: 89
  Relax-and-lift: 104
  BQP: 4

Explored 1 nodes (17255 simplex iterations) in 4.98 seconds (6.44 work units)
Thread count was 24 (of 24 available processors)

Solution count 10: 2.1146e+06 2.14062e+06 2.16356e+06 ... 4.16281e+14

Optimal solution found (tolerance 1.50e-02)
Best objective 2.114597368584e+06, best bound 2.088162555495e+06, gap 1.2501%

User-callback calls 758, time in user-callback 0.00 sec
Step-5: Gurobi solver finished
+++++++++++++++++++++++++++++++++++++++++++++++++++++++++++++++++++++++++++++++++++++++++++

assert_is_solved_and_feasible(scuc) = nothing
solution_summary(scuc) = solution_summary(; result = 1, verbose = false)
├ solver_name          : Gurobi
├ Termination
│ ├ termination_status : OPTIMAL
│ ├ result_count       : 10
│ ├ raw_status         : Model was solved to optimality (subject to tolerances), and an optimal solution is available.
│ └ objective_bound    : 2.08816e+06
├ Solution (result = 1)
│ ├ primal_status        : FEASIBLE_POINT
│ ├ dual_status          : NO_SOLUTION
│ ├ objective_value      : 2.11460e+06
│ └ relative_gap         : 1.25011e-02
└ Work counters
  ├ solve_time (sec)   : 5.12300e+00
  ├ simplex_iterations : 17255
  ├ barrier_iterations : 0
  └ node_count         : 1


Termination Status: OPTIMAL
Acceptable solution found (Status: OPTIMAL).
Step-6: record datas
PART1: [unit-commitment] calculation result has been saved to: D:/GithubClonefiles/module_unitcommitment/output/details_schedule_results/pcm_simulation_results/intervels_[5]/res_schedule_commitment_result.txt
PART1: [unit-commitment] calculation result has been saved to: D:/GithubClonefiles/module_unitcommitment/output/details_schedule_results/pcm_simulation_results/intervels_[5]/res_schedule_commitment_result.txt
Step-3: Creating dispatching model (Refactored & Modularized)
Set parameter Username
Set parameter LicenseID to value 2826524
Academic license - for non-commercial use only - expires 2027-05-22
Set parameter MIPGap to value 0.015
	 Variables defined.
DEBUG set_objective_economic!: NT=27, NG=54, ND=91, NW=2, NS=1, K=3, size(refcost)=(54,), size(eachslope)=(3, 54)
objective_function
	MILP economic objective set
subject to.
	 constraints: 1) minimum shutup/shutdown time limits			 done
	 constraints: 2) binary variable logic					 done
	 constraints: 3) shutup/shutdown cost					 done
	 constraints: 4) loadcurtailments and spoliedwinds			 done
	 constraints: 5) generatos power limits					 done
	 constraints: 6) system reserves limits					 done
	 constraints: 7) power balance constraints				 done
	 constraints: 8) ramp-up/ramp-down constraints				 done
	 constraints: 9) piece linearization constraints			 done
	 constraints: 10) transmissionline limits skipped (is_NetWorkCon != 1 or Gsdf missing or NL=0)
	 constraints: 11) stroges system constraints skipped (is_ConsiderBESS=0)
	 constraints: 12) data centra constraints skipped (is_ConsiderDataCentra != 1)
	 constraints: 13) frequency control constraints skipped (is_ConsiderFrequencyControl != 1)
	 constraints: 14) hydro power limits					 done
+++++++++++++++++++++++++++++++++++++++++++++++++++++++++++++++++++++++++++++++++++++++++++
Step-4: starting Gurobi solver
Set parameter MIPGap to value 0.015
Gurobi Optimizer version 13.0.2 build v13.0.2rc1 (win64 - Windows 11+.0 (29639.2))

CPU model: 13th Gen Intel(R) Core(TM) i7-13700F, instruction set [SSE2|AVX|AVX2]
Thread count: 16 physical cores, 24 logical processors, using up to 24 threads

Non-default parameters:
MIPGap  0.015

Optimize a model with 29235 rows, 18954 columns and 157699 nonzeros (Min)
Model fingerprint: 0xe7a21782
Model has 14175 linear objective coefficients
Variable types: 14472 continuous, 4482 integer (4482 binary)
Coefficient statistics:
  Matrix range     [3e-02, 4e+02]
  Objective range  [1e+00, 1e+15]
  Bounds range     [0e+00, 0e+00]
  RHS range        [8e-03, 4e+02]
Warning: Model contains large objective coefficients
         Consider reformulating model or setting NumericFocus parameter
         to avoid numerical issues.

Presolve removed 11753 rows and 6121 columns
Presolve time: 0.25s
Presolved: 17482 rows, 12833 columns, 66179 nonzeros
Variable types: 8816 continuous, 4017 integer (4017 binary)

Root relaxation: objective 3.688152e+16, 9579 iterations, 0.13 seconds (0.21 work units)

    Nodes    |    Current Node    |     Objective Bounds      |     Work
 Expl Unexpl |  Obj  Depth IntInf | Incumbent    BestBd   Gap | It/Node Time

     0     0 3.6882e+16    0  463          - 3.6882e+16      -     -    0s
H    0     0                    3.688152e+16 3.6882e+16  0.00%     -    0s

Explored 1 nodes (9607 simplex iterations) in 0.94 seconds (1.97 work units)
Thread count was 24 (of 24 available processors)

Solution count 1: 3.68815e+16 

Optimal solution found (tolerance 1.50e-02)
Best objective 3.688152224730e+16, best bound 3.688152224730e+16, gap 0.0000%

User-callback calls 379, time in user-callback 0.00 sec
Step-5: Gurobi solver finished
+++++++++++++++++++++++++++++++++++++++++++++++++++++++++++++++++++++++++++++++++++++++++++

assert_is_solved_and_feasible(scuc) = nothing
solution_summary(scuc) = solution_summary(; result = 1, verbose = false)
├ solver_name          : Gurobi
├ Termination
│ ├ termination_status : OPTIMAL
│ ├ result_count       : 1
│ ├ raw_status         : Model was solved to optimality (subject to tolerances), and an optimal solution is available.
│ └ objective_bound    : 3.68815e+16
├ Solution (result = 1)
│ ├ primal_status        : FEASIBLE_POINT
│ ├ dual_status          : NO_SOLUTION
│ ├ objective_value      : 3.68815e+16
│ └ relative_gap         : 0.00000e+00
└ Work counters
  ├ solve_time (sec)   : 9.37000e-01
  ├ simplex_iterations : 9607
  ├ barrier_iterations : 0
  └ node_count         : 1


Termination Status: OPTIMAL
Acceptable solution found (Status: OPTIMAL).
Step-6: record datas
PART1: [unit-commitment] calculation result has been saved to: D:/GithubClonefiles/module_unitcommitment/output/details_schedule_results/pcm_simulation_results/intervels_[6]/res_schedule_commitment_result.txt
PART1: [unit-commitment] calculation result has been saved to: D:/GithubClonefiles/module_unitcommitment/output/details_schedule_results/pcm_simulation_results/intervels_[6]/res_schedule_commitment_result.txt
Step-3: Creating dispatching model (Refactored & Modularized)
Set parameter Username
Set parameter LicenseID to value 2826524
Academic license - for non-commercial use only - expires 2027-05-22
Set parameter MIPGap to value 0.015
	 Variables defined.
DEBUG set_objective_economic!: NT=24, NG=54, ND=91, NW=2, NS=1, K=3, size(refcost)=(54,), size(eachslope)=(3, 54)
objective_function
	MILP economic objective set
subject to.
	 constraints: 1) minimum shutup/shutdown time limits			 done
	 constraints: 2) binary variable logic					 done
	 constraints: 3) shutup/shutdown cost					 done
	 constraints: 4) loadcurtailments and spoliedwinds			 done
	 constraints: 5) generatos power limits					 done
	 constraints: 6) system reserves limits					 done
	 constraints: 7) power balance constraints				 done
	 constraints: 8) ramp-up/ramp-down constraints				 done
	 constraints: 9) piece linearization constraints			 done
	 constraints: 10) transmissionline limits skipped (is_NetWorkCon != 1 or Gsdf missing or NL=0)
	 constraints: 11) stroges system constraints skipped (is_ConsiderBESS=0)
	 constraints: 12) data centra constraints skipped (is_ConsiderDataCentra != 1)
	 constraints: 13) frequency control constraints skipped (is_ConsiderFrequencyControl != 1)
	 constraints: 14) hydro power limits					 done
+++++++++++++++++++++++++++++++++++++++++++++++++++++++++++++++++++++++++++++++++++++++++++
Step-4: starting Gurobi solver
Set parameter MIPGap to value 0.015
Gurobi Optimizer version 13.0.2 build v13.0.2rc1 (win64 - Windows 11+.0 (29639.2))

CPU model: 13th Gen Intel(R) Core(TM) i7-13700F, instruction set [SSE2|AVX|AVX2]
Thread count: 16 physical cores, 24 logical processors, using up to 24 threads

Non-default parameters:
MIPGap  0.015

Optimize a model with 25962 rows, 16848 columns and 139856 nonzeros (Min)
Model fingerprint: 0x577cdbfa
Model has 12600 linear objective coefficients
Variable types: 12864 continuous, 3984 integer (3984 binary)
Coefficient statistics:
  Matrix range     [3e-02, 4e+02]
  Objective range  [1e+00, 1e+15]
  Bounds range     [0e+00, 0e+00]
  RHS range        [7e-03, 4e+02]
Warning: Model contains large objective coefficients
         Consider reformulating model or setting NumericFocus parameter
         to avoid numerical issues.

Presolve removed 10664 rows and 5512 columns
Presolve time: 0.22s
Presolved: 15298 rows, 11336 columns, 58135 nonzeros
Variable types: 7847 continuous, 3489 integer (3489 binary)

Root relaxation: objective 1.542084e+06, 8038 iterations, 0.28 seconds (0.49 work units)

    Nodes    |    Current Node    |     Objective Bounds      |     Work
 Expl Unexpl |  Obj  Depth IntInf | Incumbent    BestBd   Gap | It/Node Time

     0     0 1542084.12    0  347          - 1542084.12      -     -    0s
H    0     0                    6.616556e+14 1542084.12   100%     -    0s
H    0     0                    1867672.5803 1542084.12  17.4%     -    0s
H    0     0                    1812569.0285 1542084.12  14.9%     -    0s
     0     0 1545999.45    0  316 1812569.03 1545999.45  14.7%     -    1s
     0     0 1551086.13    0  261 1812569.03 1551086.13  14.4%     -    1s
     0     0 1551543.44    0  259 1812569.03 1551543.44  14.4%     -    1s
H    0     0                    1787591.7874 1551543.44  13.2%     -    1s
     0     0 1553300.51    0  196 1787591.79 1553300.51  13.1%     -    1s
H    0     0                    1612099.6998 1553300.65  3.65%     -    1s
H    0     0                    1568677.3494 1553339.54  0.98%     -    1s
H    0     0                    1568186.1533 1553339.54  0.95%     -    1s
H    0     0                    1567977.2136 1553339.54  0.93%     -    1s
     0     0 1553408.07    0  209 1567977.21 1553408.07  0.93%     -    1s

Cutting planes:
  Gomory: 25
  Implied bound: 148
  MIR: 112
  Flow cover: 74
  Network: 1
  RLT: 46
  Relax-and-lift: 36
  BQP: 5

Explored 1 nodes (10950 simplex iterations) in 1.95 seconds (2.91 work units)
Thread count was 24 (of 24 available processors)

Solution count 8: 1.56798e+06 1.56819e+06 1.56868e+06 ... 6.61656e+14

Optimal solution found (tolerance 1.50e-02)
Best objective 1.567977213584e+06, best bound 1.553408070907e+06, gap 0.9292%

User-callback calls 428, time in user-callback 0.00 sec
Step-5: Gurobi solver finished
+++++++++++++++++++++++++++++++++++++++++++++++++++++++++++++++++++++++++++++++++++++++++++

assert_is_solved_and_feasible(scuc) = nothing
solution_summary(scuc) = solution_summary(; result = 1, verbose = false)
├ solver_name          : Gurobi
├ Termination
│ ├ termination_status : OPTIMAL
│ ├ result_count       : 8
│ ├ raw_status         : Model was solved to optimality (subject to tolerances), and an optimal solution is available.
│ └ objective_bound    : 1.55341e+06
├ Solution (result = 1)
│ ├ primal_status        : FEASIBLE_POINT
│ ├ dual_status          : NO_SOLUTION
│ ├ objective_value      : 1.56798e+06
│ └ relative_gap         : 9.29168e-03
└ Work counters
  ├ solve_time (sec)   : 1.95200e+00
  ├ simplex_iterations : 10950
  ├ barrier_iterations : 0
  └ node_count         : 1


Termination Status: OPTIMAL
Acceptable solution found (Status: OPTIMAL).
Step-6: record datas
PART1: [unit-commitment] calculation result has been saved to: D:/GithubClonefiles/module_unitcommitment/output/details_schedule_results/pcm_simulation_results/intervels_[7]/res_schedule_commitment_result.txt
PART1: [unit-commitment] calculation result has been saved to: D:/GithubClonefiles/module_unitcommitment/output/details_schedule_results/pcm_simulation_results/intervels_[7]/res_schedule_commitment_result.txt
--------------------------------------------------------------------------------
Running mode: Unit+Ramp
Step-3: Creating dispatching model (Refactored & Modularized)
Set parameter Username
Set parameter LicenseID to value 2826524
Academic license - for non-commercial use only - expires 2027-05-22
Set parameter MIPGap to value 0.015
	 Variables defined.
DEBUG set_objective_economic!: NT=30, NG=54, ND=91, NW=2, NS=1, K=3, size(refcost)=(54,), size(eachslope)=(3, 54)
objective_function
	MILP economic objective set
subject to.
	 constraints: 1) minimum shutup/shutdown time limits			 done
	 constraints: 2) binary variable logic					 done
	 constraints: 3) shutup/shutdown cost					 done
	 constraints: 4) loadcurtailments and spoliedwinds			 done
	 constraints: 5) generatos power limits					 done
	 constraints: 6) system reserves limits					 done
	 constraints: 7) power balance constraints				 done
	 constraints: 8) ramp-up/ramp-down constraints				 done
	 constraints: 9) piece linearization constraints			 done
	 constraints: 10) transmissionline limits skipped (is_NetWorkCon != 1 or Gsdf missing or NL=0)
	 constraints: 11) stroges system constraints skipped (is_ConsiderBESS=0)
	 constraints: 12) data centra constraints skipped (is_ConsiderDataCentra != 1)
	 constraints: 13) frequency control constraints skipped (is_ConsiderFrequencyControl != 1)
	 constraints: 14) hydro power limits					 done
+++++++++++++++++++++++++++++++++++++++++++++++++++++++++++++++++++++++++++++++++++++++++++
Step-4: starting Gurobi solver
Set parameter MIPGap to value 0.015
Gurobi Optimizer version 13.0.2 build v13.0.2rc1 (win64 - Windows 11+.0 (29639.2))

CPU model: 13th Gen Intel(R) Core(TM) i7-13700F, instruction set [SSE2|AVX|AVX2]
Thread count: 16 physical cores, 24 logical processors, using up to 24 threads

Non-default parameters:
MIPGap  0.015

Optimize a model with 32496 rows, 21060 columns and 175442 nonzeros (Min)
Model fingerprint: 0xee044a47
Model has 15750 linear objective coefficients
Variable types: 16080 continuous, 4980 integer (4980 binary)
Coefficient statistics:
  Matrix range     [3e-02, 4e+02]
  Objective range  [1e+00, 1e+15]
  Bounds range     [0e+00, 0e+00]
  RHS range        [7e-03, 3e+02]
Warning: Model contains large objective coefficients
         Consider reformulating model or setting NumericFocus parameter
         to avoid numerical issues.

Presolve removed 13005 rows and 6745 columns
Presolve time: 0.35s
Presolved: 19491 rows, 14315 columns, 88036 nonzeros
Variable types: 9809 continuous, 4506 integer (4506 binary)

Root relaxation: objective 2.192464e+06, 10114 iterations, 0.38 seconds (0.53 work units)

    Nodes    |    Current Node    |     Objective Bounds      |     Work
 Expl Unexpl |  Obj  Depth IntInf | Incumbent    BestBd   Gap | It/Node Time

     0     0 2192463.56    0  215          - 2192463.56      -     -    0s
H    0     0                    5.265068e+15 2192463.56   100%     -    0s
H    0     0                    4.999508e+15 2192463.56   100%     -    1s
H    0     0                    9.467453e+14 2192463.56   100%     -    1s
H    0     0                    2275206.5648 2192463.56  3.64%     -    1s
H    0     0                    2229377.4845 2193479.56  1.61%     -    1s
     0     0 2193479.56    0  259 2229377.48 2193479.56  1.61%     -    1s
     0     0 2193488.62    0  246 2229377.48 2193488.62  1.61%     -    1s
     0     0 2193624.30    0  255 2229377.48 2193624.30  1.60%     -    1s
     0     0 2193627.68    0  260 2229377.48 2193627.68  1.60%     -    1s
     0     0 2193627.68    0  267 2229377.48 2193627.68  1.60%     -    1s
H    0     0                    2219024.5863 2193737.16  1.14%     -    1s
     0     0 2193737.16    0  263 2219024.59 2193737.16  1.14%     -    1s

Cutting planes:
  Gomory: 12
  Cover: 2
  Implied bound: 46
  MIR: 102
  Flow cover: 44
  Network: 1
  RLT: 2
  Relax-and-lift: 10

Explored 1 nodes (11161 simplex iterations) in 2.01 seconds (2.86 work units)
Thread count was 24 (of 24 available processors)

Solution count 6: 2.21902e+06 2.22938e+06 2.27521e+06 ... 5.26507e+15

Optimal solution found (tolerance 1.50e-02)
Best objective 2.219024586335e+06, best bound 2.193737155727e+06, gap 1.1396%

User-callback calls 459, time in user-callback 0.00 sec
Step-5: Gurobi solver finished
+++++++++++++++++++++++++++++++++++++++++++++++++++++++++++++++++++++++++++++++++++++++++++

assert_is_solved_and_feasible(scuc) = nothing
solution_summary(scuc) = solution_summary(; result = 1, verbose = false)
├ solver_name          : Gurobi
├ Termination
│ ├ termination_status : OPTIMAL
│ ├ result_count       : 6
│ ├ raw_status         : Model was solved to optimality (subject to tolerances), and an optimal solution is available.
│ └ objective_bound    : 2.19374e+06
├ Solution (result = 1)
│ ├ primal_status        : FEASIBLE_POINT
│ ├ dual_status          : NO_SOLUTION
│ ├ objective_value      : 2.21902e+06
│ └ relative_gap         : 1.13957e-02
└ Work counters
  ├ solve_time (sec)   : 2.01200e+00
  ├ simplex_iterations : 11161
  ├ barrier_iterations : 0
  └ node_count         : 1


Termination Status: OPTIMAL
Acceptable solution found (Status: OPTIMAL).
Step-6: record datas
PART1: [unit-commitment] calculation result has been saved to: D:/GithubClonefiles/module_unitcommitment/output/details_schedule_results/pcm_simulation_results/intervels_[1]/res_schedule_commitment_result.txt
PART1: [unit-commitment] calculation result has been saved to: D:/GithubClonefiles/module_unitcommitment/output/details_schedule_results/pcm_simulation_results/intervels_[1]/res_schedule_commitment_result.txt
Step-3: Creating dispatching model (Refactored & Modularized)
Set parameter Username
Set parameter LicenseID to value 2826524
Academic license - for non-commercial use only - expires 2027-05-22
Set parameter MIPGap to value 0.015
	 Variables defined.
DEBUG set_objective_economic!: NT=27, NG=54, ND=91, NW=2, NS=1, K=3, size(refcost)=(54,), size(eachslope)=(3, 54)
objective_function
	MILP economic objective set
subject to.
	 constraints: 1) minimum shutup/shutdown time limits			 done
	 constraints: 2) binary variable logic					 done
	 constraints: 3) shutup/shutdown cost					 done
	 constraints: 4) loadcurtailments and spoliedwinds			 done
	 constraints: 5) generatos power limits					 done
	 constraints: 6) system reserves limits					 done
	 constraints: 7) power balance constraints				 done
	 constraints: 8) ramp-up/ramp-down constraints				 done
	 constraints: 9) piece linearization constraints			 done
	 constraints: 10) transmissionline limits skipped (is_NetWorkCon != 1 or Gsdf missing or NL=0)
	 constraints: 11) stroges system constraints skipped (is_ConsiderBESS=0)
	 constraints: 12) data centra constraints skipped (is_ConsiderDataCentra != 1)
	 constraints: 13) frequency control constraints skipped (is_ConsiderFrequencyControl != 1)
	 constraints: 14) hydro power limits					 done
+++++++++++++++++++++++++++++++++++++++++++++++++++++++++++++++++++++++++++++++++++++++++++
Step-4: starting Gurobi solver
Set parameter MIPGap to value 0.015
Gurobi Optimizer version 13.0.2 build v13.0.2rc1 (win64 - Windows 11+.0 (29639.2))

CPU model: 13th Gen Intel(R) Core(TM) i7-13700F, instruction set [SSE2|AVX|AVX2]
Thread count: 16 physical cores, 24 logical processors, using up to 24 threads

Non-default parameters:
MIPGap  0.015

Optimize a model with 29232 rows, 18954 columns and 157667 nonzeros (Min)
Model fingerprint: 0x1efffdcb
Model has 14175 linear objective coefficients
Variable types: 14472 continuous, 4482 integer (4482 binary)
Coefficient statistics:
  Matrix range     [3e-02, 4e+02]
  Objective range  [1e+00, 1e+15]
  Bounds range     [0e+00, 0e+00]
  RHS range        [1e-02, 4e+02]
Warning: Model contains large objective coefficients
         Consider reformulating model or setting NumericFocus parameter
         to avoid numerical issues.

Presolve removed 11746 rows and 6109 columns
Presolve time: 0.24s
Presolved: 17486 rows, 12845 columns, 66490 nonzeros
Variable types: 8828 continuous, 4017 integer (4017 binary)
Found heuristic solution: objective 2.553942e+15
Found heuristic solution: objective 3298219.6653

Root relaxation: objective 2.468450e+06, 10641 iterations, 0.23 seconds (0.35 work units)

    Nodes    |    Current Node    |     Objective Bounds      |     Work
 Expl Unexpl |  Obj  Depth IntInf | Incumbent    BestBd   Gap | It/Node Time

     0     0 2468449.57    0  489 3298219.67 2468449.57  25.2%     -    0s
     0     0 2480286.80    0  349 3298219.67 2480286.80  24.8%     -    1s
H    0     0                    2598610.9357 2480290.89  4.55%     -    1s
     0     0 2480315.08    0  335 2598610.94 2480315.08  4.55%     -    1s
     0     0 2480315.08    0  348 2598610.94 2480315.08  4.55%     -    1s
     0     0 2481794.71    0  267 2598610.94 2481794.71  4.50%     -    1s
     0     0 2598610.94    0  267 2598610.94 2598610.94  0.00%     -    1s

Cutting planes:
  Gomory: 45
  Implied bound: 269
  MIR: 93
  Flow cover: 84
  Network: 2
  RLT: 108
  Relax-and-lift: 103
  BQP: 9

Explored 1 nodes (12881 simplex iterations) in 1.40 seconds (2.06 work units)
Thread count was 24 (of 24 available processors)

Solution count 3: 2.59861e+06 3.29822e+06 2.55394e+15 

Optimal solution found (tolerance 1.50e-02)
Best objective 2.598610935697e+06, best bound 2.598610935697e+06, gap 0.0000%

User-callback calls 386, time in user-callback 0.00 sec
Step-5: Gurobi solver finished
+++++++++++++++++++++++++++++++++++++++++++++++++++++++++++++++++++++++++++++++++++++++++++

assert_is_solved_and_feasible(scuc) = nothing
solution_summary(scuc) = solution_summary(; result = 1, verbose = false)
├ solver_name          : Gurobi
├ Termination
│ ├ termination_status : OPTIMAL
│ ├ result_count       : 3
│ ├ raw_status         : Model was solved to optimality (subject to tolerances), and an optimal solution is available.
│ └ objective_bound    : 2.59861e+06
├ Solution (result = 1)
│ ├ primal_status        : FEASIBLE_POINT
│ ├ dual_status          : NO_SOLUTION
│ ├ objective_value      : 2.59861e+06
│ └ relative_gap         : 0.00000e+00
└ Work counters
  ├ solve_time (sec)   : 1.40300e+00
  ├ simplex_iterations : 12881
  ├ barrier_iterations : 0
  └ node_count         : 1


Termination Status: OPTIMAL
Acceptable solution found (Status: OPTIMAL).
Step-6: record datas
PART1: [unit-commitment] calculation result has been saved to: D:/GithubClonefiles/module_unitcommitment/output/details_schedule_results/pcm_simulation_results/intervels_[2]/res_schedule_commitment_result.txt
PART1: [unit-commitment] calculation result has been saved to: D:/GithubClonefiles/module_unitcommitment/output/details_schedule_results/pcm_simulation_results/intervels_[2]/res_schedule_commitment_result.txt
Step-3: Creating dispatching model (Refactored & Modularized)
Set parameter Username
Set parameter LicenseID to value 2826524
Academic license - for non-commercial use only - expires 2027-05-22
Set parameter MIPGap to value 0.015
	 Variables defined.
DEBUG set_objective_economic!: NT=28, NG=54, ND=91, NW=2, NS=1, K=3, size(refcost)=(54,), size(eachslope)=(3, 54)
objective_function
	MILP economic objective set
subject to.
	 constraints: 1) minimum shutup/shutdown time limits			 done
	 constraints: 2) binary variable logic					 done
	 constraints: 3) shutup/shutdown cost					 done
	 constraints: 4) loadcurtailments and spoliedwinds			 done
	 constraints: 5) generatos power limits					 done
	 constraints: 6) system reserves limits					 done
	 constraints: 7) power balance constraints				 done
	 constraints: 8) ramp-up/ramp-down constraints				 done
	 constraints: 9) piece linearization constraints			 done
	 constraints: 10) transmissionline limits skipped (is_NetWorkCon != 1 or Gsdf missing or NL=0)
	 constraints: 11) stroges system constraints skipped (is_ConsiderBESS=0)
	 constraints: 12) data centra constraints skipped (is_ConsiderDataCentra != 1)
	 constraints: 13) frequency control constraints skipped (is_ConsiderFrequencyControl != 1)
	 constraints: 14) hydro power limits					 done
+++++++++++++++++++++++++++++++++++++++++++++++++++++++++++++++++++++++++++++++++++++++++++
Step-4: starting Gurobi solver
Set parameter MIPGap to value 0.015
Gurobi Optimizer version 13.0.2 build v13.0.2rc1 (win64 - Windows 11+.0 (29639.2))

CPU model: 13th Gen Intel(R) Core(TM) i7-13700F, instruction set [SSE2|AVX|AVX2]
Thread count: 16 physical cores, 24 logical processors, using up to 24 threads

Non-default parameters:
MIPGap  0.015

Optimize a model with 30354 rows, 19656 columns and 163745 nonzeros (Min)
Model fingerprint: 0xccc8e3c9
Model has 14700 linear objective coefficients
Variable types: 15008 continuous, 4648 integer (4648 binary)
Coefficient statistics:
  Matrix range     [3e-02, 4e+02]
  Objective range  [1e+00, 1e+15]
  Bounds range     [0e+00, 0e+00]
  RHS range        [7e-03, 4e+02]
Warning: Model contains large objective coefficients
         Consider reformulating model or setting NumericFocus parameter
         to avoid numerical issues.

Presolve removed 12230 rows and 6340 columns
Presolve time: 0.26s
Presolved: 18124 rows, 13316 columns, 68839 nonzeros
Variable types: 9155 continuous, 4161 integer (4161 binary)

Root relaxation: objective 1.718828e+06, 8354 iterations, 0.22 seconds (0.30 work units)

    Nodes    |    Current Node    |     Objective Bounds      |     Work
 Expl Unexpl |  Obj  Depth IntInf | Incumbent    BestBd   Gap | It/Node Time

     0     0 1718828.28    0  316          - 1718828.28      -     -    0s
H    0     0                    1986321.2678 1718828.28  13.5%     -    0s
     0     0 1724244.45    0  256 1986321.27 1724244.45  13.2%     -    1s
     0     0 1724373.03    0  262 1986321.27 1724373.03  13.2%     -    1s
     0     0 1724373.03    0  265 1986321.27 1724373.03  13.2%     -    1s
     0     0 1724373.03    0  261 1986321.27 1724373.03  13.2%     -    1s
     0     0 1724373.03    0  262 1986321.27 1724373.03  13.2%     -    1s
     0     0 1730524.46    0  232 1986321.27 1730524.46  12.9%     -    1s
     0     0 1730563.10    0  225 1986321.27 1730563.10  12.9%     -    1s
     0     0 1730574.84    0  222 1986321.27 1730574.84  12.9%     -    1s
H    0     0                    1923551.2018 1730574.84  10.0%     -    1s
H    0     0                    1866195.7569 1730902.47  7.25%     -    1s
H    0     0                    1865504.3339 1730902.47  7.22%     -    1s
H    0     0                    1758776.6783 1730902.47  1.58%     -    1s
     0     0 1730902.47    0  232 1758776.68 1730902.47  1.58%     -    1s
     0     0 1730961.58    0  221 1758776.68 1730961.58  1.58%     -    1s
     0     0 1730961.58    0  222 1758776.68 1730961.58  1.58%     -    1s
     0     0 1731325.53    0  210 1758776.68 1731325.53  1.56%     -    2s
H    0     0                    1756554.4349 1731330.37  1.44%     -    2s

Cutting planes:
  Gomory: 21
  Lift-and-project: 1
  Cover: 4
  Implied bound: 185
  MIR: 119
  Flow cover: 96
  RLT: 52
  Relax-and-lift: 49
  BQP: 7

Explored 1 nodes (11998 simplex iterations) in 2.37 seconds (3.13 work units)
Thread count was 24 (of 24 available processors)

Solution count 6: 1.75655e+06 1.75878e+06 1.8655e+06 ... 1.98632e+06

Optimal solution found (tolerance 1.50e-02)
Best objective 1.756554434879e+06, best bound 1.731330370481e+06, gap 1.4360%

User-callback calls 511, time in user-callback 0.00 sec
Step-5: Gurobi solver finished
+++++++++++++++++++++++++++++++++++++++++++++++++++++++++++++++++++++++++++++++++++++++++++

assert_is_solved_and_feasible(scuc) = nothing
solution_summary(scuc) = solution_summary(; result = 1, verbose = false)
├ solver_name          : Gurobi
├ Termination
│ ├ termination_status : OPTIMAL
│ ├ result_count       : 6
│ ├ raw_status         : Model was solved to optimality (subject to tolerances), and an optimal solution is available.
│ └ objective_bound    : 1.73133e+06
├ Solution (result = 1)
│ ├ primal_status        : FEASIBLE_POINT
│ ├ dual_status          : NO_SOLUTION
│ ├ objective_value      : 1.75655e+06
│ └ relative_gap         : 1.43600e-02
└ Work counters
  ├ solve_time (sec)   : 2.37100e+00
  ├ simplex_iterations : 11998
  ├ barrier_iterations : 0
  └ node_count         : 1


Termination Status: OPTIMAL
Acceptable solution found (Status: OPTIMAL).
Step-6: record datas
PART1: [unit-commitment] calculation result has been saved to: D:/GithubClonefiles/module_unitcommitment/output/details_schedule_results/pcm_simulation_results/intervels_[3]/res_schedule_commitment_result.txt
PART1: [unit-commitment] calculation result has been saved to: D:/GithubClonefiles/module_unitcommitment/output/details_schedule_results/pcm_simulation_results/intervels_[3]/res_schedule_commitment_result.txt
Step-3: Creating dispatching model (Refactored & Modularized)
Set parameter Username
Set parameter LicenseID to value 2826524
Academic license - for non-commercial use only - expires 2027-05-22
Set parameter MIPGap to value 0.015
	 Variables defined.
DEBUG set_objective_economic!: NT=27, NG=54, ND=91, NW=2, NS=1, K=3, size(refcost)=(54,), size(eachslope)=(3, 54)
objective_function
	MILP economic objective set
subject to.
	 constraints: 1) minimum shutup/shutdown time limits			 done
	 constraints: 2) binary variable logic					 done
	 constraints: 3) shutup/shutdown cost					 done
	 constraints: 4) loadcurtailments and spoliedwinds			 done
	 constraints: 5) generatos power limits					 done
	 constraints: 6) system reserves limits					 done
	 constraints: 7) power balance constraints				 done
	 constraints: 8) ramp-up/ramp-down constraints				 done
	 constraints: 9) piece linearization constraints			 done
	 constraints: 10) transmissionline limits skipped (is_NetWorkCon != 1 or Gsdf missing or NL=0)
	 constraints: 11) stroges system constraints skipped (is_ConsiderBESS=0)
	 constraints: 12) data centra constraints skipped (is_ConsiderDataCentra != 1)
	 constraints: 13) frequency control constraints skipped (is_ConsiderFrequencyControl != 1)
	 constraints: 14) hydro power limits					 done
+++++++++++++++++++++++++++++++++++++++++++++++++++++++++++++++++++++++++++++++++++++++++++
Step-4: starting Gurobi solver
Set parameter MIPGap to value 0.015
Gurobi Optimizer version 13.0.2 build v13.0.2rc1 (win64 - Windows 11+.0 (29639.2))

CPU model: 13th Gen Intel(R) Core(TM) i7-13700F, instruction set [SSE2|AVX|AVX2]
Thread count: 16 physical cores, 24 logical processors, using up to 24 threads

Non-default parameters:
MIPGap  0.015

Optimize a model with 29225 rows, 18954 columns and 157639 nonzeros (Min)
Model fingerprint: 0x6197ca8d
Model has 14175 linear objective coefficients
Variable types: 14472 continuous, 4482 integer (4482 binary)
Coefficient statistics:
  Matrix range     [3e-02, 4e+02]
  Objective range  [1e+00, 1e+15]
  Bounds range     [0e+00, 0e+00]
  RHS range        [8e-03, 4e+02]
Warning: Model contains large objective coefficients
         Consider reformulating model or setting NumericFocus parameter
         to avoid numerical issues.

Presolve removed 11731 rows and 6108 columns
Presolve time: 0.25s
Presolved: 17494 rows, 12846 columns, 66480 nonzeros
Variable types: 8826 continuous, 4020 integer (4020 binary)

Root relaxation: objective 3.648645e+15, 10618 iterations, 0.22 seconds (0.33 work units)

    Nodes    |    Current Node    |     Objective Bounds      |     Work
 Expl Unexpl |  Obj  Depth IntInf | Incumbent    BestBd   Gap | It/Node Time

     0     0 3.6486e+15    0  422          - 3.6486e+15      -     -    0s
H    0     0                    5.701114e+15 3.6486e+15  36.0%     -    1s
H    0     0                    3.648645e+15 3.6486e+15  0.00%     -    1s

Explored 1 nodes (10630 simplex iterations) in 1.61 seconds (2.97 work units)
Thread count was 24 (of 24 available processors)

Solution count 2: 3.64865e+15 5.70111e+15 

Optimal solution found (tolerance 1.50e-02)
Best objective 3.648645368152e+15, best bound 3.648645368152e+15, gap 0.0000%

User-callback calls 728, time in user-callback 0.00 sec
Step-5: Gurobi solver finished
+++++++++++++++++++++++++++++++++++++++++++++++++++++++++++++++++++++++++++++++++++++++++++

assert_is_solved_and_feasible(scuc) = nothing
solution_summary(scuc) = solution_summary(; result = 1, verbose = false)
├ solver_name          : Gurobi
├ Termination
│ ├ termination_status : OPTIMAL
│ ├ result_count       : 2
│ ├ raw_status         : Model was solved to optimality (subject to tolerances), and an optimal solution is available.
│ └ objective_bound    : 3.64865e+15
├ Solution (result = 1)
│ ├ primal_status        : FEASIBLE_POINT
│ ├ dual_status          : NO_SOLUTION
│ ├ objective_value      : 3.64865e+15
│ └ relative_gap         : 2.24741e-14
└ Work counters
  ├ solve_time (sec)   : 1.61700e+00
  ├ simplex_iterations : 10630
  ├ barrier_iterations : 0
  └ node_count         : 1


Termination Status: OPTIMAL
Acceptable solution found (Status: OPTIMAL).
Step-6: record datas
PART1: [unit-commitment] calculation result has been saved to: D:/GithubClonefiles/module_unitcommitment/output/details_schedule_results/pcm_simulation_results/intervels_[4]/res_schedule_commitment_result.txt
PART1: [unit-commitment] calculation result has been saved to: D:/GithubClonefiles/module_unitcommitment/output/details_schedule_results/pcm_simulation_results/intervels_[4]/res_schedule_commitment_result.txt
Step-3: Creating dispatching model (Refactored & Modularized)
Set parameter Username
Set parameter LicenseID to value 2826524
Academic license - for non-commercial use only - expires 2027-05-22
Set parameter MIPGap to value 0.015
	 Variables defined.
DEBUG set_objective_economic!: NT=30, NG=54, ND=91, NW=2, NS=1, K=3, size(refcost)=(54,), size(eachslope)=(3, 54)
objective_function
	MILP economic objective set
subject to.
	 constraints: 1) minimum shutup/shutdown time limits			 done
	 constraints: 2) binary variable logic					 done
	 constraints: 3) shutup/shutdown cost					 done
	 constraints: 4) loadcurtailments and spoliedwinds			 done
	 constraints: 5) generatos power limits					 done
	 constraints: 6) system reserves limits					 done
	 constraints: 7) power balance constraints				 done
	 constraints: 8) ramp-up/ramp-down constraints				 done
	 constraints: 9) piece linearization constraints			 done
	 constraints: 10) transmissionline limits skipped (is_NetWorkCon != 1 or Gsdf missing or NL=0)
	 constraints: 11) stroges system constraints skipped (is_ConsiderBESS=0)
	 constraints: 12) data centra constraints skipped (is_ConsiderDataCentra != 1)
	 constraints: 13) frequency control constraints skipped (is_ConsiderFrequencyControl != 1)
	 constraints: 14) hydro power limits					 done
+++++++++++++++++++++++++++++++++++++++++++++++++++++++++++++++++++++++++++++++++++++++++++
Step-4: starting Gurobi solver
Set parameter MIPGap to value 0.015
Gurobi Optimizer version 13.0.2 build v13.0.2rc1 (win64 - Windows 11+.0 (29639.2))

CPU model: 13th Gen Intel(R) Core(TM) i7-13700F, instruction set [SSE2|AVX|AVX2]
Thread count: 16 physical cores, 24 logical processors, using up to 24 threads

Non-default parameters:
MIPGap  0.015

Optimize a model with 32500 rows, 21060 columns and 175460 nonzeros (Min)
Model fingerprint: 0xb70feffa
Model has 15750 linear objective coefficients
Variable types: 16080 continuous, 4980 integer (4980 binary)
Coefficient statistics:
  Matrix range     [3e-02, 4e+02]
  Objective range  [1e+00, 1e+15]
  Bounds range     [0e+00, 0e+00]
  RHS range        [8e-03, 4e+02]
Warning: Model contains large objective coefficients
         Consider reformulating model or setting NumericFocus parameter
         to avoid numerical issues.

Presolve removed 13033 rows and 6775 columns
Presolve time: 0.30s
Presolved: 19467 rows, 14285 columns, 73822 nonzeros
Variable types: 9809 continuous, 4476 integer (4476 binary)

Root relaxation: objective 2.014295e+06, 10287 iterations, 0.46 seconds (0.56 work units)

    Nodes    |    Current Node    |     Objective Bounds      |     Work
 Expl Unexpl |  Obj  Depth IntInf | Incumbent    BestBd   Gap | It/Node Time

     0     0 2014295.02    0  391          - 2014295.02      -     -    1s
H    0     0                    2170595.6776 2014295.02  7.20%     -    1s
H    0     0                    2169823.0483 2014295.02  7.17%     -    1s
     0     0 2018730.60    0  347 2169823.05 2018730.60  6.96%     -    1s
     0     0 2018804.16    0  354 2169823.05 2018804.16  6.96%     -    1s
     0     0 2020831.33    0  323 2169823.05 2020831.33  6.87%     -    2s
     0     0 2020841.75    0  289 2169823.05 2020841.75  6.87%     -    2s
     0     0 2020842.40    0  291 2169823.05 2020842.40  6.87%     -    2s
     0     0 2020843.42    0  275 2169823.05 2020843.42  6.87%     -    2s
H    0     0                    2119177.7356 2020843.42  4.64%     -    2s
H    0     0                    2118836.6956 2020843.42  4.62%     -    2s
H    0     0                    2118819.6816 2020843.42  4.62%     -    2s
H    0     0                    2118599.9286 2020843.42  4.61%     -    2s
H    0     0                    2105907.6476 2020843.42  4.04%     -    2s
H    0     0                    2104490.8665 2020843.42  3.97%     -    2s
H    0     0                    2104480.6265 2022714.74  3.89%     -    2s
H    0     0                    2099671.4884 2022714.74  3.67%     -    2s
H    0     0                    2099593.0153 2022714.74  3.66%     -    2s
     0     0 2022714.74    0  322 2099593.02 2022714.74  3.66%     -    2s
     0     0 2023048.26    0  329 2099593.02 2023048.26  3.65%     -    2s
     0     0 2023048.26    0  339 2099593.02 2023048.26  3.65%     -    2s
H    0     0                    2097916.3089 2023048.26  3.57%     -    3s
H    0     0                    2073695.2870 2023048.26  2.44%     -    3s
H    0     0                    2070465.5832 2023048.26  2.29%     -    3s
H    0     0                    2069915.0542 2023048.26  2.26%     -    3s
H    0     0                    2069766.8016 2023048.26  2.26%     -    3s
     0     0 2023235.39    0  307 2069766.80 2023235.39  2.25%     -    3s
H    0     0                    2069753.4487 2023235.48  2.25%     -    3s
     0     0 2023249.03    0  331 2069753.45 2023249.03  2.25%     -    3s
     0     0 2023251.70    0  352 2069753.45 2023251.70  2.25%     -    3s
     0     0 2023252.92    0  367 2069753.45 2023252.92  2.25%     -    3s
H    0     0                    2066268.2424 2023341.16  2.08%     -    3s
H    0     0                    2062397.4473 2023341.16  1.89%     -    3s
H    0     0                    2062397.4469 2023341.16  1.89%     -    3s
     0     0 2023341.16    0  372 2062397.45 2023341.16  1.89%     -    3s
     0     0 2023353.60    0  430 2062397.45 2023353.60  1.89%     -    4s
     0     0 2023353.77    0  425 2062397.45 2023353.77  1.89%     -    4s
     0     0 2023382.65    0  441 2062397.45 2023382.65  1.89%     -    4s
H    0     0                    2060572.8470 2023383.48  1.80%     -    4s
     0     0 2023388.57    0  414 2060572.85 2023388.57  1.80%     -    4s
     0     0 2023388.91    0  431 2060572.85 2023388.91  1.80%     -    4s
     0     0 2023425.39    0  385 2060572.85 2023425.39  1.80%     -    4s
     0     0 2023430.19    0  383 2060572.85 2023430.19  1.80%     -    4s
     0     0 2023432.66    0  412 2060572.85 2023432.66  1.80%     -    5s
     0     0 2023450.20    0  387 2060572.85 2023450.20  1.80%     -    5s
H    0     0                    2059666.9499 2023450.20  1.76%     -    5s
     0     0 2023453.53    0  454 2059666.95 2023453.53  1.76%     -    5s
     0     0 2023454.11    0  446 2059666.95 2023454.11  1.76%     -    5s
     0     0 2023479.39    0  390 2059666.95 2023479.39  1.76%     -    5s
     0     0 2023482.59    0  386 2059666.95 2023482.59  1.76%     -    5s
     0     0 2023482.79    0  395 2059666.95 2023482.79  1.76%     -    5s
H    0     0                    2033504.7592 2023482.79  0.49%     -    5s

Cutting planes:
  Gomory: 37
  Cover: 3
  Implied bound: 290
  MIR: 188
  Flow cover: 175
  Network: 1
  RLT: 100
  Relax-and-lift: 118
  BQP: 7
  PSD: 1

Explored 1 nodes (16468 simplex iterations) in 5.91 seconds (6.51 work units)
Thread count was 24 (of 24 available processors)

Solution count 10: 2.0335e+06 2.05967e+06 2.06057e+06 ... 2.09792e+06

Optimal solution found (tolerance 1.50e-02)
Best objective 2.033504759249e+06, best bound 2.023482790262e+06, gap 0.4928%

User-callback calls 988, time in user-callback 0.00 sec
Step-5: Gurobi solver finished
+++++++++++++++++++++++++++++++++++++++++++++++++++++++++++++++++++++++++++++++++++++++++++

assert_is_solved_and_feasible(scuc) = nothing
solution_summary(scuc) = solution_summary(; result = 1, verbose = false)
├ solver_name          : Gurobi
├ Termination
│ ├ termination_status : OPTIMAL
│ ├ result_count       : 10
│ ├ raw_status         : Model was solved to optimality (subject to tolerances), and an optimal solution is available.
│ └ objective_bound    : 2.02348e+06
├ Solution (result = 1)
│ ├ primal_status        : FEASIBLE_POINT
│ ├ dual_status          : NO_SOLUTION
│ ├ objective_value      : 2.03350e+06
│ └ relative_gap         : 4.92842e-03
└ Work counters
  ├ solve_time (sec)   : 6.07500e+00
  ├ simplex_iterations : 16468
  ├ barrier_iterations : 0
  └ node_count         : 1


Termination Status: OPTIMAL
Acceptable solution found (Status: OPTIMAL).
Step-6: record datas
PART1: [unit-commitment] calculation result has been saved to: D:/GithubClonefiles/module_unitcommitment/output/details_schedule_results/pcm_simulation_results/intervels_[5]/res_schedule_commitment_result.txt
PART1: [unit-commitment] calculation result has been saved to: D:/GithubClonefiles/module_unitcommitment/output/details_schedule_results/pcm_simulation_results/intervels_[5]/res_schedule_commitment_result.txt
Step-3: Creating dispatching model (Refactored & Modularized)
Set parameter Username
Set parameter LicenseID to value 2826524
Academic license - for non-commercial use only - expires 2027-05-22
Set parameter MIPGap to value 0.015
	 Variables defined.
DEBUG set_objective_economic!: NT=31, NG=54, ND=91, NW=2, NS=1, K=3, size(refcost)=(54,), size(eachslope)=(3, 54)
objective_function
	MILP economic objective set
subject to.
	 constraints: 1) minimum shutup/shutdown time limits			 done
	 constraints: 2) binary variable logic					 done
	 constraints: 3) shutup/shutdown cost					 done
	 constraints: 4) loadcurtailments and spoliedwinds			 done
	 constraints: 5) generatos power limits					 done
	 constraints: 6) system reserves limits					 done
	 constraints: 7) power balance constraints				 done
	 constraints: 8) ramp-up/ramp-down constraints				 done
	 constraints: 9) piece linearization constraints			 done
	 constraints: 10) transmissionline limits skipped (is_NetWorkCon != 1 or Gsdf missing or NL=0)
	 constraints: 11) stroges system constraints skipped (is_ConsiderBESS=0)
	 constraints: 12) data centra constraints skipped (is_ConsiderDataCentra != 1)
	 constraints: 13) frequency control constraints skipped (is_ConsiderFrequencyControl != 1)
	 constraints: 14) hydro power limits					 done
+++++++++++++++++++++++++++++++++++++++++++++++++++++++++++++++++++++++++++++++++++++++++++
Step-4: starting Gurobi solver
Set parameter MIPGap to value 0.015
Gurobi Optimizer version 13.0.2 build v13.0.2rc1 (win64 - Windows 11+.0 (29639.2))

CPU model: 13th Gen Intel(R) Core(TM) i7-13700F, instruction set [SSE2|AVX|AVX2]
Thread count: 16 physical cores, 24 logical processors, using up to 24 threads

Non-default parameters:
MIPGap  0.015

Optimize a model with 33605 rows, 21762 columns and 181504 nonzeros (Min)
Model fingerprint: 0x5d0cc010
Model has 16275 linear objective coefficients
Variable types: 16616 continuous, 5146 integer (5146 binary)
Coefficient statistics:
  Matrix range     [3e-02, 4e+02]
  Objective range  [1e+00, 1e+15]
  Bounds range     [0e+00, 0e+00]
  RHS range        [7e-03, 4e+02]
Warning: Model contains large objective coefficients
         Consider reformulating model or setting NumericFocus parameter
         to avoid numerical issues.

Presolve removed 13423 rows and 6976 columns
Presolve time: 0.38s
Presolved: 20182 rows, 14786 columns, 90661 nonzeros
Variable types: 10124 continuous, 4662 integer (4662 binary)

Root relaxation: objective 3.688152e+16, 11991 iterations, 0.32 seconds (0.42 work units)

    Nodes    |    Current Node    |     Objective Bounds      |     Work
 Expl Unexpl |  Obj  Depth IntInf | Incumbent    BestBd   Gap | It/Node Time

     0     0 3.6882e+16    0  164          - 3.6882e+16      -     -    0s
H    0     0                    4.695183e+16 3.6882e+16  21.4%     -    1s
H    0     0                    3.688152e+16 3.6882e+16  0.00%     -    1s

Explored 1 nodes (12006 simplex iterations) in 1.09 seconds (1.75 work units)
Thread count was 24 (of 24 available processors)

Solution count 2: 3.68815e+16 4.69518e+16 

Optimal solution found (tolerance 1.50e-02)
Best objective 3.688152224744e+16, best bound 3.688152224744e+16, gap 0.0000%

User-callback calls 297, time in user-callback 0.00 sec
Step-5: Gurobi solver finished
+++++++++++++++++++++++++++++++++++++++++++++++++++++++++++++++++++++++++++++++++++++++++++

assert_is_solved_and_feasible(scuc) = nothing
solution_summary(scuc) = solution_summary(; result = 1, verbose = false)
├ solver_name          : Gurobi
├ Termination
│ ├ termination_status : OPTIMAL
│ ├ result_count       : 2
│ ├ raw_status         : Model was solved to optimality (subject to tolerances), and an optimal solution is available.
│ └ objective_bound    : 3.68815e+16
├ Solution (result = 1)
│ ├ primal_status        : FEASIBLE_POINT
│ ├ dual_status          : NO_SOLUTION
│ ├ objective_value      : 3.68815e+16
│ └ relative_gap         : 0.00000e+00
└ Work counters
  ├ solve_time (sec)   : 1.08800e+00
  ├ simplex_iterations : 12006
  ├ barrier_iterations : 0
  └ node_count         : 1


Termination Status: OPTIMAL
Acceptable solution found (Status: OPTIMAL).
Step-6: record datas
PART1: [unit-commitment] calculation result has been saved to: D:/GithubClonefiles/module_unitcommitment/output/details_schedule_results/pcm_simulation_results/intervels_[6]/res_schedule_commitment_result.txt
PART1: [unit-commitment] calculation result has been saved to: D:/GithubClonefiles/module_unitcommitment/output/details_schedule_results/pcm_simulation_results/intervels_[6]/res_schedule_commitment_result.txt
Step-3: Creating dispatching model (Refactored & Modularized)
Set parameter Username
Set parameter LicenseID to value 2826524
Academic license - for non-commercial use only - expires 2027-05-22
Set parameter MIPGap to value 0.015
	 Variables defined.
DEBUG set_objective_economic!: NT=24, NG=54, ND=91, NW=2, NS=1, K=3, size(refcost)=(54,), size(eachslope)=(3, 54)
objective_function
	MILP economic objective set
subject to.
	 constraints: 1) minimum shutup/shutdown time limits			 done
	 constraints: 2) binary variable logic					 done
	 constraints: 3) shutup/shutdown cost					 done
	 constraints: 4) loadcurtailments and spoliedwinds			 done
	 constraints: 5) generatos power limits					 done
	 constraints: 6) system reserves limits					 done
	 constraints: 7) power balance constraints				 done
	 constraints: 8) ramp-up/ramp-down constraints				 done
	 constraints: 9) piece linearization constraints			 done
	 constraints: 10) transmissionline limits skipped (is_NetWorkCon != 1 or Gsdf missing or NL=0)
	 constraints: 11) stroges system constraints skipped (is_ConsiderBESS=0)
	 constraints: 12) data centra constraints skipped (is_ConsiderDataCentra != 1)
	 constraints: 13) frequency control constraints skipped (is_ConsiderFrequencyControl != 1)
	 constraints: 14) hydro power limits					 done
+++++++++++++++++++++++++++++++++++++++++++++++++++++++++++++++++++++++++++++++++++++++++++
Step-4: starting Gurobi solver
Set parameter MIPGap to value 0.015
Gurobi Optimizer version 13.0.2 build v13.0.2rc1 (win64 - Windows 11+.0 (29639.2))

CPU model: 13th Gen Intel(R) Core(TM) i7-13700F, instruction set [SSE2|AVX|AVX2]
Thread count: 16 physical cores, 24 logical processors, using up to 24 threads

Non-default parameters:
MIPGap  0.015

Optimize a model with 25959 rows, 16848 columns and 139841 nonzeros (Min)
Model fingerprint: 0x5201168a
Model has 12600 linear objective coefficients
Variable types: 12864 continuous, 3984 integer (3984 binary)
Coefficient statistics:
  Matrix range     [3e-02, 4e+02]
  Objective range  [1e+00, 1e+15]
  Bounds range     [0e+00, 0e+00]
  RHS range        [7e-03, 4e+02]
Warning: Model contains large objective coefficients
         Consider reformulating model or setting NumericFocus parameter
         to avoid numerical issues.

Presolve removed 10645 rows and 5506 columns
Presolve time: 0.24s
Presolved: 15314 rows, 11342 columns, 58193 nonzeros
Variable types: 7847 continuous, 3495 integer (3495 binary)
Found heuristic solution: objective 2637535.1493

Root relaxation: objective 1.539562e+06, 7202 iterations, 0.24 seconds (0.35 work units)

    Nodes    |    Current Node    |     Objective Bounds      |     Work
 Expl Unexpl |  Obj  Depth IntInf | Incumbent    BestBd   Gap | It/Node Time

     0     0 1539561.64    0  347 2637535.15 1539561.64  41.6%     -    0s
     0     0 2637535.15    0  330 2637535.15 2637535.15  0.00%     -    1s

Cutting planes:
  Gomory: 25
  Implied bound: 99
  MIR: 73
  Flow cover: 45
  Network: 1
  RLT: 38
  Relax-and-lift: 27
  BQP: 10

Explored 1 nodes (8608 simplex iterations) in 1.13 seconds (1.70 work units)
Thread count was 24 (of 24 available processors)

Solution count 1: 2.63754e+06 

Optimal solution found (tolerance 1.50e-02)
Best objective 2.637535149306e+06, best bound 2.637535149306e+06, gap 0.0000%

User-callback calls 289, time in user-callback 0.00 sec
Step-5: Gurobi solver finished
+++++++++++++++++++++++++++++++++++++++++++++++++++++++++++++++++++++++++++++++++++++++++++

assert_is_solved_and_feasible(scuc) = nothing
solution_summary(scuc) = solution_summary(; result = 1, verbose = false)
├ solver_name          : Gurobi
├ Termination
│ ├ termination_status : OPTIMAL
│ ├ result_count       : 1
│ ├ raw_status         : Model was solved to optimality (subject to tolerances), and an optimal solution is available.
│ └ objective_bound    : 2.63754e+06
├ Solution (result = 1)
│ ├ primal_status        : FEASIBLE_POINT
│ ├ dual_status          : NO_SOLUTION
│ ├ objective_value      : 2.63754e+06
│ └ relative_gap         : 0.00000e+00
└ Work counters
  ├ solve_time (sec)   : 1.13300e+00
  ├ simplex_iterations : 8608
  ├ barrier_iterations : 0
  └ node_count         : 1


Termination Status: OPTIMAL
Acceptable solution found (Status: OPTIMAL).
Step-6: record datas
PART1: [unit-commitment] calculation result has been saved to: D:/GithubClonefiles/module_unitcommitment/output/details_schedule_results/pcm_simulation_results/intervels_[7]/res_schedule_commitment_result.txt
PART1: [unit-commitment] calculation result has been saved to: D:/GithubClonefiles/module_unitcommitment/output/details_schedule_results/pcm_simulation_results/intervels_[7]/res_schedule_commitment_result.txt
--------------------------------------------------------------------------------
Running mode: Steady+Unit+Ramp
Step-3: Creating dispatching model (Refactored & Modularized)
Set parameter Username
Set parameter LicenseID to value 2826524
Academic license - for non-commercial use only - expires 2027-05-22
Set parameter MIPGap to value 0.015
	 Variables defined.
DEBUG set_objective_economic!: NT=30, NG=54, ND=91, NW=2, NS=1, K=3, size(refcost)=(54,), size(eachslope)=(3, 54)
objective_function
	MILP economic objective set
subject to.
	 constraints: 1) minimum shutup/shutdown time limits			 done
	 constraints: 2) binary variable logic					 done
	 constraints: 3) shutup/shutdown cost					 done
	 constraints: 4) loadcurtailments and spoliedwinds			 done
	 constraints: 5) generatos power limits					 done
	 constraints: 6) system reserves limits					 done
	 constraints: 7) power balance constraints				 done
	 constraints: 8) ramp-up/ramp-down constraints				 done
	 constraints: 9) piece linearization constraints			 done
	 constraints: 10) transmissionline limits skipped (is_NetWorkCon != 1 or Gsdf missing or NL=0)
	 constraints: 11) stroges system constraints skipped (is_ConsiderBESS=0)
	 constraints: 12) data centra constraints skipped (is_ConsiderDataCentra != 1)
	 constraints: 13) frequency control constraints skipped (is_ConsiderFrequencyControl != 1)
	 constraints: 14) hydro power limits					 done
+++++++++++++++++++++++++++++++++++++++++++++++++++++++++++++++++++++++++++++++++++++++++++
Step-4: starting Gurobi solver
Set parameter MIPGap to value 0.015
Gurobi Optimizer version 13.0.2 build v13.0.2rc1 (win64 - Windows 11+.0 (29639.2))

CPU model: 13th Gen Intel(R) Core(TM) i7-13700F, instruction set [SSE2|AVX|AVX2]
Thread count: 16 physical cores, 24 logical processors, using up to 24 threads

Non-default parameters:
MIPGap  0.015

Optimize a model with 32496 rows, 21060 columns and 175442 nonzeros (Min)
Model fingerprint: 0xee044a47
Model has 15750 linear objective coefficients
Variable types: 16080 continuous, 4980 integer (4980 binary)
Coefficient statistics:
  Matrix range     [3e-02, 4e+02]
  Objective range  [1e+00, 1e+15]
  Bounds range     [0e+00, 0e+00]
  RHS range        [7e-03, 3e+02]
Warning: Model contains large objective coefficients
         Consider reformulating model or setting NumericFocus parameter
         to avoid numerical issues.

Presolve removed 13005 rows and 6745 columns
Presolve time: 0.36s
Presolved: 19491 rows, 14315 columns, 88036 nonzeros
Variable types: 9809 continuous, 4506 integer (4506 binary)

Root relaxation: objective 2.192464e+06, 10114 iterations, 0.42 seconds (0.53 work units)

    Nodes    |    Current Node    |     Objective Bounds      |     Work
 Expl Unexpl |  Obj  Depth IntInf | Incumbent    BestBd   Gap | It/Node Time

     0     0 2192463.56    0  215          - 2192463.56      -     -    1s
H    0     0                    5.265068e+15 2192463.56   100%     -    1s
H    0     0                    4.999508e+15 2192463.56   100%     -    1s
H    0     0                    9.467453e+14 2192463.56   100%     -    1s
H    0     0                    2275206.5648 2192463.56  3.64%     -    1s
H    0     0                    2229377.4845 2193479.56  1.61%     -    1s
     0     0 2193479.56    0  259 2229377.48 2193479.56  1.61%     -    1s
     0     0 2193488.62    0  246 2229377.48 2193488.62  1.61%     -    1s
     0     0 2193624.30    0  255 2229377.48 2193624.30  1.60%     -    1s
     0     0 2193627.68    0  260 2229377.48 2193627.68  1.60%     -    1s
     0     0 2193627.68    0  267 2229377.48 2193627.68  1.60%     -    1s
H    0     0                    2219024.5863 2193737.16  1.14%     -    2s
     0     0 2193737.16    0  263 2219024.59 2193737.16  1.14%     -    2s

Cutting planes:
  Gomory: 12
  Cover: 2
  Implied bound: 46
  MIR: 102
  Flow cover: 44
  Network: 1
  RLT: 2
  Relax-and-lift: 10

Explored 1 nodes (11161 simplex iterations) in 2.10 seconds (2.86 work units)
Thread count was 24 (of 24 available processors)

Solution count 6: 2.21902e+06 2.22938e+06 2.27521e+06 ... 5.26507e+15

Optimal solution found (tolerance 1.50e-02)
Best objective 2.219024586335e+06, best bound 2.193737155727e+06, gap 1.1396%

User-callback calls 462, time in user-callback 0.00 sec
Step-5: Gurobi solver finished
+++++++++++++++++++++++++++++++++++++++++++++++++++++++++++++++++++++++++++++++++++++++++++

assert_is_solved_and_feasible(scuc) = nothing
solution_summary(scuc) = solution_summary(; result = 1, verbose = false)
├ solver_name          : Gurobi
├ Termination
│ ├ termination_status : OPTIMAL
│ ├ result_count       : 6
│ ├ raw_status         : Model was solved to optimality (subject to tolerances), and an optimal solution is available.
│ └ objective_bound    : 2.19374e+06
├ Solution (result = 1)
│ ├ primal_status        : FEASIBLE_POINT
│ ├ dual_status          : NO_SOLUTION
│ ├ objective_value      : 2.21902e+06
│ └ relative_gap         : 1.13957e-02
└ Work counters
  ├ solve_time (sec)   : 2.09900e+00
  ├ simplex_iterations : 11161
  ├ barrier_iterations : 0
  └ node_count         : 1


Termination Status: OPTIMAL
Acceptable solution found (Status: OPTIMAL).
Step-6: record datas
PART1: [unit-commitment] calculation result has been saved to: D:/GithubClonefiles/module_unitcommitment/output/details_schedule_results/pcm_simulation_results/intervels_[1]/res_schedule_commitment_result.txt
PART1: [unit-commitment] calculation result has been saved to: D:/GithubClonefiles/module_unitcommitment/output/details_schedule_results/pcm_simulation_results/intervels_[1]/res_schedule_commitment_result.txt
Step-3: Creating dispatching model (Refactored & Modularized)
Set parameter Username
Set parameter LicenseID to value 2826524
Academic license - for non-commercial use only - expires 2027-05-22
Set parameter MIPGap to value 0.015
	 Variables defined.
DEBUG set_objective_economic!: NT=29, NG=54, ND=91, NW=2, NS=1, K=3, size(refcost)=(54,), size(eachslope)=(3, 54)
objective_function
	MILP economic objective set
subject to.
	 constraints: 1) minimum shutup/shutdown time limits			 done
	 constraints: 2) binary variable logic					 done
	 constraints: 3) shutup/shutdown cost					 done
	 constraints: 4) loadcurtailments and spoliedwinds			 done
	 constraints: 5) generatos power limits					 done
	 constraints: 6) system reserves limits					 done
	 constraints: 7) power balance constraints				 done
	 constraints: 8) ramp-up/ramp-down constraints				 done
	 constraints: 9) piece linearization constraints			 done
	 constraints: 10) transmissionline limits skipped (is_NetWorkCon != 1 or Gsdf missing or NL=0)
	 constraints: 11) stroges system constraints skipped (is_ConsiderBESS=0)
	 constraints: 12) data centra constraints skipped (is_ConsiderDataCentra != 1)
	 constraints: 13) frequency control constraints skipped (is_ConsiderFrequencyControl != 1)
	 constraints: 14) hydro power limits					 done
+++++++++++++++++++++++++++++++++++++++++++++++++++++++++++++++++++++++++++++++++++++++++++
Step-4: starting Gurobi solver
Set parameter MIPGap to value 0.015
Gurobi Optimizer version 13.0.2 build v13.0.2rc1 (win64 - Windows 11+.0 (29639.2))

CPU model: 13th Gen Intel(R) Core(TM) i7-13700F, instruction set [SSE2|AVX|AVX2]
Thread count: 16 physical cores, 24 logical processors, using up to 24 threads

Non-default parameters:
MIPGap  0.015

Optimize a model with 31414 rows, 20358 columns and 169547 nonzeros (Min)
Model fingerprint: 0xd68cd6b4
Model has 15225 linear objective coefficients
Variable types: 15544 continuous, 4814 integer (4814 binary)
Coefficient statistics:
  Matrix range     [3e-02, 4e+02]
  Objective range  [1e+00, 1e+15]
  Bounds range     [0e+00, 0e+00]
  RHS range        [7e-03, 4e+02]
Warning: Model contains large objective coefficients
         Consider reformulating model or setting NumericFocus parameter
         to avoid numerical issues.

Presolve removed 12550 rows and 6535 columns
Presolve time: 0.26s
Presolved: 18864 rows, 13823 columns, 71657 nonzeros
Variable types: 9482 continuous, 4341 integer (4341 binary)

Root relaxation: objective 2.518870e+06, 11391 iterations, 0.27 seconds (0.40 work units)

    Nodes    |    Current Node    |     Objective Bounds      |     Work
 Expl Unexpl |  Obj  Depth IntInf | Incumbent    BestBd   Gap | It/Node Time

     0     0 2518870.09    0  580          - 2518870.09      -     -    0s
H    0     0                    3212014.1333 2518870.09  21.6%     -    0s
H    0     0                    3192465.1608 2518870.09  21.1%     -    1s
     0     0 2531160.39    0  357 3192465.16 2531160.39  20.7%     -    1s
     0     0 2531204.20    0  358 3192465.16 2531204.20  20.7%     -    1s
     0     0 2531204.20    0  358 3192465.16 2531204.20  20.7%     -    1s
H    0     0                    2581883.1839 2531204.20  1.96%     -    2s
     0     0 2533345.95    0  244 2581883.18 2533345.95  1.88%     -    2s
     0     0 2533464.53    0  260 2581883.18 2533464.53  1.88%     -    2s
     0     0 2533491.52    0  263 2581883.18 2533491.52  1.87%     -    2s
     0     0 2533491.52    0  263 2581883.18 2533491.52  1.87%     -    2s
     0     0 2534536.59    0  246 2581883.18 2534536.59  1.83%     -    2s
     0     0 2534656.17    0  236 2581883.18 2534656.17  1.83%     -    2s
     0     0 2534678.83    0  267 2581883.18 2534678.83  1.83%     -    2s
H    0     0                    2565959.8347 2534689.57  1.22%     -    2s
H    0     0                    2564680.3237 2534689.57  1.17%     -    2s
H    0     0                    2564603.1979 2534689.57  1.17%     -    2s
     0     0 2534689.57    0  242 2564603.20 2534689.57  1.17%     -    2s

Cutting planes:
  Gomory: 52
  Cover: 4
  Implied bound: 249
  MIR: 146
  StrongCG: 1
  Flow cover: 171
  RLT: 22
  Relax-and-lift: 82
  PSD: 1

Explored 1 nodes (14992 simplex iterations) in 2.82 seconds (3.01 work units)
Thread count was 24 (of 24 available processors)

Solution count 7: 2.5646e+06 2.5646e+06 2.56468e+06 ... 3.21201e+06

Optimal solution found (tolerance 1.50e-02)
Best objective 2.564603197971e+06, best bound 2.534689569210e+06, gap 1.1664%

User-callback calls 593, time in user-callback 0.00 sec
Step-5: Gurobi solver finished
+++++++++++++++++++++++++++++++++++++++++++++++++++++++++++++++++++++++++++++++++++++++++++

assert_is_solved_and_feasible(scuc) = nothing
solution_summary(scuc) = solution_summary(; result = 1, verbose = false)
├ solver_name          : Gurobi
├ Termination
│ ├ termination_status : OPTIMAL
│ ├ result_count       : 7
│ ├ raw_status         : Model was solved to optimality (subject to tolerances), and an optimal solution is available.
│ └ objective_bound    : 2.53469e+06
├ Solution (result = 1)
│ ├ primal_status        : FEASIBLE_POINT
│ ├ dual_status          : NO_SOLUTION
│ ├ objective_value      : 2.56460e+06
│ └ relative_gap         : 1.16640e-02
└ Work counters
  ├ solve_time (sec)   : 2.82300e+00
  ├ simplex_iterations : 14992
  ├ barrier_iterations : 0
  └ node_count         : 1


Termination Status: OPTIMAL
Acceptable solution found (Status: OPTIMAL).
Step-6: record datas
PART1: [unit-commitment] calculation result has been saved to: D:/GithubClonefiles/module_unitcommitment/output/details_schedule_results/pcm_simulation_results/intervels_[2]/res_schedule_commitment_result.txt
PART1: [unit-commitment] calculation result has been saved to: D:/GithubClonefiles/module_unitcommitment/output/details_schedule_results/pcm_simulation_results/intervels_[2]/res_schedule_commitment_result.txt
Step-3: Creating dispatching model (Refactored & Modularized)
Set parameter Username
Set parameter LicenseID to value 2826524
Academic license - for non-commercial use only - expires 2027-05-22
Set parameter MIPGap to value 0.015
	 Variables defined.
DEBUG set_objective_economic!: NT=31, NG=54, ND=91, NW=2, NS=1, K=3, size(refcost)=(54,), size(eachslope)=(3, 54)
objective_function
	MILP economic objective set
subject to.
	 constraints: 1) minimum shutup/shutdown time limits			 done
	 constraints: 2) binary variable logic					 done
	 constraints: 3) shutup/shutdown cost					 done
	 constraints: 4) loadcurtailments and spoliedwinds			 done
	 constraints: 5) generatos power limits					 done
	 constraints: 6) system reserves limits					 done
	 constraints: 7) power balance constraints				 done
	 constraints: 8) ramp-up/ramp-down constraints				 done
	 constraints: 9) piece linearization constraints			 done
	 constraints: 10) transmissionline limits skipped (is_NetWorkCon != 1 or Gsdf missing or NL=0)
	 constraints: 11) stroges system constraints skipped (is_ConsiderBESS=0)
	 constraints: 12) data centra constraints skipped (is_ConsiderDataCentra != 1)
	 constraints: 13) frequency control constraints skipped (is_ConsiderFrequencyControl != 1)
	 constraints: 14) hydro power limits					 done
+++++++++++++++++++++++++++++++++++++++++++++++++++++++++++++++++++++++++++++++++++++++++++
Step-4: starting Gurobi solver
Set parameter MIPGap to value 0.015
Gurobi Optimizer version 13.0.2 build v13.0.2rc1 (win64 - Windows 11+.0 (29639.2))

CPU model: 13th Gen Intel(R) Core(TM) i7-13700F, instruction set [SSE2|AVX|AVX2]
Thread count: 16 physical cores, 24 logical processors, using up to 24 threads

Non-default parameters:
MIPGap  0.015

Optimize a model with 33623 rows, 21762 columns and 181553 nonzeros (Min)
Model fingerprint: 0xb45a9f83
Model has 16275 linear objective coefficients
Variable types: 16616 continuous, 5146 integer (5146 binary)
Coefficient statistics:
  Matrix range     [3e-02, 4e+02]
  Objective range  [1e+00, 1e+15]
  Bounds range     [0e+00, 0e+00]
  RHS range        [7e-03, 4e+02]
Warning: Model contains large objective coefficients
         Consider reformulating model or setting NumericFocus parameter
         to avoid numerical issues.

Presolve removed 13443 rows and 6973 columns
Presolve time: 0.44s
Presolved: 20180 rows, 14789 columns, 90633 nonzeros
Variable types: 10136 continuous, 4653 integer (4653 binary)

Root relaxation: objective 1.846438e+06, 9434 iterations, 0.25 seconds (0.35 work units)

    Nodes    |    Current Node    |     Objective Bounds      |     Work
 Expl Unexpl |  Obj  Depth IntInf | Incumbent    BestBd   Gap | It/Node Time

     0     0 1846438.10    0  190          - 1846438.10      -     -    0s
H    0     0                    9.283104e+14 1846438.10   100%     -    0s
H    0     0                    5.524683e+14 1846438.10   100%     -    1s
H    0     0                    2012938.7302 1846438.10  8.27%     -    1s
H    0     0                    1875807.1978 1846438.10  1.57%     -    1s
     0     0 1847438.12    0  233 1875807.20 1847438.12  1.51%     -    1s
     0     0 1847460.17    0  237 1875807.20 1847460.17  1.51%     -    1s
     0     0 1847643.59    0  211 1875807.20 1847643.59  1.50%     -    1s
     0     0 1847656.18    0  235 1875807.20 1847656.18  1.50%     -    1s
H    0     0                    1874599.1812 1847656.18  1.44%     -    2s
H    0     0                    1874105.4145 1847656.18  1.41%     -    2s
H    0     0                    1874104.7040 1847656.18  1.41%     -    2s

Cutting planes:
  Gomory: 18
  Lift-and-project: 2
  Cover: 2
  Implied bound: 56
  MIR: 102
  Flow cover: 42
  RLT: 1
  Relax-and-lift: 11

Explored 1 nodes (10573 simplex iterations) in 2.15 seconds (2.77 work units)
Thread count was 24 (of 24 available processors)

Solution count 6: 1.8741e+06 1.8746e+06 1.87581e+06 ... 9.2831e+14

Optimal solution found (tolerance 1.50e-02)
Best objective 1.874104704004e+06, best bound 1.847656183472e+06, gap 1.4113%

User-callback calls 551, time in user-callback 0.00 sec
Step-5: Gurobi solver finished
+++++++++++++++++++++++++++++++++++++++++++++++++++++++++++++++++++++++++++++++++++++++++++

assert_is_solved_and_feasible(scuc) = nothing
solution_summary(scuc) = solution_summary(; result = 1, verbose = false)
├ solver_name          : Gurobi
├ Termination
│ ├ termination_status : OPTIMAL
│ ├ result_count       : 6
│ ├ raw_status         : Model was solved to optimality (subject to tolerances), and an optimal solution is available.
│ └ objective_bound    : 1.84766e+06
├ Solution (result = 1)
│ ├ primal_status        : FEASIBLE_POINT
│ ├ dual_status          : NO_SOLUTION
│ ├ objective_value      : 1.87410e+06
│ └ relative_gap         : 1.41126e-02
└ Work counters
  ├ solve_time (sec)   : 2.15400e+00
  ├ simplex_iterations : 10573
  ├ barrier_iterations : 0
  └ node_count         : 1


Termination Status: OPTIMAL
Acceptable solution found (Status: OPTIMAL).
Step-6: record datas
PART1: [unit-commitment] calculation result has been saved to: D:/GithubClonefiles/module_unitcommitment/output/details_schedule_results/pcm_simulation_results/intervels_[3]/res_schedule_commitment_result.txt
PART1: [unit-commitment] calculation result has been saved to: D:/GithubClonefiles/module_unitcommitment/output/details_schedule_results/pcm_simulation_results/intervels_[3]/res_schedule_commitment_result.txt
Step-3: Creating dispatching model (Refactored & Modularized)
Set parameter Username
Set parameter LicenseID to value 2826524
Academic license - for non-commercial use only - expires 2027-05-22
Set parameter MIPGap to value 0.015
	 Variables defined.
DEBUG set_objective_economic!: NT=27, NG=54, ND=91, NW=2, NS=1, K=3, size(refcost)=(54,), size(eachslope)=(3, 54)
objective_function
	MILP economic objective set
subject to.
	 constraints: 1) minimum shutup/shutdown time limits			 done
	 constraints: 2) binary variable logic					 done
	 constraints: 3) shutup/shutdown cost					 done
	 constraints: 4) loadcurtailments and spoliedwinds			 done
	 constraints: 5) generatos power limits					 done
	 constraints: 6) system reserves limits					 done
	 constraints: 7) power balance constraints				 done
	 constraints: 8) ramp-up/ramp-down constraints				 done
	 constraints: 9) piece linearization constraints			 done
	 constraints: 10) transmissionline limits skipped (is_NetWorkCon != 1 or Gsdf missing or NL=0)
	 constraints: 11) stroges system constraints skipped (is_ConsiderBESS=0)
	 constraints: 12) data centra constraints skipped (is_ConsiderDataCentra != 1)
	 constraints: 13) frequency control constraints skipped (is_ConsiderFrequencyControl != 1)
	 constraints: 14) hydro power limits					 done
+++++++++++++++++++++++++++++++++++++++++++++++++++++++++++++++++++++++++++++++++++++++++++
Step-4: starting Gurobi solver
Set parameter MIPGap to value 0.015
Gurobi Optimizer version 13.0.2 build v13.0.2rc1 (win64 - Windows 11+.0 (29639.2))

CPU model: 13th Gen Intel(R) Core(TM) i7-13700F, instruction set [SSE2|AVX|AVX2]
Thread count: 16 physical cores, 24 logical processors, using up to 24 threads

Non-default parameters:
MIPGap  0.015

Optimize a model with 29223 rows, 18954 columns and 157622 nonzeros (Min)
Model fingerprint: 0x3617c5ea
Model has 14175 linear objective coefficients
Variable types: 14472 continuous, 4482 integer (4482 binary)
Coefficient statistics:
  Matrix range     [3e-02, 4e+02]
  Objective range  [1e+00, 1e+15]
  Bounds range     [0e+00, 0e+00]
  RHS range        [8e-03, 4e+02]
Warning: Model contains large objective coefficients
         Consider reformulating model or setting NumericFocus parameter
         to avoid numerical issues.

Presolve removed 11729 rows and 6108 columns
Presolve time: 0.26s
Presolved: 17494 rows, 12846 columns, 66473 nonzeros
Variable types: 8826 continuous, 4020 integer (4020 binary)
Found heuristic solution: objective 3.394514e+16

Root relaxation: objective 3.648645e+15, 10492 iterations, 0.21 seconds (0.31 work units)

    Nodes    |    Current Node    |     Objective Bounds      |     Work
 Expl Unexpl |  Obj  Depth IntInf | Incumbent    BestBd   Gap | It/Node Time

     0     0 3.6486e+15    0  423 3.3945e+16 3.6486e+15  89.3%     -    0s
H    0     0                    1.034520e+16 3.6486e+15  64.7%     -    1s
     0     0 3.6486e+15    0  250 1.0345e+16 3.6486e+15  64.7%     -    1s
     0     0 3.6486e+15    0  236 1.0345e+16 3.6486e+15  64.7%     -    1s
     0     0 3.6486e+15    0  178 1.0345e+16 3.6486e+15  64.7%     -    1s
     0     0 3.6486e+15    0  178 1.0345e+16 3.6486e+15  64.7%     -    1s
     0     0 3.6486e+15    0  163 1.0345e+16 3.6486e+15  64.7%     -    1s
     0     0 3.6486e+15    0  130 1.0345e+16 3.6486e+15  64.7%     -    1s
     0     0 3.6486e+15    0  130 1.0345e+16 3.6486e+15  64.7%     -    1s
H    0     0                    5.845796e+15 3.6486e+15  37.6%     -    1s
     0     0 3.6486e+15    0  123 5.8458e+15 3.6486e+15  37.6%     -    1s
H    0     0                    4.846874e+15 3.6486e+15  24.7%     -    2s
H    0     0                    4.397055e+15 3.6486e+15  17.0%     -    2s
     0     0 3.6486e+15    0  125 4.3971e+15 3.6486e+15  17.0%     -    2s
     0     0 3.6486e+15    0  125 4.3971e+15 3.6486e+15  17.0%     -    2s
     0     0 3.6486e+15    0  125 4.3971e+15 3.6486e+15  17.0%     -    2s
H    0     0                    3.844586e+15 3.6486e+15  5.10%     -    2s
     0     0 3.6486e+15    0  106 3.8446e+15 3.6486e+15  5.10%     -    2s
     0     0 3.6486e+15    0  138 3.8446e+15 3.6486e+15  5.10%     -    2s
     0     0 3.6486e+15    0  138 3.8446e+15 3.6486e+15  5.10%     -    2s
     0     0 3.6486e+15    0  113 3.8446e+15 3.6486e+15  5.10%     -    2s
     0     0 3.6486e+15    0  103 3.8446e+15 3.6486e+15  5.10%     -    2s
     0     0 3.6486e+15    0   99 3.8446e+15 3.6486e+15  5.10%     -    2s
H    0     0                    3.794586e+15 3.6486e+15  3.85%     -    2s
H    0     0                    3.704698e+15 3.6486e+15  1.51%     -    2s
     0     0 3.6486e+15    0  103 3.7047e+15 3.6486e+15  1.51%     -    2s
     0     0 3.6486e+15    0  123 3.7047e+15 3.6486e+15  1.51%     -    2s
     0     0 3.6486e+15    0  123 3.7047e+15 3.6486e+15  1.51%     -    2s
     0     0 3.6486e+15    0  123 3.7047e+15 3.6486e+15  1.51%     -    2s
     0     0 3.6486e+15    0  123 3.7047e+15 3.6486e+15  1.51%     -    3s
     0     2 3.6486e+15    0  128 3.7047e+15 3.6486e+15  1.51%     -    3s
H    1     2                    3.681944e+15 3.6486e+15  0.90%  2448    3s

Cutting planes:
  Gomory: 18
  Cover: 1
  Implied bound: 447
  MIR: 119
  StrongCG: 1
  Flow cover: 104
  RLT: 100
  Relax-and-lift: 164
  BQP: 6
  PSD: 5

Explored 1 nodes (19564 simplex iterations) in 3.87 seconds (4.82 work units)
Thread count was 24 (of 24 available processors)

Solution count 9: 3.68194e+15 3.7047e+15 3.79459e+15 ... 3.39451e+16

Optimal solution found (tolerance 1.50e-02)
Best objective 3.681943794462e+15, best bound 3.648645367971e+15, gap 0.9044%

User-callback calls 820, time in user-callback 0.00 sec
Step-5: Gurobi solver finished
+++++++++++++++++++++++++++++++++++++++++++++++++++++++++++++++++++++++++++++++++++++++++++

assert_is_solved_and_feasible(scuc) = nothing
solution_summary(scuc) = solution_summary(; result = 1, verbose = false)
├ solver_name          : Gurobi
├ Termination
│ ├ termination_status : OPTIMAL
│ ├ result_count       : 9
│ ├ raw_status         : Model was solved to optimality (subject to tolerances), and an optimal solution is available.
│ └ objective_bound    : 3.64865e+15
├ Solution (result = 1)
│ ├ primal_status        : FEASIBLE_POINT
│ ├ dual_status          : NO_SOLUTION
│ ├ objective_value      : 3.68194e+15
│ └ relative_gap         : 9.04371e-03
└ Work counters
  ├ solve_time (sec)   : 3.87400e+00
  ├ simplex_iterations : 19564
  ├ barrier_iterations : 0
  └ node_count         : 1


Termination Status: OPTIMAL
Acceptable solution found (Status: OPTIMAL).
Step-6: record datas
PART1: [unit-commitment] calculation result has been saved to: D:/GithubClonefiles/module_unitcommitment/output/details_schedule_results/pcm_simulation_results/intervels_[4]/res_schedule_commitment_result.txt
PART1: [unit-commitment] calculation result has been saved to: D:/GithubClonefiles/module_unitcommitment/output/details_schedule_results/pcm_simulation_results/intervels_[4]/res_schedule_commitment_result.txt
Step-3: Creating dispatching model (Refactored & Modularized)
Set parameter Username
Set parameter LicenseID to value 2826524
Academic license - for non-commercial use only - expires 2027-05-22
Set parameter MIPGap to value 0.015
	 Variables defined.
DEBUG set_objective_economic!: NT=31, NG=54, ND=91, NW=2, NS=1, K=3, size(refcost)=(54,), size(eachslope)=(3, 54)
objective_function
	MILP economic objective set
subject to.
	 constraints: 1) minimum shutup/shutdown time limits			 done
	 constraints: 2) binary variable logic					 done
	 constraints: 3) shutup/shutdown cost					 done
	 constraints: 4) loadcurtailments and spoliedwinds			 done
	 constraints: 5) generatos power limits					 done
	 constraints: 6) system reserves limits					 done
	 constraints: 7) power balance constraints				 done
	 constraints: 8) ramp-up/ramp-down constraints				 done
	 constraints: 9) piece linearization constraints			 done
	 constraints: 10) transmissionline limits skipped (is_NetWorkCon != 1 or Gsdf missing or NL=0)
	 constraints: 11) stroges system constraints skipped (is_ConsiderBESS=0)
	 constraints: 12) data centra constraints skipped (is_ConsiderDataCentra != 1)
	 constraints: 13) frequency control constraints skipped (is_ConsiderFrequencyControl != 1)
	 constraints: 14) hydro power limits					 done
+++++++++++++++++++++++++++++++++++++++++++++++++++++++++++++++++++++++++++++++++++++++++++
Step-4: starting Gurobi solver
Set parameter MIPGap to value 0.015
Gurobi Optimizer version 13.0.2 build v13.0.2rc1 (win64 - Windows 11+.0 (29639.2))

CPU model: 13th Gen Intel(R) Core(TM) i7-13700F, instruction set [SSE2|AVX|AVX2]
Thread count: 16 physical cores, 24 logical processors, using up to 24 threads

Non-default parameters:
MIPGap  0.015

Optimize a model with 33606 rows, 21762 columns and 181466 nonzeros (Min)
Model fingerprint: 0x83dae15f
Model has 16275 linear objective coefficients
Variable types: 16616 continuous, 5146 integer (5146 binary)
Coefficient statistics:
  Matrix range     [3e-02, 4e+02]
  Objective range  [1e+00, 1e+15]
  Bounds range     [0e+00, 0e+00]
  RHS range        [8e-03, 4e+02]
Warning: Model contains large objective coefficients
         Consider reformulating model or setting NumericFocus parameter
         to avoid numerical issues.

Presolve removed 13451 rows and 6991 columns
Presolve time: 0.34s
Presolved: 20155 rows, 14771 columns, 76416 nonzeros
Variable types: 10136 continuous, 4635 integer (4635 binary)

Root relaxation: objective 2.077482e+06, 10407 iterations, 0.42 seconds (0.58 work units)

    Nodes    |    Current Node    |     Objective Bounds      |     Work
 Expl Unexpl |  Obj  Depth IntInf | Incumbent    BestBd   Gap | It/Node Time

     0     0 2077481.61    0  404          - 2077481.61      -     -    1s
H    0     0                    1.256281e+15 2077481.61   100%     -    1s
H    0     0                    8.900732e+14 2077481.61   100%     -    1s
H    0     0                    4.162809e+14 2077481.61   100%     -    1s
     0     0 2080913.24    0  384 4.1628e+14 2080913.24   100%     -    1s
     0     0 2081095.94    0  384 4.1628e+14 2081095.94   100%     -    1s
     0     0 2083916.43    0  361 4.1628e+14 2083916.43   100%     -    2s
     0     0 2083995.05    0  343 4.1628e+14 2083995.05   100%     -    2s
     0     0 2083997.13    0  330 4.1628e+14 2083997.13   100%     -    2s
     0     0 2083997.24    0  367 4.1628e+14 2083997.24   100%     -    2s
H    0     0                    2240004.2673 2083997.24  6.96%     -    2s
H    0     0                    2239984.2673 2083997.24  6.96%     -    2s
H    0     0                    2239479.5377 2083997.24  6.94%     -    2s
     0     0 2087866.79    0  338 2239479.54 2087866.79  6.77%     -    3s
H    0     0                    2165464.1535 2087866.79  3.58%     -    3s
H    0     0                    2163675.1869 2087866.79  3.50%     -    3s
H    0     0                    2163675.1851 2087866.79  3.50%     -    3s
     0     0 2087866.79    0  299 2163675.19 2087866.79  3.50%     -    3s
H    0     0                    2163574.3681 2087866.79  3.50%     -    3s
     0     0 2087866.79    0  341 2163574.37 2087866.79  3.50%     -    3s
H    0     0                    2163573.9382 2087866.79  3.50%     -    3s
H    0     0                    2163556.7919 2087866.79  3.50%     -    3s
     0     0 2087866.79    0  344 2163556.79 2087866.79  3.50%     -    3s
     0     0 2087866.79    0  342 2163556.79 2087866.79  3.50%     -    3s
     0     0 2088007.38    0  319 2163556.79 2088007.38  3.49%     -    4s
     0     0 2088018.66    0  344 2163556.79 2088018.66  3.49%     -    4s
     0     0 2088018.66    0  341 2163556.79 2088018.66  3.49%     -    4s
     0     0 2088018.66    0  416 2163556.79 2088018.66  3.49%     -    4s
     0     0 2088018.66    0  398 2163556.79 2088018.66  3.49%     -    4s
     0     0 2088018.66    0  410 2163556.79 2088018.66  3.49%     -    4s
     0     0 2088044.06    0  338 2163556.79 2088044.06  3.49%     -    4s
     0     0 2088063.46    0  352 2163556.79 2088063.46  3.49%     -    5s
     0     0 2088103.50    0  327 2163556.79 2088103.50  3.49%     -    5s
     0     0 2088109.40    0  299 2163556.79 2088109.40  3.49%     -    5s
     0     0 2088111.60    0  330 2163556.79 2088111.60  3.49%     -    5s
     0     0 2088112.89    0  375 2163556.79 2088112.89  3.49%     -    5s
H    0     0                    2140619.7479 2088112.89  2.45%     -    5s
     0     0 2088162.15    0  350 2140619.75 2088162.15  2.45%     -    5s
H    0     0                    2114597.3686 2088162.56  1.25%     -    5s

Cutting planes:
  Gomory: 11
  Cover: 1
  Implied bound: 290
  MIR: 179
  Flow cover: 151
  RLT: 89
  Relax-and-lift: 104
  BQP: 4

Explored 1 nodes (17255 simplex iterations) in 5.71 seconds (6.44 work units)
Thread count was 24 (of 24 available processors)

Solution count 10: 2.1146e+06 2.14062e+06 2.16356e+06 ... 4.16281e+14

Optimal solution found (tolerance 1.50e-02)
Best objective 2.114597368584e+06, best bound 2.088162555495e+06, gap 1.2501%

User-callback calls 800, time in user-callback 0.00 sec
Step-5: Gurobi solver finished
+++++++++++++++++++++++++++++++++++++++++++++++++++++++++++++++++++++++++++++++++++++++++++

assert_is_solved_and_feasible(scuc) = nothing
solution_summary(scuc) = solution_summary(; result = 1, verbose = false)
├ solver_name          : Gurobi
├ Termination
│ ├ termination_status : OPTIMAL
│ ├ result_count       : 10
│ ├ raw_status         : Model was solved to optimality (subject to tolerances), and an optimal solution is available.
│ └ objective_bound    : 2.08816e+06
├ Solution (result = 1)
│ ├ primal_status        : FEASIBLE_POINT
│ ├ dual_status          : NO_SOLUTION
│ ├ objective_value      : 2.11460e+06
│ └ relative_gap         : 1.25011e-02
└ Work counters
  ├ solve_time (sec)   : 5.86000e+00
  ├ simplex_iterations : 17255
  ├ barrier_iterations : 0
  └ node_count         : 1


Termination Status: OPTIMAL
Acceptable solution found (Status: OPTIMAL).
Step-6: record datas
PART1: [unit-commitment] calculation result has been saved to: D:/GithubClonefiles/module_unitcommitment/output/details_schedule_results/pcm_simulation_results/intervels_[5]/res_schedule_commitment_result.txt
PART1: [unit-commitment] calculation result has been saved to: D:/GithubClonefiles/module_unitcommitment/output/details_schedule_results/pcm_simulation_results/intervels_[5]/res_schedule_commitment_result.txt
Step-3: Creating dispatching model (Refactored & Modularized)
Set parameter Username
Set parameter LicenseID to value 2826524
Academic license - for non-commercial use only - expires 2027-05-22
Set parameter MIPGap to value 0.015
	 Variables defined.
DEBUG set_objective_economic!: NT=31, NG=54, ND=91, NW=2, NS=1, K=3, size(refcost)=(54,), size(eachslope)=(3, 54)
objective_function
	MILP economic objective set
subject to.
	 constraints: 1) minimum shutup/shutdown time limits			 done
	 constraints: 2) binary variable logic					 done
	 constraints: 3) shutup/shutdown cost					 done
	 constraints: 4) loadcurtailments and spoliedwinds			 done
	 constraints: 5) generatos power limits					 done
	 constraints: 6) system reserves limits					 done
	 constraints: 7) power balance constraints				 done
	 constraints: 8) ramp-up/ramp-down constraints				 done
	 constraints: 9) piece linearization constraints			 done
	 constraints: 10) transmissionline limits skipped (is_NetWorkCon != 1 or Gsdf missing or NL=0)
	 constraints: 11) stroges system constraints skipped (is_ConsiderBESS=0)
	 constraints: 12) data centra constraints skipped (is_ConsiderDataCentra != 1)
	 constraints: 13) frequency control constraints skipped (is_ConsiderFrequencyControl != 1)
	 constraints: 14) hydro power limits					 done
+++++++++++++++++++++++++++++++++++++++++++++++++++++++++++++++++++++++++++++++++++++++++++
Step-4: starting Gurobi solver
Set parameter MIPGap to value 0.015
Gurobi Optimizer version 13.0.2 build v13.0.2rc1 (win64 - Windows 11+.0 (29639.2))

CPU model: 13th Gen Intel(R) Core(TM) i7-13700F, instruction set [SSE2|AVX|AVX2]
Thread count: 16 physical cores, 24 logical processors, using up to 24 threads

Non-default parameters:
MIPGap  0.015

Optimize a model with 33599 rows, 21762 columns and 181459 nonzeros (Min)
Model fingerprint: 0x938cd29d
Model has 16275 linear objective coefficients
Variable types: 16616 continuous, 5146 integer (5146 binary)
Coefficient statistics:
  Matrix range     [3e-02, 4e+02]
  Objective range  [1e+00, 1e+15]
  Bounds range     [0e+00, 0e+00]
  RHS range        [7e-03, 4e+02]
Warning: Model contains large objective coefficients
         Consider reformulating model or setting NumericFocus parameter
         to avoid numerical issues.

Presolve removed 13411 rows and 6973 columns
Presolve time: 0.39s
Presolved: 20188 rows, 14789 columns, 91069 nonzeros
Variable types: 10124 continuous, 4665 integer (4665 binary)

Root relaxation: objective 3.688152e+16, 11992 iterations, 0.27 seconds (0.38 work units)

    Nodes    |    Current Node    |     Objective Bounds      |     Work
 Expl Unexpl |  Obj  Depth IntInf | Incumbent    BestBd   Gap | It/Node Time

     0     0 3.6882e+16    0  164          - 3.6882e+16      -     -    0s
H    0     0                    3.688152e+16 3.6882e+16  0.00%     -    1s

Explored 1 nodes (12003 simplex iterations) in 1.19 seconds (2.09 work units)
Thread count was 24 (of 24 available processors)

Solution count 1: 3.68815e+16 

Optimal solution found (tolerance 1.50e-02)
Best objective 3.688152224746e+16, best bound 3.688152224746e+16, gap 0.0000%

User-callback calls 401, time in user-callback 0.00 sec
Step-5: Gurobi solver finished
+++++++++++++++++++++++++++++++++++++++++++++++++++++++++++++++++++++++++++++++++++++++++++

assert_is_solved_and_feasible(scuc) = nothing
solution_summary(scuc) = solution_summary(; result = 1, verbose = false)
├ solver_name          : Gurobi
├ Termination
│ ├ termination_status : OPTIMAL
│ ├ result_count       : 1
│ ├ raw_status         : Model was solved to optimality (subject to tolerances), and an optimal solution is available.
│ └ objective_bound    : 3.68815e+16
├ Solution (result = 1)
│ ├ primal_status        : FEASIBLE_POINT
│ ├ dual_status          : NO_SOLUTION
│ ├ objective_value      : 3.68815e+16
│ └ relative_gap         : 0.00000e+00
└ Work counters
  ├ solve_time (sec)   : 1.19100e+00
  ├ simplex_iterations : 12003
  ├ barrier_iterations : 0
  └ node_count         : 1


Termination Status: OPTIMAL
Acceptable solution found (Status: OPTIMAL).
Step-6: record datas
PART1: [unit-commitment] calculation result has been saved to: D:/GithubClonefiles/module_unitcommitment/output/details_schedule_results/pcm_simulation_results/intervels_[6]/res_schedule_commitment_result.txt
PART1: [unit-commitment] calculation result has been saved to: D:/GithubClonefiles/module_unitcommitment/output/details_schedule_results/pcm_simulation_results/intervels_[6]/res_schedule_commitment_result.txt
Step-3: Creating dispatching model (Refactored & Modularized)
Set parameter Username
Set parameter LicenseID to value 2826524
Academic license - for non-commercial use only - expires 2027-05-22
Set parameter MIPGap to value 0.015
	 Variables defined.
DEBUG set_objective_economic!: NT=24, NG=54, ND=91, NW=2, NS=1, K=3, size(refcost)=(54,), size(eachslope)=(3, 54)
objective_function
	MILP economic objective set
subject to.
	 constraints: 1) minimum shutup/shutdown time limits			 done
	 constraints: 2) binary variable logic					 done
	 constraints: 3) shutup/shutdown cost					 done
	 constraints: 4) loadcurtailments and spoliedwinds			 done
	 constraints: 5) generatos power limits					 done
	 constraints: 6) system reserves limits					 done
	 constraints: 7) power balance constraints				 done
	 constraints: 8) ramp-up/ramp-down constraints				 done
	 constraints: 9) piece linearization constraints			 done
	 constraints: 10) transmissionline limits skipped (is_NetWorkCon != 1 or Gsdf missing or NL=0)
	 constraints: 11) stroges system constraints skipped (is_ConsiderBESS=0)
	 constraints: 12) data centra constraints skipped (is_ConsiderDataCentra != 1)
	 constraints: 13) frequency control constraints skipped (is_ConsiderFrequencyControl != 1)
	 constraints: 14) hydro power limits					 done
+++++++++++++++++++++++++++++++++++++++++++++++++++++++++++++++++++++++++++++++++++++++++++
Step-4: starting Gurobi solver
Set parameter MIPGap to value 0.015
Gurobi Optimizer version 13.0.2 build v13.0.2rc1 (win64 - Windows 11+.0 (29639.2))

CPU model: 13th Gen Intel(R) Core(TM) i7-13700F, instruction set [SSE2|AVX|AVX2]
Thread count: 16 physical cores, 24 logical processors, using up to 24 threads

Non-default parameters:
MIPGap  0.015

Optimize a model with 25960 rows, 16848 columns and 139844 nonzeros (Min)
Model fingerprint: 0x846b8d44
Model has 12600 linear objective coefficients
Variable types: 12864 continuous, 3984 integer (3984 binary)
Coefficient statistics:
  Matrix range     [3e-02, 4e+02]
  Objective range  [1e+00, 1e+15]
  Bounds range     [0e+00, 0e+00]
  RHS range        [7e-03, 4e+02]
Warning: Model contains large objective coefficients
         Consider reformulating model or setting NumericFocus parameter
         to avoid numerical issues.

Presolve removed 10645 rows and 5506 columns
Presolve time: 0.23s
Presolved: 15315 rows, 11342 columns, 58198 nonzeros
Variable types: 7847 continuous, 3495 integer (3495 binary)
Found heuristic solution: objective 2637795.2304

Root relaxation: objective 1.539494e+06, 7487 iterations, 0.27 seconds (0.41 work units)

    Nodes    |    Current Node    |     Objective Bounds      |     Work
 Expl Unexpl |  Obj  Depth IntInf | Incumbent    BestBd   Gap | It/Node Time

     0     0 1539494.21    0  349 2637795.23 1539494.21  41.6%     -    0s
     0     0 1543013.75    0  326 2637795.23 1543013.75  41.5%     -    1s
H    0     0                    1761678.4128 1543148.98  12.4%     -    1s
     0     0 1761678.41    0  326 1761678.41 1761678.41  0.00%     -    1s

Cutting planes:
  Gomory: 14
  Implied bound: 75
  MIR: 49
  Flow cover: 32
  RLT: 37
  Relax-and-lift: 16
  BQP: 5

Explored 1 nodes (8515 simplex iterations) in 1.21 seconds (1.81 work units)
Thread count was 24 (of 24 available processors)

Solution count 2: 1.76168e+06 2.6378e+06 

Optimal solution found (tolerance 1.50e-02)
Best objective 1.761678412784e+06, best bound 1.761678412784e+06, gap 0.0000%

User-callback calls 335, time in user-callback 0.00 sec
Step-5: Gurobi solver finished
+++++++++++++++++++++++++++++++++++++++++++++++++++++++++++++++++++++++++++++++++++++++++++

assert_is_solved_and_feasible(scuc) = nothing
solution_summary(scuc) = solution_summary(; result = 1, verbose = false)
├ solver_name          : Gurobi
├ Termination
│ ├ termination_status : OPTIMAL
│ ├ result_count       : 2
│ ├ raw_status         : Model was solved to optimality (subject to tolerances), and an optimal solution is available.
│ └ objective_bound    : 1.76168e+06
├ Solution (result = 1)
│ ├ primal_status        : FEASIBLE_POINT
│ ├ dual_status          : NO_SOLUTION
│ ├ objective_value      : 1.76168e+06
│ └ relative_gap         : 0.00000e+00
└ Work counters
  ├ solve_time (sec)   : 1.21200e+00
  ├ simplex_iterations : 8515
  ├ barrier_iterations : 0
  └ node_count         : 1


Termination Status: OPTIMAL
Acceptable solution found (Status: OPTIMAL).
Step-6: record datas
PART1: [unit-commitment] calculation result has been saved to: D:/GithubClonefiles/module_unitcommitment/output/details_schedule_results/pcm_simulation_results/intervels_[7]/res_schedule_commitment_result.txt
PART1: [unit-commitment] calculation result has been saved to: D:/GithubClonefiles/module_unitcommitment/output/details_schedule_results/pcm_simulation_results/intervels_[7]/res_schedule_commitment_result.txt
================================================================================
CRITERIA COMBINATION SUMMARY
8×20 DataFrame
 Row │ Mode              UseSteady  UseUnitDwell  UseRamp  TotalCost_USD  StartupShutdownCost_USD  FuelCost_USD  LoadShedding_MWh  WindCurtailment_MWh  WallTime_sec  SubproblemSolveTime_sec  JuliaAllocated_MB  AvgOverlap_h  MaxOverlap_h  MinOverlap_h  LimitingFactorCounts               CostGap_vs_All_pct  SolveTimeDelta_vs_NoOverlap_sec  CalibrationTime_excluded_sec  ReferenceTime_excluded_sec
     │ String            Bool       Bool          Bool     Float64        Float64                  Float64       Float64           Float64              Float64       Float64                  Float64            Float64       Int64         Int64         String                             Float64             Float64                          Float64                       Float64
─────┼───────────────────────────────────────────────────────────────────────────────────────────────────────────────────────────────────────────────────────────────────────────────────────────────────────────────────────────────────────────────────────────────────────────────────────────────────────────────────────────────────────────────────────────────────────────────────────────────────────
   1 │ NoOverlap             false         false    false      1.51308e7                  37979.0     1.50921e7           41.0442              6.50261       15.3285                   14.956            9525.54       0.0                 0             0  none=7                                         3.6549                            0.0                         159.764                     22.5216
   2 │ SteadyOnly             true         false    false      1.45651e7                  36430.0     1.45279e7           40.5302              3.18631       22.793                    22.782           12926.5        4.0                 7             0  steady=7                                      -0.2205                            7.826                       159.764                     22.5216
   3 │ UnitOnly              false          true    false      1.46136e7                  34568.0     1.45783e7           40.6761              5.30744       16.8968                   16.888           12539.1        3.57143             7             0  none=1; unit_dwell=6                           0.1117                            1.932                       159.764                     22.5216
   4 │ RampOnly              false         false     true      1.4614e7                   35780.0     1.45774e7           40.6464              3.97928       16.3245                   16.317           12395.4        3.42857             6             0  none=1; ramp=6                                 0.114                             1.361                       159.764                     22.5216
   5 │ Steady+Unit            true          true    false      1.46061e7                  35388.0     1.45699e7           40.5635              2.30111       21.8035                   21.796           14017.0        5.14286             8             0  steady=5; unit_dwell=2                         0.0602                            6.84                        159.764                     22.5216
   6 │ Steady+Ramp            true         false     true      1.45579e7                  35060.0     1.4522e7            40.5635              2.59667       21.6692                   21.662           13334.0        4.42857             7             0  ramp=1; steady=4; steady+ramp=2               -0.2702                            6.706                       159.764                     22.5216
   7 │ Unit+Ramp             false          true     true      1.52082e7                  36801.0     1.51707e7           40.5302              7.89891       19.722                    19.712           13060.6        4.14286             7             0  ramp=3; unit_dwell=3; unit_dwell…              4.1851                            4.756                       159.764                     22.5216
   8 │ Steady+Unit+Ramp       true          true     true      1.45973e7                  34618.0     1.45619e7           40.5635              2.30111       23.7249                   23.717           13870.3        5.0                 7             0  ramp=1; steady=4; steady+ramp=1;…              0.0                               8.761                       159.764                     22.5216
Calibration time excluded: 159.7641363
Reference time excluded: 22.521620700000003
Summary CSV: D:\GithubClonefiles\module_unitcommitment\output\details_schedule_results\adaptive_pcm_simulation_results\criteria_combination_performance.csv
Interval CSV: D:\GithubClonefiles\module_unitcommitment\output\details_schedule_results\adaptive_pcm_simulation_results\criteria_combination_intervals.csv
