  Activating project at `d:\GithubClonefiles\module_unitcommitment\pkg`
	→ The renewable energy scenarios module loaded.
	→ Input data module loaded and ready for UC modeling.
Set parameter Username
Set parameter LicenseID to value 2826524
Academic license - for non-commercial use only - expires 2027-05-22
	→ The [JULIA] environment_config has been loaded.
	→ Constraint modules included and functions exported.
	→ Objective functions module loaded and exported.
	→ Utility functions module loaded and exported.
	→ all boundary conditions validated.
================================================================================
EVALUATING OVERLAP CRITERIA COMBINATIONS
================================================================================
Step-1: Loading packages and functions...
  Reading data from: d:/GithubClonefiles/module_unitcommitment/data/data_118.xlsx
  Reading frequency parameters...
  Reading energy storage system data...
  Reading generator, network, and load data...
  Reading data center data...
  Reading hydroelectric power data...
  ✓ All data successfully loaded from Excel file.
Step-2: imput data are loaded
Calibrating steady-state model once for all modes...

================================================================================
SAMPLING AND CALIBRATING ACCURACY LOSS MAPPING MODEL...
================================================================================
Step-3: Creating dispatching model (Refactored & Modularized)
Set parameter Username
Set parameter LicenseID to value 2826524
Academic license - for non-commercial use only - expires 2027-05-22
	 Variables defined.
DEBUG set_objective_economic!: NT=36, NG=54, ND=91, NW=2, NS=1, K=3, size(refcost)=(54,), size(eachslope)=(3, 54)
objective_function
	MILP economic objective set
subject to.
	 constraints: 1) minimum shutup/shutdown time limits			 done
	 constraints: 2) binary variable logic					 done
	 constraints: 3) shutup/shutdown cost					 done
	 constraints: 4) loadcurtailments and spoliedwinds			 done
	 constraints: 5) generatos power limits					 done
	 constraints: 6) system reserves limits					 done
	 constraints: 7) power balance constraints				 done
	 constraints: 8) ramp-up/ramp-down constraints				 done
	 constraints: 9) piece linearization constraints			 done
	 constraints: 10) transmissionline limits skipped (is_NetWorkCon != 1 or Gsdf missing or NL=0)
	 constraints: 11) stroges system constraints skipped (is_ConsiderBESS=0)
	 constraints: 12) data centra constraints skipped (is_ConsiderDataCentra != 1)
	 constraints: 13) frequency control constraints skipped (is_ConsiderFrequencyControl != 1)
	 constraints: 14) hydro power limits					 done
+++++++++++++++++++++++++++++++++++++++++++++++++++++++++++++++++++++++++++++++++++++++++++
Step-4: starting Gurobi solver
Step-5: Gurobi solver finished
+++++++++++++++++++++++++++++++++++++++++++++++++++++++++++++++++++++++++++++++++++++++++++

assert_is_solved_and_feasible(scuc) = nothing
solution_summary(scuc) = solution_summary(; result = 1, verbose = false)
├ solver_name          : Gurobi
├ Termination
│ ├ termination_status : OPTIMAL
│ ├ result_count       : 3
│ ├ raw_status         : Model was solved to optimality (subject to tolerances), and an optimal solution is available.
│ └ objective_bound    : 2.60193e+06
├ Solution (result = 1)
│ ├ primal_status        : FEASIBLE_POINT
│ ├ dual_status          : NO_SOLUTION
│ ├ objective_value      : 2.63557e+06
│ └ relative_gap         : 1.27612e-02
└ Work counters
  ├ solve_time (sec)   : 3.18400e+00
  ├ simplex_iterations : 10956
  ├ barrier_iterations : 0
  └ node_count         : 1


Termination Status: OPTIMAL
Acceptable solution found (Status: OPTIMAL).
Step-6: record datas
PART1: [unit-commitment] calculation result has been saved to: D:/GithubClonefiles/module_unitcommitment/output/details_schedule_results/pcm_simulation_results/intervels_[1]/res_schedule_commitment_result.txt
Step-3: Creating dispatching model (Refactored & Modularized)
Set parameter Username
Set parameter LicenseID to value 2826524
Academic license - for non-commercial use only - expires 2027-05-22
	 Variables defined.
DEBUG set_objective_economic!: NT=36, NG=54, ND=91, NW=2, NS=1, K=3, size(refcost)=(54,), size(eachslope)=(3, 54)
objective_function
	MILP economic objective set
subject to.
	 constraints: 1) minimum shutup/shutdown time limits			 done
	 constraints: 2) binary variable logic					 done
	 constraints: 3) shutup/shutdown cost					 done
	 constraints: 4) loadcurtailments and spoliedwinds			 done
	 constraints: 5) generatos power limits					 done
	 constraints: 6) system reserves limits					 done
	 constraints: 7) power balance constraints				 done
	 constraints: 8) ramp-up/ramp-down constraints				 done
	 constraints: 9) piece linearization constraints			 done
	 constraints: 10) transmissionline limits skipped (is_NetWorkCon != 1 or Gsdf missing or NL=0)
	 constraints: 11) stroges system constraints skipped (is_ConsiderBESS=0)
	 constraints: 12) data centra constraints skipped (is_ConsiderDataCentra != 1)
	 constraints: 13) frequency control constraints skipped (is_ConsiderFrequencyControl != 1)
	 constraints: 14) hydro power limits					 done
+++++++++++++++++++++++++++++++++++++++++++++++++++++++++++++++++++++++++++++++++++++++++++
Step-4: starting Gurobi solver
Step-5: Gurobi solver finished
+++++++++++++++++++++++++++++++++++++++++++++++++++++++++++++++++++++++++++++++++++++++++++

assert_is_solved_and_feasible(scuc) = nothing
solution_summary(scuc) = solution_summary(; result = 1, verbose = false)
├ solver_name          : Gurobi
├ Termination
│ ├ termination_status : OPTIMAL
│ ├ result_count       : 3
│ ├ raw_status         : Model was solved to optimality (subject to tolerances), and an optimal solution is available.
│ └ objective_bound    : 2.60193e+06
├ Solution (result = 1)
│ ├ primal_status        : FEASIBLE_POINT
│ ├ dual_status          : NO_SOLUTION
│ ├ objective_value      : 2.63557e+06
│ └ relative_gap         : 1.27612e-02
└ Work counters
  ├ solve_time (sec)   : 3.23700e+00
  ├ simplex_iterations : 10956
  ├ barrier_iterations : 0
  └ node_count         : 1


Termination Status: OPTIMAL
Acceptable solution found (Status: OPTIMAL).
Step-6: record datas
PART1: [unit-commitment] calculation result has been saved to: D:/GithubClonefiles/module_unitcommitment/output/details_schedule_results/pcm_simulation_results/intervels_[1]/res_schedule_commitment_result.txt
PART1: [unit-commitment] calculation result has been saved to: D:/GithubClonefiles/module_unitcommitment/output/details_schedule_results/pcm_simulation_results/intervels_[1]/res_schedule_commitment_result.txt
Step-3: Creating dispatching model (Refactored & Modularized)
Set parameter Username
Set parameter LicenseID to value 2826524
Academic license - for non-commercial use only - expires 2027-05-22
	 Variables defined.
DEBUG set_objective_economic!: NT=26, NG=54, ND=91, NW=2, NS=1, K=3, size(refcost)=(54,), size(eachslope)=(3, 54)
objective_function
	MILP economic objective set
subject to.
	 constraints: 1) minimum shutup/shutdown time limits			 done
	 constraints: 2) binary variable logic					 done
	 constraints: 3) shutup/shutdown cost					 done
	 constraints: 4) loadcurtailments and spoliedwinds			 done
	 constraints: 5) generatos power limits					 done
	 constraints: 6) system reserves limits					 done
	 constraints: 7) power balance constraints				 done
	 constraints: 8) ramp-up/ramp-down constraints				 done
	 constraints: 9) piece linearization constraints			 done
	 constraints: 10) transmissionline limits skipped (is_NetWorkCon != 1 or Gsdf missing or NL=0)
	 constraints: 11) stroges system constraints skipped (is_ConsiderBESS=0)
	 constraints: 12) data centra constraints skipped (is_ConsiderDataCentra != 1)
	 constraints: 13) frequency control constraints skipped (is_ConsiderFrequencyControl != 1)
	 constraints: 14) hydro power limits					 done
+++++++++++++++++++++++++++++++++++++++++++++++++++++++++++++++++++++++++++++++++++++++++++
Step-4: starting Gurobi solver
Step-5: Gurobi solver finished
+++++++++++++++++++++++++++++++++++++++++++++++++++++++++++++++++++++++++++++++++++++++++++

assert_is_solved_and_feasible(scuc) = nothing
solution_summary(scuc) = solution_summary(; result = 1, verbose = false)
├ solver_name          : Gurobi
├ Termination
│ ├ termination_status : OPTIMAL
│ ├ result_count       : 3
│ ├ raw_status         : Model was solved to optimality (subject to tolerances), and an optimal solution is available.
│ └ objective_bound    : 1.98287e+06
├ Solution (result = 1)
│ ├ primal_status        : FEASIBLE_POINT
│ ├ dual_status          : NO_SOLUTION
│ ├ objective_value      : 1.98287e+06
│ └ relative_gap         : 1.17421e-16
└ Work counters
  ├ solve_time (sec)   : 1.13300e+00
  ├ simplex_iterations : 9485
  ├ barrier_iterations : 0
  └ node_count         : 1


Termination Status: OPTIMAL
Acceptable solution found (Status: OPTIMAL).
Step-6: record datas
PART1: [unit-commitment] calculation result has been saved to: D:/GithubClonefiles/module_unitcommitment/output/details_schedule_results/pcm_simulation_results/intervels_[1]/res_schedule_commitment_result.txt
PART1: [unit-commitment] calculation result has been saved to: D:/GithubClonefiles/module_unitcommitment/output/details_schedule_results/pcm_simulation_results/intervels_[1]/res_schedule_commitment_result.txt
Step-3: Creating dispatching model (Refactored & Modularized)
Set parameter Username
Set parameter LicenseID to value 2826524
Academic license - for non-commercial use only - expires 2027-05-22
	 Variables defined.
DEBUG set_objective_economic!: NT=31, NG=54, ND=91, NW=2, NS=1, K=3, size(refcost)=(54,), size(eachslope)=(3, 54)
objective_function
	MILP economic objective set
subject to.
	 constraints: 1) minimum shutup/shutdown time limits			 done
	 constraints: 2) binary variable logic					 done
	 constraints: 3) shutup/shutdown cost					 done
	 constraints: 4) loadcurtailments and spoliedwinds			 done
	 constraints: 5) generatos power limits					 done
	 constraints: 6) system reserves limits					 done
	 constraints: 7) power balance constraints				 done
	 constraints: 8) ramp-up/ramp-down constraints				 done
	 constraints: 9) piece linearization constraints			 done
	 constraints: 10) transmissionline limits skipped (is_NetWorkCon != 1 or Gsdf missing or NL=0)
	 constraints: 11) stroges system constraints skipped (is_ConsiderBESS=0)
	 constraints: 12) data centra constraints skipped (is_ConsiderDataCentra != 1)
	 constraints: 13) frequency control constraints skipped (is_ConsiderFrequencyControl != 1)
	 constraints: 14) hydro power limits					 done
+++++++++++++++++++++++++++++++++++++++++++++++++++++++++++++++++++++++++++++++++++++++++++
Step-4: starting Gurobi solver
Step-5: Gurobi solver finished
+++++++++++++++++++++++++++++++++++++++++++++++++++++++++++++++++++++++++++++++++++++++++++

assert_is_solved_and_feasible(scuc) = nothing
solution_summary(scuc) = solution_summary(; result = 1, verbose = false)
├ solver_name          : Gurobi
├ Termination
│ ├ termination_status : OPTIMAL
│ ├ result_count       : 10
│ ├ raw_status         : Model was solved to optimality (subject to tolerances), and an optimal solution is available.
│ └ objective_bound    : 2.12281e+06
├ Solution (result = 1)
│ ├ primal_status        : FEASIBLE_POINT
│ ├ dual_status          : NO_SOLUTION
│ ├ objective_value      : 2.13618e+06
│ └ relative_gap         : 6.26226e-03
└ Work counters
  ├ solve_time (sec)   : 4.36300e+00
  ├ simplex_iterations : 13262
  ├ barrier_iterations : 0
  └ node_count         : 1


Termination Status: OPTIMAL
Acceptable solution found (Status: OPTIMAL).
Step-6: record datas
PART1: [unit-commitment] calculation result has been saved to: D:/GithubClonefiles/module_unitcommitment/output/details_schedule_results/pcm_simulation_results/intervels_[1]/res_schedule_commitment_result.txt
PART1: [unit-commitment] calculation result has been saved to: D:/GithubClonefiles/module_unitcommitment/output/details_schedule_results/pcm_simulation_results/intervels_[1]/res_schedule_commitment_result.txt
Step-3: Creating dispatching model (Refactored & Modularized)
Set parameter Username
Set parameter LicenseID to value 2826524
Academic license - for non-commercial use only - expires 2027-05-22
	 Variables defined.
DEBUG set_objective_economic!: NT=36, NG=54, ND=91, NW=2, NS=1, K=3, size(refcost)=(54,), size(eachslope)=(3, 54)
objective_function
	MILP economic objective set
subject to.
	 constraints: 1) minimum shutup/shutdown time limits			 done
	 constraints: 2) binary variable logic					 done
	 constraints: 3) shutup/shutdown cost					 done
	 constraints: 4) loadcurtailments and spoliedwinds			 done
	 constraints: 5) generatos power limits					 done
	 constraints: 6) system reserves limits					 done
	 constraints: 7) power balance constraints				 done
	 constraints: 8) ramp-up/ramp-down constraints				 done
	 constraints: 9) piece linearization constraints			 done
	 constraints: 10) transmissionline limits skipped (is_NetWorkCon != 1 or Gsdf missing or NL=0)
	 constraints: 11) stroges system constraints skipped (is_ConsiderBESS=0)
	 constraints: 12) data centra constraints skipped (is_ConsiderDataCentra != 1)
	 constraints: 13) frequency control constraints skipped (is_ConsiderFrequencyControl != 1)
	 constraints: 14) hydro power limits					 done
+++++++++++++++++++++++++++++++++++++++++++++++++++++++++++++++++++++++++++++++++++++++++++
Step-4: starting Gurobi solver
Step-5: Gurobi solver finished
+++++++++++++++++++++++++++++++++++++++++++++++++++++++++++++++++++++++++++++++++++++++++++

assert_is_solved_and_feasible(scuc) = nothing
solution_summary(scuc) = solution_summary(; result = 1, verbose = false)
├ solver_name          : Gurobi
├ Termination
│ ├ termination_status : OPTIMAL
│ ├ result_count       : 3
│ ├ raw_status         : Model was solved to optimality (subject to tolerances), and an optimal solution is available.
│ └ objective_bound    : 2.60193e+06
├ Solution (result = 1)
│ ├ primal_status        : FEASIBLE_POINT
│ ├ dual_status          : NO_SOLUTION
│ ├ objective_value      : 2.63557e+06
│ └ relative_gap         : 1.27612e-02
└ Work counters
  ├ solve_time (sec)   : 3.43000e+00
  ├ simplex_iterations : 10956
  ├ barrier_iterations : 0
  └ node_count         : 1


Termination Status: OPTIMAL
Acceptable solution found (Status: OPTIMAL).
Step-6: record datas
PART1: [unit-commitment] calculation result has been saved to: D:/GithubClonefiles/module_unitcommitment/output/details_schedule_results/pcm_simulation_results/intervels_[1]/res_schedule_commitment_result.txt
PART1: [unit-commitment] calculation result has been saved to: D:/GithubClonefiles/module_unitcommitment/output/details_schedule_results/pcm_simulation_results/intervels_[1]/res_schedule_commitment_result.txt
Step-3: Creating dispatching model (Refactored & Modularized)
Set parameter Username
Set parameter LicenseID to value 2826524
Academic license - for non-commercial use only - expires 2027-05-22
	 Variables defined.
DEBUG set_objective_economic!: NT=36, NG=54, ND=91, NW=2, NS=1, K=3, size(refcost)=(54,), size(eachslope)=(3, 54)
objective_function
	MILP economic objective set
subject to.
	 constraints: 1) minimum shutup/shutdown time limits			 done
	 constraints: 2) binary variable logic					 done
	 constraints: 3) shutup/shutdown cost					 done
	 constraints: 4) loadcurtailments and spoliedwinds			 done
	 constraints: 5) generatos power limits					 done
	 constraints: 6) system reserves limits					 done
	 constraints: 7) power balance constraints				 done
	 constraints: 8) ramp-up/ramp-down constraints				 done
	 constraints: 9) piece linearization constraints			 done
	 constraints: 10) transmissionline limits skipped (is_NetWorkCon != 1 or Gsdf missing or NL=0)
	 constraints: 11) stroges system constraints skipped (is_ConsiderBESS=0)
	 constraints: 12) data centra constraints skipped (is_ConsiderDataCentra != 1)
	 constraints: 13) frequency control constraints skipped (is_ConsiderFrequencyControl != 1)
	 constraints: 14) hydro power limits					 done
+++++++++++++++++++++++++++++++++++++++++++++++++++++++++++++++++++++++++++++++++++++++++++
Step-4: starting Gurobi solver
Step-5: Gurobi solver finished
+++++++++++++++++++++++++++++++++++++++++++++++++++++++++++++++++++++++++++++++++++++++++++

assert_is_solved_and_feasible(scuc) = nothing
solution_summary(scuc) = solution_summary(; result = 1, verbose = false)
├ solver_name          : Gurobi
├ Termination
│ ├ termination_status : OPTIMAL
│ ├ result_count       : 2
│ ├ raw_status         : Model was solved to optimality (subject to tolerances), and an optimal solution is available.
│ └ objective_bound    : 2.60106e+06
├ Solution (result = 1)
│ ├ primal_status        : FEASIBLE_POINT
│ ├ dual_status          : NO_SOLUTION
│ ├ objective_value      : 2.64067e+06
│ └ relative_gap         : 1.49984e-02
└ Work counters
  ├ solve_time (sec)   : 3.36600e+00
  ├ simplex_iterations : 12284
  ├ barrier_iterations : 0
  └ node_count         : 1


Termination Status: OPTIMAL
Acceptable solution found (Status: OPTIMAL).
Step-6: record datas
PART1: [unit-commitment] calculation result has been saved to: D:/GithubClonefiles/module_unitcommitment/output/details_schedule_results/pcm_simulation_results/intervels_[1]/res_schedule_commitment_result.txt
PART1: [unit-commitment] calculation result has been saved to: D:/GithubClonefiles/module_unitcommitment/output/details_schedule_results/pcm_simulation_results/intervels_[1]/res_schedule_commitment_result.txt
Step-3: Creating dispatching model (Refactored & Modularized)
Set parameter Username
Set parameter LicenseID to value 2826524
Academic license - for non-commercial use only - expires 2027-05-22
	 Variables defined.
DEBUG set_objective_economic!: NT=26, NG=54, ND=91, NW=2, NS=1, K=3, size(refcost)=(54,), size(eachslope)=(3, 54)
objective_function
	MILP economic objective set
subject to.
	 constraints: 1) minimum shutup/shutdown time limits			 done
	 constraints: 2) binary variable logic					 done
	 constraints: 3) shutup/shutdown cost					 done
	 constraints: 4) loadcurtailments and spoliedwinds			 done
	 constraints: 5) generatos power limits					 done
	 constraints: 6) system reserves limits					 done
	 constraints: 7) power balance constraints				 done
	 constraints: 8) ramp-up/ramp-down constraints				 done
	 constraints: 9) piece linearization constraints			 done
	 constraints: 10) transmissionline limits skipped (is_NetWorkCon != 1 or Gsdf missing or NL=0)
	 constraints: 11) stroges system constraints skipped (is_ConsiderBESS=0)
	 constraints: 12) data centra constraints skipped (is_ConsiderDataCentra != 1)
	 constraints: 13) frequency control constraints skipped (is_ConsiderFrequencyControl != 1)
	 constraints: 14) hydro power limits					 done
+++++++++++++++++++++++++++++++++++++++++++++++++++++++++++++++++++++++++++++++++++++++++++
Step-4: starting Gurobi solver
Step-5: Gurobi solver finished
+++++++++++++++++++++++++++++++++++++++++++++++++++++++++++++++++++++++++++++++++++++++++++

assert_is_solved_and_feasible(scuc) = nothing
solution_summary(scuc) = solution_summary(; result = 1, verbose = false)
├ solver_name          : Gurobi
├ Termination
│ ├ termination_status : OPTIMAL
│ ├ result_count       : 10
│ ├ raw_status         : Model was solved to optimality (subject to tolerances), and an optimal solution is available.
│ └ objective_bound    : 1.91061e+06
├ Solution (result = 1)
│ ├ primal_status        : FEASIBLE_POINT
│ ├ dual_status          : NO_SOLUTION
│ ├ objective_value      : 1.93956e+06
│ └ relative_gap         : 1.49242e-02
└ Work counters
  ├ solve_time (sec)   : 2.68200e+00
  ├ simplex_iterations : 11598
  ├ barrier_iterations : 0
  └ node_count         : 1


Termination Status: OPTIMAL
Acceptable solution found (Status: OPTIMAL).
Step-6: record datas
PART1: [unit-commitment] calculation result has been saved to: D:/GithubClonefiles/module_unitcommitment/output/details_schedule_results/pcm_simulation_results/intervels_[1]/res_schedule_commitment_result.txt
PART1: [unit-commitment] calculation result has been saved to: D:/GithubClonefiles/module_unitcommitment/output/details_schedule_results/pcm_simulation_results/intervels_[1]/res_schedule_commitment_result.txt
Step-3: Creating dispatching model (Refactored & Modularized)
Set parameter Username
Set parameter LicenseID to value 2826524
Academic license - for non-commercial use only - expires 2027-05-22
	 Variables defined.
DEBUG set_objective_economic!: NT=31, NG=54, ND=91, NW=2, NS=1, K=3, size(refcost)=(54,), size(eachslope)=(3, 54)
objective_function
	MILP economic objective set
subject to.
	 constraints: 1) minimum shutup/shutdown time limits			 done
	 constraints: 2) binary variable logic					 done
	 constraints: 3) shutup/shutdown cost					 done
	 constraints: 4) loadcurtailments and spoliedwinds			 done
	 constraints: 5) generatos power limits					 done
	 constraints: 6) system reserves limits					 done
	 constraints: 7) power balance constraints				 done
	 constraints: 8) ramp-up/ramp-down constraints				 done
	 constraints: 9) piece linearization constraints			 done
	 constraints: 10) transmissionline limits skipped (is_NetWorkCon != 1 or Gsdf missing or NL=0)
	 constraints: 11) stroges system constraints skipped (is_ConsiderBESS=0)
	 constraints: 12) data centra constraints skipped (is_ConsiderDataCentra != 1)
	 constraints: 13) frequency control constraints skipped (is_ConsiderFrequencyControl != 1)
	 constraints: 14) hydro power limits					 done
+++++++++++++++++++++++++++++++++++++++++++++++++++++++++++++++++++++++++++++++++++++++++++
Step-4: starting Gurobi solver
Step-5: Gurobi solver finished
+++++++++++++++++++++++++++++++++++++++++++++++++++++++++++++++++++++++++++++++++++++++++++

assert_is_solved_and_feasible(scuc) = nothing
solution_summary(scuc) = solution_summary(; result = 1, verbose = false)
├ solver_name          : Gurobi
├ Termination
│ ├ termination_status : OPTIMAL
│ ├ result_count       : 5
│ ├ raw_status         : Model was solved to optimality (subject to tolerances), and an optimal solution is available.
│ └ objective_bound    : 2.12125e+06
├ Solution (result = 1)
│ ├ primal_status        : FEASIBLE_POINT
│ ├ dual_status          : NO_SOLUTION
│ ├ objective_value      : 2.13897e+06
│ └ relative_gap         : 8.28462e-03
└ Work counters
  ├ solve_time (sec)   : 2.44700e+00
  ├ simplex_iterations : 11329
  ├ barrier_iterations : 0
  └ node_count         : 1


Termination Status: OPTIMAL
Acceptable solution found (Status: OPTIMAL).
Step-6: record datas
PART1: [unit-commitment] calculation result has been saved to: D:/GithubClonefiles/module_unitcommitment/output/details_schedule_results/pcm_simulation_results/intervels_[1]/res_schedule_commitment_result.txt
PART1: [unit-commitment] calculation result has been saved to: D:/GithubClonefiles/module_unitcommitment/output/details_schedule_results/pcm_simulation_results/intervels_[1]/res_schedule_commitment_result.txt
Step-3: Creating dispatching model (Refactored & Modularized)
Set parameter Username
Set parameter LicenseID to value 2826524
Academic license - for non-commercial use only - expires 2027-05-22
	 Variables defined.
DEBUG set_objective_economic!: NT=36, NG=54, ND=91, NW=2, NS=1, K=3, size(refcost)=(54,), size(eachslope)=(3, 54)
objective_function
	MILP economic objective set
subject to.
	 constraints: 1) minimum shutup/shutdown time limits			 done
	 constraints: 2) binary variable logic					 done
	 constraints: 3) shutup/shutdown cost					 done
	 constraints: 4) loadcurtailments and spoliedwinds			 done
	 constraints: 5) generatos power limits					 done
	 constraints: 6) system reserves limits					 done
	 constraints: 7) power balance constraints				 done
	 constraints: 8) ramp-up/ramp-down constraints				 done
	 constraints: 9) piece linearization constraints			 done
	 constraints: 10) transmissionline limits skipped (is_NetWorkCon != 1 or Gsdf missing or NL=0)
	 constraints: 11) stroges system constraints skipped (is_ConsiderBESS=0)
	 constraints: 12) data centra constraints skipped (is_ConsiderDataCentra != 1)
	 constraints: 13) frequency control constraints skipped (is_ConsiderFrequencyControl != 1)
	 constraints: 14) hydro power limits					 done
+++++++++++++++++++++++++++++++++++++++++++++++++++++++++++++++++++++++++++++++++++++++++++
Step-4: starting Gurobi solver
Step-5: Gurobi solver finished
+++++++++++++++++++++++++++++++++++++++++++++++++++++++++++++++++++++++++++++++++++++++++++

assert_is_solved_and_feasible(scuc) = nothing
solution_summary(scuc) = solution_summary(; result = 1, verbose = false)
├ solver_name          : Gurobi
├ Termination
│ ├ termination_status : OPTIMAL
│ ├ result_count       : 2
│ ├ raw_status         : Model was solved to optimality (subject to tolerances), and an optimal solution is available.
│ └ objective_bound    : 2.60106e+06
├ Solution (result = 1)
│ ├ primal_status        : FEASIBLE_POINT
│ ├ dual_status          : NO_SOLUTION
│ ├ objective_value      : 2.64067e+06
│ └ relative_gap         : 1.49984e-02
└ Work counters
  ├ solve_time (sec)   : 3.50900e+00
  ├ simplex_iterations : 12284
  ├ barrier_iterations : 0
  └ node_count         : 1


Termination Status: OPTIMAL
Acceptable solution found (Status: OPTIMAL).
Step-6: record datas
PART1: [unit-commitment] calculation result has been saved to: D:/GithubClonefiles/module_unitcommitment/output/details_schedule_results/pcm_simulation_results/intervels_[1]/res_schedule_commitment_result.txt
PART1: [unit-commitment] calculation result has been saved to: D:/GithubClonefiles/module_unitcommitment/output/details_schedule_results/pcm_simulation_results/intervels_[1]/res_schedule_commitment_result.txt
Step-3: Creating dispatching model (Refactored & Modularized)
Set parameter Username
Set parameter LicenseID to value 2826524
Academic license - for non-commercial use only - expires 2027-05-22
	 Variables defined.
DEBUG set_objective_economic!: NT=36, NG=54, ND=91, NW=2, NS=1, K=3, size(refcost)=(54,), size(eachslope)=(3, 54)
objective_function
	MILP economic objective set
subject to.
	 constraints: 1) minimum shutup/shutdown time limits			 done
	 constraints: 2) binary variable logic					 done
	 constraints: 3) shutup/shutdown cost					 done
	 constraints: 4) loadcurtailments and spoliedwinds			 done
	 constraints: 5) generatos power limits					 done
	 constraints: 6) system reserves limits					 done
	 constraints: 7) power balance constraints				 done
	 constraints: 8) ramp-up/ramp-down constraints				 done
	 constraints: 9) piece linearization constraints			 done
	 constraints: 10) transmissionline limits skipped (is_NetWorkCon != 1 or Gsdf missing or NL=0)
	 constraints: 11) stroges system constraints skipped (is_ConsiderBESS=0)
	 constraints: 12) data centra constraints skipped (is_ConsiderDataCentra != 1)
	 constraints: 13) frequency control constraints skipped (is_ConsiderFrequencyControl != 1)
	 constraints: 14) hydro power limits					 done
+++++++++++++++++++++++++++++++++++++++++++++++++++++++++++++++++++++++++++++++++++++++++++
Step-4: starting Gurobi solver
Step-5: Gurobi solver finished
+++++++++++++++++++++++++++++++++++++++++++++++++++++++++++++++++++++++++++++++++++++++++++

assert_is_solved_and_feasible(scuc) = nothing
solution_summary(scuc) = solution_summary(; result = 1, verbose = false)
├ solver_name          : Gurobi
├ Termination
│ ├ termination_status : OPTIMAL
│ ├ result_count       : 4
│ ├ raw_status         : Model was solved to optimality (subject to tolerances), and an optimal solution is available.
│ └ objective_bound    : 2.92197e+06
├ Solution (result = 1)
│ ├ primal_status        : FEASIBLE_POINT
│ ├ dual_status          : NO_SOLUTION
│ ├ objective_value      : 2.95715e+06
│ └ relative_gap         : 1.18993e-02
└ Work counters
  ├ solve_time (sec)   : 2.85700e+00
  ├ simplex_iterations : 11248
  ├ barrier_iterations : 0
  └ node_count         : 1


Termination Status: OPTIMAL
Acceptable solution found (Status: OPTIMAL).
Step-6: record datas
PART1: [unit-commitment] calculation result has been saved to: D:/GithubClonefiles/module_unitcommitment/output/details_schedule_results/pcm_simulation_results/intervels_[1]/res_schedule_commitment_result.txt
Step-3: Creating dispatching model (Refactored & Modularized)
Set parameter Username
Set parameter LicenseID to value 2826524
Academic license - for non-commercial use only - expires 2027-05-22
	 Variables defined.
DEBUG set_objective_economic!: NT=36, NG=54, ND=91, NW=2, NS=1, K=3, size(refcost)=(54,), size(eachslope)=(3, 54)
objective_function
	MILP economic objective set
subject to.
	 constraints: 1) minimum shutup/shutdown time limits			 done
	 constraints: 2) binary variable logic					 done
	 constraints: 3) shutup/shutdown cost					 done
	 constraints: 4) loadcurtailments and spoliedwinds			 done
	 constraints: 5) generatos power limits					 done
	 constraints: 6) system reserves limits					 done
	 constraints: 7) power balance constraints				 done
	 constraints: 8) ramp-up/ramp-down constraints				 done
	 constraints: 9) piece linearization constraints			 done
	 constraints: 10) transmissionline limits skipped (is_NetWorkCon != 1 or Gsdf missing or NL=0)
	 constraints: 11) stroges system constraints skipped (is_ConsiderBESS=0)
	 constraints: 12) data centra constraints skipped (is_ConsiderDataCentra != 1)
	 constraints: 13) frequency control constraints skipped (is_ConsiderFrequencyControl != 1)
	 constraints: 14) hydro power limits					 done
+++++++++++++++++++++++++++++++++++++++++++++++++++++++++++++++++++++++++++++++++++++++++++
Step-4: starting Gurobi solver
Step-5: Gurobi solver finished
+++++++++++++++++++++++++++++++++++++++++++++++++++++++++++++++++++++++++++++++++++++++++++

assert_is_solved_and_feasible(scuc) = nothing
solution_summary(scuc) = solution_summary(; result = 1, verbose = false)
├ solver_name          : Gurobi
├ Termination
│ ├ termination_status : OPTIMAL
│ ├ result_count       : 4
│ ├ raw_status         : Model was solved to optimality (subject to tolerances), and an optimal solution is available.
│ └ objective_bound    : 2.92197e+06
├ Solution (result = 1)
│ ├ primal_status        : FEASIBLE_POINT
│ ├ dual_status          : NO_SOLUTION
│ ├ objective_value      : 2.95715e+06
│ └ relative_gap         : 1.18993e-02
└ Work counters
  ├ solve_time (sec)   : 2.81800e+00
  ├ simplex_iterations : 11248
  ├ barrier_iterations : 0
  └ node_count         : 1


Termination Status: OPTIMAL
Acceptable solution found (Status: OPTIMAL).
Step-6: record datas
PART1: [unit-commitment] calculation result has been saved to: D:/GithubClonefiles/module_unitcommitment/output/details_schedule_results/pcm_simulation_results/intervels_[1]/res_schedule_commitment_result.txt
PART1: [unit-commitment] calculation result has been saved to: D:/GithubClonefiles/module_unitcommitment/output/details_schedule_results/pcm_simulation_results/intervels_[1]/res_schedule_commitment_result.txt
Step-3: Creating dispatching model (Refactored & Modularized)
Set parameter Username
Set parameter LicenseID to value 2826524
Academic license - for non-commercial use only - expires 2027-05-22
	 Variables defined.
DEBUG set_objective_economic!: NT=26, NG=54, ND=91, NW=2, NS=1, K=3, size(refcost)=(54,), size(eachslope)=(3, 54)
objective_function
	MILP economic objective set
subject to.
	 constraints: 1) minimum shutup/shutdown time limits			 done
	 constraints: 2) binary variable logic					 done
	 constraints: 3) shutup/shutdown cost					 done
	 constraints: 4) loadcurtailments and spoliedwinds			 done
	 constraints: 5) generatos power limits					 done
	 constraints: 6) system reserves limits					 done
	 constraints: 7) power balance constraints				 done
	 constraints: 8) ramp-up/ramp-down constraints				 done
	 constraints: 9) piece linearization constraints			 done
	 constraints: 10) transmissionline limits skipped (is_NetWorkCon != 1 or Gsdf missing or NL=0)
	 constraints: 11) stroges system constraints skipped (is_ConsiderBESS=0)
	 constraints: 12) data centra constraints skipped (is_ConsiderDataCentra != 1)
	 constraints: 13) frequency control constraints skipped (is_ConsiderFrequencyControl != 1)
	 constraints: 14) hydro power limits					 done
+++++++++++++++++++++++++++++++++++++++++++++++++++++++++++++++++++++++++++++++++++++++++++
Step-4: starting Gurobi solver
Step-5: Gurobi solver finished
+++++++++++++++++++++++++++++++++++++++++++++++++++++++++++++++++++++++++++++++++++++++++++

assert_is_solved_and_feasible(scuc) = nothing
solution_summary(scuc) = solution_summary(; result = 1, verbose = false)
├ solver_name          : Gurobi
├ Termination
│ ├ termination_status : OPTIMAL
│ ├ result_count       : 10
│ ├ raw_status         : Model was solved to optimality (subject to tolerances), and an optimal solution is available.
│ └ objective_bound    : 2.14524e+06
├ Solution (result = 1)
│ ├ primal_status        : FEASIBLE_POINT
│ ├ dual_status          : NO_SOLUTION
│ ├ objective_value      : 2.17687e+06
│ └ relative_gap         : 1.45325e-02
└ Work counters
  ├ solve_time (sec)   : 3.32900e+00
  ├ simplex_iterations : 11510
  ├ barrier_iterations : 0
  └ node_count         : 1


Termination Status: OPTIMAL
Acceptable solution found (Status: OPTIMAL).
Step-6: record datas
PART1: [unit-commitment] calculation result has been saved to: D:/GithubClonefiles/module_unitcommitment/output/details_schedule_results/pcm_simulation_results/intervels_[1]/res_schedule_commitment_result.txt
PART1: [unit-commitment] calculation result has been saved to: D:/GithubClonefiles/module_unitcommitment/output/details_schedule_results/pcm_simulation_results/intervels_[1]/res_schedule_commitment_result.txt
Step-3: Creating dispatching model (Refactored & Modularized)
Set parameter Username
Set parameter LicenseID to value 2826524
Academic license - for non-commercial use only - expires 2027-05-22
	 Variables defined.
DEBUG set_objective_economic!: NT=31, NG=54, ND=91, NW=2, NS=1, K=3, size(refcost)=(54,), size(eachslope)=(3, 54)
objective_function
	MILP economic objective set
subject to.
	 constraints: 1) minimum shutup/shutdown time limits			 done
	 constraints: 2) binary variable logic					 done
	 constraints: 3) shutup/shutdown cost					 done
	 constraints: 4) loadcurtailments and spoliedwinds			 done
	 constraints: 5) generatos power limits					 done
	 constraints: 6) system reserves limits					 done
	 constraints: 7) power balance constraints				 done
	 constraints: 8) ramp-up/ramp-down constraints				 done
	 constraints: 9) piece linearization constraints			 done
	 constraints: 10) transmissionline limits skipped (is_NetWorkCon != 1 or Gsdf missing or NL=0)
	 constraints: 11) stroges system constraints skipped (is_ConsiderBESS=0)
	 constraints: 12) data centra constraints skipped (is_ConsiderDataCentra != 1)
	 constraints: 13) frequency control constraints skipped (is_ConsiderFrequencyControl != 1)
	 constraints: 14) hydro power limits					 done
+++++++++++++++++++++++++++++++++++++++++++++++++++++++++++++++++++++++++++++++++++++++++++
Step-4: starting Gurobi solver
Step-5: Gurobi solver finished
+++++++++++++++++++++++++++++++++++++++++++++++++++++++++++++++++++++++++++++++++++++++++++

assert_is_solved_and_feasible(scuc) = nothing
solution_summary(scuc) = solution_summary(; result = 1, verbose = false)
├ solver_name          : Gurobi
├ Termination
│ ├ termination_status : OPTIMAL
│ ├ result_count       : 10
│ ├ raw_status         : Model was solved to optimality (subject to tolerances), and an optimal solution is available.
│ └ objective_bound    : 2.38046e+06
├ Solution (result = 1)
│ ├ primal_status        : FEASIBLE_POINT
│ ├ dual_status          : NO_SOLUTION
│ ├ objective_value      : 2.39531e+06
│ └ relative_gap         : 6.19855e-03
└ Work counters
  ├ solve_time (sec)   : 2.80300e+00
  ├ simplex_iterations : 11215
  ├ barrier_iterations : 0
  └ node_count         : 1


Termination Status: OPTIMAL
Acceptable solution found (Status: OPTIMAL).
Step-6: record datas
PART1: [unit-commitment] calculation result has been saved to: D:/GithubClonefiles/module_unitcommitment/output/details_schedule_results/pcm_simulation_results/intervels_[1]/res_schedule_commitment_result.txt
PART1: [unit-commitment] calculation result has been saved to: D:/GithubClonefiles/module_unitcommitment/output/details_schedule_results/pcm_simulation_results/intervels_[1]/res_schedule_commitment_result.txt
Step-3: Creating dispatching model (Refactored & Modularized)
Set parameter Username
Set parameter LicenseID to value 2826524
Academic license - for non-commercial use only - expires 2027-05-22
	 Variables defined.
DEBUG set_objective_economic!: NT=36, NG=54, ND=91, NW=2, NS=1, K=3, size(refcost)=(54,), size(eachslope)=(3, 54)
objective_function
	MILP economic objective set
subject to.
	 constraints: 1) minimum shutup/shutdown time limits			 done
	 constraints: 2) binary variable logic					 done
	 constraints: 3) shutup/shutdown cost					 done
	 constraints: 4) loadcurtailments and spoliedwinds			 done
	 constraints: 5) generatos power limits					 done
	 constraints: 6) system reserves limits					 done
	 constraints: 7) power balance constraints				 done
	 constraints: 8) ramp-up/ramp-down constraints				 done
	 constraints: 9) piece linearization constraints			 done
	 constraints: 10) transmissionline limits skipped (is_NetWorkCon != 1 or Gsdf missing or NL=0)
	 constraints: 11) stroges system constraints skipped (is_ConsiderBESS=0)
	 constraints: 12) data centra constraints skipped (is_ConsiderDataCentra != 1)
	 constraints: 13) frequency control constraints skipped (is_ConsiderFrequencyControl != 1)
	 constraints: 14) hydro power limits					 done
+++++++++++++++++++++++++++++++++++++++++++++++++++++++++++++++++++++++++++++++++++++++++++
Step-4: starting Gurobi solver
Step-5: Gurobi solver finished
+++++++++++++++++++++++++++++++++++++++++++++++++++++++++++++++++++++++++++++++++++++++++++

assert_is_solved_and_feasible(scuc) = nothing
solution_summary(scuc) = solution_summary(; result = 1, verbose = false)
├ solver_name          : Gurobi
├ Termination
│ ├ termination_status : OPTIMAL
│ ├ result_count       : 4
│ ├ raw_status         : Model was solved to optimality (subject to tolerances), and an optimal solution is available.
│ └ objective_bound    : 2.92197e+06
├ Solution (result = 1)
│ ├ primal_status        : FEASIBLE_POINT
│ ├ dual_status          : NO_SOLUTION
│ ├ objective_value      : 2.95715e+06
│ └ relative_gap         : 1.18993e-02
└ Work counters
  ├ solve_time (sec)   : 2.82100e+00
  ├ simplex_iterations : 11248
  ├ barrier_iterations : 0
  └ node_count         : 1


Termination Status: OPTIMAL
Acceptable solution found (Status: OPTIMAL).
Step-6: record datas
PART1: [unit-commitment] calculation result has been saved to: D:/GithubClonefiles/module_unitcommitment/output/details_schedule_results/pcm_simulation_results/intervels_[1]/res_schedule_commitment_result.txt
PART1: [unit-commitment] calculation result has been saved to: D:/GithubClonefiles/module_unitcommitment/output/details_schedule_results/pcm_simulation_results/intervels_[1]/res_schedule_commitment_result.txt
Step-3: Creating dispatching model (Refactored & Modularized)
Set parameter Username
Set parameter LicenseID to value 2826524
Academic license - for non-commercial use only - expires 2027-05-22
	 Variables defined.
DEBUG set_objective_economic!: NT=36, NG=54, ND=91, NW=2, NS=1, K=3, size(refcost)=(54,), size(eachslope)=(3, 54)
objective_function
	MILP economic objective set
subject to.
	 constraints: 1) minimum shutup/shutdown time limits			 done
	 constraints: 2) binary variable logic					 done
	 constraints: 3) shutup/shutdown cost					 done
	 constraints: 4) loadcurtailments and spoliedwinds			 done
	 constraints: 5) generatos power limits					 done
	 constraints: 6) system reserves limits					 done
	 constraints: 7) power balance constraints				 done
	 constraints: 8) ramp-up/ramp-down constraints				 done
	 constraints: 9) piece linearization constraints			 done
	 constraints: 10) transmissionline limits skipped (is_NetWorkCon != 1 or Gsdf missing or NL=0)
	 constraints: 11) stroges system constraints skipped (is_ConsiderBESS=0)
	 constraints: 12) data centra constraints skipped (is_ConsiderDataCentra != 1)
	 constraints: 13) frequency control constraints skipped (is_ConsiderFrequencyControl != 1)
	 constraints: 14) hydro power limits					 done
+++++++++++++++++++++++++++++++++++++++++++++++++++++++++++++++++++++++++++++++++++++++++++
Step-4: starting Gurobi solver
Step-5: Gurobi solver finished
+++++++++++++++++++++++++++++++++++++++++++++++++++++++++++++++++++++++++++++++++++++++++++

assert_is_solved_and_feasible(scuc) = nothing
solution_summary(scuc) = solution_summary(; result = 1, verbose = false)
├ solver_name          : Gurobi
├ Termination
│ ├ termination_status : OPTIMAL
│ ├ result_count       : 10
│ ├ raw_status         : Model was solved to optimality (subject to tolerances), and an optimal solution is available.
│ └ objective_bound    : 2.92184e+06
├ Solution (result = 1)
│ ├ primal_status        : FEASIBLE_POINT
│ ├ dual_status          : NO_SOLUTION
│ ├ objective_value      : 2.96264e+06
│ └ relative_gap         : 1.37698e-02
└ Work counters
  ├ solve_time (sec)   : 3.64700e+00
  ├ simplex_iterations : 12547
  ├ barrier_iterations : 0
  └ node_count         : 1


Termination Status: OPTIMAL
Acceptable solution found (Status: OPTIMAL).
Step-6: record datas
PART1: [unit-commitment] calculation result has been saved to: D:/GithubClonefiles/module_unitcommitment/output/details_schedule_results/pcm_simulation_results/intervels_[1]/res_schedule_commitment_result.txt
PART1: [unit-commitment] calculation result has been saved to: D:/GithubClonefiles/module_unitcommitment/output/details_schedule_results/pcm_simulation_results/intervels_[1]/res_schedule_commitment_result.txt
Step-3: Creating dispatching model (Refactored & Modularized)
Set parameter Username
Set parameter LicenseID to value 2826524
Academic license - for non-commercial use only - expires 2027-05-22
	 Variables defined.
DEBUG set_objective_economic!: NT=26, NG=54, ND=91, NW=2, NS=1, K=3, size(refcost)=(54,), size(eachslope)=(3, 54)
objective_function
	MILP economic objective set
subject to.
	 constraints: 1) minimum shutup/shutdown time limits			 done
	 constraints: 2) binary variable logic					 done
	 constraints: 3) shutup/shutdown cost					 done
	 constraints: 4) loadcurtailments and spoliedwinds			 done
	 constraints: 5) generatos power limits					 done
	 constraints: 6) system reserves limits					 done
	 constraints: 7) power balance constraints				 done
	 constraints: 8) ramp-up/ramp-down constraints				 done
	 constraints: 9) piece linearization constraints			 done
	 constraints: 10) transmissionline limits skipped (is_NetWorkCon != 1 or Gsdf missing or NL=0)
	 constraints: 11) stroges system constraints skipped (is_ConsiderBESS=0)
	 constraints: 12) data centra constraints skipped (is_ConsiderDataCentra != 1)
	 constraints: 13) frequency control constraints skipped (is_ConsiderFrequencyControl != 1)
	 constraints: 14) hydro power limits					 done
+++++++++++++++++++++++++++++++++++++++++++++++++++++++++++++++++++++++++++++++++++++++++++
Step-4: starting Gurobi solver
Step-5: Gurobi solver finished
+++++++++++++++++++++++++++++++++++++++++++++++++++++++++++++++++++++++++++++++++++++++++++

assert_is_solved_and_feasible(scuc) = nothing
solution_summary(scuc) = solution_summary(; result = 1, verbose = false)
├ solver_name          : Gurobi
├ Termination
│ ├ termination_status : OPTIMAL
│ ├ result_count       : 9
│ ├ raw_status         : Model was solved to optimality (subject to tolerances), and an optimal solution is available.
│ └ objective_bound    : 2.14442e+06
├ Solution (result = 1)
│ ├ primal_status        : FEASIBLE_POINT
│ ├ dual_status          : NO_SOLUTION
│ ├ objective_value      : 2.17374e+06
│ └ relative_gap         : 1.34886e-02
└ Work counters
  ├ solve_time (sec)   : 2.46000e+00
  ├ simplex_iterations : 10829
  ├ barrier_iterations : 0
  └ node_count         : 1


Termination Status: OPTIMAL
Acceptable solution found (Status: OPTIMAL).
Step-6: record datas
PART1: [unit-commitment] calculation result has been saved to: D:/GithubClonefiles/module_unitcommitment/output/details_schedule_results/pcm_simulation_results/intervels_[1]/res_schedule_commitment_result.txt
PART1: [unit-commitment] calculation result has been saved to: D:/GithubClonefiles/module_unitcommitment/output/details_schedule_results/pcm_simulation_results/intervels_[1]/res_schedule_commitment_result.txt
Step-3: Creating dispatching model (Refactored & Modularized)
Set parameter Username
Set parameter LicenseID to value 2826524
Academic license - for non-commercial use only - expires 2027-05-22
	 Variables defined.
DEBUG set_objective_economic!: NT=31, NG=54, ND=91, NW=2, NS=1, K=3, size(refcost)=(54,), size(eachslope)=(3, 54)
objective_function
	MILP economic objective set
subject to.
	 constraints: 1) minimum shutup/shutdown time limits			 done
	 constraints: 2) binary variable logic					 done
	 constraints: 3) shutup/shutdown cost					 done
	 constraints: 4) loadcurtailments and spoliedwinds			 done
	 constraints: 5) generatos power limits					 done
	 constraints: 6) system reserves limits					 done
	 constraints: 7) power balance constraints				 done
	 constraints: 8) ramp-up/ramp-down constraints				 done
	 constraints: 9) piece linearization constraints			 done
	 constraints: 10) transmissionline limits skipped (is_NetWorkCon != 1 or Gsdf missing or NL=0)
	 constraints: 11) stroges system constraints skipped (is_ConsiderBESS=0)
	 constraints: 12) data centra constraints skipped (is_ConsiderDataCentra != 1)
	 constraints: 13) frequency control constraints skipped (is_ConsiderFrequencyControl != 1)
	 constraints: 14) hydro power limits					 done
+++++++++++++++++++++++++++++++++++++++++++++++++++++++++++++++++++++++++++++++++++++++++++
Step-4: starting Gurobi solver
Step-5: Gurobi solver finished
+++++++++++++++++++++++++++++++++++++++++++++++++++++++++++++++++++++++++++++++++++++++++++

assert_is_solved_and_feasible(scuc) = nothing
solution_summary(scuc) = solution_summary(; result = 1, verbose = false)
├ solver_name          : Gurobi
├ Termination
│ ├ termination_status : OPTIMAL
│ ├ result_count       : 6
│ ├ raw_status         : Model was solved to optimality (subject to tolerances), and an optimal solution is available.
│ └ objective_bound    : 2.38002e+06
├ Solution (result = 1)
│ ├ primal_status        : FEASIBLE_POINT
│ ├ dual_status          : NO_SOLUTION
│ ├ objective_value      : 2.39561e+06
│ └ relative_gap         : 6.50898e-03
└ Work counters
  ├ solve_time (sec)   : 2.17400e+00
  ├ simplex_iterations : 11231
  ├ barrier_iterations : 0
  └ node_count         : 1


Termination Status: OPTIMAL
Acceptable solution found (Status: OPTIMAL).
Step-6: record datas
PART1: [unit-commitment] calculation result has been saved to: D:/GithubClonefiles/module_unitcommitment/output/details_schedule_results/pcm_simulation_results/intervels_[1]/res_schedule_commitment_result.txt
PART1: [unit-commitment] calculation result has been saved to: D:/GithubClonefiles/module_unitcommitment/output/details_schedule_results/pcm_simulation_results/intervels_[1]/res_schedule_commitment_result.txt
Step-3: Creating dispatching model (Refactored & Modularized)
Set parameter Username
Set parameter LicenseID to value 2826524
Academic license - for non-commercial use only - expires 2027-05-22
	 Variables defined.
DEBUG set_objective_economic!: NT=36, NG=54, ND=91, NW=2, NS=1, K=3, size(refcost)=(54,), size(eachslope)=(3, 54)
objective_function
	MILP economic objective set
subject to.
	 constraints: 1) minimum shutup/shutdown time limits			 done
	 constraints: 2) binary variable logic					 done
	 constraints: 3) shutup/shutdown cost					 done
	 constraints: 4) loadcurtailments and spoliedwinds			 done
	 constraints: 5) generatos power limits					 done
	 constraints: 6) system reserves limits					 done
	 constraints: 7) power balance constraints				 done
	 constraints: 8) ramp-up/ramp-down constraints				 done
	 constraints: 9) piece linearization constraints			 done
	 constraints: 10) transmissionline limits skipped (is_NetWorkCon != 1 or Gsdf missing or NL=0)
	 constraints: 11) stroges system constraints skipped (is_ConsiderBESS=0)
	 constraints: 12) data centra constraints skipped (is_ConsiderDataCentra != 1)
	 constraints: 13) frequency control constraints skipped (is_ConsiderFrequencyControl != 1)
	 constraints: 14) hydro power limits					 done
+++++++++++++++++++++++++++++++++++++++++++++++++++++++++++++++++++++++++++++++++++++++++++
Step-4: starting Gurobi solver
Step-5: Gurobi solver finished
+++++++++++++++++++++++++++++++++++++++++++++++++++++++++++++++++++++++++++++++++++++++++++

assert_is_solved_and_feasible(scuc) = nothing
solution_summary(scuc) = solution_summary(; result = 1, verbose = false)
├ solver_name          : Gurobi
├ Termination
│ ├ termination_status : OPTIMAL
│ ├ result_count       : 10
│ ├ raw_status         : Model was solved to optimality (subject to tolerances), and an optimal solution is available.
│ └ objective_bound    : 2.92184e+06
├ Solution (result = 1)
│ ├ primal_status        : FEASIBLE_POINT
│ ├ dual_status          : NO_SOLUTION
│ ├ objective_value      : 2.96264e+06
│ └ relative_gap         : 1.37698e-02
└ Work counters
  ├ solve_time (sec)   : 3.67700e+00
  ├ simplex_iterations : 12547
  ├ barrier_iterations : 0
  └ node_count         : 1


Termination Status: OPTIMAL
Acceptable solution found (Status: OPTIMAL).
Step-6: record datas
PART1: [unit-commitment] calculation result has been saved to: D:/GithubClonefiles/module_unitcommitment/output/details_schedule_results/pcm_simulation_results/intervels_[1]/res_schedule_commitment_result.txt
PART1: [unit-commitment] calculation result has been saved to: D:/GithubClonefiles/module_unitcommitment/output/details_schedule_results/pcm_simulation_results/intervels_[1]/res_schedule_commitment_result.txt
Step-3: Creating dispatching model (Refactored & Modularized)
Set parameter Username
Set parameter LicenseID to value 2826524
Academic license - for non-commercial use only - expires 2027-05-22
	 Variables defined.
DEBUG set_objective_economic!: NT=36, NG=54, ND=91, NW=2, NS=1, K=3, size(refcost)=(54,), size(eachslope)=(3, 54)
objective_function
	MILP economic objective set
subject to.
	 constraints: 1) minimum shutup/shutdown time limits			 done
	 constraints: 2) binary variable logic					 done
	 constraints: 3) shutup/shutdown cost					 done
	 constraints: 4) loadcurtailments and spoliedwinds			 done
	 constraints: 5) generatos power limits					 done
	 constraints: 6) system reserves limits					 done
	 constraints: 7) power balance constraints				 done
	 constraints: 8) ramp-up/ramp-down constraints				 done
	 constraints: 9) piece linearization constraints			 done
	 constraints: 10) transmissionline limits skipped (is_NetWorkCon != 1 or Gsdf missing or NL=0)
	 constraints: 11) stroges system constraints skipped (is_ConsiderBESS=0)
	 constraints: 12) data centra constraints skipped (is_ConsiderDataCentra != 1)
	 constraints: 13) frequency control constraints skipped (is_ConsiderFrequencyControl != 1)
	 constraints: 14) hydro power limits					 done
+++++++++++++++++++++++++++++++++++++++++++++++++++++++++++++++++++++++++++++++++++++++++++
Step-4: starting Gurobi solver
Step-5: Gurobi solver finished
+++++++++++++++++++++++++++++++++++++++++++++++++++++++++++++++++++++++++++++++++++++++++++

assert_is_solved_and_feasible(scuc) = nothing
solution_summary(scuc) = solution_summary(; result = 1, verbose = false)
├ solver_name          : Gurobi
├ Termination
│ ├ termination_status : OPTIMAL
│ ├ result_count       : 3
│ ├ raw_status         : Model was solved to optimality (subject to tolerances), and an optimal solution is available.
│ └ objective_bound    : 2.64653e+06
├ Solution (result = 1)
│ ├ primal_status        : FEASIBLE_POINT
│ ├ dual_status          : NO_SOLUTION
│ ├ objective_value      : 2.67973e+06
│ └ relative_gap         : 1.23919e-02
└ Work counters
  ├ solve_time (sec)   : 1.64800e+00
  ├ simplex_iterations : 9201
  ├ barrier_iterations : 0
  └ node_count         : 1


Termination Status: OPTIMAL
Acceptable solution found (Status: OPTIMAL).
Step-6: record datas
PART1: [unit-commitment] calculation result has been saved to: D:/GithubClonefiles/module_unitcommitment/output/details_schedule_results/pcm_simulation_results/intervels_[1]/res_schedule_commitment_result.txt
Step-3: Creating dispatching model (Refactored & Modularized)
Set parameter Username
Set parameter LicenseID to value 2826524
Academic license - for non-commercial use only - expires 2027-05-22
	 Variables defined.
DEBUG set_objective_economic!: NT=36, NG=54, ND=91, NW=2, NS=1, K=3, size(refcost)=(54,), size(eachslope)=(3, 54)
objective_function
	MILP economic objective set
subject to.
	 constraints: 1) minimum shutup/shutdown time limits			 done
	 constraints: 2) binary variable logic					 done
	 constraints: 3) shutup/shutdown cost					 done
	 constraints: 4) loadcurtailments and spoliedwinds			 done
	 constraints: 5) generatos power limits					 done
	 constraints: 6) system reserves limits					 done
	 constraints: 7) power balance constraints				 done
	 constraints: 8) ramp-up/ramp-down constraints				 done
	 constraints: 9) piece linearization constraints			 done
	 constraints: 10) transmissionline limits skipped (is_NetWorkCon != 1 or Gsdf missing or NL=0)
	 constraints: 11) stroges system constraints skipped (is_ConsiderBESS=0)
	 constraints: 12) data centra constraints skipped (is_ConsiderDataCentra != 1)
	 constraints: 13) frequency control constraints skipped (is_ConsiderFrequencyControl != 1)
	 constraints: 14) hydro power limits					 done
+++++++++++++++++++++++++++++++++++++++++++++++++++++++++++++++++++++++++++++++++++++++++++
Step-4: starting Gurobi solver
Step-5: Gurobi solver finished
+++++++++++++++++++++++++++++++++++++++++++++++++++++++++++++++++++++++++++++++++++++++++++

assert_is_solved_and_feasible(scuc) = nothing
solution_summary(scuc) = solution_summary(; result = 1, verbose = false)
├ solver_name          : Gurobi
├ Termination
│ ├ termination_status : OPTIMAL
│ ├ result_count       : 3
│ ├ raw_status         : Model was solved to optimality (subject to tolerances), and an optimal solution is available.
│ └ objective_bound    : 2.64653e+06
├ Solution (result = 1)
│ ├ primal_status        : FEASIBLE_POINT
│ ├ dual_status          : NO_SOLUTION
│ ├ objective_value      : 2.67973e+06
│ └ relative_gap         : 1.23919e-02
└ Work counters
  ├ solve_time (sec)   : 1.71500e+00
  ├ simplex_iterations : 9201
  ├ barrier_iterations : 0
  └ node_count         : 1


Termination Status: OPTIMAL
Acceptable solution found (Status: OPTIMAL).
Step-6: record datas
PART1: [unit-commitment] calculation result has been saved to: D:/GithubClonefiles/module_unitcommitment/output/details_schedule_results/pcm_simulation_results/intervels_[1]/res_schedule_commitment_result.txt
PART1: [unit-commitment] calculation result has been saved to: D:/GithubClonefiles/module_unitcommitment/output/details_schedule_results/pcm_simulation_results/intervels_[1]/res_schedule_commitment_result.txt
Step-3: Creating dispatching model (Refactored & Modularized)
Set parameter Username
Set parameter LicenseID to value 2826524
Academic license - for non-commercial use only - expires 2027-05-22
	 Variables defined.
DEBUG set_objective_economic!: NT=26, NG=54, ND=91, NW=2, NS=1, K=3, size(refcost)=(54,), size(eachslope)=(3, 54)
objective_function
	MILP economic objective set
subject to.
	 constraints: 1) minimum shutup/shutdown time limits			 done
	 constraints: 2) binary variable logic					 done
	 constraints: 3) shutup/shutdown cost					 done
	 constraints: 4) loadcurtailments and spoliedwinds			 done
	 constraints: 5) generatos power limits					 done
	 constraints: 6) system reserves limits					 done
	 constraints: 7) power balance constraints				 done
	 constraints: 8) ramp-up/ramp-down constraints				 done
	 constraints: 9) piece linearization constraints			 done
	 constraints: 10) transmissionline limits skipped (is_NetWorkCon != 1 or Gsdf missing or NL=0)
	 constraints: 11) stroges system constraints skipped (is_ConsiderBESS=0)
	 constraints: 12) data centra constraints skipped (is_ConsiderDataCentra != 1)
	 constraints: 13) frequency control constraints skipped (is_ConsiderFrequencyControl != 1)
	 constraints: 14) hydro power limits					 done
+++++++++++++++++++++++++++++++++++++++++++++++++++++++++++++++++++++++++++++++++++++++++++
Step-4: starting Gurobi solver
Step-5: Gurobi solver finished
+++++++++++++++++++++++++++++++++++++++++++++++++++++++++++++++++++++++++++++++++++++++++++

assert_is_solved_and_feasible(scuc) = nothing
solution_summary(scuc) = solution_summary(; result = 1, verbose = false)
├ solver_name          : Gurobi
├ Termination
│ ├ termination_status : OPTIMAL
│ ├ result_count       : 8
│ ├ raw_status         : Model was solved to optimality (subject to tolerances), and an optimal solution is available.
│ └ objective_bound    : 1.94018e+06
├ Solution (result = 1)
│ ├ primal_status        : FEASIBLE_POINT
│ ├ dual_status          : NO_SOLUTION
│ ├ objective_value      : 1.96953e+06
│ └ relative_gap         : 1.49032e-02
└ Work counters
  ├ solve_time (sec)   : 2.63900e+00
  ├ simplex_iterations : 11103
  ├ barrier_iterations : 0
  └ node_count         : 1


Termination Status: OPTIMAL
Acceptable solution found (Status: OPTIMAL).
Step-6: record datas
PART1: [unit-commitment] calculation result has been saved to: D:/GithubClonefiles/module_unitcommitment/output/details_schedule_results/pcm_simulation_results/intervels_[1]/res_schedule_commitment_result.txt
PART1: [unit-commitment] calculation result has been saved to: D:/GithubClonefiles/module_unitcommitment/output/details_schedule_results/pcm_simulation_results/intervels_[1]/res_schedule_commitment_result.txt
Step-3: Creating dispatching model (Refactored & Modularized)
Set parameter Username
Set parameter LicenseID to value 2826524
Academic license - for non-commercial use only - expires 2027-05-22
	 Variables defined.
DEBUG set_objective_economic!: NT=31, NG=54, ND=91, NW=2, NS=1, K=3, size(refcost)=(54,), size(eachslope)=(3, 54)
objective_function
	MILP economic objective set
subject to.
	 constraints: 1) minimum shutup/shutdown time limits			 done
	 constraints: 2) binary variable logic					 done
	 constraints: 3) shutup/shutdown cost					 done
	 constraints: 4) loadcurtailments and spoliedwinds			 done
	 constraints: 5) generatos power limits					 done
	 constraints: 6) system reserves limits					 done
	 constraints: 7) power balance constraints				 done
	 constraints: 8) ramp-up/ramp-down constraints				 done
	 constraints: 9) piece linearization constraints			 done
	 constraints: 10) transmissionline limits skipped (is_NetWorkCon != 1 or Gsdf missing or NL=0)
	 constraints: 11) stroges system constraints skipped (is_ConsiderBESS=0)
	 constraints: 12) data centra constraints skipped (is_ConsiderDataCentra != 1)
	 constraints: 13) frequency control constraints skipped (is_ConsiderFrequencyControl != 1)
	 constraints: 14) hydro power limits					 done
+++++++++++++++++++++++++++++++++++++++++++++++++++++++++++++++++++++++++++++++++++++++++++
Step-4: starting Gurobi solver
Step-5: Gurobi solver finished
+++++++++++++++++++++++++++++++++++++++++++++++++++++++++++++++++++++++++++++++++++++++++++

assert_is_solved_and_feasible(scuc) = nothing
solution_summary(scuc) = solution_summary(; result = 1, verbose = false)
├ solver_name          : Gurobi
├ Termination
│ ├ termination_status : OPTIMAL
│ ├ result_count       : 2
│ ├ raw_status         : Model was solved to optimality (subject to tolerances), and an optimal solution is available.
│ └ objective_bound    : 2.43541e+06
├ Solution (result = 1)
│ ├ primal_status        : FEASIBLE_POINT
│ ├ dual_status          : NO_SOLUTION
│ ├ objective_value      : 2.47211e+06
│ └ relative_gap         : 1.48478e-02
└ Work counters
  ├ solve_time (sec)   : 1.81900e+00
  ├ simplex_iterations : 10926
  ├ barrier_iterations : 0
  └ node_count         : 1


Termination Status: OPTIMAL
Acceptable solution found (Status: OPTIMAL).
Step-6: record datas
PART1: [unit-commitment] calculation result has been saved to: D:/GithubClonefiles/module_unitcommitment/output/details_schedule_results/pcm_simulation_results/intervels_[1]/res_schedule_commitment_result.txt
PART1: [unit-commitment] calculation result has been saved to: D:/GithubClonefiles/module_unitcommitment/output/details_schedule_results/pcm_simulation_results/intervels_[1]/res_schedule_commitment_result.txt
Step-3: Creating dispatching model (Refactored & Modularized)
Set parameter Username
Set parameter LicenseID to value 2826524
Academic license - for non-commercial use only - expires 2027-05-22
	 Variables defined.
DEBUG set_objective_economic!: NT=36, NG=54, ND=91, NW=2, NS=1, K=3, size(refcost)=(54,), size(eachslope)=(3, 54)
objective_function
	MILP economic objective set
subject to.
	 constraints: 1) minimum shutup/shutdown time limits			 done
	 constraints: 2) binary variable logic					 done
	 constraints: 3) shutup/shutdown cost					 done
	 constraints: 4) loadcurtailments and spoliedwinds			 done
	 constraints: 5) generatos power limits					 done
	 constraints: 6) system reserves limits					 done
	 constraints: 7) power balance constraints				 done
	 constraints: 8) ramp-up/ramp-down constraints				 done
	 constraints: 9) piece linearization constraints			 done
	 constraints: 10) transmissionline limits skipped (is_NetWorkCon != 1 or Gsdf missing or NL=0)
	 constraints: 11) stroges system constraints skipped (is_ConsiderBESS=0)
	 constraints: 12) data centra constraints skipped (is_ConsiderDataCentra != 1)
	 constraints: 13) frequency control constraints skipped (is_ConsiderFrequencyControl != 1)
	 constraints: 14) hydro power limits					 done
+++++++++++++++++++++++++++++++++++++++++++++++++++++++++++++++++++++++++++++++++++++++++++
Step-4: starting Gurobi solver
Step-5: Gurobi solver finished
+++++++++++++++++++++++++++++++++++++++++++++++++++++++++++++++++++++++++++++++++++++++++++

assert_is_solved_and_feasible(scuc) = nothing
solution_summary(scuc) = solution_summary(; result = 1, verbose = false)
├ solver_name          : Gurobi
├ Termination
│ ├ termination_status : OPTIMAL
│ ├ result_count       : 3
│ ├ raw_status         : Model was solved to optimality (subject to tolerances), and an optimal solution is available.
│ └ objective_bound    : 2.64653e+06
├ Solution (result = 1)
│ ├ primal_status        : FEASIBLE_POINT
│ ├ dual_status          : NO_SOLUTION
│ ├ objective_value      : 2.67973e+06
│ └ relative_gap         : 1.23919e-02
└ Work counters
  ├ solve_time (sec)   : 1.71200e+00
  ├ simplex_iterations : 9201
  ├ barrier_iterations : 0
  └ node_count         : 1


Termination Status: OPTIMAL
Acceptable solution found (Status: OPTIMAL).
Step-6: record datas
PART1: [unit-commitment] calculation result has been saved to: D:/GithubClonefiles/module_unitcommitment/output/details_schedule_results/pcm_simulation_results/intervels_[1]/res_schedule_commitment_result.txt
PART1: [unit-commitment] calculation result has been saved to: D:/GithubClonefiles/module_unitcommitment/output/details_schedule_results/pcm_simulation_results/intervels_[1]/res_schedule_commitment_result.txt
Step-3: Creating dispatching model (Refactored & Modularized)
Set parameter Username
Set parameter LicenseID to value 2826524
Academic license - for non-commercial use only - expires 2027-05-22
	 Variables defined.
DEBUG set_objective_economic!: NT=36, NG=54, ND=91, NW=2, NS=1, K=3, size(refcost)=(54,), size(eachslope)=(3, 54)
objective_function
	MILP economic objective set
subject to.
	 constraints: 1) minimum shutup/shutdown time limits			 done
	 constraints: 2) binary variable logic					 done
	 constraints: 3) shutup/shutdown cost					 done
	 constraints: 4) loadcurtailments and spoliedwinds			 done
	 constraints: 5) generatos power limits					 done
	 constraints: 6) system reserves limits					 done
	 constraints: 7) power balance constraints				 done
	 constraints: 8) ramp-up/ramp-down constraints				 done
	 constraints: 9) piece linearization constraints			 done
	 constraints: 10) transmissionline limits skipped (is_NetWorkCon != 1 or Gsdf missing or NL=0)
	 constraints: 11) stroges system constraints skipped (is_ConsiderBESS=0)
	 constraints: 12) data centra constraints skipped (is_ConsiderDataCentra != 1)
	 constraints: 13) frequency control constraints skipped (is_ConsiderFrequencyControl != 1)
	 constraints: 14) hydro power limits					 done
+++++++++++++++++++++++++++++++++++++++++++++++++++++++++++++++++++++++++++++++++++++++++++
Step-4: starting Gurobi solver
Step-5: Gurobi solver finished
+++++++++++++++++++++++++++++++++++++++++++++++++++++++++++++++++++++++++++++++++++++++++++

assert_is_solved_and_feasible(scuc) = nothing
solution_summary(scuc) = solution_summary(; result = 1, verbose = false)
├ solver_name          : Gurobi
├ Termination
│ ├ termination_status : OPTIMAL
│ ├ result_count       : 4
│ ├ raw_status         : Model was solved to optimality (subject to tolerances), and an optimal solution is available.
│ └ objective_bound    : 2.64904e+06
├ Solution (result = 1)
│ ├ primal_status        : FEASIBLE_POINT
│ ├ dual_status          : NO_SOLUTION
│ ├ objective_value      : 2.66764e+06
│ └ relative_gap         : 6.97455e-03
└ Work counters
  ├ solve_time (sec)   : 3.24200e+00
  ├ simplex_iterations : 11585
  ├ barrier_iterations : 0
  └ node_count         : 1


Termination Status: OPTIMAL
Acceptable solution found (Status: OPTIMAL).
Step-6: record datas
PART1: [unit-commitment] calculation result has been saved to: D:/GithubClonefiles/module_unitcommitment/output/details_schedule_results/pcm_simulation_results/intervels_[1]/res_schedule_commitment_result.txt
PART1: [unit-commitment] calculation result has been saved to: D:/GithubClonefiles/module_unitcommitment/output/details_schedule_results/pcm_simulation_results/intervels_[1]/res_schedule_commitment_result.txt
Step-3: Creating dispatching model (Refactored & Modularized)
Set parameter Username
Set parameter LicenseID to value 2826524
Academic license - for non-commercial use only - expires 2027-05-22
	 Variables defined.
DEBUG set_objective_economic!: NT=26, NG=54, ND=91, NW=2, NS=1, K=3, size(refcost)=(54,), size(eachslope)=(3, 54)
objective_function
	MILP economic objective set
subject to.
	 constraints: 1) minimum shutup/shutdown time limits			 done
	 constraints: 2) binary variable logic					 done
	 constraints: 3) shutup/shutdown cost					 done
	 constraints: 4) loadcurtailments and spoliedwinds			 done
	 constraints: 5) generatos power limits					 done
	 constraints: 6) system reserves limits					 done
	 constraints: 7) power balance constraints				 done
	 constraints: 8) ramp-up/ramp-down constraints				 done
	 constraints: 9) piece linearization constraints			 done
	 constraints: 10) transmissionline limits skipped (is_NetWorkCon != 1 or Gsdf missing or NL=0)
	 constraints: 11) stroges system constraints skipped (is_ConsiderBESS=0)
	 constraints: 12) data centra constraints skipped (is_ConsiderDataCentra != 1)
	 constraints: 13) frequency control constraints skipped (is_ConsiderFrequencyControl != 1)
	 constraints: 14) hydro power limits					 done
+++++++++++++++++++++++++++++++++++++++++++++++++++++++++++++++++++++++++++++++++++++++++++
Step-4: starting Gurobi solver
Step-5: Gurobi solver finished
+++++++++++++++++++++++++++++++++++++++++++++++++++++++++++++++++++++++++++++++++++++++++++

assert_is_solved_and_feasible(scuc) = nothing
solution_summary(scuc) = solution_summary(; result = 1, verbose = false)
├ solver_name          : Gurobi
├ Termination
│ ├ termination_status : OPTIMAL
│ ├ result_count       : 10
│ ├ raw_status         : Model was solved to optimality (subject to tolerances), and an optimal solution is available.
│ └ objective_bound    : 1.94240e+06
├ Solution (result = 1)
│ ├ primal_status        : FEASIBLE_POINT
│ ├ dual_status          : NO_SOLUTION
│ ├ objective_value      : 1.95996e+06
│ └ relative_gap         : 8.95922e-03
└ Work counters
  ├ solve_time (sec)   : 4.60300e+00
  ├ simplex_iterations : 14957
  ├ barrier_iterations : 0
  └ node_count         : 1


Termination Status: OPTIMAL
Acceptable solution found (Status: OPTIMAL).
Step-6: record datas
PART1: [unit-commitment] calculation result has been saved to: D:/GithubClonefiles/module_unitcommitment/output/details_schedule_results/pcm_simulation_results/intervels_[1]/res_schedule_commitment_result.txt
PART1: [unit-commitment] calculation result has been saved to: D:/GithubClonefiles/module_unitcommitment/output/details_schedule_results/pcm_simulation_results/intervels_[1]/res_schedule_commitment_result.txt
Step-3: Creating dispatching model (Refactored & Modularized)
Set parameter Username
Set parameter LicenseID to value 2826524
Academic license - for non-commercial use only - expires 2027-05-22
	 Variables defined.
DEBUG set_objective_economic!: NT=31, NG=54, ND=91, NW=2, NS=1, K=3, size(refcost)=(54,), size(eachslope)=(3, 54)
objective_function
	MILP economic objective set
subject to.
	 constraints: 1) minimum shutup/shutdown time limits			 done
	 constraints: 2) binary variable logic					 done
	 constraints: 3) shutup/shutdown cost					 done
	 constraints: 4) loadcurtailments and spoliedwinds			 done
	 constraints: 5) generatos power limits					 done
	 constraints: 6) system reserves limits					 done
	 constraints: 7) power balance constraints				 done
	 constraints: 8) ramp-up/ramp-down constraints				 done
	 constraints: 9) piece linearization constraints			 done
	 constraints: 10) transmissionline limits skipped (is_NetWorkCon != 1 or Gsdf missing or NL=0)
	 constraints: 11) stroges system constraints skipped (is_ConsiderBESS=0)
	 constraints: 12) data centra constraints skipped (is_ConsiderDataCentra != 1)
	 constraints: 13) frequency control constraints skipped (is_ConsiderFrequencyControl != 1)
	 constraints: 14) hydro power limits					 done
+++++++++++++++++++++++++++++++++++++++++++++++++++++++++++++++++++++++++++++++++++++++++++
Step-4: starting Gurobi solver
Step-5: Gurobi solver finished
+++++++++++++++++++++++++++++++++++++++++++++++++++++++++++++++++++++++++++++++++++++++++++

assert_is_solved_and_feasible(scuc) = nothing
solution_summary(scuc) = solution_summary(; result = 1, verbose = false)
├ solver_name          : Gurobi
├ Termination
│ ├ termination_status : OPTIMAL
│ ├ result_count       : 6
│ ├ raw_status         : Model was solved to optimality (subject to tolerances), and an optimal solution is available.
│ └ objective_bound    : 2.43704e+06
├ Solution (result = 1)
│ ├ primal_status        : FEASIBLE_POINT
│ ├ dual_status          : NO_SOLUTION
│ ├ objective_value      : 2.44897e+06
│ └ relative_gap         : 4.87262e-03
└ Work counters
  ├ solve_time (sec)   : 2.18000e+00
  ├ simplex_iterations : 11544
  ├ barrier_iterations : 0
  └ node_count         : 1


Termination Status: OPTIMAL
Acceptable solution found (Status: OPTIMAL).
Step-6: record datas
PART1: [unit-commitment] calculation result has been saved to: D:/GithubClonefiles/module_unitcommitment/output/details_schedule_results/pcm_simulation_results/intervels_[1]/res_schedule_commitment_result.txt
PART1: [unit-commitment] calculation result has been saved to: D:/GithubClonefiles/module_unitcommitment/output/details_schedule_results/pcm_simulation_results/intervels_[1]/res_schedule_commitment_result.txt
Step-3: Creating dispatching model (Refactored & Modularized)
Set parameter Username
Set parameter LicenseID to value 2826524
Academic license - for non-commercial use only - expires 2027-05-22
	 Variables defined.
DEBUG set_objective_economic!: NT=36, NG=54, ND=91, NW=2, NS=1, K=3, size(refcost)=(54,), size(eachslope)=(3, 54)
objective_function
	MILP economic objective set
subject to.
	 constraints: 1) minimum shutup/shutdown time limits			 done
	 constraints: 2) binary variable logic					 done
	 constraints: 3) shutup/shutdown cost					 done
	 constraints: 4) loadcurtailments and spoliedwinds			 done
	 constraints: 5) generatos power limits					 done
	 constraints: 6) system reserves limits					 done
	 constraints: 7) power balance constraints				 done
	 constraints: 8) ramp-up/ramp-down constraints				 done
	 constraints: 9) piece linearization constraints			 done
	 constraints: 10) transmissionline limits skipped (is_NetWorkCon != 1 or Gsdf missing or NL=0)
	 constraints: 11) stroges system constraints skipped (is_ConsiderBESS=0)
	 constraints: 12) data centra constraints skipped (is_ConsiderDataCentra != 1)
	 constraints: 13) frequency control constraints skipped (is_ConsiderFrequencyControl != 1)
	 constraints: 14) hydro power limits					 done
+++++++++++++++++++++++++++++++++++++++++++++++++++++++++++++++++++++++++++++++++++++++++++
Step-4: starting Gurobi solver
Step-5: Gurobi solver finished
+++++++++++++++++++++++++++++++++++++++++++++++++++++++++++++++++++++++++++++++++++++++++++

assert_is_solved_and_feasible(scuc) = nothing
solution_summary(scuc) = solution_summary(; result = 1, verbose = false)
├ solver_name          : Gurobi
├ Termination
│ ├ termination_status : OPTIMAL
│ ├ result_count       : 4
│ ├ raw_status         : Model was solved to optimality (subject to tolerances), and an optimal solution is available.
│ └ objective_bound    : 2.64904e+06
├ Solution (result = 1)
│ ├ primal_status        : FEASIBLE_POINT
│ ├ dual_status          : NO_SOLUTION
│ ├ objective_value      : 2.66764e+06
│ └ relative_gap         : 6.97455e-03
└ Work counters
  ├ solve_time (sec)   : 3.27400e+00
  ├ simplex_iterations : 11585
  ├ barrier_iterations : 0
  └ node_count         : 1


Termination Status: OPTIMAL
Acceptable solution found (Status: OPTIMAL).
Step-6: record datas
PART1: [unit-commitment] calculation result has been saved to: D:/GithubClonefiles/module_unitcommitment/output/details_schedule_results/pcm_simulation_results/intervels_[1]/res_schedule_commitment_result.txt
PART1: [unit-commitment] calculation result has been saved to: D:/GithubClonefiles/module_unitcommitment/output/details_schedule_results/pcm_simulation_results/intervels_[1]/res_schedule_commitment_result.txt
Step-3: Creating dispatching model (Refactored & Modularized)
Set parameter Username
Set parameter LicenseID to value 2826524
Academic license - for non-commercial use only - expires 2027-05-22
	 Variables defined.
DEBUG set_objective_economic!: NT=36, NG=54, ND=91, NW=2, NS=1, K=3, size(refcost)=(54,), size(eachslope)=(3, 54)
objective_function
	MILP economic objective set
subject to.
	 constraints: 1) minimum shutup/shutdown time limits			 done
	 constraints: 2) binary variable logic					 done
	 constraints: 3) shutup/shutdown cost					 done
	 constraints: 4) loadcurtailments and spoliedwinds			 done
	 constraints: 5) generatos power limits					 done
	 constraints: 6) system reserves limits					 done
	 constraints: 7) power balance constraints				 done
	 constraints: 8) ramp-up/ramp-down constraints				 done
	 constraints: 9) piece linearization constraints			 done
	 constraints: 10) transmissionline limits skipped (is_NetWorkCon != 1 or Gsdf missing or NL=0)
	 constraints: 11) stroges system constraints skipped (is_ConsiderBESS=0)
	 constraints: 12) data centra constraints skipped (is_ConsiderDataCentra != 1)
	 constraints: 13) frequency control constraints skipped (is_ConsiderFrequencyControl != 1)
	 constraints: 14) hydro power limits					 done
+++++++++++++++++++++++++++++++++++++++++++++++++++++++++++++++++++++++++++++++++++++++++++
Step-4: starting Gurobi solver
Step-5: Gurobi solver finished
+++++++++++++++++++++++++++++++++++++++++++++++++++++++++++++++++++++++++++++++++++++++++++

assert_is_solved_and_feasible(scuc) = nothing
solution_summary(scuc) = solution_summary(; result = 1, verbose = false)
├ solver_name          : Gurobi
├ Termination
│ ├ termination_status : OPTIMAL
│ ├ result_count       : 5
│ ├ raw_status         : Model was solved to optimality (subject to tolerances), and an optimal solution is available.
│ └ objective_bound    : 2.98046e+06
├ Solution (result = 1)
│ ├ primal_status        : FEASIBLE_POINT
│ ├ dual_status          : NO_SOLUTION
│ ├ objective_value      : 2.99160e+06
│ └ relative_gap         : 3.72427e-03
└ Work counters
  ├ solve_time (sec)   : 2.19900e+00
  ├ simplex_iterations : 9242
  ├ barrier_iterations : 0
  └ node_count         : 1


Termination Status: OPTIMAL
Acceptable solution found (Status: OPTIMAL).
Step-6: record datas
PART1: [unit-commitment] calculation result has been saved to: D:/GithubClonefiles/module_unitcommitment/output/details_schedule_results/pcm_simulation_results/intervels_[1]/res_schedule_commitment_result.txt
Step-3: Creating dispatching model (Refactored & Modularized)
Set parameter Username
Set parameter LicenseID to value 2826524
Academic license - for non-commercial use only - expires 2027-05-22
	 Variables defined.
DEBUG set_objective_economic!: NT=36, NG=54, ND=91, NW=2, NS=1, K=3, size(refcost)=(54,), size(eachslope)=(3, 54)
objective_function
	MILP economic objective set
subject to.
	 constraints: 1) minimum shutup/shutdown time limits			 done
	 constraints: 2) binary variable logic					 done
	 constraints: 3) shutup/shutdown cost					 done
	 constraints: 4) loadcurtailments and spoliedwinds			 done
	 constraints: 5) generatos power limits					 done
	 constraints: 6) system reserves limits					 done
	 constraints: 7) power balance constraints				 done
	 constraints: 8) ramp-up/ramp-down constraints				 done
	 constraints: 9) piece linearization constraints			 done
	 constraints: 10) transmissionline limits skipped (is_NetWorkCon != 1 or Gsdf missing or NL=0)
	 constraints: 11) stroges system constraints skipped (is_ConsiderBESS=0)
	 constraints: 12) data centra constraints skipped (is_ConsiderDataCentra != 1)
	 constraints: 13) frequency control constraints skipped (is_ConsiderFrequencyControl != 1)
	 constraints: 14) hydro power limits					 done
+++++++++++++++++++++++++++++++++++++++++++++++++++++++++++++++++++++++++++++++++++++++++++
Step-4: starting Gurobi solver
Step-5: Gurobi solver finished
+++++++++++++++++++++++++++++++++++++++++++++++++++++++++++++++++++++++++++++++++++++++++++

assert_is_solved_and_feasible(scuc) = nothing
solution_summary(scuc) = solution_summary(; result = 1, verbose = false)
├ solver_name          : Gurobi
├ Termination
│ ├ termination_status : OPTIMAL
│ ├ result_count       : 5
│ ├ raw_status         : Model was solved to optimality (subject to tolerances), and an optimal solution is available.
│ └ objective_bound    : 2.98046e+06
├ Solution (result = 1)
│ ├ primal_status        : FEASIBLE_POINT
│ ├ dual_status          : NO_SOLUTION
│ ├ objective_value      : 2.99160e+06
│ └ relative_gap         : 3.72427e-03
└ Work counters
  ├ solve_time (sec)   : 2.16400e+00
  ├ simplex_iterations : 9242
  ├ barrier_iterations : 0
  └ node_count         : 1


Termination Status: OPTIMAL
Acceptable solution found (Status: OPTIMAL).
Step-6: record datas
PART1: [unit-commitment] calculation result has been saved to: D:/GithubClonefiles/module_unitcommitment/output/details_schedule_results/pcm_simulation_results/intervels_[1]/res_schedule_commitment_result.txt
PART1: [unit-commitment] calculation result has been saved to: D:/GithubClonefiles/module_unitcommitment/output/details_schedule_results/pcm_simulation_results/intervels_[1]/res_schedule_commitment_result.txt
Step-3: Creating dispatching model (Refactored & Modularized)
Set parameter Username
Set parameter LicenseID to value 2826524
Academic license - for non-commercial use only - expires 2027-05-22
	 Variables defined.
DEBUG set_objective_economic!: NT=26, NG=54, ND=91, NW=2, NS=1, K=3, size(refcost)=(54,), size(eachslope)=(3, 54)
objective_function
	MILP economic objective set
subject to.
	 constraints: 1) minimum shutup/shutdown time limits			 done
	 constraints: 2) binary variable logic					 done
	 constraints: 3) shutup/shutdown cost					 done
	 constraints: 4) loadcurtailments and spoliedwinds			 done
	 constraints: 5) generatos power limits					 done
	 constraints: 6) system reserves limits					 done
	 constraints: 7) power balance constraints				 done
	 constraints: 8) ramp-up/ramp-down constraints				 done
	 constraints: 9) piece linearization constraints			 done
	 constraints: 10) transmissionline limits skipped (is_NetWorkCon != 1 or Gsdf missing or NL=0)
	 constraints: 11) stroges system constraints skipped (is_ConsiderBESS=0)
	 constraints: 12) data centra constraints skipped (is_ConsiderDataCentra != 1)
	 constraints: 13) frequency control constraints skipped (is_ConsiderFrequencyControl != 1)
	 constraints: 14) hydro power limits					 done
+++++++++++++++++++++++++++++++++++++++++++++++++++++++++++++++++++++++++++++++++++++++++++
Step-4: starting Gurobi solver
Step-5: Gurobi solver finished
+++++++++++++++++++++++++++++++++++++++++++++++++++++++++++++++++++++++++++++++++++++++++++

assert_is_solved_and_feasible(scuc) = nothing
solution_summary(scuc) = solution_summary(; result = 1, verbose = false)
├ solver_name          : Gurobi
├ Termination
│ ├ termination_status : OPTIMAL
│ ├ result_count       : 10
│ ├ raw_status         : Model was solved to optimality (subject to tolerances), and an optimal solution is available.
│ └ objective_bound    : 2.18317e+06
├ Solution (result = 1)
│ ├ primal_status        : FEASIBLE_POINT
│ ├ dual_status          : NO_SOLUTION
│ ├ objective_value      : 2.19107e+06
│ └ relative_gap         : 3.60445e-03
└ Work counters
  ├ solve_time (sec)   : 3.72000e+00
  ├ simplex_iterations : 13200
  ├ barrier_iterations : 0
  └ node_count         : 1


Termination Status: OPTIMAL
Acceptable solution found (Status: OPTIMAL).
Step-6: record datas
PART1: [unit-commitment] calculation result has been saved to: D:/GithubClonefiles/module_unitcommitment/output/details_schedule_results/pcm_simulation_results/intervels_[1]/res_schedule_commitment_result.txt
PART1: [unit-commitment] calculation result has been saved to: D:/GithubClonefiles/module_unitcommitment/output/details_schedule_results/pcm_simulation_results/intervels_[1]/res_schedule_commitment_result.txt
Step-3: Creating dispatching model (Refactored & Modularized)
Set parameter Username
Set parameter LicenseID to value 2826524
Academic license - for non-commercial use only - expires 2027-05-22
	 Variables defined.
DEBUG set_objective_economic!: NT=31, NG=54, ND=91, NW=2, NS=1, K=3, size(refcost)=(54,), size(eachslope)=(3, 54)
objective_function
	MILP economic objective set
subject to.
	 constraints: 1) minimum shutup/shutdown time limits			 done
	 constraints: 2) binary variable logic					 done
	 constraints: 3) shutup/shutdown cost					 done
	 constraints: 4) loadcurtailments and spoliedwinds			 done
	 constraints: 5) generatos power limits					 done
	 constraints: 6) system reserves limits					 done
	 constraints: 7) power balance constraints				 done
	 constraints: 8) ramp-up/ramp-down constraints				 done
	 constraints: 9) piece linearization constraints			 done
	 constraints: 10) transmissionline limits skipped (is_NetWorkCon != 1 or Gsdf missing or NL=0)
	 constraints: 11) stroges system constraints skipped (is_ConsiderBESS=0)
	 constraints: 12) data centra constraints skipped (is_ConsiderDataCentra != 1)
	 constraints: 13) frequency control constraints skipped (is_ConsiderFrequencyControl != 1)
	 constraints: 14) hydro power limits					 done
+++++++++++++++++++++++++++++++++++++++++++++++++++++++++++++++++++++++++++++++++++++++++++
Step-4: starting Gurobi solver
Step-5: Gurobi solver finished
+++++++++++++++++++++++++++++++++++++++++++++++++++++++++++++++++++++++++++++++++++++++++++

assert_is_solved_and_feasible(scuc) = nothing
solution_summary(scuc) = solution_summary(; result = 1, verbose = false)
├ solver_name          : Gurobi
├ Termination
│ ├ termination_status : OPTIMAL
│ ├ result_count       : 5
│ ├ raw_status         : Model was solved to optimality (subject to tolerances), and an optimal solution is available.
│ └ objective_bound    : 2.74366e+06
├ Solution (result = 1)
│ ├ primal_status        : FEASIBLE_POINT
│ ├ dual_status          : NO_SOLUTION
│ ├ objective_value      : 2.75936e+06
│ └ relative_gap         : 5.68974e-03
└ Work counters
  ├ solve_time (sec)   : 3.87300e+00
  ├ simplex_iterations : 12498
  ├ barrier_iterations : 0
  └ node_count         : 1


Termination Status: OPTIMAL
Acceptable solution found (Status: OPTIMAL).
Step-6: record datas
PART1: [unit-commitment] calculation result has been saved to: D:/GithubClonefiles/module_unitcommitment/output/details_schedule_results/pcm_simulation_results/intervels_[1]/res_schedule_commitment_result.txt
PART1: [unit-commitment] calculation result has been saved to: D:/GithubClonefiles/module_unitcommitment/output/details_schedule_results/pcm_simulation_results/intervels_[1]/res_schedule_commitment_result.txt
Step-3: Creating dispatching model (Refactored & Modularized)
Set parameter Username
Set parameter LicenseID to value 2826524
Academic license - for non-commercial use only - expires 2027-05-22
	 Variables defined.
DEBUG set_objective_economic!: NT=36, NG=54, ND=91, NW=2, NS=1, K=3, size(refcost)=(54,), size(eachslope)=(3, 54)
objective_function
	MILP economic objective set
subject to.
	 constraints: 1) minimum shutup/shutdown time limits			 done
	 constraints: 2) binary variable logic					 done
	 constraints: 3) shutup/shutdown cost					 done
	 constraints: 4) loadcurtailments and spoliedwinds			 done
	 constraints: 5) generatos power limits					 done
	 constraints: 6) system reserves limits					 done
	 constraints: 7) power balance constraints				 done
	 constraints: 8) ramp-up/ramp-down constraints				 done
	 constraints: 9) piece linearization constraints			 done
	 constraints: 10) transmissionline limits skipped (is_NetWorkCon != 1 or Gsdf missing or NL=0)
	 constraints: 11) stroges system constraints skipped (is_ConsiderBESS=0)
	 constraints: 12) data centra constraints skipped (is_ConsiderDataCentra != 1)
	 constraints: 13) frequency control constraints skipped (is_ConsiderFrequencyControl != 1)
	 constraints: 14) hydro power limits					 done
+++++++++++++++++++++++++++++++++++++++++++++++++++++++++++++++++++++++++++++++++++++++++++
Step-4: starting Gurobi solver
Step-5: Gurobi solver finished
+++++++++++++++++++++++++++++++++++++++++++++++++++++++++++++++++++++++++++++++++++++++++++

assert_is_solved_and_feasible(scuc) = nothing
solution_summary(scuc) = solution_summary(; result = 1, verbose = false)
├ solver_name          : Gurobi
├ Termination
│ ├ termination_status : OPTIMAL
│ ├ result_count       : 5
│ ├ raw_status         : Model was solved to optimality (subject to tolerances), and an optimal solution is available.
│ └ objective_bound    : 2.98046e+06
├ Solution (result = 1)
│ ├ primal_status        : FEASIBLE_POINT
│ ├ dual_status          : NO_SOLUTION
│ ├ objective_value      : 2.99160e+06
│ └ relative_gap         : 3.72427e-03
└ Work counters
  ├ solve_time (sec)   : 3.51900e+00
  ├ simplex_iterations : 9242
  ├ barrier_iterations : 0
  └ node_count         : 1


Termination Status: OPTIMAL
Acceptable solution found (Status: OPTIMAL).
Step-6: record datas
PART1: [unit-commitment] calculation result has been saved to: D:/GithubClonefiles/module_unitcommitment/output/details_schedule_results/pcm_simulation_results/intervels_[1]/res_schedule_commitment_result.txt
PART1: [unit-commitment] calculation result has been saved to: D:/GithubClonefiles/module_unitcommitment/output/details_schedule_results/pcm_simulation_results/intervels_[1]/res_schedule_commitment_result.txt
Step-3: Creating dispatching model (Refactored & Modularized)
Set parameter Username
Set parameter LicenseID to value 2826524
Academic license - for non-commercial use only - expires 2027-05-22
	 Variables defined.
DEBUG set_objective_economic!: NT=36, NG=54, ND=91, NW=2, NS=1, K=3, size(refcost)=(54,), size(eachslope)=(3, 54)
objective_function
	MILP economic objective set
subject to.
	 constraints: 1) minimum shutup/shutdown time limits			 done
	 constraints: 2) binary variable logic					 done
	 constraints: 3) shutup/shutdown cost					 done
	 constraints: 4) loadcurtailments and spoliedwinds			 done
	 constraints: 5) generatos power limits					 done
	 constraints: 6) system reserves limits					 done
	 constraints: 7) power balance constraints				 done
	 constraints: 8) ramp-up/ramp-down constraints				 done
	 constraints: 9) piece linearization constraints			 done
	 constraints: 10) transmissionline limits skipped (is_NetWorkCon != 1 or Gsdf missing or NL=0)
	 constraints: 11) stroges system constraints skipped (is_ConsiderBESS=0)
	 constraints: 12) data centra constraints skipped (is_ConsiderDataCentra != 1)
	 constraints: 13) frequency control constraints skipped (is_ConsiderFrequencyControl != 1)
	 constraints: 14) hydro power limits					 done
+++++++++++++++++++++++++++++++++++++++++++++++++++++++++++++++++++++++++++++++++++++++++++
Step-4: starting Gurobi solver
Step-5: Gurobi solver finished
+++++++++++++++++++++++++++++++++++++++++++++++++++++++++++++++++++++++++++++++++++++++++++

assert_is_solved_and_feasible(scuc) = nothing
solution_summary(scuc) = solution_summary(; result = 1, verbose = false)
├ solver_name          : Gurobi
├ Termination
│ ├ termination_status : OPTIMAL
│ ├ result_count       : 8
│ ├ raw_status         : Model was solved to optimality (subject to tolerances), and an optimal solution is available.
│ └ objective_bound    : 2.98292e+06
├ Solution (result = 1)
│ ├ primal_status        : FEASIBLE_POINT
│ ├ dual_status          : NO_SOLUTION
│ ├ objective_value      : 3.01149e+06
│ └ relative_gap         : 9.48577e-03
└ Work counters
  ├ solve_time (sec)   : 4.50400e+00
  ├ simplex_iterations : 10678
  ├ barrier_iterations : 0
  └ node_count         : 1


Termination Status: OPTIMAL
Acceptable solution found (Status: OPTIMAL).
Step-6: record datas
PART1: [unit-commitment] calculation result has been saved to: D:/GithubClonefiles/module_unitcommitment/output/details_schedule_results/pcm_simulation_results/intervels_[1]/res_schedule_commitment_result.txt
PART1: [unit-commitment] calculation result has been saved to: D:/GithubClonefiles/module_unitcommitment/output/details_schedule_results/pcm_simulation_results/intervels_[1]/res_schedule_commitment_result.txt
Step-3: Creating dispatching model (Refactored & Modularized)
Set parameter Username
Set parameter LicenseID to value 2826524
Academic license - for non-commercial use only - expires 2027-05-22
	 Variables defined.
DEBUG set_objective_economic!: NT=26, NG=54, ND=91, NW=2, NS=1, K=3, size(refcost)=(54,), size(eachslope)=(3, 54)
objective_function
	MILP economic objective set
subject to.
	 constraints: 1) minimum shutup/shutdown time limits			 done
	 constraints: 2) binary variable logic					 done
	 constraints: 3) shutup/shutdown cost					 done
	 constraints: 4) loadcurtailments and spoliedwinds			 done
	 constraints: 5) generatos power limits					 done
	 constraints: 6) system reserves limits					 done
	 constraints: 7) power balance constraints				 done
	 constraints: 8) ramp-up/ramp-down constraints				 done
	 constraints: 9) piece linearization constraints			 done
	 constraints: 10) transmissionline limits skipped (is_NetWorkCon != 1 or Gsdf missing or NL=0)
	 constraints: 11) stroges system constraints skipped (is_ConsiderBESS=0)
	 constraints: 12) data centra constraints skipped (is_ConsiderDataCentra != 1)
	 constraints: 13) frequency control constraints skipped (is_ConsiderFrequencyControl != 1)
	 constraints: 14) hydro power limits					 done
+++++++++++++++++++++++++++++++++++++++++++++++++++++++++++++++++++++++++++++++++++++++++++
Step-4: starting Gurobi solver
Step-5: Gurobi solver finished
+++++++++++++++++++++++++++++++++++++++++++++++++++++++++++++++++++++++++++++++++++++++++++

assert_is_solved_and_feasible(scuc) = nothing
solution_summary(scuc) = solution_summary(; result = 1, verbose = false)
├ solver_name          : Gurobi
├ Termination
│ ├ termination_status : OPTIMAL
│ ├ result_count       : 8
│ ├ raw_status         : Model was solved to optimality (subject to tolerances), and an optimal solution is available.
│ └ objective_bound    : 2.18557e+06
├ Solution (result = 1)
│ ├ primal_status        : FEASIBLE_POINT
│ ├ dual_status          : NO_SOLUTION
│ ├ objective_value      : 2.19250e+06
│ └ relative_gap         : 3.15928e-03
└ Work counters
  ├ solve_time (sec)   : 5.19100e+00
  ├ simplex_iterations : 13919
  ├ barrier_iterations : 0
  └ node_count         : 1


Termination Status: OPTIMAL
Acceptable solution found (Status: OPTIMAL).
Step-6: record datas
PART1: [unit-commitment] calculation result has been saved to: D:/GithubClonefiles/module_unitcommitment/output/details_schedule_results/pcm_simulation_results/intervels_[1]/res_schedule_commitment_result.txt
PART1: [unit-commitment] calculation result has been saved to: D:/GithubClonefiles/module_unitcommitment/output/details_schedule_results/pcm_simulation_results/intervels_[1]/res_schedule_commitment_result.txt
Step-3: Creating dispatching model (Refactored & Modularized)
Set parameter Username
Set parameter LicenseID to value 2826524
Academic license - for non-commercial use only - expires 2027-05-22
	 Variables defined.
DEBUG set_objective_economic!: NT=31, NG=54, ND=91, NW=2, NS=1, K=3, size(refcost)=(54,), size(eachslope)=(3, 54)
objective_function
	MILP economic objective set
subject to.
	 constraints: 1) minimum shutup/shutdown time limits			 done
	 constraints: 2) binary variable logic					 done
	 constraints: 3) shutup/shutdown cost					 done
	 constraints: 4) loadcurtailments and spoliedwinds			 done
	 constraints: 5) generatos power limits					 done
	 constraints: 6) system reserves limits					 done
	 constraints: 7) power balance constraints				 done
	 constraints: 8) ramp-up/ramp-down constraints				 done
	 constraints: 9) piece linearization constraints			 done
	 constraints: 10) transmissionline limits skipped (is_NetWorkCon != 1 or Gsdf missing or NL=0)
	 constraints: 11) stroges system constraints skipped (is_ConsiderBESS=0)
	 constraints: 12) data centra constraints skipped (is_ConsiderDataCentra != 1)
	 constraints: 13) frequency control constraints skipped (is_ConsiderFrequencyControl != 1)
	 constraints: 14) hydro power limits					 done
+++++++++++++++++++++++++++++++++++++++++++++++++++++++++++++++++++++++++++++++++++++++++++
Step-4: starting Gurobi solver
Step-5: Gurobi solver finished
+++++++++++++++++++++++++++++++++++++++++++++++++++++++++++++++++++++++++++++++++++++++++++

assert_is_solved_and_feasible(scuc) = nothing
solution_summary(scuc) = solution_summary(; result = 1, verbose = false)
├ solver_name          : Gurobi
├ Termination
│ ├ termination_status : OPTIMAL
│ ├ result_count       : 8
│ ├ raw_status         : Model was solved to optimality (subject to tolerances), and an optimal solution is available.
│ └ objective_bound    : 2.74616e+06
├ Solution (result = 1)
│ ├ primal_status        : FEASIBLE_POINT
│ ├ dual_status          : NO_SOLUTION
│ ├ objective_value      : 2.77010e+06
│ └ relative_gap         : 8.64289e-03
└ Work counters
  ├ solve_time (sec)   : 4.63300e+00
  ├ simplex_iterations : 13558
  ├ barrier_iterations : 0
  └ node_count         : 1


Termination Status: OPTIMAL
Acceptable solution found (Status: OPTIMAL).
Step-6: record datas
PART1: [unit-commitment] calculation result has been saved to: D:/GithubClonefiles/module_unitcommitment/output/details_schedule_results/pcm_simulation_results/intervels_[1]/res_schedule_commitment_result.txt
PART1: [unit-commitment] calculation result has been saved to: D:/GithubClonefiles/module_unitcommitment/output/details_schedule_results/pcm_simulation_results/intervels_[1]/res_schedule_commitment_result.txt
Step-3: Creating dispatching model (Refactored & Modularized)
Set parameter Username
Set parameter LicenseID to value 2826524
Academic license - for non-commercial use only - expires 2027-05-22
	 Variables defined.
DEBUG set_objective_economic!: NT=36, NG=54, ND=91, NW=2, NS=1, K=3, size(refcost)=(54,), size(eachslope)=(3, 54)
objective_function
	MILP economic objective set
subject to.
	 constraints: 1) minimum shutup/shutdown time limits			 done
	 constraints: 2) binary variable logic					 done
	 constraints: 3) shutup/shutdown cost					 done
	 constraints: 4) loadcurtailments and spoliedwinds			 done
	 constraints: 5) generatos power limits					 done
	 constraints: 6) system reserves limits					 done
	 constraints: 7) power balance constraints				 done
	 constraints: 8) ramp-up/ramp-down constraints				 done
	 constraints: 9) piece linearization constraints			 done
	 constraints: 10) transmissionline limits skipped (is_NetWorkCon != 1 or Gsdf missing or NL=0)
	 constraints: 11) stroges system constraints skipped (is_ConsiderBESS=0)
	 constraints: 12) data centra constraints skipped (is_ConsiderDataCentra != 1)
	 constraints: 13) frequency control constraints skipped (is_ConsiderFrequencyControl != 1)
	 constraints: 14) hydro power limits					 done
+++++++++++++++++++++++++++++++++++++++++++++++++++++++++++++++++++++++++++++++++++++++++++
Step-4: starting Gurobi solver
Step-5: Gurobi solver finished
+++++++++++++++++++++++++++++++++++++++++++++++++++++++++++++++++++++++++++++++++++++++++++

assert_is_solved_and_feasible(scuc) = nothing
solution_summary(scuc) = solution_summary(; result = 1, verbose = false)
├ solver_name          : Gurobi
├ Termination
│ ├ termination_status : OPTIMAL
│ ├ result_count       : 8
│ ├ raw_status         : Model was solved to optimality (subject to tolerances), and an optimal solution is available.
│ └ objective_bound    : 2.98292e+06
├ Solution (result = 1)
│ ├ primal_status        : FEASIBLE_POINT
│ ├ dual_status          : NO_SOLUTION
│ ├ objective_value      : 3.01149e+06
│ └ relative_gap         : 9.48577e-03
└ Work counters
  ├ solve_time (sec)   : 4.68400e+00
  ├ simplex_iterations : 10678
  ├ barrier_iterations : 0
  └ node_count         : 1


Termination Status: OPTIMAL
Acceptable solution found (Status: OPTIMAL).
Step-6: record datas
PART1: [unit-commitment] calculation result has been saved to: D:/GithubClonefiles/module_unitcommitment/output/details_schedule_results/pcm_simulation_results/intervels_[1]/res_schedule_commitment_result.txt
PART1: [unit-commitment] calculation result has been saved to: D:/GithubClonefiles/module_unitcommitment/output/details_schedule_results/pcm_simulation_results/intervels_[1]/res_schedule_commitment_result.txt
Step-3: Creating dispatching model (Refactored & Modularized)
Set parameter Username
Set parameter LicenseID to value 2826524
Academic license - for non-commercial use only - expires 2027-05-22
	 Variables defined.
DEBUG set_objective_economic!: NT=36, NG=54, ND=91, NW=2, NS=1, K=3, size(refcost)=(54,), size(eachslope)=(3, 54)
objective_function
	MILP economic objective set
subject to.
	 constraints: 1) minimum shutup/shutdown time limits			 done
	 constraints: 2) binary variable logic					 done
	 constraints: 3) shutup/shutdown cost					 done
	 constraints: 4) loadcurtailments and spoliedwinds			 done
	 constraints: 5) generatos power limits					 done
	 constraints: 6) system reserves limits					 done
	 constraints: 7) power balance constraints				 done
	 constraints: 8) ramp-up/ramp-down constraints				 done
	 constraints: 9) piece linearization constraints			 done
	 constraints: 10) transmissionline limits skipped (is_NetWorkCon != 1 or Gsdf missing or NL=0)
	 constraints: 11) stroges system constraints skipped (is_ConsiderBESS=0)
	 constraints: 12) data centra constraints skipped (is_ConsiderDataCentra != 1)
	 constraints: 13) frequency control constraints skipped (is_ConsiderFrequencyControl != 1)
	 constraints: 14) hydro power limits					 done
+++++++++++++++++++++++++++++++++++++++++++++++++++++++++++++++++++++++++++++++++++++++++++
Step-4: starting Gurobi solver
Step-5: Gurobi solver finished
+++++++++++++++++++++++++++++++++++++++++++++++++++++++++++++++++++++++++++++++++++++++++++

assert_is_solved_and_feasible(scuc) = nothing
solution_summary(scuc) = solution_summary(; result = 1, verbose = false)
├ solver_name          : Gurobi
├ Termination
│ ├ termination_status : OPTIMAL
│ ├ result_count       : 8
│ ├ raw_status         : Model was solved to optimality (subject to tolerances), and an optimal solution is available.
│ └ objective_bound    : 3.15765e+06
├ Solution (result = 1)
│ ├ primal_status        : FEASIBLE_POINT
│ ├ dual_status          : NO_SOLUTION
│ ├ objective_value      : 3.19976e+06
│ └ relative_gap         : 1.31626e-02
└ Work counters
  ├ solve_time (sec)   : 4.34800e+00
  ├ simplex_iterations : 10529
  ├ barrier_iterations : 0
  └ node_count         : 1


Termination Status: OPTIMAL
Acceptable solution found (Status: OPTIMAL).
Step-6: record datas
PART1: [unit-commitment] calculation result has been saved to: D:/GithubClonefiles/module_unitcommitment/output/details_schedule_results/pcm_simulation_results/intervels_[1]/res_schedule_commitment_result.txt
Step-3: Creating dispatching model (Refactored & Modularized)
Set parameter Username
Set parameter LicenseID to value 2826524
Academic license - for non-commercial use only - expires 2027-05-22
	 Variables defined.
DEBUG set_objective_economic!: NT=36, NG=54, ND=91, NW=2, NS=1, K=3, size(refcost)=(54,), size(eachslope)=(3, 54)
objective_function
	MILP economic objective set
subject to.
	 constraints: 1) minimum shutup/shutdown time limits			 done
	 constraints: 2) binary variable logic					 done
	 constraints: 3) shutup/shutdown cost					 done
	 constraints: 4) loadcurtailments and spoliedwinds			 done
	 constraints: 5) generatos power limits					 done
	 constraints: 6) system reserves limits					 done
	 constraints: 7) power balance constraints				 done
	 constraints: 8) ramp-up/ramp-down constraints				 done
	 constraints: 9) piece linearization constraints			 done
	 constraints: 10) transmissionline limits skipped (is_NetWorkCon != 1 or Gsdf missing or NL=0)
	 constraints: 11) stroges system constraints skipped (is_ConsiderBESS=0)
	 constraints: 12) data centra constraints skipped (is_ConsiderDataCentra != 1)
	 constraints: 13) frequency control constraints skipped (is_ConsiderFrequencyControl != 1)
	 constraints: 14) hydro power limits					 done
+++++++++++++++++++++++++++++++++++++++++++++++++++++++++++++++++++++++++++++++++++++++++++
Step-4: starting Gurobi solver
Step-5: Gurobi solver finished
+++++++++++++++++++++++++++++++++++++++++++++++++++++++++++++++++++++++++++++++++++++++++++

assert_is_solved_and_feasible(scuc) = nothing
solution_summary(scuc) = solution_summary(; result = 1, verbose = false)
├ solver_name          : Gurobi
├ Termination
│ ├ termination_status : OPTIMAL
│ ├ result_count       : 8
│ ├ raw_status         : Model was solved to optimality (subject to tolerances), and an optimal solution is available.
│ └ objective_bound    : 3.15765e+06
├ Solution (result = 1)
│ ├ primal_status        : FEASIBLE_POINT
│ ├ dual_status          : NO_SOLUTION
│ ├ objective_value      : 3.19976e+06
│ └ relative_gap         : 1.31626e-02
└ Work counters
  ├ solve_time (sec)   : 4.47800e+00
  ├ simplex_iterations : 10529
  ├ barrier_iterations : 0
  └ node_count         : 1


Termination Status: OPTIMAL
Acceptable solution found (Status: OPTIMAL).
Step-6: record datas
PART1: [unit-commitment] calculation result has been saved to: D:/GithubClonefiles/module_unitcommitment/output/details_schedule_results/pcm_simulation_results/intervels_[1]/res_schedule_commitment_result.txt
PART1: [unit-commitment] calculation result has been saved to: D:/GithubClonefiles/module_unitcommitment/output/details_schedule_results/pcm_simulation_results/intervels_[1]/res_schedule_commitment_result.txt
Step-3: Creating dispatching model (Refactored & Modularized)
Set parameter Username
Set parameter LicenseID to value 2826524
Academic license - for non-commercial use only - expires 2027-05-22
	 Variables defined.
DEBUG set_objective_economic!: NT=26, NG=54, ND=91, NW=2, NS=1, K=3, size(refcost)=(54,), size(eachslope)=(3, 54)
objective_function
	MILP economic objective set
subject to.
	 constraints: 1) minimum shutup/shutdown time limits			 done
	 constraints: 2) binary variable logic					 done
	 constraints: 3) shutup/shutdown cost					 done
	 constraints: 4) loadcurtailments and spoliedwinds			 done
	 constraints: 5) generatos power limits					 done
	 constraints: 6) system reserves limits					 done
	 constraints: 7) power balance constraints				 done
	 constraints: 8) ramp-up/ramp-down constraints				 done
	 constraints: 9) piece linearization constraints			 done
	 constraints: 10) transmissionline limits skipped (is_NetWorkCon != 1 or Gsdf missing or NL=0)
	 constraints: 11) stroges system constraints skipped (is_ConsiderBESS=0)
	 constraints: 12) data centra constraints skipped (is_ConsiderDataCentra != 1)
	 constraints: 13) frequency control constraints skipped (is_ConsiderFrequencyControl != 1)
	 constraints: 14) hydro power limits					 done
+++++++++++++++++++++++++++++++++++++++++++++++++++++++++++++++++++++++++++++++++++++++++++
Step-4: starting Gurobi solver
Step-5: Gurobi solver finished
+++++++++++++++++++++++++++++++++++++++++++++++++++++++++++++++++++++++++++++++++++++++++++

assert_is_solved_and_feasible(scuc) = nothing
solution_summary(scuc) = solution_summary(; result = 1, verbose = false)
├ solver_name          : Gurobi
├ Termination
│ ├ termination_status : OPTIMAL
│ ├ result_count       : 10
│ ├ raw_status         : Model was solved to optimality (subject to tolerances), and an optimal solution is available.
│ └ objective_bound    : 2.34828e+06
├ Solution (result = 1)
│ ├ primal_status        : FEASIBLE_POINT
│ ├ dual_status          : NO_SOLUTION
│ ├ objective_value      : 2.36333e+06
│ └ relative_gap         : 6.36511e-03
└ Work counters
  ├ solve_time (sec)   : 5.35400e+00
  ├ simplex_iterations : 15611
  ├ barrier_iterations : 0
  └ node_count         : 1


Termination Status: OPTIMAL
Acceptable solution found (Status: OPTIMAL).
Step-6: record datas
PART1: [unit-commitment] calculation result has been saved to: D:/GithubClonefiles/module_unitcommitment/output/details_schedule_results/pcm_simulation_results/intervels_[1]/res_schedule_commitment_result.txt
PART1: [unit-commitment] calculation result has been saved to: D:/GithubClonefiles/module_unitcommitment/output/details_schedule_results/pcm_simulation_results/intervels_[1]/res_schedule_commitment_result.txt
Step-3: Creating dispatching model (Refactored & Modularized)
Set parameter Username
Set parameter LicenseID to value 2826524
Academic license - for non-commercial use only - expires 2027-05-22
	 Variables defined.
DEBUG set_objective_economic!: NT=31, NG=54, ND=91, NW=2, NS=1, K=3, size(refcost)=(54,), size(eachslope)=(3, 54)
objective_function
	MILP economic objective set
subject to.
	 constraints: 1) minimum shutup/shutdown time limits			 done
	 constraints: 2) binary variable logic					 done
	 constraints: 3) shutup/shutdown cost					 done
	 constraints: 4) loadcurtailments and spoliedwinds			 done
	 constraints: 5) generatos power limits					 done
	 constraints: 6) system reserves limits					 done
	 constraints: 7) power balance constraints				 done
	 constraints: 8) ramp-up/ramp-down constraints				 done
	 constraints: 9) piece linearization constraints			 done
	 constraints: 10) transmissionline limits skipped (is_NetWorkCon != 1 or Gsdf missing or NL=0)
	 constraints: 11) stroges system constraints skipped (is_ConsiderBESS=0)
	 constraints: 12) data centra constraints skipped (is_ConsiderDataCentra != 1)
	 constraints: 13) frequency control constraints skipped (is_ConsiderFrequencyControl != 1)
	 constraints: 14) hydro power limits					 done
+++++++++++++++++++++++++++++++++++++++++++++++++++++++++++++++++++++++++++++++++++++++++++
Step-4: starting Gurobi solver
Step-5: Gurobi solver finished
+++++++++++++++++++++++++++++++++++++++++++++++++++++++++++++++++++++++++++++++++++++++++++

assert_is_solved_and_feasible(scuc) = nothing
solution_summary(scuc) = solution_summary(; result = 1, verbose = false)
├ solver_name          : Gurobi
├ Termination
│ ├ termination_status : OPTIMAL
│ ├ result_count       : 2
│ ├ raw_status         : Model was solved to optimality (subject to tolerances), and an optimal solution is available.
│ └ objective_bound    : 2.74160e+06
├ Solution (result = 1)
│ ├ primal_status        : FEASIBLE_POINT
│ ├ dual_status          : NO_SOLUTION
│ ├ objective_value      : 2.77895e+06
│ └ relative_gap         : 1.34428e-02
└ Work counters
  ├ solve_time (sec)   : 3.85500e+00
  ├ simplex_iterations : 12778
  ├ barrier_iterations : 0
  └ node_count         : 1


Termination Status: OPTIMAL
Acceptable solution found (Status: OPTIMAL).
Step-6: record datas
PART1: [unit-commitment] calculation result has been saved to: D:/GithubClonefiles/module_unitcommitment/output/details_schedule_results/pcm_simulation_results/intervels_[1]/res_schedule_commitment_result.txt
PART1: [unit-commitment] calculation result has been saved to: D:/GithubClonefiles/module_unitcommitment/output/details_schedule_results/pcm_simulation_results/intervels_[1]/res_schedule_commitment_result.txt
Step-3: Creating dispatching model (Refactored & Modularized)
Set parameter Username
Set parameter LicenseID to value 2826524
Academic license - for non-commercial use only - expires 2027-05-22
	 Variables defined.
DEBUG set_objective_economic!: NT=36, NG=54, ND=91, NW=2, NS=1, K=3, size(refcost)=(54,), size(eachslope)=(3, 54)
objective_function
	MILP economic objective set
subject to.
	 constraints: 1) minimum shutup/shutdown time limits			 done
	 constraints: 2) binary variable logic					 done
	 constraints: 3) shutup/shutdown cost					 done
	 constraints: 4) loadcurtailments and spoliedwinds			 done
	 constraints: 5) generatos power limits					 done
	 constraints: 6) system reserves limits					 done
	 constraints: 7) power balance constraints				 done
	 constraints: 8) ramp-up/ramp-down constraints				 done
	 constraints: 9) piece linearization constraints			 done
	 constraints: 10) transmissionline limits skipped (is_NetWorkCon != 1 or Gsdf missing or NL=0)
	 constraints: 11) stroges system constraints skipped (is_ConsiderBESS=0)
	 constraints: 12) data centra constraints skipped (is_ConsiderDataCentra != 1)
	 constraints: 13) frequency control constraints skipped (is_ConsiderFrequencyControl != 1)
	 constraints: 14) hydro power limits					 done
+++++++++++++++++++++++++++++++++++++++++++++++++++++++++++++++++++++++++++++++++++++++++++
Step-4: starting Gurobi solver
Step-5: Gurobi solver finished
+++++++++++++++++++++++++++++++++++++++++++++++++++++++++++++++++++++++++++++++++++++++++++

assert_is_solved_and_feasible(scuc) = nothing
solution_summary(scuc) = solution_summary(; result = 1, verbose = false)
├ solver_name          : Gurobi
├ Termination
│ ├ termination_status : OPTIMAL
│ ├ result_count       : 8
│ ├ raw_status         : Model was solved to optimality (subject to tolerances), and an optimal solution is available.
│ └ objective_bound    : 3.15765e+06
├ Solution (result = 1)
│ ├ primal_status        : FEASIBLE_POINT
│ ├ dual_status          : NO_SOLUTION
│ ├ objective_value      : 3.19976e+06
│ └ relative_gap         : 1.31626e-02
└ Work counters
  ├ solve_time (sec)   : 4.44500e+00
  ├ simplex_iterations : 10529
  ├ barrier_iterations : 0
  └ node_count         : 1


Termination Status: OPTIMAL
Acceptable solution found (Status: OPTIMAL).
Step-6: record datas
PART1: [unit-commitment] calculation result has been saved to: D:/GithubClonefiles/module_unitcommitment/output/details_schedule_results/pcm_simulation_results/intervels_[1]/res_schedule_commitment_result.txt
PART1: [unit-commitment] calculation result has been saved to: D:/GithubClonefiles/module_unitcommitment/output/details_schedule_results/pcm_simulation_results/intervels_[1]/res_schedule_commitment_result.txt
Step-3: Creating dispatching model (Refactored & Modularized)
Set parameter Username
Set parameter LicenseID to value 2826524
Academic license - for non-commercial use only - expires 2027-05-22
	 Variables defined.
DEBUG set_objective_economic!: NT=36, NG=54, ND=91, NW=2, NS=1, K=3, size(refcost)=(54,), size(eachslope)=(3, 54)
objective_function
	MILP economic objective set
subject to.
	 constraints: 1) minimum shutup/shutdown time limits			 done
	 constraints: 2) binary variable logic					 done
	 constraints: 3) shutup/shutdown cost					 done
	 constraints: 4) loadcurtailments and spoliedwinds			 done
	 constraints: 5) generatos power limits					 done
	 constraints: 6) system reserves limits					 done
	 constraints: 7) power balance constraints				 done
	 constraints: 8) ramp-up/ramp-down constraints				 done
	 constraints: 9) piece linearization constraints			 done
	 constraints: 10) transmissionline limits skipped (is_NetWorkCon != 1 or Gsdf missing or NL=0)
	 constraints: 11) stroges system constraints skipped (is_ConsiderBESS=0)
	 constraints: 12) data centra constraints skipped (is_ConsiderDataCentra != 1)
	 constraints: 13) frequency control constraints skipped (is_ConsiderFrequencyControl != 1)
	 constraints: 14) hydro power limits					 done
+++++++++++++++++++++++++++++++++++++++++++++++++++++++++++++++++++++++++++++++++++++++++++
Step-4: starting Gurobi solver
Step-5: Gurobi solver finished
+++++++++++++++++++++++++++++++++++++++++++++++++++++++++++++++++++++++++++++++++++++++++++

assert_is_solved_and_feasible(scuc) = nothing
solution_summary(scuc) = solution_summary(; result = 1, verbose = false)
├ solver_name          : Gurobi
├ Termination
│ ├ termination_status : OPTIMAL
│ ├ result_count       : 3
│ ├ raw_status         : Model was solved to optimality (subject to tolerances), and an optimal solution is available.
│ └ objective_bound    : 3.16159e+06
├ Solution (result = 1)
│ ├ primal_status        : FEASIBLE_POINT
│ ├ dual_status          : NO_SOLUTION
│ ├ objective_value      : 3.18132e+06
│ └ relative_gap         : 6.20312e-03
└ Work counters
  ├ solve_time (sec)   : 3.66900e+00
  ├ simplex_iterations : 9869
  ├ barrier_iterations : 0
  └ node_count         : 1


Termination Status: OPTIMAL
Acceptable solution found (Status: OPTIMAL).
Step-6: record datas
PART1: [unit-commitment] calculation result has been saved to: D:/GithubClonefiles/module_unitcommitment/output/details_schedule_results/pcm_simulation_results/intervels_[1]/res_schedule_commitment_result.txt
PART1: [unit-commitment] calculation result has been saved to: D:/GithubClonefiles/module_unitcommitment/output/details_schedule_results/pcm_simulation_results/intervels_[1]/res_schedule_commitment_result.txt
Step-3: Creating dispatching model (Refactored & Modularized)
Set parameter Username
Set parameter LicenseID to value 2826524
Academic license - for non-commercial use only - expires 2027-05-22
	 Variables defined.
DEBUG set_objective_economic!: NT=26, NG=54, ND=91, NW=2, NS=1, K=3, size(refcost)=(54,), size(eachslope)=(3, 54)
objective_function
	MILP economic objective set
subject to.
	 constraints: 1) minimum shutup/shutdown time limits			 done
	 constraints: 2) binary variable logic					 done
	 constraints: 3) shutup/shutdown cost					 done
	 constraints: 4) loadcurtailments and spoliedwinds			 done
	 constraints: 5) generatos power limits					 done
	 constraints: 6) system reserves limits					 done
	 constraints: 7) power balance constraints				 done
	 constraints: 8) ramp-up/ramp-down constraints				 done
	 constraints: 9) piece linearization constraints			 done
	 constraints: 10) transmissionline limits skipped (is_NetWorkCon != 1 or Gsdf missing or NL=0)
	 constraints: 11) stroges system constraints skipped (is_ConsiderBESS=0)
	 constraints: 12) data centra constraints skipped (is_ConsiderDataCentra != 1)
	 constraints: 13) frequency control constraints skipped (is_ConsiderFrequencyControl != 1)
	 constraints: 14) hydro power limits					 done
+++++++++++++++++++++++++++++++++++++++++++++++++++++++++++++++++++++++++++++++++++++++++++
Step-4: starting Gurobi solver
Step-5: Gurobi solver finished
+++++++++++++++++++++++++++++++++++++++++++++++++++++++++++++++++++++++++++++++++++++++++++

assert_is_solved_and_feasible(scuc) = nothing
solution_summary(scuc) = solution_summary(; result = 1, verbose = false)
├ solver_name          : Gurobi
├ Termination
│ ├ termination_status : OPTIMAL
│ ├ result_count       : 10
│ ├ raw_status         : Model was solved to optimality (subject to tolerances), and an optimal solution is available.
│ └ objective_bound    : 2.35275e+06
├ Solution (result = 1)
│ ├ primal_status        : FEASIBLE_POINT
│ ├ dual_status          : NO_SOLUTION
│ ├ objective_value      : 2.38526e+06
│ └ relative_gap         : 1.36323e-02
└ Work counters
  ├ solve_time (sec)   : 5.90500e+00
  ├ simplex_iterations : 15598
  ├ barrier_iterations : 0
  └ node_count         : 1


Termination Status: OPTIMAL
Acceptable solution found (Status: OPTIMAL).
Step-6: record datas
PART1: [unit-commitment] calculation result has been saved to: D:/GithubClonefiles/module_unitcommitment/output/details_schedule_results/pcm_simulation_results/intervels_[1]/res_schedule_commitment_result.txt
PART1: [unit-commitment] calculation result has been saved to: D:/GithubClonefiles/module_unitcommitment/output/details_schedule_results/pcm_simulation_results/intervels_[1]/res_schedule_commitment_result.txt
Step-3: Creating dispatching model (Refactored & Modularized)
Set parameter Username
Set parameter LicenseID to value 2826524
Academic license - for non-commercial use only - expires 2027-05-22
	 Variables defined.
DEBUG set_objective_economic!: NT=31, NG=54, ND=91, NW=2, NS=1, K=3, size(refcost)=(54,), size(eachslope)=(3, 54)
objective_function
	MILP economic objective set
subject to.
	 constraints: 1) minimum shutup/shutdown time limits			 done
	 constraints: 2) binary variable logic					 done
	 constraints: 3) shutup/shutdown cost					 done
	 constraints: 4) loadcurtailments and spoliedwinds			 done
	 constraints: 5) generatos power limits					 done
	 constraints: 6) system reserves limits					 done
	 constraints: 7) power balance constraints				 done
	 constraints: 8) ramp-up/ramp-down constraints				 done
	 constraints: 9) piece linearization constraints			 done
	 constraints: 10) transmissionline limits skipped (is_NetWorkCon != 1 or Gsdf missing or NL=0)
	 constraints: 11) stroges system constraints skipped (is_ConsiderBESS=0)
	 constraints: 12) data centra constraints skipped (is_ConsiderDataCentra != 1)
	 constraints: 13) frequency control constraints skipped (is_ConsiderFrequencyControl != 1)
	 constraints: 14) hydro power limits					 done
+++++++++++++++++++++++++++++++++++++++++++++++++++++++++++++++++++++++++++++++++++++++++++
Step-4: starting Gurobi solver
Step-5: Gurobi solver finished
+++++++++++++++++++++++++++++++++++++++++++++++++++++++++++++++++++++++++++++++++++++++++++

assert_is_solved_and_feasible(scuc) = nothing
solution_summary(scuc) = solution_summary(; result = 1, verbose = false)
├ solver_name          : Gurobi
├ Termination
│ ├ termination_status : OPTIMAL
│ ├ result_count       : 2
│ ├ raw_status         : Model was solved to optimality (subject to tolerances), and an optimal solution is available.
│ └ objective_bound    : 2.74472e+06
├ Solution (result = 1)
│ ├ primal_status        : FEASIBLE_POINT
│ ├ dual_status          : NO_SOLUTION
│ ├ objective_value      : 2.78649e+06
│ └ relative_gap         : 1.49898e-02
└ Work counters
  ├ solve_time (sec)   : 2.03800e+00
  ├ simplex_iterations : 12053
  ├ barrier_iterations : 0
  └ node_count         : 1


Termination Status: OPTIMAL
Acceptable solution found (Status: OPTIMAL).
Step-6: record datas
PART1: [unit-commitment] calculation result has been saved to: D:/GithubClonefiles/module_unitcommitment/output/details_schedule_results/pcm_simulation_results/intervels_[1]/res_schedule_commitment_result.txt
PART1: [unit-commitment] calculation result has been saved to: D:/GithubClonefiles/module_unitcommitment/output/details_schedule_results/pcm_simulation_results/intervels_[1]/res_schedule_commitment_result.txt
Step-3: Creating dispatching model (Refactored & Modularized)
Set parameter Username
Set parameter LicenseID to value 2826524
Academic license - for non-commercial use only - expires 2027-05-22
	 Variables defined.
DEBUG set_objective_economic!: NT=36, NG=54, ND=91, NW=2, NS=1, K=3, size(refcost)=(54,), size(eachslope)=(3, 54)
objective_function
	MILP economic objective set
subject to.
	 constraints: 1) minimum shutup/shutdown time limits			 done
	 constraints: 2) binary variable logic					 done
	 constraints: 3) shutup/shutdown cost					 done
	 constraints: 4) loadcurtailments and spoliedwinds			 done
	 constraints: 5) generatos power limits					 done
	 constraints: 6) system reserves limits					 done
	 constraints: 7) power balance constraints				 done
	 constraints: 8) ramp-up/ramp-down constraints				 done
	 constraints: 9) piece linearization constraints			 done
	 constraints: 10) transmissionline limits skipped (is_NetWorkCon != 1 or Gsdf missing or NL=0)
	 constraints: 11) stroges system constraints skipped (is_ConsiderBESS=0)
	 constraints: 12) data centra constraints skipped (is_ConsiderDataCentra != 1)
	 constraints: 13) frequency control constraints skipped (is_ConsiderFrequencyControl != 1)
	 constraints: 14) hydro power limits					 done
+++++++++++++++++++++++++++++++++++++++++++++++++++++++++++++++++++++++++++++++++++++++++++
Step-4: starting Gurobi solver
Step-5: Gurobi solver finished
+++++++++++++++++++++++++++++++++++++++++++++++++++++++++++++++++++++++++++++++++++++++++++

assert_is_solved_and_feasible(scuc) = nothing
solution_summary(scuc) = solution_summary(; result = 1, verbose = false)
├ solver_name          : Gurobi
├ Termination
│ ├ termination_status : OPTIMAL
│ ├ result_count       : 3
│ ├ raw_status         : Model was solved to optimality (subject to tolerances), and an optimal solution is available.
│ └ objective_bound    : 3.16159e+06
├ Solution (result = 1)
│ ├ primal_status        : FEASIBLE_POINT
│ ├ dual_status          : NO_SOLUTION
│ ├ objective_value      : 3.18132e+06
│ └ relative_gap         : 6.20312e-03
└ Work counters
  ├ solve_time (sec)   : 3.90600e+00
  ├ simplex_iterations : 9869
  ├ barrier_iterations : 0
  └ node_count         : 1


Termination Status: OPTIMAL
Acceptable solution found (Status: OPTIMAL).
Step-6: record datas
PART1: [unit-commitment] calculation result has been saved to: D:/GithubClonefiles/module_unitcommitment/output/details_schedule_results/pcm_simulation_results/intervels_[1]/res_schedule_commitment_result.txt
PART1: [unit-commitment] calculation result has been saved to: D:/GithubClonefiles/module_unitcommitment/output/details_schedule_results/pcm_simulation_results/intervels_[1]/res_schedule_commitment_result.txt
Step-3: Creating dispatching model (Refactored & Modularized)
Set parameter Username
Set parameter LicenseID to value 2826524
Academic license - for non-commercial use only - expires 2027-05-22
	 Variables defined.
DEBUG set_objective_economic!: NT=36, NG=54, ND=91, NW=2, NS=1, K=3, size(refcost)=(54,), size(eachslope)=(3, 54)
objective_function
	MILP economic objective set
subject to.
	 constraints: 1) minimum shutup/shutdown time limits			 done
	 constraints: 2) binary variable logic					 done
	 constraints: 3) shutup/shutdown cost					 done
	 constraints: 4) loadcurtailments and spoliedwinds			 done
	 constraints: 5) generatos power limits					 done
	 constraints: 6) system reserves limits					 done
	 constraints: 7) power balance constraints				 done
	 constraints: 8) ramp-up/ramp-down constraints				 done
	 constraints: 9) piece linearization constraints			 done
	 constraints: 10) transmissionline limits skipped (is_NetWorkCon != 1 or Gsdf missing or NL=0)
	 constraints: 11) stroges system constraints skipped (is_ConsiderBESS=0)
	 constraints: 12) data centra constraints skipped (is_ConsiderDataCentra != 1)
	 constraints: 13) frequency control constraints skipped (is_ConsiderFrequencyControl != 1)
	 constraints: 14) hydro power limits					 done
+++++++++++++++++++++++++++++++++++++++++++++++++++++++++++++++++++++++++++++++++++++++++++
Step-4: starting Gurobi solver
Step-5: Gurobi solver finished
+++++++++++++++++++++++++++++++++++++++++++++++++++++++++++++++++++++++++++++++++++++++++++

assert_is_solved_and_feasible(scuc) = nothing
solution_summary(scuc) = solution_summary(; result = 1, verbose = false)
├ solver_name          : Gurobi
├ Termination
│ ├ termination_status : OPTIMAL
│ ├ result_count       : 1
│ ├ raw_status         : Model was solved to optimality (subject to tolerances), and an optimal solution is available.
│ └ objective_bound    : 2.03338e+16
├ Solution (result = 1)
│ ├ primal_status        : FEASIBLE_POINT
│ ├ dual_status          : NO_SOLUTION
│ ├ objective_value      : 2.03338e+16
│ └ relative_gap         : 0.00000e+00
└ Work counters
  ├ solve_time (sec)   : 2.85200e+00
  ├ simplex_iterations : 8875
  ├ barrier_iterations : 0
  └ node_count         : 1


Termination Status: OPTIMAL
Acceptable solution found (Status: OPTIMAL).
Step-6: record datas
PART1: [unit-commitment] calculation result has been saved to: D:/GithubClonefiles/module_unitcommitment/output/details_schedule_results/pcm_simulation_results/intervels_[1]/res_schedule_commitment_result.txt
Step-3: Creating dispatching model (Refactored & Modularized)
Set parameter Username
Set parameter LicenseID to value 2826524
Academic license - for non-commercial use only - expires 2027-05-22
	 Variables defined.
DEBUG set_objective_economic!: NT=36, NG=54, ND=91, NW=2, NS=1, K=3, size(refcost)=(54,), size(eachslope)=(3, 54)
objective_function
	MILP economic objective set
subject to.
	 constraints: 1) minimum shutup/shutdown time limits			 done
	 constraints: 2) binary variable logic					 done
	 constraints: 3) shutup/shutdown cost					 done
	 constraints: 4) loadcurtailments and spoliedwinds			 done
	 constraints: 5) generatos power limits					 done
	 constraints: 6) system reserves limits					 done
	 constraints: 7) power balance constraints				 done
	 constraints: 8) ramp-up/ramp-down constraints				 done
	 constraints: 9) piece linearization constraints			 done
	 constraints: 10) transmissionline limits skipped (is_NetWorkCon != 1 or Gsdf missing or NL=0)
	 constraints: 11) stroges system constraints skipped (is_ConsiderBESS=0)
	 constraints: 12) data centra constraints skipped (is_ConsiderDataCentra != 1)
	 constraints: 13) frequency control constraints skipped (is_ConsiderFrequencyControl != 1)
	 constraints: 14) hydro power limits					 done
+++++++++++++++++++++++++++++++++++++++++++++++++++++++++++++++++++++++++++++++++++++++++++
Step-4: starting Gurobi solver
Step-5: Gurobi solver finished
+++++++++++++++++++++++++++++++++++++++++++++++++++++++++++++++++++++++++++++++++++++++++++

assert_is_solved_and_feasible(scuc) = nothing
solution_summary(scuc) = solution_summary(; result = 1, verbose = false)
├ solver_name          : Gurobi
├ Termination
│ ├ termination_status : OPTIMAL
│ ├ result_count       : 1
│ ├ raw_status         : Model was solved to optimality (subject to tolerances), and an optimal solution is available.
│ └ objective_bound    : 2.03338e+16
├ Solution (result = 1)
│ ├ primal_status        : FEASIBLE_POINT
│ ├ dual_status          : NO_SOLUTION
│ ├ objective_value      : 2.03338e+16
│ └ relative_gap         : 0.00000e+00
└ Work counters
  ├ solve_time (sec)   : 2.92300e+00
  ├ simplex_iterations : 8875
  ├ barrier_iterations : 0
  └ node_count         : 1


Termination Status: OPTIMAL
Acceptable solution found (Status: OPTIMAL).
Step-6: record datas
PART1: [unit-commitment] calculation result has been saved to: D:/GithubClonefiles/module_unitcommitment/output/details_schedule_results/pcm_simulation_results/intervels_[1]/res_schedule_commitment_result.txt
PART1: [unit-commitment] calculation result has been saved to: D:/GithubClonefiles/module_unitcommitment/output/details_schedule_results/pcm_simulation_results/intervels_[1]/res_schedule_commitment_result.txt
Step-3: Creating dispatching model (Refactored & Modularized)
Set parameter Username
Set parameter LicenseID to value 2826524
Academic license - for non-commercial use only - expires 2027-05-22
	 Variables defined.
DEBUG set_objective_economic!: NT=26, NG=54, ND=91, NW=2, NS=1, K=3, size(refcost)=(54,), size(eachslope)=(3, 54)
objective_function
	MILP economic objective set
subject to.
	 constraints: 1) minimum shutup/shutdown time limits			 done
	 constraints: 2) binary variable logic					 done
	 constraints: 3) shutup/shutdown cost					 done
	 constraints: 4) loadcurtailments and spoliedwinds			 done
	 constraints: 5) generatos power limits					 done
	 constraints: 6) system reserves limits					 done
	 constraints: 7) power balance constraints				 done
	 constraints: 8) ramp-up/ramp-down constraints				 done
	 constraints: 9) piece linearization constraints			 done
	 constraints: 10) transmissionline limits skipped (is_NetWorkCon != 1 or Gsdf missing or NL=0)
	 constraints: 11) stroges system constraints skipped (is_ConsiderBESS=0)
	 constraints: 12) data centra constraints skipped (is_ConsiderDataCentra != 1)
	 constraints: 13) frequency control constraints skipped (is_ConsiderFrequencyControl != 1)
	 constraints: 14) hydro power limits					 done
+++++++++++++++++++++++++++++++++++++++++++++++++++++++++++++++++++++++++++++++++++++++++++
Step-4: starting Gurobi solver
Step-5: Gurobi solver finished
+++++++++++++++++++++++++++++++++++++++++++++++++++++++++++++++++++++++++++++++++++++++++++

assert_is_solved_and_feasible(scuc) = nothing
solution_summary(scuc) = solution_summary(; result = 1, verbose = false)
├ solver_name          : Gurobi
├ Termination
│ ├ termination_status : OPTIMAL
│ ├ result_count       : 3
│ ├ raw_status         : Model was solved to optimality (subject to tolerances), and an optimal solution is available.
│ └ objective_bound    : 2.03338e+16
├ Solution (result = 1)
│ ├ primal_status        : FEASIBLE_POINT
│ ├ dual_status          : NO_SOLUTION
│ ├ objective_value      : 2.03338e+16
│ └ relative_gap         : 0.00000e+00
└ Work counters
  ├ solve_time (sec)   : 4.25300e+00
  ├ simplex_iterations : 15745
  ├ barrier_iterations : 0
  └ node_count         : 1


Termination Status: OPTIMAL
Acceptable solution found (Status: OPTIMAL).
Step-6: record datas
PART1: [unit-commitment] calculation result has been saved to: D:/GithubClonefiles/module_unitcommitment/output/details_schedule_results/pcm_simulation_results/intervels_[1]/res_schedule_commitment_result.txt
PART1: [unit-commitment] calculation result has been saved to: D:/GithubClonefiles/module_unitcommitment/output/details_schedule_results/pcm_simulation_results/intervels_[1]/res_schedule_commitment_result.txt
Step-3: Creating dispatching model (Refactored & Modularized)
Set parameter Username
Set parameter LicenseID to value 2826524
Academic license - for non-commercial use only - expires 2027-05-22
	 Variables defined.
DEBUG set_objective_economic!: NT=31, NG=54, ND=91, NW=2, NS=1, K=3, size(refcost)=(54,), size(eachslope)=(3, 54)
objective_function
	MILP economic objective set
subject to.
	 constraints: 1) minimum shutup/shutdown time limits			 done
	 constraints: 2) binary variable logic					 done
	 constraints: 3) shutup/shutdown cost					 done
	 constraints: 4) loadcurtailments and spoliedwinds			 done
	 constraints: 5) generatos power limits					 done
	 constraints: 6) system reserves limits					 done
	 constraints: 7) power balance constraints				 done
	 constraints: 8) ramp-up/ramp-down constraints				 done
	 constraints: 9) piece linearization constraints			 done
	 constraints: 10) transmissionline limits skipped (is_NetWorkCon != 1 or Gsdf missing or NL=0)
	 constraints: 11) stroges system constraints skipped (is_ConsiderBESS=0)
	 constraints: 12) data centra constraints skipped (is_ConsiderDataCentra != 1)
	 constraints: 13) frequency control constraints skipped (is_ConsiderFrequencyControl != 1)
	 constraints: 14) hydro power limits					 done
+++++++++++++++++++++++++++++++++++++++++++++++++++++++++++++++++++++++++++++++++++++++++++
Step-4: starting Gurobi solver
Step-5: Gurobi solver finished
+++++++++++++++++++++++++++++++++++++++++++++++++++++++++++++++++++++++++++++++++++++++++++

assert_is_solved_and_feasible(scuc) = nothing
solution_summary(scuc) = solution_summary(; result = 1, verbose = false)
├ solver_name          : Gurobi
├ Termination
│ ├ termination_status : OPTIMAL
│ ├ result_count       : 3
│ ├ raw_status         : Model was solved to optimality (subject to tolerances), and an optimal solution is available.
│ └ objective_bound    : 2.03338e+16
├ Solution (result = 1)
│ ├ primal_status        : FEASIBLE_POINT
│ ├ dual_status          : NO_SOLUTION
│ ├ objective_value      : 2.03338e+16
│ └ relative_gap         : 0.00000e+00
└ Work counters
  ├ solve_time (sec)   : 2.91400e+00
  ├ simplex_iterations : 11740
  ├ barrier_iterations : 0
  └ node_count         : 1


Termination Status: OPTIMAL
Acceptable solution found (Status: OPTIMAL).
Step-6: record datas
PART1: [unit-commitment] calculation result has been saved to: D:/GithubClonefiles/module_unitcommitment/output/details_schedule_results/pcm_simulation_results/intervels_[1]/res_schedule_commitment_result.txt
PART1: [unit-commitment] calculation result has been saved to: D:/GithubClonefiles/module_unitcommitment/output/details_schedule_results/pcm_simulation_results/intervels_[1]/res_schedule_commitment_result.txt
Step-3: Creating dispatching model (Refactored & Modularized)
Set parameter Username
Set parameter LicenseID to value 2826524
Academic license - for non-commercial use only - expires 2027-05-22
	 Variables defined.
DEBUG set_objective_economic!: NT=36, NG=54, ND=91, NW=2, NS=1, K=3, size(refcost)=(54,), size(eachslope)=(3, 54)
objective_function
	MILP economic objective set
subject to.
	 constraints: 1) minimum shutup/shutdown time limits			 done
	 constraints: 2) binary variable logic					 done
	 constraints: 3) shutup/shutdown cost					 done
	 constraints: 4) loadcurtailments and spoliedwinds			 done
	 constraints: 5) generatos power limits					 done
	 constraints: 6) system reserves limits					 done
	 constraints: 7) power balance constraints				 done
	 constraints: 8) ramp-up/ramp-down constraints				 done
	 constraints: 9) piece linearization constraints			 done
	 constraints: 10) transmissionline limits skipped (is_NetWorkCon != 1 or Gsdf missing or NL=0)
	 constraints: 11) stroges system constraints skipped (is_ConsiderBESS=0)
	 constraints: 12) data centra constraints skipped (is_ConsiderDataCentra != 1)
	 constraints: 13) frequency control constraints skipped (is_ConsiderFrequencyControl != 1)
	 constraints: 14) hydro power limits					 done
+++++++++++++++++++++++++++++++++++++++++++++++++++++++++++++++++++++++++++++++++++++++++++
Step-4: starting Gurobi solver
Step-5: Gurobi solver finished
+++++++++++++++++++++++++++++++++++++++++++++++++++++++++++++++++++++++++++++++++++++++++++

assert_is_solved_and_feasible(scuc) = nothing
solution_summary(scuc) = solution_summary(; result = 1, verbose = false)
├ solver_name          : Gurobi
├ Termination
│ ├ termination_status : OPTIMAL
│ ├ result_count       : 1
│ ├ raw_status         : Model was solved to optimality (subject to tolerances), and an optimal solution is available.
│ └ objective_bound    : 2.03338e+16
├ Solution (result = 1)
│ ├ primal_status        : FEASIBLE_POINT
│ ├ dual_status          : NO_SOLUTION
│ ├ objective_value      : 2.03338e+16
│ └ relative_gap         : 0.00000e+00
└ Work counters
  ├ solve_time (sec)   : 2.83800e+00
  ├ simplex_iterations : 8875
  ├ barrier_iterations : 0
  └ node_count         : 1


Termination Status: OPTIMAL
Acceptable solution found (Status: OPTIMAL).
Step-6: record datas
PART1: [unit-commitment] calculation result has been saved to: D:/GithubClonefiles/module_unitcommitment/output/details_schedule_results/pcm_simulation_results/intervels_[1]/res_schedule_commitment_result.txt
PART1: [unit-commitment] calculation result has been saved to: D:/GithubClonefiles/module_unitcommitment/output/details_schedule_results/pcm_simulation_results/intervels_[1]/res_schedule_commitment_result.txt
Step-3: Creating dispatching model (Refactored & Modularized)
Set parameter Username
Set parameter LicenseID to value 2826524
Academic license - for non-commercial use only - expires 2027-05-22
	 Variables defined.
DEBUG set_objective_economic!: NT=36, NG=54, ND=91, NW=2, NS=1, K=3, size(refcost)=(54,), size(eachslope)=(3, 54)
objective_function
	MILP economic objective set
subject to.
	 constraints: 1) minimum shutup/shutdown time limits			 done
	 constraints: 2) binary variable logic					 done
	 constraints: 3) shutup/shutdown cost					 done
	 constraints: 4) loadcurtailments and spoliedwinds			 done
	 constraints: 5) generatos power limits					 done
	 constraints: 6) system reserves limits					 done
	 constraints: 7) power balance constraints				 done
	 constraints: 8) ramp-up/ramp-down constraints				 done
	 constraints: 9) piece linearization constraints			 done
	 constraints: 10) transmissionline limits skipped (is_NetWorkCon != 1 or Gsdf missing or NL=0)
	 constraints: 11) stroges system constraints skipped (is_ConsiderBESS=0)
	 constraints: 12) data centra constraints skipped (is_ConsiderDataCentra != 1)
	 constraints: 13) frequency control constraints skipped (is_ConsiderFrequencyControl != 1)
	 constraints: 14) hydro power limits					 done
+++++++++++++++++++++++++++++++++++++++++++++++++++++++++++++++++++++++++++++++++++++++++++
Step-4: starting Gurobi solver
Step-5: Gurobi solver finished
+++++++++++++++++++++++++++++++++++++++++++++++++++++++++++++++++++++++++++++++++++++++++++

assert_is_solved_and_feasible(scuc) = nothing
solution_summary(scuc) = solution_summary(; result = 1, verbose = false)
├ solver_name          : Gurobi
├ Termination
│ ├ termination_status : OPTIMAL
│ ├ result_count       : 1
│ ├ raw_status         : Model was solved to optimality (subject to tolerances), and an optimal solution is available.
│ └ objective_bound    : 2.03338e+16
├ Solution (result = 1)
│ ├ primal_status        : FEASIBLE_POINT
│ ├ dual_status          : NO_SOLUTION
│ ├ objective_value      : 2.03338e+16
│ └ relative_gap         : 0.00000e+00
└ Work counters
  ├ solve_time (sec)   : 2.35300e+00
  ├ simplex_iterations : 9050
  ├ barrier_iterations : 0
  └ node_count         : 1


Termination Status: OPTIMAL
Acceptable solution found (Status: OPTIMAL).
Step-6: record datas
PART1: [unit-commitment] calculation result has been saved to: D:/GithubClonefiles/module_unitcommitment/output/details_schedule_results/pcm_simulation_results/intervels_[1]/res_schedule_commitment_result.txt
PART1: [unit-commitment] calculation result has been saved to: D:/GithubClonefiles/module_unitcommitment/output/details_schedule_results/pcm_simulation_results/intervels_[1]/res_schedule_commitment_result.txt
Step-3: Creating dispatching model (Refactored & Modularized)
Set parameter Username
Set parameter LicenseID to value 2826524
Academic license - for non-commercial use only - expires 2027-05-22
	 Variables defined.
DEBUG set_objective_economic!: NT=26, NG=54, ND=91, NW=2, NS=1, K=3, size(refcost)=(54,), size(eachslope)=(3, 54)
objective_function
	MILP economic objective set
subject to.
	 constraints: 1) minimum shutup/shutdown time limits			 done
	 constraints: 2) binary variable logic					 done
	 constraints: 3) shutup/shutdown cost					 done
	 constraints: 4) loadcurtailments and spoliedwinds			 done
	 constraints: 5) generatos power limits					 done
	 constraints: 6) system reserves limits					 done
	 constraints: 7) power balance constraints				 done
	 constraints: 8) ramp-up/ramp-down constraints				 done
	 constraints: 9) piece linearization constraints			 done
	 constraints: 10) transmissionline limits skipped (is_NetWorkCon != 1 or Gsdf missing or NL=0)
	 constraints: 11) stroges system constraints skipped (is_ConsiderBESS=0)
	 constraints: 12) data centra constraints skipped (is_ConsiderDataCentra != 1)
	 constraints: 13) frequency control constraints skipped (is_ConsiderFrequencyControl != 1)
	 constraints: 14) hydro power limits					 done
+++++++++++++++++++++++++++++++++++++++++++++++++++++++++++++++++++++++++++++++++++++++++++
Step-4: starting Gurobi solver
Step-5: Gurobi solver finished
+++++++++++++++++++++++++++++++++++++++++++++++++++++++++++++++++++++++++++++++++++++++++++

assert_is_solved_and_feasible(scuc) = nothing
solution_summary(scuc) = solution_summary(; result = 1, verbose = false)
├ solver_name          : Gurobi
├ Termination
│ ├ termination_status : OPTIMAL
│ ├ result_count       : 3
│ ├ raw_status         : Model was solved to optimality (subject to tolerances), and an optimal solution is available.
│ └ objective_bound    : 2.03338e+16
├ Solution (result = 1)
│ ├ primal_status        : FEASIBLE_POINT
│ ├ dual_status          : NO_SOLUTION
│ ├ objective_value      : 2.03338e+16
│ └ relative_gap         : 0.00000e+00
└ Work counters
  ├ solve_time (sec)   : 2.56900e+00
  ├ simplex_iterations : 11887
  ├ barrier_iterations : 0
  └ node_count         : 1


Termination Status: OPTIMAL
Acceptable solution found (Status: OPTIMAL).
Step-6: record datas
PART1: [unit-commitment] calculation result has been saved to: D:/GithubClonefiles/module_unitcommitment/output/details_schedule_results/pcm_simulation_results/intervels_[1]/res_schedule_commitment_result.txt
PART1: [unit-commitment] calculation result has been saved to: D:/GithubClonefiles/module_unitcommitment/output/details_schedule_results/pcm_simulation_results/intervels_[1]/res_schedule_commitment_result.txt
Step-3: Creating dispatching model (Refactored & Modularized)
Set parameter Username
Set parameter LicenseID to value 2826524
Academic license - for non-commercial use only - expires 2027-05-22
	 Variables defined.
DEBUG set_objective_economic!: NT=31, NG=54, ND=91, NW=2, NS=1, K=3, size(refcost)=(54,), size(eachslope)=(3, 54)
objective_function
	MILP economic objective set
subject to.
	 constraints: 1) minimum shutup/shutdown time limits			 done
	 constraints: 2) binary variable logic					 done
	 constraints: 3) shutup/shutdown cost					 done
	 constraints: 4) loadcurtailments and spoliedwinds			 done
	 constraints: 5) generatos power limits					 done
	 constraints: 6) system reserves limits					 done
	 constraints: 7) power balance constraints				 done
	 constraints: 8) ramp-up/ramp-down constraints				 done
	 constraints: 9) piece linearization constraints			 done
	 constraints: 10) transmissionline limits skipped (is_NetWorkCon != 1 or Gsdf missing or NL=0)
	 constraints: 11) stroges system constraints skipped (is_ConsiderBESS=0)
	 constraints: 12) data centra constraints skipped (is_ConsiderDataCentra != 1)
	 constraints: 13) frequency control constraints skipped (is_ConsiderFrequencyControl != 1)
	 constraints: 14) hydro power limits					 done
+++++++++++++++++++++++++++++++++++++++++++++++++++++++++++++++++++++++++++++++++++++++++++
Step-4: starting Gurobi solver
Step-5: Gurobi solver finished
+++++++++++++++++++++++++++++++++++++++++++++++++++++++++++++++++++++++++++++++++++++++++++

assert_is_solved_and_feasible(scuc) = nothing
solution_summary(scuc) = solution_summary(; result = 1, verbose = false)
├ solver_name          : Gurobi
├ Termination
│ ├ termination_status : OPTIMAL
│ ├ result_count       : 2
│ ├ raw_status         : Model was solved to optimality (subject to tolerances), and an optimal solution is available.
│ └ objective_bound    : 2.03338e+16
├ Solution (result = 1)
│ ├ primal_status        : FEASIBLE_POINT
│ ├ dual_status          : NO_SOLUTION
│ ├ objective_value      : 2.03895e+16
│ └ relative_gap         : 2.72953e-03
└ Work counters
  ├ solve_time (sec)   : 2.53300e+00
  ├ simplex_iterations : 11549
  ├ barrier_iterations : 0
  └ node_count         : 1


Termination Status: OPTIMAL
Acceptable solution found (Status: OPTIMAL).
Step-6: record datas
PART1: [unit-commitment] calculation result has been saved to: D:/GithubClonefiles/module_unitcommitment/output/details_schedule_results/pcm_simulation_results/intervels_[1]/res_schedule_commitment_result.txt
PART1: [unit-commitment] calculation result has been saved to: D:/GithubClonefiles/module_unitcommitment/output/details_schedule_results/pcm_simulation_results/intervels_[1]/res_schedule_commitment_result.txt
Step-3: Creating dispatching model (Refactored & Modularized)
Set parameter Username
Set parameter LicenseID to value 2826524
Academic license - for non-commercial use only - expires 2027-05-22
	 Variables defined.
DEBUG set_objective_economic!: NT=36, NG=54, ND=91, NW=2, NS=1, K=3, size(refcost)=(54,), size(eachslope)=(3, 54)
objective_function
	MILP economic objective set
subject to.
	 constraints: 1) minimum shutup/shutdown time limits			 done
	 constraints: 2) binary variable logic					 done
	 constraints: 3) shutup/shutdown cost					 done
	 constraints: 4) loadcurtailments and spoliedwinds			 done
	 constraints: 5) generatos power limits					 done
	 constraints: 6) system reserves limits					 done
	 constraints: 7) power balance constraints				 done
	 constraints: 8) ramp-up/ramp-down constraints				 done
	 constraints: 9) piece linearization constraints			 done
	 constraints: 10) transmissionline limits skipped (is_NetWorkCon != 1 or Gsdf missing or NL=0)
	 constraints: 11) stroges system constraints skipped (is_ConsiderBESS=0)
	 constraints: 12) data centra constraints skipped (is_ConsiderDataCentra != 1)
	 constraints: 13) frequency control constraints skipped (is_ConsiderFrequencyControl != 1)
	 constraints: 14) hydro power limits					 done
+++++++++++++++++++++++++++++++++++++++++++++++++++++++++++++++++++++++++++++++++++++++++++
Step-4: starting Gurobi solver
Step-5: Gurobi solver finished
+++++++++++++++++++++++++++++++++++++++++++++++++++++++++++++++++++++++++++++++++++++++++++

assert_is_solved_and_feasible(scuc) = nothing
solution_summary(scuc) = solution_summary(; result = 1, verbose = false)
├ solver_name          : Gurobi
├ Termination
│ ├ termination_status : OPTIMAL
│ ├ result_count       : 1
│ ├ raw_status         : Model was solved to optimality (subject to tolerances), and an optimal solution is available.
│ └ objective_bound    : 2.03338e+16
├ Solution (result = 1)
│ ├ primal_status        : FEASIBLE_POINT
│ ├ dual_status          : NO_SOLUTION
│ ├ objective_value      : 2.03338e+16
│ └ relative_gap         : 0.00000e+00
└ Work counters
  ├ solve_time (sec)   : 2.44800e+00
  ├ simplex_iterations : 9050
  ├ barrier_iterations : 0
  └ node_count         : 1


Termination Status: OPTIMAL
Acceptable solution found (Status: OPTIMAL).
Step-6: record datas
PART1: [unit-commitment] calculation result has been saved to: D:/GithubClonefiles/module_unitcommitment/output/details_schedule_results/pcm_simulation_results/intervels_[1]/res_schedule_commitment_result.txt
PART1: [unit-commitment] calculation result has been saved to: D:/GithubClonefiles/module_unitcommitment/output/details_schedule_results/pcm_simulation_results/intervels_[1]/res_schedule_commitment_result.txt
Sampling completed. Total valid scenarios solved: 12. Samples collected: 36
  ✓ Regression model calibrated: ln(Loss) = 2.9 + 0.29*L_norm + -2.12*U_norm + -3.07*X_delta_norm + 1.69*X_switch_ratio + -1.14*H
  ✓ Neural Network model calibrated successfully.
Solving local no-boundary reference commitments once...
Step-3: Creating dispatching model (Refactored & Modularized)
Set parameter Username
Set parameter LicenseID to value 2826524
Academic license - for non-commercial use only - expires 2027-05-22
Set parameter MIPGap to value 0.015
	 Variables defined.
DEBUG set_objective_economic!: NT=36, NG=54, ND=91, NW=2, NS=1, K=3, size(refcost)=(54,), size(eachslope)=(3, 54)
objective_function
	MILP economic objective set
subject to.
	 constraints: 1) minimum shutup/shutdown time limits			 done
	 constraints: 2) binary variable logic					 done
	 constraints: 3) shutup/shutdown cost					 done
	 constraints: 4) loadcurtailments and spoliedwinds			 done
	 constraints: 5) generatos power limits					 done
	 constraints: 6) system reserves limits					 done
	 constraints: 7) power balance constraints				 done
	 constraints: 8) ramp-up/ramp-down constraints				 done
	 constraints: 9) piece linearization constraints			 done
	 constraints: 10) transmissionline limits skipped (is_NetWorkCon != 1 or Gsdf missing or NL=0)
	 constraints: 11) stroges system constraints skipped (is_ConsiderBESS=0)
	 constraints: 12) data centra constraints skipped (is_ConsiderDataCentra != 1)
	 constraints: 13) frequency control constraints skipped (is_ConsiderFrequencyControl != 1)
	 constraints: 14) hydro power limits					 done
+++++++++++++++++++++++++++++++++++++++++++++++++++++++++++++++++++++++++++++++++++++++++++
Step-4: starting Gurobi solver
Set parameter MIPGap to value 0.015
Gurobi Optimizer version 13.0.2 build v13.0.2rc1 (win64 - Windows 11+.0 (29639.2))

CPU model: 13th Gen Intel(R) Core(TM) i7-13700F, instruction set [SSE2|AVX|AVX2]
Thread count: 16 physical cores, 24 logical processors, using up to 24 threads

Non-default parameters:
MIPGap  0.015

Optimize a model with 39042 rows, 25272 columns and 211082 nonzeros (Min)
Model fingerprint: 0x90a413ec
Model has 18900 linear objective coefficients
Variable types: 19296 continuous, 5976 integer (5976 binary)
Coefficient statistics:
  Matrix range     [3e-02, 4e+02]
  Objective range  [1e+00, 1e+15]
  Bounds range     [0e+00, 0e+00]
  RHS range        [8e-03, 3e+02]
Warning: Model contains large objective coefficients
         Consider reformulating model or setting NumericFocus parameter
         to avoid numerical issues.

Presolve removed 15435 rows and 8023 columns
Presolve time: 0.88s
Presolved: 23607 rows, 17249 columns, 106957 nonzeros
Variable types: 11771 continuous, 5478 integer (5478 binary)
Deterministic concurrent LP optimizer: primal and dual simplex
Showing primal log only...

Concurrent spin time: 0.00s

Solved with dual simplex

Use crossover to convert LP symmetric solution to basic solution...
Crossover time: 0.04 seconds (0.02 work units)

Root relaxation: objective 2.757809e+06, 9995 iterations, 0.88 seconds (0.81 work units)

    Nodes    |    Current Node    |     Objective Bounds      |     Work
 Expl Unexpl |  Obj  Depth IntInf | Incumbent    BestBd   Gap | It/Node Time

     0     0 2757809.16    0  301          - 2757809.16      -     -    2s
H    0     0                    2.544229e+14 2757809.16   100%     -    2s
     0     0 2759322.64    0  300 2.5442e+14 2759322.64   100%     -    3s
     0     0 2759379.44    0  303 2.5442e+14 2759379.44   100%     -    3s
     0     0 2760075.57    0  289 2.5442e+14 2760075.57   100%     -    4s
     0     0 2760205.39    0  320 2.5442e+14 2760205.39   100%     -    4s
     0     0 2760217.74    0  341 2.5442e+14 2760217.74   100%     -    4s
     0     0 2760218.32    0  324 2.5442e+14 2760218.32   100%     -    4s
     0     0 2760218.32    0  324 2.5442e+14 2760218.32   100%     -    4s
     0     0 2760498.31    0  332 2.5442e+14 2760498.31   100%     -    5s
     0     0 2760608.29    0  322 2.5442e+14 2760608.29   100%     -    5s
     0     0 2760635.70    0  310 2.5442e+14 2760635.70   100%     -    5s
     0     0 2760636.60    0  340 2.5442e+14 2760636.60   100%     -    5s
H    0     0                    4.562852e+13 2760636.66   100%     -    5s
H    0     0                    4.437351e+13 2760636.66   100%     -    5s
     0     0 2760636.66    0  326 4.4374e+13 2760636.66   100%     -    5s
H    0     0                    2885240.0303 2760636.66  4.32%     -    6s
H    0     0                    2883874.8274 2760636.66  4.27%     -    6s
H    0     0                    2876844.9235 2760636.66  4.04%     -    6s
H    0     0                    2822490.4116 2760636.66  2.19%     -    6s
H    0     0                    2822489.5073 2760636.66  2.19%     -    6s
H    0     0                    2822337.6651 2760636.66  2.19%     -    6s
H    0     0                    2822317.7752 2760636.66  2.19%     -    6s
     0     0 2760715.67    0  342 2822317.78 2760715.67  2.18%     -    6s
H    0     0                    2814790.5952 2760723.03  1.92%     -    6s
H    0     0                    2814087.9625 2760723.03  1.90%     -    6s
     0     0 2760764.70    0  443 2814087.96 2760764.70  1.89%     -    6s
     0     0 2760778.76    0  421 2814087.96 2760778.76  1.89%     -    6s
     0     0 2760784.61    0  442 2814087.96 2760784.61  1.89%     -    6s
     0     0 2760785.63    0  429 2814087.96 2760785.63  1.89%     -    6s
     0     0 2760785.96    0  433 2814087.96 2760785.96  1.89%     -    7s
     0     0 2760901.96    0  378 2814087.96 2760901.96  1.89%     -    7s
     0     0 2760923.95    0  380 2814087.96 2760923.95  1.89%     -    7s
     0     0 2760931.21    0  369 2814087.96 2760931.21  1.89%     -    7s
     0     0 2760931.63    0  409 2814087.96 2760931.63  1.89%     -    7s
     0     0 2760991.21    0  447 2814087.96 2760991.21  1.89%     -    8s
H    0     0                    2814070.7184 2760991.34  1.89%     -    8s
H    0     0                    2813253.1347 2760991.34  1.86%     -    8s
H    0     0                    2813233.7294 2760991.34  1.86%     -    8s
H    0     0                    2813216.1046 2760991.34  1.86%     -    8s
     0     0 2760996.03    0  415 2813216.10 2760996.03  1.86%     -    8s
     0     0 2760996.50    0  422 2813216.10 2760996.50  1.86%     -    8s
     0     0 2761051.45    0  437 2813216.10 2761051.45  1.85%     -    8s
     0     0 2761053.79    0  432 2813216.10 2761053.79  1.85%     -    8s
     0     0 2761055.58    0  439 2813216.10 2761055.58  1.85%     -    8s
     0     0 2761055.77    0  457 2813216.10 2761055.77  1.85%     -    9s
     0     0 2761080.69    0  430 2813216.10 2761080.69  1.85%     -    9s
H    0     0                    2811596.6086 2761082.45  1.80%     -    9s
H    0     0                    2811595.3361 2761082.45  1.80%     -    9s
H    0     0                    2811529.4281 2761082.45  1.79%     -    9s
H    0     0                    2811194.6303 2761082.45  1.78%     -    9s
H    0     0                    2811088.0291 2761082.45  1.78%     -    9s
H    0     0                    2811048.8433 2761082.45  1.78%     -    9s
H    0     0                    2810992.3300 2761082.45  1.78%     -    9s
     0     0 2761088.02    0  468 2810992.33 2761088.02  1.78%     -    9s
     0     0 2761088.06    0  482 2810992.33 2761088.06  1.78%     -    9s
H    0     0                    2773967.1196 2761088.06  0.46%     -    9s

Cutting planes:
  Gomory: 15
  Cover: 5
  Implied bound: 78
  MIR: 128
  Flow cover: 71
  RLT: 3
  Relax-and-lift: 10

Explored 1 nodes (14788 simplex iterations) in 9.84 seconds (7.15 work units)
Thread count was 24 (of 24 available processors)

Solution count 10: 2.77397e+06 2.77397e+06 2.81099e+06 ... 2.81323e+06

Optimal solution found (tolerance 1.50e-02)
Best objective 2.773967119569e+06, best bound 2.761088059413e+06, gap 0.4643%

User-callback calls 1572, time in user-callback 0.00 sec
Step-5: Gurobi solver finished
+++++++++++++++++++++++++++++++++++++++++++++++++++++++++++++++++++++++++++++++++++++++++++

assert_is_solved_and_feasible(scuc) = nothing
solution_summary(scuc) = solution_summary(; result = 1, verbose = false)
├ solver_name          : Gurobi
├ Termination
│ ├ termination_status : OPTIMAL
│ ├ result_count       : 10
│ ├ raw_status         : Model was solved to optimality (subject to tolerances), and an optimal solution is available.
│ └ objective_bound    : 2.76109e+06
├ Solution (result = 1)
│ ├ primal_status        : FEASIBLE_POINT
│ ├ dual_status          : NO_SOLUTION
│ ├ objective_value      : 2.77397e+06
│ └ relative_gap         : 4.64283e-03
└ Work counters
  ├ solve_time (sec)   : 9.84500e+00
  ├ simplex_iterations : 14788
  ├ barrier_iterations : 0
  └ node_count         : 1


Termination Status: OPTIMAL
Acceptable solution found (Status: OPTIMAL).
Step-6: record datas
PART1: [unit-commitment] calculation result has been saved to: D:/GithubClonefiles/module_unitcommitment/output/details_schedule_results/pcm_simulation_results/intervels_[1]/res_schedule_commitment_result.txt
Step-3: Creating dispatching model (Refactored & Modularized)
Set parameter Username
Set parameter LicenseID to value 2826524
Academic license - for non-commercial use only - expires 2027-05-22
Set parameter MIPGap to value 0.015
	 Variables defined.
DEBUG set_objective_economic!: NT=36, NG=54, ND=91, NW=2, NS=1, K=3, size(refcost)=(54,), size(eachslope)=(3, 54)
objective_function
	MILP economic objective set
subject to.
	 constraints: 1) minimum shutup/shutdown time limits			 done
	 constraints: 2) binary variable logic					 done
	 constraints: 3) shutup/shutdown cost					 done
	 constraints: 4) loadcurtailments and spoliedwinds			 done
	 constraints: 5) generatos power limits					 done
	 constraints: 6) system reserves limits					 done
	 constraints: 7) power balance constraints				 done
	 constraints: 8) ramp-up/ramp-down constraints				 done
	 constraints: 9) piece linearization constraints			 done
	 constraints: 10) transmissionline limits skipped (is_NetWorkCon != 1 or Gsdf missing or NL=0)
	 constraints: 11) stroges system constraints skipped (is_ConsiderBESS=0)
	 constraints: 12) data centra constraints skipped (is_ConsiderDataCentra != 1)
	 constraints: 13) frequency control constraints skipped (is_ConsiderFrequencyControl != 1)
	 constraints: 14) hydro power limits					 done
+++++++++++++++++++++++++++++++++++++++++++++++++++++++++++++++++++++++++++++++++++++++++++
Step-4: starting Gurobi solver
Set parameter MIPGap to value 0.015
Gurobi Optimizer version 13.0.2 build v13.0.2rc1 (win64 - Windows 11+.0 (29639.2))

CPU model: 13th Gen Intel(R) Core(TM) i7-13700F, instruction set [SSE2|AVX|AVX2]
Thread count: 16 physical cores, 24 logical processors, using up to 24 threads

Non-default parameters:
MIPGap  0.015

Optimize a model with 39042 rows, 25272 columns and 211082 nonzeros (Min)
Model fingerprint: 0x5e3159da
Model has 18900 linear objective coefficients
Variable types: 19296 continuous, 5976 integer (5976 binary)
Coefficient statistics:
  Matrix range     [3e-02, 4e+02]
  Objective range  [1e+00, 1e+15]
  Bounds range     [0e+00, 0e+00]
  RHS range        [7e-03, 3e+02]
Warning: Model contains large objective coefficients
         Consider reformulating model or setting NumericFocus parameter
         to avoid numerical issues.

Presolve removed 15435 rows and 8023 columns
Presolve time: 0.79s
Presolved: 23607 rows, 17249 columns, 106957 nonzeros
Variable types: 11771 continuous, 5478 integer (5478 binary)
Deterministic concurrent LP optimizer: primal and dual simplex
Showing primal log only...

Concurrent spin time: 0.00s

Solved with dual simplex

Use crossover to convert LP symmetric solution to basic solution...
Crossover time: 0.04 seconds (0.02 work units)

Root relaxation: objective 2.833659e+06, 8851 iterations, 0.66 seconds (0.57 work units)

    Nodes    |    Current Node    |     Objective Bounds      |     Work
 Expl Unexpl |  Obj  Depth IntInf | Incumbent    BestBd   Gap | It/Node Time

     0     0 2833659.15    0  311          - 2833659.15      -     -    1s
H    0     0                    8.042663e+15 2833659.15   100%     -    2s
H    0     0                    4.003529e+15 2833659.15   100%     -    2s
H    0     0                    1.953913e+15 2833659.15   100%     -    2s
     0     0 2834923.05    0  352 1.9539e+15 2834923.05   100%     -    3s
     0     0 2834966.98    0  372 1.9539e+15 2834966.98   100%     -    3s
     0     0 2834968.39    0  372 1.9539e+15 2834968.39   100%     -    3s
     0     0 2835881.35    0  331 1.9539e+15 2835881.35   100%     -    3s
     0     0 2835888.22    0  331 1.9539e+15 2835888.22   100%     -    3s
     0     0 2835888.23    0  358 1.9539e+15 2835888.23   100%     -    3s
H    0     0                    1.218116e+15 2835888.23   100%     -    4s
H    0     0                    1.213374e+15 2835888.23   100%     -    4s
H    0     0                    6.198220e+13 2835888.23   100%     -    4s
H    0     0                    3148750.8892 2835888.23  9.94%     -    4s
H    0     0                    3146901.7250 2835888.23  9.88%     -    4s
     0     0 2836136.20    0  312 3146901.72 2836136.20  9.88%     -    4s
H    0     0                    3146901.2983 2836195.21  9.87%     -    4s
H    0     0                    3028304.2372 2836195.21  6.34%     -    4s
H    0     0                    3027580.0652 2836195.21  6.32%     -    4s
H    0     0                    3025162.4046 2836195.21  6.25%     -    4s
     0     0 2836195.21    0  309 3025162.40 2836195.21  6.25%     -    4s
     0     0 2836215.70    0  323 3025162.40 2836215.70  6.25%     -    4s
     0     0 2836220.01    0  324 3025162.40 2836220.01  6.25%     -    5s
     0     0 2836224.04    0  311 3025162.40 2836224.04  6.25%     -    5s
     0     0 2836224.16    0  313 3025162.40 2836224.16  6.25%     -    5s
H    0     0                    2919840.9666 2836224.16  2.86%     -    5s
H    0     0                    2919526.9524 2836224.16  2.85%     -    5s
H    0     0                    2916942.2338 2836311.30  2.76%     -    5s
H    0     0                    2879852.1437 2836311.30  1.51%     -    5s
H    0     0                    2879128.8704 2836311.30  1.49%     -    5s
     0     0 2836311.30    0  337 2879128.87 2836311.30  1.49%     -    5s

Cutting planes:
  Gomory: 27
  Cover: 4
  Implied bound: 65
  MIR: 134
  Flow cover: 66
  RLT: 6
  Relax-and-lift: 25
  PSD: 2

Explored 1 nodes (11748 simplex iterations) in 5.94 seconds (4.35 work units)
Thread count was 24 (of 24 available processors)

Solution count 10: 2.87913e+06 2.87913e+06 2.87985e+06 ... 3.1469e+06

Optimal solution found (tolerance 1.50e-02)
Best objective 2.879128870401e+06, best bound 2.836311297868e+06, gap 1.4872%

User-callback calls 953, time in user-callback 0.00 sec
Step-5: Gurobi solver finished
+++++++++++++++++++++++++++++++++++++++++++++++++++++++++++++++++++++++++++++++++++++++++++

assert_is_solved_and_feasible(scuc) = nothing
solution_summary(scuc) = solution_summary(; result = 1, verbose = false)
├ solver_name          : Gurobi
├ Termination
│ ├ termination_status : OPTIMAL
│ ├ result_count       : 10
│ ├ raw_status         : Model was solved to optimality (subject to tolerances), and an optimal solution is available.
│ └ objective_bound    : 2.83631e+06
├ Solution (result = 1)
│ ├ primal_status        : FEASIBLE_POINT
│ ├ dual_status          : NO_SOLUTION
│ ├ objective_value      : 2.87913e+06
│ └ relative_gap         : 1.48717e-02
└ Work counters
  ├ solve_time (sec)   : 5.93700e+00
  ├ simplex_iterations : 11748
  ├ barrier_iterations : 0
  └ node_count         : 1


Termination Status: OPTIMAL
Acceptable solution found (Status: OPTIMAL).
Step-6: record datas
PART1: [unit-commitment] calculation result has been saved to: D:/GithubClonefiles/module_unitcommitment/output/details_schedule_results/pcm_simulation_results/intervels_[2]/res_schedule_commitment_result.txt
Step-3: Creating dispatching model (Refactored & Modularized)
Set parameter Username
Set parameter LicenseID to value 2826524
Academic license - for non-commercial use only - expires 2027-05-22
Set parameter MIPGap to value 0.015
	 Variables defined.
DEBUG set_objective_economic!: NT=36, NG=54, ND=91, NW=2, NS=1, K=3, size(refcost)=(54,), size(eachslope)=(3, 54)
objective_function
	MILP economic objective set
subject to.
	 constraints: 1) minimum shutup/shutdown time limits			 done
	 constraints: 2) binary variable logic					 done
	 constraints: 3) shutup/shutdown cost					 done
	 constraints: 4) loadcurtailments and spoliedwinds			 done
	 constraints: 5) generatos power limits					 done
	 constraints: 6) system reserves limits					 done
	 constraints: 7) power balance constraints				 done
	 constraints: 8) ramp-up/ramp-down constraints				 done
	 constraints: 9) piece linearization constraints			 done
	 constraints: 10) transmissionline limits skipped (is_NetWorkCon != 1 or Gsdf missing or NL=0)
	 constraints: 11) stroges system constraints skipped (is_ConsiderBESS=0)
	 constraints: 12) data centra constraints skipped (is_ConsiderDataCentra != 1)
	 constraints: 13) frequency control constraints skipped (is_ConsiderFrequencyControl != 1)
	 constraints: 14) hydro power limits					 done
+++++++++++++++++++++++++++++++++++++++++++++++++++++++++++++++++++++++++++++++++++++++++++
Step-4: starting Gurobi solver
Set parameter MIPGap to value 0.015
Gurobi Optimizer version 13.0.2 build v13.0.2rc1 (win64 - Windows 11+.0 (29639.2))

CPU model: 13th Gen Intel(R) Core(TM) i7-13700F, instruction set [SSE2|AVX|AVX2]
Thread count: 16 physical cores, 24 logical processors, using up to 24 threads

Non-default parameters:
MIPGap  0.015

Optimize a model with 39042 rows, 25272 columns and 211082 nonzeros (Min)
Model fingerprint: 0xc348a074
Model has 18900 linear objective coefficients
Variable types: 19296 continuous, 5976 integer (5976 binary)
Coefficient statistics:
  Matrix range     [3e-02, 4e+02]
  Objective range  [1e+00, 1e+15]
  Bounds range     [0e+00, 0e+00]
  RHS range        [7e-03, 3e+02]
Warning: Model contains large objective coefficients
         Consider reformulating model or setting NumericFocus parameter
         to avoid numerical issues.

Presolve removed 15435 rows and 8023 columns
Presolve time: 0.94s
Presolved: 23607 rows, 17249 columns, 106962 nonzeros
Variable types: 11771 continuous, 5478 integer (5478 binary)
Deterministic concurrent LP optimizer: primal and dual simplex
Showing primal log only...

Concurrent spin time: 0.00s

Solved with dual simplex

Use crossover to convert LP symmetric solution to basic solution...
Crossover time: 0.04 seconds (0.02 work units)

Root relaxation: objective 2.472914e+06, 9177 iterations, 0.85 seconds (0.74 work units)

    Nodes    |    Current Node    |     Objective Bounds      |     Work
 Expl Unexpl |  Obj  Depth IntInf | Incumbent    BestBd   Gap | It/Node Time

     0     0 2472913.88    0  262          - 2472913.88      -     -    2s
H    0     0                    2702479.7976 2472913.88  8.49%     -    2s
     0     0 2473476.42    0  303 2702479.80 2473476.42  8.47%     -    3s
     0     0 2473499.76    0  306 2702479.80 2473499.76  8.47%     -    3s
     0     0 2473499.84    0  306 2702479.80 2473499.84  8.47%     -    3s
H    0     0                    2512161.9522 2473788.57  1.53%     -    4s
     0     0 2473788.57    0  327 2512161.95 2473788.57  1.53%     -    4s
     0     0 2473813.44    0  324 2512161.95 2473813.44  1.53%     -    4s
     0     0 2473813.78    0  334 2512161.95 2473813.78  1.53%     -    4s
     0     0 2473813.92    0  339 2512161.95 2473813.92  1.53%     -    4s
     0     0 2473987.17    0  345 2512161.95 2473987.17  1.52%     -    5s
H    0     0                    2510428.4072 2474046.34  1.45%     -    6s
H    0     0                    2495893.2723 2474046.34  0.88%     -    6s
H    0     0                    2495084.4306 2474046.34  0.84%     -    6s
H    0     0                    2493045.8306 2474046.34  0.76%     -    6s
     0     0 2474046.34    0  358 2493045.83 2474046.34  0.76%     -    6s

Cutting planes:
  Gomory: 8
  Lift-and-project: 3
  Cover: 1
  Implied bound: 80
  MIR: 92
  Flow cover: 33
  RLT: 4
  Relax-and-lift: 5
  PSD: 2

Explored 1 nodes (10990 simplex iterations) in 6.10 seconds (4.42 work units)
Thread count was 24 (of 24 available processors)

Solution count 6: 2.49305e+06 2.49508e+06 2.49589e+06 ... 2.70248e+06

Optimal solution found (tolerance 1.50e-02)
Best objective 2.493045830604e+06, best bound 2.474046339845e+06, gap 0.7621%

User-callback calls 1059, time in user-callback 0.01 sec
Step-5: Gurobi solver finished
+++++++++++++++++++++++++++++++++++++++++++++++++++++++++++++++++++++++++++++++++++++++++++

assert_is_solved_and_feasible(scuc) = nothing
solution_summary(scuc) = solution_summary(; result = 1, verbose = false)
├ solver_name          : Gurobi
├ Termination
│ ├ termination_status : OPTIMAL
│ ├ result_count       : 6
│ ├ raw_status         : Model was solved to optimality (subject to tolerances), and an optimal solution is available.
│ └ objective_bound    : 2.47405e+06
├ Solution (result = 1)
│ ├ primal_status        : FEASIBLE_POINT
│ ├ dual_status          : NO_SOLUTION
│ ├ objective_value      : 2.49305e+06
│ └ relative_gap         : 7.62100e-03
└ Work counters
  ├ solve_time (sec)   : 6.10100e+00
  ├ simplex_iterations : 10990
  ├ barrier_iterations : 0
  └ node_count         : 1


Termination Status: OPTIMAL
Acceptable solution found (Status: OPTIMAL).
Step-6: record datas
PART1: [unit-commitment] calculation result has been saved to: D:/GithubClonefiles/module_unitcommitment/output/details_schedule_results/pcm_simulation_results/intervels_[3]/res_schedule_commitment_result.txt
Step-3: Creating dispatching model (Refactored & Modularized)
Set parameter Username
Set parameter LicenseID to value 2826524
Academic license - for non-commercial use only - expires 2027-05-22
Set parameter MIPGap to value 0.015
	 Variables defined.
DEBUG set_objective_economic!: NT=36, NG=54, ND=91, NW=2, NS=1, K=3, size(refcost)=(54,), size(eachslope)=(3, 54)
objective_function
	MILP economic objective set
subject to.
	 constraints: 1) minimum shutup/shutdown time limits			 done
	 constraints: 2) binary variable logic					 done
	 constraints: 3) shutup/shutdown cost					 done
	 constraints: 4) loadcurtailments and spoliedwinds			 done
	 constraints: 5) generatos power limits					 done
	 constraints: 6) system reserves limits					 done
	 constraints: 7) power balance constraints				 done
	 constraints: 8) ramp-up/ramp-down constraints				 done
	 constraints: 9) piece linearization constraints			 done
	 constraints: 10) transmissionline limits skipped (is_NetWorkCon != 1 or Gsdf missing or NL=0)
	 constraints: 11) stroges system constraints skipped (is_ConsiderBESS=0)
	 constraints: 12) data centra constraints skipped (is_ConsiderDataCentra != 1)
	 constraints: 13) frequency control constraints skipped (is_ConsiderFrequencyControl != 1)
	 constraints: 14) hydro power limits					 done
+++++++++++++++++++++++++++++++++++++++++++++++++++++++++++++++++++++++++++++++++++++++++++
Step-4: starting Gurobi solver
Set parameter MIPGap to value 0.015
Gurobi Optimizer version 13.0.2 build v13.0.2rc1 (win64 - Windows 11+.0 (29639.2))

CPU model: 13th Gen Intel(R) Core(TM) i7-13700F, instruction set [SSE2|AVX|AVX2]
Thread count: 16 physical cores, 24 logical processors, using up to 24 threads

Non-default parameters:
MIPGap  0.015

Optimize a model with 39042 rows, 25272 columns and 211082 nonzeros (Min)
Model fingerprint: 0x5faa7352
Model has 18900 linear objective coefficients
Variable types: 19296 continuous, 5976 integer (5976 binary)
Coefficient statistics:
  Matrix range     [3e-02, 4e+02]
  Objective range  [1e+00, 1e+15]
  Bounds range     [0e+00, 0e+00]
  RHS range        [8e-03, 3e+02]
Warning: Model contains large objective coefficients
         Consider reformulating model or setting NumericFocus parameter
         to avoid numerical issues.

Presolve removed 15435 rows and 8023 columns
Presolve time: 0.84s
Presolved: 23607 rows, 17249 columns, 106957 nonzeros
Variable types: 11771 continuous, 5478 integer (5478 binary)
Deterministic concurrent LP optimizer: primal and dual simplex
Showing primal log only...

Concurrent spin time: 0.00s

Solved with dual simplex

Use crossover to convert LP symmetric solution to basic solution...
Crossover time: 0.04 seconds (0.02 work units)

Root relaxation: objective 2.744317e+06, 9014 iterations, 0.66 seconds (0.58 work units)

    Nodes    |    Current Node    |     Objective Bounds      |     Work
 Expl Unexpl |  Obj  Depth IntInf | Incumbent    BestBd   Gap | It/Node Time

     0     0 2744317.30    0  316          - 2744317.30      -     -    2s
H    0     0                    2986142.0595 2744317.30  8.10%     -    2s
     0     0 2745384.40    0  302 2986142.06 2745384.40  8.06%     -    2s
     0     0 2745516.47    0  296 2986142.06 2745516.47  8.06%     -    3s
     0     0 2745516.47    0  293 2986142.06 2745516.47  8.06%     -    3s
     0     0 2745516.47    0  297 2986142.06 2745516.47  8.06%     -    3s
H    0     0                    2960278.3727 2745516.47  7.25%     -    3s
     0     0 2746448.35    0  294 2960278.37 2746448.35  7.22%     -    4s
     0     0 2746481.47    0  309 2960278.37 2746481.47  7.22%     -    4s
     0     0 2746482.88    0  312 2960278.37 2746482.88  7.22%     -    4s
     0     0 2746482.89    0  312 2960278.37 2746482.89  7.22%     -    4s
H    0     0                    2897814.1499 2746482.89  5.22%     -    5s
H    0     0                    2897031.5992 2746482.89  5.20%     -    5s
H    0     0                    2892875.5404 2746895.27  5.05%     -    5s
H    0     0                    2892862.0531 2746895.27  5.05%     -    5s
     0     0 2746895.27    0  322 2892862.05 2746895.27  5.05%     -    5s
     0     0 2746926.69    0  310 2892862.05 2746926.69  5.04%     -    5s
     0     0 2746927.20    0  326 2892862.05 2746927.20  5.04%     -    5s
     0     0 2746928.38    0  327 2892862.05 2746928.38  5.04%     -    5s
H    0     0                    2769916.2657 2746928.38  0.83%     -    6s

Cutting planes:
  Gomory: 30
  Lift-and-project: 11
  Cover: 1
  Implied bound: 92
  MIR: 140
  Flow cover: 104
  Zero half: 1
  Network: 1
  RLT: 3
  Relax-and-lift: 16

Explored 1 nodes (11486 simplex iterations) in 6.35 seconds (4.90 work units)
Thread count was 24 (of 24 available processors)

Solution count 7: 2.76992e+06 2.89286e+06 2.89288e+06 ... 2.98614e+06

Optimal solution found (tolerance 1.50e-02)
Best objective 2.769916265659e+06, best bound 2.746928380587e+06, gap 0.8299%

User-callback calls 1105, time in user-callback 0.00 sec
Step-5: Gurobi solver finished
+++++++++++++++++++++++++++++++++++++++++++++++++++++++++++++++++++++++++++++++++++++++++++

assert_is_solved_and_feasible(scuc) = nothing
solution_summary(scuc) = solution_summary(; result = 1, verbose = false)
├ solver_name          : Gurobi
├ Termination
│ ├ termination_status : OPTIMAL
│ ├ result_count       : 7
│ ├ raw_status         : Model was solved to optimality (subject to tolerances), and an optimal solution is available.
│ └ objective_bound    : 2.74693e+06
├ Solution (result = 1)
│ ├ primal_status        : FEASIBLE_POINT
│ ├ dual_status          : NO_SOLUTION
│ ├ objective_value      : 2.76992e+06
│ └ relative_gap         : 8.29913e-03
└ Work counters
  ├ solve_time (sec)   : 6.34800e+00
  ├ simplex_iterations : 11486
  ├ barrier_iterations : 0
  └ node_count         : 1


Termination Status: OPTIMAL
Acceptable solution found (Status: OPTIMAL).
Step-6: record datas
PART1: [unit-commitment] calculation result has been saved to: D:/GithubClonefiles/module_unitcommitment/output/details_schedule_results/pcm_simulation_results/intervels_[4]/res_schedule_commitment_result.txt
Step-3: Creating dispatching model (Refactored & Modularized)
Set parameter Username
Set parameter LicenseID to value 2826524
Academic license - for non-commercial use only - expires 2027-05-22
Set parameter MIPGap to value 0.015
	 Variables defined.
DEBUG set_objective_economic!: NT=36, NG=54, ND=91, NW=2, NS=1, K=3, size(refcost)=(54,), size(eachslope)=(3, 54)
objective_function
	MILP economic objective set
subject to.
	 constraints: 1) minimum shutup/shutdown time limits			 done
	 constraints: 2) binary variable logic					 done
	 constraints: 3) shutup/shutdown cost					 done
	 constraints: 4) loadcurtailments and spoliedwinds			 done
	 constraints: 5) generatos power limits					 done
	 constraints: 6) system reserves limits					 done
	 constraints: 7) power balance constraints				 done
	 constraints: 8) ramp-up/ramp-down constraints				 done
	 constraints: 9) piece linearization constraints			 done
	 constraints: 10) transmissionline limits skipped (is_NetWorkCon != 1 or Gsdf missing or NL=0)
	 constraints: 11) stroges system constraints skipped (is_ConsiderBESS=0)
	 constraints: 12) data centra constraints skipped (is_ConsiderDataCentra != 1)
	 constraints: 13) frequency control constraints skipped (is_ConsiderFrequencyControl != 1)
	 constraints: 14) hydro power limits					 done
+++++++++++++++++++++++++++++++++++++++++++++++++++++++++++++++++++++++++++++++++++++++++++
Step-4: starting Gurobi solver
Set parameter MIPGap to value 0.015
Gurobi Optimizer version 13.0.2 build v13.0.2rc1 (win64 - Windows 11+.0 (29639.2))

CPU model: 13th Gen Intel(R) Core(TM) i7-13700F, instruction set [SSE2|AVX|AVX2]
Thread count: 16 physical cores, 24 logical processors, using up to 24 threads

Non-default parameters:
MIPGap  0.015

Optimize a model with 39042 rows, 25272 columns and 211082 nonzeros (Min)
Model fingerprint: 0x82f69344
Model has 18900 linear objective coefficients
Variable types: 19296 continuous, 5976 integer (5976 binary)
Coefficient statistics:
  Matrix range     [3e-02, 4e+02]
  Objective range  [1e+00, 1e+15]
  Bounds range     [0e+00, 0e+00]
  RHS range        [8e-03, 3e+02]
Warning: Model contains large objective coefficients
         Consider reformulating model or setting NumericFocus parameter
         to avoid numerical issues.

Presolve removed 15435 rows and 8023 columns
Presolve time: 0.84s
Presolved: 23607 rows, 17249 columns, 106957 nonzeros
Variable types: 11771 continuous, 5478 integer (5478 binary)
Found heuristic solution: objective 4059022.5176
Deterministic concurrent LP optimizer: primal and dual simplex
Showing primal log only...

Concurrent spin time: 0.02s

Solved with dual simplex

Use crossover to convert LP symmetric solution to basic solution...
Crossover time: 0.03 seconds (0.02 work units)

Root relaxation: objective 2.751681e+06, 9017 iterations, 0.69 seconds (0.63 work units)

    Nodes    |    Current Node    |     Objective Bounds      |     Work
 Expl Unexpl |  Obj  Depth IntInf | Incumbent    BestBd   Gap | It/Node Time

     0     0 2751681.33    0  320 4059022.52 2751681.33  32.2%     -    2s
     0     0 2753595.09    0  329 4059022.52 2753595.09  32.2%     -    2s
H    0     0                    3014083.3345 2753641.45  8.64%     -    3s
     0     0 3014083.33    0  336 3014083.33 3014083.33  0.00%     -    3s

Cutting planes:
  Gomory: 11
  Cover: 1
  Implied bound: 42
  MIR: 40
  Flow cover: 25
  RLT: 1
  Relax-and-lift: 4
  PSD: 1

Explored 1 nodes (10201 simplex iterations) in 3.41 seconds (2.92 work units)
Thread count was 24 (of 24 available processors)

Solution count 2: 3.01408e+06 4.05902e+06 

Optimal solution found (tolerance 1.50e-02)
Best objective 3.014083334543e+06, best bound 3.014083334543e+06, gap 0.0000%

User-callback calls 621, time in user-callback 0.00 sec
Step-5: Gurobi solver finished
+++++++++++++++++++++++++++++++++++++++++++++++++++++++++++++++++++++++++++++++++++++++++++

assert_is_solved_and_feasible(scuc) = nothing
solution_summary(scuc) = solution_summary(; result = 1, verbose = false)
├ solver_name          : Gurobi
├ Termination
│ ├ termination_status : OPTIMAL
│ ├ result_count       : 2
│ ├ raw_status         : Model was solved to optimality (subject to tolerances), and an optimal solution is available.
│ └ objective_bound    : 3.01408e+06
├ Solution (result = 1)
│ ├ primal_status        : FEASIBLE_POINT
│ ├ dual_status          : NO_SOLUTION
│ ├ objective_value      : 3.01408e+06
│ └ relative_gap         : 0.00000e+00
└ Work counters
  ├ solve_time (sec)   : 3.41000e+00
  ├ simplex_iterations : 10201
  ├ barrier_iterations : 0
  └ node_count         : 1


Termination Status: OPTIMAL
Acceptable solution found (Status: OPTIMAL).
Step-6: record datas
PART1: [unit-commitment] calculation result has been saved to: D:/GithubClonefiles/module_unitcommitment/output/details_schedule_results/pcm_simulation_results/intervels_[5]/res_schedule_commitment_result.txt
Step-3: Creating dispatching model (Refactored & Modularized)
Set parameter Username
Set parameter LicenseID to value 2826524
Academic license - for non-commercial use only - expires 2027-05-22
Set parameter MIPGap to value 0.015
	 Variables defined.
DEBUG set_objective_economic!: NT=36, NG=54, ND=91, NW=2, NS=1, K=3, size(refcost)=(54,), size(eachslope)=(3, 54)
objective_function
	MILP economic objective set
subject to.
	 constraints: 1) minimum shutup/shutdown time limits			 done
	 constraints: 2) binary variable logic					 done
	 constraints: 3) shutup/shutdown cost					 done
	 constraints: 4) loadcurtailments and spoliedwinds			 done
	 constraints: 5) generatos power limits					 done
	 constraints: 6) system reserves limits					 done
	 constraints: 7) power balance constraints				 done
	 constraints: 8) ramp-up/ramp-down constraints				 done
	 constraints: 9) piece linearization constraints			 done
	 constraints: 10) transmissionline limits skipped (is_NetWorkCon != 1 or Gsdf missing or NL=0)
	 constraints: 11) stroges system constraints skipped (is_ConsiderBESS=0)
	 constraints: 12) data centra constraints skipped (is_ConsiderDataCentra != 1)
	 constraints: 13) frequency control constraints skipped (is_ConsiderFrequencyControl != 1)
	 constraints: 14) hydro power limits					 done
+++++++++++++++++++++++++++++++++++++++++++++++++++++++++++++++++++++++++++++++++++++++++++
Step-4: starting Gurobi solver
Set parameter MIPGap to value 0.015
Gurobi Optimizer version 13.0.2 build v13.0.2rc1 (win64 - Windows 11+.0 (29639.2))

CPU model: 13th Gen Intel(R) Core(TM) i7-13700F, instruction set [SSE2|AVX|AVX2]
Thread count: 16 physical cores, 24 logical processors, using up to 24 threads

Non-default parameters:
MIPGap  0.015

Optimize a model with 39042 rows, 25272 columns and 211082 nonzeros (Min)
Model fingerprint: 0x21b9fe89
Model has 18900 linear objective coefficients
Variable types: 19296 continuous, 5976 integer (5976 binary)
Coefficient statistics:
  Matrix range     [3e-02, 4e+02]
  Objective range  [1e+00, 1e+15]
  Bounds range     [0e+00, 0e+00]
  RHS range        [7e-03, 3e+02]
Warning: Model contains large objective coefficients
         Consider reformulating model or setting NumericFocus parameter
         to avoid numerical issues.

Presolve removed 15437 rows and 8027 columns
Presolve time: 1.10s
Presolved: 23605 rows, 17245 columns, 106864 nonzeros
Variable types: 11767 continuous, 5478 integer (5478 binary)
Deterministic concurrent LP optimizer: primal and dual simplex
Showing primal log only...

Concurrent spin time: 0.00s

Solved with dual simplex

Use crossover to convert LP symmetric solution to basic solution...
Crossover time: 0.12 seconds (0.12 work units)

Root relaxation: objective 6.455806e+15, 9076 iterations, 0.54 seconds (0.46 work units)

    Nodes    |    Current Node    |     Objective Bounds      |     Work
 Expl Unexpl |  Obj  Depth IntInf | Incumbent    BestBd   Gap | It/Node Time

     0     0 6.4558e+15    0  168          - 6.4558e+15      -     -    2s
H    0     0                    6.455806e+15 6.4558e+15  0.00%     -    2s

Explored 1 nodes (9182 simplex iterations) in 2.32 seconds (1.89 work units)
Thread count was 24 (of 24 available processors)

Solution count 1: 6.45581e+15 

Optimal solution found (tolerance 1.50e-02)
Best objective 6.455805898348e+15, best bound 6.455805898348e+15, gap 0.0000%

User-callback calls 519, time in user-callback 0.00 sec
Step-5: Gurobi solver finished
+++++++++++++++++++++++++++++++++++++++++++++++++++++++++++++++++++++++++++++++++++++++++++

assert_is_solved_and_feasible(scuc) = nothing
solution_summary(scuc) = solution_summary(; result = 1, verbose = false)
├ solver_name          : Gurobi
├ Termination
│ ├ termination_status : OPTIMAL
│ ├ result_count       : 1
│ ├ raw_status         : Model was solved to optimality (subject to tolerances), and an optimal solution is available.
│ └ objective_bound    : 6.45581e+15
├ Solution (result = 1)
│ ├ primal_status        : FEASIBLE_POINT
│ ├ dual_status          : NO_SOLUTION
│ ├ objective_value      : 6.45581e+15
│ └ relative_gap         : 4.81737e-14
└ Work counters
  ├ solve_time (sec)   : 2.31600e+00
  ├ simplex_iterations : 9182
  ├ barrier_iterations : 0
  └ node_count         : 1


Termination Status: OPTIMAL
Acceptable solution found (Status: OPTIMAL).
Step-6: record datas
PART1: [unit-commitment] calculation result has been saved to: D:/GithubClonefiles/module_unitcommitment/output/details_schedule_results/pcm_simulation_results/intervels_[6]/res_schedule_commitment_result.txt
Step-3: Creating dispatching model (Refactored & Modularized)
Set parameter Username
Set parameter LicenseID to value 2826524
Academic license - for non-commercial use only - expires 2027-05-22
Set parameter MIPGap to value 0.015
	 Variables defined.
DEBUG set_objective_economic!: NT=24, NG=54, ND=91, NW=2, NS=1, K=3, size(refcost)=(54,), size(eachslope)=(3, 54)
objective_function
	MILP economic objective set
subject to.
	 constraints: 1) minimum shutup/shutdown time limits			 done
	 constraints: 2) binary variable logic					 done
	 constraints: 3) shutup/shutdown cost					 done
	 constraints: 4) loadcurtailments and spoliedwinds			 done
	 constraints: 5) generatos power limits					 done
	 constraints: 6) system reserves limits					 done
	 constraints: 7) power balance constraints				 done
	 constraints: 8) ramp-up/ramp-down constraints				 done
	 constraints: 9) piece linearization constraints			 done
	 constraints: 10) transmissionline limits skipped (is_NetWorkCon != 1 or Gsdf missing or NL=0)
	 constraints: 11) stroges system constraints skipped (is_ConsiderBESS=0)
	 constraints: 12) data centra constraints skipped (is_ConsiderDataCentra != 1)
	 constraints: 13) frequency control constraints skipped (is_ConsiderFrequencyControl != 1)
	 constraints: 14) hydro power limits					 done
+++++++++++++++++++++++++++++++++++++++++++++++++++++++++++++++++++++++++++++++++++++++++++
Step-4: starting Gurobi solver
Set parameter MIPGap to value 0.015
Gurobi Optimizer version 13.0.2 build v13.0.2rc1 (win64 - Windows 11+.0 (29639.2))

CPU model: 13th Gen Intel(R) Core(TM) i7-13700F, instruction set [SSE2|AVX|AVX2]
Thread count: 16 physical cores, 24 logical processors, using up to 24 threads

Non-default parameters:
MIPGap  0.015

Optimize a model with 25950 rows, 16848 columns and 139802 nonzeros (Min)
Model fingerprint: 0x1e41ee2b
Model has 12600 linear objective coefficients
Variable types: 12864 continuous, 3984 integer (3984 binary)
Coefficient statistics:
  Matrix range     [3e-02, 4e+02]
  Objective range  [1e+00, 1e+15]
  Bounds range     [0e+00, 0e+00]
  RHS range        [7e-03, 3e+02]
Warning: Model contains large objective coefficients
         Consider reformulating model or setting NumericFocus parameter
         to avoid numerical issues.

Presolve removed 10540 rows and 5467 columns
Presolve time: 0.56s
Presolved: 15410 rows, 11381 columns, 58811 nonzeros
Variable types: 7847 continuous, 3534 integer (3534 binary)
Found heuristic solution: objective 2622351.6499

Root relaxation: objective 1.720476e+06, 7260 iterations, 0.30 seconds (0.32 work units)

    Nodes    |    Current Node    |     Objective Bounds      |     Work
 Expl Unexpl |  Obj  Depth IntInf | Incumbent    BestBd   Gap | It/Node Time

     0     0 1720475.81    0  192 2622351.65 1720475.81  34.4%     -    1s
H    0     0                    1848182.2550 1720475.81  6.91%     -    1s
     0     0 1722653.42    0  245 1848182.25 1722653.42  6.79%     -    1s
     0     0 1848182.25    0  212 1848182.25 1848182.25  0.00%     -    1s

Cutting planes:
  Gomory: 13
  Implied bound: 68
  MIR: 31
  Flow cover: 25
  RLT: 22
  Relax-and-lift: 13
  BQP: 2
  PSD: 4

Explored 1 nodes (8275 simplex iterations) in 1.88 seconds (1.56 work units)
Thread count was 24 (of 24 available processors)

Solution count 2: 1.84818e+06 2.62235e+06 

Optimal solution found (tolerance 1.50e-02)
Best objective 1.848182254953e+06, best bound 1.848182254953e+06, gap 0.0000%

User-callback calls 387, time in user-callback 0.00 sec
Step-5: Gurobi solver finished
+++++++++++++++++++++++++++++++++++++++++++++++++++++++++++++++++++++++++++++++++++++++++++

assert_is_solved_and_feasible(scuc) = nothing
solution_summary(scuc) = solution_summary(; result = 1, verbose = false)
├ solver_name          : Gurobi
├ Termination
│ ├ termination_status : OPTIMAL
│ ├ result_count       : 2
│ ├ raw_status         : Model was solved to optimality (subject to tolerances), and an optimal solution is available.
│ └ objective_bound    : 1.84818e+06
├ Solution (result = 1)
│ ├ primal_status        : FEASIBLE_POINT
│ ├ dual_status          : NO_SOLUTION
│ ├ objective_value      : 1.84818e+06
│ └ relative_gap         : 0.00000e+00
└ Work counters
  ├ solve_time (sec)   : 1.87800e+00
  ├ simplex_iterations : 8275
  ├ barrier_iterations : 0
  └ node_count         : 1


Termination Status: OPTIMAL
Acceptable solution found (Status: OPTIMAL).
Step-6: record datas
PART1: [unit-commitment] calculation result has been saved to: D:/GithubClonefiles/module_unitcommitment/output/details_schedule_results/pcm_simulation_results/intervels_[7]/res_schedule_commitment_result.txt
--------------------------------------------------------------------------------
Running mode: NoOverlap
Step-3: Creating dispatching model (Refactored & Modularized)
Set parameter Username
Set parameter LicenseID to value 2826524
Academic license - for non-commercial use only - expires 2027-05-22
Set parameter MIPGap to value 0.015
	 Variables defined.
DEBUG set_objective_economic!: NT=24, NG=54, ND=91, NW=2, NS=1, K=3, size(refcost)=(54,), size(eachslope)=(3, 54)
objective_function
	MILP economic objective set
subject to.
	 constraints: 1) minimum shutup/shutdown time limits			 done
	 constraints: 2) binary variable logic					 done
	 constraints: 3) shutup/shutdown cost					 done
	 constraints: 4) loadcurtailments and spoliedwinds			 done
	 constraints: 5) generatos power limits					 done
	 constraints: 6) system reserves limits					 done
	 constraints: 7) power balance constraints				 done
	 constraints: 8) ramp-up/ramp-down constraints				 done
	 constraints: 9) piece linearization constraints			 done
	 constraints: 10) transmissionline limits skipped (is_NetWorkCon != 1 or Gsdf missing or NL=0)
	 constraints: 11) stroges system constraints skipped (is_ConsiderBESS=0)
	 constraints: 12) data centra constraints skipped (is_ConsiderDataCentra != 1)
	 constraints: 13) frequency control constraints skipped (is_ConsiderFrequencyControl != 1)
	 constraints: 14) hydro power limits					 done
+++++++++++++++++++++++++++++++++++++++++++++++++++++++++++++++++++++++++++++++++++++++++++
Step-4: starting Gurobi solver
Set parameter MIPGap to value 0.015
Gurobi Optimizer version 13.0.2 build v13.0.2rc1 (win64 - Windows 11+.0 (29639.2))

CPU model: 13th Gen Intel(R) Core(TM) i7-13700F, instruction set [SSE2|AVX|AVX2]
Thread count: 16 physical cores, 24 logical processors, using up to 24 threads

Non-default parameters:
MIPGap  0.015

Optimize a model with 25950 rows, 16848 columns and 139802 nonzeros (Min)
Model fingerprint: 0x3ecdcad5
Model has 12600 linear objective coefficients
Variable types: 12864 continuous, 3984 integer (3984 binary)
Coefficient statistics:
  Matrix range     [3e-02, 4e+02]
  Objective range  [1e+00, 1e+15]
  Bounds range     [0e+00, 0e+00]
  RHS range        [8e-03, 3e+02]
Warning: Model contains large objective coefficients
         Consider reformulating model or setting NumericFocus parameter
         to avoid numerical issues.

Presolve removed 10540 rows and 5467 columns
Presolve time: 0.39s
Presolved: 15410 rows, 11381 columns, 58811 nonzeros
Variable types: 7847 continuous, 3534 integer (3534 binary)
Found heuristic solution: objective 2655535.0857

Root relaxation: objective 1.887731e+06, 7647 iterations, 0.31 seconds (0.31 work units)

    Nodes    |    Current Node    |     Objective Bounds      |     Work
 Expl Unexpl |  Obj  Depth IntInf | Incumbent    BestBd   Gap | It/Node Time

     0     0 1887731.39    0  312 2655535.09 1887731.39  28.9%     -    0s
H    0     0                    1957370.4109 1887731.39  3.56%     -    1s
     0     0 1890784.90    0  207 1957370.41 1890784.90  3.40%     -    1s
     0     0 1957370.41    0  204 1957370.41 1957370.41  0.00%     -    1s

Cutting planes:
  Gomory: 8
  Implied bound: 87
  MIR: 31
  Flow cover: 27
  RLT: 47
  Relax-and-lift: 14
  BQP: 5
  PSD: 4

Explored 1 nodes (8568 simplex iterations) in 1.63 seconds (1.55 work units)
Thread count was 24 (of 24 available processors)

Solution count 2: 1.95737e+06 2.65554e+06 

Optimal solution found (tolerance 1.50e-02)
Best objective 1.957370410890e+06, best bound 1.957370410890e+06, gap 0.0000%

User-callback calls 389, time in user-callback 0.00 sec
Step-5: Gurobi solver finished
+++++++++++++++++++++++++++++++++++++++++++++++++++++++++++++++++++++++++++++++++++++++++++

assert_is_solved_and_feasible(scuc) = nothing
solution_summary(scuc) = solution_summary(; result = 1, verbose = false)
├ solver_name          : Gurobi
├ Termination
│ ├ termination_status : OPTIMAL
│ ├ result_count       : 2
│ ├ raw_status         : Model was solved to optimality (subject to tolerances), and an optimal solution is available.
│ └ objective_bound    : 1.95737e+06
├ Solution (result = 1)
│ ├ primal_status        : FEASIBLE_POINT
│ ├ dual_status          : NO_SOLUTION
│ ├ objective_value      : 1.95737e+06
│ └ relative_gap         : 0.00000e+00
└ Work counters
  ├ solve_time (sec)   : 1.62800e+00
  ├ simplex_iterations : 8568
  ├ barrier_iterations : 0
  └ node_count         : 1


Termination Status: OPTIMAL
Acceptable solution found (Status: OPTIMAL).
Step-6: record datas
PART1: [unit-commitment] calculation result has been saved to: D:/GithubClonefiles/module_unitcommitment/output/details_schedule_results/pcm_simulation_results/intervels_[1]/res_schedule_commitment_result.txt
PART1: [unit-commitment] calculation result has been saved to: D:/GithubClonefiles/module_unitcommitment/output/details_schedule_results/pcm_simulation_results/intervels_[1]/res_schedule_commitment_result.txt
Step-3: Creating dispatching model (Refactored & Modularized)
Set parameter Username
Set parameter LicenseID to value 2826524
Academic license - for non-commercial use only - expires 2027-05-22
Set parameter MIPGap to value 0.015
	 Variables defined.
DEBUG set_objective_economic!: NT=24, NG=54, ND=91, NW=2, NS=1, K=3, size(refcost)=(54,), size(eachslope)=(3, 54)
objective_function
	MILP economic objective set
subject to.
	 constraints: 1) minimum shutup/shutdown time limits			 done
	 constraints: 2) binary variable logic					 done
	 constraints: 3) shutup/shutdown cost					 done
	 constraints: 4) loadcurtailments and spoliedwinds			 done
	 constraints: 5) generatos power limits					 done
	 constraints: 6) system reserves limits					 done
	 constraints: 7) power balance constraints				 done
	 constraints: 8) ramp-up/ramp-down constraints				 done
	 constraints: 9) piece linearization constraints			 done
	 constraints: 10) transmissionline limits skipped (is_NetWorkCon != 1 or Gsdf missing or NL=0)
	 constraints: 11) stroges system constraints skipped (is_ConsiderBESS=0)
	 constraints: 12) data centra constraints skipped (is_ConsiderDataCentra != 1)
	 constraints: 13) frequency control constraints skipped (is_ConsiderFrequencyControl != 1)
	 constraints: 14) hydro power limits					 done
+++++++++++++++++++++++++++++++++++++++++++++++++++++++++++++++++++++++++++++++++++++++++++
Step-4: starting Gurobi solver
Set parameter MIPGap to value 0.015
Gurobi Optimizer version 13.0.2 build v13.0.2rc1 (win64 - Windows 11+.0 (29639.2))

CPU model: 13th Gen Intel(R) Core(TM) i7-13700F, instruction set [SSE2|AVX|AVX2]
Thread count: 16 physical cores, 24 logical processors, using up to 24 threads

Non-default parameters:
MIPGap  0.015

Optimize a model with 25957 rows, 16848 columns and 139846 nonzeros (Min)
Model fingerprint: 0x271cb87f
Model has 12600 linear objective coefficients
Variable types: 12864 continuous, 3984 integer (3984 binary)
Coefficient statistics:
  Matrix range     [3e-02, 4e+02]
  Objective range  [1e+00, 1e+15]
  Bounds range     [0e+00, 0e+00]
  RHS range        [8e-03, 4e+02]
Warning: Model contains large objective coefficients
         Consider reformulating model or setting NumericFocus parameter
         to avoid numerical issues.

Presolve removed 10577 rows and 5485 columns
Presolve time: 0.38s
Presolved: 15380 rows, 11363 columns, 58543 nonzeros
Variable types: 7847 continuous, 3516 integer (3516 binary)

Root relaxation: objective 2.121531e+06, 8313 iterations, 0.31 seconds (0.28 work units)

    Nodes    |    Current Node    |     Objective Bounds      |     Work
 Expl Unexpl |  Obj  Depth IntInf | Incumbent    BestBd   Gap | It/Node Time

     0     0 2121531.26    0  355          - 2121531.26      -     -    1s
H    0     0                    2368872.4687 2121531.26  10.4%     -    1s
H    0     0                    2368261.5004 2121531.26  10.4%     -    1s
     0     0 2124729.23    0  268 2368261.50 2124729.23  10.3%     -    1s
H    0     0                    2311177.0042 2124740.84  8.07%     -    1s
     0     0 2124740.84    0  270 2311177.00 2124740.84  8.07%     -    1s
     0     0 2125818.60    0  188 2311177.00 2125818.60  8.02%     -    2s
H    0     0                    2226165.7725 2125956.50  4.50%     -    2s
     0     0 2125956.50    0  183 2226165.77 2125956.50  4.50%     -    2s
     0     0 2127005.26    0  167 2226165.77 2127005.26  4.45%     -    2s
     0     0 2127005.26    0  151 2226165.77 2127005.26  4.45%     -    2s
H    0     0                    2137782.9676 2127005.26  0.50%     -    2s
     0     0 2127005.26    0  146 2137782.97 2127005.26  0.50%     -    2s

Cutting planes:
  Gomory: 36
  Implied bound: 216
  MIR: 75
  Flow cover: 91
  RLT: 77
  Relax-and-lift: 66
  BQP: 6
  PSD: 4

Explored 1 nodes (10640 simplex iterations) in 2.81 seconds (2.23 work units)
Thread count was 24 (of 24 available processors)

Solution count 5: 2.13778e+06 2.22617e+06 2.31118e+06 ... 2.36887e+06

Optimal solution found (tolerance 1.50e-02)
Best objective 2.137782967555e+06, best bound 2.127005255619e+06, gap 0.5042%

User-callback calls 567, time in user-callback 0.00 sec
Step-5: Gurobi solver finished
+++++++++++++++++++++++++++++++++++++++++++++++++++++++++++++++++++++++++++++++++++++++++++

assert_is_solved_and_feasible(scuc) = nothing
solution_summary(scuc) = solution_summary(; result = 1, verbose = false)
├ solver_name          : Gurobi
├ Termination
│ ├ termination_status : OPTIMAL
│ ├ result_count       : 5
│ ├ raw_status         : Model was solved to optimality (subject to tolerances), and an optimal solution is available.
│ └ objective_bound    : 2.12701e+06
├ Solution (result = 1)
│ ├ primal_status        : FEASIBLE_POINT
│ ├ dual_status          : NO_SOLUTION
│ ├ objective_value      : 2.13778e+06
│ └ relative_gap         : 5.04154e-03
└ Work counters
  ├ solve_time (sec)   : 2.81100e+00
  ├ simplex_iterations : 10640
  ├ barrier_iterations : 0
  └ node_count         : 1


Termination Status: OPTIMAL
Acceptable solution found (Status: OPTIMAL).
Step-6: record datas
PART1: [unit-commitment] calculation result has been saved to: D:/GithubClonefiles/module_unitcommitment/output/details_schedule_results/pcm_simulation_results/intervels_[2]/res_schedule_commitment_result.txt
PART1: [unit-commitment] calculation result has been saved to: D:/GithubClonefiles/module_unitcommitment/output/details_schedule_results/pcm_simulation_results/intervels_[2]/res_schedule_commitment_result.txt
Step-3: Creating dispatching model (Refactored & Modularized)
Set parameter Username
Set parameter LicenseID to value 2826524
Academic license - for non-commercial use only - expires 2027-05-22
Set parameter MIPGap to value 0.015
	 Variables defined.
DEBUG set_objective_economic!: NT=24, NG=54, ND=91, NW=2, NS=1, K=3, size(refcost)=(54,), size(eachslope)=(3, 54)
objective_function
	MILP economic objective set
subject to.
	 constraints: 1) minimum shutup/shutdown time limits			 done
	 constraints: 2) binary variable logic					 done
	 constraints: 3) shutup/shutdown cost					 done
	 constraints: 4) loadcurtailments and spoliedwinds			 done
	 constraints: 5) generatos power limits					 done
	 constraints: 6) system reserves limits					 done
	 constraints: 7) power balance constraints				 done
	 constraints: 8) ramp-up/ramp-down constraints				 done
	 constraints: 9) piece linearization constraints			 done
	 constraints: 10) transmissionline limits skipped (is_NetWorkCon != 1 or Gsdf missing or NL=0)
	 constraints: 11) stroges system constraints skipped (is_ConsiderBESS=0)
	 constraints: 12) data centra constraints skipped (is_ConsiderDataCentra != 1)
	 constraints: 13) frequency control constraints skipped (is_ConsiderFrequencyControl != 1)
	 constraints: 14) hydro power limits					 done
+++++++++++++++++++++++++++++++++++++++++++++++++++++++++++++++++++++++++++++++++++++++++++
Step-4: starting Gurobi solver
Set parameter MIPGap to value 0.015
Gurobi Optimizer version 13.0.2 build v13.0.2rc1 (win64 - Windows 11+.0 (29639.2))

CPU model: 13th Gen Intel(R) Core(TM) i7-13700F, instruction set [SSE2|AVX|AVX2]
Thread count: 16 physical cores, 24 logical processors, using up to 24 threads

Non-default parameters:
MIPGap  0.015

Optimize a model with 25988 rows, 16848 columns and 139999 nonzeros (Min)
Model fingerprint: 0x51fef1aa
Model has 12600 linear objective coefficients
Variable types: 12864 continuous, 3984 integer (3984 binary)
Coefficient statistics:
  Matrix range     [3e-02, 4e+02]
  Objective range  [1e+00, 1e+15]
  Bounds range     [0e+00, 0e+00]
  RHS range        [7e-03, 4e+02]
Warning: Model contains large objective coefficients
         Consider reformulating model or setting NumericFocus parameter
         to avoid numerical issues.

Presolve removed 10591 rows and 5479 columns
Presolve time: 0.41s
Presolved: 15397 rows, 11369 columns, 58616 nonzeros
Variable types: 7847 continuous, 3522 integer (3522 binary)

Root relaxation: objective 1.750340e+06, 7187 iterations, 0.28 seconds (0.25 work units)

    Nodes    |    Current Node    |     Objective Bounds      |     Work
 Expl Unexpl |  Obj  Depth IntInf | Incumbent    BestBd   Gap | It/Node Time

     0     0 1750340.01    0  312          - 1750340.01      -     -    1s
H    0     0                    1886896.9010 1750340.01  7.24%     -    1s
H    0     0                    1885942.0131 1750340.01  7.19%     -    1s
     0     0 1751665.19    0  270 1885942.01 1751665.19  7.12%     -    1s
     0     0 1751735.66    0  293 1885942.01 1751735.66  7.12%     -    1s
     0     0 1751735.66    0  293 1885942.01 1751735.66  7.12%     -    1s
     0     0 1752838.07    0  176 1885942.01 1752838.07  7.06%     -    2s
     0     0 1752853.67    0  188 1885942.01 1752853.67  7.06%     -    2s
     0     0 1752853.67    0  194 1885942.01 1752853.67  7.06%     -    2s
H    0     0                    1782409.6369 1753738.79  1.61%     -    2s
     0     0 1753738.79    0  197 1782409.64 1753738.79  1.61%     -    2s
H    0     0                    1779082.6239 1753738.79  1.42%     -    2s
     0     0 1753738.79    0  204 1779082.62 1753738.79  1.42%     -    2s

Cutting planes:
  Gomory: 30
  Implied bound: 131
  MIR: 95
  Flow cover: 110
  RLT: 67
  Relax-and-lift: 47
  BQP: 1
  PSD: 1

Explored 1 nodes (9088 simplex iterations) in 2.97 seconds (2.29 work units)
Thread count was 24 (of 24 available processors)

Solution count 4: 1.77908e+06 1.78241e+06 1.88594e+06 1.8869e+06 

Optimal solution found (tolerance 1.50e-02)
Best objective 1.779082623898e+06, best bound 1.753738789707e+06, gap 1.4245%

User-callback calls 549, time in user-callback 0.00 sec
Step-5: Gurobi solver finished
+++++++++++++++++++++++++++++++++++++++++++++++++++++++++++++++++++++++++++++++++++++++++++

assert_is_solved_and_feasible(scuc) = nothing
solution_summary(scuc) = solution_summary(; result = 1, verbose = false)
├ solver_name          : Gurobi
├ Termination
│ ├ termination_status : OPTIMAL
│ ├ result_count       : 4
│ ├ raw_status         : Model was solved to optimality (subject to tolerances), and an optimal solution is available.
│ └ objective_bound    : 1.75374e+06
├ Solution (result = 1)
│ ├ primal_status        : FEASIBLE_POINT
│ ├ dual_status          : NO_SOLUTION
│ ├ objective_value      : 1.77908e+06
│ └ relative_gap         : 1.42455e-02
└ Work counters
  ├ solve_time (sec)   : 2.97300e+00
  ├ simplex_iterations : 9088
  ├ barrier_iterations : 0
  └ node_count         : 1


Termination Status: OPTIMAL
Acceptable solution found (Status: OPTIMAL).
Step-6: record datas
PART1: [unit-commitment] calculation result has been saved to: D:/GithubClonefiles/module_unitcommitment/output/details_schedule_results/pcm_simulation_results/intervels_[3]/res_schedule_commitment_result.txt
PART1: [unit-commitment] calculation result has been saved to: D:/GithubClonefiles/module_unitcommitment/output/details_schedule_results/pcm_simulation_results/intervels_[3]/res_schedule_commitment_result.txt
Step-3: Creating dispatching model (Refactored & Modularized)
Set parameter Username
Set parameter LicenseID to value 2826524
Academic license - for non-commercial use only - expires 2027-05-22
Set parameter MIPGap to value 0.015
	 Variables defined.
DEBUG set_objective_economic!: NT=24, NG=54, ND=91, NW=2, NS=1, K=3, size(refcost)=(54,), size(eachslope)=(3, 54)
objective_function
	MILP economic objective set
subject to.
	 constraints: 1) minimum shutup/shutdown time limits			 done
	 constraints: 2) binary variable logic					 done
	 constraints: 3) shutup/shutdown cost					 done
	 constraints: 4) loadcurtailments and spoliedwinds			 done
	 constraints: 5) generatos power limits					 done
	 constraints: 6) system reserves limits					 done
	 constraints: 7) power balance constraints				 done
	 constraints: 8) ramp-up/ramp-down constraints				 done
	 constraints: 9) piece linearization constraints			 done
	 constraints: 10) transmissionline limits skipped (is_NetWorkCon != 1 or Gsdf missing or NL=0)
	 constraints: 11) stroges system constraints skipped (is_ConsiderBESS=0)
	 constraints: 12) data centra constraints skipped (is_ConsiderDataCentra != 1)
	 constraints: 13) frequency control constraints skipped (is_ConsiderFrequencyControl != 1)
	 constraints: 14) hydro power limits					 done
+++++++++++++++++++++++++++++++++++++++++++++++++++++++++++++++++++++++++++++++++++++++++++
Step-4: starting Gurobi solver
Set parameter MIPGap to value 0.015
Gurobi Optimizer version 13.0.2 build v13.0.2rc1 (win64 - Windows 11+.0 (29639.2))

CPU model: 13th Gen Intel(R) Core(TM) i7-13700F, instruction set [SSE2|AVX|AVX2]
Thread count: 16 physical cores, 24 logical processors, using up to 24 threads

Non-default parameters:
MIPGap  0.015

Optimize a model with 25964 rows, 16848 columns and 139886 nonzeros (Min)
Model fingerprint: 0xf0867059
Model has 12600 linear objective coefficients
Variable types: 12864 continuous, 3984 integer (3984 binary)
Coefficient statistics:
  Matrix range     [3e-02, 4e+02]
  Objective range  [1e+00, 1e+15]
  Bounds range     [0e+00, 0e+00]
  RHS range        [8e-03, 4e+02]
Warning: Model contains large objective coefficients
         Consider reformulating model or setting NumericFocus parameter
         to avoid numerical issues.

Presolve removed 10551 rows and 5473 columns
Presolve time: 0.45s
Presolved: 15413 rows, 11375 columns, 58692 nonzeros
Variable types: 7847 continuous, 3528 integer (3528 binary)

Root relaxation: objective 1.959136e+06, 8484 iterations, 0.27 seconds (0.28 work units)

    Nodes    |    Current Node    |     Objective Bounds      |     Work
 Expl Unexpl |  Obj  Depth IntInf | Incumbent    BestBd   Gap | It/Node Time

     0     0 1959135.64    0  226          - 1959135.64      -     -    1s
H    0     0                    2002397.5433 1959135.64  2.16%     -    1s
H    0     0                    2000151.7299 1959135.64  2.05%     -    1s
     0     0 1960139.63    0  216 2000151.73 1960139.63  2.00%     -    1s
     0     0 1960224.05    0  219 2000151.73 1960224.05  2.00%     -    1s
H    0     0                    1979226.3072 1960224.05  0.96%     -    2s

Cutting planes:
  Gomory: 20
  Lift-and-project: 25
  Implied bound: 131
  MIR: 45
  Flow cover: 38
  Network: 6
  RLT: 41
  Relax-and-lift: 42
  BQP: 3
  PSD: 1

Explored 1 nodes (9126 simplex iterations) in 2.07 seconds (1.66 work units)
Thread count was 24 (of 24 available processors)

Solution count 3: 1.97923e+06 2.00015e+06 2.0024e+06 

Optimal solution found (tolerance 1.50e-02)
Best objective 1.979226307216e+06, best bound 1.960224048588e+06, gap 0.9601%

User-callback calls 543, time in user-callback 0.00 sec
Step-5: Gurobi solver finished
+++++++++++++++++++++++++++++++++++++++++++++++++++++++++++++++++++++++++++++++++++++++++++

assert_is_solved_and_feasible(scuc) = nothing
solution_summary(scuc) = solution_summary(; result = 1, verbose = false)
├ solver_name          : Gurobi
├ Termination
│ ├ termination_status : OPTIMAL
│ ├ result_count       : 3
│ ├ raw_status         : Model was solved to optimality (subject to tolerances), and an optimal solution is available.
│ └ objective_bound    : 1.96022e+06
├ Solution (result = 1)
│ ├ primal_status        : FEASIBLE_POINT
│ ├ dual_status          : NO_SOLUTION
│ ├ objective_value      : 1.97923e+06
│ └ relative_gap         : 9.60085e-03
└ Work counters
  ├ solve_time (sec)   : 2.06500e+00
  ├ simplex_iterations : 9126
  ├ barrier_iterations : 0
  └ node_count         : 1


Termination Status: OPTIMAL
Acceptable solution found (Status: OPTIMAL).
Step-6: record datas
PART1: [unit-commitment] calculation result has been saved to: D:/GithubClonefiles/module_unitcommitment/output/details_schedule_results/pcm_simulation_results/intervels_[4]/res_schedule_commitment_result.txt
PART1: [unit-commitment] calculation result has been saved to: D:/GithubClonefiles/module_unitcommitment/output/details_schedule_results/pcm_simulation_results/intervels_[4]/res_schedule_commitment_result.txt
Step-3: Creating dispatching model (Refactored & Modularized)
Set parameter Username
Set parameter LicenseID to value 2826524
Academic license - for non-commercial use only - expires 2027-05-22
Set parameter MIPGap to value 0.015
	 Variables defined.
DEBUG set_objective_economic!: NT=24, NG=54, ND=91, NW=2, NS=1, K=3, size(refcost)=(54,), size(eachslope)=(3, 54)
objective_function
	MILP economic objective set
subject to.
	 constraints: 1) minimum shutup/shutdown time limits			 done
	 constraints: 2) binary variable logic					 done
	 constraints: 3) shutup/shutdown cost					 done
	 constraints: 4) loadcurtailments and spoliedwinds			 done
	 constraints: 5) generatos power limits					 done
	 constraints: 6) system reserves limits					 done
	 constraints: 7) power balance constraints				 done
	 constraints: 8) ramp-up/ramp-down constraints				 done
	 constraints: 9) piece linearization constraints			 done
	 constraints: 10) transmissionline limits skipped (is_NetWorkCon != 1 or Gsdf missing or NL=0)
	 constraints: 11) stroges system constraints skipped (is_ConsiderBESS=0)
	 constraints: 12) data centra constraints skipped (is_ConsiderDataCentra != 1)
	 constraints: 13) frequency control constraints skipped (is_ConsiderFrequencyControl != 1)
	 constraints: 14) hydro power limits					 done
+++++++++++++++++++++++++++++++++++++++++++++++++++++++++++++++++++++++++++++++++++++++++++
Step-4: starting Gurobi solver
Set parameter MIPGap to value 0.015
Gurobi Optimizer version 13.0.2 build v13.0.2rc1 (win64 - Windows 11+.0 (29639.2))

CPU model: 13th Gen Intel(R) Core(TM) i7-13700F, instruction set [SSE2|AVX|AVX2]
Thread count: 16 physical cores, 24 logical processors, using up to 24 threads

Non-default parameters:
MIPGap  0.015

Optimize a model with 25954 rows, 16848 columns and 139823 nonzeros (Min)
Model fingerprint: 0x5b3b5f12
Model has 12600 linear objective coefficients
Variable types: 12864 continuous, 3984 integer (3984 binary)
Coefficient statistics:
  Matrix range     [3e-02, 4e+02]
  Objective range  [1e+00, 1e+15]
  Bounds range     [0e+00, 0e+00]
  RHS range        [8e-03, 4e+02]
Warning: Model contains large objective coefficients
         Consider reformulating model or setting NumericFocus parameter
         to avoid numerical issues.

Presolve removed 10605 rows and 5494 columns
Presolve time: 0.40s
Presolved: 15349 rows, 11354 columns, 58365 nonzeros
Variable types: 7847 continuous, 3507 integer (3507 binary)

Root relaxation: objective 1.936786e+06, 7658 iterations, 0.33 seconds (0.26 work units)

    Nodes    |    Current Node    |     Objective Bounds      |     Work
 Expl Unexpl |  Obj  Depth IntInf | Incumbent    BestBd   Gap | It/Node Time

     0     0 1936785.98    0  247          - 1936785.98      -     -    1s
H    0     0                    2086108.2916 1936785.98  7.16%     -    1s
     0     0 1938553.53    0  212 2086108.29 1938553.53  7.07%     -    1s
     0     0 1938569.74    0  231 2086108.29 1938569.74  7.07%     -    1s
     0     0 1939119.68    0  185 2086108.29 1939119.68  7.05%     -    2s
     0     0 1939207.70    0  186 2086108.29 1939207.70  7.04%     -    2s
     0     0 1939737.44    0  185 2086108.29 1939737.44  7.02%     -    2s
     0     0 1939901.15    0  215 2086108.29 1939901.15  7.01%     -    2s
     0     0 1939904.46    0  213 2086108.29 1939904.46  7.01%     -    2s
     0     0 1939906.30    0  218 2086108.29 1939906.30  7.01%     -    2s
     0     0 1940596.50    0  225 2086108.29 1940596.50  6.98%     -    2s
H    0     0                    2053108.5930 1940596.50  5.48%     -    2s
H    0     0                    1960333.6207 1940596.50  1.01%     -    2s
H    0     0                    1953103.4904 1940596.50  0.64%     -    2s

Cutting planes:
  Gomory: 25
  Cover: 2
  Implied bound: 228
  MIR: 137
  Flow cover: 114
  Network: 5
  RLT: 58
  Relax-and-lift: 76
  BQP: 3
  PSD: 1

Explored 1 nodes (9283 simplex iterations) in 3.02 seconds (2.33 work units)
Thread count was 24 (of 24 available processors)

Solution count 4: 1.9531e+06 1.96033e+06 2.05311e+06 2.08611e+06 

Optimal solution found (tolerance 1.50e-02)
Best objective 1.953103490409e+06, best bound 1.940596496601e+06, gap 0.6404%

User-callback calls 605, time in user-callback 0.00 sec
Step-5: Gurobi solver finished
+++++++++++++++++++++++++++++++++++++++++++++++++++++++++++++++++++++++++++++++++++++++++++

assert_is_solved_and_feasible(scuc) = nothing
solution_summary(scuc) = solution_summary(; result = 1, verbose = false)
├ solver_name          : Gurobi
├ Termination
│ ├ termination_status : OPTIMAL
│ ├ result_count       : 4
│ ├ raw_status         : Model was solved to optimality (subject to tolerances), and an optimal solution is available.
│ └ objective_bound    : 1.94060e+06
├ Solution (result = 1)
│ ├ primal_status        : FEASIBLE_POINT
│ ├ dual_status          : NO_SOLUTION
│ ├ objective_value      : 1.95310e+06
│ └ relative_gap         : 6.40365e-03
└ Work counters
  ├ solve_time (sec)   : 3.02200e+00
  ├ simplex_iterations : 9283
  ├ barrier_iterations : 0
  └ node_count         : 1


Termination Status: OPTIMAL
Acceptable solution found (Status: OPTIMAL).
Step-6: record datas
PART1: [unit-commitment] calculation result has been saved to: D:/GithubClonefiles/module_unitcommitment/output/details_schedule_results/pcm_simulation_results/intervels_[5]/res_schedule_commitment_result.txt
PART1: [unit-commitment] calculation result has been saved to: D:/GithubClonefiles/module_unitcommitment/output/details_schedule_results/pcm_simulation_results/intervels_[5]/res_schedule_commitment_result.txt
Step-3: Creating dispatching model (Refactored & Modularized)
Set parameter Username
Set parameter LicenseID to value 2826524
Academic license - for non-commercial use only - expires 2027-05-22
Set parameter MIPGap to value 0.015
	 Variables defined.
DEBUG set_objective_economic!: NT=24, NG=54, ND=91, NW=2, NS=1, K=3, size(refcost)=(54,), size(eachslope)=(3, 54)
objective_function
	MILP economic objective set
subject to.
	 constraints: 1) minimum shutup/shutdown time limits			 done
	 constraints: 2) binary variable logic					 done
	 constraints: 3) shutup/shutdown cost					 done
	 constraints: 4) loadcurtailments and spoliedwinds			 done
	 constraints: 5) generatos power limits					 done
	 constraints: 6) system reserves limits					 done
	 constraints: 7) power balance constraints				 done
	 constraints: 8) ramp-up/ramp-down constraints				 done
	 constraints: 9) piece linearization constraints			 done
	 constraints: 10) transmissionline limits skipped (is_NetWorkCon != 1 or Gsdf missing or NL=0)
	 constraints: 11) stroges system constraints skipped (is_ConsiderBESS=0)
	 constraints: 12) data centra constraints skipped (is_ConsiderDataCentra != 1)
	 constraints: 13) frequency control constraints skipped (is_ConsiderFrequencyControl != 1)
	 constraints: 14) hydro power limits					 done
+++++++++++++++++++++++++++++++++++++++++++++++++++++++++++++++++++++++++++++++++++++++++++
Step-4: starting Gurobi solver
Set parameter MIPGap to value 0.015
Gurobi Optimizer version 13.0.2 build v13.0.2rc1 (win64 - Windows 11+.0 (29639.2))

CPU model: 13th Gen Intel(R) Core(TM) i7-13700F, instruction set [SSE2|AVX|AVX2]
Thread count: 16 physical cores, 24 logical processors, using up to 24 threads

Non-default parameters:
MIPGap  0.015

Optimize a model with 25974 rows, 16848 columns and 139947 nonzeros (Min)
Model fingerprint: 0x2536a80a
Model has 12600 linear objective coefficients
Variable types: 12864 continuous, 3984 integer (3984 binary)
Coefficient statistics:
  Matrix range     [3e-02, 4e+02]
  Objective range  [1e+00, 1e+15]
  Bounds range     [0e+00, 0e+00]
  RHS range        [8e-03, 4e+02]
Warning: Model contains large objective coefficients
         Consider reformulating model or setting NumericFocus parameter
         to avoid numerical issues.

Presolve removed 10603 rows and 5492 columns
Presolve time: 0.40s
Presolved: 15371 rows, 11356 columns, 58406 nonzeros
Variable types: 7843 continuous, 3513 integer (3513 binary)

Root relaxation: objective 6.455806e+15, 8409 iterations, 0.24 seconds (0.24 work units)

    Nodes    |    Current Node    |     Objective Bounds      |     Work
 Expl Unexpl |  Obj  Depth IntInf | Incumbent    BestBd   Gap | It/Node Time

     0     0 6.4558e+15    0  212          - 6.4558e+15      -     -    0s
H    0     0                    6.455806e+15 6.4558e+15  0.00%     -    1s

Explored 1 nodes (8419 simplex iterations) in 1.08 seconds (1.19 work units)
Thread count was 24 (of 24 available processors)

Solution count 1: 6.45581e+15 

Optimal solution found (tolerance 1.50e-02)
Best objective 6.455805897644e+15, best bound 6.455805897643e+15, gap 0.0000%

User-callback calls 285, time in user-callback 0.00 sec
Step-5: Gurobi solver finished
+++++++++++++++++++++++++++++++++++++++++++++++++++++++++++++++++++++++++++++++++++++++++++

assert_is_solved_and_feasible(scuc) = nothing
solution_summary(scuc) = solution_summary(; result = 1, verbose = false)
├ solver_name          : Gurobi
├ Termination
│ ├ termination_status : OPTIMAL
│ ├ result_count       : 1
│ ├ raw_status         : Model was solved to optimality (subject to tolerances), and an optimal solution is available.
│ └ objective_bound    : 6.45581e+15
├ Solution (result = 1)
│ ├ primal_status        : FEASIBLE_POINT
│ ├ dual_status          : NO_SOLUTION
│ ├ objective_value      : 6.45581e+15
│ └ relative_gap         : 1.08430e-14
└ Work counters
  ├ solve_time (sec)   : 1.08700e+00
  ├ simplex_iterations : 8419
  ├ barrier_iterations : 0
  └ node_count         : 1


Termination Status: OPTIMAL
Acceptable solution found (Status: OPTIMAL).
Step-6: record datas
PART1: [unit-commitment] calculation result has been saved to: D:/GithubClonefiles/module_unitcommitment/output/details_schedule_results/pcm_simulation_results/intervels_[6]/res_schedule_commitment_result.txt
PART1: [unit-commitment] calculation result has been saved to: D:/GithubClonefiles/module_unitcommitment/output/details_schedule_results/pcm_simulation_results/intervels_[6]/res_schedule_commitment_result.txt
Step-3: Creating dispatching model (Refactored & Modularized)
Set parameter Username
Set parameter LicenseID to value 2826524
Academic license - for non-commercial use only - expires 2027-05-22
Set parameter MIPGap to value 0.015
	 Variables defined.
DEBUG set_objective_economic!: NT=24, NG=54, ND=91, NW=2, NS=1, K=3, size(refcost)=(54,), size(eachslope)=(3, 54)
objective_function
	MILP economic objective set
subject to.
	 constraints: 1) minimum shutup/shutdown time limits			 done
	 constraints: 2) binary variable logic					 done
	 constraints: 3) shutup/shutdown cost					 done
	 constraints: 4) loadcurtailments and spoliedwinds			 done
	 constraints: 5) generatos power limits					 done
	 constraints: 6) system reserves limits					 done
	 constraints: 7) power balance constraints				 done
	 constraints: 8) ramp-up/ramp-down constraints				 done
	 constraints: 9) piece linearization constraints			 done
	 constraints: 10) transmissionline limits skipped (is_NetWorkCon != 1 or Gsdf missing or NL=0)
	 constraints: 11) stroges system constraints skipped (is_ConsiderBESS=0)
	 constraints: 12) data centra constraints skipped (is_ConsiderDataCentra != 1)
	 constraints: 13) frequency control constraints skipped (is_ConsiderFrequencyControl != 1)
	 constraints: 14) hydro power limits					 done
+++++++++++++++++++++++++++++++++++++++++++++++++++++++++++++++++++++++++++++++++++++++++++
Step-4: starting Gurobi solver
Set parameter MIPGap to value 0.015
Gurobi Optimizer version 13.0.2 build v13.0.2rc1 (win64 - Windows 11+.0 (29639.2))

CPU model: 13th Gen Intel(R) Core(TM) i7-13700F, instruction set [SSE2|AVX|AVX2]
Thread count: 16 physical cores, 24 logical processors, using up to 24 threads

Non-default parameters:
MIPGap  0.015

Optimize a model with 25958 rows, 16848 columns and 139838 nonzeros (Min)
Model fingerprint: 0x5c207ed9
Model has 12600 linear objective coefficients
Variable types: 12864 continuous, 3984 integer (3984 binary)
Coefficient statistics:
  Matrix range     [3e-02, 4e+02]
  Objective range  [1e+00, 1e+15]
  Bounds range     [0e+00, 0e+00]
  RHS range        [7e-03, 4e+02]
Warning: Model contains large objective coefficients
         Consider reformulating model or setting NumericFocus parameter
         to avoid numerical issues.

Presolve removed 10615 rows and 5494 columns
Presolve time: 0.48s
Presolved: 15343 rows, 11354 columns, 58332 nonzeros
Variable types: 7847 continuous, 3507 integer (3507 binary)

Root relaxation: objective 1.745110e+06, 6905 iterations, 0.25 seconds (0.26 work units)

    Nodes    |    Current Node    |     Objective Bounds      |     Work
 Expl Unexpl |  Obj  Depth IntInf | Incumbent    BestBd   Gap | It/Node Time

     0     0 1745110.27    0  239          - 1745110.27      -     -    1s
H    0     0                    1879325.3759 1745110.27  7.14%     -    1s
     0     0 1746595.40    0  178 1879325.38 1746595.40  7.06%     -    1s
H    0     0                    1868867.3663 1746595.99  6.54%     -    1s
     0     0 1746668.12    0  212 1868867.37 1746668.12  6.54%     -    1s
     0     0 1746668.57    0  194 1868867.37 1746668.57  6.54%     -    1s
H    0     0                    1866292.2994 1746668.57  6.41%     -    1s
     0     0 1748629.80    0  231 1866292.30 1748629.80  6.30%     -    2s
     0     0 1748849.12    0  249 1866292.30 1748849.12  6.29%     -    2s
     0     0 1748849.12    0  251 1866292.30 1748849.12  6.29%     -    2s
     0     0 1748849.12    0  254 1866292.30 1748849.12  6.29%     -    2s
H    0     0                    1789215.7374 1748849.12  2.26%     -    2s
H    0     0                    1774372.3038 1748849.12  1.44%     -    2s
H    0     0                    1756801.7169 1748849.12  0.45%     -    2s

Cutting planes:
  Gomory: 21
  Lift-and-project: 3
  Cover: 3
  Implied bound: 140
  MIR: 121
  Flow cover: 110
  Network: 3
  RLT: 49
  Relax-and-lift: 45
  BQP: 2
  PSD: 3

Explored 1 nodes (8692 simplex iterations) in 2.78 seconds (2.26 work units)
Thread count was 24 (of 24 available processors)

Solution count 6: 1.7568e+06 1.77437e+06 1.78922e+06 ... 1.87933e+06

Optimal solution found (tolerance 1.50e-02)
Best objective 1.756801716877e+06, best bound 1.750490801637e+06, gap 0.3592%

User-callback calls 584, time in user-callback 0.00 sec
Step-5: Gurobi solver finished
+++++++++++++++++++++++++++++++++++++++++++++++++++++++++++++++++++++++++++++++++++++++++++

assert_is_solved_and_feasible(scuc) = nothing
solution_summary(scuc) = solution_summary(; result = 1, verbose = false)
├ solver_name          : Gurobi
├ Termination
│ ├ termination_status : OPTIMAL
│ ├ result_count       : 6
│ ├ raw_status         : Model was solved to optimality (subject to tolerances), and an optimal solution is available.
│ └ objective_bound    : 1.75049e+06
├ Solution (result = 1)
│ ├ primal_status        : FEASIBLE_POINT
│ ├ dual_status          : NO_SOLUTION
│ ├ objective_value      : 1.75680e+06
│ └ relative_gap         : 3.59228e-03
└ Work counters
  ├ solve_time (sec)   : 2.78400e+00
  ├ simplex_iterations : 8692
  ├ barrier_iterations : 0
  └ node_count         : 1


Termination Status: OPTIMAL
Acceptable solution found (Status: OPTIMAL).
Step-6: record datas
PART1: [unit-commitment] calculation result has been saved to: D:/GithubClonefiles/module_unitcommitment/output/details_schedule_results/pcm_simulation_results/intervels_[7]/res_schedule_commitment_result.txt
PART1: [unit-commitment] calculation result has been saved to: D:/GithubClonefiles/module_unitcommitment/output/details_schedule_results/pcm_simulation_results/intervels_[7]/res_schedule_commitment_result.txt
--------------------------------------------------------------------------------
Running mode: SteadyOnly
Step-3: Creating dispatching model (Refactored & Modularized)
Set parameter Username
Set parameter LicenseID to value 2826524
Academic license - for non-commercial use only - expires 2027-05-22
Set parameter MIPGap to value 0.015
	 Variables defined.
DEBUG set_objective_economic!: NT=28, NG=54, ND=91, NW=2, NS=1, K=3, size(refcost)=(54,), size(eachslope)=(3, 54)
objective_function
	MILP economic objective set
subject to.
	 constraints: 1) minimum shutup/shutdown time limits			 done
	 constraints: 2) binary variable logic					 done
	 constraints: 3) shutup/shutdown cost					 done
	 constraints: 4) loadcurtailments and spoliedwinds			 done
	 constraints: 5) generatos power limits					 done
	 constraints: 6) system reserves limits					 done
	 constraints: 7) power balance constraints				 done
	 constraints: 8) ramp-up/ramp-down constraints				 done
	 constraints: 9) piece linearization constraints			 done
	 constraints: 10) transmissionline limits skipped (is_NetWorkCon != 1 or Gsdf missing or NL=0)
	 constraints: 11) stroges system constraints skipped (is_ConsiderBESS=0)
	 constraints: 12) data centra constraints skipped (is_ConsiderDataCentra != 1)
	 constraints: 13) frequency control constraints skipped (is_ConsiderFrequencyControl != 1)
	 constraints: 14) hydro power limits					 done
+++++++++++++++++++++++++++++++++++++++++++++++++++++++++++++++++++++++++++++++++++++++++++
Step-4: starting Gurobi solver
Set parameter MIPGap to value 0.015
Gurobi Optimizer version 13.0.2 build v13.0.2rc1 (win64 - Windows 11+.0 (29639.2))

CPU model: 13th Gen Intel(R) Core(TM) i7-13700F, instruction set [SSE2|AVX|AVX2]
Thread count: 16 physical cores, 24 logical processors, using up to 24 threads

Non-default parameters:
MIPGap  0.015

Optimize a model with 30314 rows, 19656 columns and 163562 nonzeros (Min)
Model fingerprint: 0xea443572
Model has 14700 linear objective coefficients
Variable types: 15008 continuous, 4648 integer (4648 binary)
Coefficient statistics:
  Matrix range     [3e-02, 4e+02]
  Objective range  [1e+00, 1e+15]
  Bounds range     [0e+00, 0e+00]
  RHS range        [8e-03, 3e+02]
Warning: Model contains large objective coefficients
         Consider reformulating model or setting NumericFocus parameter
         to avoid numerical issues.

Presolve removed 12151 rows and 6319 columns
Presolve time: 0.54s
Presolved: 18163 rows, 13337 columns, 69144 nonzeros
Variable types: 9155 continuous, 4182 integer (4182 binary)

Root relaxation: objective 2.104070e+06, 9197 iterations, 0.41 seconds (0.40 work units)

    Nodes    |    Current Node    |     Objective Bounds      |     Work
 Expl Unexpl |  Obj  Depth IntInf | Incumbent    BestBd   Gap | It/Node Time

     0     0 2104070.00    0  417          - 2104070.00      -     -    1s
H    0     0                    2.025382e+15 2104070.00   100%     -    1s
H    0     0                    2202527.8137 2104070.00  4.47%     -    1s
H    0     0                    2172413.2928 2104070.00  3.15%     -    1s
     0     0 2110888.35    0  346 2172413.29 2110888.35  2.83%     -    2s
     0     0 2110940.67    0  349 2172413.29 2110940.67  2.83%     -    2s
     0     0 2110941.13    0  336 2172413.29 2110941.13  2.83%     -    2s
     0     0 2110943.66    0  339 2172413.29 2110943.66  2.83%     -    2s
     0     0 2110943.83    0  339 2172413.29 2110943.83  2.83%     -    2s
H    0     0                    2171163.1907 2113286.74  2.67%     -    3s
     0     0 2113921.31    0  348 2171163.19 2113921.31  2.64%     -    3s
     0     0 2113921.31    0  259 2171163.19 2113921.31  2.64%     -    3s
     0     0 2113921.31    0  274 2171163.19 2113921.31  2.64%     -    3s
H    0     0                    2170155.2400 2113921.31  2.59%     -    3s
H    0     0                    2169187.8614 2113921.31  2.55%     -    3s
H    0     0                    2141418.5579 2113921.31  1.28%     -    3s

Cutting planes:
  Gomory: 24
  Cover: 5
  Implied bound: 270
  MIR: 185
  Flow cover: 169
  Network: 3
  RLT: 109
  Relax-and-lift: 60
  BQP: 7

Explored 1 nodes (11702 simplex iterations) in 4.03 seconds (3.27 work units)
Thread count was 24 (of 24 available processors)

Solution count 7: 2.14142e+06 2.16919e+06 2.17016e+06 ... 2.02538e+15

Optimal solution found (tolerance 1.50e-02)
Best objective 2.141418557868e+06, best bound 2.114377683636e+06, gap 1.2628%

User-callback calls 651, time in user-callback 0.00 sec
Step-5: Gurobi solver finished
+++++++++++++++++++++++++++++++++++++++++++++++++++++++++++++++++++++++++++++++++++++++++++

assert_is_solved_and_feasible(scuc) = nothing
solution_summary(scuc) = solution_summary(; result = 1, verbose = false)
├ solver_name          : Gurobi
├ Termination
│ ├ termination_status : OPTIMAL
│ ├ result_count       : 7
│ ├ raw_status         : Model was solved to optimality (subject to tolerances), and an optimal solution is available.
│ └ objective_bound    : 2.11438e+06
├ Solution (result = 1)
│ ├ primal_status        : FEASIBLE_POINT
│ ├ dual_status          : NO_SOLUTION
│ ├ objective_value      : 2.14142e+06
│ └ relative_gap         : 1.26276e-02
└ Work counters
  ├ solve_time (sec)   : 4.02700e+00
  ├ simplex_iterations : 11702
  ├ barrier_iterations : 0
  └ node_count         : 1


Termination Status: OPTIMAL
Acceptable solution found (Status: OPTIMAL).
Step-6: record datas
PART1: [unit-commitment] calculation result has been saved to: D:/GithubClonefiles/module_unitcommitment/output/details_schedule_results/pcm_simulation_results/intervels_[1]/res_schedule_commitment_result.txt
PART1: [unit-commitment] calculation result has been saved to: D:/GithubClonefiles/module_unitcommitment/output/details_schedule_results/pcm_simulation_results/intervels_[1]/res_schedule_commitment_result.txt
Step-3: Creating dispatching model (Refactored & Modularized)
Set parameter Username
Set parameter LicenseID to value 2826524
Academic license - for non-commercial use only - expires 2027-05-22
Set parameter MIPGap to value 0.015
	 Variables defined.
DEBUG set_objective_economic!: NT=28, NG=54, ND=91, NW=2, NS=1, K=3, size(refcost)=(54,), size(eachslope)=(3, 54)
objective_function
	MILP economic objective set
subject to.
	 constraints: 1) minimum shutup/shutdown time limits			 done
	 constraints: 2) binary variable logic					 done
	 constraints: 3) shutup/shutdown cost					 done
	 constraints: 4) loadcurtailments and spoliedwinds			 done
	 constraints: 5) generatos power limits					 done
	 constraints: 6) system reserves limits					 done
	 constraints: 7) power balance constraints				 done
	 constraints: 8) ramp-up/ramp-down constraints				 done
	 constraints: 9) piece linearization constraints			 done
	 constraints: 10) transmissionline limits skipped (is_NetWorkCon != 1 or Gsdf missing or NL=0)
	 constraints: 11) stroges system constraints skipped (is_ConsiderBESS=0)
	 constraints: 12) data centra constraints skipped (is_ConsiderDataCentra != 1)
	 constraints: 13) frequency control constraints skipped (is_ConsiderFrequencyControl != 1)
	 constraints: 14) hydro power limits					 done
+++++++++++++++++++++++++++++++++++++++++++++++++++++++++++++++++++++++++++++++++++++++++++
Step-4: starting Gurobi solver
Set parameter MIPGap to value 0.015
Gurobi Optimizer version 13.0.2 build v13.0.2rc1 (win64 - Windows 11+.0 (29639.2))

CPU model: 13th Gen Intel(R) Core(TM) i7-13700F, instruction set [SSE2|AVX|AVX2]
Thread count: 16 physical cores, 24 logical processors, using up to 24 threads

Non-default parameters:
MIPGap  0.015

Optimize a model with 30343 rows, 19656 columns and 163715 nonzeros (Min)
Model fingerprint: 0x5e9b1c7d
Model has 14700 linear objective coefficients
Variable types: 15008 continuous, 4648 integer (4648 binary)
Coefficient statistics:
  Matrix range     [3e-02, 4e+02]
  Objective range  [1e+00, 1e+15]
  Bounds range     [0e+00, 0e+00]
  RHS range        [8e-03, 4e+02]
Warning: Model contains large objective coefficients
         Consider reformulating model or setting NumericFocus parameter
         to avoid numerical issues.

Presolve removed 12159 rows and 6319 columns
Presolve time: 0.46s
Presolved: 18184 rows, 13337 columns, 69118 nonzeros
Variable types: 9155 continuous, 4182 integer (4182 binary)

Root relaxation: objective 2.302801e+06, 10024 iterations, 0.53 seconds (0.44 work units)

    Nodes    |    Current Node    |     Objective Bounds      |     Work
 Expl Unexpl |  Obj  Depth IntInf | Incumbent    BestBd   Gap | It/Node Time

     0     0 2302801.19    0  539          - 2302801.19      -     -    1s
H    0     0                    2450954.4225 2302801.19  6.04%     -    1s
     0     0 2309392.20    0  319 2450954.42 2309392.20  5.78%     -    2s
     0     0 2309402.58    0  324 2450954.42 2309402.58  5.78%     -    2s
H    0     0                    2347636.2421 2309402.58  1.63%     -    2s
     0     0 2312127.48    0  201 2347636.24 2312127.48  1.51%     -    3s
     0     0 2312144.27    0  184 2347636.24 2312144.27  1.51%     -    3s
     0     0 2312144.41    0  180 2347636.24 2312144.41  1.51%     -    3s

Cutting planes:
  Gomory: 36
  Cover: 3
  Implied bound: 317
  MIR: 167
  Flow cover: 175
  RLT: 78
  Relax-and-lift: 90
  BQP: 7
  PSD: 5

Explored 1 nodes (12008 simplex iterations) in 3.55 seconds (2.77 work units)
Thread count was 24 (of 24 available processors)

Solution count 2: 2.34764e+06 2.45095e+06 

Optimal solution found (tolerance 1.50e-02)
Best objective 2.347636242112e+06, best bound 2.312693001449e+06, gap 1.4884%

User-callback calls 673, time in user-callback 0.00 sec
Step-5: Gurobi solver finished
+++++++++++++++++++++++++++++++++++++++++++++++++++++++++++++++++++++++++++++++++++++++++++

assert_is_solved_and_feasible(scuc) = nothing
solution_summary(scuc) = solution_summary(; result = 1, verbose = false)
├ solver_name          : Gurobi
├ Termination
│ ├ termination_status : OPTIMAL
│ ├ result_count       : 2
│ ├ raw_status         : Model was solved to optimality (subject to tolerances), and an optimal solution is available.
│ └ objective_bound    : 2.31269e+06
├ Solution (result = 1)
│ ├ primal_status        : FEASIBLE_POINT
│ ├ dual_status          : NO_SOLUTION
│ ├ objective_value      : 2.34764e+06
│ └ relative_gap         : 1.48844e-02
└ Work counters
  ├ solve_time (sec)   : 3.54900e+00
  ├ simplex_iterations : 12008
  ├ barrier_iterations : 0
  └ node_count         : 1


Termination Status: OPTIMAL
Acceptable solution found (Status: OPTIMAL).
Step-6: record datas
PART1: [unit-commitment] calculation result has been saved to: D:/GithubClonefiles/module_unitcommitment/output/details_schedule_results/pcm_simulation_results/intervels_[2]/res_schedule_commitment_result.txt
PART1: [unit-commitment] calculation result has been saved to: D:/GithubClonefiles/module_unitcommitment/output/details_schedule_results/pcm_simulation_results/intervels_[2]/res_schedule_commitment_result.txt
Step-3: Creating dispatching model (Refactored & Modularized)
Set parameter Username
Set parameter LicenseID to value 2826524
Academic license - for non-commercial use only - expires 2027-05-22
Set parameter MIPGap to value 0.015
	 Variables defined.
DEBUG set_objective_economic!: NT=31, NG=54, ND=91, NW=2, NS=1, K=3, size(refcost)=(54,), size(eachslope)=(3, 54)
objective_function
	MILP economic objective set
subject to.
	 constraints: 1) minimum shutup/shutdown time limits			 done
	 constraints: 2) binary variable logic					 done
	 constraints: 3) shutup/shutdown cost					 done
	 constraints: 4) loadcurtailments and spoliedwinds			 done
	 constraints: 5) generatos power limits					 done
	 constraints: 6) system reserves limits					 done
	 constraints: 7) power balance constraints				 done
	 constraints: 8) ramp-up/ramp-down constraints				 done
	 constraints: 9) piece linearization constraints			 done
	 constraints: 10) transmissionline limits skipped (is_NetWorkCon != 1 or Gsdf missing or NL=0)
	 constraints: 11) stroges system constraints skipped (is_ConsiderBESS=0)
	 constraints: 12) data centra constraints skipped (is_ConsiderDataCentra != 1)
	 constraints: 13) frequency control constraints skipped (is_ConsiderFrequencyControl != 1)
	 constraints: 14) hydro power limits					 done
+++++++++++++++++++++++++++++++++++++++++++++++++++++++++++++++++++++++++++++++++++++++++++
Step-4: starting Gurobi solver
Set parameter MIPGap to value 0.015
Gurobi Optimizer version 13.0.2 build v13.0.2rc1 (win64 - Windows 11+.0 (29639.2))

CPU model: 13th Gen Intel(R) Core(TM) i7-13700F, instruction set [SSE2|AVX|AVX2]
Thread count: 16 physical cores, 24 logical processors, using up to 24 threads

Non-default parameters:
MIPGap  0.015

Optimize a model with 33617 rows, 21762 columns and 181568 nonzeros (Min)
Model fingerprint: 0xb982efbf
Model has 16275 linear objective coefficients
Variable types: 16616 continuous, 5146 integer (5146 binary)
Coefficient statistics:
  Matrix range     [3e-02, 4e+02]
  Objective range  [1e+00, 1e+15]
  Bounds range     [0e+00, 0e+00]
  RHS range        [7e-03, 4e+02]
Warning: Model contains large objective coefficients
         Consider reformulating model or setting NumericFocus parameter
         to avoid numerical issues.

Presolve removed 13461 rows and 6979 columns
Presolve time: 0.72s
Presolved: 20156 rows, 14783 columns, 90576 nonzeros
Variable types: 10136 continuous, 4647 integer (4647 binary)

Root relaxation: objective 2.094091e+06, 9759 iterations, 0.47 seconds (0.45 work units)

    Nodes    |    Current Node    |     Objective Bounds      |     Work
 Expl Unexpl |  Obj  Depth IntInf | Incumbent    BestBd   Gap | It/Node Time

     0     0 2094091.11    0  198          - 2094091.11      -     -    1s
H    0     0                    5.992664e+15 2094091.11   100%     -    1s
H    0     0                    2304368.0341 2094091.11  9.13%     -    1s
H    0     0                    2135362.4719 2094091.11  1.93%     -    2s
     0     0 2094214.61    0  233 2135362.47 2094214.61  1.93%     -    2s
     0     0 2094215.34    0  241 2135362.47 2094215.34  1.93%     -    2s
     0     0 2094215.34    0  241 2135362.47 2094215.34  1.93%     -    2s
     0     0 2094304.58    0  230 2135362.47 2094304.58  1.92%     -    3s
     0     0 2094332.20    0  274 2135362.47 2094332.20  1.92%     -    3s
     0     0 2094336.31    0  289 2135362.47 2094336.31  1.92%     -    3s
     0     0 2094355.61    0  263 2135362.47 2094355.61  1.92%     -    3s
     0     0 2094357.25    0  261 2135362.47 2094357.25  1.92%     -    3s
     0     0 2094357.35    0  256 2135362.47 2094357.35  1.92%     -    3s
     0     0 2094441.82    0  285 2135362.47 2094441.82  1.92%     -    4s
     0     0 2094532.53    0  272 2135362.47 2094532.53  1.91%     -    4s
     0     0 2094553.05    0  330 2135362.47 2094553.05  1.91%     -    4s
     0     0 2094561.57    0  307 2135362.47 2094561.57  1.91%     -    4s
     0     0 2094562.47    0  324 2135362.47 2094562.47  1.91%     -    4s
     0     0 2094562.70    0  327 2135362.47 2094562.70  1.91%     -    4s
H    0     0                    2126174.6058 2094562.70  1.49%     -    5s

Cutting planes:
  Gomory: 16
  Lift-and-project: 3
  Cover: 7
  Implied bound: 48
  MIR: 84
  StrongCG: 1
  Flow cover: 37
  Network: 1
  RLT: 2
  Relax-and-lift: 6

Explored 1 nodes (11407 simplex iterations) in 5.06 seconds (3.89 work units)
Thread count was 24 (of 24 available processors)

Solution count 4: 2.12617e+06 2.13536e+06 2.30437e+06 5.99266e+15 

Optimal solution found (tolerance 1.50e-02)
Best objective 2.126174605844e+06, best bound 2.094562700539e+06, gap 1.4868%

User-callback calls 876, time in user-callback 0.00 sec
Step-5: Gurobi solver finished
+++++++++++++++++++++++++++++++++++++++++++++++++++++++++++++++++++++++++++++++++++++++++++

assert_is_solved_and_feasible(scuc) = nothing
solution_summary(scuc) = solution_summary(; result = 1, verbose = false)
├ solver_name          : Gurobi
├ Termination
│ ├ termination_status : OPTIMAL
│ ├ result_count       : 4
│ ├ raw_status         : Model was solved to optimality (subject to tolerances), and an optimal solution is available.
│ └ objective_bound    : 2.09456e+06
├ Solution (result = 1)
│ ├ primal_status        : FEASIBLE_POINT
│ ├ dual_status          : NO_SOLUTION
│ ├ objective_value      : 2.12617e+06
│ └ relative_gap         : 1.48680e-02
└ Work counters
  ├ solve_time (sec)   : 5.06400e+00
  ├ simplex_iterations : 11407
  ├ barrier_iterations : 0
  └ node_count         : 1


Termination Status: OPTIMAL
Acceptable solution found (Status: OPTIMAL).
Step-6: record datas
PART1: [unit-commitment] calculation result has been saved to: D:/GithubClonefiles/module_unitcommitment/output/details_schedule_results/pcm_simulation_results/intervels_[3]/res_schedule_commitment_result.txt
PART1: [unit-commitment] calculation result has been saved to: D:/GithubClonefiles/module_unitcommitment/output/details_schedule_results/pcm_simulation_results/intervels_[3]/res_schedule_commitment_result.txt
Step-3: Creating dispatching model (Refactored & Modularized)
Set parameter Username
Set parameter LicenseID to value 2826524
Academic license - for non-commercial use only - expires 2027-05-22
Set parameter MIPGap to value 0.015
	 Variables defined.
DEBUG set_objective_economic!: NT=30, NG=54, ND=91, NW=2, NS=1, K=3, size(refcost)=(54,), size(eachslope)=(3, 54)
objective_function
	MILP economic objective set
subject to.
	 constraints: 1) minimum shutup/shutdown time limits			 done
	 constraints: 2) binary variable logic					 done
	 constraints: 3) shutup/shutdown cost					 done
	 constraints: 4) loadcurtailments and spoliedwinds			 done
	 constraints: 5) generatos power limits					 done
	 constraints: 6) system reserves limits					 done
	 constraints: 7) power balance constraints				 done
	 constraints: 8) ramp-up/ramp-down constraints				 done
	 constraints: 9) piece linearization constraints			 done
	 constraints: 10) transmissionline limits skipped (is_NetWorkCon != 1 or Gsdf missing or NL=0)
	 constraints: 11) stroges system constraints skipped (is_ConsiderBESS=0)
	 constraints: 12) data centra constraints skipped (is_ConsiderDataCentra != 1)
	 constraints: 13) frequency control constraints skipped (is_ConsiderFrequencyControl != 1)
	 constraints: 14) hydro power limits					 done
+++++++++++++++++++++++++++++++++++++++++++++++++++++++++++++++++++++++++++++++++++++++++++
Step-4: starting Gurobi solver
Set parameter MIPGap to value 0.015
Gurobi Optimizer version 13.0.2 build v13.0.2rc1 (win64 - Windows 11+.0 (29639.2))

CPU model: 13th Gen Intel(R) Core(TM) i7-13700F, instruction set [SSE2|AVX|AVX2]
Thread count: 16 physical cores, 24 logical processors, using up to 24 threads

Non-default parameters:
MIPGap  0.015

Optimize a model with 32523 rows, 21060 columns and 175600 nonzeros (Min)
Model fingerprint: 0x87f53c58
Model has 15750 linear objective coefficients
Variable types: 16080 continuous, 4980 integer (4980 binary)
Coefficient statistics:
  Matrix range     [3e-02, 4e+02]
  Objective range  [1e+00, 1e+15]
  Bounds range     [0e+00, 0e+00]
  RHS range        [8e-03, 4e+02]
Warning: Model contains large objective coefficients
         Consider reformulating model or setting NumericFocus parameter
         to avoid numerical issues.

Presolve removed 12969 rows and 6748 columns
Presolve time: 0.51s
Presolved: 19554 rows, 14312 columns, 74242 nonzeros
Variable types: 9809 continuous, 4503 integer (4503 binary)

Root relaxation: objective 2.248944e+06, 10604 iterations, 0.46 seconds (0.39 work units)

    Nodes    |    Current Node    |     Objective Bounds      |     Work
 Expl Unexpl |  Obj  Depth IntInf | Incumbent    BestBd   Gap | It/Node Time

     0     0 2248944.34    0  473          - 2248944.34      -     -    1s
H    0     0                    2346756.2393 2248944.34  4.17%     -    1s
     0     0 2255152.63    0  336 2346756.24 2255152.63  3.90%     -    2s
     0     0 2255221.60    0  331 2346756.24 2255221.60  3.90%     -    2s
     0     0 2255221.60    0  331 2346756.24 2255221.60  3.90%     -    2s
     0     0 2256848.75    0  264 2346756.24 2256848.75  3.83%     -    2s
     0     0 2256885.45    0  270 2346756.24 2256885.45  3.83%     -    2s
H    0     0                    2316321.6459 2257544.05  2.54%     -    3s
     0     0 2257544.05    0  267 2316321.65 2257544.05  2.54%     -    3s
     0     0 2257682.66    0  249 2316321.65 2257682.66  2.53%     -    3s
     0     0 2257697.47    0  259 2316321.65 2257697.47  2.53%     -    3s
     0     0 2257701.30    0  253 2316321.65 2257701.30  2.53%     -    3s
     0     0 2257702.52    0  283 2316321.65 2257702.52  2.53%     -    3s
H    0     0                    2314954.3213 2257702.52  2.47%     -    4s
H    0     0                    2313291.2940 2257702.52  2.40%     -    4s
H    0     0                    2312591.0194 2257702.52  2.37%     -    4s
H    0     0                    2310688.7966 2257702.52  2.29%     -    4s
H    0     0                    2307609.4948 2257702.52  2.16%     -    4s
H    0     0                    2306244.7917 2257702.52  2.10%     -    4s
H    0     0                    2306244.7903 2257702.52  2.10%     -    4s
H    0     0                    2292954.5616 2257702.52  1.54%     -    4s
     0     0 2258190.88    0  297 2292954.56 2258190.88  1.52%     -    4s
H    0     0                    2280266.9591 2258274.37  0.96%     -    4s
     0     0 2258274.37    0  314 2280266.96 2258274.37  0.96%     -    4s

Cutting planes:
  Gomory: 29
  Implied bound: 282
  MIR: 130
  Flow cover: 150
  RLT: 124
  Relax-and-lift: 111
  BQP: 6

Explored 1 nodes (13805 simplex iterations) in 4.63 seconds (3.44 work units)
Thread count was 24 (of 24 available processors)

Solution count 10: 2.28027e+06 2.29295e+06 2.30624e+06 ... 2.34676e+06

Optimal solution found (tolerance 1.50e-02)
Best objective 2.280266959104e+06, best bound 2.258274370748e+06, gap 0.9645%

User-callback calls 802, time in user-callback 0.00 sec
Step-5: Gurobi solver finished
+++++++++++++++++++++++++++++++++++++++++++++++++++++++++++++++++++++++++++++++++++++++++++

assert_is_solved_and_feasible(scuc) = nothing
solution_summary(scuc) = solution_summary(; result = 1, verbose = false)
├ solver_name          : Gurobi
├ Termination
│ ├ termination_status : OPTIMAL
│ ├ result_count       : 10
│ ├ raw_status         : Model was solved to optimality (subject to tolerances), and an optimal solution is available.
│ └ objective_bound    : 2.25827e+06
├ Solution (result = 1)
│ ├ primal_status        : FEASIBLE_POINT
│ ├ dual_status          : NO_SOLUTION
│ ├ objective_value      : 2.28027e+06
│ └ relative_gap         : 9.64474e-03
└ Work counters
  ├ solve_time (sec)   : 4.63500e+00
  ├ simplex_iterations : 13805
  ├ barrier_iterations : 0
  └ node_count         : 1


Termination Status: OPTIMAL
Acceptable solution found (Status: OPTIMAL).
Step-6: record datas
PART1: [unit-commitment] calculation result has been saved to: D:/GithubClonefiles/module_unitcommitment/output/details_schedule_results/pcm_simulation_results/intervels_[4]/res_schedule_commitment_result.txt
PART1: [unit-commitment] calculation result has been saved to: D:/GithubClonefiles/module_unitcommitment/output/details_schedule_results/pcm_simulation_results/intervels_[4]/res_schedule_commitment_result.txt
Step-3: Creating dispatching model (Refactored & Modularized)
Set parameter Username
Set parameter LicenseID to value 2826524
Academic license - for non-commercial use only - expires 2027-05-22
Set parameter MIPGap to value 0.015
	 Variables defined.
DEBUG set_objective_economic!: NT=30, NG=54, ND=91, NW=2, NS=1, K=3, size(refcost)=(54,), size(eachslope)=(3, 54)
objective_function
	MILP economic objective set
subject to.
	 constraints: 1) minimum shutup/shutdown time limits			 done
	 constraints: 2) binary variable logic					 done
	 constraints: 3) shutup/shutdown cost					 done
	 constraints: 4) loadcurtailments and spoliedwinds			 done
	 constraints: 5) generatos power limits					 done
	 constraints: 6) system reserves limits					 done
	 constraints: 7) power balance constraints				 done
	 constraints: 8) ramp-up/ramp-down constraints				 done
	 constraints: 9) piece linearization constraints			 done
	 constraints: 10) transmissionline limits skipped (is_NetWorkCon != 1 or Gsdf missing or NL=0)
	 constraints: 11) stroges system constraints skipped (is_ConsiderBESS=0)
	 constraints: 12) data centra constraints skipped (is_ConsiderDataCentra != 1)
	 constraints: 13) frequency control constraints skipped (is_ConsiderFrequencyControl != 1)
	 constraints: 14) hydro power limits					 done
+++++++++++++++++++++++++++++++++++++++++++++++++++++++++++++++++++++++++++++++++++++++++++
Step-4: starting Gurobi solver
Set parameter MIPGap to value 0.015
Gurobi Optimizer version 13.0.2 build v13.0.2rc1 (win64 - Windows 11+.0 (29639.2))

CPU model: 13th Gen Intel(R) Core(TM) i7-13700F, instruction set [SSE2|AVX|AVX2]
Thread count: 16 physical cores, 24 logical processors, using up to 24 threads

Non-default parameters:
MIPGap  0.015

Optimize a model with 32525 rows, 21060 columns and 175586 nonzeros (Min)
Model fingerprint: 0xde90dd10
Model has 15750 linear objective coefficients
Variable types: 16080 continuous, 4980 integer (4980 binary)
Coefficient statistics:
  Matrix range     [3e-02, 4e+02]
  Objective range  [1e+00, 1e+15]
  Bounds range     [0e+00, 0e+00]
  RHS range        [8e-03, 4e+02]
Warning: Model contains large objective coefficients
         Consider reformulating model or setting NumericFocus parameter
         to avoid numerical issues.

Presolve removed 12993 rows and 6754 columns
Presolve time: 0.62s
Presolved: 19532 rows, 14306 columns, 74135 nonzeros
Variable types: 9809 continuous, 4497 integer (4497 binary)

Root relaxation: objective 2.243364e+06, 10480 iterations, 0.44 seconds (0.43 work units)

    Nodes    |    Current Node    |     Objective Bounds      |     Work
 Expl Unexpl |  Obj  Depth IntInf | Incumbent    BestBd   Gap | It/Node Time

     0     0 2243364.00    0  544          - 2243364.00      -     -    1s
H    0     0                    2559367.2151 2243364.00  12.3%     -    1s
H    0     0                    2443561.7999 2243364.00  8.19%     -    1s
     0     0 2247640.88    0  316 2443561.80 2247640.88  8.02%     -    2s
     0     0 2249863.63    0  298 2443561.80 2249863.63  7.93%     -    3s
     0     0 2249968.65    0  327 2443561.80 2249968.65  7.92%     -    3s
     0     0 2250018.92    0  322 2443561.80 2250018.92  7.92%     -    3s
     0     0 2250019.33    0  332 2443561.80 2250019.33  7.92%     -    3s
H    0     0                    2275662.6621 2250019.33  1.13%     -    3s

Cutting planes:
  Gomory: 49
  Implied bound: 260
  MIR: 159
  Flow cover: 170
  Network: 5
  RLT: 20
  Relax-and-lift: 95
  PSD: 2

Explored 1 nodes (13060 simplex iterations) in 4.05 seconds (3.17 work units)
Thread count was 24 (of 24 available processors)

Solution count 3: 2.27566e+06 2.44356e+06 2.55937e+06 

Optimal solution found (tolerance 1.50e-02)
Best objective 2.275662662134e+06, best bound 2.251952753959e+06, gap 1.0419%

User-callback calls 704, time in user-callback 0.00 sec
Step-5: Gurobi solver finished
+++++++++++++++++++++++++++++++++++++++++++++++++++++++++++++++++++++++++++++++++++++++++++

assert_is_solved_and_feasible(scuc) = nothing
solution_summary(scuc) = solution_summary(; result = 1, verbose = false)
├ solver_name          : Gurobi
├ Termination
│ ├ termination_status : OPTIMAL
│ ├ result_count       : 3
│ ├ raw_status         : Model was solved to optimality (subject to tolerances), and an optimal solution is available.
│ └ objective_bound    : 2.25195e+06
├ Solution (result = 1)
│ ├ primal_status        : FEASIBLE_POINT
│ ├ dual_status          : NO_SOLUTION
│ ├ objective_value      : 2.27566e+06
│ └ relative_gap         : 1.04189e-02
└ Work counters
  ├ solve_time (sec)   : 4.04800e+00
  ├ simplex_iterations : 13060
  ├ barrier_iterations : 0
  └ node_count         : 1


Termination Status: OPTIMAL
Acceptable solution found (Status: OPTIMAL).
Step-6: record datas
PART1: [unit-commitment] calculation result has been saved to: D:/GithubClonefiles/module_unitcommitment/output/details_schedule_results/pcm_simulation_results/intervels_[5]/res_schedule_commitment_result.txt
PART1: [unit-commitment] calculation result has been saved to: D:/GithubClonefiles/module_unitcommitment/output/details_schedule_results/pcm_simulation_results/intervels_[5]/res_schedule_commitment_result.txt
Step-3: Creating dispatching model (Refactored & Modularized)
Set parameter Username
Set parameter LicenseID to value 2826524
Academic license - for non-commercial use only - expires 2027-05-22
Set parameter MIPGap to value 0.015
	 Variables defined.
DEBUG set_objective_economic!: NT=29, NG=54, ND=91, NW=2, NS=1, K=3, size(refcost)=(54,), size(eachslope)=(3, 54)
objective_function
	MILP economic objective set
subject to.
	 constraints: 1) minimum shutup/shutdown time limits			 done
	 constraints: 2) binary variable logic					 done
	 constraints: 3) shutup/shutdown cost					 done
	 constraints: 4) loadcurtailments and spoliedwinds			 done
	 constraints: 5) generatos power limits					 done
	 constraints: 6) system reserves limits					 done
	 constraints: 7) power balance constraints				 done
	 constraints: 8) ramp-up/ramp-down constraints				 done
	 constraints: 9) piece linearization constraints			 done
	 constraints: 10) transmissionline limits skipped (is_NetWorkCon != 1 or Gsdf missing or NL=0)
	 constraints: 11) stroges system constraints skipped (is_ConsiderBESS=0)
	 constraints: 12) data centra constraints skipped (is_ConsiderDataCentra != 1)
	 constraints: 13) frequency control constraints skipped (is_ConsiderFrequencyControl != 1)
	 constraints: 14) hydro power limits					 done
+++++++++++++++++++++++++++++++++++++++++++++++++++++++++++++++++++++++++++++++++++++++++++
Step-4: starting Gurobi solver
Set parameter MIPGap to value 0.015
Gurobi Optimizer version 13.0.2 build v13.0.2rc1 (win64 - Windows 11+.0 (29639.2))

CPU model: 13th Gen Intel(R) Core(TM) i7-13700F, instruction set [SSE2|AVX|AVX2]
Thread count: 16 physical cores, 24 logical processors, using up to 24 threads

Non-default parameters:
MIPGap  0.015

Optimize a model with 31420 rows, 20358 columns and 169585 nonzeros (Min)
Model fingerprint: 0xd4785f5a
Model has 15225 linear objective coefficients
Variable types: 15544 continuous, 4814 integer (4814 binary)
Coefficient statistics:
  Matrix range     [3e-02, 4e+02]
  Objective range  [1e+00, 1e+15]
  Bounds range     [0e+00, 0e+00]
  RHS range        [7e-03, 4e+02]
Warning: Model contains large objective coefficients
         Consider reformulating model or setting NumericFocus parameter
         to avoid numerical issues.

Presolve removed 12573 rows and 6542 columns
Presolve time: 0.47s
Presolved: 18847 rows, 13816 columns, 71462 nonzeros
Variable types: 9478 continuous, 4338 integer (4338 binary)
Warning: switch to quad precision

Root relaxation: objective 6.455806e+15, 10187 iterations, 0.35 seconds (0.28 work units)

    Nodes    |    Current Node    |     Objective Bounds      |     Work
 Expl Unexpl |  Obj  Depth IntInf | Incumbent    BestBd   Gap | It/Node Time

     0     0 6.4558e+15    0  417          - 6.4558e+15      -     -    1s
H    0     0                    6.455806e+15 6.4558e+15  0.00%     -    1s

Explored 1 nodes (10196 simplex iterations) in 1.64 seconds (1.77 work units)
Thread count was 24 (of 24 available processors)

Solution count 1: 6.45581e+15 

Optimal solution found (tolerance 1.50e-02)
Best objective 6.455805898205e+15, best bound 6.455805898205e+15, gap 0.0000%

User-callback calls 455, time in user-callback 0.00 sec
Step-5: Gurobi solver finished
+++++++++++++++++++++++++++++++++++++++++++++++++++++++++++++++++++++++++++++++++++++++++++

assert_is_solved_and_feasible(scuc) = nothing
solution_summary(scuc) = solution_summary(; result = 1, verbose = false)
├ solver_name          : Gurobi
├ Termination
│ ├ termination_status : OPTIMAL
│ ├ result_count       : 1
│ ├ raw_status         : Model was solved to optimality (subject to tolerances), and an optimal solution is available.
│ └ objective_bound    : 6.45581e+15
├ Solution (result = 1)
│ ├ primal_status        : FEASIBLE_POINT
│ ├ dual_status          : NO_SOLUTION
│ ├ objective_value      : 6.45581e+15
│ └ relative_gap         : 2.91211e-14
└ Work counters
  ├ solve_time (sec)   : 1.64000e+00
  ├ simplex_iterations : 10196
  ├ barrier_iterations : 0
  └ node_count         : 1


Termination Status: OPTIMAL
Acceptable solution found (Status: OPTIMAL).
Step-6: record datas
PART1: [unit-commitment] calculation result has been saved to: D:/GithubClonefiles/module_unitcommitment/output/details_schedule_results/pcm_simulation_results/intervels_[6]/res_schedule_commitment_result.txt
PART1: [unit-commitment] calculation result has been saved to: D:/GithubClonefiles/module_unitcommitment/output/details_schedule_results/pcm_simulation_results/intervels_[6]/res_schedule_commitment_result.txt
Step-3: Creating dispatching model (Refactored & Modularized)
Set parameter Username
Set parameter LicenseID to value 2826524
Academic license - for non-commercial use only - expires 2027-05-22
Set parameter MIPGap to value 0.015
	 Variables defined.
DEBUG set_objective_economic!: NT=24, NG=54, ND=91, NW=2, NS=1, K=3, size(refcost)=(54,), size(eachslope)=(3, 54)
objective_function
	MILP economic objective set
subject to.
	 constraints: 1) minimum shutup/shutdown time limits			 done
	 constraints: 2) binary variable logic					 done
	 constraints: 3) shutup/shutdown cost					 done
	 constraints: 4) loadcurtailments and spoliedwinds			 done
	 constraints: 5) generatos power limits					 done
	 constraints: 6) system reserves limits					 done
	 constraints: 7) power balance constraints				 done
	 constraints: 8) ramp-up/ramp-down constraints				 done
	 constraints: 9) piece linearization constraints			 done
	 constraints: 10) transmissionline limits skipped (is_NetWorkCon != 1 or Gsdf missing or NL=0)
	 constraints: 11) stroges system constraints skipped (is_ConsiderBESS=0)
	 constraints: 12) data centra constraints skipped (is_ConsiderDataCentra != 1)
	 constraints: 13) frequency control constraints skipped (is_ConsiderFrequencyControl != 1)
	 constraints: 14) hydro power limits					 done
+++++++++++++++++++++++++++++++++++++++++++++++++++++++++++++++++++++++++++++++++++++++++++
Step-4: starting Gurobi solver
Set parameter MIPGap to value 0.015
Gurobi Optimizer version 13.0.2 build v13.0.2rc1 (win64 - Windows 11+.0 (29639.2))

CPU model: 13th Gen Intel(R) Core(TM) i7-13700F, instruction set [SSE2|AVX|AVX2]
Thread count: 16 physical cores, 24 logical processors, using up to 24 threads

Non-default parameters:
MIPGap  0.015

Optimize a model with 25955 rows, 16848 columns and 139823 nonzeros (Min)
Model fingerprint: 0x4125565c
Model has 12600 linear objective coefficients
Variable types: 12864 continuous, 3984 integer (3984 binary)
Coefficient statistics:
  Matrix range     [3e-02, 4e+02]
  Objective range  [1e+00, 1e+15]
  Bounds range     [0e+00, 0e+00]
  RHS range        [7e-03, 4e+02]
Warning: Model contains large objective coefficients
         Consider reformulating model or setting NumericFocus parameter
         to avoid numerical issues.

Presolve removed 10621 rows and 5497 columns
Presolve time: 0.49s
Presolved: 15334 rows, 11351 columns, 58281 nonzeros
Variable types: 7847 continuous, 3504 integer (3504 binary)

Root relaxation: objective 1.749458e+06, 7209 iterations, 0.33 seconds (0.31 work units)

    Nodes    |    Current Node    |     Objective Bounds      |     Work
 Expl Unexpl |  Obj  Depth IntInf | Incumbent    BestBd   Gap | It/Node Time

     0     0 1749458.04    0  279          - 1749458.04      -     -    1s
H    0     0                    1971641.8153 1749458.04  11.3%     -    1s
H    0     0                    1863102.9455 1749458.04  6.10%     -    1s
H    0     0                    1858163.4755 1749458.04  5.85%     -    1s
     0     0 1751414.16    0  246 1858163.48 1751414.16  5.74%     -    1s
     0     0 1751520.51    0  245 1858163.48 1751520.51  5.74%     -    1s
     0     0 1753955.71    0  269 1858163.48 1753955.71  5.61%     -    2s
     0     0 1754007.98    0  265 1858163.48 1754007.98  5.61%     -    2s
     0     0 1754019.06    0  269 1858163.48 1754019.06  5.60%     -    2s
H    0     0                    1857806.1593 1754019.06  5.59%     -    2s
H    0     0                    1800120.5274 1754019.06  2.56%     -    2s
H    0     0                    1783963.0769 1755149.97  1.62%     -    2s
     0     0 1755149.97    0  200 1783963.08 1755149.97  1.62%     -    2s
     0     0 1755149.97    0  234 1783963.08 1755149.97  1.62%     -    3s
     0     0 1755493.91    0  219 1783963.08 1755493.91  1.60%     -    3s
     0     0 1755493.91    0  220 1783963.08 1755493.91  1.60%     -    3s
H    0     0                    1764361.6382 1755493.91  0.50%     -    3s

Cutting planes:
  Gomory: 33
  Cover: 2
  Implied bound: 187
  MIR: 148
  Flow cover: 112
  Network: 1
  RLT: 43
  Relax-and-lift: 61
  BQP: 2
  PSD: 1

Explored 1 nodes (9657 simplex iterations) in 3.48 seconds (2.69 work units)
Thread count was 24 (of 24 available processors)

Solution count 7: 1.76436e+06 1.78396e+06 1.80012e+06 ... 1.97164e+06

Optimal solution found (tolerance 1.50e-02)
Best objective 1.764361638162e+06, best bound 1.755495584590e+06, gap 0.5025%

User-callback calls 608, time in user-callback 0.00 sec
Step-5: Gurobi solver finished
+++++++++++++++++++++++++++++++++++++++++++++++++++++++++++++++++++++++++++++++++++++++++++

assert_is_solved_and_feasible(scuc) = nothing
solution_summary(scuc) = solution_summary(; result = 1, verbose = false)
├ solver_name          : Gurobi
├ Termination
│ ├ termination_status : OPTIMAL
│ ├ result_count       : 7
│ ├ raw_status         : Model was solved to optimality (subject to tolerances), and an optimal solution is available.
│ └ objective_bound    : 1.75550e+06
├ Solution (result = 1)
│ ├ primal_status        : FEASIBLE_POINT
│ ├ dual_status          : NO_SOLUTION
│ ├ objective_value      : 1.76436e+06
│ └ relative_gap         : 5.02508e-03
└ Work counters
  ├ solve_time (sec)   : 3.47500e+00
  ├ simplex_iterations : 9657
  ├ barrier_iterations : 0
  └ node_count         : 1


Termination Status: OPTIMAL
Acceptable solution found (Status: OPTIMAL).
Step-6: record datas
PART1: [unit-commitment] calculation result has been saved to: D:/GithubClonefiles/module_unitcommitment/output/details_schedule_results/pcm_simulation_results/intervels_[7]/res_schedule_commitment_result.txt
PART1: [unit-commitment] calculation result has been saved to: D:/GithubClonefiles/module_unitcommitment/output/details_schedule_results/pcm_simulation_results/intervels_[7]/res_schedule_commitment_result.txt
--------------------------------------------------------------------------------
Running mode: UnitOnly
Step-3: Creating dispatching model (Refactored & Modularized)
Set parameter Username
Set parameter LicenseID to value 2826524
Academic license - for non-commercial use only - expires 2027-05-22
Set parameter MIPGap to value 0.015
	 Variables defined.
DEBUG set_objective_economic!: NT=26, NG=54, ND=91, NW=2, NS=1, K=3, size(refcost)=(54,), size(eachslope)=(3, 54)
objective_function
	MILP economic objective set
subject to.
	 constraints: 1) minimum shutup/shutdown time limits			 done
	 constraints: 2) binary variable logic					 done
	 constraints: 3) shutup/shutdown cost					 done
	 constraints: 4) loadcurtailments and spoliedwinds			 done
	 constraints: 5) generatos power limits					 done
	 constraints: 6) system reserves limits					 done
	 constraints: 7) power balance constraints				 done
	 constraints: 8) ramp-up/ramp-down constraints				 done
	 constraints: 9) piece linearization constraints			 done
	 constraints: 10) transmissionline limits skipped (is_NetWorkCon != 1 or Gsdf missing or NL=0)
	 constraints: 11) stroges system constraints skipped (is_ConsiderBESS=0)
	 constraints: 12) data centra constraints skipped (is_ConsiderDataCentra != 1)
	 constraints: 13) frequency control constraints skipped (is_ConsiderFrequencyControl != 1)
	 constraints: 14) hydro power limits					 done
+++++++++++++++++++++++++++++++++++++++++++++++++++++++++++++++++++++++++++++++++++++++++++
Step-4: starting Gurobi solver
Set parameter MIPGap to value 0.015
Gurobi Optimizer version 13.0.2 build v13.0.2rc1 (win64 - Windows 11+.0 (29639.2))

CPU model: 13th Gen Intel(R) Core(TM) i7-13700F, instruction set [SSE2|AVX|AVX2]
Thread count: 16 physical cores, 24 logical processors, using up to 24 threads

Non-default parameters:
MIPGap  0.015

Optimize a model with 28132 rows, 18252 columns and 151682 nonzeros (Min)
Model fingerprint: 0xa6ef791e
Model has 13650 linear objective coefficients
Variable types: 13936 continuous, 4316 integer (4316 binary)
Coefficient statistics:
  Matrix range     [3e-02, 4e+02]
  Objective range  [1e+00, 1e+15]
  Bounds range     [0e+00, 0e+00]
  RHS range        [8e-03, 3e+02]
Warning: Model contains large objective coefficients
         Consider reformulating model or setting NumericFocus parameter
         to avoid numerical issues.

Presolve removed 11345 rows and 5893 columns
Presolve time: 0.55s
Presolved: 16787 rows, 12359 columns, 63983 nonzeros
Variable types: 8501 continuous, 3858 integer (3858 binary)

Root relaxation: objective 2.018840e+06, 8678 iterations, 0.41 seconds (0.39 work units)

    Nodes    |    Current Node    |     Objective Bounds      |     Work
 Expl Unexpl |  Obj  Depth IntInf | Incumbent    BestBd   Gap | It/Node Time

     0     0 2018839.56    0  335          - 2018839.56      -     -    1s
H    0     0                    2.025382e+15 2018839.56   100%     -    1s
H    0     0                    2241878.0594 2018839.56  9.95%     -    1s
H    0     0                    2124061.0453 2018839.56  4.95%     -    1s
     0     0 2022954.52    0  302 2124061.05 2022954.52  4.76%     -    2s
     0     0 2022987.86    0  286 2124061.05 2022987.86  4.76%     -    2s
     0     0 2022987.86    0  285 2124061.05 2022987.86  4.76%     -    2s
     0     0 2022987.86    0  284 2124061.05 2022987.86  4.76%     -    2s
H    0     0                    2120826.7076 2022987.86  4.61%     -    2s
H    0     0                    2056686.7116 2025241.60  1.53%     -    2s
     0     0 2025241.60    0  246 2056686.71 2025241.60  1.53%     -    2s
     0     0 2025254.74    0  255 2056686.71 2025254.74  1.53%     -    2s
     0     0 2025277.68    0  266 2056686.71 2025277.68  1.53%     -    2s
     0     0 2025277.96    0  266 2056686.71 2025277.96  1.53%     -    2s
H    0     0                    2055907.0476 2025277.96  1.49%     -    3s

Cutting planes:
  Gomory: 14
  Cover: 1
  Implied bound: 246
  MIR: 157
  Flow cover: 112
  Network: 4
  RLT: 70
  Relax-and-lift: 56
  BQP: 7
  PSD: 2

Explored 1 nodes (10779 simplex iterations) in 3.42 seconds (2.67 work units)
Thread count was 24 (of 24 available processors)

Solution count 6: 2.05591e+06 2.05669e+06 2.12083e+06 ... 2.02538e+15

Optimal solution found (tolerance 1.50e-02)
Best objective 2.055907047568e+06, best bound 2.025999519046e+06, gap 1.4547%

User-callback calls 592, time in user-callback 0.00 sec
Step-5: Gurobi solver finished
+++++++++++++++++++++++++++++++++++++++++++++++++++++++++++++++++++++++++++++++++++++++++++

assert_is_solved_and_feasible(scuc) = nothing
solution_summary(scuc) = solution_summary(; result = 1, verbose = false)
├ solver_name          : Gurobi
├ Termination
│ ├ termination_status : OPTIMAL
│ ├ result_count       : 6
│ ├ raw_status         : Model was solved to optimality (subject to tolerances), and an optimal solution is available.
│ └ objective_bound    : 2.02600e+06
├ Solution (result = 1)
│ ├ primal_status        : FEASIBLE_POINT
│ ├ dual_status          : NO_SOLUTION
│ ├ objective_value      : 2.05591e+06
│ └ relative_gap         : 1.45471e-02
└ Work counters
  ├ solve_time (sec)   : 3.41800e+00
  ├ simplex_iterations : 10779
  ├ barrier_iterations : 0
  └ node_count         : 1


Termination Status: OPTIMAL
Acceptable solution found (Status: OPTIMAL).
Step-6: record datas
PART1: [unit-commitment] calculation result has been saved to: D:/GithubClonefiles/module_unitcommitment/output/details_schedule_results/pcm_simulation_results/intervels_[1]/res_schedule_commitment_result.txt
PART1: [unit-commitment] calculation result has been saved to: D:/GithubClonefiles/module_unitcommitment/output/details_schedule_results/pcm_simulation_results/intervels_[1]/res_schedule_commitment_result.txt
Step-3: Creating dispatching model (Refactored & Modularized)
Set parameter Username
Set parameter LicenseID to value 2826524
Academic license - for non-commercial use only - expires 2027-05-22
Set parameter MIPGap to value 0.015
	 Variables defined.
DEBUG set_objective_economic!: NT=31, NG=54, ND=91, NW=2, NS=1, K=3, size(refcost)=(54,), size(eachslope)=(3, 54)
objective_function
	MILP economic objective set
subject to.
	 constraints: 1) minimum shutup/shutdown time limits			 done
	 constraints: 2) binary variable logic					 done
	 constraints: 3) shutup/shutdown cost					 done
	 constraints: 4) loadcurtailments and spoliedwinds			 done
	 constraints: 5) generatos power limits					 done
	 constraints: 6) system reserves limits					 done
	 constraints: 7) power balance constraints				 done
	 constraints: 8) ramp-up/ramp-down constraints				 done
	 constraints: 9) piece linearization constraints			 done
	 constraints: 10) transmissionline limits skipped (is_NetWorkCon != 1 or Gsdf missing or NL=0)
	 constraints: 11) stroges system constraints skipped (is_ConsiderBESS=0)
	 constraints: 12) data centra constraints skipped (is_ConsiderDataCentra != 1)
	 constraints: 13) frequency control constraints skipped (is_ConsiderFrequencyControl != 1)
	 constraints: 14) hydro power limits					 done
+++++++++++++++++++++++++++++++++++++++++++++++++++++++++++++++++++++++++++++++++++++++++++
Step-4: starting Gurobi solver
Set parameter MIPGap to value 0.015
Gurobi Optimizer version 13.0.2 build v13.0.2rc1 (win64 - Windows 11+.0 (29639.2))

CPU model: 13th Gen Intel(R) Core(TM) i7-13700F, instruction set [SSE2|AVX|AVX2]
Thread count: 16 physical cores, 24 logical processors, using up to 24 threads

Non-default parameters:
MIPGap  0.015

Optimize a model with 33633 rows, 21762 columns and 181646 nonzeros (Min)
Model fingerprint: 0xb11887b9
Model has 16275 linear objective coefficients
Variable types: 16616 continuous, 5146 integer (5146 binary)
Coefficient statistics:
  Matrix range     [3e-02, 4e+02]
  Objective range  [1e+00, 1e+15]
  Bounds range     [0e+00, 0e+00]
  RHS range        [7e-03, 4e+02]
Warning: Model contains large objective coefficients
         Consider reformulating model or setting NumericFocus parameter
         to avoid numerical issues.

Presolve removed 13434 rows and 6967 columns
Presolve time: 0.68s
Presolved: 20199 rows, 14795 columns, 90877 nonzeros
Variable types: 10136 continuous, 4659 integer (4659 binary)
Found heuristic solution: objective 3.775827e+16

Root relaxation: objective 2.429649e+06, 11177 iterations, 0.53 seconds (0.48 work units)

    Nodes    |    Current Node    |     Objective Bounds      |     Work
 Expl Unexpl |  Obj  Depth IntInf | Incumbent    BestBd   Gap | It/Node Time

     0     0 2429649.38    0  189 3.7758e+16 2429649.38   100%     -    1s
H    0     0                    8.472439e+14 2429649.38   100%     -    1s
     0     0 2429849.79    0  180 8.4724e+14 2429849.79   100%     -    2s
     0     0 2429857.45    0  162 8.4724e+14 2429857.45   100%     -    2s
     0     0 2429859.65    0  166 8.4724e+14 2429859.65   100%     -    2s
H    0     0                    4.570922e+14 2430025.14   100%     -    2s
     0     0 2430025.14    0  216 4.5709e+14 2430025.14   100%     -    2s
     0     0 2430043.83    0  198 4.5709e+14 2430043.83   100%     -    2s
     0     0 2430043.97    0  200 4.5709e+14 2430043.97   100%     -    2s
H    0     0                    2542144.5482 2430043.97  4.41%     -    3s
H    0     0                    2541176.2177 2430043.97  4.37%     -    3s
     0     0 2430158.13    0  257 2541176.22 2430158.13  4.37%     -    3s
     0     0 2430159.81    0  249 2541176.22 2430159.81  4.37%     -    3s
     0     0 2430163.30    0  244 2541176.22 2430163.30  4.37%     -    3s
H    0     0                    2452450.9643 2430163.38  0.91%     -    3s
     0     0 2430163.38    0  249 2452450.96 2430163.38  0.91%     -    3s

Cutting planes:
  Gomory: 8
  Implied bound: 27
  MIR: 44
  Flow cover: 42
  RLT: 3
  Relax-and-lift: 9

Explored 1 nodes (12178 simplex iterations) in 3.58 seconds (2.90 work units)
Thread count was 24 (of 24 available processors)

Solution count 6: 2.45245e+06 2.54118e+06 2.54214e+06 ... 3.77583e+16

Optimal solution found (tolerance 1.50e-02)
Best objective 2.452450964346e+06, best bound 2.430163379731e+06, gap 0.9088%

User-callback calls 672, time in user-callback 0.00 sec
Step-5: Gurobi solver finished
+++++++++++++++++++++++++++++++++++++++++++++++++++++++++++++++++++++++++++++++++++++++++++

assert_is_solved_and_feasible(scuc) = nothing
solution_summary(scuc) = solution_summary(; result = 1, verbose = false)
├ solver_name          : Gurobi
├ Termination
│ ├ termination_status : OPTIMAL
│ ├ result_count       : 6
│ ├ raw_status         : Model was solved to optimality (subject to tolerances), and an optimal solution is available.
│ └ objective_bound    : 2.43016e+06
├ Solution (result = 1)
│ ├ primal_status        : FEASIBLE_POINT
│ ├ dual_status          : NO_SOLUTION
│ ├ objective_value      : 2.45245e+06
│ └ relative_gap         : 9.08788e-03
└ Work counters
  ├ solve_time (sec)   : 3.58500e+00
  ├ simplex_iterations : 12178
  ├ barrier_iterations : 0
  └ node_count         : 1


Termination Status: OPTIMAL
Acceptable solution found (Status: OPTIMAL).
Step-6: record datas
PART1: [unit-commitment] calculation result has been saved to: D:/GithubClonefiles/module_unitcommitment/output/details_schedule_results/pcm_simulation_results/intervels_[2]/res_schedule_commitment_result.txt
PART1: [unit-commitment] calculation result has been saved to: D:/GithubClonefiles/module_unitcommitment/output/details_schedule_results/pcm_simulation_results/intervels_[2]/res_schedule_commitment_result.txt
Step-3: Creating dispatching model (Refactored & Modularized)
Set parameter Username
Set parameter LicenseID to value 2826524
Academic license - for non-commercial use only - expires 2027-05-22
Set parameter MIPGap to value 0.015
	 Variables defined.
DEBUG set_objective_economic!: NT=29, NG=54, ND=91, NW=2, NS=1, K=3, size(refcost)=(54,), size(eachslope)=(3, 54)
objective_function
	MILP economic objective set
subject to.
	 constraints: 1) minimum shutup/shutdown time limits			 done
	 constraints: 2) binary variable logic					 done
	 constraints: 3) shutup/shutdown cost					 done
	 constraints: 4) loadcurtailments and spoliedwinds			 done
	 constraints: 5) generatos power limits					 done
	 constraints: 6) system reserves limits					 done
	 constraints: 7) power balance constraints				 done
	 constraints: 8) ramp-up/ramp-down constraints				 done
	 constraints: 9) piece linearization constraints			 done
	 constraints: 10) transmissionline limits skipped (is_NetWorkCon != 1 or Gsdf missing or NL=0)
	 constraints: 11) stroges system constraints skipped (is_ConsiderBESS=0)
	 constraints: 12) data centra constraints skipped (is_ConsiderDataCentra != 1)
	 constraints: 13) frequency control constraints skipped (is_ConsiderFrequencyControl != 1)
	 constraints: 14) hydro power limits					 done
+++++++++++++++++++++++++++++++++++++++++++++++++++++++++++++++++++++++++++++++++++++++++++
Step-4: starting Gurobi solver
Set parameter MIPGap to value 0.015
Gurobi Optimizer version 13.0.2 build v13.0.2rc1 (win64 - Windows 11+.0 (29639.2))

CPU model: 13th Gen Intel(R) Core(TM) i7-13700F, instruction set [SSE2|AVX|AVX2]
Thread count: 16 physical cores, 24 logical processors, using up to 24 threads

Non-default parameters:
MIPGap  0.015

Optimize a model with 31437 rows, 20358 columns and 169660 nonzeros (Min)
Model fingerprint: 0xb60f6dc6
Model has 15225 linear objective coefficients
Variable types: 15544 continuous, 4814 integer (4814 binary)
Coefficient statistics:
  Matrix range     [3e-02, 4e+02]
  Objective range  [1e+00, 1e+15]
  Bounds range     [0e+00, 0e+00]
  RHS range        [7e-03, 4e+02]
Warning: Model contains large objective coefficients
         Consider reformulating model or setting NumericFocus parameter
         to avoid numerical issues.

Presolve removed 12594 rows and 6538 columns
Presolve time: 0.63s
Presolved: 18843 rows, 13820 columns, 71657 nonzeros
Variable types: 9482 continuous, 4338 integer (4338 binary)

Root relaxation: objective 2.002955e+06, 9414 iterations, 0.45 seconds (0.39 work units)

    Nodes    |    Current Node    |     Objective Bounds      |     Work
 Expl Unexpl |  Obj  Depth IntInf | Incumbent    BestBd   Gap | It/Node Time

     0     0 2002955.33    0  577          - 2002955.33      -     -    1s
H    0     0                    2282372.8736 2002955.33  12.2%     -    1s
H    0     0                    2281411.8189 2002955.33  12.2%     -    1s
     0     0 2006754.52    0  273 2281411.82 2006754.52  12.0%     -    2s
H    0     0                    2163157.2636 2006783.63  7.23%     -    3s
     0     0 2006783.63    0  270 2163157.26 2006783.63  7.23%     -    3s
H    0     0                    2154170.3144 2006783.63  6.84%     -    3s
     0     0 2008826.50    0  236 2154170.31 2008826.50  6.75%     -    3s
     0     0 2010549.15    0  236 2154170.31 2010549.15  6.67%     -    3s
     0     0 2010549.15    0  245 2154170.31 2010549.15  6.67%     -    3s
H    0     0                    2038795.4875 2010549.15  1.39%     -    4s

Cutting planes:
  Gomory: 31
  Lift-and-project: 8
  Cover: 3
  Implied bound: 231
  MIR: 190
  Flow cover: 199
  Network: 3
  RLT: 26
  Relax-and-lift: 62
  PSD: 3

Explored 1 nodes (11361 simplex iterations) in 4.39 seconds (3.14 work units)
Thread count was 24 (of 24 available processors)

Solution count 5: 2.0388e+06 2.15417e+06 2.16316e+06 ... 2.28237e+06

Optimal solution found (tolerance 1.50e-02)
Best objective 2.038795487521e+06, best bound 2.010549145011e+06, gap 1.3854%

User-callback calls 826, time in user-callback 0.00 sec
Step-5: Gurobi solver finished
+++++++++++++++++++++++++++++++++++++++++++++++++++++++++++++++++++++++++++++++++++++++++++

assert_is_solved_and_feasible(scuc) = nothing
solution_summary(scuc) = solution_summary(; result = 1, verbose = false)
├ solver_name          : Gurobi
├ Termination
│ ├ termination_status : OPTIMAL
│ ├ result_count       : 5
│ ├ raw_status         : Model was solved to optimality (subject to tolerances), and an optimal solution is available.
│ └ objective_bound    : 2.01055e+06
├ Solution (result = 1)
│ ├ primal_status        : FEASIBLE_POINT
│ ├ dual_status          : NO_SOLUTION
│ ├ objective_value      : 2.03880e+06
│ └ relative_gap         : 1.38544e-02
└ Work counters
  ├ solve_time (sec)   : 4.39600e+00
  ├ simplex_iterations : 11361
  ├ barrier_iterations : 0
  └ node_count         : 1


Termination Status: OPTIMAL
Acceptable solution found (Status: OPTIMAL).
Step-6: record datas
PART1: [unit-commitment] calculation result has been saved to: D:/GithubClonefiles/module_unitcommitment/output/details_schedule_results/pcm_simulation_results/intervels_[3]/res_schedule_commitment_result.txt
PART1: [unit-commitment] calculation result has been saved to: D:/GithubClonefiles/module_unitcommitment/output/details_schedule_results/pcm_simulation_results/intervels_[3]/res_schedule_commitment_result.txt
Step-3: Creating dispatching model (Refactored & Modularized)
Set parameter Username
Set parameter LicenseID to value 2826524
Academic license - for non-commercial use only - expires 2027-05-22
Set parameter MIPGap to value 0.015
	 Variables defined.
DEBUG set_objective_economic!: NT=31, NG=54, ND=91, NW=2, NS=1, K=3, size(refcost)=(54,), size(eachslope)=(3, 54)
objective_function
	MILP economic objective set
subject to.
	 constraints: 1) minimum shutup/shutdown time limits			 done
	 constraints: 2) binary variable logic					 done
	 constraints: 3) shutup/shutdown cost					 done
	 constraints: 4) loadcurtailments and spoliedwinds			 done
	 constraints: 5) generatos power limits					 done
	 constraints: 6) system reserves limits					 done
	 constraints: 7) power balance constraints				 done
	 constraints: 8) ramp-up/ramp-down constraints				 done
	 constraints: 9) piece linearization constraints			 done
	 constraints: 10) transmissionline limits skipped (is_NetWorkCon != 1 or Gsdf missing or NL=0)
	 constraints: 11) stroges system constraints skipped (is_ConsiderBESS=0)
	 constraints: 12) data centra constraints skipped (is_ConsiderDataCentra != 1)
	 constraints: 13) frequency control constraints skipped (is_ConsiderFrequencyControl != 1)
	 constraints: 14) hydro power limits					 done
+++++++++++++++++++++++++++++++++++++++++++++++++++++++++++++++++++++++++++++++++++++++++++
Step-4: starting Gurobi solver
Set parameter MIPGap to value 0.015
Gurobi Optimizer version 13.0.2 build v13.0.2rc1 (win64 - Windows 11+.0 (29639.2))

CPU model: 13th Gen Intel(R) Core(TM) i7-13700F, instruction set [SSE2|AVX|AVX2]
Thread count: 16 physical cores, 24 logical processors, using up to 24 threads

Non-default parameters:
MIPGap  0.015

Optimize a model with 33599 rows, 21762 columns and 181459 nonzeros (Min)
Model fingerprint: 0x84aa8b95
Model has 16275 linear objective coefficients
Variable types: 16616 continuous, 5146 integer (5146 binary)
Coefficient statistics:
  Matrix range     [3e-02, 4e+02]
  Objective range  [1e+00, 1e+15]
  Bounds range     [0e+00, 0e+00]
  RHS range        [8e-03, 4e+02]
Warning: Model contains large objective coefficients
         Consider reformulating model or setting NumericFocus parameter
         to avoid numerical issues.

Presolve removed 13407 rows and 6961 columns
Presolve time: 0.70s
Presolved: 20192 rows, 14801 columns, 90932 nonzeros
Variable types: 10136 continuous, 4665 integer (4665 binary)

Root relaxation: objective 2.320850e+06, 9700 iterations, 0.46 seconds (0.33 work units)

    Nodes    |    Current Node    |     Objective Bounds      |     Work
 Expl Unexpl |  Obj  Depth IntInf | Incumbent    BestBd   Gap | It/Node Time

     0     0 2320849.96    0  168          - 2320849.96      -     -    1s
H    0     0                    1.096312e+16 2320849.96   100%     -    1s
H    0     0                    5.972054e+15 2320849.96   100%     -    2s
H    0     0                    2346927.9245 2320849.96  1.11%     -    2s

Explored 1 nodes (9730 simplex iterations) in 2.27 seconds (2.54 work units)
Thread count was 24 (of 24 available processors)

Solution count 3: 2.34693e+06 5.97205e+15 1.09631e+16 

Optimal solution found (tolerance 1.50e-02)
Best objective 2.346927924513e+06, best bound 2.320849956248e+06, gap 1.1112%

User-callback calls 345, time in user-callback 0.00 sec
Step-5: Gurobi solver finished
+++++++++++++++++++++++++++++++++++++++++++++++++++++++++++++++++++++++++++++++++++++++++++

assert_is_solved_and_feasible(scuc) = nothing
solution_summary(scuc) = solution_summary(; result = 1, verbose = false)
├ solver_name          : Gurobi
├ Termination
│ ├ termination_status : OPTIMAL
│ ├ result_count       : 3
│ ├ raw_status         : Model was solved to optimality (subject to tolerances), and an optimal solution is available.
│ └ objective_bound    : 2.32085e+06
├ Solution (result = 1)
│ ├ primal_status        : FEASIBLE_POINT
│ ├ dual_status          : NO_SOLUTION
│ ├ objective_value      : 2.34693e+06
│ └ relative_gap         : 1.11115e-02
└ Work counters
  ├ solve_time (sec)   : 2.27400e+00
  ├ simplex_iterations : 9730
  ├ barrier_iterations : 0
  └ node_count         : 1


Termination Status: OPTIMAL
Acceptable solution found (Status: OPTIMAL).
Step-6: record datas
PART1: [unit-commitment] calculation result has been saved to: D:/GithubClonefiles/module_unitcommitment/output/details_schedule_results/pcm_simulation_results/intervels_[4]/res_schedule_commitment_result.txt
PART1: [unit-commitment] calculation result has been saved to: D:/GithubClonefiles/module_unitcommitment/output/details_schedule_results/pcm_simulation_results/intervels_[4]/res_schedule_commitment_result.txt
Step-3: Creating dispatching model (Refactored & Modularized)
Set parameter Username
Set parameter LicenseID to value 2826524
Academic license - for non-commercial use only - expires 2027-05-22
Set parameter MIPGap to value 0.015
	 Variables defined.
DEBUG set_objective_economic!: NT=28, NG=54, ND=91, NW=2, NS=1, K=3, size(refcost)=(54,), size(eachslope)=(3, 54)
objective_function
	MILP economic objective set
subject to.
	 constraints: 1) minimum shutup/shutdown time limits			 done
	 constraints: 2) binary variable logic					 done
	 constraints: 3) shutup/shutdown cost					 done
	 constraints: 4) loadcurtailments and spoliedwinds			 done
	 constraints: 5) generatos power limits					 done
	 constraints: 6) system reserves limits					 done
	 constraints: 7) power balance constraints				 done
	 constraints: 8) ramp-up/ramp-down constraints				 done
	 constraints: 9) piece linearization constraints			 done
	 constraints: 10) transmissionline limits skipped (is_NetWorkCon != 1 or Gsdf missing or NL=0)
	 constraints: 11) stroges system constraints skipped (is_ConsiderBESS=0)
	 constraints: 12) data centra constraints skipped (is_ConsiderDataCentra != 1)
	 constraints: 13) frequency control constraints skipped (is_ConsiderFrequencyControl != 1)
	 constraints: 14) hydro power limits					 done
+++++++++++++++++++++++++++++++++++++++++++++++++++++++++++++++++++++++++++++++++++++++++++
Step-4: starting Gurobi solver
Set parameter MIPGap to value 0.015
Gurobi Optimizer version 13.0.2 build v13.0.2rc1 (win64 - Windows 11+.0 (29639.2))

CPU model: 13th Gen Intel(R) Core(TM) i7-13700F, instruction set [SSE2|AVX|AVX2]
Thread count: 16 physical cores, 24 logical processors, using up to 24 threads

Non-default parameters:
MIPGap  0.015

Optimize a model with 30322 rows, 19656 columns and 163598 nonzeros (Min)
Model fingerprint: 0xcd3c8b74
Model has 14700 linear objective coefficients
Variable types: 15008 continuous, 4648 integer (4648 binary)
Coefficient statistics:
  Matrix range     [3e-02, 4e+02]
  Objective range  [1e+00, 1e+15]
  Bounds range     [0e+00, 0e+00]
  RHS range        [8e-03, 4e+02]
Warning: Model contains large objective coefficients
         Consider reformulating model or setting NumericFocus parameter
         to avoid numerical issues.

Presolve removed 12174 rows and 6329 columns
Presolve time: 0.56s
Presolved: 18148 rows, 13327 columns, 68915 nonzeros
Variable types: 9154 continuous, 4173 integer (4173 binary)

Root relaxation: objective 2.170559e+06, 8876 iterations, 0.39 seconds (0.39 work units)

    Nodes    |    Current Node    |     Objective Bounds      |     Work
 Expl Unexpl |  Obj  Depth IntInf | Incumbent    BestBd   Gap | It/Node Time

     0     0 2170558.78    0  464          - 2170558.78      -     -    1s
H    0     0                    2270604.5103 2170558.78  4.41%     -    1s
H    0     0                    2268699.1923 2170558.78  4.33%     -    1s
     0     0 2174811.23    0  317 2268699.19 2174811.23  4.14%     -    2s
     0     0 2176924.53    0  259 2268699.19 2176924.53  4.05%     -    3s
     0     0 2177136.32    0  288 2268699.19 2177136.32  4.04%     -    3s
     0     0 2177139.39    0  289 2268699.19 2177139.39  4.04%     -    3s
H    0     0                    2200787.6475 2177139.39  1.07%     -    3s

Cutting planes:
  Learned: 1
  Gomory: 47
  Cover: 5
  Implied bound: 287
  MIR: 149
  Flow cover: 142
  Network: 7
  RLT: 121
  Relax-and-lift: 90
  BQP: 9
  PSD: 4

Explored 1 nodes (10729 simplex iterations) in 3.58 seconds (2.86 work units)
Thread count was 24 (of 24 available processors)

Solution count 3: 2.20079e+06 2.2687e+06 2.2706e+06 

Optimal solution found (tolerance 1.50e-02)
Best objective 2.200787647527e+06, best bound 2.178296579697e+06, gap 1.0220%

User-callback calls 684, time in user-callback 0.00 sec
Step-5: Gurobi solver finished
+++++++++++++++++++++++++++++++++++++++++++++++++++++++++++++++++++++++++++++++++++++++++++

assert_is_solved_and_feasible(scuc) = nothing
solution_summary(scuc) = solution_summary(; result = 1, verbose = false)
├ solver_name          : Gurobi
├ Termination
│ ├ termination_status : OPTIMAL
│ ├ result_count       : 3
│ ├ raw_status         : Model was solved to optimality (subject to tolerances), and an optimal solution is available.
│ └ objective_bound    : 2.17830e+06
├ Solution (result = 1)
│ ├ primal_status        : FEASIBLE_POINT
│ ├ dual_status          : NO_SOLUTION
│ ├ objective_value      : 2.20079e+06
│ └ relative_gap         : 1.02196e-02
└ Work counters
  ├ solve_time (sec)   : 3.57600e+00
  ├ simplex_iterations : 10729
  ├ barrier_iterations : 0
  └ node_count         : 1


Termination Status: OPTIMAL
Acceptable solution found (Status: OPTIMAL).
Step-6: record datas
PART1: [unit-commitment] calculation result has been saved to: D:/GithubClonefiles/module_unitcommitment/output/details_schedule_results/pcm_simulation_results/intervels_[5]/res_schedule_commitment_result.txt
PART1: [unit-commitment] calculation result has been saved to: D:/GithubClonefiles/module_unitcommitment/output/details_schedule_results/pcm_simulation_results/intervels_[5]/res_schedule_commitment_result.txt
Step-3: Creating dispatching model (Refactored & Modularized)
Set parameter Username
Set parameter LicenseID to value 2826524
Academic license - for non-commercial use only - expires 2027-05-22
Set parameter MIPGap to value 0.015
	 Variables defined.
DEBUG set_objective_economic!: NT=30, NG=54, ND=91, NW=2, NS=1, K=3, size(refcost)=(54,), size(eachslope)=(3, 54)
objective_function
	MILP economic objective set
subject to.
	 constraints: 1) minimum shutup/shutdown time limits			 done
	 constraints: 2) binary variable logic					 done
	 constraints: 3) shutup/shutdown cost					 done
	 constraints: 4) loadcurtailments and spoliedwinds			 done
	 constraints: 5) generatos power limits					 done
	 constraints: 6) system reserves limits					 done
	 constraints: 7) power balance constraints				 done
	 constraints: 8) ramp-up/ramp-down constraints				 done
	 constraints: 9) piece linearization constraints			 done
	 constraints: 10) transmissionline limits skipped (is_NetWorkCon != 1 or Gsdf missing or NL=0)
	 constraints: 11) stroges system constraints skipped (is_ConsiderBESS=0)
	 constraints: 12) data centra constraints skipped (is_ConsiderDataCentra != 1)
	 constraints: 13) frequency control constraints skipped (is_ConsiderFrequencyControl != 1)
	 constraints: 14) hydro power limits					 done
+++++++++++++++++++++++++++++++++++++++++++++++++++++++++++++++++++++++++++++++++++++++++++
Step-4: starting Gurobi solver
Set parameter MIPGap to value 0.015
Gurobi Optimizer version 13.0.2 build v13.0.2rc1 (win64 - Windows 11+.0 (29639.2))

CPU model: 13th Gen Intel(R) Core(TM) i7-13700F, instruction set [SSE2|AVX|AVX2]
Thread count: 16 physical cores, 24 logical processors, using up to 24 threads

Non-default parameters:
MIPGap  0.015

Optimize a model with 32519 rows, 21060 columns and 175575 nonzeros (Min)
Model fingerprint: 0xdaf1bb2b
Model has 15750 linear objective coefficients
Variable types: 16080 continuous, 4980 integer (4980 binary)
Coefficient statistics:
  Matrix range     [3e-02, 4e+02]
  Objective range  [1e+00, 1e+15]
  Bounds range     [0e+00, 0e+00]
  RHS range        [7e-03, 4e+02]
Warning: Model contains large objective coefficients
         Consider reformulating model or setting NumericFocus parameter
         to avoid numerical issues.

Presolve removed 12974 rows and 6752 columns
Presolve time: 0.29s
Presolved: 19545 rows, 14308 columns, 74092 nonzeros
Variable types: 9805 continuous, 4503 integer (4503 binary)

Root relaxation: objective 6.455806e+15, 11659 iterations, 0.25 seconds (0.35 work units)

    Nodes    |    Current Node    |     Objective Bounds      |     Work
 Expl Unexpl |  Obj  Depth IntInf | Incumbent    BestBd   Gap | It/Node Time

     0     0 6.4558e+15    0  449          - 6.4558e+15      -     -    0s
H    0     0                    7.547491e+15 6.4558e+15  14.5%     -    1s
H    0     0                    6.455806e+15 6.4558e+15  0.00%     -    1s

Explored 1 nodes (11685 simplex iterations) in 1.33 seconds (2.27 work units)
Thread count was 24 (of 24 available processors)

Solution count 2: 6.45581e+15 7.54749e+15 

Optimal solution found (tolerance 1.50e-02)
Best objective 6.455805898266e+15, best bound 6.455805898266e+15, gap 0.0000%

User-callback calls 492, time in user-callback 0.00 sec
Step-5: Gurobi solver finished
+++++++++++++++++++++++++++++++++++++++++++++++++++++++++++++++++++++++++++++++++++++++++++

assert_is_solved_and_feasible(scuc) = nothing
solution_summary(scuc) = solution_summary(; result = 1, verbose = false)
├ solver_name          : Gurobi
├ Termination
│ ├ termination_status : OPTIMAL
│ ├ result_count       : 2
│ ├ raw_status         : Model was solved to optimality (subject to tolerances), and an optimal solution is available.
│ └ objective_bound    : 6.45581e+15
├ Solution (result = 1)
│ ├ primal_status        : FEASIBLE_POINT
│ ├ dual_status          : NO_SOLUTION
│ ├ objective_value      : 6.45581e+15
│ └ relative_gap         : 2.95858e-14
└ Work counters
  ├ solve_time (sec)   : 1.32900e+00
  ├ simplex_iterations : 11685
  ├ barrier_iterations : 0
  └ node_count         : 1


Termination Status: OPTIMAL
Acceptable solution found (Status: OPTIMAL).
Step-6: record datas
PART1: [unit-commitment] calculation result has been saved to: D:/GithubClonefiles/module_unitcommitment/output/details_schedule_results/pcm_simulation_results/intervels_[6]/res_schedule_commitment_result.txt
PART1: [unit-commitment] calculation result has been saved to: D:/GithubClonefiles/module_unitcommitment/output/details_schedule_results/pcm_simulation_results/intervels_[6]/res_schedule_commitment_result.txt
Step-3: Creating dispatching model (Refactored & Modularized)
Set parameter Username
Set parameter LicenseID to value 2826524
Academic license - for non-commercial use only - expires 2027-05-22
Set parameter MIPGap to value 0.015
	 Variables defined.
DEBUG set_objective_economic!: NT=24, NG=54, ND=91, NW=2, NS=1, K=3, size(refcost)=(54,), size(eachslope)=(3, 54)
objective_function
	MILP economic objective set
subject to.
	 constraints: 1) minimum shutup/shutdown time limits			 done
	 constraints: 2) binary variable logic					 done
	 constraints: 3) shutup/shutdown cost					 done
	 constraints: 4) loadcurtailments and spoliedwinds			 done
	 constraints: 5) generatos power limits					 done
	 constraints: 6) system reserves limits					 done
	 constraints: 7) power balance constraints				 done
	 constraints: 8) ramp-up/ramp-down constraints				 done
	 constraints: 9) piece linearization constraints			 done
	 constraints: 10) transmissionline limits skipped (is_NetWorkCon != 1 or Gsdf missing or NL=0)
	 constraints: 11) stroges system constraints skipped (is_ConsiderBESS=0)
	 constraints: 12) data centra constraints skipped (is_ConsiderDataCentra != 1)
	 constraints: 13) frequency control constraints skipped (is_ConsiderFrequencyControl != 1)
	 constraints: 14) hydro power limits					 done
+++++++++++++++++++++++++++++++++++++++++++++++++++++++++++++++++++++++++++++++++++++++++++
Step-4: starting Gurobi solver
Set parameter MIPGap to value 0.015
Gurobi Optimizer version 13.0.2 build v13.0.2rc1 (win64 - Windows 11+.0 (29639.2))

CPU model: 13th Gen Intel(R) Core(TM) i7-13700F, instruction set [SSE2|AVX|AVX2]
Thread count: 16 physical cores, 24 logical processors, using up to 24 threads

Non-default parameters:
MIPGap  0.015

Optimize a model with 25955 rows, 16848 columns and 139823 nonzeros (Min)
Model fingerprint: 0x10295f30
Model has 12600 linear objective coefficients
Variable types: 12864 continuous, 3984 integer (3984 binary)
Coefficient statistics:
  Matrix range     [3e-02, 4e+02]
  Objective range  [1e+00, 1e+15]
  Bounds range     [0e+00, 0e+00]
  RHS range        [7e-03, 4e+02]
Warning: Model contains large objective coefficients
         Consider reformulating model or setting NumericFocus parameter
         to avoid numerical issues.

Presolve removed 10613 rows and 5494 columns
Presolve time: 0.27s
Presolved: 15342 rows, 11354 columns, 58323 nonzeros
Variable types: 7847 continuous, 3507 integer (3507 binary)
Found heuristic solution: objective 2636118.8213

Root relaxation: objective 1.745115e+06, 7106 iterations, 0.20 seconds (0.25 work units)

    Nodes    |    Current Node    |     Objective Bounds      |     Work
 Expl Unexpl |  Obj  Depth IntInf | Incumbent    BestBd   Gap | It/Node Time

     0     0 1745115.27    0  240 2636118.82 1745115.27  33.8%     -    0s
H    0     0                    1888113.8636 1745115.27  7.57%     -    0s
H    0     0                    1875198.3584 1745115.27  6.94%     -    0s
     0     0 1746627.78    0  178 1875198.36 1746627.78  6.86%     -    0s
     0     0 1746674.29    0  193 1875198.36 1746674.29  6.85%     -    1s
     0     0 1746674.49    0  178 1875198.36 1746674.49  6.85%     -    1s

Cutting planes:
  Gomory: 25
  Lift-and-project: 18
  Cover: 1
  Implied bound: 110
  MIR: 71
  Flow cover: 73
  Network: 4
  RLT: 37
  Relax-and-lift: 32
  BQP: 3
  PSD: 3

Explored 1 nodes (7840 simplex iterations) in 1.29 seconds (1.59 work units)
Thread count was 24 (of 24 available processors)

Solution count 3: 1.8752e+06 1.88811e+06 2.63612e+06 

Optimal solution found (tolerance 1.50e-02)
Best objective 1.875198358353e+06, best bound 1.875198358353e+06, gap 0.0000%

User-callback calls 398, time in user-callback 0.00 sec
Step-5: Gurobi solver finished
+++++++++++++++++++++++++++++++++++++++++++++++++++++++++++++++++++++++++++++++++++++++++++

assert_is_solved_and_feasible(scuc) = nothing
solution_summary(scuc) = solution_summary(; result = 1, verbose = false)
├ solver_name          : Gurobi
├ Termination
│ ├ termination_status : OPTIMAL
│ ├ result_count       : 3
│ ├ raw_status         : Model was solved to optimality (subject to tolerances), and an optimal solution is available.
│ └ objective_bound    : 1.87520e+06
├ Solution (result = 1)
│ ├ primal_status        : FEASIBLE_POINT
│ ├ dual_status          : NO_SOLUTION
│ ├ objective_value      : 1.87520e+06
│ └ relative_gap         : 2.48326e-16
└ Work counters
  ├ solve_time (sec)   : 1.29000e+00
  ├ simplex_iterations : 7840
  ├ barrier_iterations : 0
  └ node_count         : 1


Termination Status: OPTIMAL
Acceptable solution found (Status: OPTIMAL).
Step-6: record datas
PART1: [unit-commitment] calculation result has been saved to: D:/GithubClonefiles/module_unitcommitment/output/details_schedule_results/pcm_simulation_results/intervels_[7]/res_schedule_commitment_result.txt
PART1: [unit-commitment] calculation result has been saved to: D:/GithubClonefiles/module_unitcommitment/output/details_schedule_results/pcm_simulation_results/intervels_[7]/res_schedule_commitment_result.txt
--------------------------------------------------------------------------------
Running mode: RampOnly
Step-3: Creating dispatching model (Refactored & Modularized)
Set parameter Username
Set parameter LicenseID to value 2826524
Academic license - for non-commercial use only - expires 2027-05-22
Set parameter MIPGap to value 0.015
	 Variables defined.
DEBUG set_objective_economic!: NT=27, NG=54, ND=91, NW=2, NS=1, K=3, size(refcost)=(54,), size(eachslope)=(3, 54)
objective_function
	MILP economic objective set
subject to.
	 constraints: 1) minimum shutup/shutdown time limits			 done
	 constraints: 2) binary variable logic					 done
	 constraints: 3) shutup/shutdown cost					 done
	 constraints: 4) loadcurtailments and spoliedwinds			 done
	 constraints: 5) generatos power limits					 done
	 constraints: 6) system reserves limits					 done
	 constraints: 7) power balance constraints				 done
	 constraints: 8) ramp-up/ramp-down constraints				 done
	 constraints: 9) piece linearization constraints			 done
	 constraints: 10) transmissionline limits skipped (is_NetWorkCon != 1 or Gsdf missing or NL=0)
	 constraints: 11) stroges system constraints skipped (is_ConsiderBESS=0)
	 constraints: 12) data centra constraints skipped (is_ConsiderDataCentra != 1)
	 constraints: 13) frequency control constraints skipped (is_ConsiderFrequencyControl != 1)
	 constraints: 14) hydro power limits					 done
+++++++++++++++++++++++++++++++++++++++++++++++++++++++++++++++++++++++++++++++++++++++++++
Step-4: starting Gurobi solver
Set parameter MIPGap to value 0.015
Gurobi Optimizer version 13.0.2 build v13.0.2rc1 (win64 - Windows 11+.0 (29639.2))

CPU model: 13th Gen Intel(R) Core(TM) i7-13700F, instruction set [SSE2|AVX|AVX2]
Thread count: 16 physical cores, 24 logical processors, using up to 24 threads

Non-default parameters:
MIPGap  0.015

Optimize a model with 29223 rows, 18954 columns and 157622 nonzeros (Min)
Model fingerprint: 0x61b09d40
Model has 14175 linear objective coefficients
Variable types: 14472 continuous, 4482 integer (4482 binary)
Coefficient statistics:
  Matrix range     [3e-02, 4e+02]
  Objective range  [1e+00, 1e+15]
  Bounds range     [0e+00, 0e+00]
  RHS range        [8e-03, 3e+02]
Warning: Model contains large objective coefficients
         Consider reformulating model or setting NumericFocus parameter
         to avoid numerical issues.

Presolve removed 11749 rows and 6106 columns
Presolve time: 0.30s
Presolved: 17474 rows, 12848 columns, 66561 nonzeros
Variable types: 8828 continuous, 4020 integer (4020 binary)

Root relaxation: objective 2.071806e+06, 9044 iterations, 0.35 seconds (0.41 work units)

    Nodes    |    Current Node    |     Objective Bounds      |     Work
 Expl Unexpl |  Obj  Depth IntInf | Incumbent    BestBd   Gap | It/Node Time

     0     0 2071806.08    0  358          - 2071806.08      -     -    0s
H    0     0                    2.025382e+15 2071806.08   100%     -    0s
H    0     0                    2303644.0734 2071806.08  10.1%     -    0s
H    0     0                    2175010.9762 2071806.08  4.75%     -    1s
     0     0 2076546.14    0  298 2175010.98 2076546.14  4.53%     -    1s
     0     0 2076778.68    0  285 2175010.98 2076778.68  4.52%     -    1s
     0     0 2076778.68    0  295 2175010.98 2076778.68  4.52%     -    1s
H    0     0                    2117467.4552 2076778.68  1.92%     -    1s
     0     0 2078473.41    0  318 2117467.46 2078473.41  1.84%     -    1s
     0     0 2078487.88    0  281 2117467.46 2078487.88  1.84%     -    1s
     0     0 2079716.71    0  270 2117467.46 2079716.71  1.78%     -    1s
H    0     0                    2117467.2481 2079716.71  1.78%     -    2s
H    0     0                    2111475.2612 2079716.71  1.50%     -    2s
     0     0          -    0      2111475.26 2079808.70  1.50%     -    2s

Cutting planes:
  Gomory: 23
  Cover: 4
  Implied bound: 250
  MIR: 169
  Flow cover: 136
  Network: 3
  RLT: 96
  Relax-and-lift: 67
  BQP: 8
  PSD: 4

Explored 1 nodes (11413 simplex iterations) in 2.39 seconds (2.98 work units)
Thread count was 24 (of 24 available processors)

Solution count 5: 2.11148e+06 2.11747e+06 2.17501e+06 ... 2.02538e+15

Optimal solution found (tolerance 1.50e-02)
Best objective 2.111475261173e+06, best bound 2.079808701752e+06, gap 1.4997%

User-callback calls 464, time in user-callback 0.00 sec
Step-5: Gurobi solver finished
+++++++++++++++++++++++++++++++++++++++++++++++++++++++++++++++++++++++++++++++++++++++++++

assert_is_solved_and_feasible(scuc) = nothing
solution_summary(scuc) = solution_summary(; result = 1, verbose = false)
├ solver_name          : Gurobi
├ Termination
│ ├ termination_status : OPTIMAL
│ ├ result_count       : 5
│ ├ raw_status         : Model was solved to optimality (subject to tolerances), and an optimal solution is available.
│ └ objective_bound    : 2.07981e+06
├ Solution (result = 1)
│ ├ primal_status        : FEASIBLE_POINT
│ ├ dual_status          : NO_SOLUTION
│ ├ objective_value      : 2.11148e+06
│ └ relative_gap         : 1.49974e-02
└ Work counters
  ├ solve_time (sec)   : 2.39100e+00
  ├ simplex_iterations : 11413
  ├ barrier_iterations : 0
  └ node_count         : 1


Termination Status: OPTIMAL
Acceptable solution found (Status: OPTIMAL).
Step-6: record datas
PART1: [unit-commitment] calculation result has been saved to: D:/GithubClonefiles/module_unitcommitment/output/details_schedule_results/pcm_simulation_results/intervels_[1]/res_schedule_commitment_result.txt
PART1: [unit-commitment] calculation result has been saved to: D:/GithubClonefiles/module_unitcommitment/output/details_schedule_results/pcm_simulation_results/intervels_[1]/res_schedule_commitment_result.txt
Step-3: Creating dispatching model (Refactored & Modularized)
Set parameter Username
Set parameter LicenseID to value 2826524
Academic license - for non-commercial use only - expires 2027-05-22
Set parameter MIPGap to value 0.015
	 Variables defined.
DEBUG set_objective_economic!: NT=27, NG=54, ND=91, NW=2, NS=1, K=3, size(refcost)=(54,), size(eachslope)=(3, 54)
objective_function
	MILP economic objective set
subject to.
	 constraints: 1) minimum shutup/shutdown time limits			 done
	 constraints: 2) binary variable logic					 done
	 constraints: 3) shutup/shutdown cost					 done
	 constraints: 4) loadcurtailments and spoliedwinds			 done
	 constraints: 5) generatos power limits					 done
	 constraints: 6) system reserves limits					 done
	 constraints: 7) power balance constraints				 done
	 constraints: 8) ramp-up/ramp-down constraints				 done
	 constraints: 9) piece linearization constraints			 done
	 constraints: 10) transmissionline limits skipped (is_NetWorkCon != 1 or Gsdf missing or NL=0)
	 constraints: 11) stroges system constraints skipped (is_ConsiderBESS=0)
	 constraints: 12) data centra constraints skipped (is_ConsiderDataCentra != 1)
	 constraints: 13) frequency control constraints skipped (is_ConsiderFrequencyControl != 1)
	 constraints: 14) hydro power limits					 done
+++++++++++++++++++++++++++++++++++++++++++++++++++++++++++++++++++++++++++++++++++++++++++
Step-4: starting Gurobi solver
Set parameter MIPGap to value 0.015
Gurobi Optimizer version 13.0.2 build v13.0.2rc1 (win64 - Windows 11+.0 (29639.2))

CPU model: 13th Gen Intel(R) Core(TM) i7-13700F, instruction set [SSE2|AVX|AVX2]
Thread count: 16 physical cores, 24 logical processors, using up to 24 threads

Non-default parameters:
MIPGap  0.015

Optimize a model with 29241 rows, 18954 columns and 157724 nonzeros (Min)
Model fingerprint: 0x7146fa77
Model has 14175 linear objective coefficients
Variable types: 14472 continuous, 4482 integer (4482 binary)
Coefficient statistics:
  Matrix range     [3e-02, 4e+02]
  Objective range  [1e+00, 1e+15]
  Bounds range     [0e+00, 0e+00]
  RHS range        [8e-03, 4e+02]
Warning: Model contains large objective coefficients
         Consider reformulating model or setting NumericFocus parameter
         to avoid numerical issues.

Presolve removed 11756 rows and 6109 columns
Presolve time: 0.27s
Presolved: 17485 rows, 12845 columns, 66477 nonzeros
Variable types: 8828 continuous, 4017 integer (4017 binary)

Root relaxation: objective 2.278248e+06, 10029 iterations, 0.32 seconds (0.45 work units)

    Nodes    |    Current Node    |     Objective Bounds      |     Work
 Expl Unexpl |  Obj  Depth IntInf | Incumbent    BestBd   Gap | It/Node Time

     0     0 2278247.85    0  454          - 2278247.85      -     -    0s
H    0     0                    1.004741e+15 2278247.85   100%     -    0s
H    0     0                    2377218.3165 2278247.85  4.16%     -    0s
     0     0 2283651.29    0  286 2377218.32 2283651.29  3.94%     -    1s
     0     0 2283749.02    0  259 2377218.32 2283749.02  3.93%     -    1s
     0     0 2283749.02    0  271 2377218.32 2283749.02  3.93%     -    1s
     0     0 2285236.42    0  253 2377218.32 2285236.42  3.87%     -    1s
     0     0 2285329.38    0  238 2377218.32 2285329.38  3.87%     -    1s
     0     0 2285329.38    0  238 2377218.32 2285329.38  3.87%     -    1s
     0     0 2286018.05    0  172 2377218.32 2286018.05  3.84%     -    2s
     0     0 2286018.05    0  163 2377218.32 2286018.05  3.84%     -    2s
     0     0 2286018.05    0  165 2377218.32 2286018.05  3.84%     -    2s
H    0     0                    2300546.9811 2286018.05  0.63%     -    2s

Cutting planes:
  Gomory: 47
  Cover: 4
  Implied bound: 329
  MIR: 162
  StrongCG: 1
  Flow cover: 154
  Network: 1
  RLT: 131
  Relax-and-lift: 105
  BQP: 7
  PSD: 3

Explored 1 nodes (12380 simplex iterations) in 2.49 seconds (2.89 work units)
Thread count was 24 (of 24 available processors)

Solution count 3: 2.30055e+06 2.37722e+06 1.00474e+15 

Optimal solution found (tolerance 1.50e-02)
Best objective 2.300546981091e+06, best bound 2.286018045174e+06, gap 0.6315%

User-callback calls 550, time in user-callback 0.00 sec
Step-5: Gurobi solver finished
+++++++++++++++++++++++++++++++++++++++++++++++++++++++++++++++++++++++++++++++++++++++++++

assert_is_solved_and_feasible(scuc) = nothing
solution_summary(scuc) = solution_summary(; result = 1, verbose = false)
├ solver_name          : Gurobi
├ Termination
│ ├ termination_status : OPTIMAL
│ ├ result_count       : 3
│ ├ raw_status         : Model was solved to optimality (subject to tolerances), and an optimal solution is available.
│ └ objective_bound    : 2.28602e+06
├ Solution (result = 1)
│ ├ primal_status        : FEASIBLE_POINT
│ ├ dual_status          : NO_SOLUTION
│ ├ objective_value      : 2.30055e+06
│ └ relative_gap         : 6.31543e-03
└ Work counters
  ├ solve_time (sec)   : 2.49400e+00
  ├ simplex_iterations : 12380
  ├ barrier_iterations : 0
  └ node_count         : 1


Termination Status: OPTIMAL
Acceptable solution found (Status: OPTIMAL).
Step-6: record datas
PART1: [unit-commitment] calculation result has been saved to: D:/GithubClonefiles/module_unitcommitment/output/details_schedule_results/pcm_simulation_results/intervels_[2]/res_schedule_commitment_result.txt
PART1: [unit-commitment] calculation result has been saved to: D:/GithubClonefiles/module_unitcommitment/output/details_schedule_results/pcm_simulation_results/intervels_[2]/res_schedule_commitment_result.txt
Step-3: Creating dispatching model (Refactored & Modularized)
Set parameter Username
Set parameter LicenseID to value 2826524
Academic license - for non-commercial use only - expires 2027-05-22
Set parameter MIPGap to value 0.015
	 Variables defined.
DEBUG set_objective_economic!: NT=28, NG=54, ND=91, NW=2, NS=1, K=3, size(refcost)=(54,), size(eachslope)=(3, 54)
objective_function
	MILP economic objective set
subject to.
	 constraints: 1) minimum shutup/shutdown time limits			 done
	 constraints: 2) binary variable logic					 done
	 constraints: 3) shutup/shutdown cost					 done
	 constraints: 4) loadcurtailments and spoliedwinds			 done
	 constraints: 5) generatos power limits					 done
	 constraints: 6) system reserves limits					 done
	 constraints: 7) power balance constraints				 done
	 constraints: 8) ramp-up/ramp-down constraints				 done
	 constraints: 9) piece linearization constraints			 done
	 constraints: 10) transmissionline limits skipped (is_NetWorkCon != 1 or Gsdf missing or NL=0)
	 constraints: 11) stroges system constraints skipped (is_ConsiderBESS=0)
	 constraints: 12) data centra constraints skipped (is_ConsiderDataCentra != 1)
	 constraints: 13) frequency control constraints skipped (is_ConsiderFrequencyControl != 1)
	 constraints: 14) hydro power limits					 done
+++++++++++++++++++++++++++++++++++++++++++++++++++++++++++++++++++++++++++++++++++++++++++
Step-4: starting Gurobi solver
Set parameter MIPGap to value 0.015
Gurobi Optimizer version 13.0.2 build v13.0.2rc1 (win64 - Windows 11+.0 (29639.2))

CPU model: 13th Gen Intel(R) Core(TM) i7-13700F, instruction set [SSE2|AVX|AVX2]
Thread count: 16 physical cores, 24 logical processors, using up to 24 threads

Non-default parameters:
MIPGap  0.015

Optimize a model with 30347 rows, 19656 columns and 163724 nonzeros (Min)
Model fingerprint: 0xd98a6bba
Model has 14700 linear objective coefficients
Variable types: 15008 continuous, 4648 integer (4648 binary)
Coefficient statistics:
  Matrix range     [3e-02, 4e+02]
  Objective range  [1e+00, 1e+15]
  Bounds range     [0e+00, 0e+00]
  RHS range        [7e-03, 4e+02]
Warning: Model contains large objective coefficients
         Consider reformulating model or setting NumericFocus parameter
         to avoid numerical issues.

Presolve removed 12190 rows and 6325 columns
Presolve time: 0.35s
Presolved: 18157 rows, 13331 columns, 69057 nonzeros
Variable types: 9155 continuous, 4176 integer (4176 binary)

Root relaxation: objective 1.977242e+06, 8981 iterations, 0.27 seconds (0.36 work units)

    Nodes    |    Current Node    |     Objective Bounds      |     Work
 Expl Unexpl |  Obj  Depth IntInf | Incumbent    BestBd   Gap | It/Node Time

     0     0 1977241.79    0  444          - 1977241.79      -     -    0s
H    0     0                    2204632.4861 1977241.79  10.3%     -    0s
H    0     0                    2204541.2476 1977241.79  10.3%     -    0s
H    0     0                    2201445.7688 1977241.79  10.2%     -    1s
H    0     0                    2049933.1694 1977278.71  3.54%     -    1s
     0     0 1981098.29    0  337 2049933.17 1981098.29  3.36%     -    1s
     0     0 1981279.77    0  337 2049933.17 1981279.77  3.35%     -    1s
     0     0 1982913.99    0  227 2049933.17 1982913.99  3.27%     -    1s
     0     0 1982914.03    0  228 2049933.17 1982914.03  3.27%     -    1s
H    0     0                    2018079.0103 1984517.62  1.66%     -    2s
     0     0 1984517.62    0  217 2018079.01 1984517.62  1.66%     -    2s
     0     0 1984517.62    0  238 2018079.01 1984517.62  1.66%     -    2s
     0     0 1984554.36    0  235 2018079.01 1984554.36  1.66%     -    2s
     0     0 1984554.36    0  234 2018079.01 1984554.36  1.66%     -    2s
     0     0 1984656.86    0  267 2018079.01 1984656.86  1.66%     -    2s
H    0     0                    2017691.2675 1984657.79  1.64%     -    2s
H    0     0                    2016128.0374 1984657.79  1.56%     -    2s
     0     0 1984680.46    0  244 2016128.04 1984680.46  1.56%     -    2s
     0     0 1984684.26    0  300 2016128.04 1984684.26  1.56%     -    2s
     0     0 1984685.23    0  328 2016128.04 1984685.23  1.56%     -    2s
     0     0 1984741.12    0  222 2016128.04 1984741.12  1.56%     -    3s
H    0     0                    2015458.8454 1984745.11  1.52%     -    3s
     0     0 1984745.11    0  241 2015458.85 1984745.11  1.52%     -    3s
H    0     0                    2015430.8509 1984748.63  1.52%     -    3s
     0     0 1984748.63    0  220 2015430.85 1984748.63  1.52%     -    3s
     0     0 1984756.65    0  225 2015430.85 1984756.65  1.52%     -    3s
     0     0 1984759.02    0  261 2015430.85 1984759.02  1.52%     -    3s
     0     0 1984759.27    0  260 2015430.85 1984759.27  1.52%     -    3s
     0     0 1984802.33    0  288 2015430.85 1984802.33  1.52%     -    3s
H    0     0                    2015428.6212 1984802.52  1.52%     -    3s
H    0     0                    2015349.0774 1984802.52  1.52%     -    3s
     0     0 1984828.42    0  261 2015349.08 1984828.42  1.51%     -    3s
     0     0 1984831.96    0  290 2015349.08 1984831.96  1.51%     -    3s
     0     0 1984832.28    0  314 2015349.08 1984832.28  1.51%     -    3s
     0     0 1984882.05    0  283 2015349.08 1984882.05  1.51%     -    3s
     0     0 1984888.50    0  248 2015349.08 1984888.50  1.51%     -    3s
     0     0 1984890.54    0  286 2015349.08 1984890.54  1.51%     -    3s
     0     0 1984890.74    0  283 2015349.08 1984890.74  1.51%     -    3s
     0     0 1984905.74    0  280 2015349.08 1984905.74  1.51%     -    3s
H    0     0                    2013391.1475 1984905.74  1.41%     -    4s

Cutting planes:
  Gomory: 24
  Cover: 1
  Implied bound: 265
  MIR: 136
  Flow cover: 189
  RLT: 134
  Relax-and-lift: 80
  BQP: 11
  PSD: 3

Explored 1 nodes (13518 simplex iterations) in 4.09 seconds (4.91 work units)
Thread count was 24 (of 24 available processors)

Solution count 10: 2.01339e+06 2.01339e+06 2.01535e+06 ... 2.20145e+06

Optimal solution found (tolerance 1.50e-02)
Best objective 2.013391147543e+06, best bound 1.984905743120e+06, gap 1.4148%

User-callback calls 795, time in user-callback 0.00 sec
Step-5: Gurobi solver finished
+++++++++++++++++++++++++++++++++++++++++++++++++++++++++++++++++++++++++++++++++++++++++++

assert_is_solved_and_feasible(scuc) = nothing
solution_summary(scuc) = solution_summary(; result = 1, verbose = false)
├ solver_name          : Gurobi
├ Termination
│ ├ termination_status : OPTIMAL
│ ├ result_count       : 10
│ ├ raw_status         : Model was solved to optimality (subject to tolerances), and an optimal solution is available.
│ └ objective_bound    : 1.98491e+06
├ Solution (result = 1)
│ ├ primal_status        : FEASIBLE_POINT
│ ├ dual_status          : NO_SOLUTION
│ ├ objective_value      : 2.01339e+06
│ └ relative_gap         : 1.41480e-02
└ Work counters
  ├ solve_time (sec)   : 4.09400e+00
  ├ simplex_iterations : 13518
  ├ barrier_iterations : 0
  └ node_count         : 1


Termination Status: OPTIMAL
Acceptable solution found (Status: OPTIMAL).
Step-6: record datas
PART1: [unit-commitment] calculation result has been saved to: D:/GithubClonefiles/module_unitcommitment/output/details_schedule_results/pcm_simulation_results/intervels_[3]/res_schedule_commitment_result.txt
PART1: [unit-commitment] calculation result has been saved to: D:/GithubClonefiles/module_unitcommitment/output/details_schedule_results/pcm_simulation_results/intervels_[3]/res_schedule_commitment_result.txt
Step-3: Creating dispatching model (Refactored & Modularized)
Set parameter Username
Set parameter LicenseID to value 2826524
Academic license - for non-commercial use only - expires 2027-05-22
Set parameter MIPGap to value 0.015
	 Variables defined.
DEBUG set_objective_economic!: NT=27, NG=54, ND=91, NW=2, NS=1, K=3, size(refcost)=(54,), size(eachslope)=(3, 54)
objective_function
	MILP economic objective set
subject to.
	 constraints: 1) minimum shutup/shutdown time limits			 done
	 constraints: 2) binary variable logic					 done
	 constraints: 3) shutup/shutdown cost					 done
	 constraints: 4) loadcurtailments and spoliedwinds			 done
	 constraints: 5) generatos power limits					 done
	 constraints: 6) system reserves limits					 done
	 constraints: 7) power balance constraints				 done
	 constraints: 8) ramp-up/ramp-down constraints				 done
	 constraints: 9) piece linearization constraints			 done
	 constraints: 10) transmissionline limits skipped (is_NetWorkCon != 1 or Gsdf missing or NL=0)
	 constraints: 11) stroges system constraints skipped (is_ConsiderBESS=0)
	 constraints: 12) data centra constraints skipped (is_ConsiderDataCentra != 1)
	 constraints: 13) frequency control constraints skipped (is_ConsiderFrequencyControl != 1)
	 constraints: 14) hydro power limits					 done
+++++++++++++++++++++++++++++++++++++++++++++++++++++++++++++++++++++++++++++++++++++++++++
Step-4: starting Gurobi solver
Set parameter MIPGap to value 0.015
Gurobi Optimizer version 13.0.2 build v13.0.2rc1 (win64 - Windows 11+.0 (29639.2))

CPU model: 13th Gen Intel(R) Core(TM) i7-13700F, instruction set [SSE2|AVX|AVX2]
Thread count: 16 physical cores, 24 logical processors, using up to 24 threads

Non-default parameters:
MIPGap  0.015

Optimize a model with 29243 rows, 18954 columns and 157755 nonzeros (Min)
Model fingerprint: 0xcfe58f91
Model has 14175 linear objective coefficients
Variable types: 14472 continuous, 4482 integer (4482 binary)
Coefficient statistics:
  Matrix range     [3e-02, 4e+02]
  Objective range  [1e+00, 1e+15]
  Bounds range     [0e+00, 0e+00]
  RHS range        [8e-03, 4e+02]
Warning: Model contains large objective coefficients
         Consider reformulating model or setting NumericFocus parameter
         to avoid numerical issues.

Presolve removed 11762 rows and 6113 columns
Presolve time: 0.26s
Presolved: 17481 rows, 12841 columns, 66474 nonzeros
Variable types: 8827 continuous, 4014 integer (4014 binary)
Found heuristic solution: objective 3048458.6700

Root relaxation: objective 2.141453e+06, 9777 iterations, 0.25 seconds (0.35 work units)

    Nodes    |    Current Node    |     Objective Bounds      |     Work
 Expl Unexpl |  Obj  Depth IntInf | Incumbent    BestBd   Gap | It/Node Time

     0     0 2141453.46    0  363 3048458.67 2141453.46  29.8%     -    0s
H    0     0                    2305963.3000 2147295.30  6.88%     -    1s
     0     0 2147295.30    0  279 2305963.30 2147295.30  6.88%     -    1s
     0     0 2147299.44    0  278 2305963.30 2147299.44  6.88%     -    1s

Cutting planes:
  Gomory: 40
  Lift-and-project: 11
  Cover: 2
  Implied bound: 230
  MIR: 109
  Flow cover: 98
  Network: 6
  RLT: 84
  Relax-and-lift: 69
  BQP: 13
  PSD: 1

Explored 1 nodes (10843 simplex iterations) in 1.36 seconds (1.85 work units)
Thread count was 24 (of 24 available processors)

Solution count 3: 2.30596e+06 2.30596e+06 3.04846e+06 

Optimal solution found (tolerance 1.50e-02)
Best objective 2.305963299948e+06, best bound 2.305963299948e+06, gap 0.0000%

User-callback calls 412, time in user-callback 0.00 sec
Step-5: Gurobi solver finished
+++++++++++++++++++++++++++++++++++++++++++++++++++++++++++++++++++++++++++++++++++++++++++

assert_is_solved_and_feasible(scuc) = nothing
solution_summary(scuc) = solution_summary(; result = 1, verbose = false)
├ solver_name          : Gurobi
├ Termination
│ ├ termination_status : OPTIMAL
│ ├ result_count       : 3
│ ├ raw_status         : Model was solved to optimality (subject to tolerances), and an optimal solution is available.
│ └ objective_bound    : 2.30596e+06
├ Solution (result = 1)
│ ├ primal_status        : FEASIBLE_POINT
│ ├ dual_status          : NO_SOLUTION
│ ├ objective_value      : 2.30596e+06
│ └ relative_gap         : 0.00000e+00
└ Work counters
  ├ solve_time (sec)   : 1.35700e+00
  ├ simplex_iterations : 10843
  ├ barrier_iterations : 0
  └ node_count         : 1


Termination Status: OPTIMAL
Acceptable solution found (Status: OPTIMAL).
Step-6: record datas
PART1: [unit-commitment] calculation result has been saved to: D:/GithubClonefiles/module_unitcommitment/output/details_schedule_results/pcm_simulation_results/intervels_[4]/res_schedule_commitment_result.txt
PART1: [unit-commitment] calculation result has been saved to: D:/GithubClonefiles/module_unitcommitment/output/details_schedule_results/pcm_simulation_results/intervels_[4]/res_schedule_commitment_result.txt
Step-3: Creating dispatching model (Refactored & Modularized)
Set parameter Username
Set parameter LicenseID to value 2826524
Academic license - for non-commercial use only - expires 2027-05-22
Set parameter MIPGap to value 0.015
	 Variables defined.
DEBUG set_objective_economic!: NT=27, NG=54, ND=91, NW=2, NS=1, K=3, size(refcost)=(54,), size(eachslope)=(3, 54)
objective_function
	MILP economic objective set
subject to.
	 constraints: 1) minimum shutup/shutdown time limits			 done
	 constraints: 2) binary variable logic					 done
	 constraints: 3) shutup/shutdown cost					 done
	 constraints: 4) loadcurtailments and spoliedwinds			 done
	 constraints: 5) generatos power limits					 done
	 constraints: 6) system reserves limits					 done
	 constraints: 7) power balance constraints				 done
	 constraints: 8) ramp-up/ramp-down constraints				 done
	 constraints: 9) piece linearization constraints			 done
	 constraints: 10) transmissionline limits skipped (is_NetWorkCon != 1 or Gsdf missing or NL=0)
	 constraints: 11) stroges system constraints skipped (is_ConsiderBESS=0)
	 constraints: 12) data centra constraints skipped (is_ConsiderDataCentra != 1)
	 constraints: 13) frequency control constraints skipped (is_ConsiderFrequencyControl != 1)
	 constraints: 14) hydro power limits					 done
+++++++++++++++++++++++++++++++++++++++++++++++++++++++++++++++++++++++++++++++++++++++++++
Step-4: starting Gurobi solver
Set parameter MIPGap to value 0.015
Gurobi Optimizer version 13.0.2 build v13.0.2rc1 (win64 - Windows 11+.0 (29639.2))

CPU model: 13th Gen Intel(R) Core(TM) i7-13700F, instruction set [SSE2|AVX|AVX2]
Thread count: 16 physical cores, 24 logical processors, using up to 24 threads

Non-default parameters:
MIPGap  0.015

Optimize a model with 29250 rows, 18954 columns and 157775 nonzeros (Min)
Model fingerprint: 0x808dd58f
Model has 14175 linear objective coefficients
Variable types: 14472 continuous, 4482 integer (4482 binary)
Coefficient statistics:
  Matrix range     [3e-02, 4e+02]
  Objective range  [1e+00, 1e+15]
  Bounds range     [0e+00, 0e+00]
  RHS range        [8e-03, 4e+02]
Warning: Model contains large objective coefficients
         Consider reformulating model or setting NumericFocus parameter
         to avoid numerical issues.

Presolve removed 11842 rows and 6139 columns
Presolve time: 0.25s
Presolved: 17408 rows, 12815 columns, 66192 nonzeros
Variable types: 8828 continuous, 3987 integer (3987 binary)

Root relaxation: objective 2.133086e+06, 8559 iterations, 0.21 seconds (0.33 work units)

    Nodes    |    Current Node    |     Objective Bounds      |     Work
 Expl Unexpl |  Obj  Depth IntInf | Incumbent    BestBd   Gap | It/Node Time

     0     0 2133085.85    0  376          - 2133085.85      -     -    0s
H    0     0                    1.946081e+15 2133085.85   100%     -    0s
H    0     0                    2340886.1805 2133085.85  8.88%     -    0s
     0     0 2136006.87    0  282 2340886.18 2136006.87  8.75%     -    1s
H    0     0                    2297534.1653 2136106.31  7.03%     -    1s
H    0     0                    2295838.9164 2136106.31  6.96%     -    1s
     0     0 2136106.31    0  287 2295838.92 2136106.31  6.96%     -    1s
     0     0 2138186.21    0  265 2295838.92 2138186.21  6.87%     -    1s
H    0     0                    2219032.9442 2138255.84  3.64%     -    1s
     0     0 2138255.84    0  262 2219032.94 2138255.84  3.64%     -    1s
     0     0 2138273.54    0  248 2219032.94 2138273.54  3.64%     -    1s
     0     0 2138275.23    0  283 2219032.94 2138275.23  3.64%     -    1s
H    0     0                    2163845.4738 2138275.23  1.18%     -    2s

Cutting planes:
  Gomory: 27
  Cover: 3
  Implied bound: 275
  MIR: 154
  Flow cover: 138
  Network: 7
  RLT: 87
  Relax-and-lift: 85
  BQP: 9

Explored 1 nodes (10648 simplex iterations) in 2.14 seconds (2.83 work units)
Thread count was 24 (of 24 available processors)

Solution count 6: 2.16385e+06 2.21903e+06 2.29584e+06 ... 1.94608e+15

Optimal solution found (tolerance 1.50e-02)
Best objective 2.163845473843e+06, best bound 2.139095745876e+06, gap 1.1438%

User-callback calls 491, time in user-callback 0.00 sec
Step-5: Gurobi solver finished
+++++++++++++++++++++++++++++++++++++++++++++++++++++++++++++++++++++++++++++++++++++++++++

assert_is_solved_and_feasible(scuc) = nothing
solution_summary(scuc) = solution_summary(; result = 1, verbose = false)
├ solver_name          : Gurobi
├ Termination
│ ├ termination_status : OPTIMAL
│ ├ result_count       : 6
│ ├ raw_status         : Model was solved to optimality (subject to tolerances), and an optimal solution is available.
│ └ objective_bound    : 2.13910e+06
├ Solution (result = 1)
│ ├ primal_status        : FEASIBLE_POINT
│ ├ dual_status          : NO_SOLUTION
│ ├ objective_value      : 2.16385e+06
│ └ relative_gap         : 1.14378e-02
└ Work counters
  ├ solve_time (sec)   : 2.13700e+00
  ├ simplex_iterations : 10648
  ├ barrier_iterations : 0
  └ node_count         : 1


Termination Status: OPTIMAL
Acceptable solution found (Status: OPTIMAL).
Step-6: record datas
PART1: [unit-commitment] calculation result has been saved to: D:/GithubClonefiles/module_unitcommitment/output/details_schedule_results/pcm_simulation_results/intervels_[5]/res_schedule_commitment_result.txt
PART1: [unit-commitment] calculation result has been saved to: D:/GithubClonefiles/module_unitcommitment/output/details_schedule_results/pcm_simulation_results/intervels_[5]/res_schedule_commitment_result.txt
Step-3: Creating dispatching model (Refactored & Modularized)
Set parameter Username
Set parameter LicenseID to value 2826524
Academic license - for non-commercial use only - expires 2027-05-22
Set parameter MIPGap to value 0.015
	 Variables defined.
DEBUG set_objective_economic!: NT=27, NG=54, ND=91, NW=2, NS=1, K=3, size(refcost)=(54,), size(eachslope)=(3, 54)
objective_function
	MILP economic objective set
subject to.
	 constraints: 1) minimum shutup/shutdown time limits			 done
	 constraints: 2) binary variable logic					 done
	 constraints: 3) shutup/shutdown cost					 done
	 constraints: 4) loadcurtailments and spoliedwinds			 done
	 constraints: 5) generatos power limits					 done
	 constraints: 6) system reserves limits					 done
	 constraints: 7) power balance constraints				 done
	 constraints: 8) ramp-up/ramp-down constraints				 done
	 constraints: 9) piece linearization constraints			 done
	 constraints: 10) transmissionline limits skipped (is_NetWorkCon != 1 or Gsdf missing or NL=0)
	 constraints: 11) stroges system constraints skipped (is_ConsiderBESS=0)
	 constraints: 12) data centra constraints skipped (is_ConsiderDataCentra != 1)
	 constraints: 13) frequency control constraints skipped (is_ConsiderFrequencyControl != 1)
	 constraints: 14) hydro power limits					 done
+++++++++++++++++++++++++++++++++++++++++++++++++++++++++++++++++++++++++++++++++++++++++++
Step-4: starting Gurobi solver
Set parameter MIPGap to value 0.015
Gurobi Optimizer version 13.0.2 build v13.0.2rc1 (win64 - Windows 11+.0 (29639.2))

CPU model: 13th Gen Intel(R) Core(TM) i7-13700F, instruction set [SSE2|AVX|AVX2]
Thread count: 16 physical cores, 24 logical processors, using up to 24 threads

Non-default parameters:
MIPGap  0.015

Optimize a model with 29233 rows, 18954 columns and 157679 nonzeros (Min)
Model fingerprint: 0x6de15528
Model has 14175 linear objective coefficients
Variable types: 14472 continuous, 4482 integer (4482 binary)
Coefficient statistics:
  Matrix range     [3e-02, 4e+02]
  Objective range  [1e+00, 1e+15]
  Bounds range     [0e+00, 0e+00]
  RHS range        [8e-03, 4e+02]
Warning: Model contains large objective coefficients
         Consider reformulating model or setting NumericFocus parameter
         to avoid numerical issues.

Presolve removed 11757 rows and 6113 columns
Presolve time: 0.26s
Presolved: 17476 rows, 12841 columns, 66312 nonzeros
Variable types: 8824 continuous, 4017 integer (4017 binary)

Root relaxation: objective 6.455806e+15, 10029 iterations, 0.23 seconds (0.32 work units)

    Nodes    |    Current Node    |     Objective Bounds      |     Work
 Expl Unexpl |  Obj  Depth IntInf | Incumbent    BestBd   Gap | It/Node Time

     0     0 6.4558e+15    0  352          - 6.4558e+15      -     -    0s
H    0     0                    6.455806e+15 6.4558e+15  0.00%     -    0s

Explored 1 nodes (10042 simplex iterations) in 0.85 seconds (1.44 work units)
Thread count was 24 (of 24 available processors)

Solution count 1: 6.45581e+15 

Optimal solution found (tolerance 1.50e-02)
Best objective 6.455805897686e+15, best bound 6.455805897686e+15, gap 0.0000%

User-callback calls 265, time in user-callback 0.00 sec
Step-5: Gurobi solver finished
+++++++++++++++++++++++++++++++++++++++++++++++++++++++++++++++++++++++++++++++++++++++++++

assert_is_solved_and_feasible(scuc) = nothing
solution_summary(scuc) = solution_summary(; result = 1, verbose = false)
├ solver_name          : Gurobi
├ Termination
│ ├ termination_status : OPTIMAL
│ ├ result_count       : 1
│ ├ raw_status         : Model was solved to optimality (subject to tolerances), and an optimal solution is available.
│ └ objective_bound    : 6.45581e+15
├ Solution (result = 1)
│ ├ primal_status        : FEASIBLE_POINT
│ ├ dual_status          : NO_SOLUTION
│ ├ objective_value      : 6.45581e+15
│ └ relative_gap         : 3.29936e-14
└ Work counters
  ├ solve_time (sec)   : 8.54000e-01
  ├ simplex_iterations : 10042
  ├ barrier_iterations : 0
  └ node_count         : 1


Termination Status: OPTIMAL
Acceptable solution found (Status: OPTIMAL).
Step-6: record datas
PART1: [unit-commitment] calculation result has been saved to: D:/GithubClonefiles/module_unitcommitment/output/details_schedule_results/pcm_simulation_results/intervels_[6]/res_schedule_commitment_result.txt
PART1: [unit-commitment] calculation result has been saved to: D:/GithubClonefiles/module_unitcommitment/output/details_schedule_results/pcm_simulation_results/intervels_[6]/res_schedule_commitment_result.txt
Step-3: Creating dispatching model (Refactored & Modularized)
Set parameter Username
Set parameter LicenseID to value 2826524
Academic license - for non-commercial use only - expires 2027-05-22
Set parameter MIPGap to value 0.015
	 Variables defined.
DEBUG set_objective_economic!: NT=24, NG=54, ND=91, NW=2, NS=1, K=3, size(refcost)=(54,), size(eachslope)=(3, 54)
objective_function
	MILP economic objective set
subject to.
	 constraints: 1) minimum shutup/shutdown time limits			 done
	 constraints: 2) binary variable logic					 done
	 constraints: 3) shutup/shutdown cost					 done
	 constraints: 4) loadcurtailments and spoliedwinds			 done
	 constraints: 5) generatos power limits					 done
	 constraints: 6) system reserves limits					 done
	 constraints: 7) power balance constraints				 done
	 constraints: 8) ramp-up/ramp-down constraints				 done
	 constraints: 9) piece linearization constraints			 done
	 constraints: 10) transmissionline limits skipped (is_NetWorkCon != 1 or Gsdf missing or NL=0)
	 constraints: 11) stroges system constraints skipped (is_ConsiderBESS=0)
	 constraints: 12) data centra constraints skipped (is_ConsiderDataCentra != 1)
	 constraints: 13) frequency control constraints skipped (is_ConsiderFrequencyControl != 1)
	 constraints: 14) hydro power limits					 done
+++++++++++++++++++++++++++++++++++++++++++++++++++++++++++++++++++++++++++++++++++++++++++
Step-4: starting Gurobi solver
Set parameter MIPGap to value 0.015
Gurobi Optimizer version 13.0.2 build v13.0.2rc1 (win64 - Windows 11+.0 (29639.2))

CPU model: 13th Gen Intel(R) Core(TM) i7-13700F, instruction set [SSE2|AVX|AVX2]
Thread count: 16 physical cores, 24 logical processors, using up to 24 threads

Non-default parameters:
MIPGap  0.015

Optimize a model with 25955 rows, 16848 columns and 139823 nonzeros (Min)
Model fingerprint: 0xa847002f
Model has 12600 linear objective coefficients
Variable types: 12864 continuous, 3984 integer (3984 binary)
Coefficient statistics:
  Matrix range     [3e-02, 4e+02]
  Objective range  [1e+00, 1e+15]
  Bounds range     [0e+00, 0e+00]
  RHS range        [7e-03, 4e+02]
Warning: Model contains large objective coefficients
         Consider reformulating model or setting NumericFocus parameter
         to avoid numerical issues.

Presolve removed 10621 rows and 5497 columns
Presolve time: 0.22s
Presolved: 15334 rows, 11351 columns, 58281 nonzeros
Variable types: 7847 continuous, 3504 integer (3504 binary)

Root relaxation: objective 1.749458e+06, 7209 iterations, 0.19 seconds (0.31 work units)

    Nodes    |    Current Node    |     Objective Bounds      |     Work
 Expl Unexpl |  Obj  Depth IntInf | Incumbent    BestBd   Gap | It/Node Time

     0     0 1749458.04    0  279          - 1749458.04      -     -    0s
H    0     0                    1971641.8153 1749458.04  11.3%     -    0s
H    0     0                    1863102.9455 1749458.04  6.10%     -    0s
H    0     0                    1858163.4755 1749458.04  5.85%     -    0s
     0     0 1751414.16    0  246 1858163.48 1751414.16  5.74%     -    0s
     0     0 1751520.51    0  245 1858163.48 1751520.51  5.74%     -    0s
     0     0 1753955.71    0  269 1858163.48 1753955.71  5.61%     -    1s
     0     0 1754007.98    0  265 1858163.48 1754007.98  5.61%     -    1s
     0     0 1754019.06    0  269 1858163.48 1754019.06  5.60%     -    1s
H    0     0                    1857806.1593 1754019.06  5.59%     -    1s
H    0     0                    1800120.5274 1754019.06  2.56%     -    1s
H    0     0                    1783963.0769 1755149.97  1.62%     -    1s
     0     0 1755149.97    0  200 1783963.08 1755149.97  1.62%     -    1s
     0     0 1755149.97    0  234 1783963.08 1755149.97  1.62%     -    1s
     0     0 1755493.91    0  219 1783963.08 1755493.91  1.60%     -    1s
     0     0 1755493.91    0  220 1783963.08 1755493.91  1.60%     -    1s
H    0     0                    1764361.6382 1755493.91  0.50%     -    2s

Cutting planes:
  Gomory: 33
  Cover: 2
  Implied bound: 187
  MIR: 148
  Flow cover: 112
  Network: 1
  RLT: 43
  Relax-and-lift: 61
  BQP: 2
  PSD: 1

Explored 1 nodes (9657 simplex iterations) in 2.07 seconds (2.69 work units)
Thread count was 24 (of 24 available processors)

Solution count 7: 1.76436e+06 1.78396e+06 1.80012e+06 ... 1.97164e+06

Optimal solution found (tolerance 1.50e-02)
Best objective 1.764361638162e+06, best bound 1.755495584590e+06, gap 0.5025%

User-callback calls 444, time in user-callback 0.00 sec
Step-5: Gurobi solver finished
+++++++++++++++++++++++++++++++++++++++++++++++++++++++++++++++++++++++++++++++++++++++++++

assert_is_solved_and_feasible(scuc) = nothing
solution_summary(scuc) = solution_summary(; result = 1, verbose = false)
├ solver_name          : Gurobi
├ Termination
│ ├ termination_status : OPTIMAL
│ ├ result_count       : 7
│ ├ raw_status         : Model was solved to optimality (subject to tolerances), and an optimal solution is available.
│ └ objective_bound    : 1.75550e+06
├ Solution (result = 1)
│ ├ primal_status        : FEASIBLE_POINT
│ ├ dual_status          : NO_SOLUTION
│ ├ objective_value      : 1.76436e+06
│ └ relative_gap         : 5.02508e-03
└ Work counters
  ├ solve_time (sec)   : 2.07400e+00
  ├ simplex_iterations : 9657
  ├ barrier_iterations : 0
  └ node_count         : 1


Termination Status: OPTIMAL
Acceptable solution found (Status: OPTIMAL).
Step-6: record datas
PART1: [unit-commitment] calculation result has been saved to: D:/GithubClonefiles/module_unitcommitment/output/details_schedule_results/pcm_simulation_results/intervels_[7]/res_schedule_commitment_result.txt
PART1: [unit-commitment] calculation result has been saved to: D:/GithubClonefiles/module_unitcommitment/output/details_schedule_results/pcm_simulation_results/intervels_[7]/res_schedule_commitment_result.txt
--------------------------------------------------------------------------------
Running mode: Steady+Unit
Step-3: Creating dispatching model (Refactored & Modularized)
Set parameter Username
Set parameter LicenseID to value 2826524
Academic license - for non-commercial use only - expires 2027-05-22
Set parameter MIPGap to value 0.015
	 Variables defined.
DEBUG set_objective_economic!: NT=28, NG=54, ND=91, NW=2, NS=1, K=3, size(refcost)=(54,), size(eachslope)=(3, 54)
objective_function
	MILP economic objective set
subject to.
	 constraints: 1) minimum shutup/shutdown time limits			 done
	 constraints: 2) binary variable logic					 done
	 constraints: 3) shutup/shutdown cost					 done
	 constraints: 4) loadcurtailments and spoliedwinds			 done
	 constraints: 5) generatos power limits					 done
	 constraints: 6) system reserves limits					 done
	 constraints: 7) power balance constraints				 done
	 constraints: 8) ramp-up/ramp-down constraints				 done
	 constraints: 9) piece linearization constraints			 done
	 constraints: 10) transmissionline limits skipped (is_NetWorkCon != 1 or Gsdf missing or NL=0)
	 constraints: 11) stroges system constraints skipped (is_ConsiderBESS=0)
	 constraints: 12) data centra constraints skipped (is_ConsiderDataCentra != 1)
	 constraints: 13) frequency control constraints skipped (is_ConsiderFrequencyControl != 1)
	 constraints: 14) hydro power limits					 done
+++++++++++++++++++++++++++++++++++++++++++++++++++++++++++++++++++++++++++++++++++++++++++
Step-4: starting Gurobi solver
Set parameter MIPGap to value 0.015
Gurobi Optimizer version 13.0.2 build v13.0.2rc1 (win64 - Windows 11+.0 (29639.2))

CPU model: 13th Gen Intel(R) Core(TM) i7-13700F, instruction set [SSE2|AVX|AVX2]
Thread count: 16 physical cores, 24 logical processors, using up to 24 threads

Non-default parameters:
MIPGap  0.015

Optimize a model with 30314 rows, 19656 columns and 163562 nonzeros (Min)
Model fingerprint: 0xea443572
Model has 14700 linear objective coefficients
Variable types: 15008 continuous, 4648 integer (4648 binary)
Coefficient statistics:
  Matrix range     [3e-02, 4e+02]
  Objective range  [1e+00, 1e+15]
  Bounds range     [0e+00, 0e+00]
  RHS range        [8e-03, 3e+02]
Warning: Model contains large objective coefficients
         Consider reformulating model or setting NumericFocus parameter
         to avoid numerical issues.

Presolve removed 12151 rows and 6319 columns
Presolve time: 0.29s
Presolved: 18163 rows, 13337 columns, 69144 nonzeros
Variable types: 9155 continuous, 4182 integer (4182 binary)

Root relaxation: objective 2.104070e+06, 9197 iterations, 0.35 seconds (0.40 work units)

    Nodes    |    Current Node    |     Objective Bounds      |     Work
 Expl Unexpl |  Obj  Depth IntInf | Incumbent    BestBd   Gap | It/Node Time

     0     0 2104070.00    0  417          - 2104070.00      -     -    0s
H    0     0                    2.025382e+15 2104070.00   100%     -    0s
H    0     0                    2202527.8137 2104070.00  4.47%     -    0s
H    0     0                    2172413.2928 2104070.00  3.15%     -    1s
     0     0 2110888.35    0  346 2172413.29 2110888.35  2.83%     -    1s
     0     0 2110940.67    0  349 2172413.29 2110940.67  2.83%     -    1s
     0     0 2110941.13    0  336 2172413.29 2110941.13  2.83%     -    1s
     0     0 2110943.66    0  339 2172413.29 2110943.66  2.83%     -    1s
     0     0 2110943.83    0  339 2172413.29 2110943.83  2.83%     -    1s
H    0     0                    2171163.1907 2113286.74  2.67%     -    2s
     0     0 2113921.31    0  348 2171163.19 2113921.31  2.64%     -    2s
     0     0 2113921.31    0  259 2171163.19 2113921.31  2.64%     -    2s
     0     0 2113921.31    0  274 2171163.19 2113921.31  2.64%     -    2s
H    0     0                    2170155.2400 2113921.31  2.59%     -    2s
H    0     0                    2169187.8614 2113921.31  2.55%     -    2s
H    0     0                    2141418.5579 2113921.31  1.28%     -    2s

Cutting planes:
  Gomory: 24
  Cover: 5
  Implied bound: 270
  MIR: 185
  Flow cover: 169
  Network: 3
  RLT: 109
  Relax-and-lift: 60
  BQP: 7

Explored 1 nodes (11702 simplex iterations) in 2.61 seconds (3.27 work units)
Thread count was 24 (of 24 available processors)

Solution count 7: 2.14142e+06 2.16919e+06 2.17016e+06 ... 2.02538e+15

Optimal solution found (tolerance 1.50e-02)
Best objective 2.141418557868e+06, best bound 2.114377683636e+06, gap 1.2628%

User-callback calls 484, time in user-callback 0.00 sec
Step-5: Gurobi solver finished
+++++++++++++++++++++++++++++++++++++++++++++++++++++++++++++++++++++++++++++++++++++++++++

assert_is_solved_and_feasible(scuc) = nothing
solution_summary(scuc) = solution_summary(; result = 1, verbose = false)
├ solver_name          : Gurobi
├ Termination
│ ├ termination_status : OPTIMAL
│ ├ result_count       : 7
│ ├ raw_status         : Model was solved to optimality (subject to tolerances), and an optimal solution is available.
│ └ objective_bound    : 2.11438e+06
├ Solution (result = 1)
│ ├ primal_status        : FEASIBLE_POINT
│ ├ dual_status          : NO_SOLUTION
│ ├ objective_value      : 2.14142e+06
│ └ relative_gap         : 1.26276e-02
└ Work counters
  ├ solve_time (sec)   : 2.60900e+00
  ├ simplex_iterations : 11702
  ├ barrier_iterations : 0
  └ node_count         : 1


Termination Status: OPTIMAL
Acceptable solution found (Status: OPTIMAL).
Step-6: record datas
PART1: [unit-commitment] calculation result has been saved to: D:/GithubClonefiles/module_unitcommitment/output/details_schedule_results/pcm_simulation_results/intervels_[1]/res_schedule_commitment_result.txt
PART1: [unit-commitment] calculation result has been saved to: D:/GithubClonefiles/module_unitcommitment/output/details_schedule_results/pcm_simulation_results/intervels_[1]/res_schedule_commitment_result.txt
Step-3: Creating dispatching model (Refactored & Modularized)
Set parameter Username
Set parameter LicenseID to value 2826524
Academic license - for non-commercial use only - expires 2027-05-22
Set parameter MIPGap to value 0.015
	 Variables defined.
DEBUG set_objective_economic!: NT=31, NG=54, ND=91, NW=2, NS=1, K=3, size(refcost)=(54,), size(eachslope)=(3, 54)
objective_function
	MILP economic objective set
subject to.
	 constraints: 1) minimum shutup/shutdown time limits			 done
	 constraints: 2) binary variable logic					 done
	 constraints: 3) shutup/shutdown cost					 done
	 constraints: 4) loadcurtailments and spoliedwinds			 done
	 constraints: 5) generatos power limits					 done
	 constraints: 6) system reserves limits					 done
	 constraints: 7) power balance constraints				 done
	 constraints: 8) ramp-up/ramp-down constraints				 done
	 constraints: 9) piece linearization constraints			 done
	 constraints: 10) transmissionline limits skipped (is_NetWorkCon != 1 or Gsdf missing or NL=0)
	 constraints: 11) stroges system constraints skipped (is_ConsiderBESS=0)
	 constraints: 12) data centra constraints skipped (is_ConsiderDataCentra != 1)
	 constraints: 13) frequency control constraints skipped (is_ConsiderFrequencyControl != 1)
	 constraints: 14) hydro power limits					 done
+++++++++++++++++++++++++++++++++++++++++++++++++++++++++++++++++++++++++++++++++++++++++++
Step-4: starting Gurobi solver
Set parameter MIPGap to value 0.015
Gurobi Optimizer version 13.0.2 build v13.0.2rc1 (win64 - Windows 11+.0 (29639.2))

CPU model: 13th Gen Intel(R) Core(TM) i7-13700F, instruction set [SSE2|AVX|AVX2]
Thread count: 16 physical cores, 24 logical processors, using up to 24 threads

Non-default parameters:
MIPGap  0.015

Optimize a model with 33616 rows, 21762 columns and 181535 nonzeros (Min)
Model fingerprint: 0x63796cd3
Model has 16275 linear objective coefficients
Variable types: 16616 continuous, 5146 integer (5146 binary)
Coefficient statistics:
  Matrix range     [3e-02, 4e+02]
  Objective range  [1e+00, 1e+15]
  Bounds range     [0e+00, 0e+00]
  RHS range        [7e-03, 4e+02]
Warning: Model contains large objective coefficients
         Consider reformulating model or setting NumericFocus parameter
         to avoid numerical issues.

Presolve removed 13406 rows and 6958 columns
Presolve time: 0.38s
Presolved: 20210 rows, 14804 columns, 91073 nonzeros
Variable types: 10136 continuous, 4668 integer (4668 binary)

Root relaxation: objective 2.432477e+06, 11296 iterations, 0.36 seconds (0.48 work units)

    Nodes    |    Current Node    |     Objective Bounds      |     Work
 Expl Unexpl |  Obj  Depth IntInf | Incumbent    BestBd   Gap | It/Node Time

     0     0 2432477.04    0  197          - 2432477.04      -     -    0s
H    0     0                    4.555034e+15 2432477.04   100%     -    1s
H    0     0                    1.155363e+15 2432477.04   100%     -    1s
     0     0 2432788.27    0  180 1.1554e+15 2432788.27   100%     -    1s
     0     0 2432790.95    0  194 1.1554e+15 2432790.95   100%     -    1s
     0     0 2432791.04    0  201 1.1554e+15 2432791.04   100%     -    1s
H    0     0                    2564744.8073 2432791.04  5.14%     -    2s
H    0     0                    2557192.6113 2432791.04  4.86%     -    2s
     0     0 2432918.45    0  185 2557192.61 2432918.45  4.86%     -    2s
     0     0 2432950.46    0  208 2557192.61 2432950.46  4.86%     -    2s
     0     0 2432960.33    0  230 2557192.61 2432960.33  4.86%     -    2s
     0     0 2432973.82    0  223 2557192.61 2432973.82  4.86%     -    2s
H    0     0                    2451761.6764 2432973.82  0.77%     -    2s
     0     0 2432973.82    0  236 2451761.68 2432973.82  0.77%     -    2s

Cutting planes:
  Gomory: 21
  Lift-and-project: 4
  Implied bound: 23
  MIR: 64
  Flow cover: 27
  RLT: 5
  Relax-and-lift: 14

Explored 1 nodes (12142 simplex iterations) in 2.48 seconds (3.05 work units)
Thread count was 24 (of 24 available processors)

Solution count 5: 2.45176e+06 2.55719e+06 2.56474e+06 ... 4.55503e+15

Optimal solution found (tolerance 1.50e-02)
Best objective 2.451761676444e+06, best bound 2.432973817303e+06, gap 0.7663%

User-callback calls 547, time in user-callback 0.00 sec
Step-5: Gurobi solver finished
+++++++++++++++++++++++++++++++++++++++++++++++++++++++++++++++++++++++++++++++++++++++++++

assert_is_solved_and_feasible(scuc) = nothing
solution_summary(scuc) = solution_summary(; result = 1, verbose = false)
├ solver_name          : Gurobi
├ Termination
│ ├ termination_status : OPTIMAL
│ ├ result_count       : 5
│ ├ raw_status         : Model was solved to optimality (subject to tolerances), and an optimal solution is available.
│ └ objective_bound    : 2.43297e+06
├ Solution (result = 1)
│ ├ primal_status        : FEASIBLE_POINT
│ ├ dual_status          : NO_SOLUTION
│ ├ objective_value      : 2.45176e+06
│ └ relative_gap         : 7.66300e-03
└ Work counters
  ├ solve_time (sec)   : 2.48500e+00
  ├ simplex_iterations : 12142
  ├ barrier_iterations : 0
  └ node_count         : 1


Termination Status: OPTIMAL
Acceptable solution found (Status: OPTIMAL).
Step-6: record datas
PART1: [unit-commitment] calculation result has been saved to: D:/GithubClonefiles/module_unitcommitment/output/details_schedule_results/pcm_simulation_results/intervels_[2]/res_schedule_commitment_result.txt
PART1: [unit-commitment] calculation result has been saved to: D:/GithubClonefiles/module_unitcommitment/output/details_schedule_results/pcm_simulation_results/intervels_[2]/res_schedule_commitment_result.txt
Step-3: Creating dispatching model (Refactored & Modularized)
Set parameter Username
Set parameter LicenseID to value 2826524
Academic license - for non-commercial use only - expires 2027-05-22
Set parameter MIPGap to value 0.015
	 Variables defined.
DEBUG set_objective_economic!: NT=31, NG=54, ND=91, NW=2, NS=1, K=3, size(refcost)=(54,), size(eachslope)=(3, 54)
objective_function
	MILP economic objective set
subject to.
	 constraints: 1) minimum shutup/shutdown time limits			 done
	 constraints: 2) binary variable logic					 done
	 constraints: 3) shutup/shutdown cost					 done
	 constraints: 4) loadcurtailments and spoliedwinds			 done
	 constraints: 5) generatos power limits					 done
	 constraints: 6) system reserves limits					 done
	 constraints: 7) power balance constraints				 done
	 constraints: 8) ramp-up/ramp-down constraints				 done
	 constraints: 9) piece linearization constraints			 done
	 constraints: 10) transmissionline limits skipped (is_NetWorkCon != 1 or Gsdf missing or NL=0)
	 constraints: 11) stroges system constraints skipped (is_ConsiderBESS=0)
	 constraints: 12) data centra constraints skipped (is_ConsiderDataCentra != 1)
	 constraints: 13) frequency control constraints skipped (is_ConsiderFrequencyControl != 1)
	 constraints: 14) hydro power limits					 done
+++++++++++++++++++++++++++++++++++++++++++++++++++++++++++++++++++++++++++++++++++++++++++
Step-4: starting Gurobi solver
Set parameter MIPGap to value 0.015
Gurobi Optimizer version 13.0.2 build v13.0.2rc1 (win64 - Windows 11+.0 (29639.2))

CPU model: 13th Gen Intel(R) Core(TM) i7-13700F, instruction set [SSE2|AVX|AVX2]
Thread count: 16 physical cores, 24 logical processors, using up to 24 threads

Non-default parameters:
MIPGap  0.015

Optimize a model with 33621 rows, 21762 columns and 181561 nonzeros (Min)
Model fingerprint: 0x35cd6e1f
Model has 16275 linear objective coefficients
Variable types: 16616 continuous, 5146 integer (5146 binary)
Coefficient statistics:
  Matrix range     [3e-02, 4e+02]
  Objective range  [1e+00, 1e+15]
  Bounds range     [0e+00, 0e+00]
  RHS range        [7e-03, 4e+02]
Warning: Model contains large objective coefficients
         Consider reformulating model or setting NumericFocus parameter
         to avoid numerical issues.

Presolve removed 13426 rows and 6964 columns
Presolve time: 0.39s
Presolved: 20195 rows, 14798 columns, 90808 nonzeros
Variable types: 10136 continuous, 4662 integer (4662 binary)

Root relaxation: objective 2.102800e+06, 9829 iterations, 0.33 seconds (0.44 work units)

    Nodes    |    Current Node    |     Objective Bounds      |     Work
 Expl Unexpl |  Obj  Depth IntInf | Incumbent    BestBd   Gap | It/Node Time

     0     0 2102800.40    0  175          - 2102800.40      -     -    0s
H    0     0                    5.151679e+15 2102800.40   100%     -    1s
H    0     0                    2341515.2503 2102800.40  10.2%     -    1s
H    0     0                    2138717.5987 2102801.16  1.68%     -    1s
     0     0 2102921.23    0  271 2138717.60 2102921.23  1.67%     -    1s
     0     0 2102935.12    0  243 2138717.60 2102935.12  1.67%     -    1s
     0     0 2102935.12    0  246 2138717.60 2102935.12  1.67%     -    1s
     0     0 2103015.02    0  219 2138717.60 2103015.02  1.67%     -    1s
     0     0 2103028.54    0  241 2138717.60 2103028.54  1.67%     -    1s
     0     0 2103028.57    0  251 2138717.60 2103028.57  1.67%     -    1s
     0     0 2103043.33    0  267 2138717.60 2103043.33  1.67%     -    2s
     0     0 2103044.97    0  296 2138717.60 2103044.97  1.67%     -    2s
H    0     0                    2125416.2922 2103044.97  1.05%     -    2s

Cutting planes:
  Gomory: 11
  Cover: 4
  Implied bound: 27
  MIR: 76
  Flow cover: 29
  Relax-and-lift: 6

Explored 1 nodes (11139 simplex iterations) in 2.58 seconds (3.35 work units)
Thread count was 24 (of 24 available processors)

Solution count 4: 2.12542e+06 2.13872e+06 2.34152e+06 5.15168e+15 

Optimal solution found (tolerance 1.50e-02)
Best objective 2.125416292222e+06, best bound 2.103044965638e+06, gap 1.0526%

User-callback calls 492, time in user-callback 0.00 sec
Step-5: Gurobi solver finished
+++++++++++++++++++++++++++++++++++++++++++++++++++++++++++++++++++++++++++++++++++++++++++

assert_is_solved_and_feasible(scuc) = nothing
solution_summary(scuc) = solution_summary(; result = 1, verbose = false)
├ solver_name          : Gurobi
├ Termination
│ ├ termination_status : OPTIMAL
│ ├ result_count       : 4
│ ├ raw_status         : Model was solved to optimality (subject to tolerances), and an optimal solution is available.
│ └ objective_bound    : 2.10304e+06
├ Solution (result = 1)
│ ├ primal_status        : FEASIBLE_POINT
│ ├ dual_status          : NO_SOLUTION
│ ├ objective_value      : 2.12542e+06
│ └ relative_gap         : 1.05256e-02
└ Work counters
  ├ solve_time (sec)   : 2.58100e+00
  ├ simplex_iterations : 11139
  ├ barrier_iterations : 0
  └ node_count         : 1


Termination Status: OPTIMAL
Acceptable solution found (Status: OPTIMAL).
Step-6: record datas
PART1: [unit-commitment] calculation result has been saved to: D:/GithubClonefiles/module_unitcommitment/output/details_schedule_results/pcm_simulation_results/intervels_[3]/res_schedule_commitment_result.txt
PART1: [unit-commitment] calculation result has been saved to: D:/GithubClonefiles/module_unitcommitment/output/details_schedule_results/pcm_simulation_results/intervels_[3]/res_schedule_commitment_result.txt
Step-3: Creating dispatching model (Refactored & Modularized)
Set parameter Username
Set parameter LicenseID to value 2826524
Academic license - for non-commercial use only - expires 2027-05-22
Set parameter MIPGap to value 0.015
	 Variables defined.
DEBUG set_objective_economic!: NT=31, NG=54, ND=91, NW=2, NS=1, K=3, size(refcost)=(54,), size(eachslope)=(3, 54)
objective_function
	MILP economic objective set
subject to.
	 constraints: 1) minimum shutup/shutdown time limits			 done
	 constraints: 2) binary variable logic					 done
	 constraints: 3) shutup/shutdown cost					 done
	 constraints: 4) loadcurtailments and spoliedwinds			 done
	 constraints: 5) generatos power limits					 done
	 constraints: 6) system reserves limits					 done
	 constraints: 7) power balance constraints				 done
	 constraints: 8) ramp-up/ramp-down constraints				 done
	 constraints: 9) piece linearization constraints			 done
	 constraints: 10) transmissionline limits skipped (is_NetWorkCon != 1 or Gsdf missing or NL=0)
	 constraints: 11) stroges system constraints skipped (is_ConsiderBESS=0)
	 constraints: 12) data centra constraints skipped (is_ConsiderDataCentra != 1)
	 constraints: 13) frequency control constraints skipped (is_ConsiderFrequencyControl != 1)
	 constraints: 14) hydro power limits					 done
+++++++++++++++++++++++++++++++++++++++++++++++++++++++++++++++++++++++++++++++++++++++++++
Step-4: starting Gurobi solver
Set parameter MIPGap to value 0.015
Gurobi Optimizer version 13.0.2 build v13.0.2rc1 (win64 - Windows 11+.0 (29639.2))

CPU model: 13th Gen Intel(R) Core(TM) i7-13700F, instruction set [SSE2|AVX|AVX2]
Thread count: 16 physical cores, 24 logical processors, using up to 24 threads

Non-default parameters:
MIPGap  0.015

Optimize a model with 33615 rows, 21762 columns and 181563 nonzeros (Min)
Model fingerprint: 0xc39d0509
Model has 16275 linear objective coefficients
Variable types: 16616 continuous, 5146 integer (5146 binary)
Coefficient statistics:
  Matrix range     [3e-02, 4e+02]
  Objective range  [1e+00, 1e+15]
  Bounds range     [0e+00, 0e+00]
  RHS range        [8e-03, 4e+02]
Warning: Model contains large objective coefficients
         Consider reformulating model or setting NumericFocus parameter
         to avoid numerical issues.

Presolve removed 13414 rows and 6961 columns
Presolve time: 0.37s
Presolved: 20201 rows, 14801 columns, 91025 nonzeros
Variable types: 10136 continuous, 4665 integer (4665 binary)

Root relaxation: objective 2.316374e+06, 10877 iterations, 0.28 seconds (0.39 work units)

    Nodes    |    Current Node    |     Objective Bounds      |     Work
 Expl Unexpl |  Obj  Depth IntInf | Incumbent    BestBd   Gap | It/Node Time

     0     0 2316374.33    0  183          - 2316374.33      -     -    0s
H    0     0                    3.631767e+15 2316374.33   100%     -    0s
H    0     0                    2345999.5100 2316374.33  1.26%     -    1s

Explored 1 nodes (10894 simplex iterations) in 1.05 seconds (1.71 work units)
Thread count was 24 (of 24 available processors)

Solution count 2: 2.346e+06 3.63177e+15 

Optimal solution found (tolerance 1.50e-02)
Best objective 2.345999510031e+06, best bound 2.316374330113e+06, gap 1.2628%

User-callback calls 285, time in user-callback 0.00 sec
Step-5: Gurobi solver finished
+++++++++++++++++++++++++++++++++++++++++++++++++++++++++++++++++++++++++++++++++++++++++++

assert_is_solved_and_feasible(scuc) = nothing
solution_summary(scuc) = solution_summary(; result = 1, verbose = false)
├ solver_name          : Gurobi
├ Termination
│ ├ termination_status : OPTIMAL
│ ├ result_count       : 2
│ ├ raw_status         : Model was solved to optimality (subject to tolerances), and an optimal solution is available.
│ └ objective_bound    : 2.31637e+06
├ Solution (result = 1)
│ ├ primal_status        : FEASIBLE_POINT
│ ├ dual_status          : NO_SOLUTION
│ ├ objective_value      : 2.34600e+06
│ └ relative_gap         : 1.26280e-02
└ Work counters
  ├ solve_time (sec)   : 1.04700e+00
  ├ simplex_iterations : 10894
  ├ barrier_iterations : 0
  └ node_count         : 1


Termination Status: OPTIMAL
Acceptable solution found (Status: OPTIMAL).
Step-6: record datas
PART1: [unit-commitment] calculation result has been saved to: D:/GithubClonefiles/module_unitcommitment/output/details_schedule_results/pcm_simulation_results/intervels_[4]/res_schedule_commitment_result.txt
PART1: [unit-commitment] calculation result has been saved to: D:/GithubClonefiles/module_unitcommitment/output/details_schedule_results/pcm_simulation_results/intervels_[4]/res_schedule_commitment_result.txt
Step-3: Creating dispatching model (Refactored & Modularized)
Set parameter Username
Set parameter LicenseID to value 2826524
Academic license - for non-commercial use only - expires 2027-05-22
Set parameter MIPGap to value 0.015
	 Variables defined.
DEBUG set_objective_economic!: NT=31, NG=54, ND=91, NW=2, NS=1, K=3, size(refcost)=(54,), size(eachslope)=(3, 54)
objective_function
	MILP economic objective set
subject to.
	 constraints: 1) minimum shutup/shutdown time limits			 done
	 constraints: 2) binary variable logic					 done
	 constraints: 3) shutup/shutdown cost					 done
	 constraints: 4) loadcurtailments and spoliedwinds			 done
	 constraints: 5) generatos power limits					 done
	 constraints: 6) system reserves limits					 done
	 constraints: 7) power balance constraints				 done
	 constraints: 8) ramp-up/ramp-down constraints				 done
	 constraints: 9) piece linearization constraints			 done
	 constraints: 10) transmissionline limits skipped (is_NetWorkCon != 1 or Gsdf missing or NL=0)
	 constraints: 11) stroges system constraints skipped (is_ConsiderBESS=0)
	 constraints: 12) data centra constraints skipped (is_ConsiderDataCentra != 1)
	 constraints: 13) frequency control constraints skipped (is_ConsiderFrequencyControl != 1)
	 constraints: 14) hydro power limits					 done
+++++++++++++++++++++++++++++++++++++++++++++++++++++++++++++++++++++++++++++++++++++++++++
Step-4: starting Gurobi solver
Set parameter MIPGap to value 0.015
Gurobi Optimizer version 13.0.2 build v13.0.2rc1 (win64 - Windows 11+.0 (29639.2))

CPU model: 13th Gen Intel(R) Core(TM) i7-13700F, instruction set [SSE2|AVX|AVX2]
Thread count: 16 physical cores, 24 logical processors, using up to 24 threads

Non-default parameters:
MIPGap  0.015

Optimize a model with 33591 rows, 21762 columns and 181400 nonzeros (Min)
Model fingerprint: 0x5e1aae3a
Model has 16275 linear objective coefficients
Variable types: 16616 continuous, 5146 integer (5146 binary)
Coefficient statistics:
  Matrix range     [3e-02, 4e+02]
  Objective range  [1e+00, 1e+15]
  Bounds range     [0e+00, 0e+00]
  RHS range        [8e-03, 4e+02]
Warning: Model contains large objective coefficients
         Consider reformulating model or setting NumericFocus parameter
         to avoid numerical issues.

Presolve removed 13408 rows and 6964 columns
Presolve time: 0.45s
Presolved: 20183 rows, 14798 columns, 90769 nonzeros
Variable types: 10136 continuous, 4662 integer (4662 binary)

Root relaxation: objective 2.313420e+06, 9849 iterations, 0.35 seconds (0.41 work units)

    Nodes    |    Current Node    |     Objective Bounds      |     Work
 Expl Unexpl |  Obj  Depth IntInf | Incumbent    BestBd   Gap | It/Node Time

     0     0 2313419.70    0  169          - 2313419.70      -     -    1s
H    0     0                    6.043142e+15 2313419.70   100%     -    1s
H    0     0                    2.546661e+15 2313419.70   100%     -    1s
H    0     0                    1.816581e+15 2313419.70   100%     -    1s
H    0     0                    8.165813e+14 2313419.70   100%     -    1s
H    0     0                    2.694214e+14 2313432.92   100%     -    1s
     0     0 2313511.79    0  185 2.6942e+14 2313511.79   100%     -    1s
     0     0 2313513.43    0  187 2.6942e+14 2313513.43   100%     -    1s
     0     0 2313513.87    0  186 2.6942e+14 2313513.87   100%     -    1s
     0     0 2313622.69    0  216 2.6942e+14 2313622.69   100%     -    1s
     0     0 2313640.51    0  223 2.6942e+14 2313640.51   100%     -    1s
     0     0 2313641.10    0  225 2.6942e+14 2313641.10   100%     -    1s
H    0     0                    2322541.5046 2313641.10  0.38%     -    2s

Cutting planes:
  Gomory: 12
  Cover: 2
  Implied bound: 25
  MIR: 89
  Flow cover: 34
  RLT: 2
  Relax-and-lift: 3

Explored 1 nodes (10588 simplex iterations) in 2.27 seconds (2.74 work units)
Thread count was 24 (of 24 available processors)

Solution count 6: 2.32254e+06 2.69421e+14 8.16581e+14 ... 6.04314e+15

Optimal solution found (tolerance 1.50e-02)
Best objective 2.322541504591e+06, best bound 2.313641104678e+06, gap 0.3832%

User-callback calls 531, time in user-callback 0.00 sec
Step-5: Gurobi solver finished
+++++++++++++++++++++++++++++++++++++++++++++++++++++++++++++++++++++++++++++++++++++++++++

assert_is_solved_and_feasible(scuc) = nothing
solution_summary(scuc) = solution_summary(; result = 1, verbose = false)
├ solver_name          : Gurobi
├ Termination
│ ├ termination_status : OPTIMAL
│ ├ result_count       : 6
│ ├ raw_status         : Model was solved to optimality (subject to tolerances), and an optimal solution is available.
│ └ objective_bound    : 2.31364e+06
├ Solution (result = 1)
│ ├ primal_status        : FEASIBLE_POINT
│ ├ dual_status          : NO_SOLUTION
│ ├ objective_value      : 2.32254e+06
│ └ relative_gap         : 3.83218e-03
└ Work counters
  ├ solve_time (sec)   : 2.27100e+00
  ├ simplex_iterations : 10588
  ├ barrier_iterations : 0
  └ node_count         : 1


Termination Status: OPTIMAL
Acceptable solution found (Status: OPTIMAL).
Step-6: record datas
PART1: [unit-commitment] calculation result has been saved to: D:/GithubClonefiles/module_unitcommitment/output/details_schedule_results/pcm_simulation_results/intervels_[5]/res_schedule_commitment_result.txt
PART1: [unit-commitment] calculation result has been saved to: D:/GithubClonefiles/module_unitcommitment/output/details_schedule_results/pcm_simulation_results/intervels_[5]/res_schedule_commitment_result.txt
Step-3: Creating dispatching model (Refactored & Modularized)
Set parameter Username
Set parameter LicenseID to value 2826524
Academic license - for non-commercial use only - expires 2027-05-22
Set parameter MIPGap to value 0.015
	 Variables defined.
DEBUG set_objective_economic!: NT=30, NG=54, ND=91, NW=2, NS=1, K=3, size(refcost)=(54,), size(eachslope)=(3, 54)
objective_function
	MILP economic objective set
subject to.
	 constraints: 1) minimum shutup/shutdown time limits			 done
	 constraints: 2) binary variable logic					 done
	 constraints: 3) shutup/shutdown cost					 done
	 constraints: 4) loadcurtailments and spoliedwinds			 done
	 constraints: 5) generatos power limits					 done
	 constraints: 6) system reserves limits					 done
	 constraints: 7) power balance constraints				 done
	 constraints: 8) ramp-up/ramp-down constraints				 done
	 constraints: 9) piece linearization constraints			 done
	 constraints: 10) transmissionline limits skipped (is_NetWorkCon != 1 or Gsdf missing or NL=0)
	 constraints: 11) stroges system constraints skipped (is_ConsiderBESS=0)
	 constraints: 12) data centra constraints skipped (is_ConsiderDataCentra != 1)
	 constraints: 13) frequency control constraints skipped (is_ConsiderFrequencyControl != 1)
	 constraints: 14) hydro power limits					 done
+++++++++++++++++++++++++++++++++++++++++++++++++++++++++++++++++++++++++++++++++++++++++++
Step-4: starting Gurobi solver
Set parameter MIPGap to value 0.015
Gurobi Optimizer version 13.0.2 build v13.0.2rc1 (win64 - Windows 11+.0 (29639.2))

CPU model: 13th Gen Intel(R) Core(TM) i7-13700F, instruction set [SSE2|AVX|AVX2]
Thread count: 16 physical cores, 24 logical processors, using up to 24 threads

Non-default parameters:
MIPGap  0.015

Optimize a model with 32518 rows, 21060 columns and 175577 nonzeros (Min)
Model fingerprint: 0x12da6d35
Model has 15750 linear objective coefficients
Variable types: 16080 continuous, 4980 integer (4980 binary)
Coefficient statistics:
  Matrix range     [3e-02, 4e+02]
  Objective range  [1e+00, 1e+15]
  Bounds range     [0e+00, 0e+00]
  RHS range        [7e-03, 4e+02]
Warning: Model contains large objective coefficients
         Consider reformulating model or setting NumericFocus parameter
         to avoid numerical issues.

Presolve removed 12971 rows and 6752 columns
Presolve time: 0.29s
Presolved: 19547 rows, 14308 columns, 74090 nonzeros
Variable types: 9805 continuous, 4503 integer (4503 binary)

Root relaxation: objective 6.455806e+15, 11123 iterations, 0.23 seconds (0.37 work units)

    Nodes    |    Current Node    |     Objective Bounds      |     Work
 Expl Unexpl |  Obj  Depth IntInf | Incumbent    BestBd   Gap | It/Node Time

     0     0 6.4558e+15    0  464          - 6.4558e+15      -     -    0s
H    0     0                    8.071803e+15 6.4558e+15  20.0%     -    1s
H    0     0                    6.547491e+15 6.4558e+15  1.40%     -    1s

Explored 1 nodes (11154 simplex iterations) in 1.45 seconds (2.76 work units)
Thread count was 24 (of 24 available processors)

Solution count 2: 6.54749e+15 8.0718e+15 

Optimal solution found (tolerance 1.50e-02)
Best objective 6.547490799987e+15, best bound 6.455805897710e+15, gap 1.4003%

User-callback calls 603, time in user-callback 0.00 sec
Step-5: Gurobi solver finished
+++++++++++++++++++++++++++++++++++++++++++++++++++++++++++++++++++++++++++++++++++++++++++

assert_is_solved_and_feasible(scuc) = nothing
solution_summary(scuc) = solution_summary(; result = 1, verbose = false)
├ solver_name          : Gurobi
├ Termination
│ ├ termination_status : OPTIMAL
│ ├ result_count       : 2
│ ├ raw_status         : Model was solved to optimality (subject to tolerances), and an optimal solution is available.
│ └ objective_bound    : 6.45581e+15
├ Solution (result = 1)
│ ├ primal_status        : FEASIBLE_POINT
│ ├ dual_status          : NO_SOLUTION
│ ├ objective_value      : 6.54749e+15
│ └ relative_gap         : 1.40031e-02
└ Work counters
  ├ solve_time (sec)   : 1.45100e+00
  ├ simplex_iterations : 11154
  ├ barrier_iterations : 0
  └ node_count         : 1


Termination Status: OPTIMAL
Acceptable solution found (Status: OPTIMAL).
Step-6: record datas
PART1: [unit-commitment] calculation result has been saved to: D:/GithubClonefiles/module_unitcommitment/output/details_schedule_results/pcm_simulation_results/intervels_[6]/res_schedule_commitment_result.txt
PART1: [unit-commitment] calculation result has been saved to: D:/GithubClonefiles/module_unitcommitment/output/details_schedule_results/pcm_simulation_results/intervels_[6]/res_schedule_commitment_result.txt
Step-3: Creating dispatching model (Refactored & Modularized)
Set parameter Username
Set parameter LicenseID to value 2826524
Academic license - for non-commercial use only - expires 2027-05-22
Set parameter MIPGap to value 0.015
	 Variables defined.
DEBUG set_objective_economic!: NT=24, NG=54, ND=91, NW=2, NS=1, K=3, size(refcost)=(54,), size(eachslope)=(3, 54)
objective_function
	MILP economic objective set
subject to.
	 constraints: 1) minimum shutup/shutdown time limits			 done
	 constraints: 2) binary variable logic					 done
	 constraints: 3) shutup/shutdown cost					 done
	 constraints: 4) loadcurtailments and spoliedwinds			 done
	 constraints: 5) generatos power limits					 done
	 constraints: 6) system reserves limits					 done
	 constraints: 7) power balance constraints				 done
	 constraints: 8) ramp-up/ramp-down constraints				 done
	 constraints: 9) piece linearization constraints			 done
	 constraints: 10) transmissionline limits skipped (is_NetWorkCon != 1 or Gsdf missing or NL=0)
	 constraints: 11) stroges system constraints skipped (is_ConsiderBESS=0)
	 constraints: 12) data centra constraints skipped (is_ConsiderDataCentra != 1)
	 constraints: 13) frequency control constraints skipped (is_ConsiderFrequencyControl != 1)
	 constraints: 14) hydro power limits					 done
+++++++++++++++++++++++++++++++++++++++++++++++++++++++++++++++++++++++++++++++++++++++++++
Step-4: starting Gurobi solver
Set parameter MIPGap to value 0.015
Gurobi Optimizer version 13.0.2 build v13.0.2rc1 (win64 - Windows 11+.0 (29639.2))

CPU model: 13th Gen Intel(R) Core(TM) i7-13700F, instruction set [SSE2|AVX|AVX2]
Thread count: 16 physical cores, 24 logical processors, using up to 24 threads

Non-default parameters:
MIPGap  0.015

Optimize a model with 25955 rows, 16848 columns and 139823 nonzeros (Min)
Model fingerprint: 0x6751493d
Model has 12600 linear objective coefficients
Variable types: 12864 continuous, 3984 integer (3984 binary)
Coefficient statistics:
  Matrix range     [3e-02, 4e+02]
  Objective range  [1e+00, 1e+15]
  Bounds range     [0e+00, 0e+00]
  RHS range        [7e-03, 4e+02]
Warning: Model contains large objective coefficients
         Consider reformulating model or setting NumericFocus parameter
         to avoid numerical issues.

Presolve removed 10621 rows and 5497 columns
Presolve time: 0.22s
Presolved: 15334 rows, 11351 columns, 58281 nonzeros
Variable types: 7847 continuous, 3504 integer (3504 binary)

Root relaxation: objective 1.749458e+06, 6881 iterations, 0.16 seconds (0.22 work units)

    Nodes    |    Current Node    |     Objective Bounds      |     Work
 Expl Unexpl |  Obj  Depth IntInf | Incumbent    BestBd   Gap | It/Node Time

     0     0 1749458.04    0  277          - 1749458.04      -     -    0s
H    0     0                    1971139.1903 1749458.04  11.2%     -    0s
H    0     0                    1880135.3808 1749458.04  6.95%     -    0s
     0     0 1751348.82    0  258 1880135.38 1751348.82  6.85%     -    0s
     0     0 1751376.54    0  239 1880135.38 1751376.54  6.85%     -    1s
     0     0 1751377.04    0  239 1880135.38 1751377.04  6.85%     -    1s
     0     0 1753902.39    0  278 1880135.38 1753902.39  6.71%     -    1s
     0     0 1753922.22    0  257 1880135.38 1753922.22  6.71%     -    1s
     0     0 1753932.71    0  258 1880135.38 1753932.71  6.71%     -    1s
H    0     0                    1879561.6974 1753932.71  6.68%     -    1s
     0     0 1753932.71    0  258 1879561.70 1753932.71  6.68%     -    1s
H    0     0                    1783025.7967 1753932.71  1.63%     -    1s
H    0     0                    1778480.3493 1753932.71  1.38%     -    1s

Cutting planes:
  Gomory: 44
  Cover: 3
  Implied bound: 176
  MIR: 130
  Flow cover: 112
  Network: 2
  RLT: 45
  Relax-and-lift: 62
  BQP: 3

Explored 1 nodes (8807 simplex iterations) in 1.69 seconds (2.23 work units)
Thread count was 24 (of 24 available processors)

Solution count 5: 1.77848e+06 1.78303e+06 1.87956e+06 ... 1.97114e+06

Optimal solution found (tolerance 1.50e-02)
Best objective 1.778480349348e+06, best bound 1.755149968708e+06, gap 1.3118%

User-callback calls 407, time in user-callback 0.00 sec
Step-5: Gurobi solver finished
+++++++++++++++++++++++++++++++++++++++++++++++++++++++++++++++++++++++++++++++++++++++++++

assert_is_solved_and_feasible(scuc) = nothing
solution_summary(scuc) = solution_summary(; result = 1, verbose = false)
├ solver_name          : Gurobi
├ Termination
│ ├ termination_status : OPTIMAL
│ ├ result_count       : 5
│ ├ raw_status         : Model was solved to optimality (subject to tolerances), and an optimal solution is available.
│ └ objective_bound    : 1.75515e+06
├ Solution (result = 1)
│ ├ primal_status        : FEASIBLE_POINT
│ ├ dual_status          : NO_SOLUTION
│ ├ objective_value      : 1.77848e+06
│ └ relative_gap         : 1.31182e-02
└ Work counters
  ├ solve_time (sec)   : 1.70300e+00
  ├ simplex_iterations : 8807
  ├ barrier_iterations : 0
  └ node_count         : 1


Termination Status: OPTIMAL
Acceptable solution found (Status: OPTIMAL).
Step-6: record datas
PART1: [unit-commitment] calculation result has been saved to: D:/GithubClonefiles/module_unitcommitment/output/details_schedule_results/pcm_simulation_results/intervels_[7]/res_schedule_commitment_result.txt
PART1: [unit-commitment] calculation result has been saved to: D:/GithubClonefiles/module_unitcommitment/output/details_schedule_results/pcm_simulation_results/intervels_[7]/res_schedule_commitment_result.txt
--------------------------------------------------------------------------------
Running mode: Steady+Ramp
Step-3: Creating dispatching model (Refactored & Modularized)
Set parameter Username
Set parameter LicenseID to value 2826524
Academic license - for non-commercial use only - expires 2027-05-22
Set parameter MIPGap to value 0.015
	 Variables defined.
DEBUG set_objective_economic!: NT=28, NG=54, ND=91, NW=2, NS=1, K=3, size(refcost)=(54,), size(eachslope)=(3, 54)
objective_function
	MILP economic objective set
subject to.
	 constraints: 1) minimum shutup/shutdown time limits			 done
	 constraints: 2) binary variable logic					 done
	 constraints: 3) shutup/shutdown cost					 done
	 constraints: 4) loadcurtailments and spoliedwinds			 done
	 constraints: 5) generatos power limits					 done
	 constraints: 6) system reserves limits					 done
	 constraints: 7) power balance constraints				 done
	 constraints: 8) ramp-up/ramp-down constraints				 done
	 constraints: 9) piece linearization constraints			 done
	 constraints: 10) transmissionline limits skipped (is_NetWorkCon != 1 or Gsdf missing or NL=0)
	 constraints: 11) stroges system constraints skipped (is_ConsiderBESS=0)
	 constraints: 12) data centra constraints skipped (is_ConsiderDataCentra != 1)
	 constraints: 13) frequency control constraints skipped (is_ConsiderFrequencyControl != 1)
	 constraints: 14) hydro power limits					 done
+++++++++++++++++++++++++++++++++++++++++++++++++++++++++++++++++++++++++++++++++++++++++++
Step-4: starting Gurobi solver
Set parameter MIPGap to value 0.015
Gurobi Optimizer version 13.0.2 build v13.0.2rc1 (win64 - Windows 11+.0 (29639.2))

CPU model: 13th Gen Intel(R) Core(TM) i7-13700F, instruction set [SSE2|AVX|AVX2]
Thread count: 16 physical cores, 24 logical processors, using up to 24 threads

Non-default parameters:
MIPGap  0.015

Optimize a model with 30314 rows, 19656 columns and 163562 nonzeros (Min)
Model fingerprint: 0xea443572
Model has 14700 linear objective coefficients
Variable types: 15008 continuous, 4648 integer (4648 binary)
Coefficient statistics:
  Matrix range     [3e-02, 4e+02]
  Objective range  [1e+00, 1e+15]
  Bounds range     [0e+00, 0e+00]
  RHS range        [8e-03, 3e+02]
Warning: Model contains large objective coefficients
         Consider reformulating model or setting NumericFocus parameter
         to avoid numerical issues.

Presolve removed 12151 rows and 6319 columns
Presolve time: 0.26s
Presolved: 18163 rows, 13337 columns, 69144 nonzeros
Variable types: 9155 continuous, 4182 integer (4182 binary)

Root relaxation: objective 2.104070e+06, 9197 iterations, 0.33 seconds (0.40 work units)

    Nodes    |    Current Node    |     Objective Bounds      |     Work
 Expl Unexpl |  Obj  Depth IntInf | Incumbent    BestBd   Gap | It/Node Time

     0     0 2104070.00    0  417          - 2104070.00      -     -    0s
H    0     0                    2.025382e+15 2104070.00   100%     -    0s
H    0     0                    2202527.8137 2104070.00  4.47%     -    0s
H    0     0                    2172413.2928 2104070.00  3.15%     -    1s
     0     0 2110888.35    0  346 2172413.29 2110888.35  2.83%     -    1s
     0     0 2110940.67    0  349 2172413.29 2110940.67  2.83%     -    1s
     0     0 2110941.13    0  336 2172413.29 2110941.13  2.83%     -    1s
     0     0 2110943.66    0  339 2172413.29 2110943.66  2.83%     -    1s
     0     0 2110943.83    0  339 2172413.29 2110943.83  2.83%     -    1s
H    0     0                    2171163.1907 2113286.74  2.67%     -    1s
     0     0 2113921.31    0  348 2171163.19 2113921.31  2.64%     -    2s
     0     0 2113921.31    0  259 2171163.19 2113921.31  2.64%     -    2s
     0     0 2113921.31    0  274 2171163.19 2113921.31  2.64%     -    2s
H    0     0                    2170155.2400 2113921.31  2.59%     -    2s
H    0     0                    2169187.8614 2113921.31  2.55%     -    2s
H    0     0                    2141418.5579 2113921.31  1.28%     -    2s

Cutting planes:
  Gomory: 24
  Cover: 5
  Implied bound: 270
  MIR: 185
  Flow cover: 169
  Network: 3
  RLT: 109
  Relax-and-lift: 60
  BQP: 7

Explored 1 nodes (11702 simplex iterations) in 2.45 seconds (3.27 work units)
Thread count was 24 (of 24 available processors)

Solution count 7: 2.14142e+06 2.16919e+06 2.17016e+06 ... 2.02538e+15

Optimal solution found (tolerance 1.50e-02)
Best objective 2.141418557868e+06, best bound 2.114377683636e+06, gap 1.2628%

User-callback calls 485, time in user-callback 0.00 sec
Step-5: Gurobi solver finished
+++++++++++++++++++++++++++++++++++++++++++++++++++++++++++++++++++++++++++++++++++++++++++

assert_is_solved_and_feasible(scuc) = nothing
solution_summary(scuc) = solution_summary(; result = 1, verbose = false)
├ solver_name          : Gurobi
├ Termination
│ ├ termination_status : OPTIMAL
│ ├ result_count       : 7
│ ├ raw_status         : Model was solved to optimality (subject to tolerances), and an optimal solution is available.
│ └ objective_bound    : 2.11438e+06
├ Solution (result = 1)
│ ├ primal_status        : FEASIBLE_POINT
│ ├ dual_status          : NO_SOLUTION
│ ├ objective_value      : 2.14142e+06
│ └ relative_gap         : 1.26276e-02
└ Work counters
  ├ solve_time (sec)   : 2.44800e+00
  ├ simplex_iterations : 11702
  ├ barrier_iterations : 0
  └ node_count         : 1


Termination Status: OPTIMAL
Acceptable solution found (Status: OPTIMAL).
Step-6: record datas
PART1: [unit-commitment] calculation result has been saved to: D:/GithubClonefiles/module_unitcommitment/output/details_schedule_results/pcm_simulation_results/intervels_[1]/res_schedule_commitment_result.txt
PART1: [unit-commitment] calculation result has been saved to: D:/GithubClonefiles/module_unitcommitment/output/details_schedule_results/pcm_simulation_results/intervels_[1]/res_schedule_commitment_result.txt
Step-3: Creating dispatching model (Refactored & Modularized)
Set parameter Username
Set parameter LicenseID to value 2826524
Academic license - for non-commercial use only - expires 2027-05-22
Set parameter MIPGap to value 0.015
	 Variables defined.
DEBUG set_objective_economic!: NT=28, NG=54, ND=91, NW=2, NS=1, K=3, size(refcost)=(54,), size(eachslope)=(3, 54)
objective_function
	MILP economic objective set
subject to.
	 constraints: 1) minimum shutup/shutdown time limits			 done
	 constraints: 2) binary variable logic					 done
	 constraints: 3) shutup/shutdown cost					 done
	 constraints: 4) loadcurtailments and spoliedwinds			 done
	 constraints: 5) generatos power limits					 done
	 constraints: 6) system reserves limits					 done
	 constraints: 7) power balance constraints				 done
	 constraints: 8) ramp-up/ramp-down constraints				 done
	 constraints: 9) piece linearization constraints			 done
	 constraints: 10) transmissionline limits skipped (is_NetWorkCon != 1 or Gsdf missing or NL=0)
	 constraints: 11) stroges system constraints skipped (is_ConsiderBESS=0)
	 constraints: 12) data centra constraints skipped (is_ConsiderDataCentra != 1)
	 constraints: 13) frequency control constraints skipped (is_ConsiderFrequencyControl != 1)
	 constraints: 14) hydro power limits					 done
+++++++++++++++++++++++++++++++++++++++++++++++++++++++++++++++++++++++++++++++++++++++++++
Step-4: starting Gurobi solver
Set parameter MIPGap to value 0.015
Gurobi Optimizer version 13.0.2 build v13.0.2rc1 (win64 - Windows 11+.0 (29639.2))

CPU model: 13th Gen Intel(R) Core(TM) i7-13700F, instruction set [SSE2|AVX|AVX2]
Thread count: 16 physical cores, 24 logical processors, using up to 24 threads

Non-default parameters:
MIPGap  0.015

Optimize a model with 30343 rows, 19656 columns and 163715 nonzeros (Min)
Model fingerprint: 0x5e9b1c7d
Model has 14700 linear objective coefficients
Variable types: 15008 continuous, 4648 integer (4648 binary)
Coefficient statistics:
  Matrix range     [3e-02, 4e+02]
  Objective range  [1e+00, 1e+15]
  Bounds range     [0e+00, 0e+00]
  RHS range        [8e-03, 4e+02]
Warning: Model contains large objective coefficients
         Consider reformulating model or setting NumericFocus parameter
         to avoid numerical issues.

Presolve removed 12159 rows and 6319 columns
Presolve time: 0.26s
Presolved: 18184 rows, 13337 columns, 69118 nonzeros
Variable types: 9155 continuous, 4182 integer (4182 binary)

Root relaxation: objective 2.302801e+06, 10024 iterations, 0.29 seconds (0.44 work units)

    Nodes    |    Current Node    |     Objective Bounds      |     Work
 Expl Unexpl |  Obj  Depth IntInf | Incumbent    BestBd   Gap | It/Node Time

     0     0 2302801.19    0  539          - 2302801.19      -     -    0s
H    0     0                    2450954.4225 2302801.19  6.04%     -    0s
     0     0 2309392.20    0  319 2450954.42 2309392.20  5.78%     -    1s
     0     0 2309402.58    0  324 2450954.42 2309402.58  5.78%     -    1s
H    0     0                    2347636.2421 2309402.58  1.63%     -    1s
     0     0 2312127.48    0  201 2347636.24 2312127.48  1.51%     -    1s
     0     0 2312144.27    0  184 2347636.24 2312144.27  1.51%     -    1s
     0     0 2312144.41    0  180 2347636.24 2312144.41  1.51%     -    1s

Cutting planes:
  Gomory: 36
  Cover: 3
  Implied bound: 317
  MIR: 167
  Flow cover: 175
  RLT: 78
  Relax-and-lift: 90
  BQP: 7
  PSD: 5

Explored 1 nodes (12008 simplex iterations) in 2.09 seconds (2.77 work units)
Thread count was 24 (of 24 available processors)

Solution count 2: 2.34764e+06 2.45095e+06 

Optimal solution found (tolerance 1.50e-02)
Best objective 2.347636242112e+06, best bound 2.312693001449e+06, gap 1.4884%

User-callback calls 508, time in user-callback 0.00 sec
Step-5: Gurobi solver finished
+++++++++++++++++++++++++++++++++++++++++++++++++++++++++++++++++++++++++++++++++++++++++++

assert_is_solved_and_feasible(scuc) = nothing
solution_summary(scuc) = solution_summary(; result = 1, verbose = false)
├ solver_name          : Gurobi
├ Termination
│ ├ termination_status : OPTIMAL
│ ├ result_count       : 2
│ ├ raw_status         : Model was solved to optimality (subject to tolerances), and an optimal solution is available.
│ └ objective_bound    : 2.31269e+06
├ Solution (result = 1)
│ ├ primal_status        : FEASIBLE_POINT
│ ├ dual_status          : NO_SOLUTION
│ ├ objective_value      : 2.34764e+06
│ └ relative_gap         : 1.48844e-02
└ Work counters
  ├ solve_time (sec)   : 2.08700e+00
  ├ simplex_iterations : 12008
  ├ barrier_iterations : 0
  └ node_count         : 1


Termination Status: OPTIMAL
Acceptable solution found (Status: OPTIMAL).
Step-6: record datas
PART1: [unit-commitment] calculation result has been saved to: D:/GithubClonefiles/module_unitcommitment/output/details_schedule_results/pcm_simulation_results/intervels_[2]/res_schedule_commitment_result.txt
PART1: [unit-commitment] calculation result has been saved to: D:/GithubClonefiles/module_unitcommitment/output/details_schedule_results/pcm_simulation_results/intervels_[2]/res_schedule_commitment_result.txt
Step-3: Creating dispatching model (Refactored & Modularized)
Set parameter Username
Set parameter LicenseID to value 2826524
Academic license - for non-commercial use only - expires 2027-05-22
Set parameter MIPGap to value 0.015
	 Variables defined.
DEBUG set_objective_economic!: NT=31, NG=54, ND=91, NW=2, NS=1, K=3, size(refcost)=(54,), size(eachslope)=(3, 54)
objective_function
	MILP economic objective set
subject to.
	 constraints: 1) minimum shutup/shutdown time limits			 done
	 constraints: 2) binary variable logic					 done
	 constraints: 3) shutup/shutdown cost					 done
	 constraints: 4) loadcurtailments and spoliedwinds			 done
	 constraints: 5) generatos power limits					 done
	 constraints: 6) system reserves limits					 done
	 constraints: 7) power balance constraints				 done
	 constraints: 8) ramp-up/ramp-down constraints				 done
	 constraints: 9) piece linearization constraints			 done
	 constraints: 10) transmissionline limits skipped (is_NetWorkCon != 1 or Gsdf missing or NL=0)
	 constraints: 11) stroges system constraints skipped (is_ConsiderBESS=0)
	 constraints: 12) data centra constraints skipped (is_ConsiderDataCentra != 1)
	 constraints: 13) frequency control constraints skipped (is_ConsiderFrequencyControl != 1)
	 constraints: 14) hydro power limits					 done
+++++++++++++++++++++++++++++++++++++++++++++++++++++++++++++++++++++++++++++++++++++++++++
Step-4: starting Gurobi solver
Set parameter MIPGap to value 0.015
Gurobi Optimizer version 13.0.2 build v13.0.2rc1 (win64 - Windows 11+.0 (29639.2))

CPU model: 13th Gen Intel(R) Core(TM) i7-13700F, instruction set [SSE2|AVX|AVX2]
Thread count: 16 physical cores, 24 logical processors, using up to 24 threads

Non-default parameters:
MIPGap  0.015

Optimize a model with 33617 rows, 21762 columns and 181568 nonzeros (Min)
Model fingerprint: 0xb982efbf
Model has 16275 linear objective coefficients
Variable types: 16616 continuous, 5146 integer (5146 binary)
Coefficient statistics:
  Matrix range     [3e-02, 4e+02]
  Objective range  [1e+00, 1e+15]
  Bounds range     [0e+00, 0e+00]
  RHS range        [7e-03, 4e+02]
Warning: Model contains large objective coefficients
         Consider reformulating model or setting NumericFocus parameter
         to avoid numerical issues.

Presolve removed 13461 rows and 6979 columns
Presolve time: 0.38s
Presolved: 20156 rows, 14783 columns, 90576 nonzeros
Variable types: 10136 continuous, 4647 integer (4647 binary)

Root relaxation: objective 2.094091e+06, 9759 iterations, 0.37 seconds (0.45 work units)

    Nodes    |    Current Node    |     Objective Bounds      |     Work
 Expl Unexpl |  Obj  Depth IntInf | Incumbent    BestBd   Gap | It/Node Time

     0     0 2094091.11    0  198          - 2094091.11      -     -    1s
H    0     0                    5.992664e+15 2094091.11   100%     -    1s
H    0     0                    2304368.0341 2094091.11  9.13%     -    1s
H    0     0                    2135362.4719 2094091.11  1.93%     -    1s
     0     0 2094214.61    0  233 2135362.47 2094214.61  1.93%     -    1s
     0     0 2094215.34    0  241 2135362.47 2094215.34  1.93%     -    1s
     0     0 2094215.34    0  241 2135362.47 2094215.34  1.93%     -    1s
     0     0 2094304.58    0  230 2135362.47 2094304.58  1.92%     -    1s
     0     0 2094332.20    0  274 2135362.47 2094332.20  1.92%     -    2s
     0     0 2094336.31    0  289 2135362.47 2094336.31  1.92%     -    2s
     0     0 2094355.61    0  263 2135362.47 2094355.61  1.92%     -    2s
     0     0 2094357.25    0  261 2135362.47 2094357.25  1.92%     -    2s
     0     0 2094357.35    0  256 2135362.47 2094357.35  1.92%     -    2s
     0     0 2094441.82    0  285 2135362.47 2094441.82  1.92%     -    2s
     0     0 2094532.53    0  272 2135362.47 2094532.53  1.91%     -    2s
     0     0 2094553.05    0  330 2135362.47 2094553.05  1.91%     -    2s
     0     0 2094561.57    0  307 2135362.47 2094561.57  1.91%     -    2s
     0     0 2094562.47    0  324 2135362.47 2094562.47  1.91%     -    2s
     0     0 2094562.70    0  327 2135362.47 2094562.70  1.91%     -    2s
H    0     0                    2126174.6058 2094562.70  1.49%     -    3s

Cutting planes:
  Gomory: 16
  Lift-and-project: 3
  Cover: 7
  Implied bound: 48
  MIR: 84
  StrongCG: 1
  Flow cover: 37
  Network: 1
  RLT: 2
  Relax-and-lift: 6

Explored 1 nodes (11407 simplex iterations) in 3.15 seconds (3.89 work units)
Thread count was 24 (of 24 available processors)

Solution count 4: 2.12617e+06 2.13536e+06 2.30437e+06 5.99266e+15 

Optimal solution found (tolerance 1.50e-02)
Best objective 2.126174605844e+06, best bound 2.094562700539e+06, gap 1.4868%

User-callback calls 678, time in user-callback 0.00 sec
Step-5: Gurobi solver finished
+++++++++++++++++++++++++++++++++++++++++++++++++++++++++++++++++++++++++++++++++++++++++++

assert_is_solved_and_feasible(scuc) = nothing
solution_summary(scuc) = solution_summary(; result = 1, verbose = false)
├ solver_name          : Gurobi
├ Termination
│ ├ termination_status : OPTIMAL
│ ├ result_count       : 4
│ ├ raw_status         : Model was solved to optimality (subject to tolerances), and an optimal solution is available.
│ └ objective_bound    : 2.09456e+06
├ Solution (result = 1)
│ ├ primal_status        : FEASIBLE_POINT
│ ├ dual_status          : NO_SOLUTION
│ ├ objective_value      : 2.12617e+06
│ └ relative_gap         : 1.48680e-02
└ Work counters
  ├ solve_time (sec)   : 3.15200e+00
  ├ simplex_iterations : 11407
  ├ barrier_iterations : 0
  └ node_count         : 1


Termination Status: OPTIMAL
Acceptable solution found (Status: OPTIMAL).
Step-6: record datas
PART1: [unit-commitment] calculation result has been saved to: D:/GithubClonefiles/module_unitcommitment/output/details_schedule_results/pcm_simulation_results/intervels_[3]/res_schedule_commitment_result.txt
PART1: [unit-commitment] calculation result has been saved to: D:/GithubClonefiles/module_unitcommitment/output/details_schedule_results/pcm_simulation_results/intervels_[3]/res_schedule_commitment_result.txt
Step-3: Creating dispatching model (Refactored & Modularized)
Set parameter Username
Set parameter LicenseID to value 2826524
Academic license - for non-commercial use only - expires 2027-05-22
Set parameter MIPGap to value 0.015
	 Variables defined.
DEBUG set_objective_economic!: NT=30, NG=54, ND=91, NW=2, NS=1, K=3, size(refcost)=(54,), size(eachslope)=(3, 54)
objective_function
	MILP economic objective set
subject to.
	 constraints: 1) minimum shutup/shutdown time limits			 done
	 constraints: 2) binary variable logic					 done
	 constraints: 3) shutup/shutdown cost					 done
	 constraints: 4) loadcurtailments and spoliedwinds			 done
	 constraints: 5) generatos power limits					 done
	 constraints: 6) system reserves limits					 done
	 constraints: 7) power balance constraints				 done
	 constraints: 8) ramp-up/ramp-down constraints				 done
	 constraints: 9) piece linearization constraints			 done
	 constraints: 10) transmissionline limits skipped (is_NetWorkCon != 1 or Gsdf missing or NL=0)
	 constraints: 11) stroges system constraints skipped (is_ConsiderBESS=0)
	 constraints: 12) data centra constraints skipped (is_ConsiderDataCentra != 1)
	 constraints: 13) frequency control constraints skipped (is_ConsiderFrequencyControl != 1)
	 constraints: 14) hydro power limits					 done
+++++++++++++++++++++++++++++++++++++++++++++++++++++++++++++++++++++++++++++++++++++++++++
Step-4: starting Gurobi solver
Set parameter MIPGap to value 0.015
Gurobi Optimizer version 13.0.2 build v13.0.2rc1 (win64 - Windows 11+.0 (29639.2))

CPU model: 13th Gen Intel(R) Core(TM) i7-13700F, instruction set [SSE2|AVX|AVX2]
Thread count: 16 physical cores, 24 logical processors, using up to 24 threads

Non-default parameters:
MIPGap  0.015

Optimize a model with 32523 rows, 21060 columns and 175600 nonzeros (Min)
Model fingerprint: 0x87f53c58
Model has 15750 linear objective coefficients
Variable types: 16080 continuous, 4980 integer (4980 binary)
Coefficient statistics:
  Matrix range     [3e-02, 4e+02]
  Objective range  [1e+00, 1e+15]
  Bounds range     [0e+00, 0e+00]
  RHS range        [8e-03, 4e+02]
Warning: Model contains large objective coefficients
         Consider reformulating model or setting NumericFocus parameter
         to avoid numerical issues.

Presolve removed 12969 rows and 6748 columns
Presolve time: 0.29s
Presolved: 19554 rows, 14312 columns, 74242 nonzeros
Variable types: 9809 continuous, 4503 integer (4503 binary)

Root relaxation: objective 2.248944e+06, 10604 iterations, 0.29 seconds (0.39 work units)

    Nodes    |    Current Node    |     Objective Bounds      |     Work
 Expl Unexpl |  Obj  Depth IntInf | Incumbent    BestBd   Gap | It/Node Time

     0     0 2248944.34    0  473          - 2248944.34      -     -    0s
H    0     0                    2346756.2393 2248944.34  4.17%     -    0s
     0     0 2255152.63    0  336 2346756.24 2255152.63  3.90%     -    1s
     0     0 2255221.60    0  331 2346756.24 2255221.60  3.90%     -    1s
     0     0 2255221.60    0  331 2346756.24 2255221.60  3.90%     -    1s
     0     0 2256848.75    0  264 2346756.24 2256848.75  3.83%     -    1s
     0     0 2256885.45    0  270 2346756.24 2256885.45  3.83%     -    1s
H    0     0                    2316321.6459 2257544.05  2.54%     -    2s
     0     0 2257544.05    0  267 2316321.65 2257544.05  2.54%     -    2s
     0     0 2257682.66    0  249 2316321.65 2257682.66  2.53%     -    2s
     0     0 2257697.47    0  259 2316321.65 2257697.47  2.53%     -    2s
     0     0 2257701.30    0  253 2316321.65 2257701.30  2.53%     -    2s
     0     0 2257702.52    0  283 2316321.65 2257702.52  2.53%     -    2s
H    0     0                    2314954.3213 2257702.52  2.47%     -    2s
H    0     0                    2313291.2940 2257702.52  2.40%     -    2s
H    0     0                    2312591.0194 2257702.52  2.37%     -    2s
H    0     0                    2310688.7966 2257702.52  2.29%     -    2s
H    0     0                    2307609.4948 2257702.52  2.16%     -    2s
H    0     0                    2306244.7917 2257702.52  2.10%     -    2s
H    0     0                    2306244.7903 2257702.52  2.10%     -    2s
H    0     0                    2292954.5616 2257702.52  1.54%     -    2s
     0     0 2258190.88    0  297 2292954.56 2258190.88  1.52%     -    2s
H    0     0                    2280266.9591 2258274.37  0.96%     -    2s
     0     0 2258274.37    0  314 2280266.96 2258274.37  0.96%     -    2s

Cutting planes:
  Gomory: 29
  Implied bound: 282
  MIR: 130
  Flow cover: 150
  RLT: 124
  Relax-and-lift: 111
  BQP: 6

Explored 1 nodes (13805 simplex iterations) in 2.84 seconds (3.44 work units)
Thread count was 24 (of 24 available processors)

Solution count 10: 2.28027e+06 2.29295e+06 2.30624e+06 ... 2.34676e+06

Optimal solution found (tolerance 1.50e-02)
Best objective 2.280266959104e+06, best bound 2.258274370748e+06, gap 0.9645%

User-callback calls 622, time in user-callback 0.00 sec
Step-5: Gurobi solver finished
+++++++++++++++++++++++++++++++++++++++++++++++++++++++++++++++++++++++++++++++++++++++++++

assert_is_solved_and_feasible(scuc) = nothing
solution_summary(scuc) = solution_summary(; result = 1, verbose = false)
├ solver_name          : Gurobi
├ Termination
│ ├ termination_status : OPTIMAL
│ ├ result_count       : 10
│ ├ raw_status         : Model was solved to optimality (subject to tolerances), and an optimal solution is available.
│ └ objective_bound    : 2.25827e+06
├ Solution (result = 1)
│ ├ primal_status        : FEASIBLE_POINT
│ ├ dual_status          : NO_SOLUTION
│ ├ objective_value      : 2.28027e+06
│ └ relative_gap         : 9.64474e-03
└ Work counters
  ├ solve_time (sec)   : 2.84200e+00
  ├ simplex_iterations : 13805
  ├ barrier_iterations : 0
  └ node_count         : 1


Termination Status: OPTIMAL
Acceptable solution found (Status: OPTIMAL).
Step-6: record datas
PART1: [unit-commitment] calculation result has been saved to: D:/GithubClonefiles/module_unitcommitment/output/details_schedule_results/pcm_simulation_results/intervels_[4]/res_schedule_commitment_result.txt
PART1: [unit-commitment] calculation result has been saved to: D:/GithubClonefiles/module_unitcommitment/output/details_schedule_results/pcm_simulation_results/intervels_[4]/res_schedule_commitment_result.txt
Step-3: Creating dispatching model (Refactored & Modularized)
Set parameter Username
Set parameter LicenseID to value 2826524
Academic license - for non-commercial use only - expires 2027-05-22
Set parameter MIPGap to value 0.015
	 Variables defined.
DEBUG set_objective_economic!: NT=30, NG=54, ND=91, NW=2, NS=1, K=3, size(refcost)=(54,), size(eachslope)=(3, 54)
objective_function
	MILP economic objective set
subject to.
	 constraints: 1) minimum shutup/shutdown time limits			 done
	 constraints: 2) binary variable logic					 done
	 constraints: 3) shutup/shutdown cost					 done
	 constraints: 4) loadcurtailments and spoliedwinds			 done
	 constraints: 5) generatos power limits					 done
	 constraints: 6) system reserves limits					 done
	 constraints: 7) power balance constraints				 done
	 constraints: 8) ramp-up/ramp-down constraints				 done
	 constraints: 9) piece linearization constraints			 done
	 constraints: 10) transmissionline limits skipped (is_NetWorkCon != 1 or Gsdf missing or NL=0)
	 constraints: 11) stroges system constraints skipped (is_ConsiderBESS=0)
	 constraints: 12) data centra constraints skipped (is_ConsiderDataCentra != 1)
	 constraints: 13) frequency control constraints skipped (is_ConsiderFrequencyControl != 1)
	 constraints: 14) hydro power limits					 done
+++++++++++++++++++++++++++++++++++++++++++++++++++++++++++++++++++++++++++++++++++++++++++
Step-4: starting Gurobi solver
Set parameter MIPGap to value 0.015
Gurobi Optimizer version 13.0.2 build v13.0.2rc1 (win64 - Windows 11+.0 (29639.2))

CPU model: 13th Gen Intel(R) Core(TM) i7-13700F, instruction set [SSE2|AVX|AVX2]
Thread count: 16 physical cores, 24 logical processors, using up to 24 threads

Non-default parameters:
MIPGap  0.015

Optimize a model with 32525 rows, 21060 columns and 175586 nonzeros (Min)
Model fingerprint: 0xde90dd10
Model has 15750 linear objective coefficients
Variable types: 16080 continuous, 4980 integer (4980 binary)
Coefficient statistics:
  Matrix range     [3e-02, 4e+02]
  Objective range  [1e+00, 1e+15]
  Bounds range     [0e+00, 0e+00]
  RHS range        [8e-03, 4e+02]
Warning: Model contains large objective coefficients
         Consider reformulating model or setting NumericFocus parameter
         to avoid numerical issues.

Presolve removed 12993 rows and 6754 columns
Presolve time: 0.28s
Presolved: 19532 rows, 14306 columns, 74135 nonzeros
Variable types: 9809 continuous, 4497 integer (4497 binary)

Root relaxation: objective 2.243364e+06, 10480 iterations, 0.33 seconds (0.43 work units)

    Nodes    |    Current Node    |     Objective Bounds      |     Work
 Expl Unexpl |  Obj  Depth IntInf | Incumbent    BestBd   Gap | It/Node Time

     0     0 2243364.00    0  544          - 2243364.00      -     -    0s
H    0     0                    2559367.2151 2243364.00  12.3%     -    0s
H    0     0                    2443561.7999 2243364.00  8.19%     -    1s
     0     0 2247640.88    0  316 2443561.80 2247640.88  8.02%     -    1s
     0     0 2249863.63    0  298 2443561.80 2249863.63  7.93%     -    1s
     0     0 2249968.65    0  327 2443561.80 2249968.65  7.92%     -    1s
     0     0 2250018.92    0  322 2443561.80 2250018.92  7.92%     -    1s
     0     0 2250019.33    0  332 2443561.80 2250019.33  7.92%     -    2s
H    0     0                    2275662.6621 2250019.33  1.13%     -    2s

Cutting planes:
  Gomory: 49
  Implied bound: 260
  MIR: 159
  Flow cover: 170
  Network: 5
  RLT: 20
  Relax-and-lift: 95
  PSD: 2

Explored 1 nodes (13060 simplex iterations) in 2.33 seconds (3.17 work units)
Thread count was 24 (of 24 available processors)

Solution count 3: 2.27566e+06 2.44356e+06 2.55937e+06 

Optimal solution found (tolerance 1.50e-02)
Best objective 2.275662662134e+06, best bound 2.251952753959e+06, gap 1.0419%

User-callback calls 522, time in user-callback 0.00 sec
Step-5: Gurobi solver finished
+++++++++++++++++++++++++++++++++++++++++++++++++++++++++++++++++++++++++++++++++++++++++++

assert_is_solved_and_feasible(scuc) = nothing
solution_summary(scuc) = solution_summary(; result = 1, verbose = false)
├ solver_name          : Gurobi
├ Termination
│ ├ termination_status : OPTIMAL
│ ├ result_count       : 3
│ ├ raw_status         : Model was solved to optimality (subject to tolerances), and an optimal solution is available.
│ └ objective_bound    : 2.25195e+06
├ Solution (result = 1)
│ ├ primal_status        : FEASIBLE_POINT
│ ├ dual_status          : NO_SOLUTION
│ ├ objective_value      : 2.27566e+06
│ └ relative_gap         : 1.04189e-02
└ Work counters
  ├ solve_time (sec)   : 2.32700e+00
  ├ simplex_iterations : 13060
  ├ barrier_iterations : 0
  └ node_count         : 1


Termination Status: OPTIMAL
Acceptable solution found (Status: OPTIMAL).
Step-6: record datas
PART1: [unit-commitment] calculation result has been saved to: D:/GithubClonefiles/module_unitcommitment/output/details_schedule_results/pcm_simulation_results/intervels_[5]/res_schedule_commitment_result.txt
PART1: [unit-commitment] calculation result has been saved to: D:/GithubClonefiles/module_unitcommitment/output/details_schedule_results/pcm_simulation_results/intervels_[5]/res_schedule_commitment_result.txt
Step-3: Creating dispatching model (Refactored & Modularized)
Set parameter Username
Set parameter LicenseID to value 2826524
Academic license - for non-commercial use only - expires 2027-05-22
Set parameter MIPGap to value 0.015
	 Variables defined.
DEBUG set_objective_economic!: NT=29, NG=54, ND=91, NW=2, NS=1, K=3, size(refcost)=(54,), size(eachslope)=(3, 54)
objective_function
	MILP economic objective set
subject to.
	 constraints: 1) minimum shutup/shutdown time limits			 done
	 constraints: 2) binary variable logic					 done
	 constraints: 3) shutup/shutdown cost					 done
	 constraints: 4) loadcurtailments and spoliedwinds			 done
	 constraints: 5) generatos power limits					 done
	 constraints: 6) system reserves limits					 done
	 constraints: 7) power balance constraints				 done
	 constraints: 8) ramp-up/ramp-down constraints				 done
	 constraints: 9) piece linearization constraints			 done
	 constraints: 10) transmissionline limits skipped (is_NetWorkCon != 1 or Gsdf missing or NL=0)
	 constraints: 11) stroges system constraints skipped (is_ConsiderBESS=0)
	 constraints: 12) data centra constraints skipped (is_ConsiderDataCentra != 1)
	 constraints: 13) frequency control constraints skipped (is_ConsiderFrequencyControl != 1)
	 constraints: 14) hydro power limits					 done
+++++++++++++++++++++++++++++++++++++++++++++++++++++++++++++++++++++++++++++++++++++++++++
Step-4: starting Gurobi solver
Set parameter MIPGap to value 0.015
Gurobi Optimizer version 13.0.2 build v13.0.2rc1 (win64 - Windows 11+.0 (29639.2))

CPU model: 13th Gen Intel(R) Core(TM) i7-13700F, instruction set [SSE2|AVX|AVX2]
Thread count: 16 physical cores, 24 logical processors, using up to 24 threads

Non-default parameters:
MIPGap  0.015

Optimize a model with 31420 rows, 20358 columns and 169585 nonzeros (Min)
Model fingerprint: 0xd4785f5a
Model has 15225 linear objective coefficients
Variable types: 15544 continuous, 4814 integer (4814 binary)
Coefficient statistics:
  Matrix range     [3e-02, 4e+02]
  Objective range  [1e+00, 1e+15]
  Bounds range     [0e+00, 0e+00]
  RHS range        [7e-03, 4e+02]
Warning: Model contains large objective coefficients
         Consider reformulating model or setting NumericFocus parameter
         to avoid numerical issues.

Presolve removed 12573 rows and 6542 columns
Presolve time: 0.27s
Presolved: 18847 rows, 13816 columns, 71462 nonzeros
Variable types: 9478 continuous, 4338 integer (4338 binary)
Warning: switch to quad precision

Root relaxation: objective 6.455806e+15, 10187 iterations, 0.19 seconds (0.28 work units)

    Nodes    |    Current Node    |     Objective Bounds      |     Work
 Expl Unexpl |  Obj  Depth IntInf | Incumbent    BestBd   Gap | It/Node Time

     0     0 6.4558e+15    0  417          - 6.4558e+15      -     -    0s
H    0     0                    6.455806e+15 6.4558e+15  0.00%     -    0s

Explored 1 nodes (10196 simplex iterations) in 0.92 seconds (1.77 work units)
Thread count was 24 (of 24 available processors)

Solution count 1: 6.45581e+15 

Optimal solution found (tolerance 1.50e-02)
Best objective 6.455805898205e+15, best bound 6.455805898205e+15, gap 0.0000%

User-callback calls 332, time in user-callback 0.00 sec
Step-5: Gurobi solver finished
+++++++++++++++++++++++++++++++++++++++++++++++++++++++++++++++++++++++++++++++++++++++++++

assert_is_solved_and_feasible(scuc) = nothing
solution_summary(scuc) = solution_summary(; result = 1, verbose = false)
├ solver_name          : Gurobi
├ Termination
│ ├ termination_status : OPTIMAL
│ ├ result_count       : 1
│ ├ raw_status         : Model was solved to optimality (subject to tolerances), and an optimal solution is available.
│ └ objective_bound    : 6.45581e+15
├ Solution (result = 1)
│ ├ primal_status        : FEASIBLE_POINT
│ ├ dual_status          : NO_SOLUTION
│ ├ objective_value      : 6.45581e+15
│ └ relative_gap         : 2.91211e-14
└ Work counters
  ├ solve_time (sec)   : 9.20000e-01
  ├ simplex_iterations : 10196
  ├ barrier_iterations : 0
  └ node_count         : 1


Termination Status: OPTIMAL
Acceptable solution found (Status: OPTIMAL).
Step-6: record datas
PART1: [unit-commitment] calculation result has been saved to: D:/GithubClonefiles/module_unitcommitment/output/details_schedule_results/pcm_simulation_results/intervels_[6]/res_schedule_commitment_result.txt
PART1: [unit-commitment] calculation result has been saved to: D:/GithubClonefiles/module_unitcommitment/output/details_schedule_results/pcm_simulation_results/intervels_[6]/res_schedule_commitment_result.txt
Step-3: Creating dispatching model (Refactored & Modularized)
Set parameter Username
Set parameter LicenseID to value 2826524
Academic license - for non-commercial use only - expires 2027-05-22
Set parameter MIPGap to value 0.015
	 Variables defined.
DEBUG set_objective_economic!: NT=24, NG=54, ND=91, NW=2, NS=1, K=3, size(refcost)=(54,), size(eachslope)=(3, 54)
objective_function
	MILP economic objective set
subject to.
	 constraints: 1) minimum shutup/shutdown time limits			 done
	 constraints: 2) binary variable logic					 done
	 constraints: 3) shutup/shutdown cost					 done
	 constraints: 4) loadcurtailments and spoliedwinds			 done
	 constraints: 5) generatos power limits					 done
	 constraints: 6) system reserves limits					 done
	 constraints: 7) power balance constraints				 done
	 constraints: 8) ramp-up/ramp-down constraints				 done
	 constraints: 9) piece linearization constraints			 done
	 constraints: 10) transmissionline limits skipped (is_NetWorkCon != 1 or Gsdf missing or NL=0)
	 constraints: 11) stroges system constraints skipped (is_ConsiderBESS=0)
	 constraints: 12) data centra constraints skipped (is_ConsiderDataCentra != 1)
	 constraints: 13) frequency control constraints skipped (is_ConsiderFrequencyControl != 1)
	 constraints: 14) hydro power limits					 done
+++++++++++++++++++++++++++++++++++++++++++++++++++++++++++++++++++++++++++++++++++++++++++
Step-4: starting Gurobi solver
Set parameter MIPGap to value 0.015
Gurobi Optimizer version 13.0.2 build v13.0.2rc1 (win64 - Windows 11+.0 (29639.2))

CPU model: 13th Gen Intel(R) Core(TM) i7-13700F, instruction set [SSE2|AVX|AVX2]
Thread count: 16 physical cores, 24 logical processors, using up to 24 threads

Non-default parameters:
MIPGap  0.015

Optimize a model with 25955 rows, 16848 columns and 139823 nonzeros (Min)
Model fingerprint: 0x4125565c
Model has 12600 linear objective coefficients
Variable types: 12864 continuous, 3984 integer (3984 binary)
Coefficient statistics:
  Matrix range     [3e-02, 4e+02]
  Objective range  [1e+00, 1e+15]
  Bounds range     [0e+00, 0e+00]
  RHS range        [7e-03, 4e+02]
Warning: Model contains large objective coefficients
         Consider reformulating model or setting NumericFocus parameter
         to avoid numerical issues.

Presolve removed 10621 rows and 5497 columns
Presolve time: 0.25s
Presolved: 15334 rows, 11351 columns, 58281 nonzeros
Variable types: 7847 continuous, 3504 integer (3504 binary)

Root relaxation: objective 1.749458e+06, 7209 iterations, 0.22 seconds (0.31 work units)

    Nodes    |    Current Node    |     Objective Bounds      |     Work
 Expl Unexpl |  Obj  Depth IntInf | Incumbent    BestBd   Gap | It/Node Time

     0     0 1749458.04    0  279          - 1749458.04      -     -    0s
H    0     0                    1971641.8153 1749458.04  11.3%     -    0s
H    0     0                    1863102.9455 1749458.04  6.10%     -    0s
H    0     0                    1858163.4755 1749458.04  5.85%     -    0s
     0     0 1751414.16    0  246 1858163.48 1751414.16  5.74%     -    0s
     0     0 1751520.51    0  245 1858163.48 1751520.51  5.74%     -    1s
     0     0 1753955.71    0  269 1858163.48 1753955.71  5.61%     -    1s
     0     0 1754007.98    0  265 1858163.48 1754007.98  5.61%     -    1s
     0     0 1754019.06    0  269 1858163.48 1754019.06  5.60%     -    1s
H    0     0                    1857806.1593 1754019.06  5.59%     -    1s
H    0     0                    1800120.5274 1754019.06  2.56%     -    1s
H    0     0                    1783963.0769 1755149.97  1.62%     -    1s
     0     0 1755149.97    0  200 1783963.08 1755149.97  1.62%     -    1s
     0     0 1755149.97    0  234 1783963.08 1755149.97  1.62%     -    1s
     0     0 1755493.91    0  219 1783963.08 1755493.91  1.60%     -    1s
     0     0 1755493.91    0  220 1783963.08 1755493.91  1.60%     -    1s
H    0     0                    1764361.6382 1755493.91  0.50%     -    2s

Cutting planes:
  Gomory: 33
  Cover: 2
  Implied bound: 187
  MIR: 148
  Flow cover: 112
  Network: 1
  RLT: 43
  Relax-and-lift: 61
  BQP: 2
  PSD: 1

Explored 1 nodes (9657 simplex iterations) in 2.04 seconds (2.69 work units)
Thread count was 24 (of 24 available processors)

Solution count 7: 1.76436e+06 1.78396e+06 1.80012e+06 ... 1.97164e+06

Optimal solution found (tolerance 1.50e-02)
Best objective 1.764361638162e+06, best bound 1.755495584590e+06, gap 0.5025%

User-callback calls 463, time in user-callback 0.00 sec
Step-5: Gurobi solver finished
+++++++++++++++++++++++++++++++++++++++++++++++++++++++++++++++++++++++++++++++++++++++++++

assert_is_solved_and_feasible(scuc) = nothing
solution_summary(scuc) = solution_summary(; result = 1, verbose = false)
├ solver_name          : Gurobi
├ Termination
│ ├ termination_status : OPTIMAL
│ ├ result_count       : 7
│ ├ raw_status         : Model was solved to optimality (subject to tolerances), and an optimal solution is available.
│ └ objective_bound    : 1.75550e+06
├ Solution (result = 1)
│ ├ primal_status        : FEASIBLE_POINT
│ ├ dual_status          : NO_SOLUTION
│ ├ objective_value      : 1.76436e+06
│ └ relative_gap         : 5.02508e-03
└ Work counters
  ├ solve_time (sec)   : 2.04300e+00
  ├ simplex_iterations : 9657
  ├ barrier_iterations : 0
  └ node_count         : 1


Termination Status: OPTIMAL
Acceptable solution found (Status: OPTIMAL).
Step-6: record datas
PART1: [unit-commitment] calculation result has been saved to: D:/GithubClonefiles/module_unitcommitment/output/details_schedule_results/pcm_simulation_results/intervels_[7]/res_schedule_commitment_result.txt
PART1: [unit-commitment] calculation result has been saved to: D:/GithubClonefiles/module_unitcommitment/output/details_schedule_results/pcm_simulation_results/intervels_[7]/res_schedule_commitment_result.txt
--------------------------------------------------------------------------------
Running mode: Unit+Ramp
Step-3: Creating dispatching model (Refactored & Modularized)
Set parameter Username
Set parameter LicenseID to value 2826524
Academic license - for non-commercial use only - expires 2027-05-22
Set parameter MIPGap to value 0.015
	 Variables defined.
DEBUG set_objective_economic!: NT=27, NG=54, ND=91, NW=2, NS=1, K=3, size(refcost)=(54,), size(eachslope)=(3, 54)
objective_function
	MILP economic objective set
subject to.
	 constraints: 1) minimum shutup/shutdown time limits			 done
	 constraints: 2) binary variable logic					 done
	 constraints: 3) shutup/shutdown cost					 done
	 constraints: 4) loadcurtailments and spoliedwinds			 done
	 constraints: 5) generatos power limits					 done
	 constraints: 6) system reserves limits					 done
	 constraints: 7) power balance constraints				 done
	 constraints: 8) ramp-up/ramp-down constraints				 done
	 constraints: 9) piece linearization constraints			 done
	 constraints: 10) transmissionline limits skipped (is_NetWorkCon != 1 or Gsdf missing or NL=0)
	 constraints: 11) stroges system constraints skipped (is_ConsiderBESS=0)
	 constraints: 12) data centra constraints skipped (is_ConsiderDataCentra != 1)
	 constraints: 13) frequency control constraints skipped (is_ConsiderFrequencyControl != 1)
	 constraints: 14) hydro power limits					 done
+++++++++++++++++++++++++++++++++++++++++++++++++++++++++++++++++++++++++++++++++++++++++++
Step-4: starting Gurobi solver
Set parameter MIPGap to value 0.015
Gurobi Optimizer version 13.0.2 build v13.0.2rc1 (win64 - Windows 11+.0 (29639.2))

CPU model: 13th Gen Intel(R) Core(TM) i7-13700F, instruction set [SSE2|AVX|AVX2]
Thread count: 16 physical cores, 24 logical processors, using up to 24 threads

Non-default parameters:
MIPGap  0.015

Optimize a model with 29223 rows, 18954 columns and 157622 nonzeros (Min)
Model fingerprint: 0x61b09d40
Model has 14175 linear objective coefficients
Variable types: 14472 continuous, 4482 integer (4482 binary)
Coefficient statistics:
  Matrix range     [3e-02, 4e+02]
  Objective range  [1e+00, 1e+15]
  Bounds range     [0e+00, 0e+00]
  RHS range        [8e-03, 3e+02]
Warning: Model contains large objective coefficients
         Consider reformulating model or setting NumericFocus parameter
         to avoid numerical issues.

Presolve removed 11749 rows and 6106 columns
Presolve time: 0.27s
Presolved: 17474 rows, 12848 columns, 66561 nonzeros
Variable types: 8828 continuous, 4020 integer (4020 binary)

Root relaxation: objective 2.071806e+06, 9044 iterations, 0.34 seconds (0.41 work units)

    Nodes    |    Current Node    |     Objective Bounds      |     Work
 Expl Unexpl |  Obj  Depth IntInf | Incumbent    BestBd   Gap | It/Node Time

     0     0 2071806.08    0  358          - 2071806.08      -     -    0s
H    0     0                    2.025382e+15 2071806.08   100%     -    0s
H    0     0                    2303644.0734 2071806.08  10.1%     -    0s
H    0     0                    2175010.9762 2071806.08  4.75%     -    1s
     0     0 2076546.14    0  298 2175010.98 2076546.14  4.53%     -    1s
     0     0 2076778.68    0  285 2175010.98 2076778.68  4.52%     -    1s
     0     0 2076778.68    0  295 2175010.98 2076778.68  4.52%     -    1s
H    0     0                    2117467.4552 2076778.68  1.92%     -    1s
     0     0 2078473.41    0  318 2117467.46 2078473.41  1.84%     -    1s
     0     0 2078487.88    0  281 2117467.46 2078487.88  1.84%     -    1s
     0     0 2079716.71    0  270 2117467.46 2079716.71  1.78%     -    1s
H    0     0                    2117467.2481 2079716.71  1.78%     -    2s
H    0     0                    2111475.2612 2079716.71  1.50%     -    2s
     0     0          -    0      2111475.26 2079808.70  1.50%     -    2s

Cutting planes:
  Gomory: 23
  Cover: 4
  Implied bound: 250
  MIR: 169
  Flow cover: 136
  Network: 3
  RLT: 96
  Relax-and-lift: 67
  BQP: 8
  PSD: 4

Explored 1 nodes (11413 simplex iterations) in 2.22 seconds (2.98 work units)
Thread count was 24 (of 24 available processors)

Solution count 5: 2.11148e+06 2.11747e+06 2.17501e+06 ... 2.02538e+15

Optimal solution found (tolerance 1.50e-02)
Best objective 2.111475261173e+06, best bound 2.079808701752e+06, gap 1.4997%

User-callback calls 447, time in user-callback 0.00 sec
Step-5: Gurobi solver finished
+++++++++++++++++++++++++++++++++++++++++++++++++++++++++++++++++++++++++++++++++++++++++++

assert_is_solved_and_feasible(scuc) = nothing
solution_summary(scuc) = solution_summary(; result = 1, verbose = false)
├ solver_name          : Gurobi
├ Termination
│ ├ termination_status : OPTIMAL
│ ├ result_count       : 5
│ ├ raw_status         : Model was solved to optimality (subject to tolerances), and an optimal solution is available.
│ └ objective_bound    : 2.07981e+06
├ Solution (result = 1)
│ ├ primal_status        : FEASIBLE_POINT
│ ├ dual_status          : NO_SOLUTION
│ ├ objective_value      : 2.11148e+06
│ └ relative_gap         : 1.49974e-02
└ Work counters
  ├ solve_time (sec)   : 2.22400e+00
  ├ simplex_iterations : 11413
  ├ barrier_iterations : 0
  └ node_count         : 1


Termination Status: OPTIMAL
Acceptable solution found (Status: OPTIMAL).
Step-6: record datas
PART1: [unit-commitment] calculation result has been saved to: D:/GithubClonefiles/module_unitcommitment/output/details_schedule_results/pcm_simulation_results/intervels_[1]/res_schedule_commitment_result.txt
PART1: [unit-commitment] calculation result has been saved to: D:/GithubClonefiles/module_unitcommitment/output/details_schedule_results/pcm_simulation_results/intervels_[1]/res_schedule_commitment_result.txt
Step-3: Creating dispatching model (Refactored & Modularized)
Set parameter Username
Set parameter LicenseID to value 2826524
Academic license - for non-commercial use only - expires 2027-05-22
Set parameter MIPGap to value 0.015
	 Variables defined.
DEBUG set_objective_economic!: NT=31, NG=54, ND=91, NW=2, NS=1, K=3, size(refcost)=(54,), size(eachslope)=(3, 54)
objective_function
	MILP economic objective set
subject to.
	 constraints: 1) minimum shutup/shutdown time limits			 done
	 constraints: 2) binary variable logic					 done
	 constraints: 3) shutup/shutdown cost					 done
	 constraints: 4) loadcurtailments and spoliedwinds			 done
	 constraints: 5) generatos power limits					 done
	 constraints: 6) system reserves limits					 done
	 constraints: 7) power balance constraints				 done
	 constraints: 8) ramp-up/ramp-down constraints				 done
	 constraints: 9) piece linearization constraints			 done
	 constraints: 10) transmissionline limits skipped (is_NetWorkCon != 1 or Gsdf missing or NL=0)
	 constraints: 11) stroges system constraints skipped (is_ConsiderBESS=0)
	 constraints: 12) data centra constraints skipped (is_ConsiderDataCentra != 1)
	 constraints: 13) frequency control constraints skipped (is_ConsiderFrequencyControl != 1)
	 constraints: 14) hydro power limits					 done
+++++++++++++++++++++++++++++++++++++++++++++++++++++++++++++++++++++++++++++++++++++++++++
Step-4: starting Gurobi solver
Set parameter MIPGap to value 0.015
Gurobi Optimizer version 13.0.2 build v13.0.2rc1 (win64 - Windows 11+.0 (29639.2))

CPU model: 13th Gen Intel(R) Core(TM) i7-13700F, instruction set [SSE2|AVX|AVX2]
Thread count: 16 physical cores, 24 logical processors, using up to 24 threads

Non-default parameters:
MIPGap  0.015

Optimize a model with 33605 rows, 21762 columns and 181484 nonzeros (Min)
Model fingerprint: 0x43efa01f
Model has 16275 linear objective coefficients
Variable types: 16616 continuous, 5146 integer (5146 binary)
Coefficient statistics:
  Matrix range     [3e-02, 4e+02]
  Objective range  [1e+00, 1e+15]
  Bounds range     [0e+00, 0e+00]
  RHS range        [7e-03, 4e+02]
Warning: Model contains large objective coefficients
         Consider reformulating model or setting NumericFocus parameter
         to avoid numerical issues.

Presolve removed 13408 rows and 6961 columns
Presolve time: 0.36s
Presolved: 20197 rows, 14801 columns, 90948 nonzeros
Variable types: 10136 continuous, 4665 integer (4665 binary)
Found heuristic solution: objective 3.413974e+16

Root relaxation: objective 2.436998e+06, 11381 iterations, 0.29 seconds (0.44 work units)

    Nodes    |    Current Node    |     Objective Bounds      |     Work
 Expl Unexpl |  Obj  Depth IntInf | Incumbent    BestBd   Gap | It/Node Time

     0     0 2436997.90    0  166 3.4140e+16 2436997.90   100%     -    0s
H    0     0                    1.969777e+15 2436997.90   100%     -    0s
H    0     0                    1.375777e+15 2436997.90   100%     -    0s
     0     0 2437256.41    0  215 1.3758e+15 2437256.41   100%     -    1s
     0     0 2437257.66    0  212 1.3758e+15 2437257.66   100%     -    1s
     0     0 2437257.66    0  212 1.3758e+15 2437257.66   100%     -    1s
     0     0 2437401.37    0  182 1.3758e+15 2437401.37   100%     -    1s
H    0     0                    2.052057e+14 2437444.85   100%     -    1s
     0     0 2437444.85    0  195 2.0521e+14 2437444.85   100%     -    1s
     0     0 2437445.88    0  200 2.0521e+14 2437445.88   100%     -    1s
H    0     0                    4.741460e+12 2437445.88   100%     -    2s
H    0     0                    2445765.0211 2437445.88  0.34%     -    2s

Cutting planes:
  Gomory: 26
  Cover: 1
  Implied bound: 30
  MIR: 94
  StrongCG: 1
  Flow cover: 66
  RLT: 2
  Relax-and-lift: 11

Explored 1 nodes (12300 simplex iterations) in 2.05 seconds (2.61 work units)
Thread count was 24 (of 24 available processors)

Solution count 6: 2.44577e+06 4.74146e+12 2.05206e+14 ... 3.41397e+16

Optimal solution found (tolerance 1.50e-02)
Best objective 2.445765021131e+06, best bound 2.437445876609e+06, gap 0.3401%

User-callback calls 544, time in user-callback 0.00 sec
Step-5: Gurobi solver finished
+++++++++++++++++++++++++++++++++++++++++++++++++++++++++++++++++++++++++++++++++++++++++++

assert_is_solved_and_feasible(scuc) = nothing
solution_summary(scuc) = solution_summary(; result = 1, verbose = false)
├ solver_name          : Gurobi
├ Termination
│ ├ termination_status : OPTIMAL
│ ├ result_count       : 6
│ ├ raw_status         : Model was solved to optimality (subject to tolerances), and an optimal solution is available.
│ └ objective_bound    : 2.43745e+06
├ Solution (result = 1)
│ ├ primal_status        : FEASIBLE_POINT
│ ├ dual_status          : NO_SOLUTION
│ ├ objective_value      : 2.44577e+06
│ └ relative_gap         : 3.40145e-03
└ Work counters
  ├ solve_time (sec)   : 2.04600e+00
  ├ simplex_iterations : 12300
  ├ barrier_iterations : 0
  └ node_count         : 1


Termination Status: OPTIMAL
Acceptable solution found (Status: OPTIMAL).
Step-6: record datas
PART1: [unit-commitment] calculation result has been saved to: D:/GithubClonefiles/module_unitcommitment/output/details_schedule_results/pcm_simulation_results/intervels_[2]/res_schedule_commitment_result.txt
PART1: [unit-commitment] calculation result has been saved to: D:/GithubClonefiles/module_unitcommitment/output/details_schedule_results/pcm_simulation_results/intervels_[2]/res_schedule_commitment_result.txt
Step-3: Creating dispatching model (Refactored & Modularized)
Set parameter Username
Set parameter LicenseID to value 2826524
Academic license - for non-commercial use only - expires 2027-05-22
Set parameter MIPGap to value 0.015
	 Variables defined.
DEBUG set_objective_economic!: NT=30, NG=54, ND=91, NW=2, NS=1, K=3, size(refcost)=(54,), size(eachslope)=(3, 54)
objective_function
	MILP economic objective set
subject to.
	 constraints: 1) minimum shutup/shutdown time limits			 done
	 constraints: 2) binary variable logic					 done
	 constraints: 3) shutup/shutdown cost					 done
	 constraints: 4) loadcurtailments and spoliedwinds			 done
	 constraints: 5) generatos power limits					 done
	 constraints: 6) system reserves limits					 done
	 constraints: 7) power balance constraints				 done
	 constraints: 8) ramp-up/ramp-down constraints				 done
	 constraints: 9) piece linearization constraints			 done
	 constraints: 10) transmissionline limits skipped (is_NetWorkCon != 1 or Gsdf missing or NL=0)
	 constraints: 11) stroges system constraints skipped (is_ConsiderBESS=0)
	 constraints: 12) data centra constraints skipped (is_ConsiderDataCentra != 1)
	 constraints: 13) frequency control constraints skipped (is_ConsiderFrequencyControl != 1)
	 constraints: 14) hydro power limits					 done
+++++++++++++++++++++++++++++++++++++++++++++++++++++++++++++++++++++++++++++++++++++++++++
Step-4: starting Gurobi solver
Set parameter MIPGap to value 0.015
Gurobi Optimizer version 13.0.2 build v13.0.2rc1 (win64 - Windows 11+.0 (29639.2))

CPU model: 13th Gen Intel(R) Core(TM) i7-13700F, instruction set [SSE2|AVX|AVX2]
Thread count: 16 physical cores, 24 logical processors, using up to 24 threads

Non-default parameters:
MIPGap  0.015

Optimize a model with 32534 rows, 21060 columns and 175639 nonzeros (Min)
Model fingerprint: 0x9c485311
Model has 15750 linear objective coefficients
Variable types: 16080 continuous, 4980 integer (4980 binary)
Coefficient statistics:
  Matrix range     [3e-02, 4e+02]
  Objective range  [1e+00, 1e+15]
  Bounds range     [0e+00, 0e+00]
  RHS range        [7e-03, 4e+02]
Warning: Model contains large objective coefficients
         Consider reformulating model or setting NumericFocus parameter
         to avoid numerical issues.

Presolve removed 12999 rows and 6751 columns
Presolve time: 0.28s
Presolved: 19535 rows, 14309 columns, 74263 nonzeros
Variable types: 9809 continuous, 4500 integer (4500 binary)

Root relaxation: objective 2.042565e+06, 9354 iterations, 0.34 seconds (0.46 work units)

    Nodes    |    Current Node    |     Objective Bounds      |     Work
 Expl Unexpl |  Obj  Depth IntInf | Incumbent    BestBd   Gap | It/Node Time

     0     0 2042564.96    0  575          - 2042564.96      -     -    0s
H    0     0                    2308051.6724 2042564.96  11.5%     -    0s
     0     0 2046476.21    0  360 2308051.67 2046476.21  11.3%     -    1s
     0     0 2046675.01    0  365 2308051.67 2046675.01  11.3%     -    1s
H    0     0                    2189401.5714 2046675.01  6.52%     -    1s
     0     0 2048474.34    0  264 2189401.57 2048474.34  6.44%     -    2s
     0     0 2050486.93    0  259 2189401.57 2050486.93  6.34%     -    2s
     0     0 2050486.93    0  275 2189401.57 2050486.93  6.34%     -    2s
     0     0 2050486.93    0  275 2189401.57 2050486.93  6.34%     -    2s
H    0     0                    2128933.2813 2050572.12  3.68%     -    2s
H    0     0                    2084349.4157 2050572.12  1.62%     -    2s
     0     0 2050574.74    0  354 2084349.42 2050574.74  1.62%     -    2s
     0     0 2050574.74    0  291 2084349.42 2050574.74  1.62%     -    2s
     0     0 2050574.74    0  283 2084349.42 2050574.74  1.62%     -    2s
     0     0 2050574.74    0  295 2084349.42 2050574.74  1.62%     -    2s
     0     0 2050574.74    0  299 2084349.42 2050574.74  1.62%     -    2s
     0     0 2050712.13    0  293 2084349.42 2050712.13  1.61%     -    3s
H    0     0                    2082675.6324 2050712.13  1.53%     -    3s
     0     0 2050712.13    0  283 2082675.63 2050712.13  1.53%     -    3s
     0     0 2050712.13    0  265 2082675.63 2050712.13  1.53%     -    3s
     0     0 2050712.13    0  291 2082675.63 2050712.13  1.53%     -    3s
     0     0 2050712.13    0  292 2082675.63 2050712.13  1.53%     -    3s
     0     0 2050742.50    0  295 2082675.63 2050742.50  1.53%     -    3s
     0     0 2050744.03    0  320 2082675.63 2050744.03  1.53%     -    3s
     0     0 2050744.03    0  351 2082675.63 2050744.03  1.53%     -    4s
     0     0 2050747.28    0  285 2082675.63 2050747.28  1.53%     -    4s
H    0     0                    2082098.4357 2050747.28  1.51%     -    4s
     0     0 2050752.14    0  301 2082098.44 2050752.14  1.51%     -    4s
     0     0 2050752.26    0  315 2082098.44 2050752.26  1.51%     -    4s
     0     0 2050754.42    0  272 2082098.44 2050754.42  1.51%     -    4s
     0     0 2050757.38    0  276 2082098.44 2050757.38  1.51%     -    4s
     0     0 2050762.65    0  337 2082098.44 2050762.65  1.51%     -    4s
H    0     0                    2082098.3978 2050762.65  1.51%     -    4s
H    0     0                    2080408.4682 2050762.65  1.43%     -    4s

Cutting planes:
  Gomory: 31
  Lift-and-project: 3
  Implied bound: 256
  MIR: 163
  Flow cover: 241
  RLT: 30
  Relax-and-lift: 99
  BQP: 1
  PSD: 2

Explored 1 nodes (15143 simplex iterations) in 4.92 seconds (5.84 work units)
Thread count was 24 (of 24 available processors)

Solution count 8: 2.08041e+06 2.0821e+06 2.0821e+06 ... 2.30805e+06

Optimal solution found (tolerance 1.50e-02)
Best objective 2.080408468210e+06, best bound 2.050762646499e+06, gap 1.4250%

User-callback calls 883, time in user-callback 0.00 sec
Step-5: Gurobi solver finished
+++++++++++++++++++++++++++++++++++++++++++++++++++++++++++++++++++++++++++++++++++++++++++

assert_is_solved_and_feasible(scuc) = nothing
solution_summary(scuc) = solution_summary(; result = 1, verbose = false)
├ solver_name          : Gurobi
├ Termination
│ ├ termination_status : OPTIMAL
│ ├ result_count       : 8
│ ├ raw_status         : Model was solved to optimality (subject to tolerances), and an optimal solution is available.
│ └ objective_bound    : 2.05076e+06
├ Solution (result = 1)
│ ├ primal_status        : FEASIBLE_POINT
│ ├ dual_status          : NO_SOLUTION
│ ├ objective_value      : 2.08041e+06
│ └ relative_gap         : 1.42500e-02
└ Work counters
  ├ solve_time (sec)   : 5.03300e+00
  ├ simplex_iterations : 15143
  ├ barrier_iterations : 0
  └ node_count         : 1


Termination Status: OPTIMAL
Acceptable solution found (Status: OPTIMAL).
Step-6: record datas
PART1: [unit-commitment] calculation result has been saved to: D:/GithubClonefiles/module_unitcommitment/output/details_schedule_results/pcm_simulation_results/intervels_[3]/res_schedule_commitment_result.txt
PART1: [unit-commitment] calculation result has been saved to: D:/GithubClonefiles/module_unitcommitment/output/details_schedule_results/pcm_simulation_results/intervels_[3]/res_schedule_commitment_result.txt
Step-3: Creating dispatching model (Refactored & Modularized)
Set parameter Username
Set parameter LicenseID to value 2826524
Academic license - for non-commercial use only - expires 2027-05-22
Set parameter MIPGap to value 0.015
	 Variables defined.
DEBUG set_objective_economic!: NT=31, NG=54, ND=91, NW=2, NS=1, K=3, size(refcost)=(54,), size(eachslope)=(3, 54)
objective_function
	MILP economic objective set
subject to.
	 constraints: 1) minimum shutup/shutdown time limits			 done
	 constraints: 2) binary variable logic					 done
	 constraints: 3) shutup/shutdown cost					 done
	 constraints: 4) loadcurtailments and spoliedwinds			 done
	 constraints: 5) generatos power limits					 done
	 constraints: 6) system reserves limits					 done
	 constraints: 7) power balance constraints				 done
	 constraints: 8) ramp-up/ramp-down constraints				 done
	 constraints: 9) piece linearization constraints			 done
	 constraints: 10) transmissionline limits skipped (is_NetWorkCon != 1 or Gsdf missing or NL=0)
	 constraints: 11) stroges system constraints skipped (is_ConsiderBESS=0)
	 constraints: 12) data centra constraints skipped (is_ConsiderDataCentra != 1)
	 constraints: 13) frequency control constraints skipped (is_ConsiderFrequencyControl != 1)
	 constraints: 14) hydro power limits					 done
+++++++++++++++++++++++++++++++++++++++++++++++++++++++++++++++++++++++++++++++++++++++++++
Step-4: starting Gurobi solver
Set parameter MIPGap to value 0.015
Gurobi Optimizer version 13.0.2 build v13.0.2rc1 (win64 - Windows 11+.0 (29639.2))

CPU model: 13th Gen Intel(R) Core(TM) i7-13700F, instruction set [SSE2|AVX|AVX2]
Thread count: 16 physical cores, 24 logical processors, using up to 24 threads

Non-default parameters:
MIPGap  0.015

Optimize a model with 33604 rows, 21762 columns and 181481 nonzeros (Min)
Model fingerprint: 0x4c839595
Model has 16275 linear objective coefficients
Variable types: 16616 continuous, 5146 integer (5146 binary)
Coefficient statistics:
  Matrix range     [3e-02, 4e+02]
  Objective range  [1e+00, 1e+15]
  Bounds range     [0e+00, 0e+00]
  RHS range        [8e-03, 4e+02]
Warning: Model contains large objective coefficients
         Consider reformulating model or setting NumericFocus parameter
         to avoid numerical issues.

Presolve removed 13408 rows and 6961 columns
Presolve time: 0.37s
Presolved: 20196 rows, 14801 columns, 90947 nonzeros
Variable types: 10136 continuous, 4665 integer (4665 binary)

Root relaxation: objective 2.320850e+06, 9958 iterations, 0.24 seconds (0.34 work units)

    Nodes    |    Current Node    |     Objective Bounds      |     Work
 Expl Unexpl |  Obj  Depth IntInf | Incumbent    BestBd   Gap | It/Node Time

     0     0 2320849.96    0  165          - 2320849.96      -     -    0s
H    0     0                    1.596789e+16 2320849.96   100%     -    0s
H    0     0                    1.078162e+16 2320849.96   100%     -    0s
H    0     0                    2346006.8704 2320849.96  1.07%     -    0s

Explored 1 nodes (9971 simplex iterations) in 1.01 seconds (1.65 work units)
Thread count was 24 (of 24 available processors)

Solution count 3: 2.34601e+06 1.07816e+16 1.59679e+16 

Optimal solution found (tolerance 1.50e-02)
Best objective 2.346006870390e+06, best bound 2.320849956248e+06, gap 1.0723%

User-callback calls 273, time in user-callback 0.00 sec
Step-5: Gurobi solver finished
+++++++++++++++++++++++++++++++++++++++++++++++++++++++++++++++++++++++++++++++++++++++++++

assert_is_solved_and_feasible(scuc) = nothing
solution_summary(scuc) = solution_summary(; result = 1, verbose = false)
├ solver_name          : Gurobi
├ Termination
│ ├ termination_status : OPTIMAL
│ ├ result_count       : 3
│ ├ raw_status         : Model was solved to optimality (subject to tolerances), and an optimal solution is available.
│ └ objective_bound    : 2.32085e+06
├ Solution (result = 1)
│ ├ primal_status        : FEASIBLE_POINT
│ ├ dual_status          : NO_SOLUTION
│ ├ objective_value      : 2.34601e+06
│ └ relative_gap         : 1.07233e-02
└ Work counters
  ├ solve_time (sec)   : 1.00800e+00
  ├ simplex_iterations : 9971
  ├ barrier_iterations : 0
  └ node_count         : 1


Termination Status: OPTIMAL
Acceptable solution found (Status: OPTIMAL).
Step-6: record datas
PART1: [unit-commitment] calculation result has been saved to: D:/GithubClonefiles/module_unitcommitment/output/details_schedule_results/pcm_simulation_results/intervels_[4]/res_schedule_commitment_result.txt
PART1: [unit-commitment] calculation result has been saved to: D:/GithubClonefiles/module_unitcommitment/output/details_schedule_results/pcm_simulation_results/intervels_[4]/res_schedule_commitment_result.txt
Step-3: Creating dispatching model (Refactored & Modularized)
Set parameter Username
Set parameter LicenseID to value 2826524
Academic license - for non-commercial use only - expires 2027-05-22
Set parameter MIPGap to value 0.015
	 Variables defined.
DEBUG set_objective_economic!: NT=28, NG=54, ND=91, NW=2, NS=1, K=3, size(refcost)=(54,), size(eachslope)=(3, 54)
objective_function
	MILP economic objective set
subject to.
	 constraints: 1) minimum shutup/shutdown time limits			 done
	 constraints: 2) binary variable logic					 done
	 constraints: 3) shutup/shutdown cost					 done
	 constraints: 4) loadcurtailments and spoliedwinds			 done
	 constraints: 5) generatos power limits					 done
	 constraints: 6) system reserves limits					 done
	 constraints: 7) power balance constraints				 done
	 constraints: 8) ramp-up/ramp-down constraints				 done
	 constraints: 9) piece linearization constraints			 done
	 constraints: 10) transmissionline limits skipped (is_NetWorkCon != 1 or Gsdf missing or NL=0)
	 constraints: 11) stroges system constraints skipped (is_ConsiderBESS=0)
	 constraints: 12) data centra constraints skipped (is_ConsiderDataCentra != 1)
	 constraints: 13) frequency control constraints skipped (is_ConsiderFrequencyControl != 1)
	 constraints: 14) hydro power limits					 done
+++++++++++++++++++++++++++++++++++++++++++++++++++++++++++++++++++++++++++++++++++++++++++
Step-4: starting Gurobi solver
Set parameter MIPGap to value 0.015
Gurobi Optimizer version 13.0.2 build v13.0.2rc1 (win64 - Windows 11+.0 (29639.2))

CPU model: 13th Gen Intel(R) Core(TM) i7-13700F, instruction set [SSE2|AVX|AVX2]
Thread count: 16 physical cores, 24 logical processors, using up to 24 threads

Non-default parameters:
MIPGap  0.015

Optimize a model with 30322 rows, 19656 columns and 163598 nonzeros (Min)
Model fingerprint: 0x94190603
Model has 14700 linear objective coefficients
Variable types: 15008 continuous, 4648 integer (4648 binary)
Coefficient statistics:
  Matrix range     [3e-02, 4e+02]
  Objective range  [1e+00, 1e+15]
  Bounds range     [0e+00, 0e+00]
  RHS range        [8e-03, 4e+02]
Warning: Model contains large objective coefficients
         Consider reformulating model or setting NumericFocus parameter
         to avoid numerical issues.

Presolve removed 12174 rows and 6329 columns
Presolve time: 0.27s
Presolved: 18148 rows, 13327 columns, 68915 nonzeros
Variable types: 9154 continuous, 4173 integer (4173 binary)

Root relaxation: objective 2.170559e+06, 10247 iterations, 0.30 seconds (0.40 work units)

    Nodes    |    Current Node    |     Objective Bounds      |     Work
 Expl Unexpl |  Obj  Depth IntInf | Incumbent    BestBd   Gap | It/Node Time

     0     0 2170558.78    0  462          - 2170558.78      -     -    0s
H    0     0                    2270006.1445 2170558.78  4.38%     -    0s
H    0     0                    2269708.3858 2170558.78  4.37%     -    1s
     0     0 2174804.94    0  307 2269708.39 2174804.94  4.18%     -    1s
     0     0 2174806.04    0  307 2269708.39 2174806.04  4.18%     -    1s
     0     0 2176935.33    0  256 2269708.39 2176935.33  4.09%     -    1s
     0     0 2177120.71    0  259 2269708.39 2177120.71  4.08%     -    1s
     0     0 2177120.80    0  260 2269708.39 2177120.80  4.08%     -    1s
H    0     0                    2233687.7043 2177120.80  2.53%     -    2s
H    0     0                    2232412.2045 2177120.80  2.48%     -    2s
H    0     0                    2230808.4207 2177120.80  2.41%     -    2s
H    0     0                    2230384.6442 2177120.80  2.39%     -    2s
H    0     0                    2222446.8413 2177120.80  2.04%     -    2s
H    0     0                    2201758.0806 2177120.80  1.12%     -    2s
H    0     0                    2197315.8524 2177120.80  0.92%     -    2s

Cutting planes:
  Gomory: 36
  Cover: 4
  Implied bound: 294
  Clique: 3
  MIR: 154
  Flow cover: 143
  Network: 6
  RLT: 119
  Relax-and-lift: 80
  BQP: 7
  PSD: 3

Explored 1 nodes (12036 simplex iterations) in 2.09 seconds (2.83 work units)
Thread count was 24 (of 24 available processors)

Solution count 9: 2.19732e+06 2.20176e+06 2.22245e+06 ... 2.27001e+06

Optimal solution found (tolerance 1.50e-02)
Best objective 2.197315852435e+06, best bound 2.178296579697e+06, gap 0.8656%

User-callback calls 492, time in user-callback 0.00 sec
Step-5: Gurobi solver finished
+++++++++++++++++++++++++++++++++++++++++++++++++++++++++++++++++++++++++++++++++++++++++++

assert_is_solved_and_feasible(scuc) = nothing
solution_summary(scuc) = solution_summary(; result = 1, verbose = false)
├ solver_name          : Gurobi
├ Termination
│ ├ termination_status : OPTIMAL
│ ├ result_count       : 9
│ ├ raw_status         : Model was solved to optimality (subject to tolerances), and an optimal solution is available.
│ └ objective_bound    : 2.17830e+06
├ Solution (result = 1)
│ ├ primal_status        : FEASIBLE_POINT
│ ├ dual_status          : NO_SOLUTION
│ ├ objective_value      : 2.19732e+06
│ └ relative_gap         : 8.65568e-03
└ Work counters
  ├ solve_time (sec)   : 2.09300e+00
  ├ simplex_iterations : 12036
  ├ barrier_iterations : 0
  └ node_count         : 1


Termination Status: OPTIMAL
Acceptable solution found (Status: OPTIMAL).
Step-6: record datas
PART1: [unit-commitment] calculation result has been saved to: D:/GithubClonefiles/module_unitcommitment/output/details_schedule_results/pcm_simulation_results/intervels_[5]/res_schedule_commitment_result.txt
PART1: [unit-commitment] calculation result has been saved to: D:/GithubClonefiles/module_unitcommitment/output/details_schedule_results/pcm_simulation_results/intervels_[5]/res_schedule_commitment_result.txt
Step-3: Creating dispatching model (Refactored & Modularized)
Set parameter Username
Set parameter LicenseID to value 2826524
Academic license - for non-commercial use only - expires 2027-05-22
Set parameter MIPGap to value 0.015
	 Variables defined.
DEBUG set_objective_economic!: NT=30, NG=54, ND=91, NW=2, NS=1, K=3, size(refcost)=(54,), size(eachslope)=(3, 54)
objective_function
	MILP economic objective set
subject to.
	 constraints: 1) minimum shutup/shutdown time limits			 done
	 constraints: 2) binary variable logic					 done
	 constraints: 3) shutup/shutdown cost					 done
	 constraints: 4) loadcurtailments and spoliedwinds			 done
	 constraints: 5) generatos power limits					 done
	 constraints: 6) system reserves limits					 done
	 constraints: 7) power balance constraints				 done
	 constraints: 8) ramp-up/ramp-down constraints				 done
	 constraints: 9) piece linearization constraints			 done
	 constraints: 10) transmissionline limits skipped (is_NetWorkCon != 1 or Gsdf missing or NL=0)
	 constraints: 11) stroges system constraints skipped (is_ConsiderBESS=0)
	 constraints: 12) data centra constraints skipped (is_ConsiderDataCentra != 1)
	 constraints: 13) frequency control constraints skipped (is_ConsiderFrequencyControl != 1)
	 constraints: 14) hydro power limits					 done
+++++++++++++++++++++++++++++++++++++++++++++++++++++++++++++++++++++++++++++++++++++++++++
Step-4: starting Gurobi solver
Set parameter MIPGap to value 0.015
Gurobi Optimizer version 13.0.2 build v13.0.2rc1 (win64 - Windows 11+.0 (29639.2))

CPU model: 13th Gen Intel(R) Core(TM) i7-13700F, instruction set [SSE2|AVX|AVX2]
Thread count: 16 physical cores, 24 logical processors, using up to 24 threads

Non-default parameters:
MIPGap  0.015

Optimize a model with 32527 rows, 21060 columns and 175634 nonzeros (Min)
Model fingerprint: 0x9ecea2cf
Model has 15750 linear objective coefficients
Variable types: 16080 continuous, 4980 integer (4980 binary)
Coefficient statistics:
  Matrix range     [3e-02, 4e+02]
  Objective range  [1e+00, 1e+15]
  Bounds range     [0e+00, 0e+00]
  RHS range        [7e-03, 4e+02]
Warning: Model contains large objective coefficients
         Consider reformulating model or setting NumericFocus parameter
         to avoid numerical issues.

Presolve removed 12980 rows and 6752 columns
Presolve time: 0.30s
Presolved: 19547 rows, 14308 columns, 74092 nonzeros
Variable types: 9805 continuous, 4503 integer (4503 binary)
Warning: switch to quad precision

Root relaxation: objective 6.455806e+15, 11053 iterations, 0.24 seconds (0.35 work units)

    Nodes    |    Current Node    |     Objective Bounds      |     Work
 Expl Unexpl |  Obj  Depth IntInf | Incumbent    BestBd   Gap | It/Node Time

     0     0 6.4558e+15    0  444          - 6.4558e+15      -     -    0s
H    0     0                    2.278391e+16 6.4558e+15  71.7%     -    1s
H    0     0                    2.240952e+16 6.4558e+15  71.2%     -    1s
H    0     0                    6.455806e+15 6.4558e+15  0.00%     -    1s

Explored 1 nodes (11067 simplex iterations) in 1.71 seconds (3.10 work units)
Thread count was 24 (of 24 available processors)

Solution count 3: 6.45581e+15 2.24095e+16 2.27839e+16 

Optimal solution found (tolerance 1.50e-02)
Best objective 6.455805898263e+15, best bound 6.455805898263e+15, gap 0.0000%

User-callback calls 728, time in user-callback 0.00 sec
Step-5: Gurobi solver finished
+++++++++++++++++++++++++++++++++++++++++++++++++++++++++++++++++++++++++++++++++++++++++++

assert_is_solved_and_feasible(scuc) = nothing
solution_summary(scuc) = solution_summary(; result = 1, verbose = false)
├ solver_name          : Gurobi
├ Termination
│ ├ termination_status : OPTIMAL
│ ├ result_count       : 3
│ ├ raw_status         : Model was solved to optimality (subject to tolerances), and an optimal solution is available.
│ └ objective_bound    : 6.45581e+15
├ Solution (result = 1)
│ ├ primal_status        : FEASIBLE_POINT
│ ├ dual_status          : NO_SOLUTION
│ ├ objective_value      : 6.45581e+15
│ └ relative_gap         : 3.62464e-14
└ Work counters
  ├ solve_time (sec)   : 1.71200e+00
  ├ simplex_iterations : 11067
  ├ barrier_iterations : 0
  └ node_count         : 1


Termination Status: OPTIMAL
Acceptable solution found (Status: OPTIMAL).
Step-6: record datas
PART1: [unit-commitment] calculation result has been saved to: D:/GithubClonefiles/module_unitcommitment/output/details_schedule_results/pcm_simulation_results/intervels_[6]/res_schedule_commitment_result.txt
PART1: [unit-commitment] calculation result has been saved to: D:/GithubClonefiles/module_unitcommitment/output/details_schedule_results/pcm_simulation_results/intervels_[6]/res_schedule_commitment_result.txt
Step-3: Creating dispatching model (Refactored & Modularized)
Set parameter Username
Set parameter LicenseID to value 2826524
Academic license - for non-commercial use only - expires 2027-05-22
Set parameter MIPGap to value 0.015
	 Variables defined.
DEBUG set_objective_economic!: NT=24, NG=54, ND=91, NW=2, NS=1, K=3, size(refcost)=(54,), size(eachslope)=(3, 54)
objective_function
	MILP economic objective set
subject to.
	 constraints: 1) minimum shutup/shutdown time limits			 done
	 constraints: 2) binary variable logic					 done
	 constraints: 3) shutup/shutdown cost					 done
	 constraints: 4) loadcurtailments and spoliedwinds			 done
	 constraints: 5) generatos power limits					 done
	 constraints: 6) system reserves limits					 done
	 constraints: 7) power balance constraints				 done
	 constraints: 8) ramp-up/ramp-down constraints				 done
	 constraints: 9) piece linearization constraints			 done
	 constraints: 10) transmissionline limits skipped (is_NetWorkCon != 1 or Gsdf missing or NL=0)
	 constraints: 11) stroges system constraints skipped (is_ConsiderBESS=0)
	 constraints: 12) data centra constraints skipped (is_ConsiderDataCentra != 1)
	 constraints: 13) frequency control constraints skipped (is_ConsiderFrequencyControl != 1)
	 constraints: 14) hydro power limits					 done
+++++++++++++++++++++++++++++++++++++++++++++++++++++++++++++++++++++++++++++++++++++++++++
Step-4: starting Gurobi solver
Set parameter MIPGap to value 0.015
Gurobi Optimizer version 13.0.2 build v13.0.2rc1 (win64 - Windows 11+.0 (29639.2))

CPU model: 13th Gen Intel(R) Core(TM) i7-13700F, instruction set [SSE2|AVX|AVX2]
Thread count: 16 physical cores, 24 logical processors, using up to 24 threads

Non-default parameters:
MIPGap  0.015

Optimize a model with 25955 rows, 16848 columns and 139823 nonzeros (Min)
Model fingerprint: 0xaca33d6f
Model has 12600 linear objective coefficients
Variable types: 12864 continuous, 3984 integer (3984 binary)
Coefficient statistics:
  Matrix range     [3e-02, 4e+02]
  Objective range  [1e+00, 1e+15]
  Bounds range     [0e+00, 0e+00]
  RHS range        [7e-03, 4e+02]
Warning: Model contains large objective coefficients
         Consider reformulating model or setting NumericFocus parameter
         to avoid numerical issues.

Presolve removed 10613 rows and 5494 columns
Presolve time: 0.23s
Presolved: 15342 rows, 11354 columns, 58323 nonzeros
Variable types: 7847 continuous, 3507 integer (3507 binary)
Found heuristic solution: objective 2636118.8213

Root relaxation: objective 1.745115e+06, 7423 iterations, 0.17 seconds (0.26 work units)

    Nodes    |    Current Node    |     Objective Bounds      |     Work
 Expl Unexpl |  Obj  Depth IntInf | Incumbent    BestBd   Gap | It/Node Time

     0     0 1745115.27    0  251 2636118.82 1745115.27  33.8%     -    0s
H    0     0                    2027962.5988 1745115.27  13.9%     -    0s
     0     0 1746653.86    0  202 2027962.60 1746653.86  13.9%     -    0s
H    0     0                    1868739.5269 1746653.90  6.53%     -    0s
     0     0 1746681.14    0  209 1868739.53 1746681.14  6.53%     -    0s
     0     0 1746682.52    0  194 1868739.53 1746682.52  6.53%     -    0s
     0     0 1746682.87    0  194 1868739.53 1746682.87  6.53%     -    0s

Cutting planes:
  Gomory: 32
  Lift-and-project: 21
  Cover: 2
  Implied bound: 113
  MIR: 73
  Flow cover: 71
  Network: 1
  RLT: 39
  Relax-and-lift: 36
  BQP: 4
  PSD: 3

Explored 1 nodes (8251 simplex iterations) in 1.23 seconds (1.67 work units)
Thread count was 24 (of 24 available processors)

Solution count 3: 1.86874e+06 2.02796e+06 2.63612e+06 

Optimal solution found (tolerance 1.50e-02)
Best objective 1.868739526880e+06, best bound 1.868739526880e+06, gap 0.0000%

User-callback calls 403, time in user-callback 0.00 sec
Step-5: Gurobi solver finished
+++++++++++++++++++++++++++++++++++++++++++++++++++++++++++++++++++++++++++++++++++++++++++

assert_is_solved_and_feasible(scuc) = nothing
solution_summary(scuc) = solution_summary(; result = 1, verbose = false)
├ solver_name          : Gurobi
├ Termination
│ ├ termination_status : OPTIMAL
│ ├ result_count       : 3
│ ├ raw_status         : Model was solved to optimality (subject to tolerances), and an optimal solution is available.
│ └ objective_bound    : 1.86874e+06
├ Solution (result = 1)
│ ├ primal_status        : FEASIBLE_POINT
│ ├ dual_status          : NO_SOLUTION
│ ├ objective_value      : 1.86874e+06
│ └ relative_gap         : 2.49185e-16
└ Work counters
  ├ solve_time (sec)   : 1.23500e+00
  ├ simplex_iterations : 8251
  ├ barrier_iterations : 0
  └ node_count         : 1


Termination Status: OPTIMAL
Acceptable solution found (Status: OPTIMAL).
Step-6: record datas
PART1: [unit-commitment] calculation result has been saved to: D:/GithubClonefiles/module_unitcommitment/output/details_schedule_results/pcm_simulation_results/intervels_[7]/res_schedule_commitment_result.txt
PART1: [unit-commitment] calculation result has been saved to: D:/GithubClonefiles/module_unitcommitment/output/details_schedule_results/pcm_simulation_results/intervels_[7]/res_schedule_commitment_result.txt
--------------------------------------------------------------------------------
Running mode: Steady+Unit+Ramp
Step-3: Creating dispatching model (Refactored & Modularized)
Set parameter Username
Set parameter LicenseID to value 2826524
Academic license - for non-commercial use only - expires 2027-05-22
Set parameter MIPGap to value 0.015
	 Variables defined.
DEBUG set_objective_economic!: NT=28, NG=54, ND=91, NW=2, NS=1, K=3, size(refcost)=(54,), size(eachslope)=(3, 54)
objective_function
	MILP economic objective set
subject to.
	 constraints: 1) minimum shutup/shutdown time limits			 done
	 constraints: 2) binary variable logic					 done
	 constraints: 3) shutup/shutdown cost					 done
	 constraints: 4) loadcurtailments and spoliedwinds			 done
	 constraints: 5) generatos power limits					 done
	 constraints: 6) system reserves limits					 done
	 constraints: 7) power balance constraints				 done
	 constraints: 8) ramp-up/ramp-down constraints				 done
	 constraints: 9) piece linearization constraints			 done
	 constraints: 10) transmissionline limits skipped (is_NetWorkCon != 1 or Gsdf missing or NL=0)
	 constraints: 11) stroges system constraints skipped (is_ConsiderBESS=0)
	 constraints: 12) data centra constraints skipped (is_ConsiderDataCentra != 1)
	 constraints: 13) frequency control constraints skipped (is_ConsiderFrequencyControl != 1)
	 constraints: 14) hydro power limits					 done
+++++++++++++++++++++++++++++++++++++++++++++++++++++++++++++++++++++++++++++++++++++++++++
Step-4: starting Gurobi solver
Set parameter MIPGap to value 0.015
Gurobi Optimizer version 13.0.2 build v13.0.2rc1 (win64 - Windows 11+.0 (29639.2))

CPU model: 13th Gen Intel(R) Core(TM) i7-13700F, instruction set [SSE2|AVX|AVX2]
Thread count: 16 physical cores, 24 logical processors, using up to 24 threads

Non-default parameters:
MIPGap  0.015

Optimize a model with 30314 rows, 19656 columns and 163562 nonzeros (Min)
Model fingerprint: 0xea443572
Model has 14700 linear objective coefficients
Variable types: 15008 continuous, 4648 integer (4648 binary)
Coefficient statistics:
  Matrix range     [3e-02, 4e+02]
  Objective range  [1e+00, 1e+15]
  Bounds range     [0e+00, 0e+00]
  RHS range        [8e-03, 3e+02]
Warning: Model contains large objective coefficients
         Consider reformulating model or setting NumericFocus parameter
         to avoid numerical issues.

Presolve removed 12151 rows and 6319 columns
Presolve time: 0.27s
Presolved: 18163 rows, 13337 columns, 69144 nonzeros
Variable types: 9155 continuous, 4182 integer (4182 binary)

Root relaxation: objective 2.104070e+06, 9197 iterations, 0.33 seconds (0.40 work units)

    Nodes    |    Current Node    |     Objective Bounds      |     Work
 Expl Unexpl |  Obj  Depth IntInf | Incumbent    BestBd   Gap | It/Node Time

     0     0 2104070.00    0  417          - 2104070.00      -     -    0s
H    0     0                    2.025382e+15 2104070.00   100%     -    0s
H    0     0                    2202527.8137 2104070.00  4.47%     -    0s
H    0     0                    2172413.2928 2104070.00  3.15%     -    1s
     0     0 2110888.35    0  346 2172413.29 2110888.35  2.83%     -    1s
     0     0 2110940.67    0  349 2172413.29 2110940.67  2.83%     -    1s
     0     0 2110941.13    0  336 2172413.29 2110941.13  2.83%     -    1s
     0     0 2110943.66    0  339 2172413.29 2110943.66  2.83%     -    1s
     0     0 2110943.83    0  339 2172413.29 2110943.83  2.83%     -    1s
H    0     0                    2171163.1907 2113286.74  2.67%     -    1s
     0     0 2113921.31    0  348 2171163.19 2113921.31  2.64%     -    1s
     0     0 2113921.31    0  259 2171163.19 2113921.31  2.64%     -    2s
     0     0 2113921.31    0  274 2171163.19 2113921.31  2.64%     -    2s
H    0     0                    2170155.2400 2113921.31  2.59%     -    2s
H    0     0                    2169187.8614 2113921.31  2.55%     -    2s
H    0     0                    2141418.5579 2113921.31  1.28%     -    2s

Cutting planes:
  Gomory: 24
  Cover: 5
  Implied bound: 270
  MIR: 185
  Flow cover: 169
  Network: 3
  RLT: 109
  Relax-and-lift: 60
  BQP: 7

Explored 1 nodes (11702 simplex iterations) in 2.41 seconds (3.27 work units)
Thread count was 24 (of 24 available processors)

Solution count 7: 2.14142e+06 2.16919e+06 2.17016e+06 ... 2.02538e+15

Optimal solution found (tolerance 1.50e-02)
Best objective 2.141418557868e+06, best bound 2.114377683636e+06, gap 1.2628%

User-callback calls 477, time in user-callback 0.00 sec
Step-5: Gurobi solver finished
+++++++++++++++++++++++++++++++++++++++++++++++++++++++++++++++++++++++++++++++++++++++++++

assert_is_solved_and_feasible(scuc) = nothing
solution_summary(scuc) = solution_summary(; result = 1, verbose = false)
├ solver_name          : Gurobi
├ Termination
│ ├ termination_status : OPTIMAL
│ ├ result_count       : 7
│ ├ raw_status         : Model was solved to optimality (subject to tolerances), and an optimal solution is available.
│ └ objective_bound    : 2.11438e+06
├ Solution (result = 1)
│ ├ primal_status        : FEASIBLE_POINT
│ ├ dual_status          : NO_SOLUTION
│ ├ objective_value      : 2.14142e+06
│ └ relative_gap         : 1.26276e-02
└ Work counters
  ├ solve_time (sec)   : 2.40500e+00
  ├ simplex_iterations : 11702
  ├ barrier_iterations : 0
  └ node_count         : 1


Termination Status: OPTIMAL
Acceptable solution found (Status: OPTIMAL).
Step-6: record datas
PART1: [unit-commitment] calculation result has been saved to: D:/GithubClonefiles/module_unitcommitment/output/details_schedule_results/pcm_simulation_results/intervels_[1]/res_schedule_commitment_result.txt
PART1: [unit-commitment] calculation result has been saved to: D:/GithubClonefiles/module_unitcommitment/output/details_schedule_results/pcm_simulation_results/intervels_[1]/res_schedule_commitment_result.txt
Step-3: Creating dispatching model (Refactored & Modularized)
Set parameter Username
Set parameter LicenseID to value 2826524
Academic license - for non-commercial use only - expires 2027-05-22
Set parameter MIPGap to value 0.015
	 Variables defined.
DEBUG set_objective_economic!: NT=31, NG=54, ND=91, NW=2, NS=1, K=3, size(refcost)=(54,), size(eachslope)=(3, 54)
objective_function
	MILP economic objective set
subject to.
	 constraints: 1) minimum shutup/shutdown time limits			 done
	 constraints: 2) binary variable logic					 done
	 constraints: 3) shutup/shutdown cost					 done
	 constraints: 4) loadcurtailments and spoliedwinds			 done
	 constraints: 5) generatos power limits					 done
	 constraints: 6) system reserves limits					 done
	 constraints: 7) power balance constraints				 done
	 constraints: 8) ramp-up/ramp-down constraints				 done
	 constraints: 9) piece linearization constraints			 done
	 constraints: 10) transmissionline limits skipped (is_NetWorkCon != 1 or Gsdf missing or NL=0)
	 constraints: 11) stroges system constraints skipped (is_ConsiderBESS=0)
	 constraints: 12) data centra constraints skipped (is_ConsiderDataCentra != 1)
	 constraints: 13) frequency control constraints skipped (is_ConsiderFrequencyControl != 1)
	 constraints: 14) hydro power limits					 done
+++++++++++++++++++++++++++++++++++++++++++++++++++++++++++++++++++++++++++++++++++++++++++
Step-4: starting Gurobi solver
Set parameter MIPGap to value 0.015
Gurobi Optimizer version 13.0.2 build v13.0.2rc1 (win64 - Windows 11+.0 (29639.2))

CPU model: 13th Gen Intel(R) Core(TM) i7-13700F, instruction set [SSE2|AVX|AVX2]
Thread count: 16 physical cores, 24 logical processors, using up to 24 threads

Non-default parameters:
MIPGap  0.015

Optimize a model with 33616 rows, 21762 columns and 181535 nonzeros (Min)
Model fingerprint: 0x63796cd3
Model has 16275 linear objective coefficients
Variable types: 16616 continuous, 5146 integer (5146 binary)
Coefficient statistics:
  Matrix range     [3e-02, 4e+02]
  Objective range  [1e+00, 1e+15]
  Bounds range     [0e+00, 0e+00]
  RHS range        [7e-03, 4e+02]
Warning: Model contains large objective coefficients
         Consider reformulating model or setting NumericFocus parameter
         to avoid numerical issues.

Presolve removed 13406 rows and 6958 columns
Presolve time: 0.37s
Presolved: 20210 rows, 14804 columns, 91073 nonzeros
Variable types: 10136 continuous, 4668 integer (4668 binary)

Root relaxation: objective 2.432477e+06, 11296 iterations, 0.35 seconds (0.48 work units)

    Nodes    |    Current Node    |     Objective Bounds      |     Work
 Expl Unexpl |  Obj  Depth IntInf | Incumbent    BestBd   Gap | It/Node Time

     0     0 2432477.04    0  197          - 2432477.04      -     -    0s
H    0     0                    4.555034e+15 2432477.04   100%     -    1s
H    0     0                    1.155363e+15 2432477.04   100%     -    1s
     0     0 2432788.27    0  180 1.1554e+15 2432788.27   100%     -    1s
     0     0 2432790.95    0  194 1.1554e+15 2432790.95   100%     -    1s
     0     0 2432791.04    0  201 1.1554e+15 2432791.04   100%     -    1s
H    0     0                    2564744.8073 2432791.04  5.14%     -    2s
H    0     0                    2557192.6113 2432791.04  4.86%     -    2s
     0     0 2432918.45    0  185 2557192.61 2432918.45  4.86%     -    2s
     0     0 2432950.46    0  208 2557192.61 2432950.46  4.86%     -    2s
     0     0 2432960.33    0  230 2557192.61 2432960.33  4.86%     -    2s
     0     0 2432973.82    0  223 2557192.61 2432973.82  4.86%     -    2s
H    0     0                    2451761.6764 2432973.82  0.77%     -    2s
     0     0 2432973.82    0  236 2451761.68 2432973.82  0.77%     -    2s

Cutting planes:
  Gomory: 21
  Lift-and-project: 4
  Implied bound: 23
  MIR: 64
  Flow cover: 27
  RLT: 5
  Relax-and-lift: 14

Explored 1 nodes (12142 simplex iterations) in 2.44 seconds (3.05 work units)
Thread count was 24 (of 24 available processors)

Solution count 5: 2.45176e+06 2.55719e+06 2.56474e+06 ... 4.55503e+15

Optimal solution found (tolerance 1.50e-02)
Best objective 2.451761676444e+06, best bound 2.432973817303e+06, gap 0.7663%

User-callback calls 546, time in user-callback 0.00 sec
Step-5: Gurobi solver finished
+++++++++++++++++++++++++++++++++++++++++++++++++++++++++++++++++++++++++++++++++++++++++++

assert_is_solved_and_feasible(scuc) = nothing
solution_summary(scuc) = solution_summary(; result = 1, verbose = false)
├ solver_name          : Gurobi
├ Termination
│ ├ termination_status : OPTIMAL
│ ├ result_count       : 5
│ ├ raw_status         : Model was solved to optimality (subject to tolerances), and an optimal solution is available.
│ └ objective_bound    : 2.43297e+06
├ Solution (result = 1)
│ ├ primal_status        : FEASIBLE_POINT
│ ├ dual_status          : NO_SOLUTION
│ ├ objective_value      : 2.45176e+06
│ └ relative_gap         : 7.66300e-03
└ Work counters
  ├ solve_time (sec)   : 2.44300e+00
  ├ simplex_iterations : 12142
  ├ barrier_iterations : 0
  └ node_count         : 1


Termination Status: OPTIMAL
Acceptable solution found (Status: OPTIMAL).
Step-6: record datas
PART1: [unit-commitment] calculation result has been saved to: D:/GithubClonefiles/module_unitcommitment/output/details_schedule_results/pcm_simulation_results/intervels_[2]/res_schedule_commitment_result.txt
PART1: [unit-commitment] calculation result has been saved to: D:/GithubClonefiles/module_unitcommitment/output/details_schedule_results/pcm_simulation_results/intervels_[2]/res_schedule_commitment_result.txt
Step-3: Creating dispatching model (Refactored & Modularized)
Set parameter Username
Set parameter LicenseID to value 2826524
Academic license - for non-commercial use only - expires 2027-05-22
Set parameter MIPGap to value 0.015
	 Variables defined.
DEBUG set_objective_economic!: NT=31, NG=54, ND=91, NW=2, NS=1, K=3, size(refcost)=(54,), size(eachslope)=(3, 54)
objective_function
	MILP economic objective set
subject to.
	 constraints: 1) minimum shutup/shutdown time limits			 done
	 constraints: 2) binary variable logic					 done
	 constraints: 3) shutup/shutdown cost					 done
	 constraints: 4) loadcurtailments and spoliedwinds			 done
	 constraints: 5) generatos power limits					 done
	 constraints: 6) system reserves limits					 done
	 constraints: 7) power balance constraints				 done
	 constraints: 8) ramp-up/ramp-down constraints				 done
	 constraints: 9) piece linearization constraints			 done
	 constraints: 10) transmissionline limits skipped (is_NetWorkCon != 1 or Gsdf missing or NL=0)
	 constraints: 11) stroges system constraints skipped (is_ConsiderBESS=0)
	 constraints: 12) data centra constraints skipped (is_ConsiderDataCentra != 1)
	 constraints: 13) frequency control constraints skipped (is_ConsiderFrequencyControl != 1)
	 constraints: 14) hydro power limits					 done
+++++++++++++++++++++++++++++++++++++++++++++++++++++++++++++++++++++++++++++++++++++++++++
Step-4: starting Gurobi solver
Set parameter MIPGap to value 0.015
Gurobi Optimizer version 13.0.2 build v13.0.2rc1 (win64 - Windows 11+.0 (29639.2))

CPU model: 13th Gen Intel(R) Core(TM) i7-13700F, instruction set [SSE2|AVX|AVX2]
Thread count: 16 physical cores, 24 logical processors, using up to 24 threads

Non-default parameters:
MIPGap  0.015

Optimize a model with 33621 rows, 21762 columns and 181561 nonzeros (Min)
Model fingerprint: 0x35cd6e1f
Model has 16275 linear objective coefficients
Variable types: 16616 continuous, 5146 integer (5146 binary)
Coefficient statistics:
  Matrix range     [3e-02, 4e+02]
  Objective range  [1e+00, 1e+15]
  Bounds range     [0e+00, 0e+00]
  RHS range        [7e-03, 4e+02]
Warning: Model contains large objective coefficients
         Consider reformulating model or setting NumericFocus parameter
         to avoid numerical issues.

Presolve removed 13426 rows and 6964 columns
Presolve time: 0.40s
Presolved: 20195 rows, 14798 columns, 90808 nonzeros
Variable types: 10136 continuous, 4662 integer (4662 binary)

Root relaxation: objective 2.102800e+06, 9829 iterations, 0.34 seconds (0.44 work units)

    Nodes    |    Current Node    |     Objective Bounds      |     Work
 Expl Unexpl |  Obj  Depth IntInf | Incumbent    BestBd   Gap | It/Node Time

     0     0 2102800.40    0  175          - 2102800.40      -     -    1s
H    0     0                    5.151679e+15 2102800.40   100%     -    1s
H    0     0                    2341515.2503 2102800.40  10.2%     -    1s
H    0     0                    2138717.5987 2102801.16  1.68%     -    1s
     0     0 2102921.23    0  271 2138717.60 2102921.23  1.67%     -    1s
     0     0 2102935.12    0  243 2138717.60 2102935.12  1.67%     -    1s
     0     0 2102935.12    0  246 2138717.60 2102935.12  1.67%     -    1s
     0     0 2103015.02    0  219 2138717.60 2103015.02  1.67%     -    1s
     0     0 2103028.54    0  241 2138717.60 2103028.54  1.67%     -    1s
     0     0 2103028.57    0  251 2138717.60 2103028.57  1.67%     -    1s
     0     0 2103043.33    0  267 2138717.60 2103043.33  1.67%     -    2s
     0     0 2103044.97    0  296 2138717.60 2103044.97  1.67%     -    2s
H    0     0                    2125416.2922 2103044.97  1.05%     -    2s

Cutting planes:
  Gomory: 11
  Cover: 4
  Implied bound: 27
  MIR: 76
  Flow cover: 29
  Relax-and-lift: 6

Explored 1 nodes (11139 simplex iterations) in 2.53 seconds (3.35 work units)
Thread count was 24 (of 24 available processors)

Solution count 4: 2.12542e+06 2.13872e+06 2.34152e+06 5.15168e+15 

Optimal solution found (tolerance 1.50e-02)
Best objective 2.125416292222e+06, best bound 2.103044965638e+06, gap 1.0526%

User-callback calls 488, time in user-callback 0.00 sec
Step-5: Gurobi solver finished
+++++++++++++++++++++++++++++++++++++++++++++++++++++++++++++++++++++++++++++++++++++++++++

assert_is_solved_and_feasible(scuc) = nothing
solution_summary(scuc) = solution_summary(; result = 1, verbose = false)
├ solver_name          : Gurobi
├ Termination
│ ├ termination_status : OPTIMAL
│ ├ result_count       : 4
│ ├ raw_status         : Model was solved to optimality (subject to tolerances), and an optimal solution is available.
│ └ objective_bound    : 2.10304e+06
├ Solution (result = 1)
│ ├ primal_status        : FEASIBLE_POINT
│ ├ dual_status          : NO_SOLUTION
│ ├ objective_value      : 2.12542e+06
│ └ relative_gap         : 1.05256e-02
└ Work counters
  ├ solve_time (sec)   : 2.52700e+00
  ├ simplex_iterations : 11139
  ├ barrier_iterations : 0
  └ node_count         : 1


Termination Status: OPTIMAL
Acceptable solution found (Status: OPTIMAL).
Step-6: record datas
PART1: [unit-commitment] calculation result has been saved to: D:/GithubClonefiles/module_unitcommitment/output/details_schedule_results/pcm_simulation_results/intervels_[3]/res_schedule_commitment_result.txt
PART1: [unit-commitment] calculation result has been saved to: D:/GithubClonefiles/module_unitcommitment/output/details_schedule_results/pcm_simulation_results/intervels_[3]/res_schedule_commitment_result.txt
Step-3: Creating dispatching model (Refactored & Modularized)
Set parameter Username
Set parameter LicenseID to value 2826524
Academic license - for non-commercial use only - expires 2027-05-22
Set parameter MIPGap to value 0.015
	 Variables defined.
DEBUG set_objective_economic!: NT=31, NG=54, ND=91, NW=2, NS=1, K=3, size(refcost)=(54,), size(eachslope)=(3, 54)
objective_function
	MILP economic objective set
subject to.
	 constraints: 1) minimum shutup/shutdown time limits			 done
	 constraints: 2) binary variable logic					 done
	 constraints: 3) shutup/shutdown cost					 done
	 constraints: 4) loadcurtailments and spoliedwinds			 done
	 constraints: 5) generatos power limits					 done
	 constraints: 6) system reserves limits					 done
	 constraints: 7) power balance constraints				 done
	 constraints: 8) ramp-up/ramp-down constraints				 done
	 constraints: 9) piece linearization constraints			 done
	 constraints: 10) transmissionline limits skipped (is_NetWorkCon != 1 or Gsdf missing or NL=0)
	 constraints: 11) stroges system constraints skipped (is_ConsiderBESS=0)
	 constraints: 12) data centra constraints skipped (is_ConsiderDataCentra != 1)
	 constraints: 13) frequency control constraints skipped (is_ConsiderFrequencyControl != 1)
	 constraints: 14) hydro power limits					 done
+++++++++++++++++++++++++++++++++++++++++++++++++++++++++++++++++++++++++++++++++++++++++++
Step-4: starting Gurobi solver
Set parameter MIPGap to value 0.015
Gurobi Optimizer version 13.0.2 build v13.0.2rc1 (win64 - Windows 11+.0 (29639.2))

CPU model: 13th Gen Intel(R) Core(TM) i7-13700F, instruction set [SSE2|AVX|AVX2]
Thread count: 16 physical cores, 24 logical processors, using up to 24 threads

Non-default parameters:
MIPGap  0.015

Optimize a model with 33615 rows, 21762 columns and 181563 nonzeros (Min)
Model fingerprint: 0xc39d0509
Model has 16275 linear objective coefficients
Variable types: 16616 continuous, 5146 integer (5146 binary)
Coefficient statistics:
  Matrix range     [3e-02, 4e+02]
  Objective range  [1e+00, 1e+15]
  Bounds range     [0e+00, 0e+00]
  RHS range        [8e-03, 4e+02]
Warning: Model contains large objective coefficients
         Consider reformulating model or setting NumericFocus parameter
         to avoid numerical issues.

Presolve removed 13414 rows and 6961 columns
Presolve time: 0.37s
Presolved: 20201 rows, 14801 columns, 91025 nonzeros
Variable types: 10136 continuous, 4665 integer (4665 binary)

Root relaxation: objective 2.316374e+06, 10877 iterations, 0.28 seconds (0.39 work units)

    Nodes    |    Current Node    |     Objective Bounds      |     Work
 Expl Unexpl |  Obj  Depth IntInf | Incumbent    BestBd   Gap | It/Node Time

     0     0 2316374.33    0  183          - 2316374.33      -     -    0s
H    0     0                    3.631767e+15 2316374.33   100%     -    0s
H    0     0                    2345999.5100 2316374.33  1.26%     -    1s

Explored 1 nodes (10894 simplex iterations) in 1.01 seconds (1.71 work units)
Thread count was 24 (of 24 available processors)

Solution count 2: 2.346e+06 3.63177e+15 

Optimal solution found (tolerance 1.50e-02)
Best objective 2.345999510031e+06, best bound 2.316374330113e+06, gap 1.2628%

User-callback calls 274, time in user-callback 0.00 sec
Step-5: Gurobi solver finished
+++++++++++++++++++++++++++++++++++++++++++++++++++++++++++++++++++++++++++++++++++++++++++

assert_is_solved_and_feasible(scuc) = nothing
solution_summary(scuc) = solution_summary(; result = 1, verbose = false)
├ solver_name          : Gurobi
├ Termination
│ ├ termination_status : OPTIMAL
│ ├ result_count       : 2
│ ├ raw_status         : Model was solved to optimality (subject to tolerances), and an optimal solution is available.
│ └ objective_bound    : 2.31637e+06
├ Solution (result = 1)
│ ├ primal_status        : FEASIBLE_POINT
│ ├ dual_status          : NO_SOLUTION
│ ├ objective_value      : 2.34600e+06
│ └ relative_gap         : 1.26280e-02
└ Work counters
  ├ solve_time (sec)   : 1.00800e+00
  ├ simplex_iterations : 10894
  ├ barrier_iterations : 0
  └ node_count         : 1


Termination Status: OPTIMAL
Acceptable solution found (Status: OPTIMAL).
Step-6: record datas
PART1: [unit-commitment] calculation result has been saved to: D:/GithubClonefiles/module_unitcommitment/output/details_schedule_results/pcm_simulation_results/intervels_[4]/res_schedule_commitment_result.txt
PART1: [unit-commitment] calculation result has been saved to: D:/GithubClonefiles/module_unitcommitment/output/details_schedule_results/pcm_simulation_results/intervels_[4]/res_schedule_commitment_result.txt
Step-3: Creating dispatching model (Refactored & Modularized)
Set parameter Username
Set parameter LicenseID to value 2826524
Academic license - for non-commercial use only - expires 2027-05-22
Set parameter MIPGap to value 0.015
	 Variables defined.
DEBUG set_objective_economic!: NT=31, NG=54, ND=91, NW=2, NS=1, K=3, size(refcost)=(54,), size(eachslope)=(3, 54)
objective_function
	MILP economic objective set
subject to.
	 constraints: 1) minimum shutup/shutdown time limits			 done
	 constraints: 2) binary variable logic					 done
	 constraints: 3) shutup/shutdown cost					 done
	 constraints: 4) loadcurtailments and spoliedwinds			 done
	 constraints: 5) generatos power limits					 done
	 constraints: 6) system reserves limits					 done
	 constraints: 7) power balance constraints				 done
	 constraints: 8) ramp-up/ramp-down constraints				 done
	 constraints: 9) piece linearization constraints			 done
	 constraints: 10) transmissionline limits skipped (is_NetWorkCon != 1 or Gsdf missing or NL=0)
	 constraints: 11) stroges system constraints skipped (is_ConsiderBESS=0)
	 constraints: 12) data centra constraints skipped (is_ConsiderDataCentra != 1)
	 constraints: 13) frequency control constraints skipped (is_ConsiderFrequencyControl != 1)
	 constraints: 14) hydro power limits					 done
+++++++++++++++++++++++++++++++++++++++++++++++++++++++++++++++++++++++++++++++++++++++++++
Step-4: starting Gurobi solver
Set parameter MIPGap to value 0.015
Gurobi Optimizer version 13.0.2 build v13.0.2rc1 (win64 - Windows 11+.0 (29639.2))

CPU model: 13th Gen Intel(R) Core(TM) i7-13700F, instruction set [SSE2|AVX|AVX2]
Thread count: 16 physical cores, 24 logical processors, using up to 24 threads

Non-default parameters:
MIPGap  0.015

Optimize a model with 33591 rows, 21762 columns and 181400 nonzeros (Min)
Model fingerprint: 0x5e1aae3a
Model has 16275 linear objective coefficients
Variable types: 16616 continuous, 5146 integer (5146 binary)
Coefficient statistics:
  Matrix range     [3e-02, 4e+02]
  Objective range  [1e+00, 1e+15]
  Bounds range     [0e+00, 0e+00]
  RHS range        [8e-03, 4e+02]
Warning: Model contains large objective coefficients
         Consider reformulating model or setting NumericFocus parameter
         to avoid numerical issues.

Presolve removed 13408 rows and 6964 columns
Presolve time: 0.41s
Presolved: 20183 rows, 14798 columns, 90769 nonzeros
Variable types: 10136 continuous, 4662 integer (4662 binary)

Root relaxation: objective 2.313420e+06, 9849 iterations, 0.31 seconds (0.41 work units)

    Nodes    |    Current Node    |     Objective Bounds      |     Work
 Expl Unexpl |  Obj  Depth IntInf | Incumbent    BestBd   Gap | It/Node Time

     0     0 2313419.70    0  169          - 2313419.70      -     -    0s
H    0     0                    6.043142e+15 2313419.70   100%     -    1s
H    0     0                    2.546661e+15 2313419.70   100%     -    1s
H    0     0                    1.816581e+15 2313419.70   100%     -    1s
H    0     0                    8.165813e+14 2313419.70   100%     -    1s
H    0     0                    2.694214e+14 2313432.92   100%     -    1s
     0     0 2313511.79    0  185 2.6942e+14 2313511.79   100%     -    1s
     0     0 2313513.43    0  187 2.6942e+14 2313513.43   100%     -    1s
     0     0 2313513.87    0  186 2.6942e+14 2313513.87   100%     -    1s
     0     0 2313622.69    0  216 2.6942e+14 2313622.69   100%     -    1s
     0     0 2313640.51    0  223 2.6942e+14 2313640.51   100%     -    1s
     0     0 2313641.10    0  225 2.6942e+14 2313641.10   100%     -    1s
H    0     0                    2322541.5046 2313641.10  0.38%     -    2s

Cutting planes:
  Gomory: 12
  Cover: 2
  Implied bound: 25
  MIR: 89
  Flow cover: 34
  RLT: 2
  Relax-and-lift: 3

Explored 1 nodes (10588 simplex iterations) in 2.22 seconds (2.74 work units)
Thread count was 24 (of 24 available processors)

Solution count 6: 2.32254e+06 2.69421e+14 8.16581e+14 ... 6.04314e+15

Optimal solution found (tolerance 1.50e-02)
Best objective 2.322541504591e+06, best bound 2.313641104678e+06, gap 0.3832%

User-callback calls 547, time in user-callback 0.00 sec
Step-5: Gurobi solver finished
+++++++++++++++++++++++++++++++++++++++++++++++++++++++++++++++++++++++++++++++++++++++++++

assert_is_solved_and_feasible(scuc) = nothing
solution_summary(scuc) = solution_summary(; result = 1, verbose = false)
├ solver_name          : Gurobi
├ Termination
│ ├ termination_status : OPTIMAL
│ ├ result_count       : 6
│ ├ raw_status         : Model was solved to optimality (subject to tolerances), and an optimal solution is available.
│ └ objective_bound    : 2.31364e+06
├ Solution (result = 1)
│ ├ primal_status        : FEASIBLE_POINT
│ ├ dual_status          : NO_SOLUTION
│ ├ objective_value      : 2.32254e+06
│ └ relative_gap         : 3.83218e-03
└ Work counters
  ├ solve_time (sec)   : 2.22000e+00
  ├ simplex_iterations : 10588
  ├ barrier_iterations : 0
  └ node_count         : 1


Termination Status: OPTIMAL
Acceptable solution found (Status: OPTIMAL).
Step-6: record datas
PART1: [unit-commitment] calculation result has been saved to: D:/GithubClonefiles/module_unitcommitment/output/details_schedule_results/pcm_simulation_results/intervels_[5]/res_schedule_commitment_result.txt
PART1: [unit-commitment] calculation result has been saved to: D:/GithubClonefiles/module_unitcommitment/output/details_schedule_results/pcm_simulation_results/intervels_[5]/res_schedule_commitment_result.txt
Step-3: Creating dispatching model (Refactored & Modularized)
Set parameter Username
Set parameter LicenseID to value 2826524
Academic license - for non-commercial use only - expires 2027-05-22
Set parameter MIPGap to value 0.015
	 Variables defined.
DEBUG set_objective_economic!: NT=30, NG=54, ND=91, NW=2, NS=1, K=3, size(refcost)=(54,), size(eachslope)=(3, 54)
objective_function
	MILP economic objective set
subject to.
	 constraints: 1) minimum shutup/shutdown time limits			 done
	 constraints: 2) binary variable logic					 done
	 constraints: 3) shutup/shutdown cost					 done
	 constraints: 4) loadcurtailments and spoliedwinds			 done
	 constraints: 5) generatos power limits					 done
	 constraints: 6) system reserves limits					 done
	 constraints: 7) power balance constraints				 done
	 constraints: 8) ramp-up/ramp-down constraints				 done
	 constraints: 9) piece linearization constraints			 done
	 constraints: 10) transmissionline limits skipped (is_NetWorkCon != 1 or Gsdf missing or NL=0)
	 constraints: 11) stroges system constraints skipped (is_ConsiderBESS=0)
	 constraints: 12) data centra constraints skipped (is_ConsiderDataCentra != 1)
	 constraints: 13) frequency control constraints skipped (is_ConsiderFrequencyControl != 1)
	 constraints: 14) hydro power limits					 done
+++++++++++++++++++++++++++++++++++++++++++++++++++++++++++++++++++++++++++++++++++++++++++
Step-4: starting Gurobi solver
Set parameter MIPGap to value 0.015
Gurobi Optimizer version 13.0.2 build v13.0.2rc1 (win64 - Windows 11+.0 (29639.2))

CPU model: 13th Gen Intel(R) Core(TM) i7-13700F, instruction set [SSE2|AVX|AVX2]
Thread count: 16 physical cores, 24 logical processors, using up to 24 threads

Non-default parameters:
MIPGap  0.015

Optimize a model with 32518 rows, 21060 columns and 175577 nonzeros (Min)
Model fingerprint: 0x12da6d35
Model has 15750 linear objective coefficients
Variable types: 16080 continuous, 4980 integer (4980 binary)
Coefficient statistics:
  Matrix range     [3e-02, 4e+02]
  Objective range  [1e+00, 1e+15]
  Bounds range     [0e+00, 0e+00]
  RHS range        [7e-03, 4e+02]
Warning: Model contains large objective coefficients
         Consider reformulating model or setting NumericFocus parameter
         to avoid numerical issues.

Presolve removed 12971 rows and 6752 columns
Presolve time: 0.29s
Presolved: 19547 rows, 14308 columns, 74090 nonzeros
Variable types: 9805 continuous, 4503 integer (4503 binary)

Root relaxation: objective 6.455806e+15, 11123 iterations, 0.23 seconds (0.37 work units)

    Nodes    |    Current Node    |     Objective Bounds      |     Work
 Expl Unexpl |  Obj  Depth IntInf | Incumbent    BestBd   Gap | It/Node Time

     0     0 6.4558e+15    0  464          - 6.4558e+15      -     -    0s
H    0     0                    8.071803e+15 6.4558e+15  20.0%     -    1s
H    0     0                    6.547491e+15 6.4558e+15  1.40%     -    1s

Explored 1 nodes (11154 simplex iterations) in 1.43 seconds (2.76 work units)
Thread count was 24 (of 24 available processors)

Solution count 2: 6.54749e+15 8.0718e+15 

Optimal solution found (tolerance 1.50e-02)
Best objective 6.547490799987e+15, best bound 6.455805897710e+15, gap 1.4003%

User-callback calls 580, time in user-callback 0.00 sec
Step-5: Gurobi solver finished
+++++++++++++++++++++++++++++++++++++++++++++++++++++++++++++++++++++++++++++++++++++++++++

assert_is_solved_and_feasible(scuc) = nothing
solution_summary(scuc) = solution_summary(; result = 1, verbose = false)
├ solver_name          : Gurobi
├ Termination
│ ├ termination_status : OPTIMAL
│ ├ result_count       : 2
│ ├ raw_status         : Model was solved to optimality (subject to tolerances), and an optimal solution is available.
│ └ objective_bound    : 6.45581e+15
├ Solution (result = 1)
│ ├ primal_status        : FEASIBLE_POINT
│ ├ dual_status          : NO_SOLUTION
│ ├ objective_value      : 6.54749e+15
│ └ relative_gap         : 1.40031e-02
└ Work counters
  ├ solve_time (sec)   : 1.43100e+00
  ├ simplex_iterations : 11154
  ├ barrier_iterations : 0
  └ node_count         : 1


Termination Status: OPTIMAL
Acceptable solution found (Status: OPTIMAL).
Step-6: record datas
PART1: [unit-commitment] calculation result has been saved to: D:/GithubClonefiles/module_unitcommitment/output/details_schedule_results/pcm_simulation_results/intervels_[6]/res_schedule_commitment_result.txt
PART1: [unit-commitment] calculation result has been saved to: D:/GithubClonefiles/module_unitcommitment/output/details_schedule_results/pcm_simulation_results/intervels_[6]/res_schedule_commitment_result.txt
Step-3: Creating dispatching model (Refactored & Modularized)
Set parameter Username
Set parameter LicenseID to value 2826524
Academic license - for non-commercial use only - expires 2027-05-22
Set parameter MIPGap to value 0.015
	 Variables defined.
DEBUG set_objective_economic!: NT=24, NG=54, ND=91, NW=2, NS=1, K=3, size(refcost)=(54,), size(eachslope)=(3, 54)
objective_function
	MILP economic objective set
subject to.
	 constraints: 1) minimum shutup/shutdown time limits			 done
	 constraints: 2) binary variable logic					 done
	 constraints: 3) shutup/shutdown cost					 done
	 constraints: 4) loadcurtailments and spoliedwinds			 done
	 constraints: 5) generatos power limits					 done
	 constraints: 6) system reserves limits					 done
	 constraints: 7) power balance constraints				 done
	 constraints: 8) ramp-up/ramp-down constraints				 done
	 constraints: 9) piece linearization constraints			 done
	 constraints: 10) transmissionline limits skipped (is_NetWorkCon != 1 or Gsdf missing or NL=0)
	 constraints: 11) stroges system constraints skipped (is_ConsiderBESS=0)
	 constraints: 12) data centra constraints skipped (is_ConsiderDataCentra != 1)
	 constraints: 13) frequency control constraints skipped (is_ConsiderFrequencyControl != 1)
	 constraints: 14) hydro power limits					 done
+++++++++++++++++++++++++++++++++++++++++++++++++++++++++++++++++++++++++++++++++++++++++++
Step-4: starting Gurobi solver
Set parameter MIPGap to value 0.015
Gurobi Optimizer version 13.0.2 build v13.0.2rc1 (win64 - Windows 11+.0 (29639.2))

CPU model: 13th Gen Intel(R) Core(TM) i7-13700F, instruction set [SSE2|AVX|AVX2]
Thread count: 16 physical cores, 24 logical processors, using up to 24 threads

Non-default parameters:
MIPGap  0.015

Optimize a model with 25955 rows, 16848 columns and 139823 nonzeros (Min)
Model fingerprint: 0x6751493d
Model has 12600 linear objective coefficients
Variable types: 12864 continuous, 3984 integer (3984 binary)
Coefficient statistics:
  Matrix range     [3e-02, 4e+02]
  Objective range  [1e+00, 1e+15]
  Bounds range     [0e+00, 0e+00]
  RHS range        [7e-03, 4e+02]
Warning: Model contains large objective coefficients
         Consider reformulating model or setting NumericFocus parameter
         to avoid numerical issues.

Presolve removed 10621 rows and 5497 columns
Presolve time: 0.24s
Presolved: 15334 rows, 11351 columns, 58281 nonzeros
Variable types: 7847 continuous, 3504 integer (3504 binary)

Root relaxation: objective 1.749458e+06, 6881 iterations, 0.15 seconds (0.22 work units)

    Nodes    |    Current Node    |     Objective Bounds      |     Work
 Expl Unexpl |  Obj  Depth IntInf | Incumbent    BestBd   Gap | It/Node Time

     0     0 1749458.04    0  277          - 1749458.04      -     -    0s
H    0     0                    1971139.1903 1749458.04  11.2%     -    0s
H    0     0                    1880135.3808 1749458.04  6.95%     -    0s
     0     0 1751348.82    0  258 1880135.38 1751348.82  6.85%     -    0s
     0     0 1751376.54    0  239 1880135.38 1751376.54  6.85%     -    1s
     0     0 1751377.04    0  239 1880135.38 1751377.04  6.85%     -    1s
     0     0 1753902.39    0  278 1880135.38 1753902.39  6.71%     -    1s
     0     0 1753922.22    0  257 1880135.38 1753922.22  6.71%     -    1s
     0     0 1753932.71    0  258 1880135.38 1753932.71  6.71%     -    1s
H    0     0                    1879561.6974 1753932.71  6.68%     -    1s
     0     0 1753932.71    0  258 1879561.70 1753932.71  6.68%     -    1s
H    0     0                    1783025.7967 1753932.71  1.63%     -    1s
H    0     0                    1778480.3493 1753932.71  1.38%     -    1s

Cutting planes:
  Gomory: 44
  Cover: 3
  Implied bound: 176
  MIR: 130
  Flow cover: 112
  Network: 2
  RLT: 45
  Relax-and-lift: 62
  BQP: 3

Explored 1 nodes (8807 simplex iterations) in 1.70 seconds (2.23 work units)
Thread count was 24 (of 24 available processors)

Solution count 5: 1.77848e+06 1.78303e+06 1.87956e+06 ... 1.97114e+06

Optimal solution found (tolerance 1.50e-02)
Best objective 1.778480349348e+06, best bound 1.755149968708e+06, gap 1.3118%

User-callback calls 404, time in user-callback 0.00 sec
Step-5: Gurobi solver finished
+++++++++++++++++++++++++++++++++++++++++++++++++++++++++++++++++++++++++++++++++++++++++++

assert_is_solved_and_feasible(scuc) = nothing
solution_summary(scuc) = solution_summary(; result = 1, verbose = false)
├ solver_name          : Gurobi
├ Termination
│ ├ termination_status : OPTIMAL
│ ├ result_count       : 5
│ ├ raw_status         : Model was solved to optimality (subject to tolerances), and an optimal solution is available.
│ └ objective_bound    : 1.75515e+06
├ Solution (result = 1)
│ ├ primal_status        : FEASIBLE_POINT
│ ├ dual_status          : NO_SOLUTION
│ ├ objective_value      : 1.77848e+06
│ └ relative_gap         : 1.31182e-02
└ Work counters
  ├ solve_time (sec)   : 1.71000e+00
  ├ simplex_iterations : 8807
  ├ barrier_iterations : 0
  └ node_count         : 1


Termination Status: OPTIMAL
Acceptable solution found (Status: OPTIMAL).
Step-6: record datas
PART1: [unit-commitment] calculation result has been saved to: D:/GithubClonefiles/module_unitcommitment/output/details_schedule_results/pcm_simulation_results/intervels_[7]/res_schedule_commitment_result.txt
PART1: [unit-commitment] calculation result has been saved to: D:/GithubClonefiles/module_unitcommitment/output/details_schedule_results/pcm_simulation_results/intervels_[7]/res_schedule_commitment_result.txt
================================================================================
CRITERIA COMBINATION SUMMARY
8×20 DataFrame
 Row │ Mode              UseSteady  UseUnitDwell  UseRamp  TotalCost_USD  StartupShutdownCost_USD  FuelCost_USD  LoadShedding_MWh  WindCurtailment_MWh  WallTime_sec  SubproblemSolveTime_sec  JuliaAllocated_MB  AvgOverlap_h  MaxOverlap_h  MinOverlap_h  LimitingFactorCounts               CostGap_vs_All_pct  SolveTimeDelta_vs_NoOverlap_sec  CalibrationTime_excluded_sec  ReferenceTime_excluded_sec
     │ String            Bool       Bool          Bool     Float64        Float64                  Float64       Float64           Float64              Float64       Float64                  Float64            Float64       Int64         Int64         String                             Float64             Float64                          Float64                       Float64
─────┼───────────────────────────────────────────────────────────────────────────────────────────────────────────────────────────────────────────────────────────────────────────────────────────────────────────────────────────────────────────────────────────────────────────────────────────────────────────────────────────────────────────────────────────────────────────────────────────────────────
   1 │ NoOverlap             false         false    false      1.40358e7                  28370.0     1.40067e7           6.45581             1.50463        21.8931                   21.284            9525.51       0.0                 0             0  none=7                                         0.3045                            0.0                         236.795                     46.4192
   2 │ SteadyOnly             true         false    false      1.39962e7                  29156.0     1.39662e7           6.45581             0.569873       33.278                    33.245           13453.2        4.57143             7             0  steady=7                                       0.0214                           11.961                       236.795                     46.4192
   3 │ UnitOnly              false          true    false      1.40345e7                  29580.0     1.40042e7           6.45581             1.63987        26.257                    26.221           13337.9        4.42857             7             0  none=1; unit_dwell=6                           0.2955                            4.937                       236.795                     46.4192
   4 │ RampOnly              false         false     true      1.41167e7                  28158.0     1.40878e7           6.45581             0.0            18.7086                   18.699           11728.8        2.71429             4             0  none=1; ramp=6                                 0.883                            -2.585                       236.795                     46.4192
   5 │ Steady+Unit            true          true    false      1.39932e7                  28616.0     1.39638e7           6.54749             0.410996       18.5211                   18.513           14271.9        5.42857             7             0  steady=4; steady+unit_dwell=1; u…              0.0                              -2.771                       236.795                     46.4192
   6 │ Steady+Ramp            true         false     true      1.39962e7                  29156.0     1.39662e7           6.45581             0.569873       19.9123                   19.905           13453.2        4.57143             7             0  steady=7                                       0.0214                           -1.379                       236.795                     46.4192
   7 │ Unit+Ramp             false          true     true      1.40082e7                  26360.0     1.3981e7            6.45581             1.83987        19.5035                   19.495           13597.1        4.71429             7             0  ramp=1; unit_dwell=6                           0.1072                           -1.789                       236.795                     46.4192
   8 │ Steady+Unit+Ramp       true          true     true      1.39932e7                  28616.0     1.39638e7           6.54749             0.410996       18.0989                   18.091           14271.9        5.42857             7             0  steady=4; steady+unit_dwell=1; u…              0.0                              -3.193                       236.795                     46.4192
Calibration time excluded: 236.7951648
Reference time excluded: 46.419164900000006
Summary CSV: D:\GithubClonefiles\module_unitcommitment\output\details_schedule_results\adaptive_pcm_simulation_results\criteria_combination_performance.csv
Interval CSV: D:\GithubClonefiles\module_unitcommitment\output\details_schedule_results\adaptive_pcm_simulation_results\criteria_combination_intervals.csv
